run_id,seq,timestamp,elapsed_s,phase_elapsed_s,phase,sensor_uptime_s,loop_interval_s,loop_duration_s,schedule_lag_s,pump_command,external_pump_state,external_pump_source,temperature_c,humidity_pct,pressure_hpa,gas_resistance_ohm,gas_valid,heater_stable,new_data,bme_status_bits,bme_meas_index,bme_gas_index,bme_res_heat,bme_idac,bme_gas_wait,bme_read_started_at,bme_read_elapsed_s,bme_read_duration_s,bme_status,bme_error,bme_fresh,mq135_read_started_at,mq135_read_elapsed_s,mq135_read_duration_s,mq135_status,mq135_error,mq135_fresh,mq135_adc_count,mq135_voltage_v,mq135_ao_voltage_v,mq3_read_started_at,mq3_read_elapsed_s,mq3_read_duration_s,mq3_status,mq3_error,mq3_fresh,mq3_adc_count,mq3_voltage_v,mq3_ao_voltage_v
4793290d6ecf45aaad5326541298bf5f,1,2026-10-03T15:49:17.257845+07:00,0.04626370799996948,0.04626370799996948,MONITOR,0.19293071999982203,,0.25468070700026146,2.348099951632321e-05,DISABLED,unknown,not_reported,37.74958038330078,57.01769256591797,1009.0525,50662.97265625,True,False,True,160,0,0,109,158,101,2026-10-03T15:49:17.257922+07:00,0.04634772500048712,0.18589782300023217,OK,,True,2026-10-03T15:49:17.443832+07:00,0.23225384400029725,0.03515541500019026,OK,,True,1406,0.17575000000000002,,2026-10-03T15:49:17.478994+07:00,0.26741616600065754,0.03350930499982496,OK,,True,2629,0.328625,
4793290d6ecf45aaad5326541298bf5f,2,2026-10-03T15:49:18.257918+07:00,1.0463331130004008,1.0463331130004008,MONITOR,1.1930001250002533,1.0000694050004313,0.25606280400006654,9.288599994761171e-05,DISABLED,unknown,not_reported,37.86697769165039,56.92582702636719,1009.044140625,5684.84619140625,True,True,True,176,0,0,109,178,101,2026-10-03T15:49:18.258008+07:00,1.0464307230004124,0.1892837839995991,OK,,True,2026-10-03T15:49:18.447310+07:00,1.2357285810003305,0.033653581000180566,OK,,True,1407,0.175875,,2026-10-03T15:49:18.480969+07:00,1.26939079100066,0.03298990399980539,OK,,True,2641,0.330125,
4793290d6ecf45aaad5326541298bf5f,3,2026-10-03T15:49:19.257923+07:00,2.0463388440002745,2.0463388440002745,MONITOR,2.193005856000127,1.0000057309998738,0.25190137600020535,9.861699982138816e-05,DISABLED,unknown,not_reported,38.011810302734375,56.734745025634766,1009.100625,6207.5654296875,True,True,True,176,0,0,109,177,101,2026-10-03T15:49:19.258021+07:00,2.0464461390001816,0.18584203200043703,OK,,True,2026-10-03T15:49:19.443881+07:00,2.232303041000705,0.033049810999727924,OK,,True,1411,0.176375,,2026-10-03T15:49:19.476936+07:00,2.2653594630000953,0.03287157200065849,OK,,True,2657,0.332125,
4793290d6ecf45aaad5326541298bf5f,4,2026-10-03T15:49:20.257912+07:00,3.0463281620004636,3.0463281620004636,MONITOR,3.192995174000316,0.9999893180001891,0.2518551379998826,8.793500001047505e-05,DISABLED,unknown,not_reported,38.06221389770508,56.50987243652344,1009.086328125,7380.07373046875,True,True,True,176,0,0,109,178,101,2026-10-03T15:49:20.257992+07:00,3.0464178270003686,0.18584251500033133,OK,,True,2026-10-03T15:49:20.443848+07:00,3.232270212000003,0.033019088999935775,OK,,True,1413,0.176625,,2026-10-03T15:49:20.476869+07:00,3.26529313500032,0.03288005400008842,OK,,True,2660,0.3325,
4793290d6ecf45aaad5326541298bf5f,5,2026-10-03T15:49:21.257933+07:00,4.046343916000296,4.046343916000296,MONITOR,4.193010928000149,1.0000157539998327,0.2643964730004882,0.00010368899984314339,DISABLED,unknown,not_reported,38.09284210205078,56.301551818847656,1009.0675,8893.830078125,True,True,True,176,0,0,109,178,101,2026-10-03T15:49:21.258052+07:00,4.046477376999974,0.1905098690003797,OK,,True,2026-10-03T15:49:21.448583+07:00,4.237002135000694,0.03699435699945752,OK,,True,1416,0.177,,2026-10-03T15:49:21.485584+07:00,4.274005770000258,0.03671621200010122,OK,,True,2673,0.334125,
4793290d6ecf45aaad5326541298bf5f,6,2026-10-03T15:49:22.257971+07:00,5.046377403000406,5.046377403000406,MONITOR,5.193044415000259,1.0000334870001097,0.2575392059998194,0.00013717599995288765,DISABLED,unknown,not_reported,38.114532470703125,56.14362716674805,1009.08890625,10495.244140625,True,True,True,176,0,0,109,178,101,2026-10-03T15:49:22.258128+07:00,5.046552401000554,0.19022422599937272,OK,,True,2026-10-03T15:49:22.448372+07:00,5.23679216400069,0.03422090899948671,OK,,True,1414,0.17675,,2026-10-03T15:49:22.482595+07:00,5.27101807300005,0.03288844400049129,OK,,True,2656,0.332,
4793290d6ecf45aaad5326541298bf5f,7,2026-10-03T15:49:23.257909+07:00,6.046324181000273,6.046324181000273,MONITOR,6.192991193000125,0.9999467779998668,0.2538499190004586,8.395399981964147e-05,DISABLED,unknown,not_reported,38.13750076293945,56.005340576171875,1009.09203125,12568.7353515625,True,True,True,176,0,0,109,178,101,2026-10-03T15:49:23.257990+07:00,6.04641608700058,0.18584124300014082,OK,,True,2026-10-03T15:49:23.443846+07:00,6.232267460000003,0.03392430200074159,OK,,True,1417,0.177125,,2026-10-03T15:49:23.477779+07:00,6.266198743000132,0.03395967200049199,OK,,True,2646,0.33075,
4793290d6ecf45aaad5326541298bf5f,8,2026-10-03T15:49:24.257913+07:00,7.046326876000421,7.046326876000421,MONITOR,7.192993888000274,1.0000026950001484,0.2523217919997478,8.664899996801978e-05,DISABLED,unknown,not_reported,38.15345001220703,55.88539123535156,1009.028515625,14578.587890625,True,True,True,176,0,0,109,178,101,2026-10-03T15:49:24.257986+07:00,7.046412319999945,0.1858262450004986,OK,,True,2026-10-03T15:49:24.443825+07:00,7.232247232000191,0.03340090100027737,OK,,True,1417,0.177125,,2026-10-03T15:49:24.477233+07:00,7.2656543000002785,0.03298596100012219,OK,,True,2659,0.33237500000000003,
4793290d6ecf45aaad5326541298bf5f,9,2026-10-03T15:49:25.257905+07:00,8.046321472000272,8.046321472000272,MONITOR,8.192988484000125,0.9999945959998513,0.2521609269997498,8.124499981931876e-05,DISABLED,unknown,not_reported,38.170040130615234,55.79134750366211,1009.02796875,16597.509765625,True,True,True,176,0,0,109,178,101,2026-10-03T15:49:25.257990+07:00,8.046416045000115,0.18584069200005615,OK,,True,2026-10-03T15:49:25.443844+07:00,8.23226644100032,0.033195015000274,OK,,True,1429,0.178625,,2026-10-03T15:49:25.477043+07:00,8.265466437000214,0.03300498000044172,OK,,True,2657,0.332125,
4793290d6ecf45aaad5326541298bf5f,10,2026-10-03T15:49:26.257904+07:00,9.046322283000336,9.046322283000336,MONITOR,9.192989295000189,1.0000008110000635,0.2519604310000432,8.205599988286849e-05,DISABLED,unknown,not_reported,38.180885314941406,55.72864532470703,1009.06625,18724.400390625,True,True,True,176,0,0,109,178,101,2026-10-03T15:49:26.257975+07:00,9.046401522999986,0.18581163799990463,OK,,True,2026-10-03T15:49:26.443799+07:00,9.232221309000124,0.03314140500060603,OK,,True,1413,0.176625,,2026-10-03T15:49:26.476945+07:00,9.265368436000244,0.03290416700019705,OK,,True,2667,0.33337500000000003,
4793290d6ecf45aaad5326541298bf5f,11,2026-10-03T15:49:27.257945+07:00,10.046359141000721,10.046359141000721,MONITOR,10.193026153000574,1.000036858000385,0.2583766179996019,0.00011891400026797783,DISABLED,unknown,not_reported,38.1898193359375,55.65922927856445,1009.05328125,20887.728515625,True,True,True,176,0,0,109,178,101,2026-10-03T15:49:27.258033+07:00,10.046458918000098,0.1858158810000532,OK,,True,2026-10-03T15:49:27.443861+07:00,10.23228357700009,0.035225806000198645,OK,,True,1401,0.175125,,2026-10-03T15:49:27.479100+07:00,10.26751953100029,0.037194153999735136,OK,,True,2663,0.33287500000000003,
4793290d6ecf45aaad5326541298bf5f,12,2026-10-03T15:49:28.257989+07:00,11.046396491999985,11.046396491999985,MONITOR,11.193063503999838,1.0000373509992642,0.25689678600065236,0.0001562649995321408,DISABLED,on,user_reported,38.19620132446289,55.615169525146484,1009.036171875,23581.4296875,True,True,True,176,0,0,109,178,101,2026-10-03T15:49:28.258107+07:00,11.046532324000509,0.1890218079997794,OK,,True,2026-10-03T15:49:28.447148+07:00,11.235568353999952,0.03482960800010915,OK,,True,1411,0.176375,,2026-10-03T15:49:28.481980+07:00,11.270403111000633,0.03288035300010961,OK,,True,2658,0.33225,
4793290d6ecf45aaad5326541298bf5f,13,2026-10-03T15:49:29.257907+07:00,12.04632380000021,12.04632380000021,MONITOR,12.192990812000062,0.999927308000224,0.2546977040001366,8.357299975614296e-05,DISABLED,on,user_reported,38.20066452026367,55.570838928222656,1009.057109375,25806.451171875,True,True,True,176,0,0,109,178,101,2026-10-03T15:49:29.258004+07:00,12.046430687000793,0.18729292399984843,OK,,True,2026-10-03T15:49:29.445314+07:00,12.233734555999945,0.034395891000713164,OK,,True,1412,0.1765,,2026-10-03T15:49:29.479714+07:00,12.268136595000215,0.03287470499981282,OK,,True,2658,0.33225,
4793290d6ecf45aaad5326541298bf5f,14,2026-10-03T15:49:30.257916+07:00,13.046331247000126,13.046331247000126,MONITOR,13.192998258999978,1.0000074469999163,0.2532012060000852,9.101999967242591e-05,DISABLED,on,user_reported,38.212791442871094,55.5212516784668,1009.063046875,27935.3984375,True,True,True,176,0,0,109,178,101,2026-10-03T15:49:30.257998+07:00,13.046424154000306,0.18582227600018086,OK,,True,2026-10-03T15:49:30.443832+07:00,13.232254486000784,0.03395795199958229,OK,,True,1408,0.176,,2026-10-03T15:49:30.477796+07:00,13.266218419000325,0.03330325699971581,OK,,True,2659,0.33237500000000003,
4793290d6ecf45aaad5326541298bf5f,15,2026-10-03T15:49:31.257913+07:00,14.046329706000506,14.046329706000506,MONITOR,14.192996718000359,0.9999984590003805,0.25533742500010703,8.947900005296106e-05,DISABLED,on,user_reported,38.217254638671875,55.496212005615234,1009.049765625,30103.48046875,True,True,True,176,0,0,109,178,101,2026-10-03T15:49:31.257985+07:00,14.04641102000005,0.1869633390006129,OK,,True,2026-10-03T15:49:31.444962+07:00,14.233384396000474,0.03512593899995409,OK,,True,1410,0.17625,,2026-10-03T15:49:31.480094+07:00,14.268516650000493,0.0331398509997598,OK,,True,2661,0.332625,
4793290d6ecf45aaad5326541298bf5f,16,2026-10-03T15:49:32.257914+07:00,15.04633047200059,15.04633047200059,MONITOR,15.192997484000443,1.0000007660000847,0.2539151109995146,9.024500013765646e-05,DISABLED,on,user_reported,38.223636627197266,55.477901458740234,1009.03265625,32561.689453125,True,True,True,176,0,0,109,177,101,2026-10-03T15:49:32.257993+07:00,15.046419101000538,0.18585379900014232,OK,,True,2026-10-03T15:49:32.443861+07:00,15.232282325000597,0.033132593000118504,OK,,True,1409,0.176125,,2026-10-03T15:49:32.476998+07:00,15.265420436000568,0.034810850999747345,OK,,True,2659,0.33237500000000003,
4793290d6ecf45aaad5326541298bf5f,17,2026-10-03T15:49:33.257918+07:00,16.046333953000612,16.046333953000612,MONITOR,16.193000965000465,1.0000034810000216,0.25774043899946264,9.372600015922217e-05,DISABLED,on,user_reported,38.232566833496094,55.447120666503906,1009.040234375,34151.546875,True,True,True,176,0,0,109,178,101,2026-10-03T15:49:33.258003+07:00,16.04642898900056,0.18584039399956964,OK,,True,2026-10-03T15:49:33.443856+07:00,16.232278808000046,0.03447967000010976,OK,,True,1414,0.17675,,2026-10-03T15:49:33.478350+07:00,16.26676975600003,0.03728471000067657,OK,,True,2665,0.333125,
4793290d6ecf45aaad5326541298bf5f,18,2026-10-03T15:49:34.257926+07:00,17.046341575000042,17.046341575000042,MONITOR,17.193008586999895,1.0000076219994298,0.2557932420004363,0.00010134799958905205,DISABLED,on,user_reported,38.23830795288086,55.42871856689453,1009.0221875,36240.08984375,True,True,True,176,0,0,109,178,101,2026-10-03T15:49:34.258007+07:00,17.046433740000793,0.18580441499943845,OK,,True,2026-10-03T15:49:34.443823+07:00,17.232246135999958,0.03579004400035046,OK,,True,1408,0.176,,2026-10-03T15:49:34.479621+07:00,17.26804319800067,0.034078840999427484,OK,,True,2648,0.331,
4793290d6ecf45aaad5326541298bf5f,19,2026-10-03T15:49:35.257914+07:00,18.046330226000464,18.046330226000464,MONITOR,18.192997238000316,0.9999886510004217,0.2531459609999729,8.999900001072092e-05,DISABLED,on,user_reported,38.24150085449219,55.39064407348633,1009.006796875,38740.921875,True,True,True,176,0,0,109,177,101,2026-10-03T15:49:35.257997+07:00,18.046423761999904,0.18581810100022267,OK,,True,2026-10-03T15:49:35.443828+07:00,18.232249863000106,0.033185889000378666,OK,,True,1426,0.17825,,2026-10-03T15:49:35.477019+07:00,18.265441364000253,0.034019749000435695,OK,,True,2654,0.33175,
4793290d6ecf45aaad5326541298bf5f,20,2026-10-03T15:49:36.257919+07:00,19.046336129000338,19.046336129000338,MONITOR,19.19300314100019,1.0000059029998738,0.25419972899999266,9.590199988451786e-05,DISABLED,on,user_reported,38.24851989746094,55.36601257324219,1009.03859375,40125.390625,True,True,True,176,0,0,109,177,101,2026-10-03T15:49:36.257994+07:00,19.046420239000327,0.1858066040003905,OK,,True,2026-10-03T15:49:36.443812+07:00,19.232234324000274,0.03272400599962566,OK,,True,1440,0.18,,2026-10-03T15:49:36.476542+07:00,19.26496462600062,0.035560194999561645,OK,,True,2642,0.33025,
4793290d6ecf45aaad5326541298bf5f,21,2026-10-03T15:49:37.257910+07:00,20.046326135000527,20.046326135000527,MONITOR,20.19299314700038,0.9999900060001892,0.2555222169994522,8.590800007368671e-05,DISABLED,on,user_reported,38.25234603881836,55.36659240722656,1009.04484375,41898.52734375,True,True,True,176,0,0,109,177,101,2026-10-03T15:49:37.257989+07:00,20.046415486000114,0.1858144389998415,OK,,True,2026-10-03T15:49:37.443816+07:00,20.232238332000634,0.03597124599946255,OK,,True,1425,0.178125,,2026-10-03T15:49:37.479792+07:00,20.26821496699995,0.033618755000134115,OK,,True,2653,0.331625,
4793290d6ecf45aaad5326541298bf5f,22,2026-10-03T15:49:38.257911+07:00,21.04632804100038,21.04632804100038,MONITOR,21.19299505300023,1.0000019059998522,0.25252414399983536,8.781399992585648e-05,DISABLED,on,user_reported,38.25809097290039,55.34819030761719,1009.047421875,43745.7265625,True,True,True,176,0,0,109,177,101,2026-10-03T15:49:38.257990+07:00,21.046416466000665,0.18580940399988322,OK,,True,2026-10-03T15:49:38.443811+07:00,21.23223357400002,0.033097798000198964,OK,,True,1418,0.17725,,2026-10-03T15:49:38.476909+07:00,21.26533452000058,0.03350403500007815,OK,,True,2662,0.33275,
4793290d6ecf45aaad5326541298bf5f,23,2026-10-03T15:49:39.257945+07:00,22.046362271999897,22.046362271999897,MONITOR,22.19302928399975,1.0000342309995176,0.253979982000601,0.00012204499944346026,DISABLED,on,user_reported,38.263832092285156,55.34264373779297,1009.049765625,45373.98046875,True,True,True,176,0,0,109,177,101,2026-10-03T15:49:39.258020+07:00,22.046446160000414,0.18580812900017918,OK,,True,2026-10-03T15:49:39.443839+07:00,22.23226126999998,0.03296978200069134,OK,,True,1420,0.1775,,2026-10-03T15:49:39.476808+07:00,22.26523403400006,0.03509405300064827,OK,,True,2660,0.3325,
4793290d6ecf45aaad5326541298bf5f,24,2026-10-03T15:49:40.257957+07:00,23.046370552000553,23.046370552000553,MONITOR,23.193037564000406,1.0000082800006567,0.2527979050000795,0.00013032500010012882,DISABLED,on,user_reported,38.265106201171875,55.329986572265625,1009.024453125,48365.765625,True,True,True,176,0,0,109,177,101,2026-10-03T15:49:40.258042+07:00,23.046468773000015,0.18582698200043524,OK,,True,2026-10-03T15:49:40.443882+07:00,23.232304774000113,0.0342686740004865,OK,,True,1410,0.17625,,2026-10-03T15:49:40.478160+07:00,23.266581855999902,0.03257141600079194,OK,,True,2647,0.33087500000000003,
4793290d6ecf45aaad5326541298bf5f,25,2026-10-03T15:49:41.257913+07:00,24.046328768999956,24.046328768999956,MONITOR,24.19299578099981,0.9999582169994028,0.2534791040006894,8.854199950292241e-05,DISABLED,on,user_reported,38.279781341552734,55.306514739990234,1009.05515625,49373.19140625,True,True,True,176,0,0,109,178,101,2026-10-03T15:49:41.257996+07:00,24.04642254600003,0.18580583600032696,OK,,True,2026-10-03T15:49:41.443814+07:00,24.232236567000655,0.03308454099988012,OK,,True,1418,0.17725,,2026-10-03T15:49:41.476899+07:00,24.265324274000704,0.03447191399936855,OK,,True,2664,0.333,
4793290d6ecf45aaad5326541298bf5f,26,2026-10-03T15:49:42.257911+07:00,25.046326237000358,25.046326237000358,MONITOR,25.19299324900021,0.9999974680004016,0.2517609790002098,8.600999990449054e-05,DISABLED,on,user_reported,38.273399353027344,55.29913330078125,1009.037890625,51333.46875,True,True,True,176,0,0,109,177,101,2026-10-03T15:49:42.257996+07:00,25.046421959000327,0.18579624500034697,OK,,True,2026-10-03T15:49:42.443801+07:00,25.232223926000188,0.032978783000544354,OK,,True,1415,0.176875,,2026-10-03T15:49:42.476782+07:00,25.26520702400012,0.03287119200012967,OK,,True,2664,0.333,
4793290d6ecf45aaad5326541298bf5f,27,2026-10-03T15:49:43.257906+07:00,26.046324105000167,26.046324105000167,MONITOR,26.19299111700002,0.9999978679998094,0.2516789820001577,8.387799971387722e-05,DISABLED,on,user_reported,38.28233337402344,55.29405975341797,1009.052421875,52664.0625,True,True,True,176,0,0,109,177,101,2026-10-03T15:49:43.257980+07:00,26.04640662300062,0.1858011730000726,OK,,True,2026-10-03T15:49:43.443793+07:00,26.23221537000063,0.03294215499954589,OK,,True,1417,0.177125,,2026-10-03T15:49:43.476735+07:00,26.265160654000283,0.03283380399989255,OK,,True,2666,0.33325,
4793290d6ecf45aaad5326541298bf5f,28,2026-10-03T15:49:44.257951+07:00,27.046359243000552,27.046359243000552,MONITOR,27.193026255000404,1.000035138000385,0.2625719689995094,0.00011901600009878166,DISABLED,on,user_reported,38.28807830810547,55.27566146850586,1009.06171875,53962.90234375,True,True,True,176,0,0,109,178,101,2026-10-03T15:49:44.258094+07:00,27.04651883400038,0.1917342730002929,OK,,True,2026-10-03T15:49:44.449850+07:00,27.238268828999935,0.035471310000502854,OK,,True,1432,0.179,,2026-10-03T15:49:44.485326+07:00,27.273748584000714,0.03516194299936615,OK,,True,2681,0.335125,
4793290d6ecf45aaad5326541298bf5f,29,2026-10-03T15:49:45.257949+07:00,28.04636231800032,28.04636231800032,MONITOR,28.193029330000172,1.0000030749997677,0.2519310770003358,0.00012209099986648653,DISABLED,on,user_reported,38.28998947143555,55.28237533569336,1009.092109375,55688.4921875,True,True,True,176,0,0,109,177,101,2026-10-03T15:49:45.258041+07:00,28.04646733500067,0.18581436199929158,OK,,True,2026-10-03T15:49:45.443867+07:00,28.23228997500064,0.03314070799933688,OK,,True,1416,0.177,,2026-10-03T15:49:45.477010+07:00,28.26543473900074,0.032848414999534725,OK,,True,2666,0.33325,
4793290d6ecf45aaad5326541298bf5f,30,2026-10-03T15:49:46.257914+07:00,29.046329570000125,29.046329570000125,MONITOR,29.192996581999978,0.9999672519998057,0.2520381519998409,8.934299967222614e-05,DISABLED,on,user_reported,38.293819427490234,55.263702392578125,1009.036640625,56838.3671875,True,True,True,176,0,0,109,178,101,2026-10-03T15:49:46.257998+07:00,29.046424271999967,0.1858153470002435,OK,,True,2026-10-03T15:49:46.443826+07:00,29.232247952000762,0.033174356000017724,OK,,True,1413,0.176625,,2026-10-03T15:49:46.477005+07:00,29.265427641000315,0.03293015600047511,OK,,True,2663,0.33287500000000003,
4793290d6ecf45aaad5326541298bf5f,31,2026-10-03T15:49:47.257935+07:00,30.046349277000445,30.046349277000445,MONITOR,30.193016289000298,1.0000197070003196,0.2517558809995535,0.00010904999999183929,DISABLED,on,user_reported,38.299560546875,55.258148193359375,1009.0459375,58394.16015625,True,True,True,176,0,0,109,177,101,2026-10-03T15:49:47.258017+07:00,30.046443220000583,0.18580334799935372,OK,,True,2026-10-03T15:49:47.443832+07:00,30.232254883000678,0.032988043999466754,OK,,True,1416,0.177,,2026-10-03T15:49:47.476821+07:00,30.26524664899989,0.03284950900069816,OK,,True,2662,0.33275,
4793290d6ecf45aaad5326541298bf5f,32,2026-10-03T15:49:48.257909+07:00,31.046325162000358,31.046325162000358,MONITOR,31.19299217400021,0.9999758849999125,0.25176206800006184,8.493499990436248e-05,DISABLED,on,user_reported,38.304664611816406,55.25249481201172,1009.03375,59493.375,True,True,True,176,0,0,109,178,101,2026-10-03T15:49:48.257983+07:00,31.04640830900007,0.18580705400017905,OK,,True,2026-10-03T15:49:48.443801+07:00,31.232223548000547,0.03296234099980211,OK,,True,1458,0.18225,,2026-10-03T15:49:48.476763+07:00,31.265188907000265,0.032889748999878066,OK,,True,2697,0.337125,
4793290d6ecf45aaad5326541298bf5f,33,2026-10-03T15:49:49.257921+07:00,32.046337724000296,32.046337724000296,MONITOR,32.19300473600015,1.000012561999938,0.2519190319999325,9.749699984240578e-05,DISABLED,on,user_reported,38.30721664428711,55.2464599609375,1009.0515625,61553.2578125,True,True,True,176,0,0,109,177,101,2026-10-03T15:49:49.257995+07:00,32.046420962999946,0.18579927900009352,OK,,True,2026-10-03T15:49:49.443806+07:00,32.23222876,0.033170635000715265,OK,,True,1465,0.183125,,2026-10-03T15:49:49.476977+07:00,32.26540245100023,0.032844174999809184,OK,,True,2698,0.33725,
4793290d6ecf45aaad5326541298bf5f,34,2026-10-03T15:49:50.261830+07:00,33.05023332500059,33.05023332500059,MONITOR,33.19690033700044,1.0038956010002948,0.2577338940000118,0.003993098000137252,DISABLED,on,user_reported,38.30594253540039,55.220584869384766,1007.0603125,61686.74609375,True,True,True,176,0,0,109,177,101,2026-10-03T15:49:50.262006+07:00,33.050430194,0.18838221300029545,OK,,True,2026-10-03T15:49:50.450402+07:00,33.2388226840003,0.034672878000492346,OK,,True,1463,0.182875,,2026-10-03T15:49:50.485085+07:00,33.27350571000079,0.034439305999512726,OK,,True,2695,0.336875,
4793290d6ecf45aaad5326541298bf5f,35,2026-10-03T15:49:51.258064+07:00,34.046472489000735,34.046472489000735,MONITOR,34.19313950100059,0.9962391640001442,0.2642223399998329,0.00023226200028148014,DISABLED,on,user_reported,38.347415924072266,55.1883430480957,1006.97640625,63713.2890625,True,True,True,176,0,0,109,177,101,2026-10-03T15:49:51.258207+07:00,34.04663213599997,0.19157164100033697,OK,,True,2026-10-03T15:49:51.449803+07:00,34.23822172100063,0.03542064700013725,OK,,True,1460,0.1825,,2026-10-03T15:49:51.485227+07:00,34.2736506830006,0.037024294999355334,OK,,True,2692,0.3365,
4793290d6ecf45aaad5326541298bf5f,36,2026-10-03T15:49:52.257923+07:00,35.0463406960007,35.0463406960007,MONITOR,35.19300770800055,0.9998682069999631,0.2517150979992948,0.00010046900024462957,DISABLED,on,user_reported,38.35124206542969,55.00926971435547,1007.02375,64974.62109375,True,True,True,176,0,0,109,177,101,2026-10-03T15:49:52.257991+07:00,35.04641775100026,0.18581335799990484,OK,,True,2026-10-03T15:49:52.443817+07:00,35.232239515999936,0.032960750000711414,OK,,True,1454,0.18175,,2026-10-03T15:49:52.476777+07:00,35.26520319100018,0.03282988099999784,OK,,True,2677,0.334625,
4793290d6ecf45aaad5326541298bf5f,37,2026-10-03T15:49:53.257912+07:00,36.046327986000506,36.046327986000506,MONITOR,36.19299499800036,0.9999872899998081,0.2516924530000324,8.775900005275616e-05,DISABLED,on,user_reported,38.35762405395508,54.75386047363281,1006.944921875,65573.7734375,True,True,True,176,0,0,109,177,101,2026-10-03T15:49:53.257982+07:00,36.046408447999966,0.1858123230003912,OK,,True,2026-10-03T15:49:53.443805+07:00,36.232228345000294,0.032949379999990924,OK,,True,1452,0.1815,,2026-10-03T15:49:53.476755+07:00,36.26518055800079,0.03283097399980761,OK,,True,2676,0.3345,
4793290d6ecf45aaad5326541298bf5f,38,2026-10-03T15:49:54.257914+07:00,37.04633160100002,37.04633160100002,MONITOR,37.19299861299987,1.000003614999514,0.2517472330000601,9.137399956671288e-05,DISABLED,on,user_reported,38.35187911987305,54.45217514038086,1006.95609375,68030.828125,True,True,True,176,0,0,109,177,101,2026-10-03T15:49:54.257983+07:00,37.04640961900077,0.18581302799975674,OK,,True,2026-10-03T15:49:54.443808+07:00,37.23223079500076,0.03299039800003811,OK,,True,1464,0.183,,2026-10-03T15:49:54.476800+07:00,37.26522484199995,0.03284465900014766,OK,,True,2670,0.33375,
4793290d6ecf45aaad5326541298bf5f,39,2026-10-03T15:49:55.257910+07:00,38.046328041999914,38.046328041999914,MONITOR,38.192995053999766,0.9999964409998938,0.2554113780006446,8.781499946053373e-05,DISABLED,on,user_reported,38.342308044433594,54.11206817626953,1006.98875,69077.171875,True,True,True,176,0,0,109,177,101,2026-10-03T15:49:55.257978+07:00,38.046404818000156,0.18604676900031336,OK,,True,2026-10-03T15:49:55.444041+07:00,38.23246205000032,0.034649064000404906,OK,,True,1440,0.18,,2026-10-03T15:49:55.478701+07:00,38.267120892000094,0.03460456500033615,OK,,True,2659,0.33237500000000003,
4793290d6ecf45aaad5326541298bf5f,40,2026-10-03T15:49:56.257909+07:00,39.04632775200025,39.04632775200025,MONITOR,39.192994764000105,0.9999997100003384,0.2517873120004879,8.752499979891581e-05,DISABLED,on,user_reported,38.34294891357422,53.774070739746094,1006.941796875,70445.7890625,True,True,True,176,0,0,109,177,101,2026-10-03T15:49:56.257979+07:00,39.04640586200003,0.1858282359999066,OK,,True,2026-10-03T15:49:56.443820+07:00,39.23224306100019,0.03299501000037708,OK,,True,1456,0.182,,2026-10-03T15:49:56.476815+07:00,39.26524096000048,0.03286332599964226,OK,,True,2665,0.333125,
4793290d6ecf45aaad5326541298bf5f,41,2026-10-03T15:49:57.257944+07:00,40.04635391700049,40.04635391700049,MONITOR,40.19302092900034,1.0000261650002358,0.2524786949998088,0.0001136900000346941,DISABLED,on,user_reported,38.33720397949219,53.46751022338867,1006.946171875,70737.7734375,True,True,True,176,0,0,109,177,101,2026-10-03T15:49:57.258065+07:00,40.0464904520004,0.18646424999951705,OK,,True,2026-10-03T15:49:57.444542+07:00,40.23296440500053,0.03300449200014555,OK,,True,1449,0.181125,,2026-10-03T15:49:57.477547+07:00,40.265972156000316,0.032849494000402046,OK,,True,2662,0.33275,
4793290d6ecf45aaad5326541298bf5f,42,2026-10-03T15:49:58.257909+07:00,41.04632614900038,41.04632614900038,MONITOR,41.19299316100023,0.9999722319998909,0.25179068699981144,8.59219999256311e-05,DISABLED,on,user_reported,38.33146286010742,53.16143035888672,1006.964453125,71930.3203125,True,True,True,176,0,0,109,177,101,2026-10-03T15:49:58.257980+07:00,41.04640622200077,0.18581953599914414,OK,,True,2026-10-03T15:49:58.443811+07:00,41.23223442500057,0.03299427000001742,OK,,True,1447,0.180875,,2026-10-03T15:49:58.476806+07:00,41.26523176899991,0.03287482700034161,OK,,True,2670,0.33375,
4793290d6ecf45aaad5326541298bf5f,43,2026-10-03T15:49:59.257910+07:00,42.04632781700002,42.04632781700002,MONITOR,42.19299482899987,1.0000016679996406,0.25175296799989155,8.758999956626212e-05,DISABLED,on,user_reported,38.3301887512207,52.89456558227539,1006.914140625,74116.96875,True,True,True,176,0,0,109,177,101,2026-10-03T15:49:59.257978+07:00,42.04640459300026,0.1858363350002037,OK,,True,2026-10-03T15:49:59.443828+07:00,42.23225051999998,0.0329884740003763,OK,,True,1444,0.1805,,2026-10-03T15:49:59.476816+07:00,42.2652419570004,0.032829550000315066,OK,,True,2669,0.333625,
4793290d6ecf45aaad5326541298bf5f,44,2026-10-03T15:50:00.257914+07:00,43.04633129100057,43.04633129100057,MONITOR,43.19299830300042,1.0000034740005503,0.2519632650000858,9.106400011660298e-05,DISABLED,on,user_reported,38.32061767578125,52.65852355957031,1006.92625,73669.0625,True,True,True,176,0,0,109,177,101,2026-10-03T15:50:00.257983+07:00,43.046408735000114,0.1858217250000962,OK,,True,2026-10-03T15:50:00.443816+07:00,43.23223807100021,0.033171380000567297,OK,,True,1450,0.18125,,2026-10-03T15:50:00.476987+07:00,43.26541248800004,0.03287264200025675,OK,,True,2661,0.332625,
4793290d6ecf45aaad5326541298bf5f,45,2026-10-03T15:50:01.257909+07:00,44.04632679499991,44.04632679499991,MONITOR,44.192993806999766,0.9999955039993438,0.25176462100080244,8.656799946038518e-05,DISABLED,on,user_reported,38.30913162231445,52.44781494140625,1006.914375,74963.3984375,True,True,True,176,0,0,109,177,101,2026-10-03T15:50:01.257978+07:00,44.046403924000515,0.18583122699965315,OK,,True,2026-10-03T15:50:01.443822+07:00,44.232245058000444,0.03299091899953055,OK,,True,1449,0.181125,,2026-10-03T15:50:01.476813+07:00,44.265239014000144,0.03284234700004163,OK,,True,2659,0.33237500000000003,
4793290d6ecf45aaad5326541298bf5f,46,2026-10-03T15:50:02.257941+07:00,45.04635592000068,45.04635592000068,MONITOR,45.19302293200053,1.000029125000765,0.26120255299974815,0.00011569300022529205,DISABLED,on,user_reported,38.304664611816406,52.25733947753906,1007.00328125,76032.078125,True,True,True,176,0,0,109,177,101,2026-10-03T15:50:02.258024+07:00,45.046450030000415,0.19062587799999164,OK,,True,2026-10-03T15:50:02.448674+07:00,45.23709235200022,0.035418835999735165,OK,,True,1440,0.18,,2026-10-03T15:50:02.484097+07:00,45.27251998400061,0.03501908199996251,OK,,True,2671,0.33387500000000003,
4793290d6ecf45aaad5326541298bf5f,47,2026-10-03T15:50:03.257927+07:00,46.04634311100017,46.04634311100017,MONITOR,46.19301012300002,0.9999871909994908,0.25172634899990953,0.00010288399971614126,DISABLED,on,user_reported,38.293819427490234,52.07877731323242,1007.068125,77481.84375,True,True,True,176,0,0,109,177,101,2026-10-03T15:50:03.257992+07:00,46.046418573000665,0.1858209160000115,OK,,True,2026-10-03T15:50:03.443825+07:00,46.232247489000656,0.03298340199944505,OK,,True,1457,0.182125,,2026-10-03T15:50:03.476808+07:00,46.2652340020004,0.03282573599972238,OK,,True,2660,0.3325,
4793290d6ecf45aaad5326541298bf5f,48,2026-10-03T15:50:04.257914+07:00,47.046331405000274,47.046331405000274,MONITOR,47.192998417000126,0.9999882940001044,0.2517566850001458,9.117799982050201e-05,DISABLED,on,user_reported,38.29573440551758,51.94008255004883,1007.050546875,78696.5859375,True,True,True,176,0,0,109,177,101,2026-10-03T15:50:04.257980+07:00,47.04640668200045,0.18583732600018266,OK,,True,2026-10-03T15:50:04.443831+07:00,47.23225330400055,0.03298649399948772,OK,,True,1451,0.181375,,2026-10-03T15:50:04.476818+07:00,47.26524372400036,0.03283551399999851,OK,,True,2660,0.3325,
4793290d6ecf45aaad5326541298bf5f,49,2026-10-03T15:50:05.257912+07:00,48.046328506000464,48.046328506000464,MONITOR,48.192995518000316,0.99999710100019,0.2517552799999976,8.827900001051603e-05,DISABLED,on,user_reported,38.29190444946289,51.81328582763672,1007.02375,80402.0078125,True,True,True,176,0,0,109,177,101,2026-10-03T15:50:05.257986+07:00,48.04641235700001,0.18583560500064777,OK,,True,2026-10-03T15:50:05.443834+07:00,48.23225633200036,0.03298438399997394,OK,,True,1450,0.18125,,2026-10-03T15:50:05.476818+07:00,48.265243660000124,0.03283133000059024,OK,,True,2661,0.332625,
4793290d6ecf45aaad5326541298bf5f,50,2026-10-03T15:50:06.257909+07:00,49.04632615400078,49.04632615400078,MONITOR,49.19299316600063,0.999997648000317,0.25199933599924407,8.592700032750145e-05,DISABLED,on,user_reported,38.294456481933594,51.6874885559082,1007.027890625,80100.125,True,True,True,176,0,0,109,178,101,2026-10-03T15:50:06.257984+07:00,49.04641043100037,0.18583006999961071,OK,,True,2026-10-03T15:50:06.443827+07:00,49.23224935300004,0.03322701100023551,OK,,True,1444,0.1805,,2026-10-03T15:50:06.477054+07:00,49.265479715000765,0.03283588599970244,OK,,True,2656,0.332,
4793290d6ecf45aaad5326541298bf5f,51,2026-10-03T15:50:07.257907+07:00,50.04632281200065,50.04632281200065,MONITOR,50.192989824000506,0.9999966579998727,0.2532916199997999,8.25850002001971e-05,DISABLED,on,user_reported,38.308494567871094,51.588645935058594,1007.030078125,81089.640625,True,True,True,176,0,0,109,177,101,2026-10-03T15:50:07.257988+07:00,50.04641477400037,0.1858350350003093,OK,,True,2026-10-03T15:50:07.443837+07:00,50.23225901300066,0.03420272199946339,OK,,True,1445,0.180625,,2026-10-03T15:50:07.478046+07:00,50.2664677720004,0.03313354900001286,OK,,True,2659,0.33237500000000003,
4793290d6ecf45aaad5326541298bf5f,52,2026-10-03T15:50:08.257960+07:00,51.04636816600032,51.04636816600032,MONITOR,51.19303517800017,1.000045353999667,0.2625682580001012,0.00012793899986718316,DISABLED,on,user_reported,38.304664611816406,51.49356460571289,1007.030859375,82740.7890625,True,True,True,176,0,0,109,177,101,2026-10-03T15:50:08.258102+07:00,51.04652720100057,0.19157341600021027,OK,,True,2026-10-03T15:50:08.449700+07:00,51.23811789499996,0.035439171000689385,OK,,True,1465,0.183125,,2026-10-03T15:50:08.485145+07:00,51.27356627000063,0.035349727999346214,OK,,True,2668,0.3335,
4793290d6ecf45aaad5326541298bf5f,53,2026-10-03T15:50:09.257979+07:00,52.04639223400045,52.04639223400045,MONITOR,52.1930592460003,1.0000240680001298,0.2580040530001497,0.00015200699999695644,DISABLED,on,user_reported,38.293819427490234,51.397544860839844,1007.020078125,82421.1171875,True,True,True,176,0,0,109,178,101,2026-10-03T15:50:09.258086+07:00,52.046511677000126,0.18825327000013203,OK,,True,2026-10-03T15:50:09.446361+07:00,52.23477802100024,0.034213390000331856,OK,,True,1431,0.178875,,2026-10-03T15:50:09.480580+07:00,52.26899963300002,0.03537909800070338,OK,,True,2655,0.33187500000000003,
4793290d6ecf45aaad5326541298bf5f,54,2026-10-03T15:50:10.257927+07:00,53.046340831000634,53.046340831000634,MONITOR,53.19300784300049,0.9999485970001842,0.25279174399929616,0.00010060400018119253,DISABLED,on,user_reported,38.29190444946289,51.32801818847656,1006.996328125,83879.421875,True,True,True,176,0,0,109,177,101,2026-10-03T15:50:10.258008+07:00,53.046434367000074,0.18586748500001704,OK,,True,2026-10-03T15:50:10.443886+07:00,53.2323085550006,0.03313945799982321,OK,,True,1445,0.180625,,2026-10-03T15:50:10.477030+07:00,53.26545305000036,0.03366969200033054,OK,,True,2657,0.332125,
4793290d6ecf45aaad5326541298bf5f,55,2026-10-03T15:50:11.257945+07:00,54.04635934500038,54.04635934500038,MONITOR,54.193026357000235,1.0000185139997484,0.25281969099978596,0.0001191179999295855,DISABLED,on,user_reported,38.284889221191406,51.26408004760742,1006.93015625,85219.7109375,True,True,True,176,0,0,109,177,101,2026-10-03T15:50:11.258030+07:00,54.04645671400067,0.18586724599936133,OK,,True,2026-10-03T15:50:11.443911+07:00,54.23233288600022,0.033674969999992754,OK,,True,1450,0.18125,,2026-10-03T15:50:11.477591+07:00,54.26601383800062,0.03315467999982502,OK,,True,2657,0.332125,
4793290d6ecf45aaad5326541298bf5f,56,2026-10-03T15:50:12.257916+07:00,55.04633148100038,55.04633148100038,MONITOR,55.19299849300023,0.9999721359999967,0.2566996309997194,9.125399992626626e-05,DISABLED,on,user_reported,38.286163330078125,51.21393585205078,1006.938984375,84965.1484375,True,True,True,176,0,0,109,177,101,2026-10-03T15:50:12.257997+07:00,55.04642335000062,0.1878016149994437,OK,,True,2026-10-03T15:50:12.445814+07:00,55.23423474300034,0.03492895599993062,OK,,True,1437,0.179625,,2026-10-03T15:50:12.480752+07:00,55.26917255100034,0.03384667200043623,OK,,True,2653,0.331625,
4793290d6ecf45aaad5326541298bf5f,57,2026-10-03T15:50:13.257949+07:00,56.04636270100036,56.04636270100036,MONITOR,56.193029713000215,1.0000312199999826,0.2545231949998197,0.00012247399990883423,DISABLED,on,user_reported,38.267662048339844,51.14839553833008,1006.99140625,85733.421875,True,True,True,176,0,0,109,177,101,2026-10-03T15:50:13.258034+07:00,56.046460311000374,0.18586391600001662,OK,,True,2026-10-03T15:50:13.443912+07:00,56.23233393100054,0.034483905999877607,OK,,True,1444,0.1805,,2026-10-03T15:50:13.478401+07:00,56.266823800000566,0.03404467000018485,OK,,True,2646,0.33075,
4793290d6ecf45aaad5326541298bf5f,58,2026-10-03T15:50:14.257982+07:00,57.0463946710006,57.0463946710006,MONITOR,57.19306168300045,1.0000319700002365,0.2552413379999052,0.00015444400014530402,DISABLED,on,user_reported,38.26191711425781,51.10356903076172,1006.9753125,86868.0,True,True,True,176,0,0,109,177,101,2026-10-03T15:50:14.258084+07:00,57.046510077000676,0.18684270399990055,OK,,True,2026-10-03T15:50:14.444940+07:00,57.23336194700005,0.034628831000190985,OK,,True,1427,0.178375,,2026-10-03T15:50:14.479574+07:00,57.26799674100039,0.033626417000050424,OK,,True,2648,0.331,
4793290d6ecf45aaad5326541298bf5f,59,2026-10-03T15:50:15.257921+07:00,58.04633607899996,58.04633607899996,MONITOR,58.19300309099981,0.9999414079993585,0.2535153420003553,9.58519995037932e-05,DISABLED,on,user_reported,38.256813049316406,51.065120697021484,1006.96703125,88123.921875,True,True,True,176,0,0,109,177,101,2026-10-03T15:50:15.258001+07:00,58.046427467000285,0.18582523500026582,OK,,True,2026-10-03T15:50:15.443839+07:00,58.23226129500017,0.03360197199981485,OK,,True,1439,0.179875,,2026-10-03T15:50:15.477447+07:00,58.26586956400024,0.03391074600040156,OK,,True,2651,0.33137500000000003,
4793290d6ecf45aaad5326541298bf5f,60,2026-10-03T15:50:16.257916+07:00,59.04633407000074,59.04633407000074,MONITOR,59.19300108200059,0.9999979910007823,0.2543443169997772,9.384300028614234e-05,DISABLED,on,user_reported,38.25809097290039,51.040164947509766,1006.94171875,87671.234375,True,True,True,176,0,0,109,177,101,2026-10-03T15:50:16.257986+07:00,59.04641284700028,0.1858343670000977,OK,,True,2026-10-03T15:50:16.443834+07:00,59.232255955000255,0.03400698600034957,OK,,True,1446,0.18075,,2026-10-03T15:50:16.477847+07:00,59.26626914500048,0.03439574200001516,OK,,True,2637,0.329625,
4793290d6ecf45aaad5326541298bf5f,61,2026-10-03T15:50:17.257943+07:00,60.04635712700019,60.04635712700019,MONITOR,60.193024139000045,1.0000230569994528,0.2533771999997043,0.00011689999973896192,DISABLED,on,user_reported,38.24788284301758,51.01985549926758,1006.959453125,89229.6953125,True,True,True,176,0,0,109,177,101,2026-10-03T15:50:17.258026+07:00,60.04645245900065,0.18587716499951057,OK,,True,2026-10-03T15:50:17.443917+07:00,60.232339531000434,0.033003999000357,OK,,True,1442,0.18025,,2026-10-03T15:50:17.476924+07:00,60.265347844000644,0.03437187199961045,OK,,True,2646,0.33075,
4793290d6ecf45aaad5326541298bf5f,62,2026-10-03T15:50:18.257918+07:00,61.046335490000274,61.046335490000274,MONITOR,61.19300250200013,0.999978363000082,0.2519272749996162,9.526299982098863e-05,DISABLED,on,user_reported,38.24150085449219,50.98125076293945,1006.976484375,89698.671875,True,True,True,176,0,0,109,177,101,2026-10-03T15:50:18.257991+07:00,61.04641784100022,0.1858413340005427,OK,,True,2026-10-03T15:50:18.443846+07:00,61.23226839700055,0.03313523799988616,OK,,True,1444,0.1805,,2026-10-03T15:50:18.476981+07:00,61.2654067830008,0.03284250099932251,OK,,True,2657,0.332125,
4793290d6ecf45aaad5326541298bf5f,63,2026-10-03T15:50:19.257985+07:00,62.04639543700068,62.04639543700068,MONITOR,62.193062449000536,1.000059947000409,0.25680181499956234,0.00015521000022999942,DISABLED,on,user_reported,38.24341583251953,50.962669372558594,1006.938515625,90363.5703125,True,True,True,176,0,0,109,177,101,2026-10-03T15:50:19.258151+07:00,62.04657599100028,0.1889475220004897,OK,,True,2026-10-03T15:50:19.447111+07:00,62.23553381000056,0.03296725800009881,OK,,True,1434,0.17925,,2026-10-03T15:50:19.480079+07:00,62.26850430900049,0.034679665999647113,OK,,True,2661,0.332625,
4793290d6ecf45aaad5326541298bf5f,64,2026-10-03T15:50:20.257955+07:00,63.04636269100047,63.04636269100047,MONITOR,63.19302970300032,0.9999672539997846,0.26709485099945596,0.00012246400001458824,DISABLED,on,user_reported,38.231929779052734,50.92335891723633,1006.947265625,90844.5703125,True,True,True,176,0,0,109,177,101,2026-10-03T15:50:20.258107+07:00,63.046531375000086,0.19190845400044054,OK,,True,2026-10-03T15:50:20.450036+07:00,63.23845505100053,0.035396638999372954,OK,,True,1437,0.179625,,2026-10-03T15:50:20.485436+07:00,63.27385985700039,0.0395727960003569,OK,,True,2675,0.33437500000000003,
4793290d6ecf45aaad5326541298bf5f,65,2026-10-03T15:50:21.257965+07:00,64.04637499199998,64.04637499199998,MONITOR,64.19304200399984,1.000012300999515,0.26954327000021294,0.00013476499952957965,DISABLED,on,user_reported,38.225547790527344,50.90361022949219,1006.916484375,91624.9140625,True,True,True,176,0,0,109,177,101,2026-10-03T15:50:21.258092+07:00,64.04651697200006,0.19125892700049008,OK,,True,2026-10-03T15:50:21.449375+07:00,64.23779386100068,0.035460157999295916,OK,,True,1436,0.1795,,2026-10-03T15:50:21.484840+07:00,64.27326246300072,0.04262937299972691,OK,,True,2670,0.33375,
4793290d6ecf45aaad5326541298bf5f,66,2026-10-03T15:50:22.257966+07:00,65.04638095100017,65.04638095100017,MONITOR,65.19304796300003,1.000005959000191,0.2518698600006246,0.00014072399972064886,DISABLED,on,user_reported,38.22235870361328,50.89059829711914,1006.918125,91921.0078125,True,True,True,176,0,0,109,177,101,2026-10-03T15:50:22.258051+07:00,65.04647713500071,0.18583211899931484,OK,,True,2026-10-03T15:50:22.443895+07:00,65.2323167909999,0.03306816600070306,OK,,True,1443,0.180375,,2026-10-03T15:50:22.476967+07:00,65.26538992000042,0.032852057999662065,OK,,True,2664,0.333,
4793290d6ecf45aaad5326541298bf5f,67,2026-10-03T15:50:23.257911+07:00,66.0463276800001,66.0463276800001,MONITOR,66.19299469199996,0.9999467289999302,0.2519214540006942,8.745299965084996e-05,DISABLED,on,user_reported,38.210235595703125,50.87004089355469,1006.953359375,91428.5703125,True,True,True,176,0,0,109,178,101,2026-10-03T15:50:23.257984+07:00,66.04641025300043,0.1857932510001774,OK,,True,2026-10-03T15:50:23.443787+07:00,66.23221004100014,0.03318783200029429,OK,,True,1437,0.179625,,2026-10-03T15:50:23.476979+07:00,66.26540244700027,0.032837779999681516,OK,,True,2666,0.33325,
4793290d6ecf45aaad5326541298bf5f,68,2026-10-03T15:50:24.257998+07:00,67.04640747300073,67.04640747300073,MONITOR,67.19307448500058,1.0000797930006229,0.2519485489992803,0.00016724600027373526,DISABLED,on,user_reported,38.20704650878906,50.86330795288086,1007.044296875,94377.8828125,True,True,True,176,0,0,109,177,101,2026-10-03T15:50:24.258103+07:00,67.04652962,0.18586577099995338,OK,,True,2026-10-03T15:50:24.443982+07:00,67.2324038910001,0.03308468500017625,OK,,True,1450,0.18125,,2026-10-03T15:50:24.477072+07:00,67.26549424200039,0.032852465999894775,OK,,True,2657,0.332125,
4793290d6ecf45aaad5326541298bf5f,69,2026-10-03T15:50:25.257908+07:00,68.04632600000059,68.04632600000059,MONITOR,68.19299301200044,0.9999185269998634,0.2517698499996186,8.577300013712374e-05,DISABLED,on,user_reported,38.216617584228516,50.86466598510742,1006.984296875,94013.953125,True,True,True,176,0,0,109,177,101,2026-10-03T15:50:25.257978+07:00,68.04640444400047,0.18579825399956462,OK,,True,2026-10-03T15:50:25.443787+07:00,68.23220993900031,0.03304029700029787,OK,,True,1448,0.181,,2026-10-03T15:50:25.476832+07:00,68.26525490299991,0.03283198400004039,OK,,True,2658,0.33225,
4793290d6ecf45aaad5326541298bf5f,70,2026-10-03T15:50:26.257905+07:00,69.04632199900061,69.04632199900061,MONITOR,69.19298901100046,0.9999959990000207,0.2518299079993085,8.177200015779817e-05,DISABLED,on,user_reported,38.21151351928711,50.85765838623047,1007.00359375,94587.1015625,True,True,True,176,0,0,109,178,101,2026-10-03T15:50:26.257972+07:00,69.04639838799994,0.18579475600017759,OK,,True,2026-10-03T15:50:26.443778+07:00,69.23220075500012,0.03308203800042975,OK,,True,1456,0.182,,2026-10-03T15:50:26.476865+07:00,69.26528731100007,0.03285465099997964,OK,,True,2658,0.33225,
4793290d6ecf45aaad5326541298bf5f,71,2026-10-03T15:50:27.258009+07:00,70.04641948900007,70.04641948900007,MONITOR,70.19308650099993,1.0000974899994617,0.26234181100062415,0.0001792619996194844,DISABLED,on,user_reported,38.20704650878906,50.8444709777832,1006.961953125,95808.3828125,True,True,True,176,0,0,109,177,101,2026-10-03T15:50:27.258128+07:00,70.04655396900034,0.19155976799993368,OK,,True,2026-10-03T15:50:27.449715+07:00,70.23813268100002,0.03544908599997143,OK,,True,1456,0.182,,2026-10-03T15:50:27.485169+07:00,70.27359091500057,0.03515019999940705,OK,,True,2663,0.33287500000000003,
4793290d6ecf45aaad5326541298bf5f,72,2026-10-03T15:50:28.257925+07:00,71.04634267500023,71.04634267500023,MONITOR,71.19300968700009,0.9999231860001601,0.2517963199998121,0.00010244799977954244,DISABLED,on,user_reported,38.20704650878906,50.838199615478516,1007.01,96186.359375,True,True,True,176,0,0,109,177,101,2026-10-03T15:50:28.257997+07:00,71.04642315599995,0.1858040750003056,OK,,True,2026-10-03T15:50:28.443813+07:00,71.2322352680003,0.033063427000342926,OK,,True,1446,0.18075,,2026-10-03T15:50:28.476880+07:00,71.26530295400062,0.03282744899934187,OK,,True,2657,0.332125,
4793290d6ecf45aaad5326541298bf5f,73,2026-10-03T15:50:29.257911+07:00,72.04632840800059,72.04632840800059,MONITOR,72.19299542000044,0.9999857330003579,0.25725881699963793,8.818100013741059e-05,DISABLED,on,user_reported,38.19428634643555,50.8426628112793,1006.96875,95808.3828125,True,True,True,176,0,0,109,177,101,2026-10-03T15:50:29.257981+07:00,72.04640690700035,0.18912059499962197,OK,,True,2026-10-03T15:50:29.447118+07:00,72.2355387610005,0.03514207099942723,OK,,True,1437,0.179625,,2026-10-03T15:50:29.482263+07:00,72.27068614700056,0.03289181899981486,OK,,True,2665,0.333125,
4793290d6ecf45aaad5326541298bf5f,74,2026-10-03T15:50:30.257909+07:00,73.04632707600013,73.04632707600013,MONITOR,73.19299408799998,0.9999986679995345,0.2518263250003656,8.684899967192905e-05,DISABLED,on,user_reported,38.20002746582031,50.8183708190918,1006.97125,95970.0078125,True,True,True,176,0,0,109,178,101,2026-10-03T15:50:30.257980+07:00,73.04640683400066,0.18580865300009464,OK,,True,2026-10-03T15:50:30.443800+07:00,73.23222293100025,0.03306789100042806,OK,,True,1444,0.1805,,2026-10-03T15:50:30.476872+07:00,73.26529530400057,0.03284915199947136,OK,,True,2661,0.332625,
4793290d6ecf45aaad5326541298bf5f,75,2026-10-03T15:50:31.257909+07:00,74.04632627299998,74.04632627299998,MONITOR,74.19299328499983,0.9999991969998518,0.251856122999925,8.604599952377612e-05,DISABLED,on,user_reported,38.19556427001953,50.81772994995117,1006.9434375,96512.7265625,True,True,True,176,0,0,109,177,101,2026-10-03T15:50:31.257976+07:00,74.04640288300016,0.18580491400007304,OK,,True,2026-10-03T15:50:31.443792+07:00,74.2322154630001,0.0330865760006418,OK,,True,1439,0.179875,,2026-10-03T15:50:31.476884+07:00,74.2653071499999,0.03286552400004439,OK,,True,2660,0.3325,
4793290d6ecf45aaad5326541298bf5f,76,2026-10-03T15:50:32.257916+07:00,75.046331646,75.046331646,MONITOR,75.19299865799985,1.0000053730000218,0.2518930880005428,9.14189995455672e-05,DISABLED,on,user_reported,38.184715270996094,50.82247543334961,1006.96703125,96731.53125,True,True,True,176,0,0,109,178,101,2026-10-03T15:50:32.257997+07:00,75.04642360800062,0.18581139699927007,OK,,True,2026-10-03T15:50:32.443820+07:00,75.23224272700008,0.03311035400020046,OK,,True,1444,0.1805,,2026-10-03T15:50:32.476936+07:00,75.26535854400026,0.032855653000297025,OK,,True,2658,0.33225,
4793290d6ecf45aaad5326541298bf5f,77,2026-10-03T15:50:33.257909+07:00,76.046326658,76.046326658,MONITOR,76.19299366999985,0.9999950119999994,0.2519647940007417,8.643099954497302e-05,DISABLED,on,user_reported,38.176422119140625,50.808738708496094,1006.96046875,98575.28125,True,True,True,176,0,0,109,177,101,2026-10-03T15:50:33.257982+07:00,76.04640849099997,0.18580671300060203,OK,,True,2026-10-03T15:50:33.443800+07:00,76.23222279700076,0.033206574999894656,OK,,True,1441,0.180125,,2026-10-03T15:50:33.477011+07:00,76.26543379800023,0.03284893199997896,OK,,True,2658,0.33225,
4793290d6ecf45aaad5326541298bf5f,78,2026-10-03T15:50:34.257904+07:00,77.0463217180004,77.0463217180004,MONITOR,77.19298873000025,0.9999950600004013,0.25286680399949546,8.14909999462543e-05,DISABLED,on,user_reported,38.168766021728516,50.80137634277344,1006.97546875,98065.5078125,True,True,True,176,0,0,109,177,101,2026-10-03T15:50:34.257973+07:00,77.04639901300015,0.1859460659998149,OK,,True,2026-10-03T15:50:34.443934+07:00,77.23235583800033,0.033786533000238705,OK,,True,1434,0.17925,,2026-10-03T15:50:34.477730+07:00,77.26615101900006,0.03302354000061314,OK,,True,2643,0.33037500000000003,
4793290d6ecf45aaad5326541298bf5f,79,2026-10-03T15:50:35.257911+07:00,78.04632895400027,78.04632895400027,MONITOR,78.19299596600013,1.000007235999874,0.25186931799999,8.872699982021004e-05,DISABLED,on,user_reported,38.1585578918457,50.7999267578125,1006.993203125,98803.546875,True,True,True,176,0,0,109,177,101,2026-10-03T15:50:35.257980+07:00,78.04640663800001,0.18581145799998922,OK,,True,2026-10-03T15:50:35.443802+07:00,78.23222552200059,0.03309666999939509,OK,,True,1454,0.18175,,2026-10-03T15:50:35.476904+07:00,78.26532685800066,0.03286285800004407,OK,,True,2657,0.332125,
4793290d6ecf45aaad5326541298bf5f,80,2026-10-03T15:50:36.257908+07:00,79.046325755,79.046325755,MONITOR,79.19299276699985,0.9999968009997247,0.2519036900002902,8.552799954486545e-05,DISABLED,on,user_reported,38.15919494628906,50.80629348754883,1006.91890625,98461.5390625,True,True,True,176,0,0,109,178,101,2026-10-03T15:50:36.257974+07:00,79.04640031000054,0.1858043109996288,OK,,True,2026-10-03T15:50:36.443790+07:00,79.23221243600074,0.03312748499956797,OK,,True,1441,0.180125,,2026-10-03T15:50:36.476922+07:00,79.2653452909999,0.032874729000468506,OK,,True,2657,0.332125,
4793290d6ecf45aaad5326541298bf5f,81,2026-10-03T15:50:37.257911+07:00,80.046327862,80.046327862,MONITOR,80.19299487399985,1.0000021070000003,0.2520113590007895,8.763499954511644e-05,DISABLED,on,user_reported,38.14771270751953,50.80466842651367,1006.941328125,98803.546875,True,True,True,176,0,0,109,178,101,2026-10-03T15:50:37.257986+07:00,80.0464127690002,0.18582066500039218,OK,,True,2026-10-03T15:50:37.443820+07:00,80.23224191500049,0.033176633000039146,OK,,True,1446,0.18075,,2026-10-03T15:50:37.477001+07:00,80.2654240110005,0.03290441299941449,OK,,True,2660,0.3325,
4793290d6ecf45aaad5326541298bf5f,82,2026-10-03T15:50:38.257959+07:00,81.0463686460007,81.0463686460007,MONITOR,81.19303565800055,1.0000407840007028,0.26294449899978645,0.00012841900024795905,DISABLED,on,user_reported,38.15153884887695,50.81147766113281,1006.96828125,99147.9453125,True,True,True,176,0,0,109,178,101,2026-10-03T15:50:38.258097+07:00,81.04652166200049,0.19175460199949157,OK,,True,2026-10-03T15:50:38.449872+07:00,81.2382916710003,0.03560856900003273,OK,,True,1439,0.179875,,2026-10-03T15:50:38.485490+07:00,81.2739113510006,0.03538255300009041,OK,,True,2672,0.334,
4793290d6ecf45aaad5326541298bf5f,83,2026-10-03T15:50:39.257922+07:00,82.04633975400066,82.04633975400066,MONITOR,82.19300676600051,0.9999711079999543,0.25305829599983554,9.952700020221528e-05,DISABLED,on,user_reported,38.15919494628906,50.81884765625,1006.960078125,100787.3984375,True,True,True,176,0,0,109,177,101,2026-10-03T15:50:39.257989+07:00,82.04641505000018,0.18615133100047387,OK,,True,2026-10-03T15:50:39.444157+07:00,82.23257601100067,0.033447388999775285,OK,,True,1435,0.179375,,2026-10-03T15:50:39.477611+07:00,82.26603238200005,0.03334653900037665,OK,,True,2643,0.33037500000000003,
4793290d6ecf45aaad5326541298bf5f,84,2026-10-03T15:50:40.257913+07:00,83.04633128000023,83.04633128000023,MONITOR,83.19299829200008,0.999991525999576,0.25213299300048675,9.105299977818504e-05,DISABLED,on,user_reported,38.15153884887695,50.81775665283203,1006.933984375,100372.4765625,True,True,True,176,0,0,109,177,101,2026-10-03T15:50:40.257981+07:00,83.04640783400009,0.18580806000045413,OK,,True,2026-10-03T15:50:40.443800+07:00,83.2322231900007,0.03328409499954432,OK,,True,1451,0.181375,,2026-10-03T15:50:40.477089+07:00,83.26551187800032,0.032943655000053695,OK,,True,2658,0.33225,
4793290d6ecf45aaad5326541298bf5f,85,2026-10-03T15:50:41.257909+07:00,84.04632668500017,84.04632668500017,MONITOR,84.19299369700002,0.999995404999936,0.2520026460006193,8.645799971418455e-05,DISABLED,on,user_reported,38.13431167602539,50.802772521972656,1006.933359375,101085.8828125,True,True,True,176,0,0,109,177,101,2026-10-03T15:50:41.257976+07:00,84.04640185100016,0.18581178299973544,OK,,True,2026-10-03T15:50:41.443799+07:00,84.23222131900002,0.03310735700051737,OK,,True,1456,0.182,,2026-10-03T15:50:41.476911+07:00,84.26533393600039,0.032985875999656855,OK,,True,2656,0.332,
4793290d6ecf45aaad5326541298bf5f,86,2026-10-03T15:50:42.257910+07:00,85.04632761800076,85.04632761800076,MONITOR,85.19299463000061,1.0000009330005923,0.2518772799994622,8.73910003065248e-05,DISABLED,on,user_reported,38.13367462158203,50.8089485168457,1006.884453125,100431.5390625,True,True,True,176,0,0,109,177,101,2026-10-03T15:50:42.257976+07:00,85.04640219200064,0.18582330299977912,OK,,True,2026-10-03T15:50:42.443811+07:00,85.23223316200074,0.03310580199922697,OK,,True,1442,0.18025,,2026-10-03T15:50:42.476921+07:00,85.2653441299999,0.03285150800002157,OK,,True,2660,0.3325,
4793290d6ecf45aaad5326541298bf5f,87,2026-10-03T15:50:43.257918+07:00,86.04633228400053,86.04633228400053,MONITOR,86.19299929600038,1.000004665999768,0.2518677629996091,9.205700007441919e-05,DISABLED,on,user_reported,38.12729263305664,50.826873779296875,1006.93578125,100846.953125,True,True,True,176,0,0,109,177,101,2026-10-03T15:50:43.258000+07:00,86.04642678300024,0.18582265700024436,OK,,True,2026-10-03T15:50:43.443834+07:00,86.23225660600019,0.03308239499983756,OK,,True,1445,0.180625,,2026-10-03T15:50:43.476920+07:00,86.26534389000062,0.032846193999830575,OK,,True,2663,0.33287500000000003,
4793290d6ecf45aaad5326541298bf5f,88,2026-10-03T15:50:44.257917+07:00,87.04633225500038,87.04633225500038,MONITOR,87.19299926700023,0.9999999709998519,0.2526551829996606,9.202799992635846e-05,DISABLED,on,user_reported,38.11644744873047,50.83161544799805,1007.03484375,101026.046875,True,True,True,176,0,0,109,177,101,2026-10-03T15:50:44.257995+07:00,87.04642112400052,0.18581703000018024,OK,,True,2026-10-03T15:50:44.443823+07:00,87.23224543100059,0.03313491399967461,OK,,True,1442,0.18025,,2026-10-03T15:50:44.476962+07:00,87.26538517800054,0.033583778999854985,OK,,True,2646,0.33075,
4793290d6ecf45aaad5326541298bf5f,89,2026-10-03T15:50:45.257921+07:00,88.04633588400065,88.04633588400065,MONITOR,88.19300289600051,1.0000036290002754,0.2521216909999566,9.565700020175427e-05,DISABLED,on,user_reported,38.11006546020508,50.84953689575195,1007.010703125,101265.8203125,True,True,True,176,0,0,109,178,101,2026-10-03T15:50:45.257999+07:00,88.04642534600043,0.18581578999965132,OK,,True,2026-10-03T15:50:45.443826+07:00,88.23224900700006,0.03333394800029055,OK,,True,1442,0.18025,,2026-10-03T15:50:45.477165+07:00,88.26558812200074,0.03286045299955731,OK,,True,2663,0.33287500000000003,
4793290d6ecf45aaad5326541298bf5f,90,2026-10-03T15:50:46.257908+07:00,89.04632298500019,89.04632298500019,MONITOR,89.19298999700004,0.9999871009995331,0.25188204900041455,8.275799973489484e-05,DISABLED,on,user_reported,38.115806579589844,50.85034942626953,1007.01328125,103350.828125,True,True,True,176,0,0,109,177,101,2026-10-03T15:50:46.257986+07:00,89.04641183600052,0.18580214499979775,OK,,True,2026-10-03T15:50:46.443799+07:00,89.23222155500025,0.03306734000034339,OK,,True,1440,0.18,,2026-10-03T15:50:46.476870+07:00,89.26529359899996,0.03290175000074669,OK,,True,2663,0.33287500000000003,
4793290d6ecf45aaad5326541298bf5f,91,2026-10-03T15:50:47.257909+07:00,90.04632470800061,90.04632470800061,MONITOR,90.19299172000046,1.0000017230004232,0.25193225299972255,8.448100015812088e-05,DISABLED,on,user_reported,38.118995666503906,50.86335754394531,1006.970390625,101931.1171875,True,True,True,176,0,0,109,178,101,2026-10-03T15:50:47.257990+07:00,90.04641644700041,0.1858114429996931,OK,,True,2026-10-03T15:50:47.443814+07:00,90.23223601900008,0.03313804400022491,OK,,True,1441,0.180125,,2026-10-03T15:50:47.476956+07:00,90.26537885900052,0.03286980600023526,OK,,True,2652,0.3315,
4793290d6ecf45aaad5326541298bf5f,92,2026-10-03T15:50:48.257908+07:00,91.04632406900055,91.04632406900055,MONITOR,91.1929910810004,0.9999993609999365,0.2518610349998198,8.384200009459164e-05,DISABLED,on,user_reported,38.113895416259766,50.86263656616211,1006.96203125,102236.421875,True,True,True,176,0,0,109,178,101,2026-10-03T15:50:48.257990+07:00,91.04641610500039,0.18580868499975622,OK,,True,2026-10-03T15:50:48.443810+07:00,91.23223162300019,0.03308535900032439,OK,,True,1443,0.180375,,2026-10-03T15:50:48.476899+07:00,91.26532176,0.03285399200012762,OK,,True,2660,0.3325,
4793290d6ecf45aaad5326541298bf5f,93,2026-10-03T15:50:49.257977+07:00,92.04638221700043,92.04638221700043,MONITOR,92.19304922900028,1.00005814799988,0.26278458399974625,0.00014198999997461215,DISABLED,on,user_reported,38.113258361816406,50.8499870300293,1006.97484375,103601.78125,True,True,True,176,0,0,109,177,101,2026-10-03T15:50:49.258135+07:00,92.04655951099994,0.1917699920004452,OK,,True,2026-10-03T15:50:49.449925+07:00,92.23834433600041,0.03551775899995846,OK,,True,1432,0.179,,2026-10-03T15:50:49.485452+07:00,92.27387226200062,0.03527589099940087,OK,,True,2664,0.333,
4793290d6ecf45aaad5326541298bf5f,94,2026-10-03T15:50:50.257928+07:00,93.04634387500028,93.04634387500028,MONITOR,93.19301088700013,0.9999616579998474,0.25188487299965345,0.00010364799982198747,DISABLED,on,user_reported,38.11070251464844,50.87474060058594,1006.950078125,102976.671875,True,True,True,176,0,0,109,178,101,2026-10-03T15:50:50.258005+07:00,93.04643163400033,0.1858253540003716,OK,,True,2026-10-03T15:50:50.443844+07:00,93.23226541400072,0.03309634199922584,OK,,True,1443,0.180375,,2026-10-03T15:50:50.476943+07:00,93.26536610800031,0.03285419500025455,OK,,True,2658,0.33225,
4793290d6ecf45aaad5326541298bf5f,95,2026-10-03T15:50:51.257915+07:00,94.04633056200055,94.04633056200055,MONITOR,94.1929975740004,0.9999866870002734,0.2520627610001611,9.03350000953651e-05,DISABLED,on,user_reported,38.09092330932617,50.859375,1006.95234375,103101.0859375,True,True,True,176,0,0,109,178,101,2026-10-03T15:50:51.257993+07:00,94.04641957900003,0.18582206000064616,OK,,True,2026-10-03T15:50:51.443827+07:00,94.23224926900002,0.033264766000684176,OK,,True,1445,0.180625,,2026-10-03T15:50:51.477096+07:00,94.26551875700079,0.032865436999600206,OK,,True,2662,0.33275,
4793290d6ecf45aaad5326541298bf5f,96,2026-10-03T15:50:52.257915+07:00,95.04633079399991,95.04633079399991,MONITOR,95.19299780599977,1.0000002319993655,0.2518922110002677,9.056699946086155e-05,DISABLED,on,user_reported,38.081993103027344,50.87065887451172,1006.965390625,104617.8984375,True,True,True,176,0,0,109,177,101,2026-10-03T15:50:52.257995+07:00,95.04642171900014,0.18581852500028617,OK,,True,2026-10-03T15:50:52.443826+07:00,95.23224804000074,0.03309780499967019,OK,,True,1437,0.179625,,2026-10-03T15:50:52.476928+07:00,95.26535095600047,0.03286286399998062,OK,,True,2659,0.33237500000000003,
4793290d6ecf45aaad5326541298bf5f,97,2026-10-03T15:50:53.257918+07:00,96.04633244400065,96.04633244400065,MONITOR,96.1929994560005,1.0000016500007405,0.2518619909997142,9.221700020134449e-05,DISABLED,on,user_reported,38.08071517944336,50.87677001953125,1006.949609375,104746.3203125,True,True,True,176,0,0,109,177,101,2026-10-03T15:50:53.257999+07:00,96.04642553500071,0.1858148049996089,OK,,True,2026-10-03T15:50:53.443824+07:00,96.23224700600076,0.03307391699945583,OK,,True,1445,0.180625,,2026-10-03T15:50:53.476902+07:00,96.26532571900043,0.032859234000170545,OK,,True,2663,0.33287500000000003,
4793290d6ecf45aaad5326541298bf5f,98,2026-10-03T15:50:54.257922+07:00,97.04633652800021,97.04633652800021,MONITOR,97.19300354000006,1.0000040839995563,0.25192234499991173,9.630099975765916e-05,DISABLED,on,user_reported,38.08454513549805,50.889862060546875,1006.94203125,103664.7109375,True,True,True,176,0,0,109,177,101,2026-10-03T15:50:54.258006+07:00,97.04643287900035,0.18581419499969343,OK,,True,2026-10-03T15:50:54.443833+07:00,97.23225494500002,0.033083971999985806,OK,,True,1432,0.179,,2026-10-03T15:50:54.476921+07:00,97.26534349100075,0.03290532599930884,OK,,True,2665,0.333125,
4793290d6ecf45aaad5326541298bf5f,99,2026-10-03T15:50:55.257915+07:00,98.04633116000059,98.04633116000059,MONITOR,98.19299817200044,0.9999946320003801,0.251962272000128,9.093300013773842e-05,DISABLED,on,user_reported,38.07242202758789,50.87558364868164,1006.943046875,104043.890625,True,True,True,176,0,0,109,177,101,2026-10-03T15:50:55.257998+07:00,98.04642423299993,0.18581740000081481,OK,,True,2026-10-03T15:50:55.443825+07:00,98.23224843000025,0.03315082300014183,OK,,True,1452,0.1815,,2026-10-03T15:50:55.476982+07:00,98.26540505000048,0.03287958599958074,OK,,True,2658,0.33225,
4793290d6ecf45aaad5326541298bf5f,100,2026-10-03T15:50:56.257913+07:00,99.04632848500023,99.04632848500023,MONITOR,99.19299549700008,0.9999973249996401,0.25206138500016095,8.825799977785209e-05,DISABLED,on,user_reported,38.066680908203125,50.88732147216797,1006.87203125,104298.2265625,True,True,True,176,0,0,109,178,101,2026-10-03T15:50:56.257991+07:00,99.04641704000005,0.18581056899984105,OK,,True,2026-10-03T15:50:56.443812+07:00,99.23223473899998,0.0332813780005381,OK,,True,1434,0.17925,,2026-10-03T15:50:56.477097+07:00,99.26552108000033,0.032859957000255235,OK,,True,2660,0.3325,
4793290d6ecf45aaad5326541298bf5f,101,2026-10-03T15:50:57.257914+07:00,100.04632954299996,100.04632954299996,MONITOR,100.19299655499981,1.0000010579997252,0.2519064250000156,8.931599950301461e-05,DISABLED,on,user_reported,38.059024810791016,50.88623809814453,1006.955703125,104810.6484375,True,True,True,176,0,0,109,178,101,2026-10-03T15:50:57.257998+07:00,100.04642454200075,0.18582127399986348,OK,,True,2026-10-03T15:50:57.443830+07:00,100.23225311200076,0.03310684400003083,OK,,True,1433,0.179125,,2026-10-03T15:50:57.476941+07:00,100.26536469600069,0.03286199499962095,OK,,True,2660,0.3325,
4793290d6ecf45aaad5326541298bf5f,102,2026-10-03T15:50:58.257909+07:00,101.04632381300053,101.04632381300053,MONITOR,101.19299082500038,0.9999942700005704,0.25182824399962556,8.35860000734101e-05,DISABLED,on,user_reported,38.060935974121094,50.90534591674805,1006.910703125,105068.75,True,True,True,176,0,0,109,178,101,2026-10-03T15:50:58.257990+07:00,101.04641596000056,0.1858032029995229,OK,,True,2026-10-03T15:50:58.443802+07:00,101.23222521800017,0.0330524000000878,OK,,True,1436,0.1795,,2026-10-03T15:50:58.476860+07:00,101.26528276600038,0.03286060600021301,OK,,True,2664,0.333,
4793290d6ecf45aaad5326541298bf5f,103,2026-10-03T15:50:59.257959+07:00,102.04637309200007,102.04637309200007,MONITOR,102.19304010399992,1.0000492789995405,0.25189141200007725,0.00013286499961395748,DISABLED,on,user_reported,38.06285095214844,50.89306640625,1006.91375,105393.1640625,True,True,True,176,0,0,109,178,101,2026-10-03T15:50:59.258046+07:00,102.04647170200042,0.18581651899967255,OK,,True,2026-10-03T15:50:59.443872+07:00,102.23229481399994,0.033100344000558835,OK,,True,1440,0.18,,2026-10-03T15:50:59.476978+07:00,102.26540041699991,0.03285445800065645,OK,,True,2662,0.33275,
4793290d6ecf45aaad5326541298bf5f,104,2026-10-03T15:51:00.257914+07:00,103.04632978900008,103.04632978900008,MONITOR,103.19299680099994,0.999956697000016,0.251999691000492,8.956199962995015e-05,DISABLED,on,user_reported,38.053279876708984,50.879146575927734,1006.912109375,105393.1640625,True,True,True,176,0,0,109,178,101,2026-10-03T15:51:00.257992+07:00,103.04641864000041,0.1858138349998626,OK,,True,2026-10-03T15:51:00.443816+07:00,103.23223838300055,0.03323521299989807,OK,,True,1448,0.181,,2026-10-03T15:51:00.477056+07:00,103.26547848500013,0.03284268100014742,OK,,True,2658,0.33225,
4793290d6ecf45aaad5326541298bf5f,105,2026-10-03T15:51:01.257913+07:00,104.04632877299991,104.04632877299991,MONITOR,104.19299578499977,0.9999989839998307,0.25185301000055915,8.85459994606208e-05,DISABLED,on,user_reported,38.05009078979492,50.903804779052734,1006.900078125,106113.9921875,True,True,True,176,0,0,109,177,101,2026-10-03T15:51:01.257992+07:00,104.0464186980007,0.18580842899973504,OK,,True,2026-10-03T15:51:01.443811+07:00,104.23223347900057,0.03306199300004664,OK,,True,1437,0.179625,,2026-10-03T15:51:01.476877+07:00,104.26530038000055,0.032871458000045095,OK,,True,2661,0.332625,
4793290d6ecf45aaad5326541298bf5f,106,2026-10-03T15:51:02.257910+07:00,105.0463259320004,105.0463259320004,MONITOR,105.19299294400025,0.9999971590004861,0.25232326700006524,8.570499994675629e-05,DISABLED,on,user_reported,38.03668975830078,50.8956184387207,1006.919375,105850.734375,True,True,True,176,0,0,109,178,101,2026-10-03T15:51:02.257990+07:00,105.04641646800064,0.1858041539999249,OK,,True,2026-10-03T15:51:02.443805+07:00,105.23222740000074,0.033509487999253906,OK,,True,1449,0.181125,,2026-10-03T15:51:02.477318+07:00,105.2657416660004,0.03289973600021767,OK,,True,2659,0.33237500000000003,
4793290d6ecf45aaad5326541298bf5f,107,2026-10-03T15:51:03.257915+07:00,106.04633019300036,106.04633019300036,MONITOR,106.19299720500021,1.0000042609999582,0.25182212599975173,8.996599990496179e-05,DISABLED,on,user_reported,38.0296745300293,50.9134635925293,1006.915,106048.0546875,True,True,True,176,0,0,109,178,101,2026-10-03T15:51:03.257995+07:00,106.04642054400028,0.18581248900045466,OK,,True,2026-10-03T15:51:03.443816+07:00,106.23223871800019,0.03305614200053242,OK,,True,1444,0.1805,,2026-10-03T15:51:03.476877+07:00,106.26529930500055,0.03284371799963992,OK,,True,2663,0.33287500000000003,
4793290d6ecf45aaad5326541298bf5f,108,2026-10-03T15:51:04.257914+07:00,107.04632963099994,107.04632963099994,MONITOR,107.19299664299979,0.9999994379995769,0.2519326270003148,8.940399948187405e-05,DISABLED,on,user_reported,38.02138137817383,50.91856384277344,1006.983828125,106511.3359375,True,True,True,176,0,0,109,178,101,2026-10-03T15:51:04.257991+07:00,107.0464173700002,0.18581756500043412,OK,,True,2026-10-03T15:51:04.443820+07:00,107.23224267600017,0.03314382600001409,OK,,True,1447,0.180875,,2026-10-03T15:51:04.476969+07:00,107.26539159500044,0.032861773999684374,OK,,True,2660,0.3325,
4793290d6ecf45aaad5326541298bf5f,109,2026-10-03T15:51:05.257948+07:00,108.04636242900051,108.04636242900051,MONITOR,108.19302944100036,1.000032798000575,0.25196186899938766,0.0001222020000568591,DISABLED,on,user_reported,38.03095245361328,50.93247985839844,1006.965,106978.6875,True,True,True,176,0,0,109,177,101,2026-10-03T15:51:05.258033+07:00,108.04645966800035,0.18581743699996878,OK,,True,2026-10-03T15:51:05.443863+07:00,108.23228504899998,0.033103513000241946,OK,,True,1450,0.18125,,2026-10-03T15:51:05.476971+07:00,108.26539398800014,0.03292090300055861,OK,,True,2665,0.333125,
4793290d6ecf45aaad5326541298bf5f,110,2026-10-03T15:51:06.257909+07:00,109.04632438499993,109.04632438499993,MONITOR,109.19299139699979,0.9999619559994244,0.25207492600020487,8.415799948124913e-05,DISABLED,on,user_reported,38.02775955200195,50.93203353881836,1006.966796875,106577.8515625,True,True,True,176,0,0,109,178,101,2026-10-03T15:51:06.257988+07:00,109.04641475400058,0.1858098089996929,OK,,True,2026-10-03T15:51:06.443809+07:00,109.23223193300055,0.033273973999712325,OK,,True,1453,0.181625,,2026-10-03T15:51:06.477088+07:00,109.26551118499992,0.032878608000828535,OK,,True,2662,0.33275,
4793290d6ecf45aaad5326541298bf5f,111,2026-10-03T15:51:07.257909+07:00,110.04632496100021,110.04632496100021,MONITOR,110.19299197300006,1.000000576000275,0.25239279500056,8.473399975628126e-05,DISABLED,on,user_reported,38.023292541503906,50.93767166137695,1006.993828125,107112.96875,True,True,True,176,0,0,109,178,101,2026-10-03T15:51:07.257990+07:00,110.04641647800054,0.18581323599937605,OK,,True,2026-10-03T15:51:07.443816+07:00,110.23223795500053,0.033512304999931075,OK,,True,1455,0.181875,,2026-10-03T15:51:07.477333+07:00,110.26575581599991,0.03295136600081605,OK,,True,2658,0.33225,
4793290d6ecf45aaad5326541298bf5f,112,2026-10-03T15:51:08.257914+07:00,111.0463299160001,111.0463299160001,MONITOR,111.19299692799996,1.0000049549998948,0.25181747100032226,8.968899965111632e-05,DISABLED,on,user_reported,38.02074432373047,50.956146240234375,1006.94859375,108268.1328125,True,True,True,176,0,0,109,177,101,2026-10-03T15:51:08.257996+07:00,111.04642187800073,0.1857953679991624,OK,,True,2026-10-03T15:51:08.443802+07:00,111.23222506100046,0.03304193999974814,OK,,True,1445,0.180625,,2026-10-03T15:51:08.476849+07:00,111.26527216700015,0.03286623900021368,OK,,True,2657,0.332125,
4793290d6ecf45aaad5326541298bf5f,113,2026-10-03T15:51:09.257914+07:00,112.04632995500015,112.04632995500015,MONITOR,112.192996967,1.0000000390000423,0.2518404170004942,8.972799969342304e-05,DISABLED,on,user_reported,38.011810302734375,50.94860076904297,1006.975234375,107247.59375,True,True,True,176,0,0,109,178,101,2026-10-03T15:51:09.257997+07:00,112.04642343500018,0.18580311000005167,OK,,True,2026-10-03T15:51:09.443811+07:00,112.23223399000017,0.033064809999814315,OK,,True,1450,0.18125,,2026-10-03T15:51:09.476880+07:00,112.26530296700003,0.03285870200033969,OK,,True,2659,0.33237500000000003,
4793290d6ecf45aaad5326541298bf5f,114,2026-10-03T15:51:10.257915+07:00,113.0463298170007,113.0463298170007,MONITOR,113.19299682900055,0.9999998620005499,0.2518252539994137,8.959000024333363e-05,DISABLED,on,user_reported,38.00287628173828,50.95988464355469,1006.947109375,107450.15625,True,True,True,176,0,0,109,178,101,2026-10-03T15:51:10.257992+07:00,113.04641842799992,0.18580748200020025,OK,,True,2026-10-03T15:51:10.443811+07:00,113.23223370600044,0.033054403999813076,OK,,True,1448,0.181,,2026-10-03T15:51:10.476870+07:00,113.2652928690004,0.0328522569998313,OK,,True,2662,0.33275,
4793290d6ecf45aaad5326541298bf5f,115,2026-10-03T15:51:11.257916+07:00,114.04633200400076,114.04633200400076,MONITOR,114.19299901600061,1.0000021870000637,0.251874439999483,9.177700030704727e-05,DISABLED,on,user_reported,37.99585723876953,50.958892822265625,1006.9425,107857.59375,True,True,True,176,0,0,109,178,101,2026-10-03T15:51:11.257997+07:00,114.04642365100062,0.18580555799962895,OK,,True,2026-10-03T15:51:11.443813+07:00,114.23223670900006,0.03307727399987925,OK,,True,1443,0.180375,,2026-10-03T15:51:11.476896+07:00,114.26531957600037,0.032876461000341806,OK,,True,2661,0.332625,
4793290d6ecf45aaad5326541298bf5f,116,2026-10-03T15:51:12.257910+07:00,115.04632529199989,115.04632529199989,MONITOR,115.19299230399974,0.999993287999132,0.25188388700007636,8.50649994390551e-05,DISABLED,on,user_reported,37.99458312988281,50.97755432128906,1006.92,108336.859375,True,True,True,176,0,0,109,178,101,2026-10-03T15:51:12.257993+07:00,115.04641912500028,0.1858056150003904,OK,,True,2026-10-03T15:51:12.443811+07:00,115.23223262900046,0.03310468099971331,OK,,True,1453,0.181625,,2026-10-03T15:51:12.476919+07:00,115.2653423290003,0.032858165000106965,OK,,True,2662,0.33275,
4793290d6ecf45aaad5326541298bf5f,117,2026-10-03T15:51:13.257911+07:00,116.04632646000027,116.04632646000027,MONITOR,116.19299347200013,1.0000011680003809,0.2521302570003172,8.623299981991295e-05,DISABLED,on,user_reported,37.97416687011719,50.97465515136719,1006.91421875,108268.1328125,True,True,True,176,0,0,109,177,101,2026-10-03T15:51:13.257990+07:00,116.04641642200022,0.18580633900000976,OK,,True,2026-10-03T15:51:13.443807+07:00,116.23222998300025,0.0333304389996556,OK,,True,1452,0.1815,,2026-10-03T15:51:13.477142+07:00,116.26556547700056,0.03288227699977142,OK,,True,2663,0.33287500000000003,
4793290d6ecf45aaad5326541298bf5f,118,2026-10-03T15:51:14.257916+07:00,117.04633106300025,117.04633106300025,MONITOR,117.1929980750001,1.0000046029999794,0.2518177990004915,9.083599979931023e-05,DISABLED,on,user_reported,37.975440979003906,50.987388610839844,1006.94375,108199.4921875,True,True,True,176,0,0,109,177,101,2026-10-03T15:51:14.257995+07:00,117.04642145100024,0.18580078500053787,OK,,True,2026-10-03T15:51:14.443807+07:00,117.23222968000027,0.033049923999897146,OK,,True,1447,0.180875,,2026-10-03T15:51:14.476861+07:00,117.26528402900021,0.03285570400021243,OK,,True,2661,0.332625,
4793290d6ecf45aaad5326541298bf5f,119,2026-10-03T15:51:15.257945+07:00,118.04635376700026,118.04635376700026,MONITOR,118.19302077900011,1.0000227040000027,0.26458853500025725,0.00011353999980201479,DISABLED,on,user_reported,37.9677848815918,50.99258804321289,1006.8903125,108062.4765625,True,True,True,176,0,0,109,178,101,2026-10-03T15:51:15.258086+07:00,118.04651139500038,0.19151407699973788,OK,,True,2026-10-03T15:51:15.449651+07:00,118.23806984200019,0.03554576700025791,OK,,True,1474,0.18425,,2026-10-03T15:51:15.485207+07:00,118.2736265170006,0.03729784099959943,OK,,True,2671,0.33387500000000003,
4793290d6ecf45aaad5326541298bf5f,120,2026-10-03T15:51:16.258011+07:00,119.04641681300018,119.04641681300018,MONITOR,119.19308382500003,1.000063045999923,0.26249398599975393,0.00017658599972492084,DISABLED,on,user_reported,37.96076583862305,51.01042938232422,1006.878828125,108612.640625,True,True,True,176,0,0,109,178,101,2026-10-03T15:51:16.258159+07:00,119.04658388500047,0.1919499449995783,OK,,True,2026-10-03T15:51:16.450134+07:00,119.23855223700048,0.035604155999862996,OK,,True,1447,0.180875,,2026-10-03T15:51:16.485748+07:00,119.27416826300032,0.034722962000159896,OK,,True,2671,0.33387500000000003,
4793290d6ecf45aaad5326541298bf5f,121,2026-10-03T15:51:17.257952+07:00,120.0463625729999,120.0463625729999,MONITOR,120.19302958499975,0.9999457599997186,0.26237973000024795,0.0001223459994434961,DISABLED,on,user_reported,37.9537467956543,51.01571273803711,1006.901796875,108889.8359375,True,True,True,176,0,0,109,178,101,2026-10-03T15:51:17.258071+07:00,120.04649657100072,0.19122615899959783,OK,,True,2026-10-03T15:51:17.449321+07:00,120.2377393960005,0.03590894900025887,OK,,True,1447,0.180875,,2026-10-03T15:51:17.485239+07:00,120.27365964100045,0.03506523600026412,OK,,True,2669,0.333625,
4793290d6ecf45aaad5326541298bf5f,122,2026-10-03T15:51:18.257926+07:00,121.04634176700074,121.04634176700074,MONITOR,121.19300877900059,0.9999791940008436,0.25207678799961286,0.00010154000028705923,DISABLED,on,user_reported,37.955665588378906,51.0285530090332,1006.898125,110226.046875,True,True,True,176,0,0,109,177,101,2026-10-03T15:51:18.258009+07:00,121.04643534000024,0.18581064400041214,OK,,True,2026-10-03T15:51:18.443831+07:00,121.23225389100025,0.03329127400047582,OK,,True,1444,0.1805,,2026-10-03T15:51:18.477127+07:00,121.26555070199993,0.03285846400012815,OK,,True,2663,0.33287500000000003,
4793290d6ecf45aaad5326541298bf5f,123,2026-10-03T15:51:19.257916+07:00,122.0463312490001,122.0463312490001,MONITOR,122.19299826099996,0.9999894819993642,0.25181555100061814,9.102199965127511e-05,DISABLED,on,user_reported,37.94736862182617,51.04621505737305,1006.925859375,108959.3515625,True,True,True,176,0,0,109,178,101,2026-10-03T15:51:19.258000+07:00,122.04642611800045,0.18581025599996792,OK,,True,2026-10-03T15:51:19.443823+07:00,122.23224480000044,0.03305385099974956,OK,,True,1445,0.180625,,2026-10-03T15:51:19.476880+07:00,122.26530329900015,0.03283479800029454,OK,,True,2660,0.3325,
4793290d6ecf45aaad5326541298bf5f,124,2026-10-03T15:51:20.257911+07:00,123.04632681300063,123.04632681300063,MONITOR,123.19299382500049,0.9999955640005282,0.2518187939995187,8.658600017952267e-05,DISABLED,on,user_reported,37.93716049194336,51.051048278808594,1006.92984375,109518.71875,True,True,True,176,0,0,109,177,101,2026-10-03T15:51:20.257994+07:00,123.04642057100045,0.18580366599962872,OK,,True,2026-10-03T15:51:20.443808+07:00,123.23223120000057,0.033051220999368525,OK,,True,1452,0.1815,,2026-10-03T15:51:20.476865+07:00,123.2652878100007,0.03284922300008475,OK,,True,2665,0.333125,
4793290d6ecf45aaad5326541298bf5f,125,2026-10-03T15:51:21.257945+07:00,124.04635979300019,124.04635979300019,MONITOR,124.19302680500004,1.0000329799995598,0.2518497219998608,0.0001195659997392795,DISABLED,on,user_reported,37.94673156738281,51.058692932128906,1006.904140625,109518.71875,True,True,True,176,0,0,109,177,101,2026-10-03T15:51:21.258030+07:00,124.04645632900065,0.18581388899929152,OK,,True,2026-10-03T15:51:21.443854+07:00,124.23227684800077,0.033042832999854,OK,,True,1446,0.18075,,2026-10-03T15:51:21.476901+07:00,124.26532464400043,0.03287587100021483,OK,,True,2664,0.333,
4793290d6ecf45aaad5326541298bf5f,126,2026-10-03T15:51:22.257948+07:00,125.04636235599992,125.04636235599992,MONITOR,125.19302936799977,1.0000025629997253,0.25182342900006915,0.0001221289994646213,DISABLED,on,user_reported,37.943538665771484,51.070796966552734,1006.919609375,109028.9609375,True,True,True,176,0,0,109,178,101,2026-10-03T15:51:22.258033+07:00,125.04645885500031,0.18581694699969376,OK,,True,2026-10-03T15:51:22.443862+07:00,125.2322841539999,0.03304331400067895,OK,,True,1436,0.1795,,2026-10-03T15:51:22.476910+07:00,125.26533274600024,0.03284329800044361,OK,,True,2664,0.333,
4793290d6ecf45aaad5326541298bf5f,127,2026-10-03T15:51:23.257969+07:00,126.04637653999998,126.04637653999998,MONITOR,126.19304355199984,1.0000141840000651,0.2625401680006689,0.00013631299952976406,DISABLED,on,user_reported,37.93971252441406,51.08282470703125,1006.886015625,109448.484375,True,True,True,176,0,0,109,178,101,2026-10-03T15:51:23.258117+07:00,126.04654129700066,0.19156749800004036,OK,,True,2026-10-03T15:51:23.449708+07:00,126.2381262580002,0.03554845500002557,OK,,True,1469,0.183625,,2026-10-03T15:51:23.485267+07:00,126.27368595400003,0.03521140300017578,OK,,True,2680,0.335,
4793290d6ecf45aaad5326541298bf5f,128,2026-10-03T15:51:24.257970+07:00,127.04638408400024,127.04638408400024,MONITOR,127.19305109600009,1.0000075440002547,0.25207218900050066,0.0001438569997844752,DISABLED,on,user_reported,37.93205642700195,51.08173751831055,1006.921484375,109800.5546875,True,True,True,176,0,0,109,178,101,2026-10-03T15:51:24.258059+07:00,127.04648486000042,0.1858170980003706,OK,,True,2026-10-03T15:51:24.443887+07:00,127.23230944000079,0.03329060899977776,OK,,True,1440,0.18,,2026-10-03T15:51:24.477183+07:00,127.26560490100019,0.03284228000029543,OK,,True,2662,0.33275,
4793290d6ecf45aaad5326541298bf5f,129,2026-10-03T15:51:25.257963+07:00,128.04637491500034,128.04637491500034,MONITOR,128.1930419270002,0.9999908310001047,0.25178295400019124,0.00013468799988913815,DISABLED,on,user_reported,37.92694854736328,51.112430572509766,1006.975,109942.0234375,True,True,True,176,0,0,109,178,101,2026-10-03T15:51:25.258055+07:00,128.0464812099999,0.18582217300081538,OK,,True,2026-10-03T15:51:25.443888+07:00,128.23231049400056,0.03299892799986992,OK,,True,1447,0.180875,,2026-10-03T15:51:25.476891+07:00,128.26531429200077,0.032834317999913765,OK,,True,2665,0.333125,
4793290d6ecf45aaad5326541298bf5f,130,2026-10-03T15:51:26.257954+07:00,129.04636831000062,129.04636831000062,MONITOR,129.19303532200047,0.9999933950002742,0.2518273819996466,0.00012808300016331486,DISABLED,on,user_reported,37.9224853515625,51.118072509765625,1006.99515625,110012.890625,True,True,True,176,0,0,109,178,101,2026-10-03T15:51:26.258041+07:00,129.04646697499993,0.18580430600013642,OK,,True,2026-10-03T15:51:26.443856+07:00,129.2322786320001,0.03305129799991846,OK,,True,1438,0.17975,,2026-10-03T15:51:26.476911+07:00,129.26533544800077,0.032850261999556096,OK,,True,2661,0.332625,
4793290d6ecf45aaad5326541298bf5f,131,2026-10-03T15:51:27.257922+07:00,130.04633752900008,130.04633752900008,MONITOR,130.19300454099994,0.9999692189994676,0.2518783840005199,9.730199963087216e-05,DISABLED,on,user_reported,37.92375946044922,51.13711166381836,1006.962890625,110440.03125,True,True,True,176,0,0,109,178,101,2026-10-03T15:51:27.258006+07:00,130.04643254700022,0.1858050099999673,OK,,True,2026-10-03T15:51:27.443823+07:00,130.23224605700034,0.03307375999975193,OK,,True,1451,0.181375,,2026-10-03T15:51:27.476903+07:00,130.26532583600056,0.03288004000023648,OK,,True,2658,0.33225,
4793290d6ecf45aaad5326541298bf5f,132,2026-10-03T15:51:28.257937+07:00,131.04635294200034,131.04635294200034,MONITOR,131.1930199540002,1.0000154130002556,0.25183918200036715,0.00011271499988652067,DISABLED,on,user_reported,37.913551330566406,51.13565444946289,1006.9465625,110583.15625,True,True,True,176,0,0,109,178,101,2026-10-03T15:51:28.258022+07:00,131.0464484590002,0.18580906799979857,OK,,True,2026-10-03T15:51:28.443843+07:00,131.2322649710004,0.033057798000299954,OK,,True,1434,0.17925,,2026-10-03T15:51:28.476904+07:00,131.26532782499999,0.032855039999958535,OK,,True,2665,0.333125,
4793290d6ecf45aaad5326541298bf5f,133,2026-10-03T15:51:29.258866+07:00,132.04726905799998,132.04726905799998,MONITOR,132.19393606999984,1.0009161159996438,0.26286317900030554,0.001028830999530328,DISABLED,on,user_reported,37.9199333190918,51.15541458129883,1006.9909375,110583.15625,True,True,True,176,0,0,109,178,101,2026-10-03T15:51:29.259032+07:00,132.04745613000068,0.1917972089995601,OK,,True,2026-10-03T15:51:29.450852+07:00,132.23927030200048,0.03552856799979054,OK,,True,1462,0.18275,,2026-10-03T15:51:29.486391+07:00,132.27481062900006,0.03529962599986902,OK,,True,2670,0.33375,
4793290d6ecf45aaad5326541298bf5f,134,2026-10-03T15:51:30.257932+07:00,133.04634757200074,133.04634757200074,MONITOR,133.1930145840006,0.9990785140007574,0.2519893700000466,0.00010734500028775074,DISABLED,on,user_reported,37.913551330566406,51.167083740234375,1006.919140625,111014.7421875,True,True,True,176,0,0,109,178,101,2026-10-03T15:51:30.258011+07:00,133.04643751500043,0.18580864500017924,OK,,True,2026-10-03T15:51:30.443831+07:00,133.23225366000042,0.03322679699977016,OK,,True,1440,0.18,,2026-10-03T15:51:30.477062+07:00,133.26548573500077,0.032842466999682074,OK,,True,2659,0.33237500000000003,
4793290d6ecf45aaad5326541298bf5f,135,2026-10-03T15:51:31.258643+07:00,134.04705428100078,134.04705428100078,MONITOR,134.19372129300064,1.0007067090000419,0.2519660219995785,0.0008140540003296337,DISABLED,on,user_reported,37.906532287597656,51.15979766845703,1006.91453125,110870.5078125,True,True,True,176,0,0,109,178,101,2026-10-03T15:51:31.258743+07:00,134.0471691140001,0.18586495999988983,OK,,True,2026-10-03T15:51:31.444620+07:00,134.23304263000045,0.033088428000155545,OK,,True,1443,0.180375,,2026-10-03T15:51:31.477714+07:00,134.2661364280002,0.03287478200036276,OK,,True,2663,0.33287500000000003,
4793290d6ecf45aaad5326541298bf5f,136,2026-10-03T15:51:32.259302+07:00,135.04771822200019,135.04771822200019,MONITOR,135.19438523400004,1.0006639409994023,0.25204085600034887,0.0014779949997318909,DISABLED,on,user_reported,37.90398406982422,51.1720085144043,1006.944765625,111159.359375,True,True,True,176,0,0,109,177,101,2026-10-03T15:51:32.259377+07:00,135.04780299899994,0.18584322200058523,OK,,True,2026-10-03T15:51:32.445231+07:00,135.2336536290004,0.03310959400005231,OK,,True,1444,0.1805,,2026-10-03T15:51:32.478345+07:00,135.26676798300014,0.03297994700005802,OK,,True,2660,0.3325,
4793290d6ecf45aaad5326541298bf5f,137,2026-10-03T15:51:33.257927+07:00,136.04634248999992,136.04634248999992,MONITOR,136.19300950199977,0.9986242679997304,0.251941841000189,0.00010226299946225481,DISABLED,on,user_reported,37.90462112426758,51.172096252441406,1006.918359375,111231.8046875,True,True,True,176,0,0,109,177,101,2026-10-03T15:51:33.258002+07:00,136.046428785,0.1858187240004554,OK,,True,2026-10-03T15:51:33.443834+07:00,136.23225569400074,0.03310968799996772,OK,,True,1445,0.180625,,2026-10-03T15:51:33.476948+07:00,136.26537112300048,0.03290370800004894,OK,,True,2666,0.33325,
4793290d6ecf45aaad5326541298bf5f,138,2026-10-03T15:51:34.260147+07:00,137.04855696899995,137.04855696899995,MONITOR,137.1952239809998,1.0022144790000311,0.252007861000493,0.002316741999493388,DISABLED,on,user_reported,37.89887619018555,51.17756271362305,1006.91578125,111159.359375,True,True,True,176,0,0,109,177,101,2026-10-03T15:51:34.260261+07:00,137.04868585700024,0.1858717989998695,OK,,True,2026-10-03T15:51:34.446144+07:00,137.23456589600028,0.03310952100036957,OK,,True,1440,0.18,,2026-10-03T15:51:34.479257+07:00,137.2676805660003,0.03287537500000326,OK,,True,2655,0.33187500000000003,
4793290d6ecf45aaad5326541298bf5f,139,2026-10-03T15:51:35.257947+07:00,138.04636020700036,138.04636020700036,MONITOR,138.19302721900021,0.9978032380004151,0.25189058700016176,0.00011997999990853714,DISABLED,on,user_reported,37.88547897338867,51.1756591796875,1006.859921875,111159.359375,True,True,True,176,0,0,109,177,101,2026-10-03T15:51:35.258033+07:00,138.0464597250002,0.18582054200032871,OK,,True,2026-10-03T15:51:35.443868+07:00,138.23228937800013,0.033059983999919496,OK,,True,1437,0.179625,,2026-10-03T15:51:35.476932+07:00,138.26535495500048,0.03288676499960275,OK,,True,2664,0.333,
4793290d6ecf45aaad5326541298bf5f,140,2026-10-03T15:51:36.257929+07:00,139.0463448010005,139.0463448010005,MONITOR,139.19301181300034,0.9999845940001251,0.25217801199960377,0.00010457400003360817,DISABLED,on,user_reported,37.88484191894531,51.181854248046875,1006.941015625,111014.7421875,True,True,True,176,0,0,109,178,101,2026-10-03T15:51:36.258004+07:00,139.04643080000005,0.1858249140004773,OK,,True,2026-10-03T15:51:36.443842+07:00,139.23226467700079,0.03332955599944398,OK,,True,1445,0.180625,,2026-10-03T15:51:36.477177+07:00,139.26560021500063,0.03291081999941525,OK,,True,2663,0.33287500000000003,
4793290d6ecf45aaad5326541298bf5f,141,2026-10-03T15:51:37.257930+07:00,140.04634594100025,140.04634594100025,MONITOR,140.1930129530001,1.0000011399997675,0.2519008870003745,0.00010571399980108254,DISABLED,on,user_reported,37.872718811035156,51.180118560791016,1006.9146875,111449.71875,True,True,True,176,0,0,109,178,101,2026-10-03T15:51:37.258007+07:00,140.0464330880004,0.1858313040002031,OK,,True,2026-10-03T15:51:37.443851+07:00,140.23227279999992,0.03305187400019349,OK,,True,1441,0.180125,,2026-10-03T15:51:37.476907+07:00,140.265329674,0.03290691300026083,OK,,True,2667,0.33337500000000003,
4793290d6ecf45aaad5326541298bf5f,142,2026-10-03T15:51:38.257914+07:00,141.04633014499996,141.04633014499996,MONITOR,141.1929971569998,0.999984203999702,0.2519219260002501,8.991799950308632e-05,DISABLED,on,user_reported,37.87335968017578,51.192787170410156,1006.93625,111595.46875,True,True,True,176,0,0,109,178,101,2026-10-03T15:51:38.257995+07:00,141.04642120000062,0.18582260199946177,OK,,True,2026-10-03T15:51:38.443830+07:00,141.23225272800028,0.033090095999796176,OK,,True,1449,0.181125,,2026-10-03T15:51:38.476925+07:00,141.2653486019999,0.03289332100030151,OK,,True,2660,0.3325,
4793290d6ecf45aaad5326541298bf5f,143,2026-10-03T15:51:39.257908+07:00,142.0463246170002,142.0463246170002,MONITOR,142.19299162900006,0.9999944720002532,0.2519252050005889,8.438999975624029e-05,DISABLED,on,user_reported,37.862510681152344,51.19752883911133,1006.898046875,111668.484375,True,True,True,176,0,0,109,178,101,2026-10-03T15:51:39.257984+07:00,142.0464104120001,0.18581812200045533,OK,,True,2026-10-03T15:51:39.443815+07:00,142.23223733100076,0.03310122599941678,OK,,True,1457,0.182125,,2026-10-03T15:51:39.476920+07:00,142.26534376100062,0.03289741299977322,OK,,True,2657,0.332125,
4793290d6ecf45aaad5326541298bf5f,144,2026-10-03T15:51:40.257937+07:00,143.0463513370005,143.0463513370005,MONITOR,143.19301834900034,1.0000267200002781,0.2519225229998483,0.00011111000003438676,DISABLED,on,user_reported,37.85995864868164,51.21602249145508,1006.8803125,112035.0078125,True,True,True,176,0,0,109,178,101,2026-10-03T15:51:40.258023+07:00,143.0464491140001,0.1858255500001178,OK,,True,2026-10-03T15:51:40.443861+07:00,143.2322832560003,0.03306428300038533,OK,,True,1452,0.1815,,2026-10-03T15:51:40.476930+07:00,143.26535290900028,0.03291156199975376,OK,,True,2661,0.332625,
4793290d6ecf45aaad5326541298bf5f,145,2026-10-03T15:51:41.257909+07:00,144.04632495600072,144.04632495600072,MONITOR,144.19299196800057,0.9999736190002295,0.25194665499930124,8.472900026390562e-05,DISABLED,on,user_reported,37.85038757324219,51.227230072021484,1006.9059375,111961.515625,True,True,True,176,0,0,109,177,101,2026-10-03T15:51:41.257988+07:00,144.04641451099997,0.18582721800066793,OK,,True,2026-10-03T15:51:41.443829+07:00,144.23225097000068,0.0330532640000456,OK,,True,1441,0.180125,,2026-10-03T15:51:41.476888+07:00,144.26530995600024,0.0329506730004141,OK,,True,2662,0.33275,
4793290d6ecf45aaad5326541298bf5f,146,2026-10-03T15:51:42.257946+07:00,145.04635980500007,145.04635980500007,MONITOR,145.19302681699992,1.0000348489993485,0.2520133230000283,0.0001195779996123747,DISABLED,on,user_reported,37.847198486328125,51.220489501953125,1006.90078125,111888.109375,True,True,True,176,0,0,109,177,101,2026-10-03T15:51:42.258032+07:00,145.0464580630005,0.18583833100001357,OK,,True,2026-10-03T15:51:42.443883+07:00,145.23230476400022,0.033138431000224955,OK,,True,1439,0.179875,,2026-10-03T15:51:42.477026+07:00,145.2654488799999,0.03291448800064245,OK,,True,2657,0.332125,
4793290d6ecf45aaad5326541298bf5f,147,2026-10-03T15:51:43.257920+07:00,146.04633529300008,146.04633529300008,MONITOR,146.19300230499994,0.9999754880000182,0.2522077849998823,9.50659996306058e-05,DISABLED,on,user_reported,37.846561431884766,51.226688385009766,1006.9134375,111741.59375,True,True,True,176,0,0,109,178,101,2026-10-03T15:51:43.257998+07:00,146.04642486600005,0.18584635100069136,OK,,True,2026-10-03T15:51:43.443859+07:00,146.23228127200036,0.03334061399982602,OK,,True,1452,0.1815,,2026-10-03T15:51:43.477204+07:00,146.26562729300076,0.03290519299935113,OK,,True,2661,0.332625,
4793290d6ecf45aaad5326541298bf5f,148,2026-10-03T15:51:44.257915+07:00,147.04633149300025,147.04633149300025,MONITOR,147.1929985050001,0.9999962000001688,0.25214563999998063,9.126599979936145e-05,DISABLED,on,user_reported,37.840179443359375,51.2194938659668,1006.958046875,112182.296875,True,True,True,176,0,0,109,178,101,2026-10-03T15:51:44.258011+07:00,147.0464369170004,0.18581809399984195,OK,,True,2026-10-03T15:51:44.443841+07:00,147.2322638250007,0.03329896699960955,OK,,True,1452,0.1815,,2026-10-03T15:51:44.477147+07:00,147.26556894000078,0.03289819299970986,OK,,True,2660,0.3325,
4793290d6ecf45aaad5326541298bf5f,149,2026-10-03T15:51:45.258003+07:00,148.046409478,148.046409478,MONITOR,148.19307648999984,1.0000779849997343,0.2612601030004953,0.00016925099953368772,DISABLED,on,user_reported,37.83124542236328,51.2370719909668,1006.970859375,112329.96875,True,True,True,176,0,0,109,178,101,2026-10-03T15:51:45.258157+07:00,148.0465806430002,0.19057652599985886,OK,,True,2026-10-03T15:51:45.448752+07:00,148.23717150300035,0.035166464999747404,OK,,True,1445,0.180625,,2026-10-03T15:51:45.483924+07:00,148.2723460420002,0.03530540900010237,OK,,True,2664,0.333,
4793290d6ecf45aaad5326541298bf5f,150,2026-10-03T15:51:46.257980+07:00,149.04638675100068,149.04638675100068,MONITOR,149.19305376300053,0.9999772730006953,0.258796925999377,0.00014652400022896472,DISABLED,on,user_reported,37.821678161621094,51.24200439453125,1006.9965625,112700.859375,True,True,True,176,0,0,109,178,101,2026-10-03T15:51:46.258129+07:00,149.046553786,0.19254958200053807,OK,,True,2026-10-03T15:51:46.450691+07:00,149.2391135530006,0.03294774799996958,OK,,True,1435,0.179375,,2026-10-03T15:51:46.483644+07:00,149.2720665050001,0.033105747000263364,OK,,True,2663,0.33287500000000003,
4793290d6ecf45aaad5326541298bf5f,151,2026-10-03T15:51:47.257916+07:00,150.0463310690002,150.0463310690002,MONITOR,150.19299808100004,0.9999443179995069,0.25297443399995245,9.084199973585783e-05,DISABLED,on,user_reported,37.81912612915039,51.247928619384766,1006.958203125,112849.8984375,True,True,True,176,0,0,109,178,101,2026-10-03T15:51:47.257995+07:00,150.04642121600045,0.18582843199965282,OK,,True,2026-10-03T15:51:47.443836+07:00,150.23225788800028,0.033470225000201026,OK,,True,1449,0.181125,,2026-10-03T15:51:47.477315+07:00,150.26573615000052,0.03355855700010579,OK,,True,2658,0.33225,
4793290d6ecf45aaad5326541298bf5f,152,2026-10-03T15:51:48.257915+07:00,151.04632974700053,151.04632974700053,MONITOR,151.19299675900038,0.9999986780003383,0.25258957000005466,8.952000007411698e-05,DISABLED,on,user_reported,37.81338119506836,51.25967788696289,1006.9625,112775.328125,True,True,True,176,0,0,109,178,101,2026-10-03T15:51:48.257993+07:00,151.04641956100022,0.1858486549999725,OK,,True,2026-10-03T15:51:48.443856+07:00,151.23227801200028,0.03339850399970601,OK,,True,1443,0.180375,,2026-10-03T15:51:48.477261+07:00,151.2656832190005,0.03322232099981193,OK,,True,2660,0.3325,
4793290d6ecf45aaad5326541298bf5f,153,2026-10-03T15:51:49.257922+07:00,152.04633750800076,152.04633750800076,MONITOR,152.1930045200006,1.0000077610002336,0.2527088669994555,9.728100030770293e-05,DISABLED,on,user_reported,37.810829162597656,51.25932693481445,1007.013203125,112700.859375,True,True,True,176,0,0,109,178,101,2026-10-03T15:51:49.257996+07:00,152.04642206300014,0.18585582300056558,OK,,True,2026-10-03T15:51:49.443865+07:00,152.23228749700047,0.03352359499967861,OK,,True,1438,0.17975,,2026-10-03T15:51:49.477396+07:00,152.26581736900062,0.033216840000022785,OK,,True,2659,0.33237500000000003,
4793290d6ecf45aaad5326541298bf5f,154,2026-10-03T15:51:50.257968+07:00,153.04637866600024,153.04637866600024,MONITOR,153.1930456780001,1.0000411579994761,0.253848356999697,0.00013843899978382979,DISABLED,on,user_reported,37.81593322753906,51.26004409790039,1006.884453125,113149.171875,True,True,True,176,0,0,109,178,101,2026-10-03T15:51:50.258077+07:00,153.0465035719999,0.18600984100066853,OK,,True,2026-10-03T15:51:50.444101+07:00,153.23252315400077,0.03456328799984476,OK,,True,1446,0.18075,,2026-10-03T15:51:50.478669+07:00,153.2670920160008,0.03312213699973654,OK,,True,2661,0.332625,
4793290d6ecf45aaad5326541298bf5f,155,2026-10-03T15:51:51.257915+07:00,154.0463316840005,154.0463316840005,MONITOR,154.19299869600036,0.9999530180002694,0.25650538799982314,9.145700005319668e-05,DISABLED,on,user_reported,37.799983978271484,51.27035140991211,1006.940859375,113074.203125,True,True,True,176,0,0,109,178,101,2026-10-03T15:51:51.257988+07:00,154.04641473900028,0.18610911999985547,OK,,True,2026-10-03T15:51:51.444113+07:00,154.2325348960003,0.034808379000423884,OK,,True,1443,0.180375,,2026-10-03T15:51:51.478939+07:00,154.26735696000014,0.03545183500045823,OK,,True,2666,0.33325,
4793290d6ecf45aaad5326541298bf5f,156,2026-10-03T15:51:52.257981+07:00,155.04638811800032,155.04638811800032,MONITOR,155.19305513000018,1.0000564339998164,0.26164961399990716,0.0001478909998695599,DISABLED,on,user_reported,37.796791076660156,51.27618408203125,1006.956328125,113374.6640625,True,True,True,176,0,0,109,178,101,2026-10-03T15:51:52.258137+07:00,155.0465611720001,0.1924089260000983,OK,,True,2026-10-03T15:51:52.450573+07:00,155.23899024599996,0.035650148000058834,OK,,True,1437,0.179625,,2026-10-03T15:51:52.486233+07:00,155.27465282000048,0.0333674309995331,OK,,True,2667,0.33337500000000003,
4793290d6ecf45aaad5326541298bf5f,157,2026-10-03T15:51:53.257986+07:00,156.0463932090006,156.0463932090006,MONITOR,156.19306022100045,1.0000050910002756,0.2640747019995615,0.00015298200014512986,DISABLED,on,user_reported,37.793601989746094,51.263153076171875,1006.916796875,113074.203125,True,True,True,176,0,0,109,178,101,2026-10-03T15:51:53.258126+07:00,156.04655072600053,0.19158449199949246,OK,,True,2026-10-03T15:51:53.449758+07:00,156.23814781000056,0.036904005999531364,OK,,True,1472,0.184,,2026-10-03T15:51:53.486640+07:00,156.2750608160004,0.03538083599960373,OK,,True,2665,0.333125,
4793290d6ecf45aaad5326541298bf5f,158,2026-10-03T15:51:54.257982+07:00,157.04638901199996,157.04638901199996,MONITOR,157.19305602399982,0.999995802999365,0.26564328000040405,0.00014878499951009871,DISABLED,on,user_reported,37.79743194580078,51.28256607055664,1006.95046875,113525.5,True,True,True,176,0,0,109,178,101,2026-10-03T15:51:54.258128+07:00,157.0465530649999,0.1948570340000515,OK,,True,2026-10-03T15:51:54.453005+07:00,157.2414232660003,0.03481276799993793,OK,,True,1438,0.17975,,2026-10-03T15:51:54.487825+07:00,157.27624538600048,0.0357669810000516,OK,,True,2655,0.33187500000000003,
4793290d6ecf45aaad5326541298bf5f,159,2026-10-03T15:51:55.257991+07:00,158.0463998410005,158.0463998410005,MONITOR,158.19306685300035,1.00001082900053,0.2588422239996362,0.00015961400004016468,DISABLED,on,user_reported,37.791053771972656,51.269073486328125,1006.96078125,113374.6640625,True,True,True,176,0,0,109,177,101,2026-10-03T15:51:55.258119+07:00,158.0465441920005,0.187836273999892,OK,,True,2026-10-03T15:51:55.445971+07:00,158.2343916509999,0.03595931300060329,OK,,True,1429,0.178625,,2026-10-03T15:51:55.481936+07:00,158.27035809300014,0.03486573100053647,OK,,True,2668,0.3335,
4793290d6ecf45aaad5326541298bf5f,160,2026-10-03T15:51:56.257966+07:00,159.0463725870004,159.0463725870004,MONITOR,159.19303959900026,0.9999727459999121,0.2729024689997459,0.00013235999995231396,DISABLED,on,user_reported,37.778289794921875,51.2609748840332,1006.892109375,113601.0625,True,True,True,176,0,0,109,178,101,2026-10-03T15:51:56.258121+07:00,159.04654543700053,0.19788961699941865,OK,,True,2026-10-03T15:51:56.456030+07:00,159.2444485720007,0.03945960999953968,OK,,True,1429,0.178625,,2026-10-03T15:51:56.495495+07:00,159.2839161259999,0.03533678200074064,OK,,True,2661,0.332625,
4793290d6ecf45aaad5326541298bf5f,161,2026-10-03T15:51:57.258012+07:00,160.04641739599992,160.04641739599992,MONITOR,160.19308440799978,1.0000448089995189,0.2633402000001297,0.0001771689994711778,DISABLED,on,user_reported,37.78020477294922,51.26753234863281,1006.929609375,113676.734375,True,True,True,176,0,0,109,178,101,2026-10-03T15:51:57.258199+07:00,160.04662363400075,0.19177712599957886,OK,,True,2026-10-03T15:51:57.449995+07:00,160.23841385300057,0.03730244700000185,OK,,True,1453,0.181625,,2026-10-03T15:51:57.487314+07:00,160.2757307440006,0.034005573999820626,OK,,True,2653,0.331625,
4793290d6ecf45aaad5326541298bf5f,162,2026-10-03T15:51:58.257983+07:00,161.04639064000003,161.04639064000003,MONITOR,161.19305765199988,0.9999732440001026,0.2732296000003771,0.00015041299957374576,DISABLED,on,user_reported,37.777652740478516,51.26716613769531,1006.911640625,113980.40625,True,True,True,176,0,0,109,178,101,2026-10-03T15:51:58.258133+07:00,161.04655769300007,0.19177575800040358,OK,,True,2026-10-03T15:51:58.449928+07:00,161.2383468580001,0.03987529100049869,OK,,True,1449,0.181125,,2026-10-03T15:51:58.489815+07:00,161.27823414900013,0.04136494300018967,OK,,True,2661,0.332625,
4793290d6ecf45aaad5326541298bf5f,163,2026-10-03T15:51:59.257925+07:00,162.04634102199998,162.04634102199998,MONITOR,162.19300803399983,0.9999503819999518,0.2516298810005537,0.00010079499952553306,DISABLED,on,user_reported,37.77637481689453,51.26069641113281,1006.90953125,114132.859375,True,True,True,176,0,0,109,178,101,2026-10-03T15:51:59.258008+07:00,162.04643394699997,0.1858052650004538,OK,,True,2026-10-03T15:51:59.443824+07:00,162.23224728600053,0.033036492000064754,OK,,True,1437,0.179625,,2026-10-03T15:51:59.476865+07:00,162.26528844400036,0.032668328999534424,OK,,True,2657,0.332125,
4793290d6ecf45aaad5326541298bf5f,164,2026-10-03T15:52:00.257988+07:00,163.04639937400043,163.04639937400043,MONITOR,163.19306638600028,1.0000583520004511,0.25250020699968445,0.00015914699997665593,DISABLED,on,user_reported,37.75914764404297,51.2519645690918,1006.943359375,114362.296875,True,True,True,176,0,0,109,178,101,2026-10-03T15:52:00.258101+07:00,163.0465262430007,0.18584463599927403,OK,,True,2026-10-03T15:52:00.443956+07:00,163.23237878700002,0.03301338100027351,OK,,True,1447,0.180875,,2026-10-03T15:52:00.476973+07:00,163.2653969640005,0.0334905620002246,OK,,True,2657,0.332125,
4793290d6ecf45aaad5326541298bf5f,165,2026-10-03T15:52:01.257909+07:00,164.04632573600065,164.04632573600065,MONITOR,164.1929927480005,0.9999263620002239,0.2519015119996766,8.550900020054542e-05,DISABLED,on,user_reported,37.7674446105957,51.24056625366211,1006.895078125,114056.5859375,True,True,True,176,0,0,109,178,101,2026-10-03T15:52:01.257983+07:00,164.04640973500045,0.18580776799990417,OK,,True,2026-10-03T15:52:01.443803+07:00,164.23222579899993,0.033025344000634504,OK,,True,1450,0.18125,,2026-10-03T15:52:01.476831+07:00,164.26525506899998,0.032960827000351856,OK,,True,2657,0.332125,
4793290d6ecf45aaad5326541298bf5f,166,2026-10-03T15:52:02.257941+07:00,165.04635577099998,165.04635577099998,MONITOR,165.19302278299983,1.0000300349993267,0.25213047500074026,0.00011554399952729,DISABLED,on,user_reported,37.75787353515625,51.251773834228516,1006.893359375,114362.296875,True,True,True,176,0,0,109,178,101,2026-10-03T15:52:02.258025+07:00,165.0464517520004,0.18581173199982004,OK,,True,2026-10-03T15:52:02.443848+07:00,165.23227070600024,0.03325986100026057,OK,,True,1449,0.181125,,2026-10-03T15:52:02.477112+07:00,165.26553538200005,0.03293967900026473,OK,,True,2660,0.3325,
4793290d6ecf45aaad5326541298bf5f,167,2026-10-03T15:52:03.257913+07:00,166.0463293900002,166.0463293900002,MONITOR,166.19299640200006,0.9999736190002295,0.25189823799973965,8.916299975680886e-05,DISABLED,on,user_reported,37.75468444824219,51.24504089355469,1006.99765625,114515.765625,True,True,True,176,0,0,109,178,101,2026-10-03T15:52:03.257988+07:00,166.046413907,0.18581049400017946,OK,,True,2026-10-03T15:52:03.443809+07:00,166.2322319929999,0.033030604000487074,OK,,True,1443,0.180375,,2026-10-03T15:52:03.476843+07:00,166.26526698599992,0.03295005000018136,OK,,True,2660,0.3325,
4793290d6ecf45aaad5326541298bf5f,168,2026-10-03T15:52:04.257954+07:00,167.04636216400013,167.04636216400013,MONITOR,167.19302917599998,1.0000327739999193,0.2630320150001353,0.00012193699967610883,DISABLED,on,user_reported,37.748939514160156,51.24421691894531,1007.02265625,113980.40625,True,True,True,176,0,0,109,178,101,2026-10-03T15:52:04.258101+07:00,167.04652584800078,0.19177563699940947,OK,,True,2026-10-03T15:52:04.449897+07:00,167.2383172810005,0.035553875000005064,OK,,True,1447,0.180875,,2026-10-03T15:52:04.485463+07:00,167.2738826929999,0.03549354200004018,OK,,True,2667,0.33337500000000003,
4793290d6ecf45aaad5326541298bf5f,169,2026-10-03T15:52:05.258451+07:00,168.04686499700074,168.04686499700074,MONITOR,168.1935320090006,1.0005028330006098,0.2519593349998104,0.0006247700002859347,DISABLED,on,user_reported,37.75787353515625,51.23919677734375,1006.975546875,114515.765625,True,True,True,176,0,0,109,178,101,2026-10-03T15:52:05.258536+07:00,168.04696207000052,0.18585307000012108,OK,,True,2026-10-03T15:52:05.444401+07:00,168.2328238250002,0.033065253000131634,OK,,True,1447,0.180875,,2026-10-03T15:52:05.477471+07:00,168.26589430000058,0.03291923599954316,OK,,True,2661,0.332625,
4793290d6ecf45aaad5326541298bf5f,170,2026-10-03T15:52:06.257907+07:00,169.04632286800006,169.04632286800006,MONITOR,169.1929898799999,0.999457870999322,0.25184076400000777,8.264099960797466e-05,DISABLED,on,user_reported,37.75404739379883,51.23865509033203,1006.928203125,114746.75,True,True,True,176,0,0,109,178,101,2026-10-03T15:52:06.257980+07:00,169.0464056260007,0.18580101699990337,OK,,True,2026-10-03T15:52:06.443790+07:00,169.23221342000033,0.032990790999974706,OK,,True,1443,0.180375,,2026-10-03T15:52:06.476784+07:00,169.26520860000073,0.03294321699922875,OK,,True,2665,0.333125,
4793290d6ecf45aaad5326541298bf5f,171,2026-10-03T15:52:07.257941+07:00,170.0463549440001,170.0463549440001,MONITOR,170.19302195599994,1.000032076000025,0.2521444670001074,0.00011471699963294668,DISABLED,on,user_reported,37.74958038330078,51.250587463378906,1006.9621875,114669.65625,True,True,True,176,0,0,109,178,101,2026-10-03T15:52:07.258024+07:00,170.0464499990003,0.18581622199963022,OK,,True,2026-10-03T15:52:07.443852+07:00,170.23227440600022,0.0332352510004057,OK,,True,1446,0.18075,,2026-10-03T15:52:07.477091+07:00,170.2655145460003,0.03297455000029004,OK,,True,2663,0.33287500000000003,
4793290d6ecf45aaad5326541298bf5f,172,2026-10-03T15:52:08.257915+07:00,171.04633112200008,171.04633112200008,MONITOR,171.19299813399994,0.9999761779999972,0.2520517660004771,9.089499963010894e-05,DISABLED,on,user_reported,37.74128341674805,51.236839294433594,1006.955546875,114669.65625,True,True,True,176,0,0,109,178,101,2026-10-03T15:52:08.257988+07:00,171.04641404700033,0.18580546399971354,OK,,True,2026-10-03T15:52:08.443804+07:00,171.23222717800036,0.03321043699997972,OK,,True,1438,0.17975,,2026-10-03T15:52:08.477018+07:00,171.26544204099991,0.0329303840007924,OK,,True,2659,0.33237500000000003,
4793290d6ecf45aaad5326541298bf5f,173,2026-10-03T15:52:09.257905+07:00,172.04632138200031,172.04632138200031,MONITOR,172.19298839400017,0.9999902600002315,0.252051415999631,8.115499986161012e-05,DISABLED,on,user_reported,37.729164123535156,51.24768829345703,1006.96328125,115289.3515625,True,True,True,176,0,0,109,178,101,2026-10-03T15:52:09.257982+07:00,172.0464084740006,0.1858095769994179,OK,,True,2026-10-03T15:52:09.443803+07:00,172.23222612500012,0.03318062200014538,OK,,True,1449,0.181125,,2026-10-03T15:52:09.476986+07:00,172.26541076600006,0.032951384000625694,OK,,True,2660,0.3325,
4793290d6ecf45aaad5326541298bf5f,174,2026-10-03T15:52:10.257965+07:00,173.04636876099994,173.04636876099994,MONITOR,173.1930357729998,1.000047378999625,0.2568962390005254,0.00012853399948653532,DISABLED,on,user_reported,37.722782135009766,51.253055572509766,1006.877578125,114978.6640625,True,True,True,176,0,0,109,178,101,2026-10-03T15:52:10.258130+07:00,173.04655401800028,0.18713602800016815,OK,,True,2026-10-03T15:52:10.445281+07:00,173.2337018420003,0.03348941599961108,OK,,True,1430,0.17875,,2026-10-03T15:52:10.478776+07:00,173.26719785100067,0.03603535299953364,OK,,True,2614,0.32675,
4793290d6ecf45aaad5326541298bf5f,175,2026-10-03T15:52:11.257918+07:00,174.04633387100057,174.04633387100057,MONITOR,174.19300088300042,0.9999651100006304,0.2520643640000344,9.364400011691032e-05,DISABLED,on,user_reported,37.72023010253906,51.24012756347656,1006.941953125,114978.6640625,True,True,True,176,0,0,109,178,101,2026-10-03T15:52:11.258001+07:00,174.0464273510006,0.18581183900005271,OK,,True,2026-10-03T15:52:11.443824+07:00,174.23224683800072,0.03298779199940327,OK,,True,1441,0.180125,,2026-10-03T15:52:11.476812+07:00,174.2652376670003,0.03314901300018391,OK,,True,2660,0.3325,
4793290d6ecf45aaad5326541298bf5f,176,2026-10-03T15:52:12.257925+07:00,175.04634050700042,175.04634050700042,MONITOR,175.19300751900028,1.0000066359998527,0.2520292369999879,0.00010027999996964354,DISABLED,on,user_reported,37.71640396118164,51.25843811035156,1006.976875,115211.5234375,True,True,True,176,0,0,109,178,101,2026-10-03T15:52:12.258007+07:00,175.0464332649999,0.18581454400009534,OK,,True,2026-10-03T15:52:12.443833+07:00,175.23225575300057,0.0329781450000155,OK,,True,1448,0.181,,2026-10-03T15:52:12.476812+07:00,175.26523717500004,0.03312245800043456,OK,,True,2657,0.332125,
4793290d6ecf45aaad5326541298bf5f,177,2026-10-03T15:52:13.257905+07:00,176.04632181800025,176.04632181800025,MONITOR,176.1929888300001,0.9999813109998286,0.25186649999977817,8.159099979820894e-05,DISABLED,on,user_reported,37.70236587524414,51.22500991821289,1006.926796875,115367.28125,True,True,True,176,0,0,109,178,101,2026-10-03T15:52:13.257976+07:00,176.04640233600003,0.18581117500070832,OK,,True,2026-10-03T15:52:13.443798+07:00,176.23222151100072,0.03296119999959046,OK,,True,1442,0.18025,,2026-10-03T15:52:13.476760+07:00,176.2651855439999,0.03299025500018615,OK,,True,2659,0.33237500000000003,
4793290d6ecf45aaad5326541298bf5f,178,2026-10-03T15:52:14.257914+07:00,177.04633111800013,177.04633111800013,MONITOR,177.19299812999998,1.0000092999998742,0.25217327700011083,9.089099967241054e-05,DISABLED,on,user_reported,37.697898864746094,51.21808624267578,1006.93328125,115445.3203125,True,True,True,176,0,0,109,178,101,2026-10-03T15:52:14.257986+07:00,177.04641198800073,0.18580517600003077,OK,,True,2026-10-03T15:52:14.443801+07:00,177.23222399800034,0.03317784600039886,OK,,True,1453,0.181625,,2026-10-03T15:52:14.476980+07:00,177.26540541800023,0.03308823600036703,OK,,True,2654,0.33175,
4793290d6ecf45aaad5326541298bf5f,179,2026-10-03T15:52:15.257908+07:00,178.04632585300078,178.04632585300078,MONITOR,178.19299286500063,0.999994735000655,0.26183499399940047,8.562600032746559e-05,DISABLED,on,user_reported,37.69981384277344,51.237220764160156,1006.90203125,115133.796875,True,True,True,176,0,0,109,178,101,2026-10-03T15:52:15.257978+07:00,178.0464044070004,0.19035868700029823,OK,,True,2026-10-03T15:52:15.448363+07:00,178.23678048300008,0.03493095900012122,OK,,True,1432,0.179,,2026-10-03T15:52:15.483308+07:00,178.2717248300005,0.036410425000212854,OK,,True,2656,0.332,
4793290d6ecf45aaad5326541298bf5f,180,2026-10-03T15:52:16.257929+07:00,179.0463460760002,179.0463460760002,MONITOR,179.19301308800004,1.0000202229994102,0.2519088760000159,0.0001058489997376455,DISABLED,on,user_reported,37.69534683227539,51.21772384643555,1006.949765625,115837.1015625,True,True,True,176,0,0,109,178,101,2026-10-03T15:52:16.257996+07:00,179.0464227980001,0.18581842000003235,OK,,True,2026-10-03T15:52:16.443827+07:00,179.23224936600036,0.03298544100016443,OK,,True,1443,0.180375,,2026-10-03T15:52:16.476813+07:00,179.26523832600014,0.033005940999828454,OK,,True,2652,0.3315,
4793290d6ecf45aaad5326541298bf5f,181,2026-10-03T15:52:17.257945+07:00,180.04635916000007,180.04635916000007,MONITOR,180.19302617199992,1.0000130839998747,0.25189048900028865,0.00011893299961229786,DISABLED,on,user_reported,37.681312561035156,51.21572494506836,1006.913203125,115523.46875,True,True,True,176,0,0,109,178,101,2026-10-03T15:52:17.258027+07:00,180.0464537880007,0.18581929199990554,OK,,True,2026-10-03T15:52:17.443859+07:00,180.2322813210003,0.03295781199994963,OK,,True,1447,0.180875,,2026-10-03T15:52:17.476817+07:00,180.26524270700065,0.03299588699974265,OK,,True,2657,0.332125,
4793290d6ecf45aaad5326541298bf5f,182,2026-10-03T15:52:18.257914+07:00,181.04633156700038,181.04633156700038,MONITOR,181.19299857900023,0.999972407000314,0.25205235999965225,9.13399999262765e-05,DISABLED,on,user_reported,37.675567626953125,51.214908599853516,1006.883359375,115915.78125,True,True,True,176,0,0,109,178,101,2026-10-03T15:52:18.257982+07:00,181.04640851000022,0.1858094050003274,OK,,True,2026-10-03T15:52:18.443803+07:00,181.23222561900002,0.03317695800069487,OK,,True,1445,0.180625,,2026-10-03T15:52:18.476980+07:00,181.26540563300023,0.03296646000035253,OK,,True,2656,0.332,
4793290d6ecf45aaad5326541298bf5f,183,2026-10-03T15:52:19.257914+07:00,182.04633077700055,182.04633077700055,MONITOR,182.1929977890004,0.9999992100001691,0.25187795700003335,9.055000009539071e-05,DISABLED,on,user_reported,37.675567626953125,51.202335357666016,1006.89703125,115994.5625,True,True,True,176,0,0,109,178,101,2026-10-03T15:52:19.257988+07:00,182.0464143879999,0.18581194300077186,OK,,True,2026-10-03T15:52:19.443811+07:00,182.23223396000049,0.03297066499999346,OK,,True,1439,0.179875,,2026-10-03T15:52:19.476782+07:00,182.26520812500075,0.032989756999995734,OK,,True,2658,0.33225,
4793290d6ecf45aaad5326541298bf5f,184,2026-10-03T15:52:20.257914+07:00,183.0463312740003,183.0463312740003,MONITOR,183.19299828600015,1.0000004969997462,0.2548947790000966,9.104699984163744e-05,DISABLED,on,user_reported,37.67046356201172,51.18903732299805,1006.909296875,115758.53125,True,True,True,176,0,0,109,178,101,2026-10-03T15:52:20.257980+07:00,183.04640656900028,0.18590462900010607,OK,,True,2026-10-03T15:52:20.443899+07:00,183.23232073500003,0.034976347999872814,OK,,True,1443,0.180375,,2026-10-03T15:52:20.478879+07:00,183.26730193500043,0.03391106300023239,OK,,True,2654,0.33175,
4793290d6ecf45aaad5326541298bf5f,185,2026-10-03T15:52:21.257971+07:00,184.0463795000005,184.0463795000005,MONITOR,184.19304651200036,1.0000482260002173,0.2632014189994152,0.00013927300005889265,DISABLED,on,user_reported,37.66663360595703,51.18220901489258,1006.889453125,115837.1015625,True,True,True,176,0,0,109,178,101,2026-10-03T15:52:21.258114+07:00,184.0465386470005,0.19175418200029526,OK,,True,2026-10-03T15:52:21.449889+07:00,184.23830873600036,0.035408898999776284,OK,,True,1433,0.179125,,2026-10-03T15:52:21.485303+07:00,184.27372594999997,0.03583256199999596,OK,,True,2661,0.332625,
4793290d6ecf45aaad5326541298bf5f,186,2026-10-03T15:52:22.257976+07:00,185.04638604899992,185.04638604899992,MONITOR,185.19305306099977,1.0000065489994086,0.2631541079999806,0.00014582199946744367,DISABLED,on,user_reported,37.66599655151367,51.1695556640625,1006.93640625,116310.765625,True,True,True,176,0,0,109,178,101,2026-10-03T15:52:22.258104+07:00,185.04652878900015,0.19160751800063736,OK,,True,2026-10-03T15:52:22.449735+07:00,185.2381546030001,0.03549369600023056,OK,,True,1454,0.18175,,2026-10-03T15:52:22.485234+07:00,185.2736569280005,0.03586015499968198,OK,,True,2661,0.332625,
4793290d6ecf45aaad5326541298bf5f,187,2026-10-03T15:52:23.257980+07:00,186.04638940299992,186.04638940299992,MONITOR,186.19305641499977,1.0000033540000004,0.2628968900007749,0.0001491759994678432,DISABLED,on,user_reported,37.66280746459961,51.181671142578125,1006.965546875,115758.53125,True,True,True,176,0,0,109,178,101,2026-10-03T15:52:23.258115+07:00,186.04654016099994,0.19182699900011357,OK,,True,2026-10-03T15:52:23.449963+07:00,186.23838312299995,0.03546004800045921,OK,,True,1453,0.181625,,2026-10-03T15:52:23.485428+07:00,186.2738513000004,0.03541212199979782,OK,,True,2669,0.333625,
4793290d6ecf45aaad5326541298bf5f,188,2026-10-03T15:52:24.257928+07:00,187.04634506100047,187.04634506100047,MONITOR,187.19301207300032,0.9999556580005446,0.25212259399995673,0.0001048340000124881,DISABLED,on,user_reported,37.66217041015625,51.18785858154297,1006.950703125,116231.5546875,True,True,True,176,0,0,109,178,101,2026-10-03T15:52:24.258005+07:00,187.0464309680001,0.1858198950003498,OK,,True,2026-10-03T15:52:24.443834+07:00,187.23225732600076,0.03323110699966492,OK,,True,1451,0.181375,,2026-10-03T15:52:24.477067+07:00,187.2654918220005,0.03296329600016179,OK,,True,2661,0.332625,
4793290d6ecf45aaad5326541298bf5f,189,2026-10-03T15:52:25.257917+07:00,188.0463345600001,188.0463345600001,MONITOR,188.19300157199996,0.9999894989996392,0.25558861599984084,9.433299965166952e-05,DISABLED,on,user_reported,37.657066345214844,51.2122802734375,1006.956171875,116152.453125,True,True,True,176,0,0,109,178,101,2026-10-03T15:52:25.257987+07:00,188.04641298600018,0.18657262899978377,OK,,True,2026-10-03T15:52:25.444573+07:00,188.23299537399998,0.03375004700046702,OK,,True,1436,0.1795,,2026-10-03T15:52:25.478330+07:00,188.26675219900062,0.0351579779999156,OK,,True,2641,0.330125,
4793290d6ecf45aaad5326541298bf5f,190,2026-10-03T15:52:26.257911+07:00,189.0463280490003,189.0463280490003,MONITOR,189.19299506100015,0.9999934890001896,0.2519118959999105,8.782199984125327e-05,DISABLED,on,user_reported,37.66217041015625,51.20671081542969,1006.95765625,116152.453125,True,True,True,176,0,0,109,178,101,2026-10-03T15:52:26.257977+07:00,189.0464036780004,0.18580028700034745,OK,,True,2026-10-03T15:52:26.443787+07:00,189.23221111300063,0.03296418499940046,OK,,True,1448,0.181,,2026-10-03T15:52:26.476753+07:00,189.265178613,0.03304961000048934,OK,,True,2660,0.3325,
4793290d6ecf45aaad5326541298bf5f,191,2026-10-03T15:52:27.257934+07:00,190.04634841500047,190.04634841500047,MONITOR,190.19301542700032,1.0000203660001716,0.2518679169997995,0.00010818800001288764,DISABLED,on,user_reported,37.657066345214844,51.205997467041016,1006.915,116628.703125,True,True,True,176,0,0,109,178,101,2026-10-03T15:52:27.258019+07:00,190.0464445260004,0.18582014000003255,OK,,True,2026-10-03T15:52:27.443851+07:00,190.23227290600062,0.032975499999338354,OK,,True,1444,0.1805,,2026-10-03T15:52:27.476827+07:00,190.2652518320001,0.03295281500049896,OK,,True,2661,0.332625,
4793290d6ecf45aaad5326541298bf5f,192,2026-10-03T15:52:28.257914+07:00,191.0463289750005,191.0463289750005,MONITOR,191.19299598700036,0.99998056000004,0.25187554900003306,8.874800005287398e-05,DISABLED,on,user_reported,37.657066345214844,51.21856689453125,1006.969921875,117028.5703125,True,True,True,176,0,0,109,178,101,2026-10-03T15:52:28.257997+07:00,191.04642330800016,0.1858155859999897,OK,,True,2026-10-03T15:52:28.443824+07:00,191.23224659700008,0.0329875000006723,OK,,True,1443,0.180375,,2026-10-03T15:52:28.476812+07:00,191.265237523,0.03295481600071071,OK,,True,2662,0.33275,
4793290d6ecf45aaad5326541298bf5f,193,2026-10-03T15:52:29.257959+07:00,192.0463660610003,192.0463660610003,MONITOR,192.19303307300015,1.000037085999793,0.26382478200048354,0.00012583399984578136,DISABLED,on,user_reported,37.646217346191406,51.22330093383789,1006.952265625,116549.0546875,True,True,True,176,0,0,109,178,101,2026-10-03T15:52:29.258113+07:00,192.0465377999999,0.191762342000402,OK,,True,2026-10-03T15:52:29.449897+07:00,192.23831595699994,0.03618220900079905,OK,,True,1445,0.180625,,2026-10-03T15:52:29.486084+07:00,192.27450683200004,0.03566176999993331,OK,,True,2673,0.334125,
4793290d6ecf45aaad5326541298bf5f,194,2026-10-03T15:52:30.257922+07:00,193.04633891400044,193.04633891400044,MONITOR,193.1930059260003,0.9999728530001448,0.25159086999974534,9.868699999060482e-05,DISABLED,on,user_reported,37.64047622680664,51.22877883911133,1006.929375,116708.453125,True,True,True,176,0,0,109,178,101,2026-10-03T15:52:30.258000+07:00,193.04642648700064,0.18597490299998753,OK,,True,2026-10-03T15:52:30.443992+07:00,193.23241259299994,0.03274881800007279,OK,,True,1428,0.1785,,2026-10-03T15:52:30.476747+07:00,193.26516907800033,0.03274505799981853,OK,,True,2646,0.33075,
4793290d6ecf45aaad5326541298bf5f,195,2026-10-03T15:52:31.257915+07:00,194.04633179400025,194.04633179400025,MONITOR,194.1929988060001,0.9999928799998088,0.2519195539998691,9.156699979939731e-05,DISABLED,on,user_reported,37.634735107421875,51.209102630615234,1006.920078125,117028.5703125,True,True,True,176,0,0,109,178,101,2026-10-03T15:52:31.257990+07:00,194.0464164040004,0.18581685000026482,OK,,True,2026-10-03T15:52:31.443817+07:00,194.23224032800044,0.03302016699944943,OK,,True,1445,0.180625,,2026-10-03T15:52:31.476838+07:00,194.26526368000032,0.03297483400001511,OK,,True,2661,0.332625,
4793290d6ecf45aaad5326541298bf5f,196,2026-10-03T15:52:32.257949+07:00,195.04636262500026,195.04636262500026,MONITOR,195.1930296370001,1.0000308310000037,0.2518946669997604,0.00012239799980306998,DISABLED,on,user_reported,37.63026809692383,51.19589614868164,1006.9403125,117189.2890625,True,True,True,176,0,0,109,178,101,2026-10-03T15:52:32.258035+07:00,195.04646071700063,0.1858247209993351,OK,,True,2026-10-03T15:52:32.443872+07:00,195.23229384500064,0.033002612999553094,OK,,True,1443,0.180375,,2026-10-03T15:52:32.476875+07:00,195.26529991999996,0.03294411300066713,OK,,True,2655,0.33187500000000003,
4793290d6ecf45aaad5326541298bf5f,197,2026-10-03T15:52:33.257916+07:00,196.04633170600027,196.04633170600027,MONITOR,196.19299871800013,0.9999690810000175,0.25179752100029873,9.147899982053787e-05,DISABLED,on,user_reported,37.627716064453125,51.189247131347656,1006.963515625,116628.703125,True,True,True,176,0,0,109,178,101,2026-10-03T15:52:33.257994+07:00,196.04642048200003,0.18581920500037086,OK,,True,2026-10-03T15:52:33.443825+07:00,196.23224726100034,0.033017853000274044,OK,,True,1440,0.18,,2026-10-03T15:52:33.476843+07:00,196.26526854000076,0.032851446999302425,OK,,True,2656,0.332,
4793290d6ecf45aaad5326541298bf5f,198,2026-10-03T15:52:34.257915+07:00,197.04632942300032,197.04632942300032,MONITOR,197.19299643500017,0.999997717000042,0.25175361699984933,8.919599986256799e-05,DISABLED,on,user_reported,37.61687088012695,51.193992614746094,1006.9459375,117028.5703125,True,True,True,176,0,0,109,178,101,2026-10-03T15:52:34.257996+07:00,197.0464227930006,0.18580261299939593,OK,,True,2026-10-03T15:52:34.443808+07:00,197.23223146100008,0.032995280000250204,OK,,True,1445,0.180625,,2026-10-03T15:52:34.476805+07:00,197.26523020400055,0.032843799000147555,OK,,True,2657,0.332125,
4793290d6ecf45aaad5326541298bf5f,199,2026-10-03T15:52:35.257956+07:00,198.0463640550006,198.0463640550006,MONITOR,198.19303106700045,1.000034632000279,0.26166857499993057,0.00012382800014165696,DISABLED,on,user_reported,37.60857391357422,51.18024444580078,1006.8709375,117108.875,True,True,True,176,0,0,109,178,101,2026-10-03T15:52:35.258110+07:00,198.04653423900072,0.19175436999921658,OK,,True,2026-10-03T15:52:35.449884+07:00,198.23830297900076,0.03480864999983169,OK,,True,1444,0.1805,,2026-10-03T15:52:35.484704+07:00,198.27312364800036,0.03487518600013573,OK,,True,2649,0.331125,
4793290d6ecf45aaad5326541298bf5f,200,2026-10-03T15:52:36.257930+07:00,199.04634643700047,199.04634643700047,MONITOR,199.19301344900032,0.999982381999871,0.25171697299992957,0.00010621000001265202,DISABLED,on,user_reported,37.60666275024414,51.17369079589844,1006.90203125,116628.703125,True,True,True,176,0,0,109,178,101,2026-10-03T15:52:36.258007+07:00,199.04643338000005,0.1858010790001572,OK,,True,2026-10-03T15:52:36.443819+07:00,199.2322413110005,0.032964316999823495,OK,,True,1438,0.17975,,2026-10-03T15:52:36.476783+07:00,199.26520857300056,0.032844929000020784,OK,,True,2661,0.332625,
4793290d6ecf45aaad5326541298bf5f,201,2026-10-03T15:52:37.257941+07:00,200.0463552330002,200.0463552330002,MONITOR,200.19302224500007,1.0000087959997472,0.25175497400050517,0.00011500599975988735,DISABLED,on,user_reported,37.595176696777344,51.18461990356445,1006.876640625,116788.3203125,True,True,True,176,0,0,109,178,101,2026-10-03T15:52:37.258025+07:00,200.0464506390008,0.1858247289992505,OK,,True,2026-10-03T15:52:37.443862+07:00,200.23228373800066,0.03298455799995281,OK,,True,1436,0.1795,,2026-10-03T15:52:37.476848+07:00,200.26527218499996,0.03282911500082264,OK,,True,2654,0.33175,
4793290d6ecf45aaad5326541298bf5f,202,2026-10-03T15:52:38.257912+07:00,201.04632727800072,201.04632727800072,MONITOR,201.19299429000057,0.9999720450005043,0.25176447600006213,8.705100026418222e-05,DISABLED,on,user_reported,37.58879852294922,51.17115020751953,1006.88671875,117512.046875,True,True,True,176,0,0,109,178,101,2026-10-03T15:52:38.257989+07:00,201.04641585100035,0.18581619300039165,OK,,True,2026-10-03T15:52:38.443816+07:00,201.2322382480006,0.033005557999786106,OK,,True,1442,0.18025,,2026-10-03T15:52:38.476822+07:00,201.2652469170007,0.03283667100004095,OK,,True,2657,0.332125,
4793290d6ecf45aaad5326541298bf5f,203,2026-10-03T15:52:39.257953+07:00,202.04636690400002,202.04636690400002,MONITOR,202.19303391599988,1.0000396259993067,0.25175262599987036,0.00012667699957091827,DISABLED,on,user_reported,37.586246490478516,51.170780181884766,1006.896328125,117512.046875,True,True,True,176,0,0,109,178,101,2026-10-03T15:52:39.258040+07:00,202.04646655100078,0.1858148239998627,OK,,True,2026-10-03T15:52:39.443865+07:00,202.23228717100028,0.03296363299978111,OK,,True,1453,0.181625,,2026-10-03T15:52:39.476829+07:00,202.26525441500053,0.03285644900006446,OK,,True,2658,0.33225,
4793290d6ecf45aaad5326541298bf5f,204,2026-10-03T15:52:40.257910+07:00,203.04632653800036,203.04632653800036,MONITOR,203.1929935500002,0.9999596340003336,0.25195544100006373,8.63109999045264e-05,DISABLED,on,user_reported,37.57603454589844,51.16305160522461,1006.89359375,117674.1015625,True,True,True,176,0,0,109,178,101,2026-10-03T15:52:40.257986+07:00,203.04641222300052,0.18580825099979847,OK,,True,2026-10-03T15:52:40.443803+07:00,203.2322264180002,0.03319776100033778,OK,,True,1441,0.180125,,2026-10-03T15:52:40.477002+07:00,203.26542723400053,0.03284598600021127,OK,,True,2650,0.33125,
4793290d6ecf45aaad5326541298bf5f,205,2026-10-03T15:52:41.257908+07:00,204.04632568000034,204.04632568000034,MONITOR,204.1929926920002,0.9999991419999787,0.2517782040004022,8.545299988327315e-05,DISABLED,on,user_reported,37.57731246948242,51.156951904296875,1006.888828125,117755.2890625,True,True,True,176,0,0,109,178,101,2026-10-03T15:52:41.257987+07:00,204.0464134570002,0.1858096050000313,OK,,True,2026-10-03T15:52:41.443805+07:00,204.23222871000053,0.03297759599990968,OK,,True,1442,0.18025,,2026-10-03T15:52:41.476784+07:00,204.26520923200042,0.03288598600011028,OK,,True,2655,0.33187500000000003,
4793290d6ecf45aaad5326541298bf5f,206,2026-10-03T15:52:42.257908+07:00,205.04632421800034,205.04632421800034,MONITOR,205.1929912300002,0.9999985379999998,0.251790799000446,8.3990999883099e-05,DISABLED,on,user_reported,37.571571350097656,51.14357376098633,1006.99609375,117512.046875,True,True,True,176,0,0,109,178,101,2026-10-03T15:52:42.257987+07:00,205.04641353200077,0.18580723599916382,OK,,True,2026-10-03T15:52:42.443806+07:00,205.2322281200004,0.03302807700038102,OK,,True,1445,0.180625,,2026-10-03T15:52:42.476835+07:00,205.26525993800078,0.03284615299980942,OK,,True,2649,0.331125,
4793290d6ecf45aaad5326541298bf5f,207,2026-10-03T15:52:43.257913+07:00,206.04632915300044,206.04632915300044,MONITOR,206.1929961650003,1.0000049350001063,0.2517873739998322,8.892599998944206e-05,DISABLED,on,user_reported,37.57476043701172,51.14401626586914,1006.966953125,117836.59375,True,True,True,176,0,0,109,178,101,2026-10-03T15:52:43.257991+07:00,206.04641700400043,0.18581506999998965,OK,,True,2026-10-03T15:52:43.443816+07:00,206.2322386300002,0.03300144800050475,OK,,True,1446,0.18075,,2026-10-03T15:52:43.476818+07:00,206.26524296700063,0.03286517200012895,OK,,True,2662,0.33275,
4793290d6ecf45aaad5326541298bf5f,208,2026-10-03T15:52:44.257920+07:00,207.04633463200025,207.04633463200025,MONITOR,207.1930016440001,1.0000054789998103,0.25177641400023276,9.440499979973538e-05,DISABLED,on,user_reported,37.565189361572266,51.142662048339844,1006.944453125,117836.59375,True,True,True,176,0,0,109,178,101,2026-10-03T15:52:44.258002+07:00,207.0464282790008,0.1858061649991214,OK,,True,2026-10-03T15:52:44.443817+07:00,207.23223983300068,0.0329965959999754,OK,,True,1444,0.1805,,2026-10-03T15:52:44.476816+07:00,207.26524041100038,0.032861431000128505,OK,,True,2651,0.33137500000000003,
4793290d6ecf45aaad5326541298bf5f,209,2026-10-03T15:52:45.257915+07:00,208.0463306010006,208.0463306010006,MONITOR,208.19299761300044,0.9999959690003379,0.2520111169997108,9.037400013767183e-05,DISABLED,on,user_reported,37.561363220214844,51.12327575683594,1006.938359375,118162.9375,True,True,True,176,0,0,109,178,101,2026-10-03T15:52:45.257996+07:00,208.0464225630003,0.1858242580001388,OK,,True,2026-10-03T15:52:45.443832+07:00,208.23225454300064,0.0332196319996001,OK,,True,1435,0.179375,,2026-10-03T15:52:45.477053+07:00,208.26547791600024,0.03285485700052959,OK,,True,2658,0.33225,
4793290d6ecf45aaad5326541298bf5f,210,2026-10-03T15:52:46.257973+07:00,209.04637813200043,209.04637813200043,MONITOR,209.19304514400028,1.0000475309998365,0.26357939199988323,0.00013790499997412553,DISABLED,on,user_reported,37.55498123168945,51.12864685058594,1006.948515625,118244.8046875,True,True,True,176,0,0,109,178,101,2026-10-03T15:52:46.258130+07:00,209.04655438900045,0.19174281199957477,OK,,True,2026-10-03T15:52:46.449891+07:00,209.23831221900036,0.036215379999703146,OK,,True,1466,0.18325,,2026-10-03T15:52:46.486116+07:00,209.27453780300038,0.03539570300017658,OK,,True,2667,0.33337500000000003,
4793290d6ecf45aaad5326541298bf5f,211,2026-10-03T15:52:47.257974+07:00,210.04638911500024,210.04638911500024,MONITOR,210.1930561270001,1.000010982999811,0.25174653100020805,0.0001488879997850745,DISABLED,on,user_reported,37.54924011230469,51.12154769897461,1006.911875,118081.1796875,True,True,True,176,0,0,109,178,101,2026-10-03T15:52:47.258057+07:00,210.0464836330002,0.18581113100026414,OK,,True,2026-10-03T15:52:47.443880+07:00,210.23230309800056,0.032952208999631694,OK,,True,1436,0.1795,,2026-10-03T15:52:47.476835+07:00,210.2652593440007,0.03286704299989651,OK,,True,2656,0.332,
4793290d6ecf45aaad5326541298bf5f,212,2026-10-03T15:52:48.257922+07:00,211.0463375700001,211.0463375700001,MONITOR,211.19300458199996,0.999948454999867,0.25178145800055063,9.734299965202808e-05,DISABLED,on,user_reported,37.54604721069336,51.13994598388672,1006.947734375,118326.7890625,True,True,True,176,0,0,109,178,101,2026-10-03T15:52:48.258001+07:00,211.04642719799995,0.185801671000263,OK,,True,2026-10-03T15:52:48.443812+07:00,211.23223579500063,0.03300724499968055,OK,,True,1440,0.18,,2026-10-03T15:52:48.476821+07:00,211.26524655899993,0.03286337700046715,OK,,True,2659,0.33237500000000003,
4793290d6ecf45aaad5326541298bf5f,213,2026-10-03T15:52:49.257918+07:00,212.04633282800023,212.04633282800023,MONITOR,212.19299984000008,0.9999952580001263,0.25176003399974434,9.260099977836944e-05,DISABLED,on,user_reported,37.54604721069336,51.133663177490234,1006.872265625,117836.59375,True,True,True,176,0,0,109,178,101,2026-10-03T15:52:49.257999+07:00,212.04642584500016,0.1858220980002443,OK,,True,2026-10-03T15:52:49.443833+07:00,212.23225560900028,0.03299206100018637,OK,,True,1456,0.182,,2026-10-03T15:52:49.476827+07:00,212.26525133700034,0.032831950999934634,OK,,True,2657,0.332125,
4793290d6ecf45aaad5326541298bf5f,214,2026-10-03T15:52:50.257911+07:00,213.0463269820002,213.0463269820002,MONITOR,213.19299399400006,0.9999941539999782,0.2520311819998824,8.675499975652201e-05,DISABLED,on,user_reported,37.54094696044922,51.1454963684082,1006.9053125,118738.40625,True,True,True,176,0,0,109,178,101,2026-10-03T15:52:50.257993+07:00,213.04641981400073,0.1858065809992695,OK,,True,2026-10-03T15:52:50.443810+07:00,213.23223374700046,0.03298857899972063,OK,,True,1452,0.1815,,2026-10-03T15:52:50.476800+07:00,213.2652256780002,0.03312309700049809,OK,,True,2654,0.33175,
4793290d6ecf45aaad5326541298bf5f,215,2026-10-03T15:52:51.257914+07:00,214.04632984700038,214.04632984700038,MONITOR,214.19299685900023,1.0000028650001695,0.2519424809997872,8.961999992607161e-05,DISABLED,on,user_reported,37.54094696044922,51.16434097290039,1006.953125,117999.5390625,True,True,True,176,0,0,109,178,101,2026-10-03T15:52:51.257994+07:00,214.04642084700026,0.18580706299962912,OK,,True,2026-10-03T15:52:51.443812+07:00,214.23223583600065,0.0331744669992986,OK,,True,1443,0.180375,,2026-10-03T15:52:51.476988+07:00,214.2654134510003,0.03284978499959834,OK,,True,2654,0.33175,
4793290d6ecf45aaad5326541298bf5f,216,2026-10-03T15:52:52.257966+07:00,215.0463722200002,215.0463722200002,MONITOR,215.19303923200005,1.0000423729998147,0.26497163099975296,0.00013199299974075984,DISABLED,on,user_reported,37.53583908081055,51.16361999511719,1006.883359375,118491.09375,True,True,True,176,0,0,109,178,101,2026-10-03T15:52:52.258127+07:00,215.04655194000043,0.19200791099956405,OK,,True,2026-10-03T15:52:52.450158+07:00,215.2385766289999,0.03543725899999117,OK,,True,1445,0.180625,,2026-10-03T15:52:52.485600+07:00,215.27402246200018,0.0373012039999594,OK,,True,2668,0.3335,
4793290d6ecf45aaad5326541298bf5f,217,2026-10-03T15:52:53.257940+07:00,216.04635500800032,216.04635500800032,MONITOR,216.19302202000017,0.9999827880001249,0.25175270900035684,0.00011478099986561574,DISABLED,on,user_reported,37.53392791748047,51.188472747802734,1006.914453125,118081.1796875,True,True,True,176,0,0,109,178,101,2026-10-03T15:52:53.258022+07:00,216.04644887700033,0.18580939999992552,OK,,True,2026-10-03T15:52:53.443842+07:00,216.23226549900028,0.03299435799999628,OK,,True,1443,0.180375,,2026-10-03T15:52:53.476839+07:00,216.2652636720004,0.032835470999998506,OK,,True,2658,0.33225,
4793290d6ecf45aaad5326541298bf5f,218,2026-10-03T15:52:54.257915+07:00,217.04633015500076,217.04633015500076,MONITOR,217.1929971670006,0.9999751470004412,0.25175663699974393,8.992800030682702e-05,DISABLED,on,user_reported,37.530738830566406,51.19430160522461,1006.881953125,118408.8828125,True,True,True,176,0,0,109,178,101,2026-10-03T15:52:54.257996+07:00,217.04642237700045,0.18581806699967274,OK,,True,2026-10-03T15:52:54.443824+07:00,217.23224729600042,0.03299228400010179,OK,,True,1437,0.179625,,2026-10-03T15:52:54.476818+07:00,217.26524298700042,0.032835119999617746,OK,,True,2653,0.331625,
4793290d6ecf45aaad5326541298bf5f,219,2026-10-03T15:52:55.257909+07:00,218.04632434700034,218.04632434700034,MONITOR,218.1929913590002,0.9999941919995763,0.25176819399985106,8.411999988311436e-05,DISABLED,on,user_reported,37.523719787597656,51.205875396728516,1006.884296875,118408.8828125,True,True,True,176,0,0,109,178,101,2026-10-03T15:52:55.257993+07:00,218.04641940200054,0.18581619799988403,OK,,True,2026-10-03T15:52:55.443820+07:00,218.23224341500008,0.0330017289998068,OK,,True,1435,0.179375,,2026-10-03T15:52:55.476823+07:00,218.26524819900078,0.03283545299927937,OK,,True,2658,0.33225,
4793290d6ecf45aaad5326541298bf5f,220,2026-10-03T15:52:56.257947+07:00,219.04636099000072,219.04636099000072,MONITOR,219.19302800200057,1.000036643000385,0.25175428799957444,0.00012076300026819808,DISABLED,on,user_reported,37.52307891845703,51.24348831176758,1006.903828125,118326.7890625,True,True,True,176,0,0,109,178,101,2026-10-03T15:52:56.258036+07:00,219.04646200800016,0.18581592100053967,OK,,True,2026-10-03T15:52:56.443863+07:00,219.23228596600075,0.032953266999356856,OK,,True,1437,0.179625,,2026-10-03T15:52:56.476817+07:00,219.26524252900072,0.032862804999240325,OK,,True,2654,0.33175,
4793290d6ecf45aaad5326541298bf5f,221,2026-10-03T15:52:57.257911+07:00,220.04632634500013,220.04632634500013,MONITOR,220.19299335699998,0.9999653549994036,0.2520727130004161,8.611799967184197e-05,DISABLED,on,user_reported,37.51988983154297,51.25560760498047,1006.864296875,118573.4140625,True,True,True,176,0,0,109,178,101,2026-10-03T15:52:57.257994+07:00,220.04641997399995,0.18585831100062933,OK,,True,2026-10-03T15:52:57.443864+07:00,220.23228650800047,0.033251838000069256,OK,,True,1444,0.1805,,2026-10-03T15:52:57.477117+07:00,220.2655420860001,0.0328479720001269,OK,,True,2659,0.33237500000000003,
4793290d6ecf45aaad5326541298bf5f,222,2026-10-03T15:52:58.257910+07:00,221.0463258919999,221.0463258919999,MONITOR,221.19299290399977,0.9999995469997884,0.25184947600064334,8.566499946027761e-05,DISABLED,on,user_reported,37.510955810546875,51.26689910888672,1006.884140625,118573.4140625,True,True,True,176,0,0,109,178,101,2026-10-03T15:52:58.257996+07:00,221.0464226869999,0.18581777700001112,OK,,True,2026-10-03T15:52:58.443825+07:00,221.23224798200044,0.03306300700023712,OK,,True,1441,0.180125,,2026-10-03T15:52:58.476890+07:00,221.26531486000022,0.03285200899972551,OK,,True,2652,0.3315,
4793290d6ecf45aaad5326541298bf5f,223,2026-10-03T15:52:59.257913+07:00,222.04632828000013,222.04632828000013,MONITOR,222.19299529199998,1.0000023880002118,0.2517910340002345,8.805299967207247e-05,DISABLED,on,user_reported,37.50521469116211,51.278663635253906,1006.908984375,117918.0078125,True,True,True,176,0,0,109,178,101,2026-10-03T15:52:59.257997+07:00,222.04642313100067,0.18581701799939765,OK,,True,2026-10-03T15:52:59.443825+07:00,222.23224837100042,0.033015971000168065,OK,,True,1448,0.181,,2026-10-03T15:52:59.476844+07:00,222.2652681010004,0.03284262099987245,OK,,True,2658,0.33225,
4793290d6ecf45aaad5326541298bf5f,224,2026-10-03T15:53:00.257955+07:00,223.04636847100028,223.04636847100028,MONITOR,223.19303548300013,1.0000401910001528,0.25176131399985024,0.0001282439998249174,DISABLED,on,user_reported,37.4950065612793,51.29606246948242,1006.878828125,118573.4140625,True,True,True,176,0,0,109,178,101,2026-10-03T15:53:00.258050+07:00,223.04647678500078,0.18583185299939942,OK,,True,2026-10-03T15:53:00.443895+07:00,223.23231728600058,0.032968712000183586,OK,,True,1441,0.180125,,2026-10-03T15:53:00.476864+07:00,223.2652892570004,0.03283117599949037,OK,,True,2663,0.33287500000000003,
4793290d6ecf45aaad5326541298bf5f,225,2026-10-03T15:53:01.257948+07:00,224.0463617989999,224.0463617989999,MONITOR,224.19302881099975,0.9999933279996185,0.2517423350000172,0.00012157199944340391,DISABLED,on,user_reported,37.48926544189453,51.31410217285156,1006.972265625,118573.4140625,True,True,True,176,0,0,109,178,101,2026-10-03T15:53:01.258039+07:00,224.04646470600073,0.18582083599994803,OK,,True,2026-10-03T15:53:01.443871+07:00,224.2322942460005,0.032942564000222774,OK,,True,1446,0.18075,,2026-10-03T15:53:01.476814+07:00,224.26524023599995,0.032853658000021824,OK,,True,2660,0.3325,
4793290d6ecf45aaad5326541298bf5f,226,2026-10-03T15:53:02.257922+07:00,225.04633698700036,225.04633698700036,MONITOR,225.1930039990002,0.9999751880004624,0.2519819830004053,9.675999990577111e-05,DISABLED,on,user_reported,37.481605529785156,51.34444808959961,1006.946171875,118244.8046875,True,True,True,176,0,0,109,178,101,2026-10-03T15:53:02.258005+07:00,225.0464311530004,0.18581331899986253,OK,,True,2026-10-03T15:53:02.443829+07:00,225.2322520280004,0.033223802000065916,OK,,True,1448,0.181,,2026-10-03T15:53:02.477055+07:00,225.26547957100047,0.03283058400029404,OK,,True,2654,0.33175,
4793290d6ecf45aaad5326541298bf5f,227,2026-10-03T15:53:03.258013+07:00,226.0464199040007,226.0464199040007,MONITOR,226.19308691600054,1.0000829170003271,0.26247328799945535,0.000179677000232914,DISABLED,on,user_reported,37.477779388427734,51.362762451171875,1006.96046875,118573.4140625,True,True,True,176,0,0,109,178,101,2026-10-03T15:53:03.258166+07:00,226.04659149500003,0.19156541200027277,OK,,True,2026-10-03T15:53:03.449753+07:00,226.23817227700056,0.035409965999861015,OK,,True,1442,0.18025,,2026-10-03T15:53:03.485169+07:00,226.27359137300027,0.03528202300003613,OK,,True,2662,0.33275,
4793290d6ecf45aaad5326541298bf5f,228,2026-10-03T15:53:04.257936+07:00,227.04635062500074,227.04635062500074,MONITOR,227.1930176370006,0.9999307210000552,0.2517454889994042,0.00011039800028811442,DISABLED,on,user_reported,37.470123291015625,51.38054656982422,1006.968671875,118903.8515625,True,True,True,176,0,0,109,178,101,2026-10-03T15:53:04.258022+07:00,227.04644845800067,0.18582628399963141,OK,,True,2026-10-03T15:53:04.443860+07:00,227.23228261300028,0.032955564000076265,OK,,True,1447,0.180875,,2026-10-03T15:53:04.476816+07:00,227.2652416030005,0.03284639999947103,OK,,True,2651,0.33137500000000003,
4793290d6ecf45aaad5326541298bf5f,229,2026-10-03T15:53:05.257928+07:00,228.0463412980007,228.0463412980007,MONITOR,228.19300831000055,0.9999906729999566,0.2517466749995947,0.00010107100024470128,DISABLED,on,user_reported,37.475868225097656,51.400230407714844,1006.861484375,118326.7890625,True,True,True,176,0,0,109,178,101,2026-10-03T15:53:05.258016+07:00,228.04644233399995,0.1858287670002028,OK,,True,2026-10-03T15:53:05.443856+07:00,228.23227887900066,0.03296023199982301,OK,,True,1434,0.17925,,2026-10-03T15:53:05.476817+07:00,228.26524250000057,0.03283663999991404,OK,,True,2653,0.331625,
4793290d6ecf45aaad5326541298bf5f,230,2026-10-03T15:53:06.257914+07:00,229.04632968200076,229.04632968200076,MONITOR,229.1929966940006,0.9999883840000621,0.25177152899959765,8.945500030677067e-05,DISABLED,on,user_reported,37.47203826904297,51.41226577758789,1006.93078125,118738.40625,True,True,True,176,0,0,109,178,101,2026-10-03T15:53:06.257996+07:00,229.04642244000024,0.1858128800004124,OK,,True,2026-10-03T15:53:06.443821+07:00,229.23224356100036,0.03298450900001626,OK,,True,1444,0.1805,,2026-10-03T15:53:06.476806+07:00,229.2652314220004,0.03285860399955709,OK,,True,2662,0.33275,
4793290d6ecf45aaad5326541298bf5f,231,2026-10-03T15:53:07.257914+07:00,230.0463301280006,230.0463301280006,MONITOR,230.19299714000044,1.0000004459998308,0.25182677100019646,8.990100013761548e-05,DISABLED,on,user_reported,37.470760345458984,51.41836929321289,1006.908125,118491.09375,True,True,True,176,0,0,109,178,101,2026-10-03T15:53:07.257999+07:00,230.0464256640007,0.185821677999229,OK,,True,2026-10-03T15:53:07.443832+07:00,230.23225449000074,0.03302002799955517,OK,,True,1449,0.181125,,2026-10-03T15:53:07.476854+07:00,230.26527857300061,0.0328687519995583,OK,,True,2660,0.3325,
4793290d6ecf45aaad5326541298bf5f,232,2026-10-03T15:53:08.257913+07:00,231.04632863700044,231.04632863700044,MONITOR,231.1929956490003,0.9999985089998518,0.2520502520001173,8.84099999893806e-05,DISABLED,on,user_reported,37.465660095214844,51.43022537231445,1006.8996875,118738.40625,True,True,True,176,0,0,109,178,101,2026-10-03T15:53:08.257995+07:00,231.04642184000022,0.18582167899967317,OK,,True,2026-10-03T15:53:08.443829+07:00,231.23225133400047,0.03325897000013356,OK,,True,1450,0.18125,,2026-10-03T15:53:08.477088+07:00,231.26551345200005,0.03285615999993752,OK,,True,2659,0.33237500000000003,
4793290d6ecf45aaad5326541298bf5f,233,2026-10-03T15:53:09.258016+07:00,232.0464199120006,232.0464199120006,MONITOR,232.19308692400045,1.000091275000159,0.26236393099952693,0.0001796850001483108,DISABLED,on,user_reported,37.45991516113281,51.42939758300781,1006.92484375,118491.09375,True,True,True,176,0,0,109,178,101,2026-10-03T15:53:09.258190+07:00,232.04661348400077,0.19177049299923965,OK,,True,2026-10-03T15:53:09.449981+07:00,232.23840008700063,0.035431782999694406,OK,,True,1436,0.1795,,2026-10-03T15:53:09.485418+07:00,232.27384070300013,0.034926269000607135,OK,,True,2666,0.33325,
4793290d6ecf45aaad5326541298bf5f,234,2026-10-03T15:53:10.258877+07:00,233.04728685300051,233.04728685300051,MONITOR,233.19395386500037,1.000866940999913,0.26259824499993556,0.0010466260000612237,DISABLED,on,user_reported,37.45417022705078,51.43486785888672,1006.894921875,119069.765625,True,True,True,176,0,0,109,178,101,2026-10-03T15:53:10.258994+07:00,233.04741922199992,0.19177434600078413,OK,,True,2026-10-03T15:53:10.450792+07:00,233.2392106970001,0.03540595000049507,OK,,True,1434,0.17925,,2026-10-03T15:53:10.486201+07:00,233.27462494300016,0.035239210999861825,OK,,True,2664,0.333,
4793290d6ecf45aaad5326541298bf5f,235,2026-10-03T15:53:11.257928+07:00,234.04634298600013,234.04634298600013,MONITOR,234.19300999799998,0.9990561329996126,0.25182298199979414,0.00010275899967382429,DISABLED,on,user_reported,37.454811096191406,51.46642303466797,1006.896015625,118903.8515625,True,True,True,176,0,0,109,178,101,2026-10-03T15:53:11.258009+07:00,234.0464352630006,0.1858193680000113,OK,,True,2026-10-03T15:53:11.443840+07:00,234.23226270500072,0.03302830599932349,OK,,True,1435,0.179375,,2026-10-03T15:53:11.476871+07:00,234.26529497400043,0.032860790000086126,OK,,True,2659,0.33237500000000003,
4793290d6ecf45aaad5326541298bf5f,236,2026-10-03T15:53:12.257970+07:00,235.0463838200003,235.0463838200003,MONITOR,235.19305083200015,1.000040834000174,0.2517846689997896,0.00014359299984789686,DISABLED,on,user_reported,37.45098114013672,51.47845458984375,1006.903359375,118903.8515625,True,True,True,176,0,0,109,178,101,2026-10-03T15:53:12.258058+07:00,235.04648400400038,0.18581396199988376,OK,,True,2026-10-03T15:53:12.443884+07:00,235.23230607700043,0.0330046589997437,OK,,True,1450,0.18125,,2026-10-03T15:53:12.476890+07:00,235.26531453200005,0.03284480900038034,OK,,True,2655,0.33187500000000003,
4793290d6ecf45aaad5326541298bf5f,237,2026-10-03T15:53:13.257962+07:00,236.04637297600038,236.04637297600038,MONITOR,236.19303998800024,0.9999891560000833,0.25217131600038556,0.00013274899993120926,DISABLED,on,user_reported,37.44906997680664,51.49076843261719,1006.893515625,118903.8515625,True,True,True,176,0,0,109,178,101,2026-10-03T15:53:13.258110+07:00,236.04653495599996,0.18586555599995336,OK,,True,2026-10-03T15:53:13.443987+07:00,236.2324093820007,0.033234378999623004,OK,,True,1445,0.180625,,2026-10-03T15:53:13.477222+07:00,236.26564718700047,0.03288708600030077,OK,,True,2659,0.33237500000000003,
4793290d6ecf45aaad5326541298bf5f,238,2026-10-03T15:53:14.258154+07:00,237.04656521200013,237.04656521200013,MONITOR,237.19323222399998,1.000192235999748,0.2518708570005401,0.0003249849996791454,DISABLED,on,user_reported,37.44524002075195,51.49650955200195,1006.825703125,118655.8515625,True,True,True,176,0,0,109,178,101,2026-10-03T15:53:14.258257+07:00,237.04668308100008,0.18586302000039723,OK,,True,2026-10-03T15:53:14.444132+07:00,237.23255404500014,0.03299986300044111,OK,,True,1445,0.180625,,2026-10-03T15:53:14.477133+07:00,237.26555746400027,0.032869327000298654,OK,,True,2656,0.332,
4793290d6ecf45aaad5326541298bf5f,239,2026-10-03T15:53:15.257914+07:00,238.04632970000057,238.04632970000057,MONITOR,238.19299671200042,0.9997644880004373,0.2517800449995775,8.947300011641346e-05,DISABLED,on,user_reported,37.437583923339844,51.501712799072266,1006.86109375,118326.7890625,True,True,True,176,0,0,109,178,101,2026-10-03T15:53:15.257998+07:00,238.04642414299997,0.1858221330003289,OK,,True,2026-10-03T15:53:15.443832+07:00,238.23225440500028,0.03299130800041894,OK,,True,1448,0.181,,2026-10-03T15:53:15.476824+07:00,238.26524941700063,0.03285114299978886,OK,,True,2655,0.33187500000000003,
4793290d6ecf45aaad5326541298bf5f,240,2026-10-03T15:53:16.261299+07:00,239.04971260399998,239.04971260399998,MONITOR,239.19637961599983,1.0033829039994089,0.25180058300065866,0.003472376999525295,DISABLED,on,user_reported,37.4356689453125,51.501441955566406,1006.844375,119236.140625,True,True,True,176,0,0,109,178,101,2026-10-03T15:53:16.261381+07:00,239.04980714000067,0.18583476299954782,OK,,True,2026-10-03T15:53:16.447228+07:00,239.2356499590005,0.032986770999741566,OK,,True,1446,0.18075,,2026-10-03T15:53:16.480215+07:00,239.26864041499994,0.03286355000000185,OK,,True,2653,0.331625,
4793290d6ecf45aaad5326541298bf5f,241,2026-10-03T15:53:17.257940+07:00,240.04635517299994,240.04635517299994,MONITOR,240.1930221849998,0.9966425689999596,0.25175712300006126,0.00011494599948491668,DISABLED,on,user_reported,37.44651794433594,51.50928497314453,1006.868828125,118986.75,True,True,True,176,0,0,109,178,101,2026-10-03T15:53:17.258027+07:00,240.04645374600022,0.18581987600009597,OK,,True,2026-10-03T15:53:17.443860+07:00,240.23228228900007,0.03297373500026879,OK,,True,1447,0.180875,,2026-10-03T15:53:17.476834+07:00,240.2652592459999,0.032843717000105244,OK,,True,2653,0.331625,
4793290d6ecf45aaad5326541298bf5f,242,2026-10-03T15:53:18.263864+07:00,241.0522790110008,241.0522790110008,MONITOR,241.19894602300064,1.0059238380008537,0.2517798659991968,0.006038784000338637,DISABLED,on,user_reported,37.429927825927734,51.50062561035156,1006.841953125,119152.8984375,True,True,True,176,0,0,109,178,101,2026-10-03T15:53:18.263948+07:00,241.05237347300044,0.1858486549999725,OK,,True,2026-10-03T15:53:18.449808+07:00,241.23823007300052,0.03294203099994775,OK,,True,1442,0.18025,,2026-10-03T15:53:18.482749+07:00,241.27117510400058,0.032873790999474295,OK,,True,2656,0.332,
4793290d6ecf45aaad5326541298bf5f,243,2026-10-03T15:53:19.257953+07:00,242.04636613799994,242.04636613799994,MONITOR,242.1930331499998,0.9940871269991476,0.25209919799999625,0.00012591099948622286,DISABLED,on,user_reported,37.429927825927734,51.49433135986328,1006.84875,118986.75,True,True,True,176,0,0,109,178,101,2026-10-03T15:53:19.258044+07:00,242.04646980400048,0.1858458779997818,OK,,True,2026-10-03T15:53:19.443902+07:00,242.23232401600035,0.033276954000029946,OK,,True,1446,0.18075,,2026-10-03T15:53:19.477180+07:00,242.2656047850005,0.032851883999683196,OK,,True,2658,0.33225,
4793290d6ecf45aaad5326541298bf5f,244,2026-10-03T15:53:20.258039+07:00,243.04645215800065,243.04645215800065,MONITOR,243.1931191700005,1.0000860200007082,0.25177173999964,0.0002119310001944541,DISABLED,on,user_reported,37.4331169128418,51.501075744628906,1006.984140625,118821.0703125,True,True,True,176,0,0,109,178,101,2026-10-03T15:53:20.258134+07:00,243.04656000900013,0.1858278990002873,OK,,True,2026-10-03T15:53:20.443974+07:00,243.23239664800076,0.03298980899944581,OK,,True,1434,0.17925,,2026-10-03T15:53:20.476965+07:00,243.26538999400054,0.032824662999701104,OK,,True,2655,0.33187500000000003,
4793290d6ecf45aaad5326541298bf5f,245,2026-10-03T15:53:21.257968+07:00,244.04637470600028,244.04637470600028,MONITOR,244.19304171800013,0.9999225479996312,0.25308226499964803,0.00013447899982566014,DISABLED,on,user_reported,37.430564880371094,51.50070571899414,1006.938828125,119906.3203125,True,True,True,176,0,0,109,178,101,2026-10-03T15:53:21.258126+07:00,244.04655057400032,0.1869804079997266,OK,,True,2026-10-03T15:53:21.445117+07:00,244.23353964800026,0.03304460500021378,OK,,True,1437,0.179625,,2026-10-03T15:53:21.478164+07:00,244.26658849400064,0.0328581439998743,OK,,True,2652,0.3315,
4793290d6ecf45aaad5326541298bf5f,246,2026-10-03T15:53:22.257941+07:00,245.04635464900002,245.04635464900002,MONITOR,245.19302166099988,0.9999799429997438,0.25177624200023274,0.00011442199956945842,DISABLED,on,user_reported,37.426734924316406,51.49387741088867,1006.9053125,119402.984375,True,True,True,176,0,0,109,178,101,2026-10-03T15:53:22.258027+07:00,245.046453037,0.1858222159999059,OK,,True,2026-10-03T15:53:22.443861+07:00,245.23228323400053,0.03297658700012107,OK,,True,1449,0.181125,,2026-10-03T15:53:22.476838+07:00,245.26526326600015,0.032858069999747386,OK,,True,2654,0.33175,
4793290d6ecf45aaad5326541298bf5f,247,2026-10-03T15:53:23.257950+07:00,246.04636408000079,246.04636408000079,MONITOR,246.19303109200064,1.0000094310007626,0.2518555579999884,0.0001238530003320193,DISABLED,on,user_reported,37.423545837402344,51.493412017822266,1006.913828125,119319.5078125,True,True,True,176,0,0,109,178,101,2026-10-03T15:53:23.258036+07:00,246.04646259700075,0.18584627299969725,OK,,True,2026-10-03T15:53:23.443895+07:00,246.23231775900058,0.03299204999984795,OK,,True,1445,0.180625,,2026-10-03T15:53:23.476887+07:00,246.26531327200064,0.03289536600004794,OK,,True,2651,0.33137500000000003,
4793290d6ecf45aaad5326541298bf5f,248,2026-10-03T15:53:24.257909+07:00,247.04632620300072,247.04632620300072,MONITOR,247.19299321500057,0.999962122999932,0.25201266999920335,8.597600026405416e-05,DISABLED,on,user_reported,37.422271728515625,51.474361419677734,1006.91859375,119152.8984375,True,True,True,176,0,0,109,178,101,2026-10-03T15:53:24.257980+07:00,247.04640607300007,0.1858211630005826,OK,,True,2026-10-03T15:53:24.443813+07:00,247.23223521700038,0.03323269700013043,OK,,True,1448,0.181,,2026-10-03T15:53:24.477047+07:00,247.26547171000038,0.03285760800008575,OK,,True,2654,0.33175,
4793290d6ecf45aaad5326541298bf5f,249,2026-10-03T15:53:25.257908+07:00,248.04632483300065,248.04632483300065,MONITOR,248.1929918450005,0.9999986299999364,0.2520186539995848,8.460600020043785e-05,DISABLED,on,user_reported,37.41270065307617,51.498165130615234,1006.882578125,119319.5078125,True,True,True,176,0,0,109,178,101,2026-10-03T15:53:25.257983+07:00,248.04640927700075,0.1858267749994411,OK,,True,2026-10-03T15:53:25.443823+07:00,248.23224496000057,0.03315951199965639,OK,,True,1445,0.180625,,2026-10-03T15:53:25.476986+07:00,248.2654090650003,0.03292534800038993,OK,,True,2654,0.33175,
4793290d6ecf45aaad5326541298bf5f,250,2026-10-03T15:53:26.257908+07:00,249.0463251000001,249.0463251000001,MONITOR,249.19299211199996,1.00000026699945,0.25198537800042686,8.487299965054262e-05,DISABLED,on,user_reported,37.414615631103516,51.511024475097656,1006.899375,119990.625,True,True,True,176,0,0,109,178,101,2026-10-03T15:53:26.257986+07:00,249.04641250700024,0.18582814700039307,OK,,True,2026-10-03T15:53:26.443827+07:00,249.2322495060007,0.033163400999910664,OK,,True,1444,0.1805,,2026-10-03T15:53:26.476995+07:00,249.26541805500074,0.032881885999813676,OK,,True,2647,0.33087500000000003,
4793290d6ecf45aaad5326541298bf5f,251,2026-10-03T15:53:27.257939+07:00,250.04635381800017,250.04635381800017,MONITOR,250.19302083000002,1.0000287180000669,0.2520730269998239,0.00011359099971741671,DISABLED,on,user_reported,37.41716766357422,51.511383056640625,1006.903515625,119319.5078125,True,True,True,176,0,0,109,178,101,2026-10-03T15:53:27.258025+07:00,250.04645170599997,0.18583251900054165,OK,,True,2026-10-03T15:53:27.443870+07:00,250.23229255800015,0.03323186400029954,OK,,True,1445,0.180625,,2026-10-03T15:53:27.477106+07:00,250.26552936700045,0.032887700000173936,OK,,True,2651,0.33137500000000003,
4793290d6ecf45aaad5326541298bf5f,252,2026-10-03T15:53:28.257908+07:00,251.04632374800076,251.04632374800076,MONITOR,251.1929907600006,0.9999699300005886,0.251969473999452,8.35210003060638e-05,DISABLED,on,user_reported,37.413978576660156,51.51092529296875,1006.89828125,119319.5078125,True,True,True,176,0,0,109,178,101,2026-10-03T15:53:28.257993+07:00,251.04641974700007,0.18583250099982251,OK,,True,2026-10-03T15:53:28.443838+07:00,251.23226071099998,0.03315399500024796,OK,,True,1440,0.18,,2026-10-03T15:53:28.476997+07:00,251.2654196500007,0.03286347899938846,OK,,True,2649,0.331125,
4793290d6ecf45aaad5326541298bf5f,253,2026-10-03T15:53:29.257906+07:00,252.04632312800004,252.04632312800004,MONITOR,252.1929901399999,0.9999993799992808,0.2520295860003898,8.29009995868546e-05,DISABLED,on,user_reported,37.396751403808594,51.502174377441406,1006.897734375,119486.578125,True,True,True,176,0,0,109,178,101,2026-10-03T15:53:29.257980+07:00,252.04640644200026,0.18581885500043427,OK,,True,2026-10-03T15:53:29.443812+07:00,252.23223370400046,0.03313945799982321,OK,,True,1445,0.180625,,2026-10-03T15:53:29.476956+07:00,252.26537901400025,0.0329633860001195,OK,,True,2653,0.331625,
4793290d6ecf45aaad5326541298bf5f,254,2026-10-03T15:53:30.257907+07:00,253.04632414500065,253.04632414500065,MONITOR,253.1929911570005,1.0000010170006135,0.2521775679997518,8.391800020035589e-05,DISABLED,on,user_reported,37.403770446777344,51.51576614379883,1006.895625,120244.25,True,True,True,176,0,0,109,178,101,2026-10-03T15:53:30.257982+07:00,253.0464075890004,0.18582042999969417,OK,,True,2026-10-03T15:53:30.443815+07:00,253.23223674100063,0.0333623449996594,OK,,True,1441,0.180125,,2026-10-03T15:53:30.477182+07:00,253.26560447500015,0.032888720000300964,OK,,True,2656,0.332,
4793290d6ecf45aaad5326541298bf5f,255,2026-10-03T15:53:31.257906+07:00,254.04632198400031,254.04632198400031,MONITOR,254.19298899600017,0.9999978389996613,0.26370564399985597,8.175699986168183e-05,DISABLED,on,user_reported,37.39356231689453,51.50172805786133,1006.87203125,119654.125,True,True,True,176,0,0,109,178,101,2026-10-03T15:53:31.257981+07:00,254.04640774200016,0.18978159700054675,OK,,True,2026-10-03T15:53:31.447786+07:00,254.23620491300062,0.036852533999990555,OK,,True,1452,0.1815,,2026-10-03T15:53:31.484642+07:00,254.27306526200027,0.03694266200000129,OK,,True,2662,0.33275,
4793290d6ecf45aaad5326541298bf5f,256,2026-10-03T15:53:32.257976+07:00,255.04638221799996,255.04638221799996,MONITOR,255.19304922999981,1.0000602339996476,0.2604412509999747,0.0001419909995092894,DISABLED,on,user_reported,37.382076263427734,51.506370544433594,1006.84671875,119654.125,True,True,True,176,0,0,109,178,101,2026-10-03T15:53:32.258136+07:00,255.04656062400045,0.1931483250000383,OK,,True,2026-10-03T15:53:32.451298+07:00,255.23971904100017,0.03422317100012151,OK,,True,1434,0.17925,,2026-10-03T15:53:32.485525+07:00,255.27394771200034,0.032865330999811704,OK,,True,2649,0.331125,
4793290d6ecf45aaad5326541298bf5f,257,2026-10-03T15:53:33.257919+07:00,256.04633468200063,256.04633468200063,MONITOR,256.1930016940005,0.9999524640006712,0.25330815500001336,9.445500018046005e-05,DISABLED,on,user_reported,37.39037322998047,51.51384353637695,1006.8875,119990.625,True,True,True,176,0,0,109,178,101,2026-10-03T15:53:33.257994+07:00,256.0464202000003,0.18583137800033,OK,,True,2026-10-03T15:53:33.443837+07:00,256.2322598560004,0.033516585000143095,OK,,True,1431,0.178875,,2026-10-03T15:53:33.477364+07:00,256.265784663,0.03384650700081693,OK,,True,2650,0.33125,
4793290d6ecf45aaad5326541298bf5f,258,2026-10-03T15:53:34.257911+07:00,257.046325968,257.046325968,MONITOR,257.1929929799999,0.9999912859993856,0.2536283010003899,8.574099956604186e-05,DISABLED,on,user_reported,37.385902404785156,51.506919860839844,1006.88703125,119319.5078125,True,True,True,176,0,0,109,178,101,2026-10-03T15:53:34.257997+07:00,257.0464229850004,0.18608472899995832,OK,,True,2026-10-03T15:53:34.444111+07:00,257.2325261770002,0.03413722700042854,OK,,True,1430,0.17875,,2026-10-03T15:53:34.478248+07:00,257.26667027500025,0.03327168000032543,OK,,True,2647,0.33087500000000003,
4793290d6ecf45aaad5326541298bf5f,259,2026-10-03T15:53:35.257914+07:00,258.0463311120002,258.0463311120002,MONITOR,258.19299812400004,1.0000051440001698,0.25451899800009414,9.088499973586295e-05,DISABLED,on,user_reported,37.380802154541016,51.512489318847656,1006.851328125,119822.140625,True,True,True,176,0,0,109,178,101,2026-10-03T15:53:35.257989+07:00,258.04641553700003,0.1858162140006243,OK,,True,2026-10-03T15:53:35.443817+07:00,258.2322392140004,0.035355863999939174,OK,,True,1441,0.180125,,2026-10-03T15:53:35.479179+07:00,258.26760152299994,0.033236958000088634,OK,,True,2657,0.332125,
4793290d6ecf45aaad5326541298bf5f,260,2026-10-03T15:53:36.257916+07:00,259.04633167000065,259.04633167000065,MONITOR,259.1929986820005,1.0000005580004654,0.25264431499999773,9.144300020125229e-05,DISABLED,on,user_reported,37.374420166015625,51.511573791503906,1006.888984375,119906.3203125,True,True,True,176,0,0,109,178,101,2026-10-03T15:53:36.257995+07:00,259.04642165099995,0.18589934400006314,OK,,True,2026-10-03T15:53:36.443909+07:00,259.23233075400003,0.0331438490002256,OK,,True,1434,0.17925,,2026-10-03T15:53:36.477059+07:00,259.26548128800005,0.033481067000138864,OK,,True,2655,0.33187500000000003,
4793290d6ecf45aaad5326541298bf5f,261,2026-10-03T15:53:37.257922+07:00,260.04633647600076,260.04633647600076,MONITOR,260.1930034880006,1.0000048060001063,0.26270549799937726,9.624900030757999e-05,DISABLED,on,user_reported,37.373146057128906,51.52396774291992,1006.88015625,120075.046875,True,True,True,176,0,0,109,178,101,2026-10-03T15:53:37.258002+07:00,260.0464286230008,0.1861814919993776,OK,,True,2026-10-03T15:53:37.444199+07:00,260.23262100300053,0.04120142000010674,OK,,True,1423,0.177875,,2026-10-03T15:53:37.485417+07:00,260.2738359040004,0.035178402999918035,OK,,True,2650,0.33125,
4793290d6ecf45aaad5326541298bf5f,262,2026-10-03T15:53:38.257925+07:00,261.04634164100025,261.04634164100025,MONITOR,261.1930086530001,1.000005164999493,0.25266659499993693,0.00010141399980057031,DISABLED,on,user_reported,37.36931610107422,51.53601837158203,1006.79171875,119570.296875,True,True,True,176,0,0,109,178,101,2026-10-03T15:53:38.258000+07:00,261.04642656600026,0.18584394000026805,OK,,True,2026-10-03T15:53:38.443858+07:00,261.2322799500007,0.03381449099924794,OK,,True,1446,0.18075,,2026-10-03T15:53:38.477677+07:00,261.26609970000027,0.03289892500015412,OK,,True,2654,0.33175,
4793290d6ecf45aaad5326541298bf5f,263,2026-10-03T15:53:39.257910+07:00,262.0463258310001,262.0463258310001,MONITOR,262.19299284299996,0.9999841899998501,0.2549455750004199,8.56039996506297e-05,DISABLED,on,user_reported,37.359107971191406,51.53455352783203,1006.95328125,119822.140625,True,True,True,176,0,0,109,178,101,2026-10-03T15:53:39.257992+07:00,262.04641842300043,0.1871508909998738,OK,,True,2026-10-03T15:53:39.445153+07:00,262.2335756480006,0.03300597999987076,OK,,True,1432,0.179,,2026-10-03T15:53:39.478166+07:00,262.26658759100064,0.03467153800011147,OK,,True,2642,0.33025,
4793290d6ecf45aaad5326541298bf5f,264,2026-10-03T15:53:40.257912+07:00,263.04632860200036,263.04632860200036,MONITOR,263.1929956140002,1.0000027710002541,0.25344529500034696,8.837499990477227e-05,DISABLED,on,user_reported,37.34825897216797,51.55189514160156,1006.949453125,120413.921875,True,True,True,176,0,0,109,178,101,2026-10-03T15:53:40.257984+07:00,263.0464105460005,0.1858106459994815,OK,,True,2026-10-03T15:53:40.443807+07:00,263.2322293770003,0.03374234399962006,OK,,True,1437,0.179625,,2026-10-03T15:53:40.477555+07:00,263.2659771839999,0.03377260200068122,OK,,True,2654,0.33175,
4793290d6ecf45aaad5326541298bf5f,265,2026-10-03T15:53:41.257932+07:00,264.04634826800066,264.04634826800066,MONITOR,264.1930152800005,1.0000196660002985,0.2551515589993869,0.00010804100020322949,DISABLED,on,user_reported,37.35081100463867,51.552249908447266,1006.953515625,119486.578125,True,True,True,176,0,0,109,178,101,2026-10-03T15:53:41.258007+07:00,264.0464336929999,0.18582157400032884,OK,,True,2026-10-03T15:53:41.443841+07:00,264.2322630630006,0.03523183000015706,OK,,True,1434,0.17925,,2026-10-03T15:53:41.479080+07:00,264.26750230000016,0.03398252700026205,OK,,True,2643,0.33037500000000003,
4793290d6ecf45aaad5326541298bf5f,266,2026-10-03T15:53:42.257947+07:00,265.04636084899994,265.04636084899994,MONITOR,265.1930278609998,1.0000125809992824,0.25328018900017923,0.00012062199948559282,DISABLED,on,user_reported,37.348899841308594,51.577152252197266,1006.88203125,119906.3203125,True,True,True,176,0,0,109,178,101,2026-10-03T15:53:42.258031+07:00,265.0464573670006,0.18580677799945988,OK,,True,2026-10-03T15:53:42.443850+07:00,265.2322722380004,0.033035294999535836,OK,,True,1438,0.17975,,2026-10-03T15:53:42.476891+07:00,265.2653134780003,0.03431470800023817,OK,,True,2638,0.32975,
4793290d6ecf45aaad5326541298bf5f,267,2026-10-03T15:53:43.257956+07:00,266.04636423300053,266.04636423300053,MONITOR,266.1930312450004,1.0000033840005926,0.27564760699988256,0.00012400600007822504,DISABLED,on,user_reported,37.34825897216797,51.57077407836914,1006.908359375,119570.296875,True,True,True,176,0,0,109,178,101,2026-10-03T15:53:43.258105+07:00,266.0465297870005,0.19176394500027527,OK,,True,2026-10-03T15:53:43.449890+07:00,266.2383096020003,0.042699370000264025,OK,,True,1467,0.183375,,2026-10-03T15:53:43.492603+07:00,266.2810218980003,0.04096262700022635,OK,,True,2658,0.33225,
4793290d6ecf45aaad5326541298bf5f,268,2026-10-03T15:53:44.257942+07:00,267.04635690100076,267.04635690100076,MONITOR,267.1930239130006,0.9999926680002318,0.2523120169998947,0.00011667400031001307,DISABLED,on,user_reported,37.35017395019531,51.57733917236328,1006.91828125,119906.3203125,True,True,True,176,0,0,109,178,101,2026-10-03T15:53:44.258028+07:00,267.0464545670002,0.1858098920001794,OK,,True,2026-10-03T15:53:44.443848+07:00,267.23227177400076,0.033073035999223066,OK,,True,1439,0.179875,,2026-10-03T15:53:44.476926+07:00,267.2653492920008,0.033306718999483564,OK,,True,2652,0.3315,
4793290d6ecf45aaad5326541298bf5f,269,2026-10-03T15:53:45.257916+07:00,268.0463329290005,268.0463329290005,MONITOR,268.1929999410004,0.9999760279997645,0.2541003529995578,9.270200007449603e-05,DISABLED,on,user_reported,37.34060287475586,51.56337356567383,1006.882265625,120498.9375,True,True,True,176,0,0,109,178,101,2026-10-03T15:53:45.257991+07:00,268.04641746500056,0.18582028199944034,OK,,True,2026-10-03T15:53:45.443823+07:00,268.23224584000036,0.03300861099978647,OK,,True,1439,0.179875,,2026-10-03T15:53:45.476833+07:00,268.26525793200017,0.03516321999995853,OK,,True,2653,0.331625,
4793290d6ecf45aaad5326541298bf5f,270,2026-10-03T15:53:46.257913+07:00,269.0463289620002,269.0463289620002,MONITOR,269.19299597400004,0.9999960329996611,0.2525746100000106,8.873499973560683e-05,DISABLED,on,user_reported,37.33167266845703,51.5746955871582,1006.881484375,120669.3359375,True,True,True,176,0,0,109,178,101,2026-10-03T15:53:46.257994+07:00,269.04642059100024,0.18580811700030608,OK,,True,2026-10-03T15:53:46.443813+07:00,269.2322362270006,0.033004406999680214,OK,,True,1442,0.18025,,2026-10-03T15:53:46.476818+07:00,269.26524400500057,0.03364545600015845,OK,,True,2649,0.331125,
4793290d6ecf45aaad5326541298bf5f,271,2026-10-03T15:53:47.257917+07:00,270.04633265100074,270.04633265100074,MONITOR,270.1929996630006,1.0000036890005504,0.2524374649992751,9.24240002859733e-05,DISABLED,on,user_reported,37.32848358154297,51.58053207397461,1006.87625,120159.5859375,True,True,True,176,0,0,109,178,101,2026-10-03T15:53:47.257999+07:00,270.0464249460001,0.18595530200036592,OK,,True,2026-10-03T15:53:47.443966+07:00,270.23238887800017,0.03330197900049825,OK,,True,1442,0.18025,,2026-10-03T15:53:47.477271+07:00,270.2656952269999,0.03306314800011023,OK,,True,2660,0.3325,
4793290d6ecf45aaad5326541298bf5f,272,2026-10-03T15:53:48.257917+07:00,271.0463331609999,271.0463331609999,MONITOR,271.19300017299975,1.000000509999154,0.25177308400088805,9.293399943999248e-05,DISABLED,on,user_reported,37.324012756347656,51.567298889160156,1006.875859375,120244.25,True,True,True,176,0,0,109,178,101,2026-10-03T15:53:48.257991+07:00,271.0464177160002,0.18580958199981978,OK,,True,2026-10-03T15:53:48.443811+07:00,271.2322347980007,0.03300127900001826,OK,,True,1441,0.180125,,2026-10-03T15:53:48.476813+07:00,271.26523937300044,0.0328585759998532,OK,,True,2651,0.33137500000000003,
4793290d6ecf45aaad5326541298bf5f,273,2026-10-03T15:53:49.257909+07:00,272.04632671500076,272.04632671500076,MONITOR,272.1929937270006,0.9999935540008664,0.2518171589999838,8.648800030641723e-05,DISABLED,on,user_reported,37.325931549072266,51.56757354736328,1006.8859375,119822.140625,True,True,True,176,0,0,109,178,101,2026-10-03T15:53:49.257981+07:00,272.0464073810008,0.18581647199971485,OK,,True,2026-10-03T15:53:49.443809+07:00,272.232231557,0.03301777800061245,OK,,True,1437,0.179625,,2026-10-03T15:53:49.476828+07:00,272.2652527800001,0.032882446000257914,OK,,True,2654,0.33175,
4793290d6ecf45aaad5326541298bf5f,274,2026-10-03T15:53:50.257914+07:00,273.046329238,273.046329238,MONITOR,273.19299624999985,1.0000025229992389,0.2517545139999129,8.901099954528036e-05,DISABLED,on,user_reported,37.31061553955078,51.58427810668945,1006.874765625,120159.5859375,True,True,True,176,0,0,109,178,101,2026-10-03T15:53:50.257995+07:00,273.04642133000016,0.18581904799975746,OK,,True,2026-10-03T15:53:50.443825+07:00,273.23224787800063,0.032988019999720564,OK,,True,1442,0.18025,,2026-10-03T15:53:50.476813+07:00,273.2652387490007,0.03283622499930061,OK,,True,2653,0.331625,
4793290d6ecf45aaad5326541298bf5f,275,2026-10-03T15:53:51.257918+07:00,274.0463341200002,274.0463341200002,MONITOR,274.19300113200006,1.000004882000212,0.25178294099987397,9.389299975737231e-05,DISABLED,on,user_reported,37.30742645263672,51.564937591552734,1006.86265625,120498.9375,True,True,True,176,0,0,109,178,101,2026-10-03T15:53:51.258001+07:00,274.0464264709999,0.18581451200043375,OK,,True,2026-10-03T15:53:51.443825+07:00,274.23224828,0.03300562999993417,OK,,True,1452,0.1815,,2026-10-03T15:53:51.476833+07:00,274.26525741000023,0.0328504660001272,OK,,True,2651,0.33137500000000003,
4793290d6ecf45aaad5326541298bf5f,276,2026-10-03T15:53:52.257912+07:00,275.0463276569999,275.0463276569999,MONITOR,275.19299466899975,0.999993536999682,0.25182881300042936,8.742999943933683e-05,DISABLED,on,user_reported,37.29594039916992,51.56958770751953,1006.8509375,120159.5859375,True,True,True,176,0,0,109,178,101,2026-10-03T15:53:52.257992+07:00,275.0464185820001,0.18581551399984164,OK,,True,2026-10-03T15:53:52.443819+07:00,275.2322419100001,0.033018261000506754,OK,,True,1452,0.1815,,2026-10-03T15:53:52.476839+07:00,275.26526379999996,0.03288378100023692,OK,,True,2655,0.33187500000000003,
4793290d6ecf45aaad5326541298bf5f,277,2026-10-03T15:53:53.257948+07:00,276.046362219,276.046362219,MONITOR,276.19302923099985,1.0000345620001099,0.25208318200020585,0.00012199199954920914,DISABLED,on,user_reported,37.29275131225586,51.5754280090332,1006.85953125,120413.921875,True,True,True,176,0,0,109,178,101,2026-10-03T15:53:53.258032+07:00,276.04645877300027,0.18581171900041227,OK,,True,2026-10-03T15:53:53.443855+07:00,276.2322782320007,0.03327861099933216,OK,,True,1441,0.180125,,2026-10-03T15:53:53.477137+07:00,276.2655608800005,0.032876279999982216,OK,,True,2658,0.33225,
4793290d6ecf45aaad5326541298bf5f,278,2026-10-03T15:53:54.257957+07:00,277.04636578700047,277.04636578700047,MONITOR,277.1930327990003,1.0000035680004657,0.26287267499992595,0.00012556000001495704,DISABLED,on,user_reported,37.29977035522461,51.58272933959961,1006.823046875,120159.5859375,True,True,True,176,0,0,109,178,101,2026-10-03T15:53:54.258105+07:00,277.0465301009999,0.1917649960005292,OK,,True,2026-10-03T15:53:54.449892+07:00,277.23831083799996,0.035508274000676465,OK,,True,1457,0.182125,,2026-10-03T15:53:54.485406+07:00,277.27382822300024,0.03538744199977373,OK,,True,2661,0.332625,
4793290d6ecf45aaad5326541298bf5f,279,2026-10-03T15:53:55.257929+07:00,278.046345752,278.046345752,MONITOR,278.19301276399983,0.9999799649995111,0.2517812620008044,0.00010552499952609651,DISABLED,on,user_reported,37.28892517089844,51.587467193603516,1006.81921875,120244.25,True,True,True,176,0,0,109,178,101,2026-10-03T15:53:55.258001+07:00,278.04642695500024,0.1858116829998835,OK,,True,2026-10-03T15:53:55.443824+07:00,278.23224636100076,0.033020593999935954,OK,,True,1450,0.18125,,2026-10-03T15:53:55.476847+07:00,278.2652711030005,0.03284668899959797,OK,,True,2655,0.33187500000000003,
4793290d6ecf45aaad5326541298bf5f,280,2026-10-03T15:53:56.257946+07:00,279.0463591480002,279.0463591480002,MONITOR,279.19302616000004,1.000013396000213,0.25187507800001185,0.00011892099973920267,DISABLED,on,user_reported,37.278717041015625,51.60489273071289,1006.86421875,120329.0234375,True,True,True,176,0,0,109,178,101,2026-10-03T15:53:56.258037+07:00,279.0464630360002,0.18599060900032782,OK,,True,2026-10-03T15:53:56.444040+07:00,279.23246160800045,0.0329374849998203,OK,,True,1447,0.180875,,2026-10-03T15:53:56.476976+07:00,279.2654024450003,0.03282150399991224,OK,,True,2656,0.332,
4793290d6ecf45aaad5326541298bf5f,281,2026-10-03T15:53:57.257937+07:00,280.04635218100066,280.04635218100066,MONITOR,280.1930191930005,0.9999930330004645,0.251770451000084,0.00011195400020369561,DISABLED,on,user_reported,37.28190612792969,51.630523681640625,1006.821484375,120244.25,True,True,True,176,0,0,109,178,101,2026-10-03T15:53:57.258021+07:00,280.0464476800007,0.18582281599992712,OK,,True,2026-10-03T15:53:57.443856+07:00,280.2322783110003,0.0329896129996996,OK,,True,1444,0.1805,,2026-10-03T15:53:57.476849+07:00,280.26527248,0.03284154100037995,OK,,True,2651,0.33137500000000003,
4793290d6ecf45aaad5326541298bf5f,282,2026-10-03T15:53:58.257916+07:00,281.0463326100007,281.0463326100007,MONITOR,281.19299962200057,0.9999804290000611,0.25189300700003514,9.238300026481738e-05,DISABLED,on,user_reported,37.271697998046875,51.62907409667969,1006.935078125,120669.3359375,True,True,True,176,0,0,109,178,101,2026-10-03T15:53:58.257988+07:00,281.04641431300024,0.18581146500036994,OK,,True,2026-10-03T15:53:58.443811+07:00,281.23223370400046,0.0331693339994672,OK,,True,1442,0.18025,,2026-10-03T15:53:58.476981+07:00,281.265406427,0.0328108190005878,OK,,True,2655,0.33187500000000003,
4793290d6ecf45aaad5326541298bf5f,283,2026-10-03T15:53:59.257910+07:00,282.0463270070004,282.0463270070004,MONITOR,282.19299401900025,0.9999943969996821,0.25182945399956225,8.677999994688435e-05,DISABLED,on,user_reported,37.27488708496094,51.6295280456543,1006.981328125,120413.921875,True,True,True,176,0,0,109,178,101,2026-10-03T15:53:59.257980+07:00,282.0464058770003,0.18581152200022188,OK,,True,2026-10-03T15:53:59.443802+07:00,282.2322245660007,0.033050557999558805,OK,,True,1444,0.1805,,2026-10-03T15:53:59.476857+07:00,282.2652802530001,0.032866782000382955,OK,,True,2654,0.33175,
4793290d6ecf45aaad5326541298bf5f,284,2026-10-03T15:54:00.257910+07:00,283.0463278750003,283.0463278750003,MONITOR,283.19299488700017,1.0000008679999155,0.25175777099957486,8.764799986238359e-05,DISABLED,on,user_reported,37.279354095458984,51.661643981933594,1006.899453125,120498.9375,True,True,True,176,0,0,109,178,101,2026-10-03T15:54:00.257980+07:00,283.0464064480002,0.18581261600047583,OK,,True,2026-10-03T15:54:00.443805+07:00,283.2322267489999,0.033005448000039905,OK,,True,1435,0.179375,,2026-10-03T15:54:00.476810+07:00,283.26523519700004,0.032842393000464654,OK,,True,2656,0.332,
4793290d6ecf45aaad5326541298bf5f,285,2026-10-03T15:54:01.259630+07:00,284.04803665800046,284.04803665800046,MONITOR,284.1947036700003,1.00170878300014,0.251977474999876,0.0017964310000024852,DISABLED,on,user_reported,37.27425003051758,51.65461730957031,1006.905078125,120075.046875,True,True,True,176,0,0,109,178,101,2026-10-03T15:54:01.259740+07:00,284.048166046,0.18595517100038705,OK,,True,2026-10-03T15:54:01.445707+07:00,284.23412919900056,0.03300767000018823,OK,,True,1447,0.180875,,2026-10-03T15:54:01.478716+07:00,284.26714027600065,0.03286528299940983,OK,,True,2654,0.33175,
4793290d6ecf45aaad5326541298bf5f,286,2026-10-03T15:54:02.257907+07:00,285.04632485100046,285.04632485100046,MONITOR,285.1929918630003,0.9982881930000076,0.2517723669998304,8.462400001008064e-05,DISABLED,on,user_reported,37.26978302001953,51.679161071777344,1006.89078125,120669.3359375,True,True,True,176,0,0,109,178,101,2026-10-03T15:54:02.257985+07:00,285.04641096200066,0.1858060619997559,OK,,True,2026-10-03T15:54:02.443802+07:00,285.2322247830007,0.033012225999300426,OK,,True,1441,0.180125,,2026-10-03T15:54:02.476816+07:00,285.2652404540004,0.032846393999534484,OK,,True,2659,0.33237500000000003,
4793290d6ecf45aaad5326541298bf5f,287,2026-10-03T15:54:03.257907+07:00,286.0463242750002,286.0463242750002,MONITOR,286.19299128700004,0.999999423999725,0.2518172380005126,8.40479997350485e-05,DISABLED,on,user_reported,37.270423889160156,51.6855583190918,1006.86453125,120498.9375,True,True,True,176,0,0,109,178,101,2026-10-03T15:54:03.257979+07:00,286.0464049410002,0.1858051750004961,OK,,True,2026-10-03T15:54:03.443794+07:00,286.232217449,0.033055595999940124,OK,,True,1440,0.18,,2026-10-03T15:54:03.476852+07:00,286.26527678599996,0.03285665300063556,OK,,True,2653,0.331625,
4793290d6ecf45aaad5326541298bf5f,288,2026-10-03T15:54:04.257907+07:00,287.04632403899996,287.04632403899996,MONITOR,287.1929910509998,0.9999997639997673,0.2519549050002752,8.381199950235896e-05,DISABLED,on,user_reported,37.26914596557617,51.704261779785156,1006.882890625,121011.578125,True,True,True,176,0,0,109,178,101,2026-10-03T15:54:04.257978+07:00,287.0464042420008,0.18580345399914222,OK,,True,2026-10-03T15:54:04.443793+07:00,287.2322152330007,0.033216928000001644,OK,,True,1442,0.18025,,2026-10-03T15:54:04.477012+07:00,287.26543627200044,0.03283350600031554,OK,,True,2659,0.33237500000000003,
4793290d6ecf45aaad5326541298bf5f,289,2026-10-03T15:54:05.257952+07:00,288.0463606789999,288.0463606789999,MONITOR,288.19302769099977,1.000036639999962,0.26271097300013935,0.00012045199946442153,DISABLED,on,user_reported,37.263404846191406,51.709739685058594,1006.86671875,120413.921875,True,True,True,176,0,0,109,178,101,2026-10-03T15:54:05.258096+07:00,288.046520678,0.1917494360004639,OK,,True,2026-10-03T15:54:05.449866+07:00,288.2382857070006,0.035475869000038074,OK,,True,1452,0.1815,,2026-10-03T15:54:05.485349+07:00,288.27377113200055,0.03528020500016282,OK,,True,2659,0.33237500000000003,
4793290d6ecf45aaad5326541298bf5f,290,2026-10-03T15:54:06.261763+07:00,289.0501734570007,289.0501734570007,MONITOR,289.19684046900056,1.0038127780007926,0.2586016239993114,0.003933230000257026,DISABLED,on,user_reported,37.270423889160156,51.729644775390625,1006.843984375,120159.5859375,True,True,True,176,0,0,109,178,101,2026-10-03T15:54:06.261868+07:00,289.0502941040004,0.18876426200040441,OK,,True,2026-10-03T15:54:06.450651+07:00,289.2390717550006,0.03439649099982489,OK,,True,1454,0.18175,,2026-10-03T15:54:06.485054+07:00,289.27347667200047,0.035277445999781776,OK,,True,2668,0.3335,
4793290d6ecf45aaad5326541298bf5f,291,2026-10-03T15:54:07.257925+07:00,290.0463427020004,290.0463427020004,MONITOR,290.19300971400025,0.9961692449996917,0.25194400300006237,0.00010247499994875398,DISABLED,on,user_reported,37.26659393310547,51.7542839050293,1006.85828125,120584.078125,True,True,True,176,0,0,109,178,101,2026-10-03T15:54:07.257994+07:00,290.0464200160004,0.18580121699960728,OK,,True,2026-10-03T15:54:07.443805+07:00,290.23222878900015,0.033203003000380704,OK,,True,1450,0.18125,,2026-10-03T15:54:07.477014+07:00,290.26543745800063,0.03283913599989319,OK,,True,2656,0.332,
4793290d6ecf45aaad5326541298bf5f,292,2026-10-03T15:54:08.257917+07:00,291.04633456600004,291.04633456600004,MONITOR,291.1930015779999,0.9999918639996395,0.25165908100007073,9.433899958821712e-05,DISABLED,on,user_reported,37.26148986816406,51.766151428222656,1006.870546875,120329.0234375,True,True,True,176,0,0,109,178,101,2026-10-03T15:54:08.257983+07:00,291.04640989900054,0.18579692099956446,OK,,True,2026-10-03T15:54:08.443791+07:00,291.2322144690006,0.0329665789995488,OK,,True,1447,0.180875,,2026-10-03T15:54:08.476759+07:00,291.2651838440006,0.032801765999465715,OK,,True,2659,0.33237500000000003,
4793290d6ecf45aaad5326541298bf5f,293,2026-10-03T15:54:09.257906+07:00,292.04632367700015,292.04632367700015,MONITOR,292.192990689,0.9999891110001045,0.2519946170004914,8.344999969267519e-05,DISABLED,on,user_reported,37.257022857666016,51.7655143737793,1006.918125,120329.0234375,True,True,True,176,0,0,109,178,101,2026-10-03T15:54:09.257973+07:00,292.04639913900064,0.18579962700005126,OK,,True,2026-10-03T15:54:09.443783+07:00,292.2322065070002,0.03325885400045081,OK,,True,1433,0.179125,,2026-10-03T15:54:09.477046+07:00,292.26546976900045,0.032840005999787536,OK,,True,2654,0.33175,
4793290d6ecf45aaad5326541298bf5f,294,2026-10-03T15:54:10.257909+07:00,293.04632331300036,293.04632331300036,MONITOR,293.1929903250002,0.9999996360002115,0.25168015799954446,8.308599990414223e-05,DISABLED,on,user_reported,37.256385803222656,51.77801513671875,1006.876015625,119990.625,True,True,True,176,0,0,109,178,101,2026-10-03T15:54:10.257990+07:00,293.0464162190001,0.1858077390006656,OK,,True,2026-10-03T15:54:10.443808+07:00,293.2322316059999,0.03295674700075324,OK,,True,1443,0.180375,,2026-10-03T15:54:10.476765+07:00,293.26519129700046,0.032803969999804394,OK,,True,2657,0.332125,
4793290d6ecf45aaad5326541298bf5f,295,2026-10-03T15:54:11.257953+07:00,294.0463637140001,294.0463637140001,MONITOR,294.19303072599996,1.000040400999751,0.2517486960005044,0.00012348699965514243,DISABLED,on,user_reported,37.257659912109375,51.790794372558594,1006.816484375,120498.9375,True,True,True,176,0,0,109,178,101,2026-10-03T15:54:11.258041+07:00,294.0464676020001,0.18583073999980115,OK,,True,2026-10-03T15:54:11.443884+07:00,294.23230695300026,0.032955135000520386,OK,,True,1438,0.17975,,2026-10-03T15:54:11.476843+07:00,294.2652663100007,0.032835377999617776,OK,,True,2653,0.331625,
4793290d6ecf45aaad5326541298bf5f,296,2026-10-03T15:54:12.257938+07:00,295.04635145500015,295.04635145500015,MONITOR,295.193018467,0.9999877410000408,0.2517537909998282,0.00011122799969598418,DISABLED,on,user_reported,37.2442626953125,51.801483154296875,1006.84953125,120840.21875,True,True,True,176,0,0,109,178,101,2026-10-03T15:54:12.258024+07:00,295.04644945400014,0.18580707500041171,OK,,True,2026-10-03T15:54:12.443842+07:00,295.232264362,0.03298265400007949,OK,,True,1435,0.179375,,2026-10-03T15:54:12.476826+07:00,295.265250683,0.03284530300061306,OK,,True,2651,0.33137500000000003,
4793290d6ecf45aaad5326541298bf5f,297,2026-10-03T15:54:13.257914+07:00,296.0463284440002,296.0463284440002,MONITOR,296.19299545600006,0.9999769890000607,0.25180253200051084,8.821699975669617e-05,DISABLED,on,user_reported,37.24362564086914,51.801387786865234,1006.8278125,120669.3359375,True,True,True,176,0,0,109,178,101,2026-10-03T15:54:13.257995+07:00,296.04642168400005,0.18580755699986184,OK,,True,2026-10-03T15:54:13.443814+07:00,296.2322369450003,0.033030393999979424,OK,,True,1438,0.17975,,2026-10-03T15:54:13.476848+07:00,296.2652716720004,0.032849952000105986,OK,,True,2653,0.331625,
4793290d6ecf45aaad5326541298bf5f,298,2026-10-03T15:54:14.257910+07:00,297.0463241240004,297.0463241240004,MONITOR,297.1929911360003,0.999995680000211,0.25175794099959603,8.389699996769195e-05,DISABLED,on,user_reported,37.23724365234375,51.8067741394043,1006.947734375,120754.71875,True,True,True,176,0,0,109,178,101,2026-10-03T15:54:14.257990+07:00,297.0464166410002,0.18580335499973444,OK,,True,2026-10-03T15:54:14.443805+07:00,297.2322277180001,0.03298939600063022,OK,,True,1435,0.179375,,2026-10-03T15:54:14.476796+07:00,297.2652203540001,0.0328535449998526,OK,,True,2655,0.33187500000000003,
4793290d6ecf45aaad5326541298bf5f,299,2026-10-03T15:54:15.257910+07:00,298.0463244950006,298.0463244950006,MONITOR,298.19299150700044,1.0000003710001693,0.25195084899951325,8.426800013694447e-05,DISABLED,on,user_reported,37.23660659790039,51.812984466552734,1006.912421875,120669.3359375,True,True,True,176,0,0,109,178,101,2026-10-03T15:54:15.257989+07:00,298.0464152170007,0.1858114669994393,OK,,True,2026-10-03T15:54:15.443812+07:00,298.2322344610002,0.033198783000443655,OK,,True,1445,0.180625,,2026-10-03T15:54:15.477013+07:00,298.26543724400017,0.03282947099978628,OK,,True,2656,0.332,
4793290d6ecf45aaad5326541298bf5f,300,2026-10-03T15:54:16.257945+07:00,299.0463580760006,299.0463580760006,MONITOR,299.19302508800047,1.0000335810000252,0.2517700379994494,0.00011784900016209576,DISABLED,on,user_reported,37.23724365234375,51.8067741394043,1006.9203125,120754.71875,True,True,True,176,0,0,109,178,101,2026-10-03T15:54:16.258040+07:00,299.0464657050006,0.18584009799997148,OK,,True,2026-10-03T15:54:16.443892+07:00,299.23231461700016,0.03298156300024857,OK,,True,1438,0.17975,,2026-10-03T15:54:16.476874+07:00,299.26529943900005,0.03281973100001778,OK,,True,2656,0.332,
4793290d6ecf45aaad5326541298bf5f,301,2026-10-03T15:54:17.257966+07:00,300.0463727940005,300.0463727940005,MONITOR,300.19303980600034,1.0000147179998748,0.2621004800002993,0.00013256700003694277,DISABLED,on,user_reported,37.23660659790039,51.800384521484375,1006.912421875,120840.21875,True,True,True,176,0,0,109,178,101,2026-10-03T15:54:17.258127+07:00,300.0465516439999,0.19174991400086583,OK,,True,2026-10-03T15:54:17.449898+07:00,300.23831652100034,0.03552355699957843,OK,,True,1440,0.18,,2026-10-03T15:54:17.485429+07:00,300.2738503190003,0.034604602999934286,OK,,True,2666,0.33325,
4793290d6ecf45aaad5326541298bf5f,302,2026-10-03T15:54:18.257925+07:00,301.0463402590003,301.0463402590003,MONITOR,301.19300727100017,0.9999674649998269,0.25177335500029585,0.0001000319998638588,DISABLED,on,user_reported,37.23405456542969,51.80002212524414,1006.915078125,120584.078125,True,True,True,176,0,0,109,178,101,2026-10-03T15:54:18.258004+07:00,301.0464307580005,0.18580621099954442,OK,,True,2026-10-03T15:54:18.443822+07:00,301.23224532099994,0.03301450700018904,OK,,True,1441,0.180125,,2026-10-03T15:54:18.476839+07:00,301.2652638090003,0.03284060199985106,OK,,True,2656,0.332,
4793290d6ecf45aaad5326541298bf5f,303,2026-10-03T15:54:19.257914+07:00,302.04632850800044,302.04632850800044,MONITOR,302.1929955200003,0.9999882490001255,0.25178552299985313,8.828099998936523e-05,DISABLED,on,user_reported,37.23405456542969,51.80002212524414,1006.92203125,120754.71875,True,True,True,176,0,0,109,178,101,2026-10-03T15:54:19.257990+07:00,302.0464159330004,0.18579976799992437,OK,,True,2026-10-03T15:54:19.443799+07:00,302.2322225530006,0.033023506999597885,OK,,True,1442,0.18025,,2026-10-03T15:54:19.476827+07:00,302.26525052300076,0.032854915999450895,OK,,True,2645,0.330625,
4793290d6ecf45aaad5326541298bf5f,304,2026-10-03T15:54:20.257914+07:00,303.04632972500076,303.04632972500076,MONITOR,303.1929967370006,1.0000012170003174,0.2519227279999541,8.94980003067758e-05,DISABLED,on,user_reported,37.228309631347656,51.78030014038086,1006.905859375,120498.9375,True,True,True,176,0,0,109,178,101,2026-10-03T15:54:20.257994+07:00,303.04642009500003,0.18579247300021962,OK,,True,2026-10-03T15:54:20.443795+07:00,303.2322180680003,0.033185080000293965,OK,,True,1440,0.18,,2026-10-03T15:54:20.476982+07:00,303.26540687000033,0.032837230999575695,OK,,True,2653,0.331625,
4793290d6ecf45aaad5326541298bf5f,305,2026-10-03T15:54:21.257983+07:00,304.0463879680001,304.0463879680001,MONITOR,304.19305497999994,1.00005824299933,0.2520638020005208,0.0001477409996368806,DISABLED,on,user_reported,37.22576141357422,51.779930114746094,1006.867578125,120925.8359375,True,True,True,176,0,0,109,178,101,2026-10-03T15:54:21.258134+07:00,304.0465581510007,0.18592230699960055,OK,,True,2026-10-03T15:54:21.444068+07:00,304.232490032,0.033060377000765584,OK,,True,1440,0.18,,2026-10-03T15:54:21.477132+07:00,304.26555565000035,0.03288595300000452,OK,,True,2653,0.331625,
4793290d6ecf45aaad5326541298bf5f,306,2026-10-03T15:54:22.257945+07:00,305.0463593100003,305.0463593100003,MONITOR,305.19302632200015,0.9999713420002081,0.2517800460000217,0.00011908299984497717,DISABLED,on,user_reported,37.223209381103516,51.77956771850586,1006.890703125,121097.4453125,True,True,True,176,0,0,109,178,101,2026-10-03T15:54:22.258031+07:00,305.0464569200003,0.1858041420000518,OK,,True,2026-10-03T15:54:22.443845+07:00,305.2322682840004,0.03300769300039974,OK,,True,1449,0.181125,,2026-10-03T15:54:22.476856+07:00,305.26527966200047,0.03285056499953498,OK,,True,2655,0.33187500000000003,
4793290d6ecf45aaad5326541298bf5f,307,2026-10-03T15:54:23.257961+07:00,306.04636515700076,306.04636515700076,MONITOR,306.1930321690006,1.000005847000466,0.2623804499999096,0.00012493000031099655,DISABLED,on,user_reported,37.225120544433594,51.76724624633789,1006.948671875,121011.578125,True,True,True,176,0,0,109,178,101,2026-10-03T15:54:23.258119+07:00,306.04654374800066,0.1917152369996984,OK,,True,2026-10-03T15:54:23.449852+07:00,306.2382720400001,0.03549600400037889,OK,,True,1444,0.1805,,2026-10-03T15:54:23.485358+07:00,306.27377785800036,0.03495154600022943,OK,,True,2666,0.33325,
4793290d6ecf45aaad5326541298bf5f,308,2026-10-03T15:54:24.257951+07:00,307.0463605110008,307.0463605110008,MONITOR,307.19302752300064,0.9999953540000206,0.26235259999975824,0.00012028400033159414,DISABLED,on,user_reported,37.22639846801758,51.76742172241211,1006.861640625,120754.71875,True,True,True,176,0,0,109,178,101,2026-10-03T15:54:24.258082+07:00,307.0465072140005,0.1913374819996534,OK,,True,2026-10-03T15:54:24.449442+07:00,307.23786078800003,0.03562950200011983,OK,,True,1465,0.183125,,2026-10-03T15:54:24.485080+07:00,307.27350066100007,0.035193006000554306,OK,,True,2665,0.333125,
4793290d6ecf45aaad5326541298bf5f,309,2026-10-03T15:54:25.257982+07:00,308.0463881860005,308.0463881860005,MONITOR,308.19305519800037,1.0000276749997283,0.26252526699954615,0.00014795900005992735,DISABLED,on,user_reported,37.225120544433594,51.760948181152344,1006.873359375,120840.21875,True,True,True,176,0,0,109,178,101,2026-10-03T15:54:25.258139+07:00,308.04656298100053,0.19172121999963565,OK,,True,2026-10-03T15:54:25.449878+07:00,308.2382972200003,0.03546205899965571,OK,,True,1468,0.1835,,2026-10-03T15:54:25.485348+07:00,308.2737696310005,0.03512472999955207,OK,,True,2660,0.3325,
4793290d6ecf45aaad5326541298bf5f,310,2026-10-03T15:54:26.258069+07:00,309.0464725520005,309.0464725520005,MONITOR,309.1931395640004,1.00008436600001,0.25652345399976184,0.00023232500006997725,DISABLED,on,user_reported,37.216827392578125,51.766056060791016,1006.866796875,120925.8359375,True,True,True,176,0,0,109,178,101,2026-10-03T15:54:26.258247+07:00,309.0466711980007,0.18852186299955065,OK,,True,2026-10-03T15:54:26.446785+07:00,309.2352059120003,0.033732075999978406,OK,,True,1455,0.181875,,2026-10-03T15:54:26.480523+07:00,309.26894465500027,0.03403766599967639,OK,,True,2653,0.331625,
4793290d6ecf45aaad5326541298bf5f,311,2026-10-03T15:54:27.257974+07:00,310.04637987000024,310.04637987000024,MONITOR,310.1930468820001,0.999907317999714,0.2631490240000858,0.0001396429997839732,DISABLED,on,user_reported,37.21937942504883,51.77272033691406,1006.857109375,121011.578125,True,True,True,176,0,0,109,178,101,2026-10-03T15:54:27.258136+07:00,310.0465604430001,0.1917432780001036,OK,,True,2026-10-03T15:54:27.449899+07:00,310.2383176830008,0.035981592999632994,OK,,True,1437,0.179625,,2026-10-03T15:54:27.485889+07:00,310.2743095900005,0.03520006300004752,OK,,True,2664,0.333,
4793290d6ecf45aaad5326541298bf5f,312,2026-10-03T15:54:28.257920+07:00,311.0463355460006,311.0463355460006,MONITOR,311.19300255800044,0.9999556760003543,0.2517587040001672,9.531900013826089e-05,DISABLED,on,user_reported,37.21363830566406,51.76559829711914,1006.8340625,121011.578125,True,True,True,176,0,0,109,178,101,2026-10-03T15:54:28.258007+07:00,311.04643284100075,0.1857993899993744,OK,,True,2026-10-03T15:54:28.443817+07:00,311.232240157,0.0330098980002731,OK,,True,1452,0.1815,,2026-10-03T15:54:28.476830+07:00,311.2652547030002,0.03283117699993454,OK,,True,2653,0.331625,
4793290d6ecf45aaad5326541298bf5f,313,2026-10-03T15:54:29.257914+07:00,312.0463298570003,312.0463298570003,MONITOR,312.1929968690001,0.9999943109996821,0.2517927239996425,8.962999982031761e-05,DISABLED,on,user_reported,37.21491241455078,51.79098129272461,1006.82921875,120584.078125,True,True,True,176,0,0,109,178,101,2026-10-03T15:54:29.257997+07:00,312.0464234300007,0.18580359499992483,OK,,True,2026-10-03T15:54:29.443811+07:00,312.23223421000057,0.033037637999768776,OK,,True,1439,0.179875,,2026-10-03T15:54:29.476854+07:00,312.2652772930005,0.032835936000083166,OK,,True,2657,0.332125,
4793290d6ecf45aaad5326541298bf5f,314,2026-10-03T15:54:30.257916+07:00,313.0463317849999,313.0463317849999,MONITOR,313.19299879699975,1.0000019279996195,0.2517538190004416,9.155799943982856e-05,DISABLED,on,user_reported,37.205345153808594,51.80220413208008,1006.861796875,120840.21875,True,True,True,176,0,0,109,178,101,2026-10-03T15:54:30.258000+07:00,313.04642630300077,0.18580163299975538,OK,,True,2026-10-03T15:54:30.443813+07:00,313.232235769,0.03300676900016697,OK,,True,1440,0.18,,2026-10-03T15:54:30.476822+07:00,313.2652461860007,0.03283054799976526,OK,,True,2654,0.33175,
4793290d6ecf45aaad5326541298bf5f,315,2026-10-03T15:54:31.257915+07:00,314.0463303490005,314.0463303490005,MONITOR,314.1929973610004,0.9999985640006344,0.25619498299965926,9.012200007418869e-05,DISABLED,on,user_reported,37.20406723022461,51.802032470703125,1006.83921875,120584.078125,True,True,True,176,0,0,109,178,101,2026-10-03T15:54:31.257997+07:00,314.0464237740007,0.18582978199992795,OK,,True,2026-10-03T15:54:31.443839+07:00,314.232261612,0.03555585600042832,OK,,True,1438,0.17975,,2026-10-03T15:54:31.479404+07:00,314.2678246160003,0.03468669799985946,OK,,True,2643,0.33037500000000003,
4793290d6ecf45aaad5326541298bf5f,316,2026-10-03T15:54:32.257931+07:00,315.0463463820006,315.0463463820006,MONITOR,315.19301339400045,1.0000160330000654,0.2518721179994827,0.0001061550001395517,DISABLED,on,user_reported,37.212364196777344,51.834716796875,1006.886796875,121269.5390625,True,True,True,176,0,0,109,178,101,2026-10-03T15:54:32.258015+07:00,315.04644117800035,0.18581794999954582,OK,,True,2026-10-03T15:54:32.443845+07:00,315.2322671460006,0.03307041700008995,OK,,True,1446,0.18075,,2026-10-03T15:54:32.476918+07:00,315.2653419520002,0.03286788100012927,OK,,True,2655,0.33187500000000003,
4793290d6ecf45aaad5326541298bf5f,317,2026-10-03T15:54:33.257986+07:00,316.04639069900077,316.04639069900077,MONITOR,316.1930577110006,1.0000443170001745,0.2628461469994363,0.00015047200031403918,DISABLED,on,user_reported,37.205345153808594,51.85891342163086,1006.9303125,120840.21875,True,True,True,176,0,0,109,178,101,2026-10-03T15:54:33.258151+07:00,316.04657379000037,0.1917553590001262,OK,,True,2026-10-03T15:54:33.449925+07:00,316.2383444820007,0.03553552399989712,OK,,True,1446,0.18075,,2026-10-03T15:54:33.485470+07:00,316.2738900250006,0.035326729000189516,OK,,True,2665,0.333125,
4793290d6ecf45aaad5326541298bf5f,318,2026-10-03T15:54:34.257926+07:00,317.0463413380003,317.0463413380003,MONITOR,317.1930083500001,0.9999506389995076,0.25180586199985555,0.00010111099982168525,DISABLED,on,user_reported,37.20661926269531,51.87800979614258,1006.870703125,120669.3359375,True,True,True,176,0,0,109,178,101,2026-10-03T15:54:34.258007+07:00,317.0464331890007,0.18580450799981918,OK,,True,2026-10-03T15:54:34.443822+07:00,317.2322452520002,0.03301897300025303,OK,,True,1440,0.18,,2026-10-03T15:54:34.476845+07:00,317.26526846600063,0.032869603999643004,OK,,True,2653,0.331625,
4793290d6ecf45aaad5326541298bf5f,319,2026-10-03T15:54:35.257915+07:00,318.0463304640007,318.0463304640007,MONITOR,318.1929974760005,0.9999891260004006,0.2518360109997957,9.023700022225967e-05,DISABLED,on,user_reported,37.20661926269531,51.884307861328125,1006.905,121875.7421875,True,True,True,176,0,0,109,178,101,2026-10-03T15:54:35.258007+07:00,318.04643318500075,0.1858093609998832,OK,,True,2026-10-03T15:54:35.443828+07:00,318.2322505460006,0.033014177000040945,OK,,True,1446,0.18075,,2026-10-03T15:54:35.476846+07:00,318.2652693890004,0.0328878820000682,OK,,True,2654,0.33175,
4793290d6ecf45aaad5326541298bf5f,320,2026-10-03T15:54:36.257918+07:00,319.04633283600015,319.04633283600015,MONITOR,319.192999848,1.0000023719994715,0.25525199999992765,9.260899969376624e-05,DISABLED,on,user_reported,37.20789337158203,51.90970230102539,1006.948046875,120584.078125,True,True,True,176,0,0,109,178,101,2026-10-03T15:54:36.258002+07:00,319.04642794700067,0.1858955089992378,OK,,True,2026-10-03T15:54:36.443912+07:00,319.2323339370005,0.03514965799968195,OK,,True,1427,0.178375,,2026-10-03T15:54:36.479066+07:00,319.26748905800014,0.03408205600044312,OK,,True,2636,0.3295,
4793290d6ecf45aaad5326541298bf5f,321,2026-10-03T15:54:37.257931+07:00,320.0463453080001,320.0463453080001,MONITOR,320.19301232,1.0000124719999803,0.252078900000015,0.0001050809996741009,DISABLED,on,user_reported,37.205345153808594,51.90933609008789,1006.909765625,121097.4453125,True,True,True,176,0,0,109,178,101,2026-10-03T15:54:37.258013+07:00,320.04643988099997,0.18582210300064617,OK,,True,2026-10-03T15:54:37.443848+07:00,320.23226972500015,0.033259564000218234,OK,,True,1431,0.178875,,2026-10-03T15:54:37.477110+07:00,320.2655338450004,0.03288023400000384,OK,,True,2653,0.331625,
4793290d6ecf45aaad5326541298bf5f,322,2026-10-03T15:54:38.257918+07:00,321.046333192,321.046333192,MONITOR,321.1930002039999,0.9999878839998928,0.25177872000040225,9.29649995669024e-05,DISABLED,on,user_reported,37.1938591003418,51.901390075683594,1006.870546875,121097.4453125,True,True,True,176,0,0,109,178,101,2026-10-03T15:54:38.258003+07:00,321.0464293770001,0.18581303000064509,OK,,True,2026-10-03T15:54:38.443827+07:00,321.23224955500064,0.033006659999955446,OK,,True,1433,0.179125,,2026-10-03T15:54:38.476836+07:00,321.26525977000074,0.032843215999491804,OK,,True,2657,0.332125,
4793290d6ecf45aaad5326541298bf5f,323,2026-10-03T15:54:39.257938+07:00,322.04634882400023,322.04634882400023,MONITOR,322.1930158360001,1.0000156320002134,0.2620562560005055,0.00010859699978027493,DISABLED,on,user_reported,37.191307067871094,51.93885040283203,1006.900546875,121097.4453125,True,True,True,176,0,0,109,178,101,2026-10-03T15:54:39.258051+07:00,322.0464765080005,0.19111733499994443,OK,,True,2026-10-03T15:54:39.449191+07:00,322.2376096759999,0.03551524700014852,OK,,True,1454,0.18175,,2026-10-03T15:54:39.484716+07:00,322.2731357749999,0.03525030500077264,OK,,True,2666,0.33325,
4793290d6ecf45aaad5326541298bf5f,324,2026-10-03T15:54:40.257943+07:00,323.0463555720007,323.0463555720007,MONITOR,323.1930225840006,1.0000067480004873,0.26182555699961085,0.00011534500026755268,DISABLED,on,user_reported,37.191307067871094,51.93254470825195,1006.886875,121269.5390625,True,True,True,176,0,0,109,178,101,2026-10-03T15:54:40.258045+07:00,323.0464710900005,0.19095383700005186,OK,,True,2026-10-03T15:54:40.449024+07:00,323.23744287200043,0.035488155000166444,OK,,True,1452,0.1815,,2026-10-03T15:54:40.484520+07:00,323.2729416930006,0.03521976899992296,OK,,True,2663,0.33287500000000003,
4793290d6ecf45aaad5326541298bf5f,325,2026-10-03T15:54:41.257968+07:00,324.0463768640002,324.0463768640002,MONITOR,324.19304387600005,1.0000212919994738,0.2626165689998743,0.00013663699974131305,DISABLED,on,user_reported,37.19322204589844,51.93281555175781,1006.890078125,121355.7734375,True,True,True,176,0,0,109,178,101,2026-10-03T15:54:41.258100+07:00,324.04652493699996,0.1909387270006846,OK,,True,2026-10-03T15:54:41.449064+07:00,324.23748214600073,0.036313813999186095,OK,,True,1441,0.180125,,2026-10-03T15:54:41.485390+07:00,324.27380890400036,0.03515775199957716,OK,,True,2646,0.33075,
4793290d6ecf45aaad5326541298bf5f,326,2026-10-03T15:54:42.257925+07:00,325.04634010600057,325.04634010600057,MONITOR,325.1930071180004,0.9999632420003763,0.2518154109993702,9.987900011765305e-05,DISABLED,on,user_reported,37.18939208984375,51.93227005004883,1006.8565625,121011.578125,True,True,True,176,0,0,109,178,101,2026-10-03T15:54:42.258007+07:00,325.0464334570006,0.18581929499941907,OK,,True,2026-10-03T15:54:42.443838+07:00,325.2322607700007,0.03298299399921234,OK,,True,1438,0.17975,,2026-10-03T15:54:42.476823+07:00,325.2652474860006,0.03289780900013284,OK,,True,2657,0.332125,
4793290d6ecf45aaad5326541298bf5f,327,2026-10-03T15:54:43.257931+07:00,326.04634624400023,326.04634624400023,MONITOR,326.1930132560001,1.0000061379996623,0.25202165100017737,0.00010601699977996759,DISABLED,on,user_reported,37.187477111816406,51.938289642333984,1006.8671875,121011.578125,True,True,True,176,0,0,109,178,101,2026-10-03T15:54:43.258012+07:00,326.04643815000054,0.18580727700009447,OK,,True,2026-10-03T15:54:43.443829+07:00,326.2322520380003,0.0332127510000646,OK,,True,1443,0.180375,,2026-10-03T15:54:43.477043+07:00,326.2654680300002,0.03289003200006846,OK,,True,2655,0.33187500000000003,
4793290d6ecf45aaad5326541298bf5f,328,2026-10-03T15:54:44.257916+07:00,327.0463317200001,327.0463317200001,MONITOR,327.192998732,0.9999854759998925,0.25176874800035876,9.149299967248226e-05,DISABLED,on,user_reported,37.18939208984375,51.91966247558594,1006.863359375,120669.3359375,True,True,True,176,0,0,109,178,101,2026-10-03T15:54:44.258000+07:00,327.0464267570005,0.18580570399990393,OK,,True,2026-10-03T15:54:44.443817+07:00,327.23223929400046,0.032990845999847807,OK,,True,1447,0.180875,,2026-10-03T15:54:44.476809+07:00,327.26523351000014,0.032857440000043425,OK,,True,2653,0.331625,
4793290d6ecf45aaad5326541298bf5f,329,2026-10-03T15:54:45.257924+07:00,328.04633977699996,328.04633977699996,MONITOR,328.1930067889998,1.0000080569998318,0.2517808780003179,9.954999950423371e-05,DISABLED,on,user_reported,37.18939208984375,51.94487762451172,1006.842890625,120754.71875,True,True,True,176,0,0,109,178,101,2026-10-03T15:54:45.258006+07:00,328.0464325540006,0.1858076489997984,OK,,True,2026-10-03T15:54:45.443823+07:00,328.2322465920006,0.03297906899933878,OK,,True,1445,0.180625,,2026-10-03T15:54:45.476803+07:00,328.26522851200025,0.032882162000532844,OK,,True,2653,0.331625,
4793290d6ecf45aaad5326541298bf5f,330,2026-10-03T15:54:46.257916+07:00,329.0463318580005,329.0463318580005,MONITOR,329.19299887000034,0.9999920810005278,0.2533194219995494,9.163100003206637e-05,DISABLED,on,user_reported,37.184288024902344,51.918922424316406,1006.841328125,121097.4453125,True,True,True,176,0,0,109,178,101,2026-10-03T15:54:46.257999+07:00,329.0464250980003,0.1857989660002204,OK,,True,2026-10-03T15:54:46.443808+07:00,329.2322308970006,0.03288608799994108,OK,,True,1436,0.1795,,2026-10-03T15:54:46.476701+07:00,329.26512391100005,0.03450440600045113,OK,,True,2644,0.3305,
4793290d6ecf45aaad5326541298bf5f,331,2026-10-03T15:54:47.257964+07:00,330.04637842600005,330.04637842600005,MONITOR,330.1930454379999,1.0000465679995614,0.25202534300024126,0.00013819899959344184,DISABLED,on,user_reported,37.170249938964844,51.91061019897461,1006.839140625,120413.921875,True,True,True,176,0,0,109,178,101,2026-10-03T15:54:47.258049+07:00,330.04647561100046,0.18583467000007658,OK,,True,2026-10-03T15:54:47.443897+07:00,330.2323190400002,0.033006698000463075,OK,,True,1443,0.180375,,2026-10-03T15:54:47.476905+07:00,330.2653295529999,0.03306245600015245,OK,,True,2648,0.331,
4793290d6ecf45aaad5326541298bf5f,332,2026-10-03T15:54:48.257931+07:00,331.04634626000006,331.04634626000006,MONITOR,331.1930132719999,0.9999678340000173,0.25178855000012845,0.00010603299961076118,DISABLED,on,user_reported,37.160682678222656,51.902931213378906,1006.857890625,121097.4453125,True,True,True,176,0,0,109,178,101,2026-10-03T15:54:48.258017+07:00,331.04644298200037,0.1858110969997142,OK,,True,2026-10-03T15:54:48.443837+07:00,331.2322599859999,0.03297266200024751,OK,,True,1443,0.180375,,2026-10-03T15:54:48.476810+07:00,331.2652357780007,0.03288956899996265,OK,,True,2655,0.33187500000000003,
4793290d6ecf45aaad5326541298bf5f,333,2026-10-03T15:54:49.257910+07:00,332.0463259520002,332.0463259520002,MONITOR,332.19299296400004,0.9999796920001245,0.25213214100040204,8.572499973524828e-05,DISABLED,on,user_reported,37.15557861328125,51.89590072631836,1006.890703125,121269.5390625,True,True,True,176,0,0,109,178,101,2026-10-03T15:54:49.257993+07:00,332.0464189330005,0.185810857999968,OK,,True,2026-10-03T15:54:49.443813+07:00,332.23223612400034,0.03321001099993737,OK,,True,1446,0.18075,,2026-10-03T15:54:49.477026+07:00,332.26545028300006,0.032996754000123474,OK,,True,2656,0.332,
4793290d6ecf45aaad5326541298bf5f,334,2026-10-03T15:54:50.257932+07:00,333.04634542700023,333.04634542700023,MONITOR,333.1930124390001,1.0000194750000446,0.25176657199972396,0.00010519999977987027,DISABLED,on,user_reported,37.150474548339844,51.88886260986328,1006.82765625,121011.578125,True,True,True,176,0,0,109,178,101,2026-10-03T15:54:50.258022+07:00,333.0464478890008,0.18581109999922774,OK,,True,2026-10-03T15:54:50.443842+07:00,333.23226513700047,0.03296723600033147,OK,,True,1446,0.18075,,2026-10-03T15:54:50.476810+07:00,333.2652356510007,0.032867106999219686,OK,,True,2653,0.331625,
4793290d6ecf45aaad5326541298bf5f,335,2026-10-03T15:54:51.257946+07:00,334.04635989000053,334.04635989000053,MONITOR,334.1930269020004,1.0000144630002978,0.25183927599937306,0.00011966300007770769,DISABLED,on,user_reported,37.15238571166992,51.87653350830078,1006.954140625,121528.6015625,True,True,True,176,0,0,109,178,101,2026-10-03T15:54:51.258030+07:00,334.04645651900046,0.18579839700032608,OK,,True,2026-10-03T15:54:51.443837+07:00,334.23226123099994,0.032981606000248576,OK,,True,1447,0.180875,,2026-10-03T15:54:51.476821+07:00,334.2652467070002,0.032939513999735937,OK,,True,2634,0.32925,
4793290d6ecf45aaad5326541298bf5f,336,2026-10-03T15:54:52.257972+07:00,335.04638221000005,335.04638221000005,MONITOR,335.1930492219999,1.0000223199995162,0.26163224399988394,0.0001419829995938926,DISABLED,on,user_reported,37.15302276611328,51.86402893066406,1006.941328125,121269.5390625,True,True,True,176,0,0,109,178,101,2026-10-03T15:54:52.258094+07:00,335.04651946800004,0.19111396100015554,OK,,True,2026-10-03T15:54:52.449231+07:00,335.23764959600067,0.035523341999578406,OK,,True,1459,0.182375,,2026-10-03T15:54:52.484759+07:00,335.2731815679999,0.034813812000720645,OK,,True,2670,0.33375,
4793290d6ecf45aaad5326541298bf5f,337,2026-10-03T15:54:53.258027+07:00,336.0464354989999,336.0464354989999,MONITOR,336.1931025109998,1.0000532889998794,0.25243010700069135,0.0001952719994733343,DISABLED,on,user_reported,37.150474548339844,51.85105514526367,1006.9371875,121615.203125,True,True,True,176,0,0,109,178,101,2026-10-03T15:54:53.258157+07:00,336.0465818870007,0.18639367099967785,OK,,True,2026-10-03T15:54:53.444561+07:00,336.2329839470003,0.032968163000077766,OK,,True,1439,0.179875,,2026-10-03T15:54:53.477530+07:00,336.26595525800076,0.03289829299956182,OK,,True,2663,0.33287500000000003,
4793290d6ecf45aaad5326541298bf5f,338,2026-10-03T15:54:54.257912+07:00,337.04632807300004,337.04632807300004,MONITOR,337.1929950849999,0.9998925740001141,0.2520000570002594,8.784599958744366e-05,DISABLED,on,user_reported,37.1460075378418,51.83781051635742,1006.88890625,121011.578125,True,True,True,176,0,0,109,178,101,2026-10-03T15:54:54.257995+07:00,337.0464203500005,0.1858111599995027,OK,,True,2026-10-03T15:54:54.443816+07:00,337.23223867600063,0.03299849599989102,OK,,True,1443,0.180375,,2026-10-03T15:54:54.476816+07:00,337.2652408570002,0.033077828000386944,OK,,True,2660,0.3325,
4793290d6ecf45aaad5326541298bf5f,339,2026-10-03T15:54:55.257911+07:00,338.0463264300006,338.0463264300006,MONITOR,338.19299344200044,0.9999983570005497,0.2520157989993095,8.620300013717497e-05,DISABLED,on,user_reported,37.1485595703125,51.831878662109375,1006.91359375,121355.7734375,True,True,True,176,0,0,109,178,101,2026-10-03T15:54:55.257992+07:00,338.04641876200003,0.18580606800060195,OK,,True,2026-10-03T15:54:55.443809+07:00,338.23223123800017,0.033177827000145044,OK,,True,1441,0.180125,,2026-10-03T15:54:55.476987+07:00,338.2654119360004,0.03292020000026241,OK,,True,2650,0.33125,
4793290d6ecf45aaad5326541298bf5f,340,2026-10-03T15:54:56.257931+07:00,339.0463458660006,339.0463458660006,MONITOR,339.19301287800045,1.0000194360000023,0.25576198899943847,0.00010563900013949024,DISABLED,on,user_reported,37.154300689697266,51.83270263671875,1006.929765625,121355.7734375,True,True,True,176,0,0,109,178,101,2026-10-03T15:54:56.258016+07:00,339.046442328,0.18582203200003278,OK,,True,2026-10-03T15:54:56.443850+07:00,339.23227269400013,0.032963718000246445,OK,,True,1448,0.181,,2026-10-03T15:54:56.476814+07:00,339.2652400420002,0.03684855299979972,OK,,True,2654,0.33175,
4793290d6ecf45aaad5326541298bf5f,341,2026-10-03T15:54:57.257965+07:00,340.0463790120002,340.0463790120002,MONITOR,340.19304602400007,1.0000331459996232,0.25186791400028596,0.00013878499976271996,DISABLED,on,user_reported,37.150474548339844,51.82584762573242,1006.93046875,121097.4453125,True,True,True,176,0,0,109,178,101,2026-10-03T15:54:57.258052+07:00,340.0464779560007,0.18582469899956777,OK,,True,2026-10-03T15:54:57.443889+07:00,340.23231130300064,0.0329942749995098,OK,,True,1433,0.179125,,2026-10-03T15:54:57.476883+07:00,340.26530898500005,0.03292751500066515,OK,,True,2652,0.3315,
4793290d6ecf45aaad5326541298bf5f,342,2026-10-03T15:54:58.258010+07:00,341.0464245339999,341.0464245339999,MONITOR,341.1930915459998,1.0000455219997093,0.26176303000011103,0.0001843069994720281,DISABLED,on,user_reported,37.14919662475586,51.83826446533203,1006.84625,121269.5390625,True,True,True,176,0,0,109,178,101,2026-10-03T15:54:58.258094+07:00,341.0465206810004,0.19098998800018308,OK,,True,2026-10-03T15:54:58.449107+07:00,341.23752490900006,0.03539423400070518,OK,,True,1461,0.182625,,2026-10-03T15:54:58.484504+07:00,341.272927254,0.035240032000729116,OK,,True,2662,0.33275,
4793290d6ecf45aaad5326541298bf5f,343,2026-10-03T15:54:59.257964+07:00,342.04637361799996,342.04637361799996,MONITOR,342.1930406299998,0.9999490840000362,0.25326994200077024,0.00013339099950826494,DISABLED,on,user_reported,37.14536666870117,51.83772277832031,1006.887734375,121442.125,True,True,True,176,0,0,109,178,101,2026-10-03T15:54:59.258081+07:00,342.046507043,0.18717820800065965,OK,,True,2026-10-03T15:54:59.445272+07:00,342.2336937700002,0.033036922000064806,OK,,True,1449,0.181125,,2026-10-03T15:54:59.478310+07:00,342.2667347480001,0.032896868000534596,OK,,True,2658,0.33225,
4793290d6ecf45aaad5326541298bf5f,344,2026-10-03T15:55:00.257949+07:00,343.04636391200074,343.04636391200074,MONITOR,343.1930309240006,0.9999902940007814,0.2517395309996573,0.0001236850002896972,DISABLED,on,user_reported,37.1511116027832,51.83855056762695,1006.856171875,121615.203125,True,True,True,176,0,0,109,178,101,2026-10-03T15:55:00.258037+07:00,343.04646337400027,0.1858235549998426,OK,,True,2026-10-03T15:55:00.443872+07:00,343.2322947620005,0.032945126999948116,OK,,True,1439,0.179875,,2026-10-03T15:55:00.476817+07:00,343.2652428150004,0.03285107200008497,OK,,True,2650,0.33125,
4793290d6ecf45aaad5326541298bf5f,345,2026-10-03T15:55:01.258524+07:00,344.04694011300035,344.04694011300035,MONITOR,344.1936071250002,1.0005762009996033,0.25218447299994295,0.0006998859998930129,DISABLED,on,user_reported,37.14090347290039,51.83707809448242,1006.81203125,121528.6015625,True,True,True,176,0,0,109,178,101,2026-10-03T15:55:01.258601+07:00,344.0470272420007,0.18583181499980128,OK,,True,2026-10-03T15:55:01.444444+07:00,344.23286659400037,0.03322177300015028,OK,,True,1435,0.179375,,2026-10-03T15:55:01.477666+07:00,344.2660919230002,0.03302140400046483,OK,,True,2658,0.33225,
4793290d6ecf45aaad5326541298bf5f,346,2026-10-03T15:55:02.258363+07:00,345.0467763460001,345.0467763460001,MONITOR,345.19344335799997,0.999836232999769,0.25185029200019926,0.0005361189996619942,DISABLED,on,user_reported,37.14281463623047,51.831050872802734,1006.883828125,121788.7734375,True,True,True,176,0,0,109,178,101,2026-10-03T15:55:02.258508+07:00,345.0469336410006,0.18584514899976057,OK,,True,2026-10-03T15:55:02.444365+07:00,345.23278677100006,0.03298803500001668,OK,,True,1455,0.181875,,2026-10-03T15:55:02.477353+07:00,345.26577797200025,0.032840128999851004,OK,,True,2653,0.331625,
4793290d6ecf45aaad5326541298bf5f,347,2026-10-03T15:55:03.257946+07:00,346.04635971600055,346.04635971600055,MONITOR,346.1930267280004,0.9995833700004368,0.25176473800001986,0.000119489000098838,DISABLED,on,user_reported,37.13388442993164,51.81087875366211,1006.869375,121528.6015625,True,True,True,176,0,0,109,178,101,2026-10-03T15:55:03.258031+07:00,346.04645743700075,0.1858115769991855,OK,,True,2026-10-03T15:55:03.443853+07:00,346.2322756430003,0.03296736799984501,OK,,True,1442,0.18025,,2026-10-03T15:55:03.476821+07:00,346.2652461970001,0.03286783200019272,OK,,True,2653,0.331625,
4793290d6ecf45aaad5326541298bf5f,348,2026-10-03T15:55:04.257930+07:00,347.04634664400055,347.04634664400055,MONITOR,347.1930136560004,0.9999869279999984,0.26354448500023864,0.00010641700009728083,DISABLED,on,user_reported,37.12303924560547,51.784122467041016,1006.831171875,121615.203125,True,True,True,176,0,0,109,178,101,2026-10-03T15:55:04.258006+07:00,347.0464325319999,0.18972928300081549,OK,,True,2026-10-03T15:55:04.447758+07:00,347.2361771290007,0.036978054999963206,OK,,True,1452,0.1815,,2026-10-03T15:55:04.484742+07:00,347.27316364700073,0.03670944499936013,OK,,True,2657,0.332125,
4793290d6ecf45aaad5326541298bf5f,349,2026-10-03T15:55:05.262980+07:00,348.05139058700024,348.05139058700024,MONITOR,348.1980575990001,1.0050439429996914,0.2641709810004613,0.005150359999788634,DISABLED,on,user_reported,37.11219024658203,51.77627182006836,1006.840859375,121442.125,True,True,True,176,0,0,109,178,101,2026-10-03T15:55:05.263091+07:00,348.05151610400026,0.19042870399971434,OK,,True,2026-10-03T15:55:05.453540+07:00,348.2419595300007,0.036886926000079256,OK,,True,1449,0.181125,,2026-10-03T15:55:05.490432+07:00,348.2788543450006,0.036685334000139846,OK,,True,2656,0.332,
4793290d6ecf45aaad5326541298bf5f,350,2026-10-03T15:55:06.257983+07:00,349.0463888310005,349.0463888310005,MONITOR,349.19305584300037,0.9949982440002714,0.2573267110001325,0.00014860400006000418,DISABLED,on,user_reported,37.122398376464844,51.77773666381836,1006.82328125,121615.203125,True,True,True,176,0,0,109,178,101,2026-10-03T15:55:06.258138+07:00,349.0465624770004,0.1895617130003302,OK,,True,2026-10-03T15:55:06.447716+07:00,349.2361362820002,0.03383856500022375,OK,,True,1459,0.182375,,2026-10-03T15:55:06.481559+07:00,349.26998156900027,0.0337192690003576,OK,,True,2658,0.33225,
4793290d6ecf45aaad5326541298bf5f,351,2026-10-03T15:55:07.257974+07:00,350.04637940500015,350.04637940500015,MONITOR,350.193046417,0.9999905739996393,0.2595091749999483,0.00013917799969931366,DISABLED,on,user_reported,37.11793518066406,51.77080154418945,1006.843515625,122312.46875,True,True,True,176,0,0,109,178,101,2026-10-03T15:55:07.258131+07:00,350.04655597800047,0.18915688400011277,OK,,True,2026-10-03T15:55:07.447305+07:00,350.2357256390005,0.035631844999443274,OK,,True,1452,0.1815,,2026-10-03T15:55:07.482940+07:00,350.27136311400045,0.03451104000032501,OK,,True,2659,0.33237500000000003,
4793290d6ecf45aaad5326541298bf5f,352,2026-10-03T15:55:08.257977+07:00,351.04638357800013,351.04638357800013,MONITOR,351.19305059,1.0000041729999793,0.2608359969999583,0.00014335099967865972,DISABLED,on,user_reported,37.114742279052734,51.770347595214844,1006.8040625,121615.203125,True,True,True,176,0,0,109,178,101,2026-10-03T15:55:08.258132+07:00,351.04655629900026,0.18912760700004583,OK,,True,2026-10-03T15:55:08.447277+07:00,351.2356968140002,0.03605967400017107,OK,,True,1448,0.181,,2026-10-03T15:55:08.483342+07:00,351.2717640990004,0.0354416800000763,OK,,True,2654,0.33175,
4793290d6ecf45aaad5326541298bf5f,353,2026-10-03T15:55:09.257970+07:00,352.04637668300074,352.04637668300074,MONITOR,352.1930436950006,0.9999931050006126,0.25786206199973094,0.00013645600029121852,DISABLED,on,user_reported,37.11793518066406,51.745609283447266,1006.87765625,122050.0625,True,True,True,176,0,0,109,178,101,2026-10-03T15:55:09.258123+07:00,352.0465474770008,0.18963873399934528,OK,,True,2026-10-03T15:55:09.447778+07:00,352.23619785900064,0.03510025800005678,OK,,True,1455,0.181875,,2026-10-03T15:55:09.482882+07:00,352.2713044130005,0.032924461999755295,OK,,True,2652,0.3315,
4793290d6ecf45aaad5326541298bf5f,354,2026-10-03T15:55:10.257912+07:00,353.0463280900003,353.0463280900003,MONITOR,353.19299510200017,0.9999514069995712,0.252167560000089,8.78629998624092e-05,DISABLED,on,user_reported,37.11920928955078,51.75838851928711,1006.913984375,121875.7421875,True,True,True,176,0,0,109,178,101,2026-10-03T15:55:10.257984+07:00,353.0464107739999,0.1858110660004968,OK,,True,2026-10-03T15:55:10.443807+07:00,353.23222987700046,0.03322012599983282,OK,,True,1441,0.180125,,2026-10-03T15:55:10.477033+07:00,353.2654553550001,0.03302948000055039,OK,,True,2647,0.33087500000000003,
4793290d6ecf45aaad5326541298bf5f,355,2026-10-03T15:55:11.257916+07:00,354.0463318910006,354.0463318910006,MONITOR,354.19299890300044,1.0000038010002754,0.2520613400001821,9.16640001378255e-05,DISABLED,on,user_reported,37.11027908325195,51.7445182800293,1006.913203125,121788.7734375,True,True,True,176,0,0,109,178,101,2026-10-03T15:55:11.257999+07:00,354.04642514900024,0.1858171410003706,OK,,True,2026-10-03T15:55:11.443828+07:00,354.2322505860002,0.03318751599999814,OK,,True,1435,0.179375,,2026-10-03T15:55:11.477021+07:00,354.26544350900076,0.03293775899965112,OK,,True,2654,0.33175,
4793290d6ecf45aaad5326541298bf5f,356,2026-10-03T15:55:12.257916+07:00,355.0463320120007,355.0463320120007,MONITOR,355.1929990240005,1.0000001210000846,0.2524096349998217,9.178500022244407e-05,DISABLED,on,user_reported,37.11155319213867,51.73210144042969,1006.887890625,122312.46875,True,True,True,176,0,0,109,178,101,2026-10-03T15:55:12.257998+07:00,355.0464239190005,0.18583512299937865,OK,,True,2026-10-03T15:55:12.443847+07:00,355.23226887500005,0.033077647000027355,OK,,True,1437,0.179625,,2026-10-03T15:55:12.476926+07:00,355.2653506890001,0.03337832899978821,OK,,True,2655,0.33187500000000003,
4793290d6ecf45aaad5326541298bf5f,357,2026-10-03T15:55:13.257916+07:00,356.046332547,356.046332547,MONITOR,356.1929995589999,1.0000005349993444,0.252595098000711,9.231999956682557e-05,DISABLED,on,user_reported,37.114742279052734,51.73885726928711,1006.899921875,122224.875,True,True,True,176,0,0,109,178,101,2026-10-03T15:55:13.257990+07:00,356.0464161580003,0.18584462400031043,OK,,True,2026-10-03T15:55:13.443849+07:00,356.2322710040007,0.033586660999390006,OK,,True,1443,0.180375,,2026-10-03T15:55:13.477440+07:00,356.2658631640006,0.03304968500015093,OK,,True,2649,0.331125,
4793290d6ecf45aaad5326541298bf5f,358,2026-10-03T15:55:14.257912+07:00,357.0463290510006,357.0463290510006,MONITOR,357.19299606300046,0.9999965040005918,0.25776910799959296,8.882400015863823e-05,DISABLED,on,user_reported,37.11920928955078,51.73319625854492,1006.879765625,121962.8359375,True,True,True,176,0,0,109,178,101,2026-10-03T15:55:14.257987+07:00,357.04641330899995,0.18634252800075046,OK,,True,2026-10-03T15:55:14.444344+07:00,357.2327657630003,0.034198321999610926,OK,,True,1440,0.18,,2026-10-03T15:55:14.478554+07:00,357.2669740480005,0.03710566599966114,OK,,True,2661,0.332625,
4793290d6ecf45aaad5326541298bf5f,359,2026-10-03T15:55:15.257971+07:00,358.04637839299994,358.04637839299994,MONITOR,358.1930454049998,1.000049341999329,0.2630179510006201,0.0001381659994876827,DISABLED,on,user_reported,37.114105224609375,51.73246383666992,1006.898984375,122312.46875,True,True,True,176,0,0,109,178,101,2026-10-03T15:55:15.258117+07:00,358.04654114999994,0.1917518510008449,OK,,True,2026-10-03T15:55:15.449893+07:00,358.23831079699994,0.03530986800069513,OK,,True,1436,0.1795,,2026-10-03T15:55:15.485208+07:00,358.27362879500015,0.035752493000472896,OK,,True,2655,0.33187500000000003,
4793290d6ecf45aaad5326541298bf5f,360,2026-10-03T15:55:16.257954+07:00,359.04636248099996,359.04636248099996,MONITOR,359.1930294929998,0.9999840880000193,0.2623023670003022,0.00012225399950693827,DISABLED,on,user_reported,37.10517120361328,51.73748016357422,1006.85015625,121962.8359375,True,True,True,176,0,0,109,178,101,2026-10-03T15:55:16.258097+07:00,359.0465215540007,0.19174499999917316,OK,,True,2026-10-03T15:55:16.449868+07:00,359.23828577600034,0.03553255099996022,OK,,True,1448,0.181,,2026-10-03T15:55:16.485403+07:00,359.2738242160003,0.034826410000277974,OK,,True,2640,0.33,
4793290d6ecf45aaad5326541298bf5f,361,2026-10-03T15:55:17.257919+07:00,360.0463343910005,360.0463343910005,MONITOR,360.1930014030004,0.9999719100005677,0.2560306830000627,9.416400007467018e-05,DISABLED,on,user_reported,37.10198211669922,51.743324279785156,1006.824453125,121788.7734375,True,True,True,176,0,0,109,178,101,2026-10-03T15:55:17.257999+07:00,360.04642566800067,0.18659691799985012,OK,,True,2026-10-03T15:55:17.444611+07:00,360.2330324370005,0.035505940999428276,OK,,True,1437,0.179625,,2026-10-03T15:55:17.480123+07:00,360.2685446740006,0.0338052709994372,OK,,True,2651,0.33137500000000003,
4793290d6ecf45aaad5326541298bf5f,362,2026-10-03T15:55:18.257918+07:00,361.04633547200046,361.04633547200046,MONITOR,361.1930024840003,1.0000010809999367,0.25978342899998097,9.524500001134584e-05,DISABLED,on,user_reported,37.11155319213867,51.76988983154297,1006.86734375,121615.203125,True,True,True,176,0,0,109,178,101,2026-10-03T15:55:18.257990+07:00,361.04641582300064,0.1907011599996622,OK,,True,2026-10-03T15:55:18.448701+07:00,361.23712335300024,0.03418426799998997,OK,,True,1431,0.178875,,2026-10-03T15:55:18.482897+07:00,361.271315639,0.03479011400031595,OK,,True,2652,0.3315,
4793290d6ecf45aaad5326541298bf5f,363,2026-10-03T15:55:19.257911+07:00,362.0463278930001,362.0463278930001,MONITOR,362.192994905,0.9999924209996607,0.2548216040004263,8.766599967202637e-05,DISABLED,on,user_reported,37.10517120361328,51.78786087036133,1006.843359375,122137.40625,True,True,True,176,0,0,109,178,101,2026-10-03T15:55:19.257984+07:00,362.0464103920003,0.1858670000001439,OK,,True,2026-10-03T15:55:19.443870+07:00,362.23229052200077,0.03548925599989161,OK,,True,1434,0.17925,,2026-10-03T15:55:19.479364+07:00,362.2677865370006,0.033352274999742804,OK,,True,2637,0.329625,
4793290d6ecf45aaad5326541298bf5f,364,2026-10-03T15:55:20.257908+07:00,363.0463247260004,363.0463247260004,MONITOR,363.1929917380003,0.9999968330002957,0.2535301179996168,8.449899996776367e-05,DISABLED,on,user_reported,37.10453414916992,51.81296920776367,1006.883359375,122050.0625,True,True,True,176,0,0,109,178,101,2026-10-03T15:55:20.257986+07:00,363.046411929,0.18581011300011596,OK,,True,2026-10-03T15:55:20.443804+07:00,363.23222706100023,0.03500257500036241,OK,,True,1441,0.180125,,2026-10-03T15:55:20.478812+07:00,363.2672348210008,0.032605874999717344,OK,,True,2649,0.331125,
4793290d6ecf45aaad5326541298bf5f,365,2026-10-03T15:55:21.257912+07:00,364.04632869500074,364.04632869500074,MONITOR,364.1929957070006,1.0000039690003177,0.26002652299939655,8.846800028550206e-05,DISABLED,on,user_reported,37.10198211669922,51.81260681152344,1006.81078125,121701.921875,True,True,True,176,0,0,109,178,101,2026-10-03T15:55:21.257982+07:00,364.04640854600075,0.18920739799978037,OK,,True,2026-10-03T15:55:21.447200+07:00,364.23562240699994,0.03399219600032666,OK,,True,1440,0.18,,2026-10-03T15:55:21.481199+07:00,364.2696210470003,0.036707561000184796,OK,,True,2656,0.332,
4793290d6ecf45aaad5326541298bf5f,366,2026-10-03T15:55:22.257958+07:00,365.04637192800055,365.04637192800055,MONITOR,365.1930389400004,1.0000432329998148,0.25777502700020705,0.00013170100010029273,DISABLED,on,user_reported,37.1007080078125,51.850223541259766,1006.84984375,122137.40625,True,True,True,176,0,0,109,178,101,2026-10-03T15:55:22.258046+07:00,365.0464723900004,0.1858190780003497,OK,,True,2026-10-03T15:55:22.443877+07:00,365.23229965300015,0.03687674400043761,OK,,True,1437,0.179625,,2026-10-03T15:55:22.480763+07:00,365.26918369300074,0.03494635399965773,OK,,True,2638,0.32975,
4793290d6ecf45aaad5326541298bf5f,367,2026-10-03T15:55:23.257915+07:00,366.04633185200055,366.04633185200055,MONITOR,366.1929988640004,0.9999599239999952,0.2606507619993863,9.162500009551877e-05,DISABLED,on,user_reported,37.09751510620117,51.874969482421875,1006.8309375,121269.5390625,True,True,True,176,0,0,109,178,101,2026-10-03T15:55:23.257984+07:00,366.0464107960006,0.18579239399969083,OK,,True,2026-10-03T15:55:23.443786+07:00,366.23220904200025,0.04044212000007974,OK,,True,1438,0.17975,,2026-10-03T15:55:23.484236+07:00,366.27265803200044,0.03430730400032189,OK,,True,2638,0.32975,
4793290d6ecf45aaad5326541298bf5f,368,2026-10-03T15:55:24.257918+07:00,367.04633470800036,367.04633470800036,MONITOR,367.1930017200002,1.00000285599981,0.2547586680002496,9.448099990549963e-05,DISABLED,on,user_reported,37.095603942871094,51.899906158447266,1006.827734375,121615.203125,True,True,True,176,0,0,109,178,101,2026-10-03T15:55:24.257989+07:00,367.04641568900024,0.18580528399979812,OK,,True,2026-10-03T15:55:24.443804+07:00,367.23222634300055,0.035042704999796115,OK,,True,1452,0.1815,,2026-10-03T15:55:24.478854+07:00,367.26727617800043,0.03380212399952143,OK,,True,2635,0.32937500000000003,
4793290d6ecf45aaad5326541298bf5f,369,2026-10-03T15:55:25.257916+07:00,368.04633247700076,368.04633247700076,MONITOR,368.1929994890006,0.9999977690004016,0.2568870019995302,9.225000030710362e-05,DISABLED,on,user_reported,37.09113693237305,51.90556716918945,1006.82046875,121615.203125,True,True,True,176,0,0,109,178,101,2026-10-03T15:55:25.257987+07:00,368.0464134570002,0.18580973000007361,OK,,True,2026-10-03T15:55:25.443807+07:00,368.2322296130005,0.036072806999982276,OK,,True,1445,0.180625,,2026-10-03T15:55:25.479887+07:00,368.2683090870005,0.034897188000286405,OK,,True,2645,0.330625,
4793290d6ecf45aaad5326541298bf5f,370,2026-10-03T15:55:26.257916+07:00,369.04633314000057,369.04633314000057,MONITOR,369.1930001520004,1.0000006629998097,0.25292663099935453,9.291300011682324e-05,DISABLED,on,user_reported,37.09496307373047,51.93132781982422,1006.82671875,121788.7734375,True,True,True,176,0,0,109,178,101,2026-10-03T15:55:26.257988+07:00,369.04641397200066,0.18580565699994622,OK,,True,2026-10-03T15:55:26.443803+07:00,369.2322254990004,0.032964834999802406,OK,,True,1437,0.179625,,2026-10-03T15:55:26.476768+07:00,369.2651936680004,0.03405389900035516,OK,,True,2639,0.32987500000000003,
4793290d6ecf45aaad5326541298bf5f,371,2026-10-03T15:55:27.257920+07:00,370.04633541900057,370.04633541900057,MONITOR,370.1930024310004,1.0000022790000003,0.25249474799966265,9.519200011709472e-05,DISABLED,on,user_reported,37.09241485595703,51.962486267089844,1006.891171875,121875.7421875,True,True,True,176,0,0,109,178,101,2026-10-03T15:55:27.258001+07:00,370.0464269190006,0.18580989800011594,OK,,True,2026-10-03T15:55:27.443821+07:00,370.2322431500006,0.03296864999992977,OK,,True,1444,0.1805,,2026-10-03T15:55:27.476790+07:00,370.26521531900016,0.03358958900025755,OK,,True,2644,0.3305,
4793290d6ecf45aaad5326541298bf5f,372,2026-10-03T15:55:28.257916+07:00,371.0463315750003,371.0463315750003,MONITOR,371.19299858700015,0.9999961559997246,0.25176373700014665,9.13479998416733e-05,DISABLED,on,user_reported,37.09241485595703,51.98139953613281,1006.8775,122137.40625,True,True,True,176,0,0,109,178,101,2026-10-03T15:55:28.257998+07:00,371.04642418500043,0.18580667700007325,OK,,True,2026-10-03T15:55:28.443813+07:00,371.23223636200055,0.03301674300018931,OK,,True,1442,0.18025,,2026-10-03T15:55:28.476831+07:00,371.26525673500055,0.032829076999405515,OK,,True,2654,0.33175,
4793290d6ecf45aaad5326541298bf5f,373,2026-10-03T15:55:29.257912+07:00,372.0463284950001,372.0463284950001,MONITOR,372.192995507,0.9999969199998304,0.25181623800017405,8.826799967209809e-05,DISABLED,on,user_reported,37.09113693237305,52.00643539428711,1006.916328125,121875.7421875,True,True,True,176,0,0,109,178,101,2026-10-03T15:55:29.257981+07:00,372.04640758700043,0.18580904899954476,OK,,True,2026-10-03T15:55:29.443799+07:00,372.2322222840003,0.03303887200036115,OK,,True,1437,0.179625,,2026-10-03T15:55:29.476842+07:00,372.265266249,0.03286972500063712,OK,,True,2657,0.332125,
4793290d6ecf45aaad5326541298bf5f,374,2026-10-03T15:55:30.257910+07:00,373.0463266810002,373.0463266810002,MONITOR,373.19299369300006,0.9999981860000844,0.25179173900050955,8.645399975648616e-05,DISABLED,on,user_reported,37.086669921875,52.01840591430664,1006.909140625,121615.203125,True,True,True,176,0,0,109,178,101,2026-10-03T15:55:30.257982+07:00,373.04640810599994,0.1859277520006799,OK,,True,2026-10-03T15:55:30.443919+07:00,373.2323414320008,0.032944594999207766,OK,,True,1442,0.18025,,2026-10-03T15:55:30.476864+07:00,373.2652894720004,0.03282004100037739,OK,,True,2654,0.33175,
4793290d6ecf45aaad5326541298bf5f,375,2026-10-03T15:55:31.257911+07:00,374.04632768600004,374.04632768600004,MONITOR,374.1929946979999,1.000001004999831,0.2516900380005609,8.745899958739756e-05,DISABLED,on,user_reported,37.08539581298828,52.04975509643555,1006.84546875,121442.125,True,True,True,176,0,0,109,178,101,2026-10-03T15:55:31.257983+07:00,374.0464089070001,0.18580016200030514,OK,,True,2026-10-03T15:55:31.443792+07:00,374.2322161430002,0.03296205900005589,OK,,True,1443,0.180375,,2026-10-03T15:55:31.476757+07:00,374.2651817390006,0.03282770799978607,OK,,True,2660,0.3325,
4793290d6ecf45aaad5326541298bf5f,376,2026-10-03T15:55:32.257970+07:00,375.04637669600015,375.04637669600015,MONITOR,375.193043708,1.0000490100001116,0.26298864300042624,0.00013646899969899096,DISABLED,on,user_reported,37.086669921875,52.08778381347656,1006.868046875,121442.125,True,True,True,176,0,0,109,178,101,2026-10-03T15:55:32.258128+07:00,375.0465524730007,0.1917676279999796,OK,,True,2026-10-03T15:55:32.449914+07:00,375.2383336010007,0.035745608000070206,OK,,True,1443,0.180375,,2026-10-03T15:55:32.485668+07:00,375.2740896340001,0.03525455700037128,OK,,True,2660,0.3325,
4793290d6ecf45aaad5326541298bf5f,377,2026-10-03T15:55:33.257962+07:00,376.04637115700007,376.04637115700007,MONITOR,376.1930381689999,0.9999944609999147,0.26230309499987925,0.00013092999961372698,DISABLED,on,user_reported,37.0841178894043,52.08741760253906,1006.8434375,121528.6015625,True,True,True,176,0,0,109,178,101,2026-10-03T15:55:33.258094+07:00,376.04651923000074,0.19135568799993052,OK,,True,2026-10-03T15:55:33.449471+07:00,376.2378906030008,0.03549775899955421,OK,,True,1450,0.18125,,2026-10-03T15:55:33.484974+07:00,376.2733974540006,0.035253686999567435,OK,,True,2671,0.33387500000000003,
4793290d6ecf45aaad5326541298bf5f,378,2026-10-03T15:55:34.257927+07:00,377.04634386399994,377.04634386399994,MONITOR,377.1930108759998,0.9999727069998698,0.2517682640000203,0.00010363699948356953,DISABLED,on,user_reported,37.07582473754883,52.10515213012695,1006.83,121269.5390625,True,True,True,176,0,0,109,178,101,2026-10-03T15:55:34.257997+07:00,377.04642360400067,0.18579703499926836,OK,,True,2026-10-03T15:55:34.443803+07:00,377.23222719500063,0.032966540999950666,OK,,True,1448,0.181,,2026-10-03T15:55:34.476772+07:00,377.26519725400067,0.03290522599945689,OK,,True,2652,0.3315,
4793290d6ecf45aaad5326541298bf5f,379,2026-10-03T15:55:35.257910+07:00,378.04632718800076,378.04632718800076,MONITOR,378.1929942000006,0.9999833240008229,0.2518677829993976,8.696100030647358e-05,DISABLED,on,user_reported,37.07646179199219,52.1304817199707,1006.83109375,120925.8359375,True,True,True,176,0,0,109,178,101,2026-10-03T15:55:35.257980+07:00,378.04640626200035,0.18581147999975656,OK,,True,2026-10-03T15:55:35.443802+07:00,378.2322250570005,0.03307583599962527,OK,,True,1441,0.180125,,2026-10-03T15:55:35.476880+07:00,378.26530483700026,0.03288098600023659,OK,,True,2654,0.33175,
4793290d6ecf45aaad5326541298bf5f,380,2026-10-03T15:55:36.257914+07:00,379.0463312210004,379.0463312210004,MONITOR,379.19299823300025,1.000004032999641,0.2516970079996099,9.099399994738633e-05,DISABLED,on,user_reported,37.07709884643555,52.14950180053711,1006.866328125,121269.5390625,True,True,True,176,0,0,109,178,101,2026-10-03T15:55:36.257986+07:00,379.0464114790002,0.1858092040001793,OK,,True,2026-10-03T15:55:36.443805+07:00,379.23222823800006,0.03296774499995081,OK,,True,1445,0.180625,,2026-10-03T15:55:36.476774+07:00,379.26519935300075,0.032820819999869855,OK,,True,2646,0.33075,
4793290d6ecf45aaad5326541298bf5f,381,2026-10-03T15:55:37.257940+07:00,380.0463545729999,380.0463545729999,MONITOR,380.19302158499977,1.0000233519995163,0.2517526950005049,0.00011434599946369417,DISABLED,on,user_reported,37.073272705078125,52.16156768798828,1006.84640625,121269.5390625,True,True,True,176,0,0,109,178,101,2026-10-03T15:55:37.258025+07:00,380.04645120200075,0.18582798199986428,OK,,True,2026-10-03T15:55:37.443864+07:00,380.2322869440004,0.03297222600031091,OK,,True,1445,0.180625,,2026-10-03T15:55:37.476839+07:00,380.26526352200017,0.03283454200027336,OK,,True,2653,0.331625,
4793290d6ecf45aaad5326541298bf5f,382,2026-10-03T15:55:38.257914+07:00,381.0463301540003,381.0463301540003,MONITOR,381.19299716600017,0.999975581000399,0.25173525100035476,8.992699986265507e-05,DISABLED,on,user_reported,37.07901382446289,52.168704986572266,1006.84890625,121097.4453125,True,True,True,176,0,0,109,178,101,2026-10-03T15:55:38.257987+07:00,381.0464131160006,0.18580489099986153,OK,,True,2026-10-03T15:55:38.443802+07:00,381.23222534100023,0.03298385500056611,OK,,True,1443,0.180375,,2026-10-03T15:55:38.476788+07:00,381.26521306700033,0.03284357899974566,OK,,True,2656,0.332,
4793290d6ecf45aaad5326541298bf5f,383,2026-10-03T15:55:39.257947+07:00,382.0463555360002,382.0463555360002,MONITOR,382.19302254800004,1.0000253819998761,0.26279534000059357,0.0001153089997387724,DISABLED,on,user_reported,37.07582473754883,52.168251037597656,1006.80265625,121011.578125,True,True,True,176,0,0,109,178,101,2026-10-03T15:55:39.258078+07:00,382.04650309000044,0.19136863899984746,OK,,True,2026-10-03T15:55:39.449468+07:00,382.23788713700014,0.036357011000291095,OK,,True,1452,0.1815,,2026-10-03T15:55:39.485836+07:00,382.2742552960008,0.03487309899992397,OK,,True,2669,0.333625,
4793290d6ecf45aaad5326541298bf5f,384,2026-10-03T15:55:40.257982+07:00,383.0463903680002,383.0463903680002,MONITOR,383.19305738,1.000034831999983,0.26254734299982374,0.00015014099972177064,DISABLED,on,user_reported,37.07135772705078,52.167606353759766,1006.829609375,121528.6015625,True,True,True,176,0,0,109,178,101,2026-10-03T15:55:40.258130+07:00,383.04655507000007,0.19176800700006424,OK,,True,2026-10-03T15:55:40.449921+07:00,383.238339558,0.035429483000370965,OK,,True,1455,0.181875,,2026-10-03T15:55:40.485356+07:00,383.273778578,0.035141207999913604,OK,,True,2662,0.33275,
4793290d6ecf45aaad5326541298bf5f,385,2026-10-03T15:55:41.257978+07:00,384.0463858540006,384.0463858540006,MONITOR,384.19305286600047,0.9999954860004436,0.26268462099960743,0.00014562700016540475,DISABLED,on,user_reported,37.066890716552734,52.15434265136719,1006.84296875,121183.4296875,True,True,True,176,0,0,109,178,101,2026-10-03T15:55:41.258118+07:00,384.04654326000036,0.19175278500006243,OK,,True,2026-10-03T15:55:41.449894+07:00,384.238313027,0.03542896399994788,OK,,True,1448,0.181,,2026-10-03T15:55:41.485329+07:00,384.27375108400065,0.0352991319996363,OK,,True,2671,0.33387500000000003,
4793290d6ecf45aaad5326541298bf5f,386,2026-10-03T15:55:42.257925+07:00,385.0463399930004,385.0463399930004,MONITOR,385.19300700500025,0.999954138999783,0.25178670100012823,9.976599994843127e-05,DISABLED,on,user_reported,37.065616607666016,52.15415954589844,1006.840859375,121269.5390625,True,True,True,176,0,0,109,178,101,2026-10-03T15:55:42.258006+07:00,385.04643226999997,0.18580976500015822,OK,,True,2026-10-03T15:55:42.443828+07:00,385.2322502020006,0.033018966999406985,OK,,True,1444,0.1805,,2026-10-03T15:55:42.476849+07:00,385.26527291,0.032844987000316905,OK,,True,2652,0.3315,
4793290d6ecf45aaad5326541298bf5f,387,2026-10-03T15:55:43.257907+07:00,386.04632493400004,386.04632493400004,MONITOR,386.1929919459999,0.9999849409996386,0.25169746200026566,8.470699958706973e-05,DISABLED,on,user_reported,37.06816864013672,52.12929153442383,1006.838203125,121442.125,True,True,True,176,0,0,109,178,101,2026-10-03T15:55:43.257972+07:00,386.04639878500075,0.18580195199956506,OK,,True,2026-10-03T15:55:43.443785+07:00,386.23220842200044,0.032974208000268845,OK,,True,1440,0.18,,2026-10-03T15:55:43.476761+07:00,386.2651863710007,0.03282739499991294,OK,,True,2650,0.33125,
4793290d6ecf45aaad5326541298bf5f,388,2026-10-03T15:55:44.257910+07:00,387.04632710200076,387.04632710200076,MONITOR,387.1929941140006,1.0000021680007194,0.25179436999951577,8.687500030646333e-05,DISABLED,on,user_reported,37.06370162963867,52.11602783203125,1006.8103125,120925.8359375,True,True,True,176,0,0,109,178,101,2026-10-03T15:55:44.257978+07:00,387.0464041570003,0.18579810099981842,OK,,True,2026-10-03T15:55:44.443785+07:00,387.2322091470005,0.03298022699982539,OK,,True,1451,0.181375,,2026-10-03T15:55:44.476768+07:00,387.26519302199995,0.03291809800066403,OK,,True,2653,0.331625,
4793290d6ecf45aaad5326541298bf5f,389,2026-10-03T15:55:45.257911+07:00,388.0463283680001,388.0463283680001,MONITOR,388.19299537999996,1.0000012659993445,0.2520459810002649,8.814099965093192e-05,DISABLED,on,user_reported,37.061790466308594,52.09682846069336,1006.91,121355.7734375,True,True,True,176,0,0,109,178,101,2026-10-03T15:55:45.257979+07:00,388.0464050160008,0.1858116939993124,OK,,True,2026-10-03T15:55:45.443801+07:00,388.23222372800046,0.03329952100011724,OK,,True,1437,0.179625,,2026-10-03T15:55:45.477103+07:00,388.2655268790004,0.03283852499953355,OK,,True,2653,0.331625,
4793290d6ecf45aaad5326541298bf5f,390,2026-10-03T15:55:46.257910+07:00,389.04632695500004,389.04632695500004,MONITOR,389.1929939669999,0.9999985869999364,0.2518448900000294,8.672799958731048e-05,DISABLED,on,user_reported,37.05349349975586,52.089324951171875,1006.917109375,121269.5390625,True,True,True,176,0,0,109,178,101,2026-10-03T15:55:46.257977+07:00,389.0464034730003,0.18581988000005367,OK,,True,2026-10-03T15:55:46.443809+07:00,389.2322312230008,0.03301894999913202,OK,,True,1439,0.179875,,2026-10-03T15:55:46.476828+07:00,389.26525352499993,0.03290985800049384,OK,,True,2648,0.331,
4793290d6ecf45aaad5326541298bf5f,391,2026-10-03T15:55:47.257940+07:00,390.0463541570007,390.0463541570007,MONITOR,390.19302116900053,1.0000272020006378,0.2518150219993913,0.00011393000022508204,DISABLED,on,user_reported,37.057960510253906,52.083656311035156,1006.896875,121788.7734375,True,True,True,176,0,0,109,178,101,2026-10-03T15:55:47.258022+07:00,390.0464487680001,0.18581669600007444,OK,,True,2026-10-03T15:55:47.443851+07:00,390.2322729080006,0.03297407999980351,OK,,True,1442,0.18025,,2026-10-03T15:55:47.476826+07:00,390.2652504510006,0.03290921000007074,OK,,True,2650,0.33125,
4793290d6ecf45aaad5326541298bf5f,392,2026-10-03T15:55:48.257907+07:00,391.0463236810001,391.0463236810001,MONITOR,391.19299069299996,0.9999695239994253,0.2516987830003927,8.345399965037359e-05,DISABLED,on,user_reported,37.058597564697266,52.06482696533203,1006.88421875,121701.921875,True,True,True,176,0,0,109,178,101,2026-10-03T15:55:48.257981+07:00,391.0464073840003,0.1858063259996925,OK,,True,2026-10-03T15:55:48.443798+07:00,391.23222052500023,0.03295700600028795,OK,,True,1443,0.180375,,2026-10-03T15:55:48.476755+07:00,391.26518117900014,0.032831692000399926,OK,,True,2648,0.331,
4793290d6ecf45aaad5326541298bf5f,393,2026-10-03T15:55:49.257908+07:00,392.0463244870007,392.0463244870007,MONITOR,392.1929914990005,1.0000008060005712,0.2518890419996751,8.426000022154767e-05,DISABLED,on,user_reported,37.06370162963867,52.0466423034668,1006.913046875,121528.6015625,True,True,True,176,0,0,109,178,101,2026-10-03T15:55:49.257985+07:00,392.0464111150004,0.1858555870003329,OK,,True,2026-10-03T15:55:49.443851+07:00,392.23227422000036,0.032964062000246486,OK,,True,1442,0.18025,,2026-10-03T15:55:49.476816+07:00,392.2652416890005,0.03296093300014036,OK,,True,2647,0.33087500000000003,
4793290d6ecf45aaad5326541298bf5f,394,2026-10-03T15:55:50.258068+07:00,393.04648303700014,393.04648303700014,MONITOR,393.193150049,1.000158549999469,0.2517100270006267,0.00024280999969050754,DISABLED,on,user_reported,37.059871673583984,52.03346633911133,1006.920625,121701.921875,True,True,True,176,0,0,109,178,101,2026-10-03T15:55:50.258151+07:00,393.0465774250006,0.18581708799956687,OK,,True,2026-10-03T15:55:50.443980+07:00,393.2324023460005,0.032950210999842966,OK,,True,1447,0.180875,,2026-10-03T15:55:50.476930+07:00,393.26535555600003,0.03282804500031489,OK,,True,2648,0.331,
4793290d6ecf45aaad5326541298bf5f,395,2026-10-03T15:55:51.257913+07:00,394.0463295030004,394.0463295030004,MONITOR,394.19299651500023,0.9998464660002355,0.2517753239999365,8.927599992603064e-05,DISABLED,on,user_reported,37.05413055419922,52.02003860473633,1006.842734375,122137.40625,True,True,True,176,0,0,109,178,101,2026-10-03T15:55:51.257989+07:00,394.04641541,0.185804570000073,OK,,True,2026-10-03T15:55:51.443803+07:00,394.23222657299993,0.032975043000078585,OK,,True,1440,0.18,,2026-10-03T15:55:51.476781+07:00,394.26520543100014,0.03289084100015316,OK,,True,2652,0.3315,
4793290d6ecf45aaad5326541298bf5f,396,2026-10-03T15:55:52.257920+07:00,395.0463344180007,395.0463344180007,MONITOR,395.19300143000055,1.0000049150003179,0.2520677299999079,9.419100024388172e-05,DISABLED,on,user_reported,37.04902648925781,52.00039291381836,1006.875546875,121701.921875,True,True,True,176,0,0,109,178,101,2026-10-03T15:55:52.258002+07:00,395.0464281950008,0.185825255999589,OK,,True,2026-10-03T15:55:52.443839+07:00,395.2322613770002,0.033222504000150366,OK,,True,1443,0.180375,,2026-10-03T15:55:52.477063+07:00,395.2654880660002,0.03290543300045101,OK,,True,2655,0.33187500000000003,
4793290d6ecf45aaad5326541298bf5f,397,2026-10-03T15:55:53.257914+07:00,396.04633020800065,396.04633020800065,MONITOR,396.1929972200005,0.9999957899999572,0.2517661219999354,8.998100020107813e-05,DISABLED,on,user_reported,37.04264831542969,51.99317169189453,1006.8378125,122137.40625,True,True,True,176,0,0,109,178,101,2026-10-03T15:55:53.257990+07:00,396.0464159480007,0.18581171999994694,OK,,True,2026-10-03T15:55:53.443812+07:00,396.23223507500006,0.0329625809999925,OK,,True,1439,0.179875,,2026-10-03T15:55:53.476774+07:00,396.26520076700035,0.03288563800015254,OK,,True,2644,0.3305,
4793290d6ecf45aaad5326541298bf5f,398,2026-10-03T15:55:54.257914+07:00,397.04633028100034,397.04633028100034,MONITOR,397.1929972930002,1.0000000729996827,0.25178391999997984,9.005399988382123e-05,DISABLED,on,user_reported,37.038818359375,51.97370147705078,1006.824921875,121442.125,True,True,True,176,0,0,109,178,101,2026-10-03T15:55:54.257991+07:00,397.04641774300035,0.18581197999992582,OK,,True,2026-10-03T15:55:54.443814+07:00,397.2322370010006,0.03299991399944702,OK,,True,1454,0.18175,,2026-10-03T15:55:54.476814+07:00,397.2652397669999,0.0328653230008058,OK,,True,2654,0.33175,
4793290d6ecf45aaad5326541298bf5f,399,2026-10-03T15:55:55.257918+07:00,398.04633348900006,398.04633348900006,MONITOR,398.1930005009999,1.0000032079997254,0.2518498460003684,9.326199960923987e-05,DISABLED,on,user_reported,37.032440185546875,51.97909164428711,1006.814453125,121701.921875,True,True,True,176,0,0,109,178,101,2026-10-03T15:55:55.258003+07:00,398.0464292659999,0.18582011100079399,OK,,True,2026-10-03T15:55:55.443834+07:00,398.2322572840003,0.03297715500048071,OK,,True,1444,0.1805,,2026-10-03T15:55:55.476811+07:00,398.26523725400057,0.032936081999650924,OK,,True,2653,0.331625,
4793290d6ecf45aaad5326541298bf5f,400,2026-10-03T15:55:56.257907+07:00,399.0463234610006,399.0463234610006,MONITOR,399.19299047300046,0.9999899720005487,0.25171407200014073,8.323400015797233e-05,DISABLED,on,user_reported,37.03499221801758,51.960540771484375,1006.811875,121442.125,True,True,True,176,0,0,109,178,101,2026-10-03T15:55:56.257983+07:00,399.04640936800024,0.1858034269998825,OK,,True,2026-10-03T15:55:56.443795+07:00,399.2322188320004,0.03296632199999294,OK,,True,1433,0.179125,,2026-10-03T15:55:56.476764+07:00,399.26518906100046,0.03283960099997785,OK,,True,2644,0.3305,
4793290d6ecf45aaad5326541298bf5f,401,2026-10-03T15:55:57.257932+07:00,400.0463444570005,400.0463444570005,MONITOR,400.19301146900034,1.0000209959998756,0.2620375010001226,0.0001042300000335672,DISABLED,on,user_reported,37.033077239990234,51.96027374267578,1006.815546875,121442.125,True,True,True,176,0,0,109,178,101,2026-10-03T15:55:57.258042+07:00,400.04646699300065,0.1910306039999341,OK,,True,2026-10-03T15:55:57.449096+07:00,400.2375142640003,0.03550483700018958,OK,,True,1440,0.18,,2026-10-03T15:55:57.484606+07:00,400.27302823100035,0.03531552399999782,OK,,True,2657,0.332125,
4793290d6ecf45aaad5326541298bf5f,402,2026-10-03T15:55:58.257926+07:00,401.046341495,401.046341495,MONITOR,401.19300850699983,0.999997037999492,0.25199786800021684,0.0001012679995255894,DISABLED,on,user_reported,37.03116226196289,51.966304779052734,1006.791875,122137.40625,True,True,True,176,0,0,109,178,101,2026-10-03T15:55:58.258004+07:00,401.046430847,0.18580928000028507,OK,,True,2026-10-03T15:55:58.443824+07:00,401.2322464050003,0.03322250499968504,OK,,True,1444,0.1805,,2026-10-03T15:55:58.477047+07:00,401.26547239200045,0.03285817500000121,OK,,True,2647,0.33087500000000003,
4793290d6ecf45aaad5326541298bf5f,403,2026-10-03T15:55:59.257912+07:00,402.04632720600057,402.04632720600057,MONITOR,402.1929942180004,0.9999857110005905,0.25175568599934195,8.697900011611637e-05,DISABLED,on,user_reported,37.03052520751953,51.978816986083984,1006.763515625,121528.6015625,True,True,True,176,0,0,109,178,101,2026-10-03T15:55:59.257988+07:00,402.04641448300026,0.1857976150004106,OK,,True,2026-10-03T15:55:59.443795+07:00,402.2322180609999,0.03295441500085872,OK,,True,1440,0.18,,2026-10-03T15:55:59.476750+07:00,402.2651755500001,0.03289734200006933,OK,,True,2652,0.3315,
4793290d6ecf45aaad5326541298bf5f,404,2026-10-03T15:56:00.257913+07:00,403.0463283660001,403.0463283660001,MONITOR,403.192995378,1.000001159999556,0.2517792059998101,8.813899967208272e-05,DISABLED,on,user_reported,37.03116226196289,51.966304779052734,1006.8603125,121442.125,True,True,True,176,0,0,109,178,101,2026-10-03T15:56:00.257991+07:00,403.04641734600045,0.18580865300009464,OK,,True,2026-10-03T15:56:00.443811+07:00,403.2322327030006,0.032988211999509076,OK,,True,1449,0.181125,,2026-10-03T15:56:00.476798+07:00,403.26522389599995,0.03287484200063773,OK,,True,2646,0.33075,
4793290d6ecf45aaad5326541298bf5f,405,2026-10-03T15:56:01.257912+07:00,404.04632716000015,404.04632716000015,MONITOR,404.192994172,0.999998794000021,0.25181609599985677,8.69329996930901e-05,DISABLED,on,user_reported,37.03116226196289,51.978912353515625,1006.778125,121962.8359375,True,True,True,176,0,0,109,178,101,2026-10-03T15:56:01.257996+07:00,404.0464220670001,0.18580872800066572,OK,,True,2026-10-03T15:56:01.443815+07:00,404.2322371650007,0.0330122859995754,OK,,True,1448,0.181,,2026-10-03T15:56:01.476827+07:00,404.26525295100055,0.03288030499970773,OK,,True,2650,0.33125,
4793290d6ecf45aaad5326541298bf5f,406,2026-10-03T15:56:02.258047+07:00,405.0464606260002,405.0464606260002,MONITOR,405.1931276380001,1.0001334660000794,0.25182676300028106,0.00022039899977244204,DISABLED,on,user_reported,37.025421142578125,51.99069595336914,1006.83734375,121183.4296875,True,True,True,176,0,0,109,178,101,2026-10-03T15:56:02.258134+07:00,405.0465601620008,0.18581702499977837,OK,,True,2026-10-03T15:56:02.443963+07:00,405.232384854,0.03298980399995344,OK,,True,1443,0.180375,,2026-10-03T15:56:02.476953+07:00,405.265378047,0.03289995300019655,OK,,True,2650,0.33125,
4793290d6ecf45aaad5326541298bf5f,407,2026-10-03T15:56:03.257969+07:00,406.0463747650001,406.0463747650001,MONITOR,406.19304177699996,0.999914138999884,0.26269991000026494,0.00013453799965645885,DISABLED,on,user_reported,37.02733612060547,52.0098876953125,1006.908828125,121011.578125,True,True,True,176,0,0,109,178,101,2026-10-03T15:56:03.258124+07:00,406.0465487450001,0.19176710400006414,OK,,True,2026-10-03T15:56:03.449911+07:00,406.2383301630007,0.03541756100003113,OK,,True,1454,0.18175,,2026-10-03T15:56:03.485334+07:00,406.27375705800023,0.035297598999932234,OK,,True,2665,0.333125,
4793290d6ecf45aaad5326541298bf5f,408,2026-10-03T15:56:04.257970+07:00,407.04637624099996,407.04637624099996,MONITOR,407.1930432529998,1.0000014759998521,0.262821337000787,0.0001360139995085774,DISABLED,on,user_reported,37.032440185546875,52.010616302490234,1006.828125,121011.578125,True,True,True,176,0,0,109,178,101,2026-10-03T15:56:04.258126+07:00,407.04655068400007,0.19174047600063204,OK,,True,2026-10-03T15:56:04.449884+07:00,407.2383038450007,0.03552381999998033,OK,,True,1439,0.179875,,2026-10-03T15:56:04.485416+07:00,407.2738376650004,0.035340616999747,OK,,True,2657,0.332125,
4793290d6ecf45aaad5326541298bf5f,409,2026-10-03T15:56:05.257982+07:00,408.0463875940004,408.0463875940004,MONITOR,408.19305460600026,1.0000113530004455,0.26344862899986765,0.00014736699995410163,DISABLED,on,user_reported,37.024147033691406,52.01573181152344,1006.86953125,121875.7421875,True,True,True,176,0,0,109,178,101,2026-10-03T15:56:05.258138+07:00,408.046562814,0.191814921000514,OK,,True,2026-10-03T15:56:05.449976+07:00,408.23839395699997,0.03614466599992738,OK,,True,1442,0.18025,,2026-10-03T15:56:05.486126+07:00,408.2745478270008,0.03526746999978059,OK,,True,2655,0.33187500000000003,
4793290d6ecf45aaad5326541298bf5f,410,2026-10-03T15:56:06.257968+07:00,409.0463759510003,409.0463759510003,MONITOR,409.19304296300015,0.9999883569998929,0.2646402870004749,0.0001357239998469595,DISABLED,on,user_reported,37.022865295410156,52.02816390991211,1006.89484375,121962.8359375,True,True,True,176,0,0,109,178,101,2026-10-03T15:56:06.258115+07:00,409.046539727,0.19192556899997726,OK,,True,2026-10-03T15:56:06.450059+07:00,409.23847827700047,0.035381413999857614,OK,,True,1441,0.180125,,2026-10-03T15:56:06.485446+07:00,409.27386915400075,0.03712719499981176,OK,,True,2660,0.3325,
4793290d6ecf45aaad5326541298bf5f,411,2026-10-03T15:56:07.258304+07:00,410.0467173850002,410.0467173850002,MONITOR,410.19338439700005,1.0003414339998926,0.2520827670005019,0.00047715799973957473,DISABLED,on,user_reported,37.0222282409668,52.03437423706055,1006.88015625,121962.8359375,True,True,True,176,0,0,109,178,101,2026-10-03T15:56:07.258393+07:00,410.04681945800075,0.18614043399975344,OK,,True,2026-10-03T15:56:07.444546+07:00,410.23296818900053,0.032975619999888295,OK,,True,1445,0.180625,,2026-10-03T15:56:07.477523+07:00,410.26594736400057,0.03284363999955531,OK,,True,2650,0.33125,
4793290d6ecf45aaad5326541298bf5f,412,2026-10-03T15:56:08.257915+07:00,411.0463303480001,411.0463303480001,MONITOR,411.19299735999994,0.9996129629998904,0.25176736499997787,9.012099963001674e-05,DISABLED,on,user_reported,37.011383056640625,52.03281784057617,1006.82828125,122137.40625,True,True,True,176,0,0,109,178,101,2026-10-03T15:56:08.257993+07:00,411.0464189210006,0.18581541999992623,OK,,True,2026-10-03T15:56:08.443819+07:00,411.23224241500066,0.03298084299967741,OK,,True,1444,0.1805,,2026-10-03T15:56:08.476801+07:00,411.2652263500004,0.03286210300029779,OK,,True,2650,0.33125,
4793290d6ecf45aaad5326541298bf5f,413,2026-10-03T15:56:09.257909+07:00,412.0463241840007,412.0463241840007,MONITOR,412.19299119600055,0.9999938360006126,0.25179616199966404,8.395700024266262e-05,DISABLED,on,user_reported,37.011383056640625,52.039119720458984,1006.841953125,121097.4453125,True,True,True,176,0,0,109,178,101,2026-10-03T15:56:09.257988+07:00,412.0464139980004,0.18581284700030665,OK,,True,2026-10-03T15:56:09.443812+07:00,412.2322349370006,0.03299184299976332,OK,,True,1444,0.1805,,2026-10-03T15:56:09.476804+07:00,412.2652296690003,0.03288060300019424,OK,,True,2655,0.33187500000000003,
4793290d6ecf45aaad5326541298bf5f,414,2026-10-03T15:56:10.257906+07:00,413.0463217280003,413.0463217280003,MONITOR,413.19298874000015,0.9999975439995978,0.25208580900016386,8.15009998405003e-05,DISABLED,on,user_reported,37.00564193725586,52.05721664428711,1006.853203125,121528.6015625,True,True,True,176,0,0,109,178,101,2026-10-03T15:56:10.257986+07:00,413.04641174600056,0.18581518100018002,OK,,True,2026-10-03T15:56:10.443812+07:00,413.23223437100023,0.03303908399993816,OK,,True,1443,0.180375,,2026-10-03T15:56:10.476852+07:00,413.2652767510008,0.03312048999941908,OK,,True,2647,0.33087500000000003,
4793290d6ecf45aaad5326541298bf5f,415,2026-10-03T15:56:11.257910+07:00,414.04632500000025,414.04632500000025,MONITOR,414.1929920120001,1.000003271999958,0.25199275500017393,8.477299979858799e-05,DISABLED,on,user_reported,37.0050048828125,52.06343078613281,1006.8590625,121442.125,True,True,True,176,0,0,109,178,101,2026-10-03T15:56:11.257990+07:00,414.0464162210001,0.18580631199984055,OK,,True,2026-10-03T15:56:11.443807+07:00,414.2322300700007,0.03317776699987007,OK,,True,1443,0.180375,,2026-10-03T15:56:11.476986+07:00,414.26541133699993,0.032897474000492366,OK,,True,2650,0.33125,
4793290d6ecf45aaad5326541298bf5f,416,2026-10-03T15:56:12.257966+07:00,415.046378258,415.046378258,MONITOR,415.19304526999986,1.0000532579997525,0.25190812700020615,0.00013803099955111975,DISABLED,on,user_reported,37.01329803466797,52.08985137939453,1006.865703125,121615.203125,True,True,True,176,0,0,109,178,101,2026-10-03T15:56:12.258068+07:00,415.0464940900001,0.18585340500067105,OK,,True,2026-10-03T15:56:12.443934+07:00,415.23235618000035,0.0330525649997071,OK,,True,1441,0.180125,,2026-10-03T15:56:12.476988+07:00,415.2654125600002,0.03286373300034029,OK,,True,2649,0.331125,
4793290d6ecf45aaad5326541298bf5f,417,2026-10-03T15:56:13.257909+07:00,416.0463254290007,416.0463254290007,MONITOR,416.19299244100057,0.9999471710007128,0.25175172299987025,8.520200026396196e-05,DISABLED,on,user_reported,37.006919860839844,52.0826301574707,1006.827890625,120925.8359375,True,True,True,176,0,0,109,178,101,2026-10-03T15:56:13.257989+07:00,416.04641568700026,0.1858093139999255,OK,,True,2026-10-03T15:56:13.443809+07:00,416.2322326860003,0.03297623199978261,OK,,True,1446,0.18075,,2026-10-03T15:56:13.476787+07:00,416.265212585,0.032856085000275925,OK,,True,2654,0.33175,
4793290d6ecf45aaad5326541298bf5f,418,2026-10-03T15:56:14.257908+07:00,417.0463235120005,417.0463235120005,MONITOR,417.1929905240004,0.9999980829998094,0.2517965010001717,8.328500007337425e-05,DISABLED,on,user_reported,37.00883102416992,52.1081428527832,1006.803671875,121615.203125,True,True,True,176,0,0,109,178,101,2026-10-03T15:56:14.257988+07:00,417.0464143070003,0.18580679600017902,OK,,True,2026-10-03T15:56:14.443806+07:00,417.2322294550004,0.033006751000357326,OK,,True,1440,0.18,,2026-10-03T15:56:14.476814+07:00,417.2652395210007,0.03287189999991824,OK,,True,2656,0.332,
4793290d6ecf45aaad5326541298bf5f,419,2026-10-03T15:56:15.257907+07:00,418.0463228409999,418.0463228409999,MONITOR,418.19298985299974,0.9999993289993654,0.2517983540001296,8.261399943876313e-05,DISABLED,on,user_reported,37.003089904785156,52.10731887817383,1006.787421875,121701.921875,True,True,True,176,0,0,109,178,101,2026-10-03T15:56:15.257987+07:00,418.04641326599994,0.18580861200007348,OK,,True,2026-10-03T15:56:15.443807+07:00,418.23222969200015,0.033041140000023006,OK,,True,1430,0.17875,,2026-10-03T15:56:15.476849+07:00,418.26527403599994,0.03283847400052764,OK,,True,2654,0.33175,
4793290d6ecf45aaad5326541298bf5f,420,2026-10-03T15:56:16.257908+07:00,419.0463237490003,419.0463237490003,MONITOR,419.19299076100015,1.000000908000402,0.251820614999815,8.352199984074105e-05,DISABLED,on,user_reported,36.999900817871094,52.1131706237793,1006.802890625,121701.921875,True,True,True,176,0,0,109,178,101,2026-10-03T15:56:16.257987+07:00,419.04641389600056,0.185839316000056,OK,,True,2026-10-03T15:56:16.443841+07:00,419.23226274900026,0.0329746220004381,OK,,True,1448,0.181,,2026-10-03T15:56:16.476816+07:00,419.2652406670004,0.03289354899970931,OK,,True,2648,0.331,
4793290d6ecf45aaad5326541298bf5f,421,2026-10-03T15:56:17.257962+07:00,420.0463695320004,420.0463695320004,MONITOR,420.1930365440003,1.0000457830001324,0.25860574200032715,0.00012930499997310108,DISABLED,on,user_reported,36.99671173095703,52.137939453125,1006.7909375,121788.7734375,True,True,True,176,0,0,109,178,101,2026-10-03T15:56:17.258102+07:00,420.0465269189999,0.18848846100081573,OK,,True,2026-10-03T15:56:17.446604+07:00,420.23502588000065,0.035010771000088425,OK,,True,1443,0.180375,,2026-10-03T15:56:17.481642+07:00,420.27006611400066,0.03488916100013739,OK,,True,2657,0.332125,
4793290d6ecf45aaad5326541298bf5f,422,2026-10-03T15:56:18.257949+07:00,421.0463590240006,421.0463590240006,MONITOR,421.19302603600045,0.999989492000168,0.26153347799936455,0.00011879700014105765,DISABLED,on,user_reported,36.99415588378906,52.13126754760742,1006.800390625,121528.6015625,True,True,True,176,0,0,109,178,101,2026-10-03T15:56:18.258078+07:00,421.046502745,0.19136808500024927,OK,,True,2026-10-03T15:56:18.449468+07:00,421.2378868300002,0.03558874700047454,OK,,True,1457,0.182125,,2026-10-03T15:56:18.485061+07:00,421.27348448500015,0.03439149800033192,OK,,True,2662,0.33275,
4793290d6ecf45aaad5326541298bf5f,423,2026-10-03T15:56:19.257922+07:00,422.0463371320002,422.0463371320002,MONITOR,422.19300414400004,0.9999781079995955,0.2517538970005262,9.690499973658007e-05,DISABLED,on,user_reported,36.99671173095703,52.14424514770508,1006.859375,121615.203125,True,True,True,176,0,0,109,178,101,2026-10-03T15:56:19.258001+07:00,422.0464269280001,0.18580226399990352,OK,,True,2026-10-03T15:56:19.443813+07:00,422.232236543,0.03299084500031313,OK,,True,1437,0.179625,,2026-10-03T15:56:19.476805+07:00,422.26523064699995,0.03285203100040235,OK,,True,2656,0.332,
4793290d6ecf45aaad5326541298bf5f,424,2026-10-03T15:56:20.257907+07:00,423.04632315300023,423.04632315300023,MONITOR,423.1929901650001,0.9999860210000406,0.2518944339999507,8.292599977721693e-05,DISABLED,on,user_reported,36.99671173095703,52.156864166259766,1006.804609375,121528.6015625,True,True,True,176,0,0,109,178,101,2026-10-03T15:56:20.257986+07:00,423.04641263400026,0.1858174680000957,OK,,True,2026-10-03T15:56:20.443817+07:00,423.2322386200003,0.03308908500002872,OK,,True,1441,0.180125,,2026-10-03T15:56:20.476907+07:00,423.2653316680007,0.03287765999994008,OK,,True,2656,0.332,
4793290d6ecf45aaad5326541298bf5f,425,2026-10-03T15:56:21.257914+07:00,424.0463283270001,424.0463283270001,MONITOR,424.19299533899994,1.0000051739998526,0.25183517599998595,8.8099999629776e-05,DISABLED,on,user_reported,36.99543380737305,52.156681060791016,1006.8846875,121442.125,True,True,True,176,0,0,109,178,101,2026-10-03T15:56:21.257994+07:00,424.0464197700003,0.1858055989996501,OK,,True,2026-10-03T15:56:21.443810+07:00,424.23223331400004,0.03299986300044111,OK,,True,1442,0.18025,,2026-10-03T15:56:21.476812+07:00,424.2652366580005,0.032918511999923794,OK,,True,2654,0.33175,
4793290d6ecf45aaad5326541298bf5f,426,2026-10-03T15:56:22.257959+07:00,425.0463717090006,425.0463717090006,MONITOR,425.19303872100045,1.0000433820005128,0.2518022340000243,0.00013148200014256872,DISABLED,on,user_reported,36.9935188293457,52.156410217285156,1006.83359375,121183.4296875,True,True,True,176,0,0,109,178,101,2026-10-03T15:56:22.258047+07:00,425.04647326300073,0.1858311189998858,OK,,True,2026-10-03T15:56:22.443891+07:00,425.2323130479999,0.0330031230005261,OK,,True,1439,0.179875,,2026-10-03T15:56:22.476896+07:00,425.2653205410006,0.03284391999932268,OK,,True,2652,0.3315,
4793290d6ecf45aaad5326541298bf5f,427,2026-10-03T15:56:23.257946+07:00,426.0463601520005,426.0463601520005,MONITOR,426.19302716400034,0.9999884429998929,0.2520006779996038,0.00011992500003543682,DISABLED,on,user_reported,36.99798583984375,52.169673919677734,1006.875078125,121097.4453125,True,True,True,176,0,0,109,178,101,2026-10-03T15:56:23.258030+07:00,426.04645611400065,0.18581885999992664,OK,,True,2026-10-03T15:56:23.443861+07:00,426.23228297400055,0.03323808299955999,OK,,True,1446,0.18075,,2026-10-03T15:56:23.477100+07:00,426.26552485400043,0.03282703100012441,OK,,True,2654,0.33175,
4793290d6ecf45aaad5326541298bf5f,428,2026-10-03T15:56:24.257990+07:00,427.04639428500013,427.04639428500013,MONITOR,427.193061297,1.0000341329996445,0.26199725900005433,0.00015405799967993516,DISABLED,on,user_reported,36.99925994873047,52.182472229003906,1006.897578125,121528.6015625,True,True,True,176,0,0,109,178,101,2026-10-03T15:56:24.258154+07:00,427.04657824600054,0.19186729000011837,OK,,True,2026-10-03T15:56:24.450045+07:00,427.2384632030007,0.035383138999350194,OK,,True,1445,0.180625,,2026-10-03T15:56:24.485431+07:00,427.2738547680001,0.03451888700055861,OK,,True,2670,0.33375,
4793290d6ecf45aaad5326541298bf5f,429,2026-10-03T15:56:25.257954+07:00,428.04636483000013,428.04636483000013,MONITOR,428.193031842,0.9999705449999965,0.26210564900065947,0.0001246029996764264,DISABLED,on,user_reported,36.9935188293457,52.194271087646484,1006.861015625,121355.7734375,True,True,True,176,0,0,109,178,101,2026-10-03T15:56:25.258071+07:00,428.0464960879999,0.19122727800004213,OK,,True,2026-10-03T15:56:25.449321+07:00,428.2377397549999,0.03546260200073448,OK,,True,1455,0.181875,,2026-10-03T15:56:25.484790+07:00,428.27321172700067,0.03524012199977733,OK,,True,2664,0.333,
4793290d6ecf45aaad5326541298bf5f,430,2026-10-03T15:56:26.257965+07:00,429.0463787690005,429.0463787690005,MONITOR,429.19304578100036,1.0000139390003824,0.25176896099947044,0.00013854200005880557,DISABLED,on,user_reported,36.989051818847656,52.18731689453125,1006.846875,121355.7734375,True,True,True,176,0,0,109,178,101,2026-10-03T15:56:26.258053+07:00,429.04647950900016,0.18581893700047658,OK,,True,2026-10-03T15:56:26.443884+07:00,429.23230698299994,0.03299723400050425,OK,,True,1450,0.18125,,2026-10-03T15:56:26.476883+07:00,429.26530768000066,0.03283016199929989,OK,,True,2649,0.331125,
4793290d6ecf45aaad5326541298bf5f,431,2026-10-03T15:56:27.261680+07:00,430.0500864220003,430.0500864220003,MONITOR,430.19675343400013,1.0037076529997648,0.2519098499997199,0.0038461949998236378,DISABLED,on,user_reported,36.98650360107422,52.19956970214844,1006.8015625,121528.6015625,True,True,True,176,0,0,109,178,101,2026-10-03T15:56:27.261795+07:00,430.050221384,0.18588556700069603,OK,,True,2026-10-03T15:56:27.447695+07:00,430.236117339,0.03302073500071856,OK,,True,1451,0.181375,,2026-10-03T15:56:27.480718+07:00,430.269142055,0.03284508800061303,OK,,True,2656,0.332,
4793290d6ecf45aaad5326541298bf5f,432,2026-10-03T15:56:28.257908+07:00,431.04632427400065,431.04632427400065,MONITOR,431.1929912860005,0.9962378520003767,0.2517650189993219,8.404700020037126e-05,DISABLED,on,user_reported,36.98394775390625,52.20551681518555,1006.824921875,121442.125,True,True,True,176,0,0,109,178,101,2026-10-03T15:56:28.258006+07:00,431.04643156900056,0.18580891999954474,OK,,True,2026-10-03T15:56:28.443827+07:00,431.232248841,0.0329979940006524,OK,,True,1446,0.18075,,2026-10-03T15:56:28.476826+07:00,431.26525081599993,0.0328289400003996,OK,,True,2651,0.33137500000000003,
4793290d6ecf45aaad5326541298bf5f,433,2026-10-03T15:56:29.257978+07:00,432.0463926530001,432.0463926530001,MONITOR,432.19305966499996,1.0000683789994582,0.25174122499993246,0.00015242599965858972,DISABLED,on,user_reported,36.989051818847656,52.2188720703125,1006.86734375,121183.4296875,True,True,True,176,0,0,109,178,101,2026-10-03T15:56:29.258064+07:00,432.0464903000002,0.18581351400007406,OK,,True,2026-10-03T15:56:29.443889+07:00,432.23231181400024,0.032976253000015276,OK,,True,1440,0.18,,2026-10-03T15:56:29.476868+07:00,432.2652919380007,0.03283267999995587,OK,,True,2651,0.33137500000000003,
4793290d6ecf45aaad5326541298bf5f,434,2026-10-03T15:56:30.257975+07:00,433.0463867790004,433.0463867790004,MONITOR,433.19305379100024,0.9999941260002743,0.25204442599988397,0.0001465519999328535,DISABLED,on,user_reported,36.98267364501953,52.23058319091797,1006.78859375,121269.5390625,True,True,True,176,0,0,109,178,101,2026-10-03T15:56:30.258067+07:00,433.0464929260006,0.18583079200016073,OK,,True,2026-10-03T15:56:30.443909+07:00,433.2323319400002,0.03324141800021607,OK,,True,1440,0.18,,2026-10-03T15:56:30.477153+07:00,433.2655775060002,0.03284531000008428,OK,,True,2653,0.331625,
4793290d6ecf45aaad5326541298bf5f,435,2026-10-03T15:56:31.258038+07:00,434.04644140800065,434.04644140800065,MONITOR,434.1931084200005,1.0000546290002603,0.2625800790001449,0.00020118100019317353,DISABLED,on,user_reported,36.982032775878906,52.243106842041016,1006.814921875,121442.125,True,True,True,176,0,0,109,178,101,2026-10-03T15:56:31.258220+07:00,434.04664401800073,0.19177020499955688,OK,,True,2026-10-03T15:56:31.450012+07:00,434.2384309630006,0.0353941039993515,OK,,True,1450,0.18125,,2026-10-03T15:56:31.485411+07:00,434.27383384400036,0.035167586999705236,OK,,True,2671,0.33387500000000003,
4793290d6ecf45aaad5326541298bf5f,436,2026-10-03T15:56:32.259954+07:00,435.04835691600056,435.04835691600056,MONITOR,435.1950239280004,1.001915507999911,0.2547016469998198,0.0021166890001040883,DISABLED,on,user_reported,36.978843688964844,52.24897003173828,1006.7825,121528.6015625,True,True,True,176,0,0,109,178,101,2026-10-03T15:56:32.260127+07:00,435.0485507660005,0.1869707659998312,OK,,True,2026-10-03T15:56:32.447111+07:00,435.2355330320006,0.03443418599999859,OK,,True,1439,0.179875,,2026-10-03T15:56:32.481551+07:00,435.2699732360006,0.03307566100011172,OK,,True,2652,0.3315,
4793290d6ecf45aaad5326541298bf5f,437,2026-10-03T15:56:33.257947+07:00,436.0463620360006,436.0463620360006,MONITOR,436.1930290480004,0.9980051200000162,0.2517683219994069,0.00012180900012026541,DISABLED,on,user_reported,36.969913482666016,52.241371154785156,1006.774765625,121788.7734375,True,True,True,176,0,0,109,178,101,2026-10-03T15:56:33.258036+07:00,436.0464621650008,0.18581638699924952,OK,,True,2026-10-03T15:56:33.443864+07:00,436.2322863490008,0.03298417999940284,OK,,True,1436,0.1795,,2026-10-03T15:56:33.476849+07:00,436.26527471400004,0.03284734800035949,OK,,True,2651,0.33137500000000003,
4793290d6ecf45aaad5326541298bf5f,438,2026-10-03T15:56:34.258721+07:00,437.0471384520006,437.0471384520006,MONITOR,437.19380546400043,1.0007764160000079,0.25389911999991455,0.00089822500012815,DISABLED,on,user_reported,36.95842742919922,52.27127456665039,1006.78359375,121788.7734375,True,True,True,176,0,0,109,178,101,2026-10-03T15:56:34.258790+07:00,437.0472166740001,0.1879228329999023,OK,,True,2026-10-03T15:56:34.446726+07:00,437.2351478770006,0.03300549499999761,OK,,True,1437,0.179625,,2026-10-03T15:56:34.479734+07:00,437.26815783500024,0.03286940300040442,OK,,True,2648,0.331,
4793290d6ecf45aaad5326541298bf5f,439,2026-10-03T15:56:35.257947+07:00,438.04636209,438.04636209,MONITOR,438.19302910199985,0.999223637999421,0.2517975650007429,0.00012186299954919377,DISABLED,on,user_reported,36.964805603027344,52.2722053527832,1006.80765625,121355.7734375,True,True,True,176,0,0,109,178,101,2026-10-03T15:56:35.258033+07:00,438.04645958900073,0.1858223339995675,OK,,True,2026-10-03T15:56:35.443868+07:00,438.23229081200043,0.032973827999740024,OK,,True,1444,0.1805,,2026-10-03T15:56:35.476845+07:00,438.2652689180004,0.032881717999771354,OK,,True,2654,0.33175,
4793290d6ecf45aaad5326541298bf5f,440,2026-10-03T15:56:36.257927+07:00,439.0463439670002,439.0463439670002,MONITOR,439.19301097900006,0.9999818770002094,0.2520479519998844,0.00010373999975854531,DISABLED,on,user_reported,36.95779037475586,52.29012680053711,1006.775703125,122050.0625,True,True,True,176,0,0,109,178,101,2026-10-03T15:56:36.257999+07:00,439.04642509600035,0.18581531600011658,OK,,True,2026-10-03T15:56:36.443826+07:00,439.2322487270003,0.03327728899967042,OK,,True,1442,0.18025,,2026-10-03T15:56:36.477106+07:00,439.2655303490001,0.03285295900059282,OK,,True,2650,0.33125,
4793290d6ecf45aaad5326541298bf5f,441,2026-10-03T15:56:37.257910+07:00,440.046325626,440.046325626,MONITOR,440.19299263799985,0.9999816589997863,0.2608695080007237,8.539899954485008e-05,DISABLED,on,user_reported,36.95459747314453,52.302303314208984,1006.8046875,121615.203125,True,True,True,176,0,0,109,178,101,2026-10-03T15:56:37.257994+07:00,440.04642001400043,0.18968282100013312,OK,,True,2026-10-03T15:56:37.447695+07:00,440.2361153540005,0.03533108600004198,OK,,True,1445,0.180625,,2026-10-03T15:56:37.483035+07:00,440.27145553300033,0.0357206380003845,OK,,True,2647,0.33087500000000003,
4793290d6ecf45aaad5326541298bf5f,442,2026-10-03T15:56:38.257920+07:00,441.04633706799996,441.04633706799996,MONITOR,441.1930040799998,1.000011441999959,0.2517966610002986,9.684099950391101e-05,DISABLED,on,user_reported,36.95779037475586,52.302757263183594,1006.741484375,121269.5390625,True,True,True,176,0,0,109,178,101,2026-10-03T15:56:38.257995+07:00,441.0464212710003,0.1858297440003298,OK,,True,2026-10-03T15:56:38.443836+07:00,441.2322589780006,0.03301449499940645,OK,,True,1442,0.18025,,2026-10-03T15:56:38.476853+07:00,441.26527789900047,0.03284679300031712,OK,,True,2654,0.33175,
4793290d6ecf45aaad5326541298bf5f,443,2026-10-03T15:56:39.257907+07:00,442.04632460800076,442.04632460800076,MONITOR,442.1929916200006,0.9999875400008023,0.2518317169997317,8.438100030616624e-05,DISABLED,on,user_reported,36.943115234375,52.31326675415039,1006.895703125,121788.7734375,True,True,True,176,0,0,109,178,101,2026-10-03T15:56:39.257979+07:00,442.0464047740006,0.18581646699931298,OK,,True,2026-10-03T15:56:39.443807+07:00,442.2322295370004,0.03302992099997937,OK,,True,1451,0.181375,,2026-10-03T15:56:39.476840+07:00,442.2652636800003,0.03288260800036369,OK,,True,2656,0.332,
4793290d6ecf45aaad5326541298bf5f,444,2026-10-03T15:56:40.257917+07:00,443.046332207,443.046332207,MONITOR,443.19299921899983,1.0000075989992183,0.2518377930000497,9.197999952448299e-05,DISABLED,on,user_reported,36.94886016845703,52.333045959472656,1006.843359375,121442.125,True,True,True,176,0,0,109,178,101,2026-10-03T15:56:40.258001+07:00,443.04642759500075,0.18583754199971736,OK,,True,2026-10-03T15:56:40.443852+07:00,443.2322735630005,0.032989237000037974,OK,,True,1437,0.179625,,2026-10-03T15:56:40.476843+07:00,443.2652671700007,0.032892551999793795,OK,,True,2655,0.33187500000000003,
4793290d6ecf45aaad5326541298bf5f,445,2026-10-03T15:56:41.257906+07:00,444.0463230160003,444.0463230160003,MONITOR,444.19299002800017,0.9999908090003373,0.2518206269996881,8.278899986180477e-05,DISABLED,on,user_reported,36.94758224487305,52.351806640625,1006.84125,121097.4453125,True,True,True,176,0,0,109,178,101,2026-10-03T15:56:41.257978+07:00,444.04640457000005,0.18583265400047821,OK,,True,2026-10-03T15:56:41.443824+07:00,444.23224592800034,0.03302518100008456,OK,,True,1445,0.180625,,2026-10-03T15:56:41.476851+07:00,444.2652755530007,0.03285879399936675,OK,,True,2655,0.33187500000000003,
4793290d6ecf45aaad5326541298bf5f,446,2026-10-03T15:56:42.257916+07:00,445.0463309400002,445.0463309400002,MONITOR,445.19299795200004,1.000007923999874,0.2548518800003876,9.071299973584246e-05,DISABLED,on,user_reported,36.95013427734375,52.358489990234375,1006.824921875,121442.125,True,True,True,176,0,0,109,178,101,2026-10-03T15:56:42.257999+07:00,445.046425087,0.18598517200007336,OK,,True,2026-10-03T15:56:42.444015+07:00,445.2324333880006,0.03557301099954202,OK,,True,1439,0.179875,,2026-10-03T15:56:42.479592+07:00,445.26801395500024,0.03315064300022641,OK,,True,2631,0.32887500000000003,
4793290d6ecf45aaad5326541298bf5f,447,2026-10-03T15:56:43.257960+07:00,446.046369183,446.046369183,MONITOR,446.1930361949999,1.0000382429998353,0.25900847499997326,0.00012895599957118975,DISABLED,on,user_reported,36.955875396728516,52.371952056884766,1006.834140625,121269.5390625,True,True,True,176,0,0,109,178,101,2026-10-03T15:56:43.258107+07:00,446.0465319220002,0.18958508700052334,OK,,True,2026-10-03T15:56:43.447710+07:00,446.2361296380004,0.03369660199950886,OK,,True,1444,0.1805,,2026-10-03T15:56:43.481412+07:00,446.26983392500006,0.03552975200000219,OK,,True,2657,0.332125,
4793290d6ecf45aaad5326541298bf5f,448,2026-10-03T15:56:44.257962+07:00,447.0463714870002,447.0463714870002,MONITOR,447.19303849900007,1.0000023040001906,0.25864592400012043,0.00013125999976182356,DISABLED,on,user_reported,36.96034240722656,52.372596740722656,1006.84140625,121097.4453125,True,True,True,176,0,0,109,178,101,2026-10-03T15:56:44.258106+07:00,447.04653043000053,0.19032215500010352,OK,,True,2026-10-03T15:56:44.448449+07:00,447.23686875100066,0.03501303499979258,OK,,True,1445,0.180625,,2026-10-03T15:56:44.483465+07:00,447.2718869340006,0.03311906999988423,OK,,True,2652,0.3315,
4793290d6ecf45aaad5326541298bf5f,449,2026-10-03T15:56:45.257914+07:00,448.0463289620002,448.0463289620002,MONITOR,448.19299597400004,0.9999574749999738,0.25286797500029934,8.873499973560683e-05,DISABLED,on,user_reported,36.95332336425781,52.39053726196289,1006.816328125,121183.4296875,True,True,True,176,0,0,109,178,101,2026-10-03T15:56:45.257997+07:00,448.0464234250003,0.18582358300045598,OK,,True,2026-10-03T15:56:45.443833+07:00,448.23225536000064,0.03399463599998853,OK,,True,1430,0.17875,,2026-10-03T15:56:45.477834+07:00,448.2662561440002,0.03292886700000963,OK,,True,2655,0.33187500000000003,
4793290d6ecf45aaad5326541298bf5f,450,2026-10-03T15:56:46.257912+07:00,449.0463295720001,449.0463295720001,MONITOR,449.19299658399996,1.0000006099999155,0.25209933499991166,8.934499965107534e-05,DISABLED,on,user_reported,36.952049255371094,52.415618896484375,1006.84171875,121269.5390625,True,True,True,176,0,0,109,178,101,2026-10-03T15:56:46.257983+07:00,449.0464093310002,0.18583630600005563,OK,,True,2026-10-03T15:56:46.443833+07:00,449.23225493300015,0.033055421999961254,OK,,True,1435,0.179375,,2026-10-03T15:56:46.476891+07:00,449.26531492899994,0.03310342200074956,OK,,True,2651,0.33137500000000003,
4793290d6ecf45aaad5326541298bf5f,451,2026-10-03T15:56:47.257914+07:00,450.04632970500006,450.04632970500006,MONITOR,450.1929967169999,1.0000001329999577,0.2541290220005976,8.94779996087891e-05,DISABLED,on,user_reported,36.94949722290039,52.40892791748047,1006.844453125,121615.203125,True,True,True,176,0,0,109,178,101,2026-10-03T15:56:47.257995+07:00,450.04642126,0.1870328150007481,OK,,True,2026-10-03T15:56:47.445051+07:00,450.2334714640001,0.034008822000032524,OK,,True,1431,0.178875,,2026-10-03T15:56:47.479069+07:00,450.26748843400037,0.03295371900003374,OK,,True,2636,0.3295,
4793290d6ecf45aaad5326541298bf5f,452,2026-10-03T15:56:48.257919+07:00,451.04633632400055,451.04633632400055,MONITOR,451.1930033360004,1.0000066190004873,0.2536504720001176,9.609700009605149e-05,DISABLED,on,user_reported,36.95013427734375,52.434295654296875,1006.81125,121011.578125,True,True,True,176,0,0,109,178,101,2026-10-03T15:56:48.257989+07:00,451.0464152120003,0.1867213189998438,OK,,True,2026-10-03T15:56:48.444736+07:00,451.23315717900005,0.03392193400031829,OK,,True,1434,0.17925,,2026-10-03T15:56:48.478662+07:00,451.2670846130004,0.032892293999793765,OK,,True,2657,0.332125,
4793290d6ecf45aaad5326541298bf5f,453,2026-10-03T15:56:49.257911+07:00,452.04632872599996,452.04632872599996,MONITOR,452.1929957379998,0.9999924019994069,0.2578404000005321,8.849899950291729e-05,DISABLED,on,user_reported,36.95077133178711,52.447025299072266,1006.826015625,121183.4296875,True,True,True,176,0,0,109,178,101,2026-10-03T15:56:49.257984+07:00,452.04641085500043,0.1858217720000539,OK,,True,2026-10-03T15:56:49.443818+07:00,452.2322403120006,0.036020526999891445,OK,,True,1434,0.17925,,2026-10-03T15:56:49.479853+07:00,452.2682726720004,0.035874102999514434,OK,,True,2656,0.332,
4793290d6ecf45aaad5326541298bf5f,454,2026-10-03T15:56:50.257986+07:00,453.04639061300077,453.04639061300077,MONITOR,453.1930576250006,1.0000618870008111,0.26059034099944256,0.00015038600031402893,DISABLED,on,user_reported,36.95332336425781,52.44739532470703,1006.83,121442.125,True,True,True,176,0,0,109,178,101,2026-10-03T15:56:50.258146+07:00,453.0465710190001,0.19182218500009185,OK,,True,2026-10-03T15:56:50.449993+07:00,453.2384106110003,0.03484711100009008,OK,,True,1430,0.17875,,2026-10-03T15:56:50.484845+07:00,453.27326646300025,0.033697140000185755,OK,,True,2658,0.33225,
4793290d6ecf45aaad5326541298bf5f,455,2026-10-03T15:56:51.257975+07:00,454.04638261700075,454.04638261700075,MONITOR,454.1930496290006,0.9999920039999779,0.26273332399978244,0.0001423900002919254,DISABLED,on,user_reported,36.94949722290039,52.45947265625,1006.7759375,121442.125,True,True,True,176,0,0,109,178,101,2026-10-03T15:56:51.258116+07:00,454.0465405040004,0.192566531999546,OK,,True,2026-10-03T15:56:51.450707+07:00,454.2391249430002,0.035759807000431465,OK,,True,1449,0.181125,,2026-10-03T15:56:51.486480+07:00,454.27489795400015,0.03420693200041569,OK,,True,2639,0.32987500000000003,
4793290d6ecf45aaad5326541298bf5f,456,2026-10-03T15:56:52.257913+07:00,455.046328292,455.046328292,MONITOR,455.19299530399985,0.9999456749992532,0.2550821499999074,8.806499954516767e-05,DISABLED,on,user_reported,36.948219299316406,52.45928955078125,1006.808125,121615.203125,True,True,True,176,0,0,109,178,101,2026-10-03T15:56:52.257995+07:00,455.0464209030006,0.18582032999984222,OK,,True,2026-10-03T15:56:52.443826+07:00,455.2322486590001,0.03470066800036875,OK,,True,1437,0.179625,,2026-10-03T15:56:52.478536+07:00,455.26695686400035,0.0344308000003366,OK,,True,2639,0.32987500000000003,
4793290d6ecf45aaad5326541298bf5f,457,2026-10-03T15:56:53.257917+07:00,456.04633473100057,456.04633473100057,MONITOR,456.1930017430004,1.0000064390005718,0.2533235359996979,9.450400011701277e-05,DISABLED,on,user_reported,36.93737030029297,52.4766845703125,1006.81109375,121615.203125,True,True,True,176,0,0,109,178,101,2026-10-03T15:56:53.257990+07:00,456.04641599000024,0.18694002499978524,OK,,True,2026-10-03T15:56:53.444941+07:00,456.2333631440006,0.03288644399981422,OK,,True,1426,0.17825,,2026-10-03T15:56:53.477833+07:00,456.26625575400067,0.03338967999934539,OK,,True,2654,0.33175,
4793290d6ecf45aaad5326541298bf5f,458,2026-10-03T15:56:54.257913+07:00,457.0463314710005,457.0463314710005,MONITOR,457.19299848300034,0.999996739999915,0.2543155659996046,9.124400003202027e-05,DISABLED,on,user_reported,36.93928909301758,52.489601135253906,1006.77984375,121269.5390625,True,True,True,176,0,0,109,178,101,2026-10-03T15:56:54.257983+07:00,457.0464095260004,0.18588886799989268,OK,,True,2026-10-03T15:56:54.443882+07:00,457.23230454200075,0.0332724589998179,OK,,True,1449,0.181125,,2026-10-03T15:56:54.477162+07:00,457.2655837230004,0.035050833000241255,OK,,True,2650,0.33125,
4793290d6ecf45aaad5326541298bf5f,459,2026-10-03T15:56:55.257915+07:00,458.04633258600006,458.04633258600006,MONITOR,458.1929995979999,1.0000011149995771,0.2549225060001845,9.23589996091323e-05,DISABLED,on,user_reported,36.941200256347656,52.4898796081543,1006.783125,120584.078125,True,True,True,176,0,0,109,178,101,2026-10-03T15:56:55.257989+07:00,458.0464152150007,0.18782901899976423,OK,,True,2026-10-03T15:56:55.445828+07:00,458.23425079000026,0.03365415900043445,OK,,True,1446,0.18075,,2026-10-03T15:56:55.479488+07:00,458.2679104859999,0.033332606000840315,OK,,True,2653,0.331625,
4793290d6ecf45aaad5326541298bf5f,460,2026-10-03T15:56:56.257916+07:00,459.046332076,459.046332076,MONITOR,459.19299908799985,0.9999994899999365,0.2562101260000418,9.184899954561843e-05,DISABLED,on,user_reported,36.934181213378906,52.52046585083008,1006.7853125,121355.7734375,True,True,True,176,0,0,109,178,101,2026-10-03T15:56:56.257999+07:00,459.04642572300054,0.18641155099976459,OK,,True,2026-10-03T15:56:56.444426+07:00,459.232847366,0.03373886300050799,OK,,True,1440,0.18,,2026-10-03T15:56:56.478173+07:00,459.26659371000005,0.03592071500042948,OK,,True,2653,0.331625,
4793290d6ecf45aaad5326541298bf5f,461,2026-10-03T15:56:57.257990+07:00,460.0463958290002,460.0463958290002,MONITOR,460.193062841,1.0000637530001768,0.27084409600047366,0.00015560199972242117,DISABLED,on,user_reported,36.93227005004883,52.52019500732422,1006.912265625,121962.8359375,True,True,True,176,0,0,109,178,101,2026-10-03T15:56:57.258153+07:00,460.0465776050005,0.1917911179998555,OK,,True,2026-10-03T15:56:57.449963+07:00,460.2383825000006,0.044509622999612475,OK,,True,1445,0.180625,,2026-10-03T15:56:57.494481+07:00,460.2829011600006,0.03431487699981517,OK,,True,2643,0.33037500000000003,
4793290d6ecf45aaad5326541298bf5f,462,2026-10-03T15:56:58.257920+07:00,461.046337625,461.046337625,MONITOR,461.19300463699983,0.9999417959998027,0.2521138300007806,9.73979995251284e-05,DISABLED,on,user_reported,36.93992614746094,52.533939361572266,1006.82875,121442.125,True,True,True,176,0,0,109,178,101,2026-10-03T15:56:58.257991+07:00,461.046416958,0.18580215000019962,OK,,True,2026-10-03T15:56:58.443803+07:00,461.2322266629999,0.03334386600090511,OK,,True,1436,0.1795,,2026-10-03T15:56:58.477153+07:00,461.2655763440007,0.03286051899976883,OK,,True,2638,0.32975,
4793290d6ecf45aaad5326541298bf5f,463,2026-10-03T15:56:59.257919+07:00,462.0463367580005,462.0463367580005,MONITOR,462.19300377000036,0.9999991330005287,0.25494393699955253,9.653100005380111e-05,DISABLED,on,user_reported,36.93673324584961,52.52714920043945,1006.864765625,121875.7421875,True,True,True,176,0,0,109,178,101,2026-10-03T15:56:59.257990+07:00,462.0464164240002,0.1857893550004519,OK,,True,2026-10-03T15:56:59.443789+07:00,462.23221320500033,0.03517272099998081,OK,,True,1440,0.18,,2026-10-03T15:56:59.478968+07:00,462.2673908890001,0.03387689900046098,OK,,True,2644,0.3305,
4793290d6ecf45aaad5326541298bf5f,464,2026-10-03T15:57:00.257914+07:00,463.0463320260005,463.0463320260005,MONITOR,463.1929990380004,0.9999952680000206,0.2514595599996028,9.179900007438846e-05,DISABLED,on,user_reported,36.930992126464844,52.538970947265625,1006.869140625,121355.7734375,True,True,True,176,0,0,109,178,101,2026-10-03T15:57:00.257986+07:00,463.0464120810002,0.1858161520003705,OK,,True,2026-10-03T15:57:00.443814+07:00,463.2322357330004,0.03296977700028947,OK,,True,1443,0.180375,,2026-10-03T15:57:00.476783+07:00,463.265209102,0.032570669000051566,OK,,True,2652,0.3315,
4793290d6ecf45aaad5326541298bf5f,465,2026-10-03T15:57:01.257907+07:00,464.0463249840004,464.0463249840004,MONITOR,464.1929919960003,0.9999929579998934,0.2524980520001918,8.47569999677944e-05,DISABLED,on,user_reported,36.934181213378906,52.545753479003906,1006.81265625,120840.21875,True,True,True,176,0,0,109,178,101,2026-10-03T15:57:01.257976+07:00,464.046402168,0.18580548600039037,OK,,True,2026-10-03T15:57:01.443791+07:00,464.23221519100025,0.03295540700037236,OK,,True,1445,0.180625,,2026-10-03T15:57:01.476748+07:00,464.2651741720001,0.03363536400047451,OK,,True,2648,0.331,
4793290d6ecf45aaad5326541298bf5f,466,2026-10-03T15:57:02.257918+07:00,465.0463341120003,465.0463341120003,MONITOR,465.19300112400015,1.0000091279998742,0.2520925199996782,9.388499984197551e-05,DISABLED,on,user_reported,36.927162170410156,52.544734954833984,1006.801328125,121011.578125,True,True,True,176,0,0,109,178,101,2026-10-03T15:57:02.258000+07:00,465.0464264080001,0.18582187500032887,OK,,True,2026-10-03T15:57:02.443834+07:00,465.23225650600034,0.03325323700028093,OK,,True,1440,0.18,,2026-10-03T15:57:02.477091+07:00,465.26551418800045,0.03289377799956128,OK,,True,2649,0.331125,
4793290d6ecf45aaad5326541298bf5f,467,2026-10-03T15:57:03.257920+07:00,466.04633704200023,466.04633704200023,MONITOR,466.1930040540001,1.000002929999937,0.25194344800002,9.681499977887142e-05,DISABLED,on,user_reported,36.928443908691406,52.55756759643555,1006.7965625,121355.7734375,True,True,True,176,0,0,109,178,101,2026-10-03T15:57:03.257992+07:00,466.0464179110004,0.18581252500007395,OK,,True,2026-10-03T15:57:03.443815+07:00,466.2322381210006,0.033089405999817245,OK,,True,1444,0.1805,,2026-10-03T15:57:03.476904+07:00,466.2653305270005,0.032937185000264435,OK,,True,2650,0.33125,
4793290d6ecf45aaad5326541298bf5f,468,2026-10-03T15:57:04.257916+07:00,467.04633366100006,467.04633366100006,MONITOR,467.1930006729999,0.9999966189998304,0.25172250700052246,9.343399960926035e-05,DISABLED,on,user_reported,36.92525100708008,52.56975555419922,1006.832578125,121615.203125,True,True,True,176,0,0,109,178,101,2026-10-03T15:57:04.257987+07:00,467.0464135310003,0.18581019199973525,OK,,True,2026-10-03T15:57:04.443808+07:00,467.2322312230008,0.03294244399967283,OK,,True,1443,0.180375,,2026-10-03T15:57:04.476751+07:00,467.2651766300005,0.03285537099964131,OK,,True,2652,0.3315,
4793290d6ecf45aaad5326541298bf5f,469,2026-10-03T15:57:05.257911+07:00,468.0463288589999,468.0463288589999,MONITOR,468.19299587099977,0.9999951979998514,0.25174430400056735,8.863199946063105e-05,DISABLED,on,user_reported,36.923973083496094,52.575889587402344,1006.82359375,120669.3359375,True,True,True,176,0,0,109,178,101,2026-10-03T15:57:05.257987+07:00,468.0464128580006,0.1858168230000956,OK,,True,2026-10-03T15:57:05.443815+07:00,468.23223790300017,0.03296707400022569,OK,,True,1445,0.180625,,2026-10-03T15:57:05.476782+07:00,468.2652077550001,0.032855907999874034,OK,,True,2657,0.332125,
4793290d6ecf45aaad5326541298bf5f,470,2026-10-03T15:57:06.257912+07:00,469.0463296730004,469.0463296730004,MONITOR,469.19299668500025,1.0000008140004866,0.2516981389999273,8.944599994720193e-05,DISABLED,on,user_reported,36.92780303955078,52.56379318237305,1006.802421875,120754.71875,True,True,True,176,0,0,109,178,101,2026-10-03T15:57:06.257983+07:00,469.04640932000075,0.18580921299962938,OK,,True,2026-10-03T15:57:06.443803+07:00,469.23222584700034,0.032948129999567755,OK,,True,1440,0.18,,2026-10-03T15:57:06.476751+07:00,469.26517693999995,0.03284163100033766,OK,,True,2659,0.33237500000000003,
4793290d6ecf45aaad5326541298bf5f,471,2026-10-03T15:57:07.257918+07:00,470.0463327130001,470.0463327130001,MONITOR,470.19299972499994,1.000003039999683,0.2517887320000227,9.248599963029847e-05,DISABLED,on,user_reported,36.91950988769531,52.56260299682617,1006.795859375,121183.4296875,True,True,True,176,0,0,109,178,101,2026-10-03T15:57:07.257999+07:00,470.046425601,0.18582201000026544,OK,,True,2026-10-03T15:57:07.443833+07:00,470.2322556100007,0.03298612999969919,OK,,True,1446,0.18075,,2026-10-03T15:57:07.476820+07:00,470.2652446660004,0.03286616799960029,OK,,True,2647,0.33087500000000003,
4793290d6ecf45aaad5326541298bf5f,472,2026-10-03T15:57:08.257907+07:00,471.0463240170002,471.0463240170002,MONITOR,471.19299102900004,0.9999913040001047,0.25176986299993587,8.378999973501777e-05,DISABLED,on,user_reported,36.91376495361328,52.57440948486328,1006.786484375,120840.21875,True,True,True,176,0,0,109,178,101,2026-10-03T15:57:08.257979+07:00,471.04640522000045,0.18580738099990413,OK,,True,2026-10-03T15:57:08.443796+07:00,471.23221934200046,0.03296366700033104,OK,,True,1451,0.181375,,2026-10-03T15:57:08.476761+07:00,471.26518626800043,0.032898296999519516,OK,,True,2652,0.3315,
4793290d6ecf45aaad5326541298bf5f,473,2026-10-03T15:57:09.257908+07:00,472.0463251030005,472.0463251030005,MONITOR,472.1929921150004,1.0000010860003385,0.2519833629994537,8.487600007356377e-05,DISABLED,on,user_reported,36.908660888671875,52.57999801635742,1006.812421875,121528.6015625,True,True,True,176,0,0,109,178,101,2026-10-03T15:57:09.257978+07:00,472.04640482500054,0.1858071229999041,OK,,True,2026-10-03T15:57:09.443795+07:00,472.23221872500017,0.03319353599999886,OK,,True,1440,0.18,,2026-10-03T15:57:09.476990+07:00,472.2654157420002,0.03288240900019446,OK,,True,2650,0.33125,
4793290d6ecf45aaad5326541298bf5f,474,2026-10-03T15:57:10.257906+07:00,473.04632295400006,473.04632295400006,MONITOR,473.1929899659999,0.9999978509995344,0.25178730900006485,8.272699960798491e-05,DISABLED,on,user_reported,36.90547180175781,52.56688690185547,1006.779765625,121962.8359375,True,True,True,176,0,0,109,178,101,2026-10-03T15:57:10.257977+07:00,473.0464033420003,0.18580880900026386,OK,,True,2026-10-03T15:57:10.443796+07:00,473.2322191500007,0.03302505600004224,OK,,True,1437,0.179625,,2026-10-03T15:57:10.476822+07:00,473.2652474840006,0.03285413100002188,OK,,True,2652,0.3315,
4793290d6ecf45aaad5326541298bf5f,475,2026-10-03T15:57:11.257912+07:00,474.04632882700025,474.04632882700025,MONITOR,474.1929958390001,1.000005873000191,0.25169429299967305,8.859999979904387e-05,DISABLED,on,user_reported,36.90674591064453,52.59235763549805,1006.795703125,121442.125,True,True,True,176,0,0,109,178,101,2026-10-03T15:57:11.257980+07:00,474.04640660400037,0.18580686499990406,OK,,True,2026-10-03T15:57:11.443798+07:00,474.23222117300065,0.032949538000139,OK,,True,1432,0.179,,2026-10-03T15:57:11.476748+07:00,474.26517426600003,0.03283937300057005,OK,,True,2652,0.3315,
4793290d6ecf45aaad5326541298bf5f,476,2026-10-03T15:57:12.257911+07:00,475.046326742,475.046326742,MONITOR,475.1929937539999,0.9999979149997671,0.25181271900055435,8.651499956613407e-05,DISABLED,on,user_reported,36.9118537902832,52.5867805480957,1006.756015625,121183.4296875,True,True,True,176,0,0,109,178,101,2026-10-03T15:57:12.257992+07:00,475.04641813000035,0.1858153470002435,OK,,True,2026-10-03T15:57:12.443819+07:00,475.2322413290003,0.0330074630001036,OK,,True,1437,0.179625,,2026-10-03T15:57:12.476827+07:00,475.26525221800057,0.03287768700010929,OK,,True,2651,0.33137500000000003,
4793290d6ecf45aaad5326541298bf5f,477,2026-10-03T15:57:13.257963+07:00,476.04637008700047,476.04637008700047,MONITOR,476.1930370990003,1.0000433450004493,0.2624312600000849,0.00012986000001546927,DISABLED,on,user_reported,36.908023834228516,52.58622360229492,1006.80453125,120925.8359375,True,True,True,176,0,0,109,178,101,2026-10-03T15:57:13.258109+07:00,476.046533363,0.19157768900004157,OK,,True,2026-10-03T15:57:13.449709+07:00,476.2381283479999,0.03538781400038715,OK,,True,1443,0.180375,,2026-10-03T15:57:13.485101+07:00,476.273524532,0.03525509300015983,OK,,True,2672,0.334,
4793290d6ecf45aaad5326541298bf5f,478,2026-10-03T15:57:14.257979+07:00,477.04638769600024,477.04638769600024,MONITOR,477.1930547080001,1.0000176089997694,0.26263679699968634,0.00014746899978490546,DISABLED,on,user_reported,36.91312789916992,52.599609375,1006.785546875,120925.8359375,True,True,True,176,0,0,109,178,101,2026-10-03T15:57:14.258122+07:00,477.046546435,0.1917602990006344,OK,,True,2026-10-03T15:57:14.449901+07:00,477.2383214370002,0.035395054999753484,OK,,True,1442,0.18025,,2026-10-03T15:57:14.485302+07:00,477.27372501100035,0.035278352000204904,OK,,True,2669,0.333625,
4793290d6ecf45aaad5326541298bf5f,479,2026-10-03T15:57:15.257924+07:00,478.04634193900074,478.04634193900074,MONITOR,478.1930089510006,0.9999542430005022,0.25173877799988986,0.00010171200028707972,DISABLED,on,user_reported,36.907386779785156,52.6051025390625,1006.90625,120584.078125,True,True,True,176,0,0,109,178,101,2026-10-03T15:57:15.257994+07:00,478.0464200310007,0.1858027199996286,OK,,True,2026-10-03T15:57:15.443807+07:00,478.2322300290007,0.03297727900007885,OK,,True,1450,0.18125,,2026-10-03T15:57:15.476786+07:00,478.2652107520007,0.03286092899998039,OK,,True,2654,0.33175,
4793290d6ecf45aaad5326541298bf5f,480,2026-10-03T15:57:16.257921+07:00,479.0463389639999,479.0463389639999,MONITOR,479.19300597599977,0.9999970249991748,0.2520417030000317,9.873699946183478e-05,DISABLED,on,user_reported,36.90355682373047,52.610877990722656,1006.879609375,121615.203125,True,True,True,176,0,0,109,178,101,2026-10-03T15:57:16.257988+07:00,479.0464142230003,0.18583931299963297,OK,,True,2026-10-03T15:57:16.443841+07:00,479.23226340600013,0.03323575900049036,OK,,True,1437,0.179625,,2026-10-03T15:57:16.477078+07:00,479.2655026090006,0.03286700299941003,OK,,True,2659,0.33237500000000003,
4793290d6ecf45aaad5326541298bf5f,481,2026-10-03T15:57:17.257917+07:00,480.0463328830001,480.0463328830001,MONITOR,480.19299989499996,0.9999939190001896,0.251791798999875,9.265599965146976e-05,DISABLED,on,user_reported,36.90547180175781,52.61115264892578,1006.85515625,121097.4453125,True,True,True,176,0,0,109,178,101,2026-10-03T15:57:17.258001+07:00,480.04642725300073,0.18582125800003269,OK,,True,2026-10-03T15:57:17.443834+07:00,480.23225651100074,0.03298376099974121,OK,,True,1437,0.179625,,2026-10-03T15:57:17.476819+07:00,480.2652441240007,0.0328704839994316,OK,,True,2652,0.3315,
4793290d6ecf45aaad5326541298bf5f,482,2026-10-03T15:57:18.257913+07:00,481.0463311760004,481.0463311760004,MONITOR,481.1929981880003,0.9999982930003171,0.25168130099973496,9.094899996853201e-05,DISABLED,on,user_reported,36.90547180175781,52.61115264892578,1006.83453125,121269.5390625,True,True,True,176,0,0,109,178,101,2026-10-03T15:57:18.257981+07:00,481.04640723100056,0.18580796399965038,OK,,True,2026-10-03T15:57:18.443799+07:00,481.23222260200055,0.032954354000139574,OK,,True,1432,0.179,,2026-10-03T15:57:18.476754+07:00,481.26517982600035,0.03282318800029316,OK,,True,2658,0.33225,
4793290d6ecf45aaad5326541298bf5f,483,2026-10-03T15:57:19.257918+07:00,482.04633321500023,482.04633321500023,MONITOR,482.1930002270001,1.0000020389998099,0.251772949000042,9.298799977841554e-05,DISABLED,on,user_reported,36.91249084472656,52.618492126464844,1006.846015625,120754.71875,True,True,True,176,0,0,109,178,101,2026-10-03T15:57:19.258000+07:00,482.04642684400005,0.185815982999884,OK,,True,2026-10-03T15:57:19.443827+07:00,482.2322509559999,0.03298222400007944,OK,,True,1445,0.180625,,2026-10-03T15:57:19.476811+07:00,482.2652363840007,0.03285990999938804,OK,,True,2654,0.33175,
4793290d6ecf45aaad5326541298bf5f,484,2026-10-03T15:57:20.257987+07:00,483.0463947020007,483.0463947020007,MONITOR,483.1930617140006,1.0000614870004938,0.2626175819996206,0.00015447500027221395,DISABLED,on,user_reported,36.9093017578125,52.61802673339844,1006.833984375,120754.71875,True,True,True,176,0,0,109,178,101,2026-10-03T15:57:20.258123+07:00,483.0465477930002,0.1917759340003613,OK,,True,2026-10-03T15:57:20.449921+07:00,483.2383401340003,0.03537492699979339,OK,,True,1457,0.182125,,2026-10-03T15:57:20.485301+07:00,483.2737238010004,0.03526787200007675,OK,,True,2661,0.332625,
4793290d6ecf45aaad5326541298bf5f,485,2026-10-03T15:57:21.257979+07:00,484.04638739800066,484.04638739800066,MONITOR,484.1930544100005,0.9999926959999357,0.2625731939997422,0.00014717100020789076,DISABLED,on,user_reported,36.91057586669922,52.618221282958984,1006.863515625,121269.5390625,True,True,True,176,0,0,109,178,101,2026-10-03T15:57:21.258121+07:00,484.0465447300003,0.19176278600025398,OK,,True,2026-10-03T15:57:21.449905+07:00,484.238323349,0.035394075000112935,OK,,True,1439,0.179875,,2026-10-03T15:57:21.485303+07:00,484.2737259980004,0.035214001999520406,OK,,True,2666,0.33325,
4793290d6ecf45aaad5326541298bf5f,486,2026-10-03T15:57:22.257995+07:00,485.0464008750005,485.0464008750005,MONITOR,485.1930678870003,1.0000134769998112,0.2633130229996823,0.00016064800001913682,DISABLED,on,user_reported,36.91249084472656,52.618492126464844,1006.804921875,121097.4453125,True,True,True,176,0,0,109,178,101,2026-10-03T15:57:22.258148+07:00,485.04657287400005,0.19178173199998128,OK,,True,2026-10-03T15:57:22.449952+07:00,485.2383706240007,0.03606738399957976,OK,,True,1465,0.183125,,2026-10-03T15:57:22.486025+07:00,485.2744468230003,0.03524750199994742,OK,,True,2661,0.332625,
4793290d6ecf45aaad5326541298bf5f,487,2026-10-03T15:57:23.257924+07:00,486.0463410250004,486.0463410250004,MONITOR,486.19300803700025,0.9999401499999294,0.2516635660003885,0.0001007979999485542,DISABLED,on,user_reported,36.90547180175781,52.63644790649414,1006.807265625,121788.7734375,True,True,True,176,0,0,109,178,101,2026-10-03T15:57:23.257990+07:00,486.046416358,0.1858022450005592,OK,,True,2026-10-03T15:57:23.443802+07:00,486.2322255660001,0.03294713200011756,OK,,True,1443,0.180375,,2026-10-03T15:57:23.476750+07:00,486.2651760130002,0.03282024400050432,OK,,True,2656,0.332,
4793290d6ecf45aaad5326541298bf5f,488,2026-10-03T15:57:24.257931+07:00,487.046348586,487.046348586,MONITOR,487.1930155979999,1.0000075609996202,0.25170638100007636,0.00010835899956873618,DISABLED,on,user_reported,36.90291976928711,52.610774993896484,1006.83046875,121442.125,True,True,True,176,0,0,109,178,101,2026-10-03T15:57:24.258001+07:00,487.04642690000037,0.18580319000011514,OK,,True,2026-10-03T15:57:24.443814+07:00,487.23223762700036,0.03296172499995009,OK,,True,1442,0.18025,,2026-10-03T15:57:24.476776+07:00,487.265202519,0.032826743999976316,OK,,True,2655,0.33187500000000003,
4793290d6ecf45aaad5326541298bf5f,489,2026-10-03T15:57:25.257911+07:00,488.0463287800003,488.0463287800003,MONITOR,488.19299579200015,0.9999801940002726,0.25167193899960694,8.855299984134035e-05,DISABLED,on,user_reported,36.90164566040039,52.629573822021484,1006.77375,121183.4296875,True,True,True,176,0,0,109,178,101,2026-10-03T15:57:25.257978+07:00,488.04640426100013,0.18580289500005165,OK,,True,2026-10-03T15:57:25.443792+07:00,488.2322149340007,0.03295779899963236,OK,,True,1438,0.17975,,2026-10-03T15:57:25.476750+07:00,488.2651756410005,0.032816429999911634,OK,,True,2654,0.33175,
4793290d6ecf45aaad5326541298bf5f,490,2026-10-03T15:57:26.257915+07:00,489.0463324050006,489.0463324050006,MONITOR,489.19299941700046,1.0000036250003177,0.25165603299956274,9.217800015903777e-05,DISABLED,on,user_reported,36.8978157043457,52.6290168762207,1006.788125,121011.578125,True,True,True,176,0,0,109,178,101,2026-10-03T15:57:26.257981+07:00,489.0464075160007,0.18580400699920574,OK,,True,2026-10-03T15:57:26.443795+07:00,489.2322186340007,0.032942891999482526,OK,,True,1438,0.17975,,2026-10-03T15:57:26.476739+07:00,489.26516463700045,0.03281539299950964,OK,,True,2658,0.33225,
4793290d6ecf45aaad5326541298bf5f,491,2026-10-03T15:57:27.257917+07:00,490.0463319420005,490.0463319420005,MONITOR,490.19299895400036,0.9999995369998942,0.25178530999983195,9.171500005322741e-05,DISABLED,on,user_reported,36.89080047607422,52.640647888183594,1006.76984375,121269.5390625,True,True,True,176,0,0,109,178,101,2026-10-03T15:57:27.257999+07:00,490.0464251270005,0.18582347000028676,OK,,True,2026-10-03T15:57:27.443834+07:00,490.232256153,0.03302211300069757,OK,,True,1444,0.1805,,2026-10-03T15:57:27.476857+07:00,490.2652820070007,0.03282659699925716,OK,,True,2655,0.33187500000000003,
4793290d6ecf45aaad5326541298bf5f,492,2026-10-03T15:57:28.257906+07:00,491.0463230390005,491.0463230390005,MONITOR,491.1929900510004,0.9999910970000201,0.25168771900007414,8.28120000733179e-05,DISABLED,on,user_reported,36.89143753051758,52.64707565307617,1006.777734375,120584.078125,True,True,True,176,0,0,109,178,101,2026-10-03T15:57:28.257978+07:00,491.0464044270002,0.18580639799984056,OK,,True,2026-10-03T15:57:28.443796+07:00,491.23221863900017,0.03296494799997163,OK,,True,1441,0.180125,,2026-10-03T15:57:28.476761+07:00,491.2651866060005,0.03281589299967891,OK,,True,2655,0.33187500000000003,
4793290d6ecf45aaad5326541298bf5f,493,2026-10-03T15:57:29.257921+07:00,492.04633815800025,492.04633815800025,MONITOR,492.1930051700001,1.0000151189997268,0.2519716260003406,9.79309998001554e-05,DISABLED,on,user_reported,36.890159606933594,52.646881103515625,1006.748359375,121355.7734375,True,True,True,176,0,0,109,178,101,2026-10-03T15:57:29.257995+07:00,492.0464211210001,0.18580865700005234,OK,,True,2026-10-03T15:57:29.443814+07:00,492.23223720400074,0.033198278999407194,OK,,True,1440,0.18,,2026-10-03T15:57:29.477014+07:00,492.26543876100004,0.03286111500074185,OK,,True,2656,0.332,
4793290d6ecf45aaad5326541298bf5f,494,2026-10-03T15:57:30.257915+07:00,493.0463303010001,493.0463303010001,MONITOR,493.192997313,0.9999921429998722,0.2517422020000595,9.007399967231322e-05,DISABLED,on,user_reported,36.88441848754883,52.65870666503906,1006.821171875,121269.5390625,True,True,True,176,0,0,109,178,101,2026-10-03T15:57:30.257999+07:00,493.0464251700005,0.1858189360000324,OK,,True,2026-10-03T15:57:30.443830+07:00,493.23225236600047,0.03297866999946564,OK,,True,1443,0.180375,,2026-10-03T15:57:30.476808+07:00,493.2652340170007,0.03282909799963818,OK,,True,2652,0.3315,
4793290d6ecf45aaad5326541298bf5f,495,2026-10-03T15:57:31.257908+07:00,494.04632528100046,494.04632528100046,MONITOR,494.1929922930003,0.9999949800003378,0.2516620010001134,8.505400001013186e-05,DISABLED,on,user_reported,36.883140563964844,52.65852355957031,1006.7984375,120840.21875,True,True,True,176,0,0,109,178,101,2026-10-03T15:57:31.257981+07:00,494.0464073910007,0.18580417799967108,OK,,True,2026-10-03T15:57:31.443796+07:00,494.23221860600006,0.032947097000032954,OK,,True,1439,0.179875,,2026-10-03T15:57:31.476743+07:00,494.2651687030002,0.03281022700048197,OK,,True,2653,0.331625,
4793290d6ecf45aaad5326541298bf5f,496,2026-10-03T15:57:32.257941+07:00,495.0463555240003,495.0463555240003,MONITOR,495.19302253600017,1.0000302429998555,0.25178318600046623,0.00011529699986567721,DISABLED,on,user_reported,36.874210357666016,52.66354751586914,1006.74296875,121269.5390625,True,True,True,176,0,0,109,178,101,2026-10-03T15:57:32.258023+07:00,495.0464493940008,0.18583208599920908,OK,,True,2026-10-03T15:57:32.443869+07:00,495.23229040500064,0.0329611709994424,OK,,True,1441,0.180125,,2026-10-03T15:57:32.476831+07:00,495.26525524299996,0.03287365200048953,OK,,True,2657,0.332125,
4793290d6ecf45aaad5326541298bf5f,497,2026-10-03T15:57:33.257908+07:00,496.04632562500046,496.04632562500046,MONITOR,496.1929926370003,0.9999701010001445,0.2517545760001667,8.539800001017284e-05,DISABLED,on,user_reported,36.874210357666016,52.682525634765625,1006.763515625,121269.5390625,True,True,True,176,0,0,109,178,101,2026-10-03T15:57:33.257981+07:00,496.04640782800016,0.18581525300032808,OK,,True,2026-10-03T15:57:33.443808+07:00,496.2322307840004,0.03297319000012067,OK,,True,1435,0.179375,,2026-10-03T15:57:33.476781+07:00,496.2652071960001,0.032864671000425005,OK,,True,2654,0.33175,
4793290d6ecf45aaad5326541298bf5f,498,2026-10-03T15:57:34.257908+07:00,497.04632491400025,497.04632491400025,MONITOR,497.1929919260001,0.9999992889997884,0.25176568799997767,8.468699979857774e-05,DISABLED,on,user_reported,36.879310607910156,52.683258056640625,1006.853828125,121355.7734375,True,True,True,176,0,0,109,178,101,2026-10-03T15:57:34.257980+07:00,497.04640635800024,0.1858015500001784,OK,,True,2026-10-03T15:57:34.443791+07:00,497.23221466700033,0.032992245000059484,OK,,True,1445,0.180625,,2026-10-03T15:57:34.476784+07:00,497.26521024500016,0.032871856999918236,OK,,True,2654,0.33175,
4793290d6ecf45aaad5326541298bf5f,499,2026-10-03T15:57:35.257908+07:00,498.04632365199996,498.04632365199996,MONITOR,498.1929906639998,0.9999987379997037,0.25200626100013324,8.342499950231286e-05,DISABLED,on,user_reported,36.87995147705078,52.683353424072266,1006.854765625,120925.8359375,True,True,True,176,0,0,109,178,101,2026-10-03T15:57:35.257993+07:00,498.0464191330002,0.18581816200003232,OK,,True,2026-10-03T15:57:35.443823+07:00,498.23224553599994,0.033224594000785146,OK,,True,1451,0.181375,,2026-10-03T15:57:35.477049+07:00,498.26547383400066,0.03284574600002088,OK,,True,2652,0.3315,
4793290d6ecf45aaad5326541298bf5f,500,2026-10-03T15:57:36.257905+07:00,499.0463228389999,499.0463228389999,MONITOR,499.19298985099977,0.9999991869999576,0.25166708000051585,8.261199945991393e-05,DISABLED,on,user_reported,36.88888168334961,52.70362854003906,1006.814609375,121269.5390625,True,True,True,176,0,0,109,178,101,2026-10-03T15:57:36.257982+07:00,499.0464080420006,0.1857984039997973,OK,,True,2026-10-03T15:57:36.443789+07:00,499.2322128900005,0.032946245999482926,OK,,True,1440,0.18,,2026-10-03T15:57:36.476736+07:00,499.2651621170007,0.03281993199925637,OK,,True,2657,0.332125,
4793290d6ecf45aaad5326541298bf5f,501,2026-10-03T15:57:37.257906+07:00,500.0463241410007,500.0463241410007,MONITOR,500.19299115300055,1.0000013020007827,0.25174596899978496,8.39140002426575e-05,DISABLED,on,user_reported,36.88951873779297,52.67209243774414,1006.843046875,120754.71875,True,True,True,176,0,0,109,178,101,2026-10-03T15:57:37.257980+07:00,500.0464066220002,0.18580651600041165,OK,,True,2026-10-03T15:57:37.443798+07:00,500.2322204709999,0.032991523000418965,OK,,True,1446,0.18075,,2026-10-03T15:57:37.476791+07:00,500.2652157900002,0.032844617000591825,OK,,True,2654,0.33175,
4793290d6ecf45aaad5326541298bf5f,502,2026-10-03T15:57:38.257965+07:00,501.04637294700024,501.04637294700024,MONITOR,501.1930399590001,1.0000488059995405,0.26267741700030456,0.00013271999978314852,DISABLED,on,user_reported,36.88441848754883,52.69033432006836,1006.841640625,121097.4453125,True,True,True,176,0,0,109,178,101,2026-10-03T15:57:38.258118+07:00,501.04654231600034,0.19174430099974415,OK,,True,2026-10-03T15:57:38.449881+07:00,501.23830176499996,0.03544322500056296,OK,,True,1449,0.181125,,2026-10-03T15:57:38.485330+07:00,501.27375312000004,0.03527742999995098,OK,,True,2663,0.33287500000000003,
4793290d6ecf45aaad5326541298bf5f,503,2026-10-03T15:57:39.257976+07:00,502.0463855910002,502.0463855910002,MONITOR,502.19305260300007,1.0000126439999804,0.2626704920003249,0.00014536399976350367,DISABLED,on,user_reported,36.879310607910156,52.70223617553711,1006.84703125,121701.921875,True,True,True,176,0,0,109,178,101,2026-10-03T15:57:39.258125+07:00,502.04654983100045,0.1917413379997015,OK,,True,2026-10-03T15:57:39.449884+07:00,502.2383043360005,0.03545896600007836,OK,,True,1458,0.18225,,2026-10-03T15:57:39.485348+07:00,502.27377170900036,0.03526480100026674,OK,,True,2662,0.33275,
4793290d6ecf45aaad5326541298bf5f,504,2026-10-03T15:57:40.257922+07:00,503.04633961000036,503.04633961000036,MONITOR,503.1930066220002,0.9999540190001426,0.2517461950001234,9.938299990608357e-05,DISABLED,on,user_reported,36.87676239013672,52.695552825927734,1006.822421875,120754.71875,True,True,True,176,0,0,109,178,101,2026-10-03T15:57:40.257996+07:00,503.04642235100073,0.1858094439994602,OK,,True,2026-10-03T15:57:40.443815+07:00,503.2322377950004,0.032985818999804906,OK,,True,1445,0.180625,,2026-10-03T15:57:40.476801+07:00,503.2652267809999,0.0328508390002753,OK,,True,2653,0.331625,
4793290d6ecf45aaad5326541298bf5f,505,2026-10-03T15:57:41.257916+07:00,504.0463329480008,504.0463329480008,MONITOR,504.19299996000063,0.9999933380004222,0.25197610199938936,9.272100032831077e-05,DISABLED,on,user_reported,36.88378143310547,52.69655990600586,1006.78578125,120925.8359375,True,True,True,176,0,0,109,178,101,2026-10-03T15:57:41.257993+07:00,504.04641922500014,0.18580874200051767,OK,,True,2026-10-03T15:57:41.443811+07:00,504.23223489200063,0.0332258369999181,OK,,True,1445,0.180625,,2026-10-03T15:57:41.477039+07:00,504.26546430300004,0.03283572800046386,OK,,True,2655,0.33187500000000003,
4793290d6ecf45aaad5326541298bf5f,506,2026-10-03T15:57:42.257907+07:00,505.0463244570001,505.0463244570001,MONITOR,505.19299146899994,0.999991508999301,0.2517541600000186,8.422999962931499e-05,DISABLED,on,user_reported,36.883140563964844,52.70913314819336,1006.7984375,121528.6015625,True,True,True,176,0,0,109,178,101,2026-10-03T15:57:42.257984+07:00,505.046410123,0.18580664999990404,OK,,True,2026-10-03T15:57:42.443799+07:00,505.2322224210002,0.03297855999971944,OK,,True,1454,0.18175,,2026-10-03T15:57:42.476779+07:00,505.2652045920004,0.032865303000107815,OK,,True,2650,0.33125,
4793290d6ecf45aaad5326541298bf5f,507,2026-10-03T15:57:43.257923+07:00,506.04633984000066,506.04633984000066,MONITOR,506.1930068520005,1.000015383000573,0.2516629029996693,9.961300020222552e-05,DISABLED,on,user_reported,36.87803649902344,52.69572067260742,1006.7696875,120669.3359375,True,True,True,176,0,0,109,178,101,2026-10-03T15:57:43.257997+07:00,506.0464229140007,0.18579898299958586,OK,,True,2026-10-03T15:57:43.443804+07:00,506.2322276570003,0.032948189999842725,OK,,True,1441,0.180125,,2026-10-03T15:57:43.476753+07:00,506.2651786440001,0.03281596899978467,OK,,True,2654,0.33175,
4793290d6ecf45aaad5326541298bf5f,508,2026-10-03T15:57:44.257909+07:00,507.04632571,507.04632571,MONITOR,507.1929927219999,0.9999858699993638,0.25174519900065206,8.548299956601113e-05,DISABLED,on,user_reported,36.876121520996094,52.71443557739258,1006.7871875,121442.125,True,True,True,176,0,0,109,178,101,2026-10-03T15:57:44.257982+07:00,507.046408487,0.1857990210000935,OK,,True,2026-10-03T15:57:44.443790+07:00,507.23221308200027,0.03300069099987013,OK,,True,1444,0.1805,,2026-10-03T15:57:44.476792+07:00,507.26521706900076,0.032844339999428485,OK,,True,2653,0.331625,
4793290d6ecf45aaad5326541298bf5f,509,2026-10-03T15:57:45.257915+07:00,508.0463325090004,508.0463325090004,MONITOR,508.1929995210003,1.0000067990004027,0.25162684899987653,9.22819999686908e-05,DISABLED,on,user_reported,36.880592346191406,52.7087516784668,1006.821796875,120075.046875,True,True,True,176,0,0,109,178,101,2026-10-03T15:57:45.257989+07:00,508.0464148780002,0.18580228199971316,OK,,True,2026-10-03T15:57:45.443800+07:00,508.23222249300034,0.03292393199990329,OK,,True,1438,0.17975,,2026-10-03T15:57:45.476724+07:00,508.2651491659999,0.03280213700054446,OK,,True,2647,0.33087500000000003,
4793290d6ecf45aaad5326541298bf5f,510,2026-10-03T15:57:46.257916+07:00,509.0463328120004,509.0463328120004,MONITOR,509.19299982400025,1.0000003029999789,0.25173692400039727,9.258499994757585e-05,DISABLED,on,user_reported,36.874210357666016,52.68885040283203,1006.818359375,121442.125,True,True,True,176,0,0,109,178,101,2026-10-03T15:57:46.257990+07:00,509.0464164040004,0.18581281899969326,OK,,True,2026-10-03T15:57:46.443814+07:00,509.2322370380007,0.03299169099955179,OK,,True,1447,0.180875,,2026-10-03T15:57:46.476808+07:00,509.2652330440005,0.03282754399970145,OK,,True,2655,0.33187500000000003,
4793290d6ecf45aaad5326541298bf5f,511,2026-10-03T15:57:47.257913+07:00,510.046330657,510.046330657,MONITOR,510.19299766899985,0.9999978449995979,0.2517663500002527,9.042999954544939e-05,DISABLED,on,user_reported,36.86591339111328,52.70029830932617,1006.79796875,121355.7734375,True,True,True,176,0,0,109,178,101,2026-10-03T15:57:47.257988+07:00,510.0464139900005,0.1858100600002217,OK,,True,2026-10-03T15:57:47.443809+07:00,510.232231772,0.032997821000208205,OK,,True,1454,0.18175,,2026-10-03T15:57:47.476808+07:00,510.26523298200027,0.03285600700019131,OK,,True,2656,0.332,
4793290d6ecf45aaad5326541298bf5f,512,2026-10-03T15:57:48.257914+07:00,511.04633167200063,511.04633167200063,MONITOR,511.1929986840005,1.0000010150006347,0.2519206099996154,9.144500018010149e-05,DISABLED,on,user_reported,36.87229537963867,52.70122528076172,1006.746640625,120754.71875,True,True,True,176,0,0,109,178,101,2026-10-03T15:57:48.257991+07:00,511.04641694900056,0.18580515399935393,OK,,True,2026-10-03T15:57:48.443806+07:00,511.2322293440002,0.03317930100001831,OK,,True,1444,0.1805,,2026-10-03T15:57:48.476987+07:00,511.26541212600023,0.03283150800052681,OK,,True,2653,0.331625,
4793290d6ecf45aaad5326541298bf5f,513,2026-10-03T15:57:49.257916+07:00,512.0463314140006,512.0463314140006,MONITOR,512.1929984260005,0.999999742,0.2516707979993953,9.118700018007075e-05,DISABLED,on,user_reported,36.869102478027344,52.7197380065918,1006.75515625,121011.578125,True,True,True,176,0,0,109,178,101,2026-10-03T15:57:49.257999+07:00,512.0464249140005,0.18579602499994508,OK,,True,2026-10-03T15:57:49.443805+07:00,512.2322281050001,0.03293209999992541,OK,,True,1438,0.17975,,2026-10-03T15:57:49.476737+07:00,512.2651629820002,0.03282976700029394,OK,,True,2652,0.3315,
4793290d6ecf45aaad5326541298bf5f,514,2026-10-03T15:57:50.258023+07:00,513.046428826,513.046428826,MONITOR,513.1930958379999,1.000097411999377,0.262534376000076,0.00018859899955714354,DISABLED,on,user_reported,36.868465423583984,52.719642639160156,1006.7678125,121528.6015625,True,True,True,176,0,0,109,178,101,2026-10-03T15:57:50.258180+07:00,513.046604399,0.1917216620004183,OK,,True,2026-10-03T15:57:50.449921+07:00,513.2383411170003,0.035422337999989395,OK,,True,1465,0.183125,,2026-10-03T15:57:50.485350+07:00,513.273772177,0.035172396000234585,OK,,True,2671,0.33387500000000003,
4793290d6ecf45aaad5326541298bf5f,515,2026-10-03T15:57:51.257964+07:00,514.0463710030008,514.0463710030008,MONITOR,514.1930380150006,0.9999421770007757,0.2629813549992832,0.00013077600033284398,DISABLED,on,user_reported,36.87803649902344,52.72735595703125,1006.797109375,120413.921875,True,True,True,176,0,0,109,178,101,2026-10-03T15:57:51.258110+07:00,514.0465349460001,0.1915448310001011,OK,,True,2026-10-03T15:57:51.449677+07:00,514.2380956110001,0.03600975900008052,OK,,True,1444,0.1805,,2026-10-03T15:57:51.485693+07:00,514.2741156290003,0.035216672999922594,OK,,True,2672,0.334,
4793290d6ecf45aaad5326541298bf5f,516,2026-10-03T15:57:52.257927+07:00,515.0463423320007,515.0463423320007,MONITOR,515.1930093440005,0.9999713289998908,0.2517640219994064,0.00010210500022367341,DISABLED,on,user_reported,36.86527633666992,52.712867736816406,1006.84484375,120840.21875,True,True,True,176,0,0,109,178,101,2026-10-03T15:57:52.258008+07:00,515.0464346460003,0.18581028599965066,OK,,True,2026-10-03T15:57:52.443830+07:00,515.2322530250003,0.032976950999909604,OK,,True,1439,0.179875,,2026-10-03T15:57:52.476807+07:00,515.2652331980007,0.03286358199966344,OK,,True,2655,0.33187500000000003,
4793290d6ecf45aaad5326541298bf5f,517,2026-10-03T15:57:53.257918+07:00,516.0463334420001,516.0463334420001,MONITOR,516.193000454,0.9999911099994279,0.25168774600024335,9.321499965153635e-05,DISABLED,on,user_reported,36.863365173339844,52.72523880004883,1006.841640625,120925.8359375,True,True,True,176,0,0,109,178,101,2026-10-03T15:57:53.258004+07:00,516.0464306270005,0.18580819399994652,OK,,True,2026-10-03T15:57:53.443824+07:00,516.2322463950004,0.03295843300020351,OK,,True,1454,0.18175,,2026-10-03T15:57:53.476782+07:00,516.2652079950003,0.03280467500007944,OK,,True,2657,0.332125,
4793290d6ecf45aaad5326541298bf5f,518,2026-10-03T15:57:54.257915+07:00,517.046330186,517.046330186,MONITOR,517.1929971979998,0.9999967439998727,0.25189980100003595,8.995899952424224e-05,DISABLED,on,user_reported,36.869102478027344,52.7197380065918,1006.844296875,121269.5390625,True,True,True,176,0,0,109,178,101,2026-10-03T15:57:54.257996+07:00,517.0464218710003,0.1858046209999884,OK,,True,2026-10-03T15:57:54.443811+07:00,517.2322338439999,0.033159413000248605,OK,,True,1444,0.1805,,2026-10-03T15:57:54.476970+07:00,517.2653962570002,0.03282437800044136,OK,,True,2648,0.331,
4793290d6ecf45aaad5326541298bf5f,519,2026-10-03T15:57:55.257915+07:00,518.0463305830008,518.0463305830008,MONITOR,518.1929975950006,1.0000003970008038,0.2517459509999753,9.035600032802904e-05,DISABLED,on,user_reported,36.876121520996094,52.727088928222656,1006.841953125,121442.125,True,True,True,176,0,0,109,178,101,2026-10-03T15:57:55.257997+07:00,518.0464227860002,0.18581208500017965,OK,,True,2026-10-03T15:57:55.443821+07:00,518.2322434080006,0.032962618000055954,OK,,True,1446,0.18075,,2026-10-03T15:57:55.476783+07:00,518.2652090450001,0.0328590079998321,OK,,True,2655,0.33187500000000003,
4793290d6ecf45aaad5326541298bf5f,520,2026-10-03T15:57:56.257935+07:00,519.0463493350007,519.0463493350007,MONITOR,519.1930163470006,1.00001875199996,0.25166921199979697,0.00010910800028796075,DISABLED,on,user_reported,36.868465423583984,52.719642639160156,1006.80203125,120754.71875,True,True,True,176,0,0,109,178,101,2026-10-03T15:57:56.258017+07:00,519.0464433900006,0.1858151229998839,OK,,True,2026-10-03T15:57:56.443844+07:00,519.2322666240007,0.032945062999715446,OK,,True,1444,0.1805,,2026-10-03T15:57:56.476789+07:00,519.2652147430008,0.032795118999274564,OK,,True,2654,0.33175,
4793290d6ecf45aaad5326541298bf5f,521,2026-10-03T15:57:57.257993+07:00,520.0463997020006,520.0463997020006,MONITOR,520.1930667140005,1.000050366999858,0.2625698829997418,0.00015947500014590332,DISABLED,on,user_reported,36.867191314697266,52.72578811645508,1006.81375,121615.203125,True,True,True,176,0,0,109,178,101,2026-10-03T15:57:57.258139+07:00,520.0465642750005,0.191575983999428,OK,,True,2026-10-03T15:57:57.449738+07:00,520.2381572590002,0.0354278949998843,OK,,True,1446,0.18075,,2026-10-03T15:57:57.485171+07:00,520.2735938200003,0.03535693200046808,OK,,True,2657,0.332125,
4793290d6ecf45aaad5326541298bf5f,522,2026-10-03T15:57:58.257932+07:00,521.0463477780004,521.0463477780004,MONITOR,521.1930147900002,0.9999480759997823,0.25168147400017915,0.0001075509999282076,DISABLED,on,user_reported,36.869102478027344,52.73239517211914,1006.796328125,120584.078125,True,True,True,176,0,0,109,178,101,2026-10-03T15:57:58.258016+07:00,521.0464421659999,0.1858151620008357,OK,,True,2026-10-03T15:57:58.443842+07:00,521.2322645130007,0.03294611899946176,OK,,True,1443,0.180375,,2026-10-03T15:57:58.476788+07:00,521.2652136690003,0.03280741599974135,OK,,True,2651,0.33137500000000003,
4793290d6ecf45aaad5326541298bf5f,523,2026-10-03T15:57:59.257916+07:00,522.0463311540007,522.0463311540007,MONITOR,522.1929981660005,0.999983376000273,0.25168441899950267,9.092700020119082e-05,DISABLED,on,user_reported,36.86527633666992,52.71919250488281,1006.824296875,121269.5390625,True,True,True,176,0,0,109,178,101,2026-10-03T15:57:59.257997+07:00,522.0464230800007,0.185803976999523,OK,,True,2026-10-03T15:57:59.443812+07:00,522.2322347980007,0.0329516550000335,OK,,True,1452,0.1815,,2026-10-03T15:57:59.476764+07:00,522.2651895830004,0.032816953000292415,OK,,True,2653,0.331625,
4793290d6ecf45aaad5326541298bf5f,524,2026-10-03T15:58:00.257915+07:00,523.0463303120005,523.0463303120005,MONITOR,523.1929973240003,0.9999991579998095,0.2516917349994401,9.008500001073116e-05,DISABLED,on,user_reported,36.874210357666016,52.73313903808594,1006.811484375,120669.3359375,True,True,True,176,0,0,109,178,101,2026-10-03T15:58:00.257998+07:00,523.0464239780003,0.18581371900017984,OK,,True,2026-10-03T15:58:00.443823+07:00,523.2322454370005,0.03296004499952687,OK,,True,1446,0.18075,,2026-10-03T15:58:00.476783+07:00,523.2652085930004,0.03280406500016397,OK,,True,2650,0.33125,
4793290d6ecf45aaad5326541298bf5f,525,2026-10-03T15:58:01.257917+07:00,524.0463324930006,524.0463324930006,MONITOR,524.1929995050004,1.0000021810001272,0.25187878899942007,9.226600013789721e-05,DISABLED,on,user_reported,36.87101745605469,52.71369552612305,1006.792578125,121788.7734375,True,True,True,176,0,0,109,178,101,2026-10-03T15:58:01.257997+07:00,524.0464232880004,0.18580860800011578,OK,,True,2026-10-03T15:58:01.443816+07:00,524.2322396740001,0.033155488000375044,OK,,True,1448,0.181,,2026-10-03T15:58:01.476973+07:00,524.2653988660004,0.03280369399999472,OK,,True,2656,0.332,
4793290d6ecf45aaad5326541298bf5f,526,2026-10-03T15:58:02.257931+07:00,525.0463467510008,525.0463467510008,MONITOR,525.1930137630006,1.000014258000192,0.25216086199998244,0.00010652400032995502,DISABLED,on,user_reported,36.873573303222656,52.72038650512695,1006.824140625,121183.4296875,True,True,True,176,0,0,109,178,101,2026-10-03T15:58:02.258019+07:00,525.0464449350002,0.18626680899978965,OK,,True,2026-10-03T15:58:02.444298+07:00,525.2327198550001,0.03294695300064632,OK,,True,1442,0.18025,,2026-10-03T15:58:02.477244+07:00,525.2656699750005,0.032827952999468835,OK,,True,2649,0.331125,
4793290d6ecf45aaad5326541298bf5f,527,2026-10-03T15:58:03.261847+07:00,526.0502492410005,526.0502492410005,MONITOR,526.1969162530004,1.0039024899997457,0.253117540999483,0.004009014000075695,DISABLED,on,user_reported,36.86527633666992,52.71919250488281,1006.810625,120584.078125,True,True,True,176,0,0,109,178,101,2026-10-03T15:58:03.262019+07:00,526.0504425360004,0.18707485799950518,OK,,True,2026-10-03T15:58:03.449103+07:00,526.2375250980003,0.032969748999676085,OK,,True,1442,0.18025,,2026-10-03T15:58:03.482073+07:00,526.2704983650001,0.03286036100053025,OK,,True,2651,0.33137500000000003,
4793290d6ecf45aaad5326541298bf5f,528,2026-10-03T15:58:04.257921+07:00,527.0463357990002,527.0463357990002,MONITOR,527.193002811,0.9960865579996607,0.25178209000023344,9.557199973642128e-05,DISABLED,on,user_reported,36.866554260253906,52.71304702758789,1006.757890625,120754.71875,True,True,True,176,0,0,109,178,101,2026-10-03T15:58:04.258005+07:00,527.0464308720002,0.18580679600017902,OK,,True,2026-10-03T15:58:04.443822+07:00,527.2322448350005,0.032982618999994884,OK,,True,1440,0.18,,2026-10-03T15:58:04.476805+07:00,527.2652303060004,0.03287828700013051,OK,,True,2657,0.332125,
4793290d6ecf45aaad5326541298bf5f,529,2026-10-03T15:58:05.257922+07:00,528.0463368840001,528.0463368840001,MONITOR,528.1930038959999,1.0000010849998944,0.25173862900010135,9.665699963079533e-05,DISABLED,on,user_reported,36.863365173339844,52.699928283691406,1006.786953125,121615.203125,True,True,True,176,0,0,109,178,101,2026-10-03T15:58:05.258006+07:00,528.0464320690007,0.185815962999186,OK,,True,2026-10-03T15:58:05.443834+07:00,528.2322561800001,0.03297621199999412,OK,,True,1441,0.180125,,2026-10-03T15:58:05.476810+07:00,528.2652354290003,0.03283141700012493,OK,,True,2655,0.33187500000000003,
4793290d6ecf45aaad5326541298bf5f,530,2026-10-03T15:58:06.257916+07:00,529.0463312520005,529.0463312520005,MONITOR,529.1929982640004,0.9999943680004435,0.25168211100026383,9.102500007429626e-05,DISABLED,on,user_reported,36.863365173339844,52.73788833618164,1006.745859375,121442.125,True,True,True,176,0,0,109,178,101,2026-10-03T15:58:06.257999+07:00,529.0464248810003,0.18581374099994719,OK,,True,2026-10-03T15:58:06.443824+07:00,529.232246437,0.03295732400056295,OK,,True,1446,0.18075,,2026-10-03T15:58:06.476781+07:00,529.2652068530006,0.03279810299954988,OK,,True,2655,0.33187500000000003,
4793290d6ecf45aaad5326541298bf5f,531,2026-10-03T15:58:07.257917+07:00,530.0463322710002,530.0463322710002,MONITOR,530.1929992830001,1.0000010189996829,0.25195487000019057,9.204399975715205e-05,DISABLED,on,user_reported,36.861446380615234,52.71863555908203,1006.7290625,120584.078125,True,True,True,176,0,0,109,178,101,2026-10-03T15:58:07.257999+07:00,530.046425345,0.1858153350003704,OK,,True,2026-10-03T15:58:07.443826+07:00,530.2322486610001,0.03320102500038047,OK,,True,1445,0.180625,,2026-10-03T15:58:07.477027+07:00,530.265452779,0.03282525099984923,OK,,True,2652,0.3315,
4793290d6ecf45aaad5326541298bf5f,532,2026-10-03T15:58:08.261736+07:00,531.0501493750007,531.0501493750007,MONITOR,531.1968163870006,1.0038171040005182,0.25911360800000693,0.003909148000275309,DISABLED,on,user_reported,36.85315704345703,52.73008728027344,1006.873046875,121355.7734375,True,True,True,176,0,0,109,178,101,2026-10-03T15:58:08.261822+07:00,531.050247911,0.1875480630005768,OK,,True,2026-10-03T15:58:08.449386+07:00,531.2378069730003,0.03460627399999794,OK,,True,1457,0.182125,,2026-10-03T15:58:08.483993+07:00,531.2724185800007,0.03682416199990257,OK,,True,2665,0.333125,
4793290d6ecf45aaad5326541298bf5f,533,2026-10-03T15:58:09.258014+07:00,532.0464231180003,532.0464231180003,MONITOR,532.1930901300002,0.9962737429996196,0.2622549360003177,0.00018289099989488022,DISABLED,on,user_reported,36.85506820678711,52.73036575317383,1006.848828125,121528.6015625,True,True,True,176,0,0,109,178,101,2026-10-03T15:58:09.258142+07:00,532.0465673950002,0.19204843399984384,OK,,True,2026-10-03T15:58:09.450213+07:00,532.2386316620004,0.0354686729997411,OK,,True,1456,0.182,,2026-10-03T15:58:09.485686+07:00,532.2741097060007,0.034551198999906774,OK,,True,2661,0.332625,
4793290d6ecf45aaad5326541298bf5f,534,2026-10-03T15:58:10.257989+07:00,533.0463981680005,533.0463981680005,MONITOR,533.1930651800003,0.9999750500001028,0.2619378279996454,0.0001579409999976633,DISABLED,on,user_reported,36.85443115234375,52.736595153808594,1006.8203125,120840.21875,True,True,True,176,0,0,109,178,101,2026-10-03T15:58:10.258117+07:00,533.0465424080003,0.19123742299962032,OK,,True,2026-10-03T15:58:10.449378+07:00,533.2377961820002,0.035516210999958275,OK,,True,1456,0.182,,2026-10-03T15:58:10.484898+07:00,533.2733211150007,0.034998362999431265,OK,,True,2658,0.33225,
4793290d6ecf45aaad5326541298bf5f,535,2026-10-03T15:58:11.257994+07:00,534.0464038890004,534.0464038890004,MONITOR,534.1930709010003,1.0000057209999795,0.26209279100021377,0.00016366199997719377,DISABLED,on,user_reported,36.85443115234375,52.742923736572266,1006.8271875,120584.078125,True,True,True,176,0,0,109,178,101,2026-10-03T15:58:11.258119+07:00,534.0465437580006,0.19125727600021492,OK,,True,2026-10-03T15:58:11.449398+07:00,534.2378171260007,0.035454711000056705,OK,,True,1463,0.182875,,2026-10-03T15:58:11.484857+07:00,534.2732802260007,0.03519780599981459,OK,,True,2667,0.33337500000000003,
4793290d6ecf45aaad5326541298bf5f,536,2026-10-03T15:58:12.258027+07:00,535.0464318730001,535.0464318730001,MONITOR,535.1930988849999,1.0000279839996438,0.2528621999999814,0.00019164599962095963,DISABLED,on,user_reported,36.85889434814453,52.743568420410156,1006.8003125,120584.078125,True,True,True,176,0,0,109,178,101,2026-10-03T15:58:12.258174+07:00,535.0465987980006,0.18679034900014813,OK,,True,2026-10-03T15:58:12.444976+07:00,535.2333977950002,0.03301939799985121,OK,,True,1450,0.18125,,2026-10-03T15:58:12.477995+07:00,535.2664202850001,0.03286471400042501,OK,,True,2645,0.330625,
4793290d6ecf45aaad5326541298bf5f,537,2026-10-03T15:58:13.258047+07:00,536.046459268,536.046459268,MONITOR,536.1931262799999,1.000027394999961,0.25209872600044037,0.00021904099958192091,DISABLED,on,user_reported,36.86272430419922,52.750457763671875,1006.7859375,120584.078125,True,True,True,176,0,0,109,178,101,2026-10-03T15:58:13.258131+07:00,536.0465575640001,0.18585424600041733,OK,,True,2026-10-03T15:58:13.444000+07:00,536.2324213660004,0.03327165500013507,OK,,True,1437,0.179625,,2026-10-03T15:58:13.477273+07:00,536.2656973540006,0.03285095499995805,OK,,True,2650,0.33125,
4793290d6ecf45aaad5326541298bf5f,538,2026-10-03T15:58:14.257932+07:00,537.0463476499999,537.0463476499999,MONITOR,537.1930146619998,0.999888381999881,0.2517519890006952,0.00010742299946286948,DISABLED,on,user_reported,36.85825729370117,52.737152099609375,1006.8265625,121615.203125,True,True,True,176,0,0,109,178,101,2026-10-03T15:58:14.258025+07:00,537.0464515570002,0.18581500700020115,OK,,True,2026-10-03T15:58:14.443853+07:00,537.2322745450001,0.032967676000225765,OK,,True,1439,0.179875,,2026-10-03T15:58:14.476819+07:00,537.2652449070001,0.032845677000295836,OK,,True,2654,0.33175,
4793290d6ecf45aaad5326541298bf5f,539,2026-10-03T15:58:15.257950+07:00,538.0463640160006,538.0463640160006,MONITOR,538.1930310280004,1.0000163660006365,0.2517161949999718,0.00012378900009935023,DISABLED,on,user_reported,36.852516174316406,52.74897384643555,1006.77625,120840.21875,True,True,True,176,0,0,109,178,101,2026-10-03T15:58:15.258037+07:00,538.0464630340002,0.18582010000045557,OK,,True,2026-10-03T15:58:15.443869+07:00,538.2322910600005,0.03294232499956706,OK,,True,1448,0.181,,2026-10-03T15:58:15.476811+07:00,538.2652365150007,0.03283469599955424,OK,,True,2655,0.33187500000000003,
4793290d6ecf45aaad5326541298bf5f,540,2026-10-03T15:58:16.257939+07:00,539.0463546650008,539.0463546650008,MONITOR,539.1930216770006,0.9999906490002104,0.25201409999954194,0.00011443800030974671,DISABLED,on,user_reported,36.845497131347656,52.766937255859375,1006.78546875,120584.078125,True,True,True,176,0,0,109,178,101,2026-10-03T15:58:16.258025+07:00,539.046451145,0.1858413610007119,OK,,True,2026-10-03T15:58:16.443879+07:00,539.2323020610002,0.03318043400031456,OK,,True,1437,0.179625,,2026-10-03T15:58:16.477065+07:00,539.2654875320004,0.03287163999993936,OK,,True,2659,0.33237500000000003,
4793290d6ecf45aaad5326541298bf5f,541,2026-10-03T15:58:17.258511+07:00,540.0469280160005,540.0469280160005,MONITOR,540.1935950280003,1.0005733509997299,0.2634083049997571,0.0006877890000396292,DISABLED,on,user_reported,36.84868621826172,52.76740264892578,1006.804140625,120925.8359375,True,True,True,176,0,0,109,178,101,2026-10-03T15:58:17.258578+07:00,540.0470047380004,0.18992806799997197,OK,,True,2026-10-03T15:58:17.448528+07:00,540.2369473980007,0.036821515999690746,OK,,True,1436,0.1795,,2026-10-03T15:58:17.485352+07:00,540.2737762470006,0.03654392599946732,OK,,True,2665,0.333125,
4793290d6ecf45aaad5326541298bf5f,542,2026-10-03T15:58:18.259663+07:00,541.0480730520003,541.0480730520003,MONITOR,541.1947400640001,1.001145035999798,0.2533134989998871,0.0018328249998376123,DISABLED,on,user_reported,36.847412109375,52.767215728759766,1006.76109375,120584.078125,True,True,True,176,0,0,109,178,101,2026-10-03T15:58:18.259790+07:00,541.0482150130001,0.18701272300040728,OK,,True,2026-10-03T15:58:18.446814+07:00,541.2352366250007,0.03333543299959274,OK,,True,1444,0.1805,,2026-10-03T15:58:18.480155+07:00,541.2685773170006,0.032799751999846194,OK,,True,2652,0.3315,
4793290d6ecf45aaad5326541298bf5f,543,2026-10-03T15:58:19.257918+07:00,542.0463328370006,542.0463328370006,MONITOR,542.1929998490004,0.9982597850003003,0.25198639999962325,9.261000013793819e-05,DISABLED,on,user_reported,36.847412109375,52.767215728759766,1006.7884375,120925.8359375,True,True,True,176,0,0,109,178,101,2026-10-03T15:58:19.257995+07:00,542.0464210580003,0.1858108260003064,OK,,True,2026-10-03T15:58:19.443818+07:00,542.2322402910004,0.033227674999579904,OK,,True,1435,0.179375,,2026-10-03T15:58:19.477047+07:00,542.2654714290002,0.03283860400006233,OK,,True,2649,0.331125,
4793290d6ecf45aaad5326541298bf5f,544,2026-10-03T15:58:20.257912+07:00,543.0463278340003,543.0463278340003,MONITOR,543.1929948460001,0.9999949969997033,0.2517700509997667,8.760699984122766e-05,DISABLED,on,user_reported,36.834014892578125,52.777931213378906,1006.746328125,121269.5390625,True,True,True,176,0,0,109,178,101,2026-10-03T15:58:20.257992+07:00,543.0464182220003,0.18581693800024368,OK,,True,2026-10-03T15:58:20.443821+07:00,543.2322437890007,0.03301488099987182,OK,,True,1445,0.180625,,2026-10-03T15:58:20.476838+07:00,543.2652627070001,0.0328256960001454,OK,,True,2652,0.3315,
4793290d6ecf45aaad5326541298bf5f,545,2026-10-03T15:58:21.257919+07:00,544.0463343360007,544.0463343360007,MONITOR,544.1930013480005,1.0000065020003603,0.25188945699937904,9.410900020156987e-05,DISABLED,on,user_reported,36.8448600769043,52.779510498046875,1006.791171875,121269.5390625,True,True,True,176,0,0,109,178,101,2026-10-03T15:58:21.257994+07:00,544.046420576,0.1858138269999472,OK,,True,2026-10-03T15:58:21.443821+07:00,544.232243421,0.03297641800054407,OK,,True,1442,0.18025,,2026-10-03T15:58:21.476797+07:00,544.2652233200006,0.03299138100010168,OK,,True,2651,0.33137500000000003,
4793290d6ecf45aaad5326541298bf5f,546,2026-10-03T15:58:22.257916+07:00,545.0463312850006,545.0463312850006,MONITOR,545.1929982970005,0.9999969489999785,0.25170418299967423,9.105800018005539e-05,DISABLED,on,user_reported,36.845497131347656,52.77959060668945,1006.77859375,121355.7734375,True,True,True,176,0,0,109,178,101,2026-10-03T15:58:22.257998+07:00,545.0464239330004,0.18581432700011646,OK,,True,2026-10-03T15:58:22.443824+07:00,545.2322464450008,0.03297210399978212,OK,,True,1442,0.18025,,2026-10-03T15:58:22.476797+07:00,545.2652218450003,0.03280460400037555,OK,,True,2651,0.33137500000000003,
4793290d6ecf45aaad5326541298bf5f,547,2026-10-03T15:58:23.257914+07:00,546.0463302200005,546.0463302200005,MONITOR,546.1929972320004,0.9999989349998941,0.25490906499999255,8.999300007417332e-05,DISABLED,on,user_reported,36.842308044433594,52.77914047241211,1006.773359375,121183.4296875,True,True,True,176,0,0,109,178,101,2026-10-03T15:58:23.257992+07:00,546.0464183680006,0.18720624300021882,OK,,True,2026-10-03T15:58:23.445219+07:00,546.2336385730005,0.034943791999467066,OK,,True,1435,0.179375,,2026-10-03T15:58:23.480167+07:00,546.2685892530008,0.03263662499921338,OK,,True,2635,0.32937500000000003,
4793290d6ecf45aaad5326541298bf5f,548,2026-10-03T15:58:24.257916+07:00,547.0463307520004,547.0463307520004,MONITOR,547.1929977640002,1.0000005319998309,0.25166540699956386,9.052499990502838e-05,DISABLED,on,user_reported,36.83911895751953,52.77867126464844,1006.7271875,120584.078125,True,True,True,176,0,0,109,178,101,2026-10-03T15:58:24.258000+07:00,547.046426158,0.1858313110005838,OK,,True,2026-10-03T15:58:24.443843+07:00,547.2322658390003,0.0328017900001214,OK,,True,1435,0.179375,,2026-10-03T15:58:24.476650+07:00,547.2650728880008,0.032912288999796147,OK,,True,2648,0.331,
4793290d6ecf45aaad5326541298bf5f,549,2026-10-03T15:58:25.257910+07:00,548.0463253610005,548.0463253610005,MONITOR,548.1929923730004,0.9999946090001686,0.25197838700023567,8.513400007359451e-05,DISABLED,on,user_reported,36.834014892578125,52.777931213378906,1006.753125,121183.4296875,True,True,True,176,0,0,109,178,101,2026-10-03T15:58:25.257985+07:00,548.0464108790002,0.1858165519997783,OK,,True,2026-10-03T15:58:25.443813+07:00,548.2322356160003,0.03317282399984833,OK,,True,1435,0.179375,,2026-10-03T15:58:25.476991+07:00,548.2654138110001,0.03288152999994054,OK,,True,2647,0.33087500000000003,
4793290d6ecf45aaad5326541298bf5f,550,2026-10-03T15:58:26.257908+07:00,549.0463230860005,549.0463230860005,MONITOR,549.1929900980003,0.9999977249999574,0.2521922189998804,8.285900003102142e-05,DISABLED,on,user_reported,36.838478088378906,52.797569274902344,1006.705703125,120840.21875,True,True,True,176,0,0,109,178,101,2026-10-03T15:58:26.257983+07:00,549.0464093999999,0.18581760800043412,OK,,True,2026-10-03T15:58:26.443813+07:00,549.2322357490002,0.03340611900057411,OK,,True,1444,0.1805,,2026-10-03T15:58:26.477224+07:00,549.2656469789999,0.03285943800074165,OK,,True,2652,0.3315,
4793290d6ecf45aaad5326541298bf5f,551,2026-10-03T15:58:27.257909+07:00,550.0463247590005,550.0463247590005,MONITOR,550.1929917710004,1.0000016730000425,0.2520406469993759,8.45320000735228e-05,DISABLED,on,user_reported,36.835289001464844,52.80343246459961,1006.84421875,120754.71875,True,True,True,176,0,0,109,178,101,2026-10-03T15:58:27.257988+07:00,550.0464144430007,0.18582184999922902,OK,,True,2026-10-03T15:58:27.443822+07:00,550.2322447000006,0.03322608300004504,OK,,True,1446,0.18075,,2026-10-03T15:58:27.477053+07:00,550.2654761910007,0.032880529999602004,OK,,True,2651,0.33137500000000003,
4793290d6ecf45aaad5326541298bf5f,552,2026-10-03T15:58:28.257907+07:00,551.0463234910003,551.0463234910003,MONITOR,551.1929905030001,0.9999987319997672,0.26171186700048565,8.326399984071031e-05,DISABLED,on,user_reported,36.82508087158203,52.80828094482422,1006.7865625,121355.7734375,True,True,True,176,0,0,109,178,101,2026-10-03T15:58:28.257983+07:00,551.0464088980007,0.19028468399937992,OK,,True,2026-10-03T15:58:28.448290+07:00,551.2367093040002,0.03481634899981145,OK,,True,1437,0.179625,,2026-10-03T15:58:28.483121+07:00,551.271538467,0.03646896500049479,OK,,True,2652,0.3315,
4793290d6ecf45aaad5326541298bf5f,553,2026-10-03T15:58:29.257953+07:00,552.046362393,552.046362393,MONITOR,552.1930294049998,1.0000389019996874,0.2647154000005685,0.00012216599952807883,DISABLED,on,user_reported,36.82891082763672,52.81517028808594,1006.792578125,120669.3359375,True,True,True,176,0,0,109,178,101,2026-10-03T15:58:29.258083+07:00,552.046508337,0.19237653900017904,OK,,True,2026-10-03T15:58:29.450478+07:00,552.2388987270006,0.03615235699999175,OK,,True,1466,0.18325,,2026-10-03T15:58:29.486638+07:00,552.2750589910002,0.03600304200062965,OK,,True,2656,0.332,
4793290d6ecf45aaad5326541298bf5f,554,2026-10-03T15:58:30.257974+07:00,553.0463801330006,553.0463801330006,MONITOR,553.1930471450005,1.0000177400006578,0.2610789479995219,0.0001399060001858743,DISABLED,on,user_reported,36.827632904052734,52.81498718261719,1006.831796875,120754.71875,True,True,True,176,0,0,109,178,101,2026-10-03T15:58:30.258121+07:00,553.0465455580006,0.19184350700015784,OK,,True,2026-10-03T15:58:30.449986+07:00,553.2384046760008,0.0352379749992906,OK,,True,1446,0.18075,,2026-10-03T15:58:30.485231+07:00,553.2736520020007,0.033791412999562453,OK,,True,2662,0.33275,
4793290d6ecf45aaad5326541298bf5f,555,2026-10-03T15:58:31.257977+07:00,554.0463832290006,554.0463832290006,MONITOR,554.1930502410005,1.0000030960000004,0.2622608470001069,0.0001430020001862431,DISABLED,on,user_reported,36.826358795166016,52.81479263305664,1006.788515625,120840.21875,True,True,True,176,0,0,109,178,101,2026-10-03T15:58:31.258126+07:00,554.0465500240007,0.1918726929998229,OK,,True,2026-10-03T15:58:31.450024+07:00,554.238441939,0.036567945000570035,OK,,True,1442,0.18025,,2026-10-03T15:58:31.486601+07:00,554.2750200139999,0.03360735800015391,OK,,True,2648,0.331,
4793290d6ecf45aaad5326541298bf5f,556,2026-10-03T15:58:32.258011+07:00,555.0464141990005,555.0464141990005,MONITOR,555.1930812110004,1.000030969999898,0.26386305699998047,0.00017397200008417713,DISABLED,on,user_reported,36.83209991455078,52.80931091308594,1006.791015625,121183.4296875,True,True,True,176,0,0,109,178,101,2026-10-03T15:58:32.258173+07:00,555.0465976969999,0.1917587870002535,OK,,True,2026-10-03T15:58:32.449953+07:00,555.2383721140004,0.03703338600007555,OK,,True,1440,0.18,,2026-10-03T15:58:32.486995+07:00,555.275414537,0.034838201000638946,OK,,True,2659,0.33237500000000003,
4793290d6ecf45aaad5326541298bf5f,557,2026-10-03T15:58:33.257980+07:00,556.0463873020008,556.0463873020008,MONITOR,556.1930543140006,0.9999731030002295,0.26890901799924904,0.00014707500031363452,DISABLED,on,user_reported,36.83273696899414,52.81571960449219,1006.771484375,120669.3359375,True,True,True,176,0,0,109,178,101,2026-10-03T15:58:33.258132+07:00,556.0465565600007,0.19461594999938825,OK,,True,2026-10-03T15:58:33.452768+07:00,556.2411863430007,0.03887183499955427,OK,,True,1459,0.182375,,2026-10-03T15:58:33.491649+07:00,556.2800672520007,0.035213567999562656,OK,,True,2632,0.329,
4793290d6ecf45aaad5326541298bf5f,558,2026-10-03T15:58:34.257914+07:00,557.046328984,557.046328984,MONITOR,557.1929959959998,0.9999416819991893,0.253484791000119,8.875699950294802e-05,DISABLED,on,user_reported,36.82954788208008,52.808929443359375,1006.732265625,121011.578125,True,True,True,176,0,0,109,178,101,2026-10-03T15:58:34.257993+07:00,557.0464199090002,0.18620975900012127,OK,,True,2026-10-03T15:58:34.444213+07:00,557.2326356680005,0.03359067400015192,OK,,True,1442,0.18025,,2026-10-03T15:58:34.477809+07:00,557.2662315460002,0.03356615499978943,OK,,True,2651,0.33137500000000003,
4793290d6ecf45aaad5326541298bf5f,559,2026-10-03T15:58:35.257912+07:00,558.0463284100006,558.0463284100006,MONITOR,558.1929954220004,0.9999994260006133,0.2527312419997543,8.818300011625979e-05,DISABLED,on,user_reported,36.83018493652344,52.802696228027344,1006.842734375,120498.9375,True,True,True,176,0,0,109,178,101,2026-10-03T15:58:35.257984+07:00,558.046410594,0.18583754100018268,OK,,True,2026-10-03T15:58:35.443835+07:00,558.2322573760002,0.033428693000132625,OK,,True,1446,0.18075,,2026-10-03T15:58:35.477268+07:00,558.2656914030003,0.03335517499999696,OK,,True,2651,0.33137500000000003,
4793290d6ecf45aaad5326541298bf5f,560,2026-10-03T15:58:36.257916+07:00,559.0463330430002,559.0463330430002,MONITOR,559.1930000550001,1.0000046329996621,0.25298626000039803,9.281599977839505e-05,DISABLED,on,user_reported,36.828269958496094,52.80241012573242,1006.736953125,120754.71875,True,True,True,176,0,0,109,178,101,2026-10-03T15:58:36.257990+07:00,559.0464164310006,0.1858647449998898,OK,,True,2026-10-03T15:58:36.443868+07:00,559.2322901200005,0.0344237230001454,OK,,True,1427,0.178375,,2026-10-03T15:58:36.478298+07:00,559.2667200660007,0.03258686699973623,OK,,True,2640,0.33,
4793290d6ecf45aaad5326541298bf5f,561,2026-10-03T15:58:37.257948+07:00,560.0463621990002,560.0463621990002,MONITOR,560.1930292110001,1.0000291559999823,0.25611845799994626,0.00012197199976071715,DISABLED,on,user_reported,36.82380676269531,52.79544448852539,1006.757109375,121269.5390625,True,True,True,176,0,0,109,178,101,2026-10-03T15:58:37.258032+07:00,560.0464584760002,0.18806893100008892,OK,,True,2026-10-03T15:58:37.446112+07:00,560.2345341850005,0.03268547799962107,OK,,True,1430,0.17875,,2026-10-03T15:58:37.478805+07:00,560.2672267920007,0.03523966099965037,OK,,True,2636,0.3295,
4793290d6ecf45aaad5326541298bf5f,562,2026-10-03T15:58:38.257920+07:00,561.0463361920001,561.0463361920001,MONITOR,561.193003204,0.9999739929999123,0.2683870079999906,9.596499967301497e-05,DISABLED,on,user_reported,36.827632904052734,52.81498718261719,1006.7359375,120754.71875,True,True,True,176,0,0,109,178,101,2026-10-03T15:58:38.257993+07:00,561.0464189500008,0.18603398599952925,OK,,True,2026-10-03T15:58:38.444042+07:00,561.2324638990003,0.03520316100002674,OK,,True,1427,0.178375,,2026-10-03T15:58:38.479262+07:00,561.267680467,0.04701341899999534,OK,,True,2652,0.3315,
4793290d6ecf45aaad5326541298bf5f,563,2026-10-03T15:58:39.257939+07:00,562.0463533550001,562.0463533550001,MONITOR,562.1930203669999,1.0000171629999386,0.2532013910004025,0.00011312799961160636,DISABLED,on,user_reported,36.8161506652832,52.81964874267578,1006.731015625,120754.71875,True,True,True,176,0,0,109,178,101,2026-10-03T15:58:39.258019+07:00,562.0464450210002,0.18580339500022092,OK,,True,2026-10-03T15:58:39.443831+07:00,562.2322549529999,0.03334845500012307,OK,,True,1443,0.180375,,2026-10-03T15:58:39.477187+07:00,562.2656091670005,0.03393339400008699,OK,,True,2646,0.33075,
4793290d6ecf45aaad5326541298bf5f,564,2026-10-03T15:58:40.257916+07:00,563.046332207,563.046332207,MONITOR,563.1929992189998,0.9999788519999129,0.25624099700053193,9.197999952448299e-05,DISABLED,on,user_reported,36.82189178466797,52.80781555175781,1006.75390625,120840.21875,True,True,True,176,0,0,109,178,101,2026-10-03T15:58:40.257991+07:00,563.0464173549999,0.18581663700024365,OK,,True,2026-10-03T15:58:40.443819+07:00,563.2322409180006,0.03548262200001773,OK,,True,1436,0.1795,,2026-10-03T15:58:40.479306+07:00,563.2677288550003,0.034831515999940166,OK,,True,2647,0.33087500000000003,
4793290d6ecf45aaad5326541298bf5f,565,2026-10-03T15:58:41.257919+07:00,564.0463352120005,564.0463352120005,MONITOR,564.1930022240003,1.000003005000508,0.25693656600014947,9.49850000324659e-05,DISABLED,on,user_reported,36.81040573120117,52.806156158447266,1006.721796875,121269.5390625,True,True,True,176,0,0,109,178,101,2026-10-03T15:58:41.257990+07:00,564.0464159890007,0.1858108219994392,OK,,True,2026-10-03T15:58:41.443811+07:00,564.2322339230004,0.032936550000158604,OK,,True,1440,0.18,,2026-10-03T15:58:41.476747+07:00,564.2651734910005,0.0380843980001373,OK,,True,2644,0.3305,
4793290d6ecf45aaad5326541298bf5f,566,2026-10-03T15:58:42.257919+07:00,565.0463347570003,565.0463347570003,MONITOR,565.1930017690001,0.9999995449998096,0.25699953000003006,9.452999984205235e-05,DISABLED,on,user_reported,36.81423568725586,52.81303787231445,1006.7759375,120669.3359375,True,True,True,176,0,0,109,178,101,2026-10-03T15:58:42.258000+07:00,565.0464261630004,0.18581476799954544,OK,,True,2026-10-03T15:58:42.443825+07:00,565.2322480790008,0.03298984699995344,OK,,True,1442,0.18025,,2026-10-03T15:58:42.476816+07:00,565.2652414260001,0.03807806399981928,OK,,True,2650,0.33125,
4793290d6ecf45aaad5326541298bf5f,567,2026-10-03T15:58:43.257924+07:00,566.0463413980005,566.0463413980005,MONITOR,566.1930084100004,1.0000066410002546,0.2522324209994622,0.00010117100009665592,DISABLED,on,user_reported,36.8161506652832,52.813316345214844,1006.758359375,121183.4296875,True,True,True,176,0,0,109,178,101,2026-10-03T15:58:43.257995+07:00,566.0464215830007,0.18595997099964734,OK,,True,2026-10-03T15:58:43.443972+07:00,566.232393665,0.03330227000060404,OK,,True,1426,0.17825,,2026-10-03T15:58:43.477284+07:00,566.265704546,0.032854088000021875,OK,,True,2632,0.329,
4793290d6ecf45aaad5326541298bf5f,568,2026-10-03T15:58:44.257924+07:00,567.0463404510001,567.0463404510001,MONITOR,567.193007463,0.9999990529995557,0.25169453699982114,0.00010022399965237128,DISABLED,on,user_reported,36.812320709228516,52.806434631347656,1006.7453125,120584.078125,True,True,True,176,0,0,109,178,101,2026-10-03T15:58:44.258000+07:00,567.0464259870005,0.18580525099969236,OK,,True,2026-10-03T15:58:44.443814+07:00,567.2322374230007,0.032967995000035444,OK,,True,1440,0.18,,2026-10-03T15:58:44.476782+07:00,567.2652083440007,0.03281851399970037,OK,,True,2647,0.33087500000000003,
4793290d6ecf45aaad5326541298bf5f,569,2026-10-03T15:58:45.257915+07:00,568.0463299330004,568.0463299330004,MONITOR,568.1929969450002,0.9999894820002737,0.2517266300001211,8.970599992608186e-05,DISABLED,on,user_reported,36.813594818115234,52.80028533935547,1006.69953125,120669.3359375,True,True,True,176,0,0,109,178,101,2026-10-03T15:58:45.257996+07:00,568.0464217280005,0.1858152329996301,OK,,True,2026-10-03T15:58:45.443821+07:00,568.2322438500005,0.032963624999865715,OK,,True,1447,0.180875,,2026-10-03T15:58:45.476785+07:00,568.2652106969999,0.03282512600071641,OK,,True,2647,0.33087500000000003,
4793290d6ecf45aaad5326541298bf5f,570,2026-10-03T15:58:46.257913+07:00,569.0463289740001,569.0463289740001,MONITOR,569.1929959859999,0.9999990409996826,0.25195551900014834,8.874699960870203e-05,DISABLED,on,user_reported,36.81104278564453,52.80624008178711,1006.7090625,121011.578125,True,True,True,176,0,0,109,178,101,2026-10-03T15:58:46.257986+07:00,569.0464118440004,0.18580225200003042,OK,,True,2026-10-03T15:58:46.443796+07:00,569.2322205959999,0.03320021600029577,OK,,True,1447,0.180875,,2026-10-03T15:58:46.476999+07:00,569.2654243490006,0.0328514399998312,OK,,True,2649,0.331125,
4793290d6ecf45aaad5326541298bf5f,571,2026-10-03T15:58:47.257913+07:00,570.0463291860005,570.0463291860005,MONITOR,570.1929961980004,1.0000002120004865,0.2518049840000458,8.895900009520119e-05,DISABLED,on,user_reported,36.80338668823242,52.80513381958008,1006.81984375,120669.3359375,True,True,True,176,0,0,109,178,101,2026-10-03T15:58:47.257995+07:00,570.0464215000002,0.18581654999979946,OK,,True,2026-10-03T15:58:47.443823+07:00,570.2322452349999,0.03301238300082332,OK,,True,1443,0.180375,,2026-10-03T15:58:47.476835+07:00,570.2652609330007,0.03286432999993849,OK,,True,2652,0.3315,
4793290d6ecf45aaad5326541298bf5f,572,2026-10-03T15:58:48.257908+07:00,571.0463258280006,571.0463258280006,MONITOR,571.1929928400004,0.9999966420000419,0.2530881969996699,8.560100013710326e-05,DISABLED,on,user_reported,36.811683654785156,52.806339263916016,1006.77171875,120754.71875,True,True,True,176,0,0,109,178,101,2026-10-03T15:58:48.257981+07:00,571.0464073090006,0.18580560499958665,OK,,True,2026-10-03T15:58:48.443797+07:00,571.2322203220001,0.03381771000022127,OK,,True,1441,0.180125,,2026-10-03T15:58:48.477663+07:00,571.2660837540006,0.033312529999420804,OK,,True,2637,0.329625,
4793290d6ecf45aaad5326541298bf5f,573,2026-10-03T15:58:49.257987+07:00,572.0463918620007,572.0463918620007,MONITOR,572.1930588740006,1.000066034000156,0.2626505839998572,0.00015163500029302668,DISABLED,on,user_reported,36.808494567871094,52.805877685546875,1006.793984375,120669.3359375,True,True,True,176,0,0,109,178,101,2026-10-03T15:58:49.258145+07:00,572.0465697680002,0.191758280000613,OK,,True,2026-10-03T15:58:49.449921+07:00,572.2383411410001,0.0354490870004156,OK,,True,1446,0.18075,,2026-10-03T15:58:49.485375+07:00,572.2737982650006,0.03522388399960619,OK,,True,2663,0.33287500000000003,
4793290d6ecf45aaad5326541298bf5f,574,2026-10-03T15:58:50.257940+07:00,573.0463563070007,573.0463563070007,MONITOR,573.1930233190005,0.9999644449999323,0.25172280199967645,0.00011608000022533815,DISABLED,on,user_reported,36.812320709228516,52.819091796875,1006.772734375,121011.578125,True,True,True,176,0,0,109,178,101,2026-10-03T15:58:50.258012+07:00,573.0464381770007,0.18580686599943874,OK,,True,2026-10-03T15:58:50.443827+07:00,573.2322511540006,0.032981403000121645,OK,,True,1439,0.179875,,2026-10-03T15:58:50.476811+07:00,573.2652360010006,0.032834255999659945,OK,,True,2656,0.332,
4793290d6ecf45aaad5326541298bf5f,575,2026-10-03T15:58:51.257915+07:00,574.0463303310007,574.0463303310007,MONITOR,574.1929973430006,0.9999740240000392,0.25166576599986,9.01040002645459e-05,DISABLED,on,user_reported,36.80976867675781,52.81239318847656,1006.789140625,121097.4453125,True,True,True,176,0,0,109,178,101,2026-10-03T15:58:51.257996+07:00,574.0464220330005,0.18580468199979805,OK,,True,2026-10-03T15:58:51.443809+07:00,574.2322328820001,0.03294368100068823,OK,,True,1450,0.18125,,2026-10-03T15:58:51.476753+07:00,574.2651793410005,0.032807810999656795,OK,,True,2650,0.33125,
4793290d6ecf45aaad5326541298bf5f,576,2026-10-03T15:58:52.257917+07:00,575.0463322280002,575.0463322280002,MONITOR,575.1929992400001,1.0000018969994926,0.25201882000055775,9.200099975714693e-05,DISABLED,on,user_reported,36.81678771972656,52.81974411010742,1006.725234375,120754.71875,True,True,True,176,0,0,109,178,101,2026-10-03T15:58:52.257996+07:00,575.046422116,0.18581540400009544,OK,,True,2026-10-03T15:58:52.443821+07:00,575.2322440200005,0.03323566099970776,OK,,True,1453,0.181625,,2026-10-03T15:58:52.477058+07:00,575.2654829400008,0.032859107999684056,OK,,True,2651,0.33137500000000003,
4793290d6ecf45aaad5326541298bf5f,577,2026-10-03T15:58:53.257908+07:00,576.0463256100002,576.0463256100002,MONITOR,576.192992622,0.9999933819999569,0.2527414630003477,8.53829997140565e-05,DISABLED,on,user_reported,36.813594818115234,52.81294631958008,1006.78171875,120925.8359375,True,True,True,176,0,0,109,178,101,2026-10-03T15:58:53.257980+07:00,576.0464059430005,0.1858046639999884,OK,,True,2026-10-03T15:58:53.443795+07:00,576.2322175150002,0.03297419899990928,OK,,True,1444,0.1805,,2026-10-03T15:58:53.476769+07:00,576.2651946590004,0.03385102599986567,OK,,True,2645,0.330625,
4793290d6ecf45aaad5326541298bf5f,578,2026-10-03T15:58:54.257923+07:00,577.046339255,577.046339255,MONITOR,577.1930062669999,1.0000136449998536,0.25165921400002844,9.902799956762465e-05,DISABLED,on,user_reported,36.81040573120117,52.82514572143555,1006.79703125,121011.578125,True,True,True,176,0,0,109,178,101,2026-10-03T15:58:54.257995+07:00,577.0464209400006,0.18579666499954328,OK,,True,2026-10-03T15:58:54.443799+07:00,577.2322231240005,0.03294406999975763,OK,,True,1443,0.180375,,2026-10-03T15:58:54.476744+07:00,577.2651702860003,0.032820276000165904,OK,,True,2652,0.3315,
4793290d6ecf45aaad5326541298bf5f,579,2026-10-03T15:58:55.257955+07:00,578.046362219,578.046362219,MONITOR,578.1930292309999,1.0000229639999816,0.2625525720004589,0.00012199199954920914,DISABLED,on,user_reported,36.812957763671875,52.81285858154297,1006.780625,121528.6015625,True,True,True,176,0,0,109,178,101,2026-10-03T15:58:55.258098+07:00,578.046523125,0.19174304400075926,OK,,True,2026-10-03T15:58:55.449860+07:00,578.238280521,0.035439662000499084,OK,,True,1465,0.183125,,2026-10-03T15:58:55.485305+07:00,578.2737285530002,0.03516792299978988,OK,,True,2666,0.33325,
4793290d6ecf45aaad5326541298bf5f,580,2026-10-03T15:58:56.257950+07:00,579.0463594090006,579.0463594090006,MONITOR,579.1930264210005,0.999997190000613,0.26131939700007933,0.00011918200016225455,DISABLED,on,user_reported,36.80657958984375,52.818267822265625,1006.7565625,120669.3359375,True,True,True,176,0,0,109,178,101,2026-10-03T15:58:56.258079+07:00,579.0465042960004,0.19137647400020796,OK,,True,2026-10-03T15:58:56.449475+07:00,579.2378941960005,0.03556275400023878,OK,,True,1444,0.1805,,2026-10-03T15:58:56.485044+07:00,579.2734654870001,0.03419528199992783,OK,,True,2662,0.33275,
4793290d6ecf45aaad5326541298bf5f,581,2026-10-03T15:58:57.257928+07:00,580.0463428430003,580.0463428430003,MONITOR,580.1930098550001,0.9999834339996596,0.2518059189997075,0.00010261599982186453,DISABLED,on,user_reported,36.804664611816406,52.817970275878906,1006.7603125,120329.0234375,True,True,True,176,0,0,109,178,101,2026-10-03T15:58:57.258004+07:00,580.0464304530005,0.1858192780000536,OK,,True,2026-10-03T15:58:57.443836+07:00,580.2322586760001,0.03301388500040048,OK,,True,1439,0.179875,,2026-10-03T15:58:57.476853+07:00,580.2652768020007,0.03286245999970561,OK,,True,2656,0.332,
4793290d6ecf45aaad5326541298bf5f,582,2026-10-03T15:58:58.257915+07:00,581.0463321699999,581.0463321699999,MONITOR,581.1929991819998,0.9999893269996392,0.251792475000002,9.194299946102547e-05,DISABLED,on,user_reported,36.79892349243164,52.82980728149414,1006.750859375,120329.0234375,True,True,True,176,0,0,109,178,101,2026-10-03T15:58:58.257985+07:00,581.0464115760005,0.18579650199990283,OK,,True,2026-10-03T15:58:58.443792+07:00,581.2322154110007,0.03303092199985258,OK,,True,1435,0.179375,,2026-10-03T15:58:58.476826+07:00,581.2652505740007,0.032865903999663715,OK,,True,2654,0.33175,
4793290d6ecf45aaad5326541298bf5f,583,2026-10-03T15:58:59.257913+07:00,582.0463306669999,582.0463306669999,MONITOR,582.1929976789997,0.9999984969999787,0.25196845600021334,9.043999943969538e-05,DISABLED,on,user_reported,36.80019760131836,52.829994201660156,1006.732578125,120754.71875,True,True,True,176,0,0,109,178,101,2026-10-03T15:58:59.257982+07:00,582.0464085550002,0.1857990200005588,OK,,True,2026-10-03T15:58:59.443791+07:00,582.2322149270003,0.033208253999873705,OK,,True,1441,0.180125,,2026-10-03T15:58:59.477002+07:00,582.2654267000007,0.032863422999980685,OK,,True,2659,0.33237500000000003,
4793290d6ecf45aaad5326541298bf5f,584,2026-10-03T15:59:00.257917+07:00,583.0463333520001,583.0463333520001,MONITOR,583.193000364,1.0000026850002541,0.2518512360002205,9.31249996938277e-05,DISABLED,on,user_reported,36.80019760131836,52.829994201660156,1006.74625,120669.3359375,True,True,True,176,0,0,109,178,101,2026-10-03T15:59:00.257989+07:00,583.046415926,0.18581526100024348,OK,,True,2026-10-03T15:59:00.443815+07:00,583.232238261,0.03308538500004943,OK,,True,1443,0.180375,,2026-10-03T15:59:00.476904+07:00,583.2653275350003,0.03284877599980973,OK,,True,2654,0.33175,
4793290d6ecf45aaad5326541298bf5f,585,2026-10-03T15:59:01.257920+07:00,584.0463360600006,584.0463360600006,MONITOR,584.1930030720005,1.0000027080004656,0.25180057099987607,9.583300015947316e-05,DISABLED,on,user_reported,36.799560546875,52.83622741699219,1006.786328125,120925.8359375,True,True,True,176,0,0,109,178,101,2026-10-03T15:59:01.257992+07:00,584.0464182260002,0.18579974400017818,OK,,True,2026-10-03T15:59:01.443801+07:00,584.2322246180001,0.03303312600019126,OK,,True,1448,0.181,,2026-10-03T15:59:01.476837+07:00,584.2652615780007,0.03286536799987516,OK,,True,2653,0.331625,
4793290d6ecf45aaad5326541298bf5f,586,2026-10-03T15:59:02.257985+07:00,585.0463924190008,585.0463924190008,MONITOR,585.1930594310006,1.0000563590001548,0.2625340239992511,0.00015219200031424407,DISABLED,on,user_reported,36.797645568847656,52.854942321777344,1006.741953125,121011.578125,True,True,True,176,0,0,109,178,101,2026-10-03T15:59:02.258115+07:00,585.0465404740007,0.191361866999614,OK,,True,2026-10-03T15:59:02.449499+07:00,585.2379184700003,0.03584260400020867,OK,,True,1466,0.18325,,2026-10-03T15:59:02.485350+07:00,585.2737707410006,0.03513620200010337,OK,,True,2666,0.33325,
4793290d6ecf45aaad5326541298bf5f,587,2026-10-03T15:59:03.257986+07:00,586.0463917090001,586.0463917090001,MONITOR,586.1930587209999,0.9999992899993231,0.26268042999981844,0.00015148199963732623,DISABLED,on,user_reported,36.80083465576172,52.83008575439453,1006.733671875,121962.8359375,True,True,True,176,0,0,109,178,101,2026-10-03T15:59:03.258136+07:00,586.0465603000002,0.19173806799972226,OK,,True,2026-10-03T15:59:03.449891+07:00,586.2383118870002,0.03546525500041753,OK,,True,1459,0.182375,,2026-10-03T15:59:03.485365+07:00,586.2737861980004,0.03526764500020363,OK,,True,2665,0.333125,
4793290d6ecf45aaad5326541298bf5f,588,2026-10-03T15:59:04.257929+07:00,587.0463449090003,587.0463449090003,MONITOR,587.1930119210001,0.9999532000001636,0.25175949999993463,0.0001046819998009596,DISABLED,on,user_reported,36.79254150390625,52.84154510498047,1006.726953125,121355.7734375,True,True,True,176,0,0,109,178,101,2026-10-03T15:59:04.258007+07:00,587.0464336120003,0.18580400599967106,OK,,True,2026-10-03T15:59:04.443821+07:00,587.2322441180004,0.033011552000061783,OK,,True,1437,0.179625,,2026-10-03T15:59:04.476835+07:00,587.2652599110006,0.03283583099982934,OK,,True,2654,0.33175,
4793290d6ecf45aaad5326541298bf5f,589,2026-10-03T15:59:05.257916+07:00,588.0463307990003,588.0463307990003,MONITOR,588.1929978110002,0.9999858900000618,0.2520505160000539,9.05719998627319e-05,DISABLED,on,user_reported,36.79254150390625,52.847877502441406,1006.774921875,121097.4453125,True,True,True,176,0,0,109,178,101,2026-10-03T15:59:05.257991+07:00,588.0464174650006,0.18581591299971478,OK,,True,2026-10-03T15:59:05.443818+07:00,588.2322406550002,0.03326977300002909,OK,,True,1440,0.18,,2026-10-03T15:59:05.477090+07:00,588.2655145950002,0.03285812800004351,OK,,True,2657,0.332125,
4793290d6ecf45aaad5326541298bf5f,590,2026-10-03T15:59:06.257912+07:00,589.0463278020006,589.0463278020006,MONITOR,589.1929948140005,0.9999970030003169,0.25180992700006755,8.757500017964048e-05,DISABLED,on,user_reported,36.79126739501953,52.84136199951172,1006.834375,120584.078125,True,True,True,176,0,0,109,178,101,2026-10-03T15:59:06.257989+07:00,589.0464150790003,0.18581117400026415,OK,,True,2026-10-03T15:59:06.443809+07:00,589.2322328640003,0.033043366999663704,OK,,True,1439,0.179875,,2026-10-03T15:59:06.476856+07:00,589.2652800270007,0.032849610000084795,OK,,True,2658,0.33225,
4793290d6ecf45aaad5326541298bf5f,591,2026-10-03T15:59:07.257918+07:00,590.0463331990004,590.0463331990004,MONITOR,590.1930002110003,1.000005396999768,0.2518660200003069,9.297199994762195e-05,DISABLED,on,user_reported,36.794456481933594,52.85447692871094,1006.825859375,120840.21875,True,True,True,176,0,0,109,178,101,2026-10-03T15:59:07.257998+07:00,590.0464243460001,0.18581317400003172,OK,,True,2026-10-03T15:59:07.443822+07:00,590.2322451310001,0.03307442300047114,OK,,True,1445,0.180625,,2026-10-03T15:59:07.476900+07:00,590.2653236650003,0.032865424000192434,OK,,True,2651,0.33137500000000003,
4793290d6ecf45aaad5326541298bf5f,592,2026-10-03T15:59:08.257915+07:00,591.0463300240008,591.0463300240008,MONITOR,591.1929970360006,0.9999968250003803,0.2518151329995817,8.979700032796245e-05,DISABLED,on,user_reported,36.79828643798828,52.86137390136719,1006.749921875,121097.4453125,True,True,True,176,0,0,109,178,101,2026-10-03T15:59:08.257996+07:00,591.0464227460006,0.18580935999943904,OK,,True,2026-10-03T15:59:08.443816+07:00,591.2322386980004,0.033034701000360656,OK,,True,1440,0.18,,2026-10-03T15:59:08.476853+07:00,591.265277214,0.03285879500072042,OK,,True,2648,0.331,
4793290d6ecf45aaad5326541298bf5f,593,2026-10-03T15:59:09.257912+07:00,592.046327428,592.046327428,MONITOR,592.1929944399999,0.9999974039992594,0.2517555970007379,8.720099958736682e-05,DISABLED,on,user_reported,36.801475524902344,52.86183166503906,1006.761953125,120498.9375,True,True,True,176,0,0,109,178,101,2026-10-03T15:59:09.257988+07:00,592.0464147790008,0.18580176799969195,OK,,True,2026-10-03T15:59:09.443799+07:00,592.2322220100004,0.03298334999999497,OK,,True,1444,0.1805,,2026-10-03T15:59:09.476785+07:00,592.2652097670007,0.03286451699932513,OK,,True,2654,0.33175,
4793290d6ecf45aaad5326541298bf5f,594,2026-10-03T15:59:10.257911+07:00,593.0463277610006,593.0463277610006,MONITOR,593.1929947730005,1.0000003330005711,0.25179359699995985,8.753400015848456e-05,DISABLED,on,user_reported,36.79381561279297,52.86072540283203,1006.742578125,121442.125,True,True,True,176,0,0,109,178,101,2026-10-03T15:59:10.257989+07:00,593.0464156120006,0.18582182399950398,OK,,True,2026-10-03T15:59:10.443822+07:00,593.2322445280006,0.03302673899997899,OK,,True,1441,0.180125,,2026-10-03T15:59:10.476851+07:00,593.2652746930007,0.032837979999385425,OK,,True,2652,0.3315,
4793290d6ecf45aaad5326541298bf5f,595,2026-10-03T15:59:11.257913+07:00,594.0463289310001,594.0463289310001,MONITOR,594.1929959429999,1.0000011699994502,0.2517292649999945,8.87039996086969e-05,DISABLED,on,user_reported,36.78871536254883,52.859981536865234,1006.768671875,120840.21875,True,True,True,176,0,0,109,178,101,2026-10-03T15:59:11.257991+07:00,594.0464177630001,0.18580543600000965,OK,,True,2026-10-03T15:59:11.443805+07:00,594.2322286990002,0.032954201999928046,OK,,True,1447,0.180875,,2026-10-03T15:59:11.476761+07:00,594.265186271,0.03284803700080374,OK,,True,2653,0.331625,
4793290d6ecf45aaad5326541298bf5f,596,2026-10-03T15:59:12.257937+07:00,595.04635203,595.04635203,MONITOR,595.1930190419998,1.0000230989999181,0.2521253560007608,0.00011180299952684436,DISABLED,on,user_reported,36.786800384521484,52.87236404418945,1006.8203125,121097.4453125,True,True,True,176,0,0,109,178,101,2026-10-03T15:59:12.258022+07:00,595.0464480290002,0.1858085479998408,OK,,True,2026-10-03T15:59:12.443841+07:00,595.2322635390001,0.03328986700034875,OK,,True,1454,0.18175,,2026-10-03T15:59:12.477135+07:00,595.2655581650006,0.03290784999990137,OK,,True,2657,0.332125,
4793290d6ecf45aaad5326541298bf5f,597,2026-10-03T15:59:13.257908+07:00,596.0463237630001,596.0463237630001,MONITOR,596.192990775,0.9999717330001658,0.25186624700018,8.353599969268544e-05,DISABLED,on,user_reported,36.790626525878906,52.8665885925293,1006.758125,120498.9375,True,True,True,176,0,0,109,178,101,2026-10-03T15:59:13.257992+07:00,596.0464178540005,0.18581612300022243,OK,,True,2026-10-03T15:59:13.443819+07:00,596.232241699,0.03305144200021459,OK,,True,1444,0.1805,,2026-10-03T15:59:13.476873+07:00,596.2652969740002,0.03288364699983504,OK,,True,2654,0.33175,
4793290d6ecf45aaad5326541298bf5f,598,2026-10-03T15:59:14.257954+07:00,597.0463599430004,597.0463599430004,MONITOR,597.1930269550003,1.0000361800002793,0.2629634380000425,0.00011971599997195881,DISABLED,on,user_reported,36.790626525878906,52.872920989990234,1006.771796875,121097.4453125,True,True,True,176,0,0,109,178,101,2026-10-03T15:59:14.258114+07:00,597.0465389600004,0.19174635400031548,OK,,True,2026-10-03T15:59:14.449878+07:00,597.2382978690002,0.0355279410005096,OK,,True,1460,0.1825,,2026-10-03T15:59:14.485414+07:00,597.2738354950006,0.03546410899980401,OK,,True,2661,0.332625,
4793290d6ecf45aaad5326541298bf5f,599,2026-10-03T15:59:15.257924+07:00,598.0463392010006,598.0463392010006,MONITOR,598.1930062130004,0.9999792580001667,0.25176852799995686,9.897400013869628e-05,DISABLED,on,user_reported,36.7970085144043,52.873844146728516,1006.7684375,120075.046875,True,True,True,176,0,0,109,178,101,2026-10-03T15:59:15.258006+07:00,598.0464327190002,0.18580132700026297,OK,,True,2026-10-03T15:59:15.443818+07:00,598.2322405650002,0.03299829400020826,OK,,True,1438,0.17975,,2026-10-03T15:59:15.476818+07:00,598.2652421370003,0.03285707400027604,OK,,True,2655,0.33187500000000003,
4793290d6ecf45aaad5326541298bf5f,600,2026-10-03T15:59:16.257908+07:00,599.0463235740008,599.0463235740008,MONITOR,599.1929905860006,0.9999843730001885,0.2520326189996922,8.334700032719411e-05,DISABLED,on,user_reported,36.79254150390625,52.87953186035156,1006.7475,120669.3359375,True,True,True,176,0,0,109,178,101,2026-10-03T15:59:16.257987+07:00,599.0464130360006,0.18579673600015667,OK,,True,2026-10-03T15:59:16.443792+07:00,599.2322156600003,0.03321866399983264,OK,,True,1452,0.1815,,2026-10-03T15:59:16.477017+07:00,599.2654398610002,0.032907388000239735,OK,,True,2652,0.3315,
4793290d6ecf45aaad5326541298bf5f,601,2026-10-03T15:59:17.257910+07:00,600.0463255240002,600.0463255240002,MONITOR,600.192992536,1.0000019499993869,0.25194723200002045,8.529699971404625e-05,DISABLED,on,user_reported,36.79317855834961,52.89228057861328,1006.7415625,120669.3359375,True,True,True,176,0,0,109,178,101,2026-10-03T15:59:17.257996+07:00,600.0464216160008,0.18582490299922938,OK,,True,2026-10-03T15:59:17.443833+07:00,600.2322555000001,0.03306598000017402,OK,,True,1442,0.18025,,2026-10-03T15:59:17.476902+07:00,600.2653258500004,0.03293603600013739,OK,,True,2655,0.33187500000000003,
4793290d6ecf45aaad5326541298bf5f,602,2026-10-03T15:59:18.257910+07:00,601.0463257930005,601.0463257930005,MONITOR,601.1929928050004,1.0000002690003384,0.2529919279995738,8.556600005249493e-05,DISABLED,on,user_reported,36.78169631958008,52.865291595458984,1006.74359375,120754.71875,True,True,True,176,0,0,109,178,101,2026-10-03T15:59:18.257994+07:00,601.0464205140006,0.1858222000000751,OK,,True,2026-10-03T15:59:18.443829+07:00,601.2322512690007,0.03412958299941238,OK,,True,1431,0.178875,,2026-10-03T15:59:18.477962+07:00,601.2663854259999,0.032921907000854844,OK,,True,2652,0.3315,
4793290d6ecf45aaad5326541298bf5f,603,2026-10-03T15:59:19.257910+07:00,602.0463255280001,602.0463255280001,MONITOR,602.19299254,0.9999997349996192,0.251860549000412,8.530099967174465e-05,DISABLED,on,user_reported,36.78169631958008,52.88428497314453,1006.75734375,120669.3359375,True,True,True,176,0,0,109,178,101,2026-10-03T15:59:19.257991+07:00,602.0464168420003,0.18581588600045507,OK,,True,2026-10-03T15:59:19.443818+07:00,602.2322401910005,0.033032645999810484,OK,,True,1434,0.17925,,2026-10-03T15:59:19.476853+07:00,602.2652767260006,0.032900499999414023,OK,,True,2660,0.3325,
4793290d6ecf45aaad5326541298bf5f,604,2026-10-03T15:59:20.257960+07:00,603.0463657660002,603.0463657660002,MONITOR,603.1930327780001,1.0000402380001105,0.26298257400048897,0.0001255389997822931,DISABLED,on,user_reported,36.786800384521484,52.891361236572266,1006.73140625,120498.9375,True,True,True,176,0,0,109,178,101,2026-10-03T15:59:20.258120+07:00,603.0465452650005,0.1917600239994499,OK,,True,2026-10-03T15:59:20.449901+07:00,603.2383204930002,0.03548285000033502,OK,,True,1460,0.1825,,2026-10-03T15:59:20.485390+07:00,603.2738130830003,0.03551696100021218,OK,,True,2669,0.333625,
4793290d6ecf45aaad5326541298bf5f,605,2026-10-03T15:59:21.257973+07:00,604.0463793420004,604.0463793420004,MONITOR,604.1930463540002,1.0000135760001285,0.2629511300001468,0.00013911499991081655,DISABLED,on,user_reported,36.780418395996094,52.90309524536133,1006.70734375,120244.25,True,True,True,176,0,0,109,178,101,2026-10-03T15:59:21.258135+07:00,604.0465591740003,0.1917818760002774,OK,,True,2026-10-03T15:59:21.449940+07:00,604.2383585320003,0.03553944200029946,OK,,True,1433,0.179125,,2026-10-03T15:59:21.485485+07:00,604.2739073070006,0.03540298000007169,OK,,True,2664,0.333,
4793290d6ecf45aaad5326541298bf5f,606,2026-10-03T15:59:22.258029+07:00,605.0464350130005,605.0464350130005,MONITOR,605.1931020250004,1.0000556710001547,0.26249511599962716,0.0001947860000655055,DISABLED,on,user_reported,36.772762298583984,52.88298034667969,1006.688125,120584.078125,True,True,True,176,0,0,109,178,101,2026-10-03T15:59:22.258180+07:00,605.0466050300001,0.19141001000025426,OK,,True,2026-10-03T15:59:22.449654+07:00,605.238031336,0.035582405000241124,OK,,True,1441,0.180125,,2026-10-03T15:59:22.485204+07:00,605.2736241110006,0.03528472200014221,OK,,True,2666,0.33325,
4793290d6ecf45aaad5326541298bf5f,607,2026-10-03T15:59:23.257930+07:00,606.0463453550001,606.0463453550001,MONITOR,606.1930123669999,0.9999103419995663,0.25177803600035986,0.00010512799963180441,DISABLED,on,user_reported,36.76702117919922,52.90114974975586,1006.747109375,120498.9375,True,True,True,176,0,0,109,178,101,2026-10-03T15:59:23.258013+07:00,606.0464395030003,0.18580816600024264,OK,,True,2026-10-03T15:59:23.443831+07:00,606.2322547060003,0.03301227700012532,OK,,True,1455,0.181875,,2026-10-03T15:59:23.476847+07:00,606.2652715940003,0.032842704000358935,OK,,True,2650,0.33125,
4793290d6ecf45aaad5326541298bf5f,608,2026-10-03T15:59:24.257909+07:00,607.0463247560001,607.0463247560001,MONITOR,607.192991768,0.9999794010000187,0.25197446099991794,8.452899965050165e-05,DISABLED,on,user_reported,36.77021026611328,52.90795135498047,1006.711328125,120329.0234375,True,True,True,176,0,0,109,178,101,2026-10-03T15:59:24.257992+07:00,607.046418033,0.18580690799990407,OK,,True,2026-10-03T15:59:24.443808+07:00,607.2322324410006,0.03319521999947028,OK,,True,1448,0.181,,2026-10-03T15:59:24.477006+07:00,607.2654315680002,0.03285740800038184,OK,,True,2653,0.331625,
4793290d6ecf45aaad5326541298bf5f,609,2026-10-03T15:59:25.257906+07:00,608.046321975,608.046321975,MONITOR,608.1929889869998,0.9999972189998516,0.2517958520002139,8.174799950211309e-05,DISABLED,on,user_reported,36.771488189697266,52.92080307006836,1006.850234375,120244.25,True,True,True,176,0,0,109,178,101,2026-10-03T15:59:25.257989+07:00,608.0464149750005,0.18581259300026431,OK,,True,2026-10-03T15:59:25.443813+07:00,608.2322355120004,0.03301673999976629,OK,,True,1455,0.181875,,2026-10-03T15:59:25.476832+07:00,608.2652562890007,0.03285172300002159,OK,,True,2656,0.332,
4793290d6ecf45aaad5326541298bf5f,610,2026-10-03T15:59:26.257911+07:00,609.0463264939999,609.0463264939999,MONITOR,609.1929935059998,1.0000045189999582,0.2517685930006337,8.626699946034933e-05,DISABLED,on,user_reported,36.770851135253906,52.914363861083984,1006.835546875,120498.9375,True,True,True,176,0,0,109,178,101,2026-10-03T15:59:26.257992+07:00,609.0464182710002,0.18580098300026293,OK,,True,2026-10-03T15:59:26.443803+07:00,609.2322268090002,0.03297972200016375,OK,,True,1435,0.179375,,2026-10-03T15:59:26.476784+07:00,609.2652099760007,0.032875351999791746,OK,,True,2652,0.3315,
4793290d6ecf45aaad5326541298bf5f,611,2026-10-03T15:59:27.257910+07:00,610.0463258500004,610.0463258500004,MONITOR,610.1929928620002,0.9999993560004441,0.25187662999996974,8.562299990444444e-05,DISABLED,on,user_reported,36.77467727661133,52.93392562866211,1006.786953125,120329.0234375,True,True,True,176,0,0,109,178,101,2026-10-03T15:59:27.257995+07:00,610.0464204420005,0.18581592699956673,OK,,True,2026-10-03T15:59:27.443822+07:00,610.2322440730004,0.03302592499949242,OK,,True,1440,0.18,,2026-10-03T15:59:27.476848+07:00,610.2652730720001,0.03291825999986031,OK,,True,2657,0.332125,
4793290d6ecf45aaad5326541298bf5f,612,2026-10-03T15:59:28.257982+07:00,611.046390986,611.046390986,MONITOR,611.1930579979999,1.0000651359996482,0.2610104670002329,0.00015075899955263594,DISABLED,on,user_reported,36.777870178222656,52.94072341918945,1006.792109375,120840.21875,True,True,True,176,0,0,109,178,101,2026-10-03T15:59:28.258106+07:00,611.0465320410003,0.19034670699966227,OK,,True,2026-10-03T15:59:28.448475+07:00,611.2368942480007,0.03523577899977681,OK,,True,1442,0.18025,,2026-10-03T15:59:28.483718+07:00,611.2721395819999,0.03523942700030602,OK,,True,2666,0.33325,
4793290d6ecf45aaad5326541298bf5f,613,2026-10-03T15:59:29.257964+07:00,612.0463769410007,612.0463769410007,MONITOR,612.1930439530006,0.9999859550007386,0.25178205899919703,0.00013671400029124925,DISABLED,on,user_reported,36.778507232666016,52.91547775268555,1006.81375,120413.921875,True,True,True,176,0,0,109,178,101,2026-10-03T15:59:29.258049+07:00,612.0464755890007,0.18582037299984222,OK,,True,2026-10-03T15:59:29.443881+07:00,612.2323043140004,0.032942445000117004,OK,,True,1441,0.180125,,2026-10-03T15:59:29.476824+07:00,612.2652498140005,0.03289877899987914,OK,,True,2650,0.33125,
4793290d6ecf45aaad5326541298bf5f,614,2026-10-03T15:59:30.257912+07:00,613.0463276410001,613.0463276410001,MONITOR,613.1929946529999,0.9999506999993173,0.2518488920004529,8.741399960854324e-05,DISABLED,on,user_reported,36.77722930908203,52.934295654296875,1006.756875,121097.4453125,True,True,True,176,0,0,109,178,101,2026-10-03T15:59:30.257994+07:00,613.0464207330006,0.1858149849995243,OK,,True,2026-10-03T15:59:30.443821+07:00,613.2322439590007,0.03301361099966016,OK,,True,1438,0.17975,,2026-10-03T15:59:30.476836+07:00,613.265260829,0.032905945000493375,OK,,True,2657,0.332125,
4793290d6ecf45aaad5326541298bf5f,615,2026-10-03T15:59:31.257913+07:00,614.0463283620002,614.0463283620002,MONITOR,614.192995374,1.0000007210001058,0.25201898500017705,8.813499971438432e-05,DISABLED,on,user_reported,36.778507232666016,52.934478759765625,1006.73171875,121442.125,True,True,True,176,0,0,109,178,101,2026-10-03T15:59:31.257996+07:00,614.0464223980007,0.18581641199943988,OK,,True,2026-10-03T15:59:31.443824+07:00,614.2322465690004,0.03321122099987406,OK,,True,1446,0.18075,,2026-10-03T15:59:31.477036+07:00,614.2654611420003,0.03287731599994004,OK,,True,2650,0.33125,
4793290d6ecf45aaad5326541298bf5f,616,2026-10-03T15:59:32.257921+07:00,615.0463360130007,615.0463360130007,MONITOR,615.1930030250005,1.0000076510004874,0.2518700049995459,9.578600020176964e-05,DISABLED,on,user_reported,36.77404022216797,52.921165466308594,1006.73125,120244.25,True,True,True,176,0,0,109,178,101,2026-10-03T15:59:32.258008+07:00,615.0464339750006,0.1858237079995888,OK,,True,2026-10-03T15:59:32.443843+07:00,615.2322658680005,0.0329695009995703,OK,,True,1446,0.18075,,2026-10-03T15:59:32.476812+07:00,615.2652384060002,0.03295707500001299,OK,,True,2652,0.3315,
4793290d6ecf45aaad5326541298bf5f,617,2026-10-03T15:59:33.257925+07:00,616.046340074,616.046340074,MONITOR,616.1930070859999,1.0000040609993448,0.2517821550000008,9.984699954657117e-05,DISABLED,on,user_reported,36.772762298583984,52.914642333984375,1006.763359375,120413.921875,True,True,True,176,0,0,109,178,101,2026-10-03T15:59:33.258009+07:00,616.0464357400006,0.18582400499963114,OK,,True,2026-10-03T15:59:33.443845+07:00,616.2322680970001,0.0329689079999298,OK,,True,1442,0.18025,,2026-10-03T15:59:33.476814+07:00,616.265239931,0.032872705000045244,OK,,True,2653,0.331625,
4793290d6ecf45aaad5326541298bf5f,618,2026-10-03T15:59:34.257919+07:00,617.0463340830001,617.0463340830001,MONITOR,617.193001095,0.9999940090001473,0.2517951930003619,9.385599969391478e-05,DISABLED,on,user_reported,36.772125244140625,52.927223205566406,1006.789609375,120498.9375,True,True,True,176,0,0,109,178,101,2026-10-03T15:59:34.258002+07:00,617.046428138,0.1858245250004984,OK,,True,2026-10-03T15:59:34.443838+07:00,617.2322606810003,0.03297809299965593,OK,,True,1439,0.179875,,2026-10-03T15:59:34.476815+07:00,617.2652414230006,0.032878686000003654,OK,,True,2653,0.331625,
4793290d6ecf45aaad5326541298bf5f,619,2026-10-03T15:59:35.257919+07:00,618.0463340770002,618.0463340770002,MONITOR,618.1930010890001,0.9999999940000635,0.25177884200002154,9.384999975736719e-05,DISABLED,on,user_reported,36.76957321166992,52.93317794799805,1006.7103125,120669.3359375,True,True,True,176,0,0,109,178,101,2026-10-03T15:59:35.258003+07:00,618.0464290580003,0.1858277849996739,OK,,True,2026-10-03T15:59:35.443843+07:00,618.2322649170001,0.03297785199993086,OK,,True,1436,0.1795,,2026-10-03T15:59:35.476820+07:00,618.2652455840007,0.032856630999958725,OK,,True,2650,0.33125,
4793290d6ecf45aaad5326541298bf5f,620,2026-10-03T15:59:36.257909+07:00,619.0463241490006,619.0463241490006,MONITOR,619.1929911610005,0.9999900720004007,0.2518053610001516,8.392200015805429e-05,DISABLED,on,user_reported,36.770851135253906,52.92702865600586,1006.705546875,120498.9375,True,True,True,176,0,0,109,178,101,2026-10-03T15:59:36.257991+07:00,619.0464178150005,0.18581793300018035,OK,,True,2026-10-03T15:59:36.443821+07:00,619.232243767,0.03298164900024858,OK,,True,1449,0.181125,,2026-10-03T15:59:36.476803+07:00,619.2652284900005,0.03289181600030133,OK,,True,2652,0.3315,
4793290d6ecf45aaad5326541298bf5f,621,2026-10-03T15:59:37.257911+07:00,620.0463267790001,620.0463267790001,MONITOR,620.1929937909999,1.0000026299994715,0.25207954500001506,8.655199962959159e-05,DISABLED,on,user_reported,36.78105926513672,52.94118118286133,1006.742578125,120498.9375,True,True,True,176,0,0,109,178,101,2026-10-03T15:59:37.257994+07:00,620.0464199450007,0.18582623099973716,OK,,True,2026-10-03T15:59:37.443833+07:00,620.23225525,0.03324564700051269,OK,,True,1443,0.180375,,2026-10-03T15:59:37.477080+07:00,620.2655046,0.032891002000724257,OK,,True,2655,0.33187500000000003,
4793290d6ecf45aaad5326541298bf5f,622,2026-10-03T15:59:38.257911+07:00,621.0463263580004,621.0463263580004,MONITOR,621.1929933700003,0.9999995790003595,0.2518159729997933,8.613099998910911e-05,DISABLED,on,user_reported,36.77467727661133,52.93392562866211,1006.78015625,120840.21875,True,True,True,176,0,0,109,178,101,2026-10-03T15:59:38.257995+07:00,621.046421598,0.18581054600053903,OK,,True,2026-10-03T15:59:38.443817+07:00,621.2322397360003,0.03298185299991019,OK,,True,1448,0.181,,2026-10-03T15:59:38.476799+07:00,621.2652247370006,0.03290807599933032,OK,,True,2648,0.331,
4793290d6ecf45aaad5326541298bf5f,623,2026-10-03T15:59:39.257951+07:00,622.0463647350007,622.0463647350007,MONITOR,622.1930317470005,1.0000383770002372,0.25191599299978407,0.00012450800022634212,DISABLED,on,user_reported,36.76638412475586,52.939048767089844,1006.739296875,120329.0234375,True,True,True,176,0,0,109,178,101,2026-10-03T15:59:39.258039+07:00,622.0464649750002,0.18582221300039237,OK,,True,2026-10-03T15:59:39.443873+07:00,622.2322955770005,0.03293813100026455,OK,,True,1446,0.18075,,2026-10-03T15:59:39.476811+07:00,622.2652365230006,0.033034111999768356,OK,,True,2655,0.33187500000000003,
4793290d6ecf45aaad5326541298bf5f,624,2026-10-03T15:59:40.257973+07:00,623.0463851540007,623.0463851540007,MONITOR,623.1930521660006,1.0000204190000659,0.25209049099976255,0.0001449270002922276,DISABLED,on,user_reported,36.765743255615234,52.94529342651367,1006.7109375,120584.078125,True,True,True,176,0,0,109,178,101,2026-10-03T15:59:40.258077+07:00,623.0465023010001,0.18601961900003516,OK,,True,2026-10-03T15:59:40.444107+07:00,623.2325301430001,0.03295802000047843,OK,,True,1448,0.181,,2026-10-03T15:59:40.477065+07:00,623.2654911630007,0.0329739270000573,OK,,True,2655,0.33187500000000003,
4793290d6ecf45aaad5326541298bf5f,625,2026-10-03T15:59:41.257921+07:00,624.0463361500006,624.0463361500006,MONITOR,624.1930031620004,0.999950995999825,0.25178055000014865,9.59230001171818e-05,DISABLED,on,user_reported,36.75809097290039,52.944175720214844,1006.7190625,120413.921875,True,True,True,176,0,0,109,178,101,2026-10-03T15:59:41.258005+07:00,624.0464309830004,0.18583275099990715,OK,,True,2026-10-03T15:59:41.443849+07:00,624.2322718630003,0.03296778000003542,OK,,True,1441,0.180125,,2026-10-03T15:59:41.476817+07:00,624.2652426060004,0.03286376100004418,OK,,True,2653,0.331625,
4793290d6ecf45aaad5326541298bf5f,626,2026-10-03T15:59:42.257941+07:00,625.0463553899999,625.0463553899999,MONITOR,625.1930224019998,1.0000192399993466,0.25177797700052906,0.0001151629994637915,DISABLED,on,user_reported,36.74851989746094,52.94279479980469,1006.737890625,121269.5390625,True,True,True,176,0,0,109,178,101,2026-10-03T15:59:42.258025+07:00,625.0464512040007,0.18582021499969414,OK,,True,2026-10-03T15:59:42.443856+07:00,625.2322793450003,0.03297157500037429,OK,,True,1442,0.18025,,2026-10-03T15:59:42.476829+07:00,625.2652546420004,0.03286846599985438,OK,,True,2655,0.33187500000000003,
4793290d6ecf45aaad5326541298bf5f,627,2026-10-03T15:59:43.257973+07:00,626.0463834660004,626.0463834660004,MONITOR,626.1930504780003,1.0000280760004898,0.2517914039999596,0.0001432389999536099,DISABLED,on,user_reported,36.75298309326172,52.94977569580078,1006.703828125,120584.078125,True,True,True,176,0,0,109,178,101,2026-10-03T15:59:43.258065+07:00,626.0464913730002,0.18584121500043693,OK,,True,2026-10-03T15:59:43.443918+07:00,626.2323405510006,0.032968908999464475,OK,,True,1443,0.180375,,2026-10-03T15:59:43.476886+07:00,626.2653124420003,0.03285324300031789,OK,,True,2648,0.331,
4793290d6ecf45aaad5326541298bf5f,628,2026-10-03T15:59:44.259399+07:00,627.0478049980002,627.0478049980002,MONITOR,627.19447201,1.0014215319997675,0.261774270999922,0.0015647709997210768,DISABLED,on,user_reported,36.74532699584961,52.96765899658203,1006.84203125,120925.8359375,True,True,True,176,0,0,109,178,101,2026-10-03T15:59:44.259550+07:00,627.0479745150005,0.19073462199958158,OK,,True,2026-10-03T15:59:44.450305+07:00,627.2387235260003,0.03553163000015047,OK,,True,1445,0.180625,,2026-10-03T15:59:44.485841+07:00,627.2742638600002,0.03529252099997393,OK,,True,2669,0.333625,
4793290d6ecf45aaad5326541298bf5f,629,2026-10-03T15:59:45.257972+07:00,628.0463813890001,628.0463813890001,MONITOR,628.1930484009999,0.998576390999915,0.2639839210005448,0.00014116199963609688,DISABLED,on,user_reported,36.746604919433594,52.95518493652344,1006.851015625,120584.078125,True,True,True,176,0,0,109,178,101,2026-10-03T15:59:45.258115+07:00,628.0465399250006,0.19067441900006088,OK,,True,2026-10-03T15:59:45.448809+07:00,628.2372289550003,0.03777229800016357,OK,,True,1456,0.182,,2026-10-03T15:59:45.486587+07:00,628.2750096790005,0.03533420599978854,OK,,True,2668,0.3335,
4793290d6ecf45aaad5326541298bf5f,630,2026-10-03T15:59:46.265290+07:00,629.0536969550003,629.0536969550003,MONITOR,629.2003639670002,1.0073155660002158,0.26160021899977437,0.007456727999851864,DISABLED,on,user_reported,36.74851989746094,52.980796813964844,1006.785703125,120669.3359375,True,True,True,176,0,0,109,178,101,2026-10-03T15:59:46.265437+07:00,629.0538616210006,0.19023036799990223,OK,,True,2026-10-03T15:59:46.455685+07:00,629.2441055260006,0.0358914239996011,OK,,True,1451,0.181375,,2026-10-03T15:59:46.491582+07:00,629.2800055790003,0.03527139200014062,OK,,True,2667,0.33337500000000003,
4793290d6ecf45aaad5326541298bf5f,631,2026-10-03T15:59:47.259974+07:00,630.0483834200004,630.0483834200004,MONITOR,630.1950504320002,0.9946864650000862,0.2649549529996875,0.0021431929999380372,DISABLED,on,user_reported,36.75936508178711,52.976036071777344,1006.77578125,120584.078125,True,True,True,176,0,0,109,178,101,2026-10-03T15:59:47.260121+07:00,630.0485458080002,0.191024622000441,OK,,True,2026-10-03T15:59:47.451165+07:00,630.2395846700001,0.03686345400001301,OK,,True,1447,0.180875,,2026-10-03T15:59:47.488032+07:00,630.2764562900002,0.03686439800003427,OK,,True,2663,0.33287500000000003,
4793290d6ecf45aaad5326541298bf5f,632,2026-10-03T15:59:48.258243+07:00,631.0466471380005,631.0466471380005,MONITOR,631.1933141500003,0.9982637180000893,0.2611663170000611,0.0004069110000273213,DISABLED,on,user_reported,36.753623962402344,52.975196838378906,1006.79390625,121011.578125,True,True,True,176,0,0,109,178,101,2026-10-03T15:59:48.258410+07:00,631.0468327480003,0.1891265439999188,OK,,True,2026-10-03T15:59:48.447550+07:00,631.2359706260004,0.03562249999959022,OK,,True,1440,0.18,,2026-10-03T15:59:48.483174+07:00,631.2715982,0.036194866000187176,OK,,True,2666,0.33325,
4793290d6ecf45aaad5326541298bf5f,633,2026-10-03T15:59:49.260460+07:00,632.048872847,632.048872847,MONITOR,632.1955398589998,1.0022257089995037,0.2519262780006102,0.0026326199995310162,DISABLED,on,user_reported,36.75298309326172,52.9877815246582,1006.77234375,120925.8359375,True,True,True,176,0,0,109,178,101,2026-10-03T15:59:49.260564+07:00,632.0489891240004,0.1859384030003639,OK,,True,2026-10-03T15:59:49.446513+07:00,632.234935601,0.03298800300035509,OK,,True,1456,0.182,,2026-10-03T15:59:49.479502+07:00,632.2679266220002,0.032861837000382366,OK,,True,2651,0.33137500000000003,
4793290d6ecf45aaad5326541298bf5f,634,2026-10-03T15:59:50.257945+07:00,633.0463600030007,633.0463600030007,MONITOR,633.1930270150006,0.9974871560007159,0.25203135299943824,0.00011977600024692947,DISABLED,on,user_reported,36.7542610168457,52.98796081542969,1006.788046875,120840.21875,True,True,True,176,0,0,109,178,101,2026-10-03T15:59:50.258030+07:00,633.0464567810004,0.18583270099952642,OK,,True,2026-10-03T15:59:50.443875+07:00,633.2322977780004,0.033250278000195976,OK,,True,1444,0.1805,,2026-10-03T15:59:50.477126+07:00,633.2655516670002,0.03283002199987095,OK,,True,2655,0.33187500000000003,
4793290d6ecf45aaad5326541298bf5f,635,2026-10-03T15:59:51.257917+07:00,634.0463321440002,634.0463321440002,MONITOR,634.192999156,0.9999721409994891,0.25178192900057184,9.191699973598588e-05,DISABLED,on,user_reported,36.7491569519043,52.974552154541016,1006.74578125,120159.5859375,True,True,True,176,0,0,109,178,101,2026-10-03T15:59:51.258000+07:00,634.0464266250001,0.1858188500000324,OK,,True,2026-10-03T15:59:51.443831+07:00,634.2322538080007,0.03300305799984926,OK,,True,1439,0.179875,,2026-10-03T15:59:51.476836+07:00,634.2652604770001,0.03284428100050718,OK,,True,2647,0.33087500000000003,
4793290d6ecf45aaad5326541298bf5f,636,2026-10-03T15:59:52.257909+07:00,635.0463253800008,635.0463253800008,MONITOR,635.1929923920006,0.9999932360005914,0.2517744299993865,8.515300032740925e-05,DISABLED,on,user_reported,36.75043487548828,52.993736267089844,1006.768203125,120413.921875,True,True,True,176,0,0,109,178,101,2026-10-03T15:59:52.257990+07:00,635.0464163050001,0.18581909200020164,OK,,True,2026-10-03T15:59:52.443821+07:00,635.2322435080005,0.03299100200001703,OK,,True,1443,0.180375,,2026-10-03T15:59:52.476812+07:00,635.2652376400001,0.032853706999958376,OK,,True,2655,0.33187500000000003,
4793290d6ecf45aaad5326541298bf5f,637,2026-10-03T15:59:53.257908+07:00,636.0463242860005,636.0463242860005,MONITOR,636.1929912980004,0.9999989059997461,0.25177859799987345,8.405900007346645e-05,DISABLED,on,user_reported,36.75234603881836,52.98768997192383,1006.80546875,120498.9375,True,True,True,176,0,0,109,178,101,2026-10-03T15:59:53.257983+07:00,636.0464096190008,0.18583396199937852,OK,,True,2026-10-03T15:59:53.443831+07:00,636.2322527850001,0.032985447000100976,OK,,True,1448,0.181,,2026-10-03T15:59:53.476816+07:00,636.2652413989999,0.03285248500014859,OK,,True,2653,0.331625,
4793290d6ecf45aaad5326541298bf5f,638,2026-10-03T15:59:54.257952+07:00,637.0463641770002,637.0463641770002,MONITOR,637.1930311890001,1.0000398909996875,0.25184063500000775,0.00012394999976095278,DISABLED,on,user_reported,36.760643005371094,52.97621536254883,1006.730078125,120498.9375,True,True,True,176,0,0,109,178,101,2026-10-03T15:59:54.258038+07:00,637.0464643240002,0.18584490700050083,OK,,True,2026-10-03T15:59:54.443896+07:00,637.2323183790004,0.03300492899961682,OK,,True,1441,0.180125,,2026-10-03T15:59:54.476901+07:00,637.2653264380006,0.03286918899993907,OK,,True,2649,0.331125,
4793290d6ecf45aaad5326541298bf5f,639,2026-10-03T15:59:55.257912+07:00,638.0463279790001,638.0463279790001,MONITOR,638.192994991,0.9999638019999111,0.2519974490005552,8.775199967203662e-05,DISABLED,on,user_reported,36.75872802734375,52.98861312866211,1006.70625,120413.921875,True,True,True,176,0,0,109,178,101,2026-10-03T15:59:55.257994+07:00,638.046420441,0.18581796300077258,OK,,True,2026-10-03T15:59:55.443824+07:00,638.2322466640007,0.03318290799961687,OK,,True,1440,0.18,,2026-10-03T15:59:55.477012+07:00,638.2654350170005,0.032880318000025,OK,,True,2650,0.33125,
4793290d6ecf45aaad5326541298bf5f,640,2026-10-03T15:59:56.257915+07:00,639.0463308020007,639.0463308020007,MONITOR,639.1929978140006,1.0000028230006137,0.2524446869992971,9.057500028575305e-05,DISABLED,on,user_reported,36.75298309326172,52.9877815246582,1006.738125,119990.625,True,True,True,176,0,0,109,178,101,2026-10-03T15:59:56.257998+07:00,639.0464246710008,0.18582518699986394,OK,,True,2026-10-03T15:59:56.443836+07:00,639.2322580240007,0.03325046400004794,OK,,True,1436,0.1795,,2026-10-03T15:59:56.477088+07:00,639.2655126550007,0.03325037099966721,OK,,True,2645,0.330625,
4793290d6ecf45aaad5326541298bf5f,641,2026-10-03T15:59:57.257922+07:00,640.0463367020002,640.0463367020002,MONITOR,640.193003714,1.0000058999994508,0.25200258099994244,9.647499973652884e-05,DISABLED,on,user_reported,36.75298309326172,52.9877815246582,1006.7790625,120754.71875,True,True,True,176,0,0,109,178,101,2026-10-03T15:59:57.258005+07:00,640.0464317760006,0.18581694599924958,OK,,True,2026-10-03T15:59:57.443835+07:00,640.2322570370006,0.03318724199925782,OK,,True,1434,0.17925,,2026-10-03T15:59:57.477027+07:00,640.2654498350003,0.03287918899968645,OK,,True,2657,0.332125,
4793290d6ecf45aaad5326541298bf5f,642,2026-10-03T15:59:58.257909+07:00,641.0463260140004,641.0463260140004,MONITOR,641.1929930260003,0.9999893120002525,0.2520528220002234,8.578699998906814e-05,DISABLED,on,user_reported,36.7491569519043,52.99355697631836,1006.718359375,120329.0234375,True,True,True,176,0,0,109,178,101,2026-10-03T15:59:58.257980+07:00,641.046406513,0.18581687300047633,OK,,True,2026-10-03T15:59:58.443810+07:00,641.2322316640002,0.0330434100005732,OK,,True,1439,0.179875,,2026-10-03T15:59:58.476854+07:00,641.2652783520007,0.033089464999648044,OK,,True,2650,0.33125,
4793290d6ecf45aaad5326541298bf5f,643,2026-10-03T15:59:59.257950+07:00,642.0463586240003,642.0463586240003,MONITOR,642.1930256360001,1.0000326099998347,0.2585602540002583,0.00011839699982374441,DISABLED,on,user_reported,36.751708984375,52.99392318725586,1006.695,120754.71875,True,True,True,176,0,0,109,178,101,2026-10-03T15:59:59.258079+07:00,642.0465044570001,0.18881888700070704,OK,,True,2026-10-03T15:59:59.446917+07:00,642.2353373250007,0.033479776999229216,OK,,True,1436,0.1795,,2026-10-03T15:59:59.480404+07:00,642.2688248250006,0.03607533099966531,OK,,True,2658,0.33225,
4793290d6ecf45aaad5326541298bf5f,644,2026-10-03T16:00:00.257962+07:00,643.046370387,643.046370387,MONITOR,643.1930373989999,1.0000117629997476,0.259512210000139,0.00013015999957133317,DISABLED,on,user_reported,36.74532699584961,52.986663818359375,1006.70515625,120840.21875,True,True,True,176,0,0,109,178,101,2026-10-03T16:00:00.258091+07:00,643.046515774,0.18919871800062538,OK,,True,2026-10-03T16:00:00.447306+07:00,643.2357267330008,0.036282236999795714,OK,,True,1433,0.179125,,2026-10-03T16:00:00.483596+07:00,643.272017155,0.03384579400062648,OK,,True,2657,0.332125,
4793290d6ecf45aaad5326541298bf5f,645,2026-10-03T16:00:01.257966+07:00,644.0463752630003,644.0463752630003,MONITOR,644.1930422750002,1.0000048760002755,0.2591182879996268,0.00013503599984687753,DISABLED,on,user_reported,36.74468994140625,52.9929084777832,1006.683671875,120244.25,True,True,True,176,0,0,109,178,101,2026-10-03T16:00:01.258097+07:00,644.0465224469999,0.18983588100036286,OK,,True,2026-10-03T16:00:01.447954+07:00,644.2363740500004,0.03438349199950608,OK,,True,1436,0.1795,,2026-10-03T16:00:01.482352+07:00,644.270770653,0.03470400900005188,OK,,True,2648,0.331,
4793290d6ecf45aaad5326541298bf5f,646,2026-10-03T16:00:02.257918+07:00,645.0463336990006,645.0463336990006,MONITOR,645.1930007110004,0.99995843600027,0.25312681600007636,9.347200011688983e-05,DISABLED,on,user_reported,36.74596405029297,52.99309158325195,1006.70625,120329.0234375,True,True,True,176,0,0,109,178,101,2026-10-03T16:00:02.257998+07:00,645.0464241980008,0.1858819669996592,OK,,True,2026-10-03T16:00:02.443894+07:00,645.2323154430005,0.03319752100014739,OK,,True,1434,0.17925,,2026-10-03T16:00:02.477097+07:00,645.2655192600005,0.033925959000043804,OK,,True,2654,0.33175,
4793290d6ecf45aaad5326541298bf5f,647,2026-10-03T16:00:03.257919+07:00,646.046335045,646.046335045,MONITOR,646.1930020569998,1.000001345999408,0.25403525500041724,9.481799952482106e-05,DISABLED,on,user_reported,36.74405288696289,52.99915313720703,1006.82640625,120329.0234375,True,True,True,176,0,0,109,178,101,2026-10-03T16:00:03.257989+07:00,646.0464156920007,0.18592257899945253,OK,,True,2026-10-03T16:00:03.443926+07:00,646.2323477340005,0.03397651399973256,OK,,True,1432,0.179,,2026-10-03T16:00:03.477910+07:00,646.2663317300003,0.034026885000457696,OK,,True,2652,0.3315,
4793290d6ecf45aaad5326541298bf5f,648,2026-10-03T16:00:04.257918+07:00,647.0463333010002,647.0463333010002,MONITOR,647.1930003130001,0.9999982560002536,0.2556106700003511,9.307399977842579e-05,DISABLED,on,user_reported,36.74086380004883,53.00503158569336,1006.793828125,120329.0234375,True,True,True,176,0,0,109,178,101,2026-10-03T16:00:04.258003+07:00,647.0464294120002,0.18625218800025323,OK,,True,2026-10-03T16:00:04.444270+07:00,647.2326917290002,0.034719231000053696,OK,,True,1437,0.179625,,2026-10-03T16:00:04.478998+07:00,647.267418331,0.03451328800019837,OK,,True,2653,0.331625,
4793290d6ecf45aaad5326541298bf5f,649,2026-10-03T16:00:05.257916+07:00,648.0463326910003,648.0463326910003,MONITOR,648.1929997030002,0.9999993900000845,0.25398042300003,9.246399986295728e-05,DISABLED,on,user_reported,36.74532699584961,53.01200485229492,1006.787265625,120413.921875,True,True,True,176,0,0,109,178,101,2026-10-03T16:00:05.257988+07:00,648.0464143570007,0.18643055699976685,OK,,True,2026-10-03T16:00:05.444428+07:00,648.2328511920005,0.03329318699979922,OK,,True,1446,0.18075,,2026-10-03T16:00:05.477726+07:00,648.266149694,0.03415092100021866,OK,,True,2640,0.33,
4793290d6ecf45aaad5326541298bf5f,650,2026-10-03T16:00:06.257915+07:00,649.0463301760001,649.0463301760001,MONITOR,649.1929971879999,0.999997484999767,0.25296996900033264,8.994899962999625e-05,DISABLED,on,user_reported,36.742774963378906,53.00530242919922,1006.796875,120669.3359375,True,True,True,176,0,0,109,178,101,2026-10-03T16:00:06.257998+07:00,649.0464249160004,0.18630052200023783,OK,,True,2026-10-03T16:00:06.444310+07:00,649.2327326230006,0.0332684099994367,OK,,True,1444,0.1805,,2026-10-03T16:00:06.477583+07:00,649.2660059580003,0.033280947000093875,OK,,True,2647,0.33087500000000003,
4793290d6ecf45aaad5326541298bf5f,651,2026-10-03T16:00:07.257956+07:00,650.0463658860008,650.0463658860008,MONITOR,650.1930328980006,1.0000357100007022,0.2624293969993232,0.00012565900033223443,DISABLED,on,user_reported,36.74341583251953,52.99271774291992,1006.7090625,120329.0234375,True,True,True,176,0,0,109,178,101,2026-10-03T16:00:07.258088+07:00,650.0465138110003,0.19104911599970364,OK,,True,2026-10-03T16:00:07.449164+07:00,650.2375811669999,0.036115906000304676,OK,,True,1445,0.180625,,2026-10-03T16:00:07.485289+07:00,650.2737084250002,0.03506243300034839,OK,,True,2654,0.33175,
4793290d6ecf45aaad5326541298bf5f,652,2026-10-03T16:00:08.257923+07:00,651.0463399710006,651.0463399710006,MONITOR,651.1930069830005,0.9999740849998489,0.2563766109997232,9.974400018109009e-05,DISABLED,on,user_reported,36.74468994140625,53.00558090209961,1006.793125,120329.0234375,True,True,True,176,0,0,109,178,101,2026-10-03T16:00:08.257996+07:00,651.0464220440008,0.1858512859998882,OK,,True,2026-10-03T16:00:08.443861+07:00,651.2322829970008,0.03518644999985554,OK,,True,1426,0.17825,,2026-10-03T16:00:08.479054+07:00,651.2674753170004,0.035227710000071966,OK,,True,2640,0.33,
4793290d6ecf45aaad5326541298bf5f,653,2026-10-03T16:00:09.257919+07:00,652.0463346320003,652.0463346320003,MONITOR,652.1930016440001,0.9999946609996186,0.2569623119998141,9.440499979973538e-05,DISABLED,on,user_reported,36.74086380004883,53.0113639831543,1006.7390625,120329.0234375,True,True,True,176,0,0,109,178,101,2026-10-03T16:00:09.258005+07:00,652.0464305760006,0.18885320800018235,OK,,True,2026-10-03T16:00:09.446868+07:00,652.2352901910008,0.033839645999250934,OK,,True,1424,0.178,,2026-10-03T16:00:09.480715+07:00,652.2691370040002,0.03414558799977385,OK,,True,2638,0.32975,
4793290d6ecf45aaad5326541298bf5f,654,2026-10-03T16:00:10.257913+07:00,653.0463297599999,653.0463297599999,MONITOR,653.1929967719998,0.9999951279996822,0.25380213300013565,8.953299948188942e-05,DISABLED,on,user_reported,36.74724578857422,53.01862716674805,1006.72203125,120159.5859375,True,True,True,176,0,0,109,178,101,2026-10-03T16:00:10.257987+07:00,653.0464130560003,0.18580373199984024,OK,,True,2026-10-03T16:00:10.443801+07:00,653.2322237320004,0.03460601099959604,OK,,True,1431,0.178875,,2026-10-03T16:00:10.478413+07:00,653.2668357980001,0.033284965000348166,OK,,True,2657,0.332125,
4793290d6ecf45aaad5326541298bf5f,655,2026-10-03T16:00:11.257910+07:00,654.0463265950002,654.0463265950002,MONITOR,654.1929936070001,0.9999968350002746,0.2555762120000509,8.636799975647591e-05,DISABLED,on,user_reported,36.75553512573242,53.000823974609375,1006.776484375,120584.078125,True,True,True,176,0,0,109,178,101,2026-10-03T16:00:11.257982+07:00,654.0464088160006,0.18581560299935518,OK,,True,2026-10-03T16:00:11.443809+07:00,654.2322319000004,0.03538269000000582,OK,,True,1445,0.180625,,2026-10-03T16:00:11.479201+07:00,654.2676215350002,0.034265272000084224,OK,,True,2644,0.3305,
4793290d6ecf45aaad5326541298bf5f,656,2026-10-03T16:00:12.257922+07:00,655.0463376540001,655.0463376540001,MONITOR,655.193004666,1.0000110589999167,0.25491123700066964,9.742699967318913e-05,DISABLED,on,user_reported,36.74724578857422,52.993282318115234,1006.687734375,120413.921875,True,True,True,176,0,0,109,178,101,2026-10-03T16:00:12.258003+07:00,655.0464296540003,0.18581702899973607,OK,,True,2026-10-03T16:00:12.443833+07:00,655.2322552380001,0.0349863790006566,OK,,True,1446,0.18075,,2026-10-03T16:00:12.478824+07:00,655.2672465980004,0.03398758999992424,OK,,True,2637,0.329625,
4793290d6ecf45aaad5326541298bf5f,657,2026-10-03T16:00:13.257957+07:00,656.0463644020001,656.0463644020001,MONITOR,656.193031414,1.000026747999982,0.26726254999994126,0.00012417499965522438,DISABLED,on,user_reported,36.74596405029297,53.005760192871094,1006.788359375,120329.0234375,True,True,True,176,0,0,109,178,101,2026-10-03T16:00:13.258104+07:00,656.0465283270005,0.19174172499970155,OK,,True,2026-10-03T16:00:13.449865+07:00,656.2382845700004,0.03544432000035158,OK,,True,1465,0.183125,,2026-10-03T16:00:13.485314+07:00,656.2737382040004,0.03985669299981964,OK,,True,2661,0.332625,
4793290d6ecf45aaad5326541298bf5f,658,2026-10-03T16:00:14.258096+07:00,657.0465003380004,657.0465003380004,MONITOR,657.1931673500003,1.0001359360003335,0.2638853170001312,0.00026011099998868303,DISABLED,on,user_reported,36.74788284301758,52.987030029296875,1006.7571875,120075.046875,True,True,True,176,0,0,109,178,101,2026-10-03T16:00:14.258260+07:00,657.0466852990003,0.1914203770002132,OK,,True,2026-10-03T16:00:14.449704+07:00,657.2381228050008,0.03625420199932705,OK,,True,1453,0.181625,,2026-10-03T16:00:14.485962+07:00,657.2743840810008,0.035980722999738646,OK,,True,2653,0.331625,
4793290d6ecf45aaad5326541298bf5f,659,2026-10-03T16:00:15.257983+07:00,658.0463903340005,658.0463903340005,MONITOR,658.1930573460004,0.9998899960000927,0.26829232099953515,0.00015010700008133426,DISABLED,on,user_reported,36.74788284301758,53.01237106323242,1006.71609375,120075.046875,True,True,True,176,0,0,109,178,101,2026-10-03T16:00:15.258130+07:00,658.0465545920006,0.19177585499983252,OK,,True,2026-10-03T16:00:15.449927+07:00,658.2383455580002,0.035412801999882504,OK,,True,1458,0.18225,,2026-10-03T16:00:15.485344+07:00,658.2737674150003,0.04089107399977365,OK,,True,2663,0.33287500000000003,
4793290d6ecf45aaad5326541298bf5f,660,2026-10-03T16:00:16.257989+07:00,659.0463960360003,659.0463960360003,MONITOR,659.1930630480001,1.0000057019997257,0.2630909360004807,0.00015580899980704999,DISABLED,on,user_reported,36.749794006347656,52.99365234375,1006.74671875,120329.0234375,True,True,True,176,0,0,109,178,101,2026-10-03T16:00:16.258133+07:00,659.046558127,0.19176126399997884,OK,,True,2026-10-03T16:00:16.449917+07:00,659.2383358910001,0.035387949000323715,OK,,True,1453,0.181625,,2026-10-03T16:00:16.485309+07:00,659.2737325260005,0.035732371999984025,OK,,True,2666,0.33325,
4793290d6ecf45aaad5326541298bf5f,661,2026-10-03T16:00:17.257992+07:00,660.046397223,660.046397223,MONITOR,660.1930642349998,1.0000011869997252,0.2630290110000715,0.00015699599953222787,DISABLED,on,user_reported,36.75043487548828,53.00640869140625,1006.7065625,120329.0234375,True,True,True,176,0,0,109,178,101,2026-10-03T16:00:17.258151+07:00,660.0465756290005,0.19176613400031783,OK,,True,2026-10-03T16:00:17.449938+07:00,660.2383575960002,0.03577178100022138,OK,,True,1430,0.17875,,2026-10-03T16:00:17.485714+07:00,660.2741377279999,0.03526839500045753,OK,,True,2662,0.33275,
4793290d6ecf45aaad5326541298bf5f,662,2026-10-03T16:00:18.257963+07:00,661.0463725420004,661.0463725420004,MONITOR,661.1930395540003,0.9999753190004412,0.2622630369996841,0.00013231499997345963,DISABLED,on,user_reported,36.74405288696289,52.99281311035156,1006.703203125,120075.046875,True,True,True,176,0,0,109,178,101,2026-10-03T16:00:18.258096+07:00,661.0465214490005,0.1913497859995914,OK,,True,2026-10-03T16:00:18.449464+07:00,661.2378854020008,0.03542980099973647,OK,,True,1431,0.178875,,2026-10-03T16:00:18.484900+07:00,661.2733231290003,0.03529237600014312,OK,,True,2663,0.33287500000000003,
4793290d6ecf45aaad5326541298bf5f,663,2026-10-03T16:00:19.261756+07:00,662.0501674280003,662.0501674280003,MONITOR,662.1968344400002,1.0037948859999233,0.2526502789996812,0.0039272009998967405,DISABLED,on,user_reported,36.74341583251953,52.999053955078125,1006.73640625,120329.0234375,True,True,True,176,0,0,109,178,101,2026-10-03T16:00:19.261863+07:00,662.0502890759999,0.18606529000044247,OK,,True,2026-10-03T16:00:19.447945+07:00,662.2363659590001,0.033136930000182474,OK,,True,1433,0.179125,,2026-10-03T16:00:19.481087+07:00,662.2695089260005,0.03329831799965177,OK,,True,2650,0.33125,
4793290d6ecf45aaad5326541298bf5f,664,2026-10-03T16:00:20.257906+07:00,663.0463240060008,663.0463240060008,MONITOR,663.1929910180006,0.9961565780004094,0.25170361999971647,8.377900030609453e-05,DISABLED,on,user_reported,36.74788284301758,53.00603485107422,1006.681953125,120244.25,True,True,True,176,0,0,109,178,101,2026-10-03T16:00:20.257978+07:00,663.0464048760005,0.18581144099971425,OK,,True,2026-10-03T16:00:20.443801+07:00,663.2322238350007,0.03295667299971683,OK,,True,1454,0.18175,,2026-10-03T16:00:20.476758+07:00,663.2651837120002,0.032835357999829284,OK,,True,2645,0.330625,
4793290d6ecf45aaad5326541298bf5f,665,2026-10-03T16:00:21.257906+07:00,664.0463234090003,664.0463234090003,MONITOR,664.1929904210001,0.9999994029994923,0.25167669500024203,8.318199979839846e-05,DISABLED,on,user_reported,36.742774963378906,52.99263000488281,1006.721640625,120413.921875,True,True,True,176,0,0,109,178,101,2026-10-03T16:00:21.257975+07:00,664.0464016860005,0.1858029790000728,OK,,True,2026-10-03T16:00:21.443789+07:00,664.2322122390005,0.03295398699992802,OK,,True,1455,0.181875,,2026-10-03T16:00:21.476744+07:00,664.2651696890007,0.03282208099972195,OK,,True,2652,0.3315,
4793290d6ecf45aaad5326541298bf5f,666,2026-10-03T16:00:22.257917+07:00,665.0463313520004,665.0463313520004,MONITOR,665.1929983640002,1.0000079430001279,0.2517664910001258,9.11249999262509e-05,DISABLED,on,user_reported,36.74213790893555,52.9925422668457,1006.80953125,120925.8359375,True,True,True,176,0,0,109,178,101,2026-10-03T16:00:22.257997+07:00,665.0464230360003,0.18582675699963147,OK,,True,2026-10-03T16:00:22.443836+07:00,665.2322580529999,0.03298354200069298,OK,,True,1443,0.180375,,2026-10-03T16:00:22.476819+07:00,665.2652446880002,0.03284415500002069,OK,,True,2652,0.3315,
4793290d6ecf45aaad5326541298bf5f,667,2026-10-03T16:00:23.257912+07:00,666.0463285200003,666.0463285200003,MONITOR,666.1929955320002,0.9999971679999362,0.2518086210002366,8.829299986246042e-05,DISABLED,on,user_reported,36.74022674560547,52.98591995239258,1006.806484375,120584.078125,True,True,True,176,0,0,109,178,101,2026-10-03T16:00:23.257983+07:00,666.04640913,0.18580977700003132,OK,,True,2026-10-03T16:00:23.443803+07:00,666.2322264250006,0.033083487000112655,OK,,True,1449,0.181125,,2026-10-03T16:00:23.476887+07:00,666.265312949,0.03281593300016539,OK,,True,2651,0.33137500000000003,
4793290d6ecf45aaad5326541298bf5f,668,2026-10-03T16:00:24.258100+07:00,667.046499135,667.046499135,MONITOR,667.1931661469998,1.0001706149996608,0.25348507200033055,0.00025890799952321686,DISABLED,on,user_reported,36.742774963378906,52.97996139526367,1006.8653125,120925.8359375,True,True,True,176,0,0,109,178,101,2026-10-03T16:00:24.258276+07:00,667.0467014660007,0.1865000499992675,OK,,True,2026-10-03T16:00:24.444787+07:00,667.2332097190001,0.03403216500009876,OK,,True,1442,0.18025,,2026-10-03T16:00:24.478835+07:00,667.2672534030007,0.03271819299970957,OK,,True,2641,0.330125,
4793290d6ecf45aaad5326541298bf5f,669,2026-10-03T16:00:25.257916+07:00,668.0463333289999,668.0463333289999,MONITOR,668.1930003409998,0.9998341939999591,0.2517025500001182,9.310199948231457e-05,DISABLED,on,user_reported,36.7491569519043,52.98088455200195,1006.80046875,120498.9375,True,True,True,176,0,0,109,178,101,2026-10-03T16:00:25.257982+07:00,668.0464083840006,0.18582003699975758,OK,,True,2026-10-03T16:00:25.443814+07:00,668.2322368280002,0.03297235799982445,OK,,True,1450,0.18125,,2026-10-03T16:00:25.476787+07:00,668.2652122230002,0.032815692999975,OK,,True,2656,0.332,
4793290d6ecf45aaad5326541298bf5f,670,2026-10-03T16:00:26.257913+07:00,669.0463302100006,669.0463302100006,MONITOR,669.1929972220005,0.9999968810006976,0.25165810699945723,8.998300017992733e-05,DISABLED,on,user_reported,36.737674713134766,52.98554992675781,1006.809140625,120669.3359375,True,True,True,176,0,0,109,178,101,2026-10-03T16:00:26.257984+07:00,669.0464099500005,0.18580905599992548,OK,,True,2026-10-03T16:00:26.443803+07:00,669.2322263400001,0.03293815400047606,OK,,True,1449,0.181125,,2026-10-03T16:00:26.476742+07:00,669.2651674570006,0.03281271099967853,OK,,True,2656,0.332,
4793290d6ecf45aaad5326541298bf5f,671,2026-10-03T16:00:27.257909+07:00,670.0463246130003,670.0463246130003,MONITOR,670.1929916250001,0.9999944029996186,0.2517807169997468,8.438599979854189e-05,DISABLED,on,user_reported,36.739585876464844,52.96683120727539,1006.764375,120754.71875,True,True,True,176,0,0,109,178,101,2026-10-03T16:00:27.257990+07:00,670.0464160380006,0.18583007500001258,OK,,True,2026-10-03T16:00:27.443832+07:00,670.2322547610001,0.032985599000312504,OK,,True,1444,0.1805,,2026-10-03T16:00:27.476818+07:00,670.2652438230007,0.03285282199976791,OK,,True,2654,0.33175,
4793290d6ecf45aaad5326541298bf5f,672,2026-10-03T16:00:28.257905+07:00,671.0463225010008,671.0463225010008,MONITOR,671.1929895130006,0.9999978880005074,0.2517086809993998,8.227400030591525e-05,DISABLED,on,user_reported,36.738311767578125,52.985652923583984,1006.796484375,120159.5859375,True,True,True,176,0,0,109,178,101,2026-10-03T16:00:28.257974+07:00,671.0464001670007,0.18580742699941766,OK,,True,2026-10-03T16:00:28.443793+07:00,671.2322155390002,0.03297676500005764,OK,,True,1440,0.18,,2026-10-03T16:00:28.476771+07:00,671.2651956750005,0.03282746999957453,OK,,True,2657,0.332125,
4793290d6ecf45aaad5326541298bf5f,673,2026-10-03T16:00:29.257971+07:00,672.0463828540005,672.0463828540005,MONITOR,672.1930498660004,1.0000603529997534,0.2591901429996142,0.00014262700005929219,DISABLED,on,user_reported,36.7491569519043,52.98721694946289,1006.786796875,120584.078125,True,True,True,176,0,0,109,178,101,2026-10-03T16:00:29.258078+07:00,672.0465048530004,0.1876007840000966,OK,,True,2026-10-03T16:00:29.445695+07:00,672.2341167670002,0.034618716000295535,OK,,True,1436,0.1795,,2026-10-03T16:00:29.480316+07:00,672.2687405940005,0.03680649599937169,OK,,True,2649,0.331125,
4793290d6ecf45aaad5326541298bf5f,674,2026-10-03T16:00:30.257925+07:00,673.0463412480003,673.0463412480003,MONITOR,673.1930082600002,0.9999583939998047,0.2519125509998048,0.00010102099986397661,DISABLED,on,user_reported,36.742774963378906,52.98629379272461,1006.83109375,120159.5859375,True,True,True,176,0,0,109,178,101,2026-10-03T16:00:30.258008+07:00,673.046433562,0.18581939100022282,OK,,True,2026-10-03T16:00:30.443838+07:00,673.2322607680007,0.033143597999696794,OK,,True,1442,0.18025,,2026-10-03T16:00:30.476983+07:00,673.2654079210006,0.03283671200006211,OK,,True,2654,0.33175,
4793290d6ecf45aaad5326541298bf5f,675,2026-10-03T16:00:31.257907+07:00,674.0463241260004,674.0463241260004,MONITOR,674.1929911380003,0.9999828780000826,0.25170720200003416,8.389899994654115e-05,DISABLED,on,user_reported,36.74213790893555,52.986209869384766,1006.741015625,120244.25,True,True,True,176,0,0,109,178,101,2026-10-03T16:00:31.257974+07:00,674.0464004400001,0.18579933700038964,OK,,True,2026-10-03T16:00:31.443783+07:00,674.2322066659999,0.0329647840007965,OK,,True,1432,0.179,,2026-10-03T16:00:31.476749+07:00,674.2651749320003,0.03284858100050769,OK,,True,2651,0.33137500000000003,
4793290d6ecf45aaad5326541298bf5f,676,2026-10-03T16:00:32.257909+07:00,675.0463255069999,675.0463255069999,MONITOR,675.1929925189997,1.0000013809994925,0.25181475800036424,8.527999943908071e-05,DISABLED,on,user_reported,36.73639678955078,52.99803924560547,1006.827578125,120159.5859375,True,True,True,176,0,0,109,178,101,2026-10-03T16:00:32.257990+07:00,675.0464169140005,0.1858299289997376,OK,,True,2026-10-03T16:00:32.443834+07:00,675.2322558430005,0.03300076599953172,OK,,True,1436,0.1795,,2026-10-03T16:00:32.476835+07:00,675.2652601280006,0.03287141500004509,OK,,True,2649,0.331125,
4793290d6ecf45aaad5326541298bf5f,677,2026-10-03T16:00:33.257905+07:00,676.046322706,676.046322706,MONITOR,676.1929897179998,0.9999971990000631,0.25169840800026577,8.247899950220017e-05,DISABLED,on,user_reported,36.73448181152344,52.99775695800781,1006.7765625,120329.0234375,True,True,True,176,0,0,109,178,101,2026-10-03T16:00:33.257973+07:00,676.0463989280006,0.1858127079995029,OK,,True,2026-10-03T16:00:33.443797+07:00,676.232219339,0.03296354500071175,OK,,True,1440,0.18,,2026-10-03T16:00:33.476760+07:00,676.2651861430004,0.03282698899965908,OK,,True,2653,0.331625,
4793290d6ecf45aaad5326541298bf5f,678,2026-10-03T16:00:34.257908+07:00,677.0463249640006,677.0463249640006,MONITOR,677.1929919760005,1.000002258000677,0.25176561099942774,8.473700017930241e-05,DISABLED,on,user_reported,36.72937774658203,52.990684509277344,1006.823046875,119822.140625,True,True,True,176,0,0,109,178,101,2026-10-03T16:00:34.257975+07:00,677.0464013700002,0.18581828300011693,OK,,True,2026-10-03T16:00:34.443806+07:00,677.232227986,0.03300765499989211,OK,,True,1435,0.179375,,2026-10-03T16:00:34.476814+07:00,677.265239327,0.03284167400033766,OK,,True,2647,0.33087500000000003,
4793290d6ecf45aaad5326541298bf5f,679,2026-10-03T16:00:35.257965+07:00,678.0463716310005,678.0463716310005,MONITOR,678.1930386430004,1.0000466669998787,0.26275323200025014,0.00013140400005795527,DISABLED,on,user_reported,36.72682571411133,52.99664306640625,1006.750546875,120413.921875,True,True,True,176,0,0,109,178,101,2026-10-03T16:00:35.258113+07:00,678.0465380559999,0.1917741270008264,OK,,True,2026-10-03T16:00:35.449909+07:00,678.2383279230007,0.035447876999569417,OK,,True,1434,0.17925,,2026-10-03T16:00:35.485361+07:00,678.2737843560008,0.03532032199927926,OK,,True,2662,0.33275,
4793290d6ecf45aaad5326541298bf5f,680,2026-10-03T16:00:36.257964+07:00,679.0463738210001,679.0463738210001,MONITOR,679.1930408329999,1.0000021899995772,0.26262660400061577,0.00013359399963519536,DISABLED,on,user_reported,36.72618865966797,52.996551513671875,1006.749453125,120413.921875,True,True,True,176,0,0,109,178,101,2026-10-03T16:00:36.258096+07:00,679.0465210600005,0.19139100099982898,OK,,True,2026-10-03T16:00:36.449510+07:00,679.2379286160003,0.03580911599965475,OK,,True,1460,0.1825,,2026-10-03T16:00:36.485323+07:00,679.2737463430003,0.03523341599975538,OK,,True,2662,0.33275,
4793290d6ecf45aaad5326541298bf5f,681,2026-10-03T16:00:37.257983+07:00,680.0463886800007,680.0463886800007,MONITOR,680.1930556920006,1.0000148590006575,0.26290397299999313,0.00014845300029264763,DISABLED,on,user_reported,36.723636627197266,52.996185302734375,1006.752109375,120244.25,True,True,True,176,0,0,109,178,101,2026-10-03T16:00:37.258141+07:00,680.0465655309999,0.19177855300040392,OK,,True,2026-10-03T16:00:37.449943+07:00,680.2383605470004,0.03546580300007918,OK,,True,1439,0.179875,,2026-10-03T16:00:37.485412+07:00,680.2738348870007,0.03543769199950475,OK,,True,2662,0.33275,
4793290d6ecf45aaad5326541298bf5f,682,2026-10-03T16:00:38.257979+07:00,681.0463861349999,681.0463861349999,MONITOR,681.1930531469998,0.9999974549991748,0.26253681000071083,0.00014590799946745392,DISABLED,on,user_reported,36.719810485839844,53.0082893371582,1006.752734375,120840.21875,True,True,True,176,0,0,109,178,101,2026-10-03T16:00:38.258128+07:00,681.0465526890002,0.19176703599987377,OK,,True,2026-10-03T16:00:38.449916+07:00,681.2383349660004,0.035396154999943974,OK,,True,1447,0.180875,,2026-10-03T16:00:38.485316+07:00,681.2737400290007,0.0351643049998529,OK,,True,2659,0.33237500000000003,
4793290d6ecf45aaad5326541298bf5f,683,2026-10-03T16:00:39.257963+07:00,682.0463693890006,682.0463693890006,MONITOR,682.1930364010004,0.9999832540006537,0.26108926699998847,0.00012916200012114132,DISABLED,on,user_reported,36.72172164916992,53.00857162475586,1006.762734375,120329.0234375,True,True,True,176,0,0,109,178,101,2026-10-03T16:00:39.258116+07:00,682.0465408690006,0.18949451699972997,OK,,True,2026-10-03T16:00:39.447627+07:00,682.2360475340001,0.036051187999873946,OK,,True,1436,0.1795,,2026-10-03T16:00:39.483686+07:00,682.2721066110007,0.03533658199921774,OK,,True,2649,0.331125,
4793290d6ecf45aaad5326541298bf5f,684,2026-10-03T16:00:40.257979+07:00,683.0463867940007,683.0463867940007,MONITOR,683.1930538060005,1.0000174050001078,0.26249620099952153,0.00014656700022896985,DISABLED,on,user_reported,36.71853256225586,52.99543380737305,1006.832890625,120075.046875,True,True,True,176,0,0,109,178,101,2026-10-03T16:00:40.258128+07:00,683.0465523480007,0.1917495379993852,OK,,True,2026-10-03T16:00:40.449899+07:00,683.238318441,0.03536660100053268,OK,,True,1457,0.182125,,2026-10-03T16:00:40.485270+07:00,683.2736937640002,0.03517032400031894,OK,,True,2662,0.33275,
4793290d6ecf45aaad5326541298bf5f,685,2026-10-03T16:00:41.257964+07:00,684.046372666,684.046372666,MONITOR,684.1930396779999,0.9999858719993426,0.2621251119999215,0.00013243899957160465,DISABLED,on,user_reported,36.719810485839844,53.0082893371582,1006.84171875,120925.8359375,True,True,True,176,0,0,109,178,101,2026-10-03T16:00:41.258096+07:00,684.046520979,0.1913519300005646,OK,,True,2026-10-03T16:00:41.449468+07:00,684.2378876120001,0.03543332299977919,OK,,True,1458,0.18225,,2026-10-03T16:00:41.484907+07:00,684.2733301570006,0.035147305999998935,OK,,True,2664,0.333,
4793290d6ecf45aaad5326541298bf5f,686,2026-10-03T16:00:42.257931+07:00,685.0463457620008,685.0463457620008,MONITOR,685.1930127740006,0.9999730960007582,0.25186619099986274,0.0001055350003298372,DISABLED,on,user_reported,36.71853256225586,53.02710723876953,1006.791796875,120413.921875,True,True,True,176,0,0,109,178,101,2026-10-03T16:00:42.258009+07:00,685.0464351130004,0.18581023200022173,OK,,True,2026-10-03T16:00:42.443831+07:00,685.2322529190005,0.032970581999506976,OK,,True,1444,0.1805,,2026-10-03T16:00:42.476801+07:00,685.2652265010001,0.03297661899978266,OK,,True,2655,0.33187500000000003,
4793290d6ecf45aaad5326541298bf5f,687,2026-10-03T16:00:43.257908+07:00,686.0463253620001,686.0463253620001,MONITOR,686.1929923739999,0.9999795999992784,0.251816229000724,8.513499960827176e-05,DISABLED,on,user_reported,36.725547790527344,53.00913619995117,1006.816875,120584.078125,True,True,True,176,0,0,109,178,101,2026-10-03T16:00:43.257982+07:00,686.0464077690003,0.18579695399967022,OK,,True,2026-10-03T16:00:43.443788+07:00,686.2322113160008,0.0330919329999233,OK,,True,1442,0.18025,,2026-10-03T16:00:43.476880+07:00,686.2653061930005,0.032826397999997425,OK,,True,2649,0.331125,
4793290d6ecf45aaad5326541298bf5f,688,2026-10-03T16:00:44.257912+07:00,687.046328464,687.046328464,MONITOR,687.1929954759999,1.000003101999937,0.25270996400013246,8.823699954518816e-05,DISABLED,on,user_reported,36.719810485839844,53.0082893371582,1006.766484375,120925.8359375,True,True,True,176,0,0,109,178,101,2026-10-03T16:00:44.257987+07:00,687.0464137600002,0.1859043800004656,OK,,True,2026-10-03T16:00:44.443906+07:00,687.2323280660003,0.032815008999932616,OK,,True,1437,0.179625,,2026-10-03T16:00:44.476729+07:00,687.2651506680004,0.033877630999995745,OK,,True,2641,0.330125,
4793290d6ecf45aaad5326541298bf5f,689,2026-10-03T16:00:45.257911+07:00,688.0463280880003,688.0463280880003,MONITOR,688.1929951000002,0.9999996240003384,0.2517617869998503,8.786099988356e-05,DISABLED,on,user_reported,36.72810363769531,53.01584243774414,1006.779921875,119990.625,True,True,True,176,0,0,109,178,101,2026-10-03T16:00:45.257985+07:00,688.0464113280004,0.18580410399954417,OK,,True,2026-10-03T16:00:45.443799+07:00,688.2322221909999,0.033022878000338096,OK,,True,1439,0.179875,,2026-10-03T16:00:45.476823+07:00,688.2652484950004,0.032832805999532866,OK,,True,2655,0.33187500000000003,
4793290d6ecf45aaad5326541298bf5f,690,2026-10-03T16:00:46.257913+07:00,689.0463304740006,689.0463304740006,MONITOR,689.1929974860004,1.000002386000233,0.2516488629999003,9.024700011650566e-05,DISABLED,on,user_reported,36.730018615722656,53.00978088378906,1006.796796875,120075.046875,True,True,True,176,0,0,109,178,101,2026-10-03T16:00:46.257987+07:00,689.0464137510007,0.18579751199922612,OK,,True,2026-10-03T16:00:46.443795+07:00,689.2322182260004,0.03293723099977797,OK,,True,1446,0.18075,,2026-10-03T16:00:46.476733+07:00,689.2651585680005,0.032812286999615026,OK,,True,2651,0.33137500000000003,
4793290d6ecf45aaad5326541298bf5f,691,2026-10-03T16:00:47.258028+07:00,690.0464370480004,690.0464370480004,MONITOR,690.1931040600002,1.0001065739998012,0.26274501900024916,0.00019682099991769064,DISABLED,on,user_reported,36.73384475708008,53.01667022705078,1006.85765625,120413.921875,True,True,True,176,0,0,109,178,101,2026-10-03T16:00:47.258171+07:00,690.0465964170007,0.19147948699992412,OK,,True,2026-10-03T16:00:47.449674+07:00,690.2380926260003,0.03544121200047812,OK,,True,1442,0.18025,,2026-10-03T16:00:47.485122+07:00,690.2735441530003,0.03561685899967415,OK,,True,2655,0.33187500000000003,
4793290d6ecf45aaad5326541298bf5f,692,2026-10-03T16:00:48.257980+07:00,691.0463895510002,691.0463895510002,MONITOR,691.193056563,0.999952502999804,0.26251707800020085,0.00014932399972167332,DISABLED,on,user_reported,36.730655670166016,52.990867614746094,1006.749921875,120244.25,True,True,True,176,0,0,109,178,101,2026-10-03T16:00:48.258128+07:00,691.046552365,0.1917432270001882,OK,,True,2026-10-03T16:00:48.449890+07:00,691.2383088320003,0.035426989999905345,OK,,True,1447,0.180875,,2026-10-03T16:00:48.485322+07:00,691.2737448410007,0.03514260299925809,OK,,True,2664,0.333,
4793290d6ecf45aaad5326541298bf5f,693,2026-10-03T16:00:49.257983+07:00,692.0463909090004,692.0463909090004,MONITOR,692.1930579210002,1.0000013580001905,0.2669372669997756,0.00015068199991219444,DISABLED,on,user_reported,36.722999572753906,53.008758544921875,1006.75109375,120329.0234375,True,True,True,176,0,0,109,178,101,2026-10-03T16:00:49.258134+07:00,692.0465584820004,0.19575066000015795,OK,,True,2026-10-03T16:00:49.453912+07:00,692.2423298080002,0.03605324500040297,OK,,True,1453,0.181625,,2026-10-03T16:00:49.489973+07:00,692.2783938299999,0.034912976000669005,OK,,True,2652,0.3315,
4793290d6ecf45aaad5326541298bf5f,694,2026-10-03T16:00:50.257925+07:00,693.0463422890007,693.0463422890007,MONITOR,693.1930093010005,0.9999513800003115,0.2519076779999523,0.00010206200022366829,DISABLED,on,user_reported,36.72235870361328,53.01499557495117,1006.798046875,120244.25,True,True,True,176,0,0,109,178,101,2026-10-03T16:00:50.257996+07:00,693.046421733,0.18579745800070668,OK,,True,2026-10-03T16:00:50.443802+07:00,693.2322252090007,0.03317104500001733,OK,,True,1443,0.180375,,2026-10-03T16:00:50.476974+07:00,693.2653997910002,0.0328406200005702,OK,,True,2648,0.331,
4793290d6ecf45aaad5326541298bf5f,695,2026-10-03T16:00:51.257915+07:00,694.0463324120001,694.0463324120001,MONITOR,694.1929994239999,0.9999901229994066,0.2516468100002385,9.218499963026261e-05,DISABLED,on,user_reported,36.72874069213867,52.996917724609375,1006.73296875,119822.140625,True,True,True,176,0,0,109,178,101,2026-10-03T16:00:51.257990+07:00,694.0464158740006,0.1857957180000085,OK,,True,2026-10-03T16:00:51.443795+07:00,694.2322187780001,0.032948805000160064,OK,,True,1449,0.181125,,2026-10-03T16:00:51.476746+07:00,694.2651711940007,0.03279982499952894,OK,,True,2657,0.332125,
4793290d6ecf45aaad5326541298bf5f,696,2026-10-03T16:00:52.257914+07:00,695.0463299080002,695.0463299080002,MONITOR,695.19299692,0.9999974960001055,0.2519001059999937,8.968099973571952e-05,DISABLED,on,user_reported,36.723636627197266,53.021522521972656,1006.745234375,120075.046875,True,True,True,176,0,0,109,178,101,2026-10-03T16:00:52.257994+07:00,695.046420093,0.18580823699994653,OK,,True,2026-10-03T16:00:52.443813+07:00,695.2322357190005,0.032999600999573886,OK,,True,1460,0.1825,,2026-10-03T16:00:52.476813+07:00,695.2652385420006,0.032981954000206315,OK,,True,2649,0.331125,
4793290d6ecf45aaad5326541298bf5f,697,2026-10-03T16:00:53.257912+07:00,696.0463293150005,696.0463293150005,MONITOR,696.1929963270004,0.9999994070003595,0.2517459410000811,8.908800009521656e-05,DISABLED,on,user_reported,36.71533966064453,53.01397705078125,1006.77296875,120584.078125,True,True,True,176,0,0,109,178,101,2026-10-03T16:00:53.257988+07:00,696.0464143700001,0.18580940399988322,OK,,True,2026-10-03T16:00:53.443810+07:00,696.2322321629999,0.03300206400035677,OK,,True,1450,0.18125,,2026-10-03T16:00:53.476813+07:00,696.2652378010007,0.03282858500006114,OK,,True,2652,0.3315,
4793290d6ecf45aaad5326541298bf5f,698,2026-10-03T16:00:54.257911+07:00,697.0463281689999,697.0463281689999,MONITOR,697.1929951809998,0.9999988539993865,0.2514263330003814,8.79419994816999e-05,DISABLED,on,user_reported,36.72108459472656,53.03382110595703,1006.706953125,120075.046875,True,True,True,176,0,0,109,178,101,2026-10-03T16:00:54.257984+07:00,697.0464100940007,0.18580099799964955,OK,,True,2026-10-03T16:00:54.443796+07:00,697.2322187030004,0.032934286999989126,OK,,True,1449,0.181125,,2026-10-03T16:00:54.476730+07:00,697.2651559530004,0.03258297499996843,OK,,True,2633,0.329125,
4793290d6ecf45aaad5326541298bf5f,699,2026-10-03T16:00:55.257911+07:00,698.0463280260001,698.0463280260001,MONITOR,698.1929950379999,0.999999857000148,0.25178481200055103,8.779899962974014e-05,DISABLED,on,user_reported,36.72108459472656,53.03382110595703,1006.7753125,120159.5859375,True,True,True,176,0,0,109,178,101,2026-10-03T16:00:55.257984+07:00,698.0464107480002,0.18580749800003105,OK,,True,2026-10-03T16:00:55.443804+07:00,698.2322263380001,0.033018602000083774,OK,,True,1461,0.182625,,2026-10-03T16:00:55.476823+07:00,698.2652481250007,0.03285510199930286,OK,,True,2654,0.33175,
4793290d6ecf45aaad5326541298bf5f,700,2026-10-03T16:00:56.257907+07:00,699.0463244230004,699.0463244230004,MONITOR,699.1929914350003,0.9999963970003591,0.25176038700010395,8.419599998887861e-05,DISABLED,on,user_reported,36.71916961669922,53.03988265991211,1006.7175,119906.3203125,True,True,True,176,0,0,109,178,101,2026-10-03T16:00:56.257981+07:00,699.046406978,0.18580338700030552,OK,,True,2026-10-03T16:00:56.443794+07:00,699.232217365,0.032982250000713975,OK,,True,1437,0.179625,,2026-10-03T16:00:56.476777+07:00,699.2652030970003,0.032872953999685706,OK,,True,2651,0.33137500000000003,
4793290d6ecf45aaad5326541298bf5f,701,2026-10-03T16:00:57.257910+07:00,700.0463282670007,700.0463282670007,MONITOR,700.1929952790006,1.0000038440002754,0.251985756999602,8.804000026430003e-05,DISABLED,on,user_reported,36.71853256225586,53.05879211425781,1006.74390625,120159.5859375,True,True,True,176,0,0,109,178,101,2026-10-03T16:00:57.257984+07:00,700.0464107670005,0.18582162799975777,OK,,True,2026-10-03T16:00:57.443818+07:00,700.2322402469999,0.03322130400010792,OK,,True,1441,0.180125,,2026-10-03T16:00:57.477040+07:00,700.2654648100006,0.032840472999851045,OK,,True,2651,0.33137500000000003,
4793290d6ecf45aaad5326541298bf5f,702,2026-10-03T16:00:58.257923+07:00,701.0463407249999,701.0463407249999,MONITOR,701.1930077369998,1.000012457999219,0.25173077800081956,0.0001004979994831956,DISABLED,on,user_reported,36.71342849731445,53.058048248291016,1006.667265625,120075.046875,True,True,True,176,0,0,109,178,101,2026-10-03T16:00:58.257996+07:00,701.0464220950007,0.1858156289999897,OK,,True,2026-10-03T16:00:58.443822+07:00,701.2322454840005,0.032975934999740275,OK,,True,1448,0.181,,2026-10-03T16:00:58.476799+07:00,701.2652247340002,0.03283802900023147,OK,,True,2654,0.33175,
4793290d6ecf45aaad5326541298bf5f,703,2026-10-03T16:00:59.257915+07:00,702.0463307790005,702.0463307790005,MONITOR,702.1929977910004,0.999990054000591,0.251748427000166,9.055200007423991e-05,DISABLED,on,user_reported,36.716617584228516,53.07119369506836,1006.80921875,120329.0234375,True,True,True,176,0,0,109,178,101,2026-10-03T16:00:59.257995+07:00,702.0464213530004,0.18582131400034996,OK,,True,2026-10-03T16:00:59.443829+07:00,702.2322515750002,0.03298426899982587,OK,,True,1443,0.180375,,2026-10-03T16:00:59.476813+07:00,702.2652389550003,0.03283106599974417,OK,,True,2654,0.33175,
4793290d6ecf45aaad5326541298bf5f,704,2026-10-03T16:01:00.257963+07:00,703.0463724840001,703.0463724840001,MONITOR,703.193039496,1.000041704999603,0.26250825300030556,0.00013225699967733817,DISABLED,on,user_reported,36.715980529785156,53.083770751953125,1006.801328125,120584.078125,True,True,True,176,0,0,109,178,101,2026-10-03T16:01:00.258092+07:00,703.0465173709999,0.19158636500014836,OK,,True,2026-10-03T16:01:00.449702+07:00,703.2381202910001,0.03540171399981773,OK,,True,1446,0.18075,,2026-10-03T16:01:00.485106+07:00,703.2735303750005,0.03533177000008436,OK,,True,2663,0.33287500000000003,
4793290d6ecf45aaad5326541298bf5f,705,2026-10-03T16:01:01.257951+07:00,704.0463620990004,704.0463620990004,MONITOR,704.1930291110002,0.9999896150002314,0.26171583399991505,0.00012187199990876252,DISABLED,on,user_reported,36.71151351928711,53.0894660949707,1006.85578125,120244.25,True,True,True,176,0,0,109,178,101,2026-10-03T16:01:01.258081+07:00,704.0465064680002,0.19152697600020474,OK,,True,2026-10-03T16:01:01.449665+07:00,704.2380854070007,0.035464064999359834,OK,,True,1438,0.17975,,2026-10-03T16:01:01.485134+07:00,704.2735581760007,0.03450360899933003,OK,,True,2662,0.33275,
4793290d6ecf45aaad5326541298bf5f,706,2026-10-03T16:01:02.257924+07:00,705.0463415130007,705.0463415130007,MONITOR,705.1930085250006,0.999979414000336,0.25175592899995536,0.00010128600024472689,DISABLED,on,user_reported,36.71916961669922,53.090579986572266,1006.7859375,119822.140625,True,True,True,176,0,0,109,178,101,2026-10-03T16:01:02.258000+07:00,705.0464263460008,0.18582920499920874,OK,,True,2026-10-03T16:01:02.443842+07:00,705.2322650700007,0.03297395399931702,OK,,True,1445,0.180625,,2026-10-03T16:01:02.476817+07:00,705.2652425050001,0.032846344000063254,OK,,True,2653,0.331625,
4793290d6ecf45aaad5326541298bf5f,707,2026-10-03T16:01:03.257909+07:00,706.046326875,706.046326875,MONITOR,706.1929938869998,0.9999853619992791,0.2519298170000184,8.664799952384783e-05,DISABLED,on,user_reported,36.71342849731445,53.115089416503906,1006.865703125,119402.984375,True,True,True,176,0,0,109,178,101,2026-10-03T16:01:03.257981+07:00,706.046407541,0.18581692800034944,OK,,True,2026-10-03T16:01:03.443809+07:00,706.2322325240002,0.03317286099991179,OK,,True,1453,0.181625,,2026-10-03T16:01:03.476983+07:00,706.2654089590005,0.03283904799991433,OK,,True,2650,0.33125,
4793290d6ecf45aaad5326541298bf5f,708,2026-10-03T16:01:04.257915+07:00,707.0463327390007,707.0463327390007,MONITOR,707.1929997510006,1.000005864000741,0.2517296149999311,9.251200026483275e-05,DISABLED,on,user_reported,36.71023941040039,53.1273078918457,1006.80578125,119990.625,True,True,True,176,0,0,109,178,101,2026-10-03T16:01:04.257990+07:00,707.0464157200004,0.18581296499996824,OK,,True,2026-10-03T16:01:04.443813+07:00,707.2322358150004,0.03297502900022664,OK,,True,1436,0.1795,,2026-10-03T16:01:04.476788+07:00,707.265213658,0.032839548000083596,OK,,True,2655,0.33187500000000003,
4793290d6ecf45aaad5326541298bf5f,709,2026-10-03T16:01:05.257920+07:00,708.0463373100001,708.0463373100001,MONITOR,708.193004322,1.0000045709994083,0.25173650499982614,9.708299967314815e-05,DISABLED,on,user_reported,36.70704650878906,53.114158630371094,1006.800546875,120413.921875,True,True,True,176,0,0,109,178,101,2026-10-03T16:01:05.257997+07:00,708.0464232350005,0.18581454000013764,OK,,True,2026-10-03T16:01:05.443823+07:00,708.2322461829999,0.032980510000015784,OK,,True,1440,0.18,,2026-10-03T16:01:05.476804+07:00,708.2652296189999,0.03283480700065411,OK,,True,2650,0.33125,
4793290d6ecf45aaad5326541298bf5f,710,2026-10-03T16:01:06.257908+07:00,709.0463263280008,709.0463263280008,MONITOR,709.1929933400006,0.9999890180006332,0.25172743199982506,8.610100030637113e-05,DISABLED,on,user_reported,36.708961486816406,53.14613342285156,1006.728515625,120159.5859375,True,True,True,176,0,0,109,178,101,2026-10-03T16:01:06.257979+07:00,709.0464049760003,0.1858040039996922,OK,,True,2026-10-03T16:01:06.443793+07:00,709.23221672,0.03298582500065095,OK,,True,1437,0.179625,,2026-10-03T16:01:06.476781+07:00,709.2652059710008,0.03282775199932075,OK,,True,2651,0.33137500000000003,
4793290d6ecf45aaad5326541298bf5f,711,2026-10-03T16:01:07.257910+07:00,710.0463274970007,710.0463274970007,MONITOR,710.1929945090005,1.0000011689999155,0.25178348800000094,8.727000022190623e-05,DISABLED,on,user_reported,36.70704650878906,53.14585876464844,1006.79375,120244.25,True,True,True,176,0,0,109,178,101,2026-10-03T16:01:07.257983+07:00,710.0464085520007,0.18583068999942043,OK,,True,2026-10-03T16:01:07.443826+07:00,710.232248149,0.03299302899995382,OK,,True,1434,0.17925,,2026-10-03T16:01:07.476820+07:00,710.2652447700002,0.03285691900055099,OK,,True,2654,0.33175,
4793290d6ecf45aaad5326541298bf5f,712,2026-10-03T16:01:08.257924+07:00,711.046339169,711.046339169,MONITOR,711.1930061809999,1.0000116719993457,0.2517617670000618,9.89419995676144e-05,DISABLED,on,user_reported,36.717254638671875,53.172706604003906,1006.735,120159.5859375,True,True,True,176,0,0,109,178,101,2026-10-03T16:01:08.258003+07:00,711.0464291870003,0.18581561599967245,OK,,True,2026-10-03T16:01:08.443829+07:00,711.2322518400006,0.0329895659997419,OK,,True,1442,0.18025,,2026-10-03T16:01:08.476820+07:00,711.2652452020002,0.032847215000401775,OK,,True,2655,0.33187500000000003,
4793290d6ecf45aaad5326541298bf5f,713,2026-10-03T16:01:09.257913+07:00,712.0463291960004,712.0463291960004,MONITOR,712.1929962080003,0.9999900270004218,0.2517885629995362,8.896899998944718e-05,DISABLED,on,user_reported,36.70960235595703,53.15890121459961,1006.743125,119738.0703125,True,True,True,176,0,0,109,178,101,2026-10-03T16:01:09.257993+07:00,712.0464197320007,0.18581965399971523,OK,,True,2026-10-03T16:01:09.443825+07:00,712.232247553,0.03300754700012476,OK,,True,1442,0.18025,,2026-10-03T16:01:09.476834+07:00,712.2652589520003,0.03284993699980987,OK,,True,2649,0.331125,
4793290d6ecf45aaad5326541298bf5f,714,2026-10-03T16:01:10.257950+07:00,713.0463651509999,713.0463651509999,MONITOR,713.1930321629998,1.0000359549994755,0.2520850800001426,0.00012492399946495425,DISABLED,on,user_reported,36.701942443847656,53.145111083984375,1006.744375,119990.625,True,True,True,176,0,0,109,178,101,2026-10-03T16:01:10.258038+07:00,713.0464641880008,0.18582317199980025,OK,,True,2026-10-03T16:01:10.443873+07:00,713.2322953600005,0.03329067499998928,OK,,True,1436,0.1795,,2026-10-03T16:01:10.477166+07:00,713.2655897570003,0.032851252000000386,OK,,True,2654,0.33175,
4793290d6ecf45aaad5326541298bf5f,715,2026-10-03T16:01:11.257926+07:00,714.0463416840003,714.0463416840003,MONITOR,714.1930086960001,0.9999765330003356,0.2517552870003783,0.00010145699980057543,DISABLED,on,user_reported,36.70322036743164,53.1643180847168,1006.7875,119738.0703125,True,True,True,176,0,0,109,178,101,2026-10-03T16:01:11.258006+07:00,714.0464321280006,0.1858148209994397,OK,,True,2026-10-03T16:01:11.443832+07:00,714.2322542450001,0.032998899000631354,OK,,True,1449,0.181125,,2026-10-03T16:01:11.476832+07:00,714.2652567000005,0.0328316969998923,OK,,True,2656,0.332,
4793290d6ecf45aaad5326541298bf5f,716,2026-10-03T16:01:12.257950+07:00,715.0463580149999,715.0463580149999,MONITOR,715.1930250269997,1.0000163309996424,0.2622771720007222,0.00011778799944295315,DISABLED,on,user_reported,36.70066833496094,53.163936614990234,1006.735546875,120329.0234375,True,True,True,176,0,0,109,178,101,2026-10-03T16:01:12.258095+07:00,715.0465187550008,0.19157170399921597,OK,,True,2026-10-03T16:01:12.449689+07:00,715.2381072920007,0.03547847399931925,OK,,True,1468,0.1835,,2026-10-03T16:01:12.485174+07:00,715.2735951170007,0.03502173600008973,OK,,True,2665,0.333125,
4793290d6ecf45aaad5326541298bf5f,717,2026-10-03T16:01:13.257998+07:00,716.0464092010006,716.0464092010006,MONITOR,716.1930762130005,1.0000511860007464,0.26210859899947536,0.00016897400018933695,DISABLED,on,user_reported,36.70003128051758,53.163856506347656,1006.761796875,120413.921875,True,True,True,176,0,0,109,178,101,2026-10-03T16:01:13.258107+07:00,716.0465329960007,0.19124529999953666,OK,,True,2026-10-03T16:01:13.449375+07:00,716.2377939440003,0.03550856600031693,OK,,True,1450,0.18125,,2026-10-03T16:01:13.484890+07:00,716.2733113990007,0.03518730899941147,OK,,True,2658,0.33225,
4793290d6ecf45aaad5326541298bf5f,718,2026-10-03T16:01:14.257995+07:00,717.0464032230002,717.0464032230002,MONITOR,717.193070235,0.9999940219995551,0.2621826920003514,0.000162995999744453,DISABLED,on,user_reported,36.69428634643555,53.16301345825195,1006.759375,120075.046875,True,True,True,176,0,0,109,178,101,2026-10-03T16:01:14.258128+07:00,717.046553352,0.19126141100059613,OK,,True,2026-10-03T16:01:14.449413+07:00,717.2378312070005,0.03549991799991403,OK,,True,1448,0.181,,2026-10-03T16:01:14.484919+07:00,717.2733407550004,0.03522512299969094,OK,,True,2653,0.331625,
4793290d6ecf45aaad5326541298bf5f,719,2026-10-03T16:01:15.257927+07:00,718.0463428410003,718.0463428410003,MONITOR,718.1930098530001,0.9999396180000986,0.251763272000062,0.00010261399984301534,DISABLED,on,user_reported,36.69620132446289,53.16963195800781,1006.735078125,119822.140625,True,True,True,176,0,0,109,178,101,2026-10-03T16:01:15.258010+07:00,718.0464366180004,0.1858254720000332,OK,,True,2026-10-03T16:01:15.443849+07:00,718.2322709050004,0.03298554799948761,OK,,True,1445,0.180625,,2026-10-03T16:01:15.476836+07:00,718.265260397,0.0328360680005062,OK,,True,2651,0.33137500000000003,
4793290d6ecf45aaad5326541298bf5f,720,2026-10-03T16:01:16.257946+07:00,719.046360888,719.046360888,MONITOR,719.1930278999998,1.0000180469996849,0.2522727310006303,0.00012066099952789955,DISABLED,on,user_reported,36.701942443847656,53.189491271972656,1006.778515625,119402.984375,True,True,True,176,0,0,109,178,101,2026-10-03T16:01:16.258034+07:00,719.0464603870005,0.18581491599979927,OK,,True,2026-10-03T16:01:16.443861+07:00,719.2322833590006,0.03337656299936498,OK,,True,1442,0.18025,,2026-10-03T16:01:16.477244+07:00,719.2656660340008,0.032958251999843924,OK,,True,2657,0.332125,
4793290d6ecf45aaad5326541298bf5f,721,2026-10-03T16:01:17.257928+07:00,720.0463436780001,720.0463436780001,MONITOR,720.1930106899999,0.9999827900001037,0.2517909200005306,0.00010345099963160465,DISABLED,on,user_reported,36.69747543334961,53.17616271972656,1006.7234375,119486.578125,True,True,True,176,0,0,109,178,101,2026-10-03T16:01:17.258014+07:00,720.0464406770006,0.1858299719997376,OK,,True,2026-10-03T16:01:17.443858+07:00,720.2322793160001,0.03299358500044036,OK,,True,1439,0.179875,,2026-10-03T16:01:17.476852+07:00,720.2652766420006,0.03284821599936549,OK,,True,2648,0.331,
4793290d6ecf45aaad5326541298bf5f,722,2026-10-03T16:01:18.257963+07:00,721.0463745810002,721.0463745810002,MONITOR,721.1930415930001,1.0000309030001517,0.2518627910003488,0.00013435399978334317,DISABLED,on,user_reported,36.69301223754883,53.18819046020508,1006.825703125,119906.3203125,True,True,True,176,0,0,109,178,101,2026-10-03T16:01:18.258069+07:00,721.0464948770004,0.18584465799995087,OK,,True,2026-10-03T16:01:18.443926+07:00,721.2323477380005,0.03299477099972137,OK,,True,1441,0.180125,,2026-10-03T16:01:18.476922+07:00,721.2653461200007,0.032882696999877226,OK,,True,2650,0.33125,
4793290d6ecf45aaad5326541298bf5f,723,2026-10-03T16:01:19.257921+07:00,722.0463365989999,722.0463365989999,MONITOR,722.1930036109998,0.9999620179996782,0.2517687930003376,9.637199946155306e-05,DISABLED,on,user_reported,36.690460205078125,53.18781661987305,1006.86265625,119738.0703125,True,True,True,176,0,0,109,178,101,2026-10-03T16:01:19.258003+07:00,722.0464288580006,0.18581662099950336,OK,,True,2026-10-03T16:01:19.443831+07:00,722.2322534790001,0.03300512300029368,OK,,True,1436,0.1795,,2026-10-03T16:01:19.476838+07:00,722.2652625460005,0.03283395699963876,OK,,True,2646,0.33075,
4793290d6ecf45aaad5326541298bf5f,724,2026-10-03T16:01:20.257967+07:00,723.0463803230004,723.0463803230004,MONITOR,723.1930473350003,1.000043724000534,0.2524119919999066,0.00014009599999553757,DISABLED,on,user_reported,36.69747543334961,53.195186614990234,1006.8534375,120244.25,True,True,True,176,0,0,109,178,101,2026-10-03T16:01:20.258057+07:00,723.0464831190002,0.18648659800055611,OK,,True,2026-10-03T16:01:20.444556+07:00,723.2329779210004,0.032989696000186086,OK,,True,1433,0.179125,,2026-10-03T16:01:20.477546+07:00,723.2659712100003,0.03281262400014384,OK,,True,2646,0.33075,
4793290d6ecf45aaad5326541298bf5f,725,2026-10-03T16:01:21.257949+07:00,724.0463625130005,724.0463625130005,MONITOR,724.1930295250004,0.9999821900000825,0.2517941090000022,0.00012228600007802015,DISABLED,on,user_reported,36.694923400878906,53.19480514526367,1006.7603125,119570.296875,True,True,True,176,0,0,109,178,101,2026-10-03T16:01:21.258051+07:00,724.0464772710002,0.18584236400056398,OK,,True,2026-10-03T16:01:21.443906+07:00,724.232328264,0.032987475000481936,OK,,True,1445,0.180625,,2026-10-03T16:01:21.476895+07:00,724.2653201090006,0.03282756799944764,OK,,True,2653,0.331625,
4793290d6ecf45aaad5326541298bf5f,726,2026-10-03T16:01:22.257922+07:00,725.0463368910005,725.0463368910005,MONITOR,725.1930039030003,0.9999743779999335,0.25184583099962765,9.666400001151487e-05,DISABLED,on,user_reported,36.69237518310547,53.21979904174805,1006.77671875,119990.625,True,True,True,176,0,0,109,178,101,2026-10-03T16:01:22.258004+07:00,725.0464296130003,0.1858344379998016,OK,,True,2026-10-03T16:01:22.443850+07:00,725.2322724390006,0.03298490099950868,OK,,True,1441,0.180125,,2026-10-03T16:01:22.476837+07:00,725.2652617660005,0.032911401000092155,OK,,True,2656,0.332,
4793290d6ecf45aaad5326541298bf5f,727,2026-10-03T16:01:23.258227+07:00,726.0466422320005,726.0466422320005,MONITOR,726.1933092440004,1.0003053410000575,0.252078163999613,0.00040200500006903894,DISABLED,on,user_reported,36.69939422607422,53.20813751220703,1006.8290625,119570.296875,True,True,True,176,0,0,109,178,101,2026-10-03T16:01:23.258302+07:00,726.0467281580004,0.18582465999952547,OK,,True,2026-10-03T16:01:23.444139+07:00,726.232561152,0.03327512000032584,OK,,True,1437,0.179625,,2026-10-03T16:01:23.477416+07:00,726.2658404570002,0.03287143899979128,OK,,True,2646,0.33075,
4793290d6ecf45aaad5326541298bf5f,728,2026-10-03T16:01:24.257937+07:00,727.0463522290001,727.0463522290001,MONITOR,727.193019241,0.999709996999627,0.25187798000024486,0.00011200199969607638,DISABLED,on,user_reported,36.703857421875,53.22148132324219,1006.754296875,119570.296875,True,True,True,176,0,0,109,178,101,2026-10-03T16:01:24.258019+07:00,727.0464452100005,0.18585686400001578,OK,,True,2026-10-03T16:01:24.443888+07:00,727.2323108340006,0.03304338099951565,OK,,True,1444,0.1805,,2026-10-03T16:01:24.476934+07:00,727.2653584750005,0.03286199400008627,OK,,True,2653,0.331625,
4793290d6ecf45aaad5326541298bf5f,729,2026-10-03T16:01:25.257984+07:00,728.046391115,728.046391115,MONITOR,728.1930581269999,1.0000388859998566,0.2614804830000139,0.0001508879995526513,DISABLED,on,user_reported,36.694923400878906,53.20749282836914,1006.79453125,119990.625,True,True,True,176,0,0,109,178,101,2026-10-03T16:01:25.258137+07:00,728.046561614,0.19036583100023563,OK,,True,2026-10-03T16:01:25.448525+07:00,728.2369432780006,0.03550610399997822,OK,,True,1463,0.182875,,2026-10-03T16:01:25.484037+07:00,728.2724590670005,0.03539342000021861,OK,,True,2664,0.333,
4793290d6ecf45aaad5326541298bf5f,730,2026-10-03T16:01:26.259400+07:00,729.0478075300007,729.0478075300007,MONITOR,729.1944745420005,1.0014164150006764,0.2527820489995065,0.0015673030002290034,DISABLED,on,user_reported,36.69683837890625,53.214115142822266,1006.7771875,120584.078125,True,True,True,176,0,0,109,178,101,2026-10-03T16:01:26.259553+07:00,729.0479776770007,0.18669239599967113,OK,,True,2026-10-03T16:01:26.446257+07:00,729.2346792590006,0.03302910399997927,OK,,True,1437,0.179625,,2026-10-03T16:01:26.479289+07:00,729.2677129370004,0.0328663090003829,OK,,True,2650,0.33125,
4793290d6ecf45aaad5326541298bf5f,731,2026-10-03T16:01:27.257938+07:00,730.0463525069999,730.0463525069999,MONITOR,730.1930195189998,0.9985449769992556,0.2517611310004213,0.0001122799994845991,DISABLED,on,user_reported,36.691097259521484,53.232303619384766,1006.761015625,120075.046875,True,True,True,176,0,0,109,178,101,2026-10-03T16:01:27.258022+07:00,730.0464483210008,0.1858256440000332,OK,,True,2026-10-03T16:01:27.443860+07:00,730.2322823720006,0.03297338299944386,OK,,True,1442,0.18025,,2026-10-03T16:01:27.476835+07:00,730.2652597180004,0.03284482799972466,OK,,True,2653,0.331625,
4793290d6ecf45aaad5326541298bf5f,732,2026-10-03T16:01:28.257913+07:00,731.0463289380004,731.0463289380004,MONITOR,731.1929959500003,0.9999764310005048,0.25181190999956016,8.871099998941645e-05,DISABLED,on,user_reported,36.689823150634766,53.21943664550781,1006.7453125,119990.625,True,True,True,176,0,0,109,178,101,2026-10-03T16:01:28.257989+07:00,731.0464151780006,0.18582690399944113,OK,,True,2026-10-03T16:01:28.443828+07:00,731.2322503969999,0.03302425300080358,OK,,True,1439,0.179875,,2026-10-03T16:01:28.476856+07:00,731.2652796310003,0.0328518090000216,OK,,True,2652,0.3315,
4793290d6ecf45aaad5326541298bf5f,733,2026-10-03T16:01:29.257915+07:00,732.0463297430006,732.0463297430006,MONITOR,732.1929967550004,1.000000805000127,0.252138869999726,8.951600011641858e-05,DISABLED,on,user_reported,36.69747543334961,53.226890563964844,1006.778125,119906.3203125,True,True,True,176,0,0,109,178,101,2026-10-03T16:01:29.257992+07:00,732.0464180750005,0.18583279399990715,OK,,True,2026-10-03T16:01:29.443836+07:00,732.232258776,0.03331486200022482,OK,,True,1435,0.179375,,2026-10-03T16:01:29.477154+07:00,732.2655781930007,0.032881309000003967,OK,,True,2649,0.331125,
4793290d6ecf45aaad5326541298bf5f,734,2026-10-03T16:01:30.257913+07:00,733.0463292530003,733.0463292530003,MONITOR,733.1929962650001,0.999999509999725,0.25181531900034315,8.90259998413967e-05,DISABLED,on,user_reported,36.7013053894043,53.240135192871094,1006.743359375,119738.0703125,True,True,True,176,0,0,109,178,101,2026-10-03T16:01:30.257996+07:00,733.0464223450008,0.1858486269993591,OK,,True,2026-10-03T16:01:30.443857+07:00,733.2322799720005,0.032978475999698276,OK,,True,1445,0.180625,,2026-10-03T16:01:30.476838+07:00,733.265262633,0.03287269800057402,OK,,True,2651,0.33137500000000003,
4793290d6ecf45aaad5326541298bf5f,735,2026-10-03T16:01:31.257915+07:00,734.0463307670007,734.0463307670007,MONITOR,734.1929977790005,1.0000015140003597,0.26175030000013066,9.054000020114472e-05,DISABLED,on,user_reported,36.698753356933594,53.23976135253906,1006.773359375,119319.5078125,True,True,True,176,0,0,109,178,101,2026-10-03T16:01:31.257990+07:00,734.0464164519999,0.1906286840003304,OK,,True,2026-10-03T16:01:31.448643+07:00,734.2370616730004,0.03438533499956975,OK,,True,1458,0.18225,,2026-10-03T16:01:31.483034+07:00,734.2714560820004,0.03660765199947491,OK,,True,2656,0.332,
4793290d6ecf45aaad5326541298bf5f,736,2026-10-03T16:01:32.257972+07:00,735.0463794870002,735.0463794870002,MONITOR,735.193046499,1.0000487199995405,0.2599846660004914,0.0001392599997416255,DISABLED,on,user_reported,36.70003128051758,53.239952087402344,1006.720859375,120075.046875,True,True,True,176,0,0,109,178,101,2026-10-03T16:01:32.258119+07:00,735.0465439300006,0.18850153399944247,OK,,True,2026-10-03T16:01:32.446636+07:00,735.2350571860006,0.036210784999639145,OK,,True,1441,0.180125,,2026-10-03T16:01:32.482856+07:00,735.2712773040003,0.03506858899982035,OK,,True,2666,0.33325,
4793290d6ecf45aaad5326541298bf5f,737,2026-10-03T16:01:33.258048+07:00,736.0464613570002,736.0464613570002,MONITOR,736.1931283690001,1.000081870000031,0.25278053500005626,0.00022112999977252912,DISABLED,on,user_reported,36.7013053894043,53.23379135131836,1006.674921875,119570.296875,True,True,True,176,0,0,109,178,101,2026-10-03T16:01:33.258148+07:00,736.0465734300005,0.18639701299980516,OK,,True,2026-10-03T16:01:33.444556+07:00,736.2329787950002,0.033234937000088394,OK,,True,1452,0.1815,,2026-10-03T16:01:33.477798+07:00,736.2662199720007,0.03301103099965985,OK,,True,2653,0.331625,
4793290d6ecf45aaad5326541298bf5f,738,2026-10-03T16:01:34.257911+07:00,737.0463260460001,737.0463260460001,MONITOR,737.192993058,0.9998646889998781,0.25255077900055767,8.581899965065531e-05,DISABLED,on,user_reported,36.70066833496094,53.221004486083984,1006.72875,119990.625,True,True,True,176,0,0,109,178,101,2026-10-03T16:01:34.257993+07:00,737.0464192310001,0.18594366500019532,OK,,True,2026-10-03T16:01:34.443950+07:00,737.2323722480005,0.033300731999588606,OK,,True,1441,0.180125,,2026-10-03T16:01:34.477256+07:00,737.2656784430001,0.033184326000082365,OK,,True,2656,0.332,
4793290d6ecf45aaad5326541298bf5f,739,2026-10-03T16:01:35.257921+07:00,738.0463358110001,738.0463358110001,MONITOR,738.1930028229999,1.0000097649999589,0.25454383900068933,9.558399960951647e-05,DISABLED,on,user_reported,36.691734313964844,53.22605514526367,1006.7415625,119822.140625,True,True,True,176,0,0,109,178,101,2026-10-03T16:01:35.258006+07:00,738.0464319030007,0.18583603699971718,OK,,True,2026-10-03T16:01:35.443855+07:00,738.2322771070003,0.03321671400044579,OK,,True,1448,0.181,,2026-10-03T16:01:35.477072+07:00,738.2654975810001,0.03536393900049006,OK,,True,2636,0.3295,
4793290d6ecf45aaad5326541298bf5f,740,2026-10-03T16:01:36.257923+07:00,739.0463382090002,739.0463382090002,MONITOR,739.193005221,1.000002398000106,0.25218600400057767,9.798199971555732e-05,DISABLED,on,user_reported,36.69301223754883,53.238922119140625,1006.675234375,119990.625,True,True,True,176,0,0,109,178,101,2026-10-03T16:01:36.258008+07:00,739.0464342260002,0.18585800100026972,OK,,True,2026-10-03T16:01:36.443881+07:00,739.2323022820001,0.033074437999857764,OK,,True,1441,0.180125,,2026-10-03T16:01:36.476958+07:00,739.265381442,0.033132364000266534,OK,,True,2643,0.33037500000000003,
4793290d6ecf45aaad5326541298bf5f,741,2026-10-03T16:01:37.257914+07:00,740.0463295160007,740.0463295160007,MONITOR,740.1929965280005,0.9999913070005277,0.2530936839993956,8.928900024329778e-05,DISABLED,on,user_reported,36.69237518310547,53.232479095458984,1006.728828125,119738.0703125,True,True,True,176,0,0,109,178,101,2026-10-03T16:01:37.257995+07:00,740.0464214780004,0.18631468300009146,OK,,True,2026-10-03T16:01:37.444324+07:00,740.2327462160001,0.03339958400010801,OK,,True,1440,0.18,,2026-10-03T16:01:37.477728+07:00,740.266151152,0.03325969600064127,OK,,True,2653,0.331625,
4793290d6ecf45aaad5326541298bf5f,742,2026-10-03T16:01:38.261813+07:00,741.0502164640002,741.0502164640002,MONITOR,741.196883476,1.00388694799949,0.2571757100004106,0.0039762369997333735,DISABLED,on,user_reported,36.68663024902344,53.22530746459961,1006.781171875,119906.3203125,True,True,True,176,0,0,109,178,101,2026-10-03T16:01:38.261971+07:00,741.050395833,0.18697797400000127,OK,,True,2026-10-03T16:01:38.448964+07:00,741.2373848440002,0.035480346999975154,OK,,True,1439,0.179875,,2026-10-03T16:01:38.484449+07:00,741.272871653,0.03450681699996494,OK,,True,2648,0.331,
4793290d6ecf45aaad5326541298bf5f,743,2026-10-03T16:01:39.257917+07:00,742.0463331950004,742.0463331950004,MONITOR,742.1930002070003,0.9961167310002566,0.25321936899945285,9.296799998992356e-05,DISABLED,on,user_reported,36.691097259521484,53.238643646240234,1006.815703125,119906.3203125,True,True,True,176,0,0,109,178,101,2026-10-03T16:01:39.257989+07:00,742.0464155090003,0.18582433499977924,OK,,True,2026-10-03T16:01:39.443826+07:00,742.2322478630003,0.033921858000212524,OK,,True,1443,0.180375,,2026-10-03T16:01:39.477753+07:00,742.2661751280002,0.033366325000315555,OK,,True,2653,0.331625,
4793290d6ecf45aaad5326541298bf5f,744,2026-10-03T16:01:40.257914+07:00,743.0463296580001,743.0463296580001,MONITOR,743.19299667,0.9999964629996612,0.2530005759999767,8.943099965108559e-05,DISABLED,on,user_reported,36.6872673034668,53.25077438354492,1006.81640625,119654.125,True,True,True,176,0,0,109,178,101,2026-10-03T16:01:40.257996+07:00,743.0464226760005,0.18581765099952463,OK,,True,2026-10-03T16:01:40.443825+07:00,743.2322479009999,0.03371300800063182,OK,,True,1442,0.18025,,2026-10-03T16:01:40.477544+07:00,743.2659657050008,0.03335182499995426,OK,,True,2650,0.33125,
4793290d6ecf45aaad5326541298bf5f,745,2026-10-03T16:01:41.257909+07:00,744.0463267170007,744.0463267170007,MONITOR,744.1929937290006,0.9999970590006342,0.25246135799989133,8.649000028526643e-05,DISABLED,on,user_reported,36.689823150634766,53.23211669921875,1006.793125,119822.140625,True,True,True,176,0,0,109,178,101,2026-10-03T16:01:41.257986+07:00,744.046412013,0.1858403920005003,OK,,True,2026-10-03T16:01:41.443835+07:00,744.2322580529999,0.033083494000493374,OK,,True,1444,0.1805,,2026-10-03T16:01:41.476924+07:00,744.265346954,0.0334314550000272,OK,,True,2645,0.330625,
4793290d6ecf45aaad5326541298bf5f,746,2026-10-03T16:01:42.257943+07:00,745.0463574820005,745.0463574820005,MONITOR,745.1930244940004,1.0000307649997922,0.25636845899953187,0.00011725500007742085,DISABLED,on,user_reported,36.68854522705078,53.2382698059082,1006.7909375,119822.140625,True,True,True,176,0,0,109,178,101,2026-10-03T16:01:42.258029+07:00,745.0464559070006,0.18682671899932757,OK,,True,2026-10-03T16:01:42.444870+07:00,745.233292033,0.035100424000120256,OK,,True,1436,0.1795,,2026-10-03T16:01:42.479978+07:00,745.2683994380004,0.03431576299954031,OK,,True,2644,0.3305,
4793290d6ecf45aaad5326541298bf5f,747,2026-10-03T16:01:43.257908+07:00,746.0463231210006,746.0463231210006,MONITOR,746.1929901330004,0.9999656390000382,0.2659765549997246,8.289400011562975e-05,DISABLED,on,user_reported,36.69683837890625,53.252166748046875,1006.790859375,119906.3203125,True,True,True,176,0,0,109,178,101,2026-10-03T16:01:43.257991+07:00,746.046417824,0.19369776000075944,OK,,True,2026-10-03T16:01:43.451712+07:00,746.2401298250006,0.03672641100001783,OK,,True,1445,0.180625,,2026-10-03T16:01:43.488451+07:00,746.2768695140003,0.0354077909996704,OK,,True,2616,0.327,
4793290d6ecf45aaad5326541298bf5f,748,2026-10-03T16:01:44.257922+07:00,747.046338743,747.046338743,MONITOR,747.1930057549998,1.0000156219994096,0.2564044050004668,9.851599952526158e-05,DISABLED,on,user_reported,36.694923400878906,53.22017288208008,1006.773984375,119654.125,True,True,True,176,0,0,109,178,101,2026-10-03T16:01:44.257995+07:00,747.0464213530004,0.18581126400022185,OK,,True,2026-10-03T16:01:44.443817+07:00,747.2322400060002,0.037162427000112075,OK,,True,1425,0.178125,,2026-10-03T16:01:44.480986+07:00,747.2694080810006,0.033323769999697106,OK,,True,2654,0.33175,
4793290d6ecf45aaad5326541298bf5f,749,2026-10-03T16:01:45.257919+07:00,748.0463344790005,748.0463344790005,MONITOR,748.1930014910004,0.9999957360005283,0.2549716940002327,9.425200005352963e-05,DISABLED,on,user_reported,36.69237518310547,53.226139068603516,1006.790390625,119822.140625,True,True,True,176,0,0,109,178,101,2026-10-03T16:01:45.258001+07:00,748.0464274230008,0.1858229309991657,OK,,True,2026-10-03T16:01:45.443835+07:00,748.2322574650007,0.034777258999383776,OK,,True,1437,0.179625,,2026-10-03T16:01:45.478618+07:00,748.2670404280007,0.03425437499936379,OK,,True,2647,0.33087500000000003,
4793290d6ecf45aaad5326541298bf5f,750,2026-10-03T16:01:46.257911+07:00,749.0463282740002,749.0463282740002,MONITOR,749.192995286,0.999993794999682,0.25473701100054313,8.804699973552488e-05,DISABLED,on,user_reported,36.698753356933594,53.23341751098633,1006.773359375,120159.5859375,True,True,True,176,0,0,109,178,101,2026-10-03T16:01:46.257981+07:00,749.0464072540008,0.18579207999937353,OK,,True,2026-10-03T16:01:46.443783+07:00,749.2322064270002,0.0350583130002633,OK,,True,1440,0.18,,2026-10-03T16:01:46.478848+07:00,749.2672705730001,0.03378236000025936,OK,,True,2638,0.32975,
4793290d6ecf45aaad5326541298bf5f,751,2026-10-03T16:01:47.257910+07:00,750.0463256080002,750.0463256080002,MONITOR,750.19299262,0.9999973339999997,0.2555684310000288,8.53809997352073e-05,DISABLED,on,user_reported,36.69811248779297,53.23332214355469,1006.71765625,119570.296875,True,True,True,176,0,0,109,178,101,2026-10-03T16:01:47.257991+07:00,750.0464169590005,0.18581332099984138,OK,,True,2026-10-03T16:01:47.443815+07:00,750.232237446,0.033110772000327415,OK,,True,1447,0.180875,,2026-10-03T16:01:47.476926+07:00,750.2653512180004,0.03652852499999426,OK,,True,2645,0.330625,
4793290d6ecf45aaad5326541298bf5f,752,2026-10-03T16:01:48.257914+07:00,751.0463306850006,751.0463306850006,MONITOR,751.1929976970005,1.0000050770004236,0.2543138490000274,9.045800015883287e-05,DISABLED,on,user_reported,36.701942443847656,53.227535247802734,1006.826484375,119402.984375,True,True,True,176,0,0,109,178,101,2026-10-03T16:01:48.257986+07:00,751.0464124990003,0.185791822000283,OK,,True,2026-10-03T16:01:48.443787+07:00,751.2322102650005,0.032962291999865556,OK,,True,1442,0.18025,,2026-10-03T16:01:48.476750+07:00,751.2651758350003,0.035440440000456874,OK,,True,2653,0.331625,
4793290d6ecf45aaad5326541298bf5f,753,2026-10-03T16:01:49.257962+07:00,752.046377654,752.046377654,MONITOR,752.1930446659999,1.0000469689994134,0.25241978900066897,0.00013742699957219884,DISABLED,on,user_reported,36.70322036743164,53.22138214111328,1006.746484375,119319.5078125,True,True,True,176,0,0,109,178,101,2026-10-03T16:01:49.258046+07:00,752.0464719860001,0.18581052599984105,OK,,True,2026-10-03T16:01:49.443868+07:00,752.2322904930006,0.03294890300003317,OK,,True,1443,0.180375,,2026-10-03T16:01:49.476816+07:00,752.2652421560006,0.03354137999940576,OK,,True,2647,0.33087500000000003,
4793290d6ecf45aaad5326541298bf5f,754,2026-10-03T16:01:50.257911+07:00,753.0463270509999,753.0463270509999,MONITOR,753.1929940629998,0.9999493969999094,0.25349396800083923,8.682399948156672e-05,DISABLED,on,user_reported,36.69301223754883,53.21989440917969,1006.723046875,119738.0703125,True,True,True,176,0,0,109,178,101,2026-10-03T16:01:50.257994+07:00,753.0464209020001,0.18580769300024258,OK,,True,2026-10-03T16:01:50.443812+07:00,753.232234391,0.032972311000776244,OK,,True,1440,0.18,,2026-10-03T16:01:50.476784+07:00,753.2652096649999,0.03459813200061035,OK,,True,2653,0.331625,
4793290d6ecf45aaad5326541298bf5f,755,2026-10-03T16:01:51.257912+07:00,754.0463285250007,754.0463285250007,MONITOR,754.1929955370006,1.0000014740007828,0.25177798099957727,8.829800026433077e-05,DISABLED,on,user_reported,36.691097259521484,53.21962356567383,1006.754140625,119486.578125,True,True,True,176,0,0,109,178,101,2026-10-03T16:01:51.257983+07:00,754.0464090989999,0.1858043970005383,OK,,True,2026-10-03T16:01:51.443796+07:00,754.2322199030004,0.03297420000035345,OK,,True,1436,0.1795,,2026-10-03T16:01:51.476772+07:00,754.265197269,0.03289988500000618,OK,,True,2648,0.331,
4793290d6ecf45aaad5326541298bf5f,756,2026-10-03T16:01:52.257910+07:00,755.0463252980007,755.0463252980007,MONITOR,755.1929923100006,0.9999967730000208,0.2518274999993082,8.50710002850974e-05,DISABLED,on,user_reported,36.69620132446289,53.23938751220703,1006.639296875,119570.296875,True,True,True,176,0,0,109,178,101,2026-10-03T16:01:52.257989+07:00,755.0464159270005,0.18583024999952613,OK,,True,2026-10-03T16:01:52.443832+07:00,755.2322546760006,0.03299155199965753,OK,,True,1439,0.179875,,2026-10-03T16:01:52.476824+07:00,755.2652496720002,0.03289234800013219,OK,,True,2660,0.3325,
4793290d6ecf45aaad5326541298bf5f,757,2026-10-03T16:01:53.257916+07:00,756.046332463,756.046332463,MONITOR,756.1929994749999,1.0000071649992606,0.2517382420001013,9.223599954566453e-05,DISABLED,on,user_reported,36.691097259521484,53.232303619384766,1006.726796875,119486.578125,True,True,True,176,0,0,109,178,101,2026-10-03T16:01:53.257989+07:00,756.0464149620002,0.1858044910004537,OK,,True,2026-10-03T16:01:53.443802+07:00,756.232225453,0.0329679220003527,OK,,True,1437,0.179625,,2026-10-03T16:01:53.476771+07:00,756.2651963380004,0.03286584800025594,OK,,True,2654,0.33175,
4793290d6ecf45aaad5326541298bf5f,758,2026-10-03T16:01:54.257919+07:00,757.0463343890005,757.0463343890005,MONITOR,757.1930014010004,1.0000019260005502,0.25182007500006875,9.416200009582099e-05,DISABLED,on,user_reported,36.691097259521484,53.2259635925293,1006.68578125,119570.296875,True,True,True,176,0,0,109,178,101,2026-10-03T16:01:54.258003+07:00,757.0464288700005,0.18579950999992434,OK,,True,2026-10-03T16:01:54.443811+07:00,757.2322343980004,0.03307917999973142,OK,,True,1450,0.18125,,2026-10-03T16:01:54.476891+07:00,757.2653166710006,0.032829718999892066,OK,,True,2649,0.331125,
4793290d6ecf45aaad5326541298bf5f,759,2026-10-03T16:01:55.257918+07:00,758.0463329480008,758.0463329480008,MONITOR,758.1929999600006,0.9999985590002325,0.2517384279999533,9.272100032831077e-05,DISABLED,on,user_reported,36.69364929199219,53.245361328125,1006.662421875,119738.0703125,True,True,True,176,0,0,109,178,101,2026-10-03T16:01:55.258001+07:00,758.0464274290007,0.18581149100009497,OK,,True,2026-10-03T16:01:55.443822+07:00,758.2322453639999,0.032978404000459705,OK,,True,1440,0.18,,2026-10-03T16:01:55.476801+07:00,758.2652269529999,0.03283536700018885,OK,,True,2651,0.33137500000000003,
4793290d6ecf45aaad5326541298bf5f,760,2026-10-03T16:01:56.257912+07:00,759.0463286940003,759.0463286940003,MONITOR,759.1929957060001,0.999995745999513,0.2516423560000476,8.846699984133011e-05,DISABLED,on,user_reported,36.68599319458008,53.244239807128906,1006.656875,119319.5078125,True,True,True,176,0,0,109,178,101,2026-10-03T16:01:56.257984+07:00,759.0464104900002,0.18579302899979666,OK,,True,2026-10-03T16:01:56.443785+07:00,759.232209019,0.03293714400024328,OK,,True,1452,0.1815,,2026-10-03T16:01:56.476723+07:00,759.2651488670008,0.032813941999847884,OK,,True,2649,0.331125,
4793290d6ecf45aaad5326541298bf5f,761,2026-10-03T16:01:57.257915+07:00,760.0463299060002,760.0463299060002,MONITOR,760.1929969180001,1.0000012119999155,0.2517685029997665,8.967899975687033e-05,DISABLED,on,user_reported,36.67961120605469,53.23696517944336,1006.831328125,119654.125,True,True,True,176,0,0,109,178,101,2026-10-03T16:01:57.257998+07:00,760.0464240350002,0.18582873300056235,OK,,True,2026-10-03T16:01:57.443839+07:00,760.2322614720006,0.03297443999963434,OK,,True,1451,0.181375,,2026-10-03T16:01:57.476814+07:00,760.265239116,0.03285012700052903,OK,,True,2653,0.331625,
4793290d6ecf45aaad5326541298bf5f,762,2026-10-03T16:01:58.257909+07:00,761.0463260650004,761.0463260650004,MONITOR,761.1929930770002,0.9999961590001476,0.2517118189998655,8.583799990447005e-05,DISABLED,on,user_reported,36.68854522705078,53.24461364746094,1006.797890625,119990.625,True,True,True,176,0,0,109,178,101,2026-10-03T16:01:58.257979+07:00,761.0464052500001,0.18580578900036926,OK,,True,2026-10-03T16:01:58.443794+07:00,761.2322173540006,0.032982087999698706,OK,,True,1442,0.18025,,2026-10-03T16:01:58.476777+07:00,761.2652025900006,0.03282668300016667,OK,,True,2656,0.332,
4793290d6ecf45aaad5326541298bf5f,763,2026-10-03T16:01:59.257913+07:00,762.0463304670002,762.0463304670002,MONITOR,762.192997479,1.0000044019998313,0.2517455790002714,9.023999973578611e-05,DISABLED,on,user_reported,36.687904357910156,53.244510650634766,1006.817421875,119990.625,True,True,True,176,0,0,109,178,101,2026-10-03T16:01:59.257987+07:00,762.0464129480006,0.1858204559994192,OK,,True,2026-10-03T16:01:59.443819+07:00,762.2322413669999,0.032990719000736135,OK,,True,1430,0.17875,,2026-10-03T16:01:59.476809+07:00,762.2652349930004,0.03283244199974433,OK,,True,2654,0.33175,
4793290d6ecf45aaad5326541298bf5f,764,2026-10-03T16:02:00.257919+07:00,763.0463344830005,763.0463344830005,MONITOR,763.1930014950003,1.0000040160002754,0.2518427269997119,9.425600001122802e-05,DISABLED,on,user_reported,36.687904357910156,53.2381706237793,1006.748984375,119486.578125,True,True,True,176,0,0,109,178,101,2026-10-03T16:02:00.258004+07:00,763.0464303340004,0.18582088299990573,OK,,True,2026-10-03T16:02:00.443836+07:00,763.2322579390002,0.033085570000366715,OK,,True,1443,0.180375,,2026-10-03T16:02:00.476921+07:00,763.2653465830008,0.03282103399942571,OK,,True,2653,0.331625,
4793290d6ecf45aaad5326541298bf5f,765,2026-10-03T16:02:01.257913+07:00,764.0463296860007,764.0463296860007,MONITOR,764.1929966980006,0.9999952030002532,0.25912797000000865,8.945900026446907e-05,DISABLED,on,user_reported,36.67961120605469,53.25599670410156,1006.81078125,119236.140625,True,True,True,176,0,0,109,178,101,2026-10-03T16:02:01.257979+07:00,764.0464058710004,0.18581375400026445,OK,,True,2026-10-03T16:02:01.443804+07:00,764.2322268470007,0.03823008699964703,OK,,True,1443,0.180375,,2026-10-03T16:02:01.482040+07:00,764.270462249,0.03498375900016981,OK,,True,2635,0.32937500000000003,
4793290d6ecf45aaad5326541298bf5f,766,2026-10-03T16:02:02.257942+07:00,765.0463523550006,0.76661032300035,BASELINE,765.1930193670005,1.000022668999918,0.2517400259994247,0.0001121280001825653,DISABLED,on,user_reported,36.691734313964844,53.270450592041016,1006.803125,119738.0703125,True,True,True,176,0,0,109,178,101,2026-10-03T16:02:02.258024+07:00,765.04645041,0.185820939000223,OK,,True,2026-10-03T16:02:02.443857+07:00,765.232279201,0.03296023800066905,OK,,True,1439,0.179875,,2026-10-03T16:02:02.476817+07:00,765.2652423090003,0.032840998000210675,OK,,True,2653,0.331625,
4793290d6ecf45aaad5326541298bf5f,767,2026-10-03T16:02:03.257912+07:00,766.0463287310004,1.7665866990000723,BASELINE,766.1929957430002,0.9999763759997222,0.2516440449999209,8.850399990478763e-05,DISABLED,on,user_reported,36.691097259521484,53.25133514404297,1006.788359375,119402.984375,True,True,True,176,0,0,109,178,101,2026-10-03T16:02:03.257979+07:00,766.046405823,0.18579353200038895,OK,,True,2026-10-03T16:02:03.443782+07:00,766.2322055780005,0.032940181999947526,OK,,True,1451,0.181375,,2026-10-03T16:02:03.476723+07:00,766.2651487970006,0.03281546099970001,OK,,True,2655,0.33187500000000003,
4793290d6ecf45aaad5326541298bf5f,768,2026-10-03T16:02:04.257952+07:00,767.0463656090005,2.766623577000246,BASELINE,767.1930326210004,1.0000368780001736,0.2521377080001912,0.00012538200007838896,DISABLED,on,user_reported,36.69556427001953,53.2710075378418,1006.768359375,119570.296875,True,True,True,176,0,0,109,178,101,2026-10-03T16:02:04.258041+07:00,767.0464669040002,0.18581736600026488,OK,,True,2026-10-03T16:02:04.443868+07:00,767.2322910660005,0.03335853199951089,OK,,True,1439,0.179875,,2026-10-03T16:02:04.477234+07:00,767.2656557270002,0.032833739000125206,OK,,True,2636,0.3295,
4793290d6ecf45aaad5326541298bf5f,769,2026-10-03T16:02:05.257945+07:00,768.0463591560001,3.766617123999822,BASELINE,768.193026168,0.9999935469995762,0.2519434330006334,0.00011892899965459947,DISABLED,on,user_reported,36.691097259521484,53.26401901245117,1006.829453125,119738.0703125,True,True,True,176,0,0,109,178,101,2026-10-03T16:02:05.258030+07:00,768.0464559880002,0.18580364500030555,OK,,True,2026-10-03T16:02:05.443842+07:00,768.2322658180001,0.033205458000338695,OK,,True,1448,0.181,,2026-10-03T16:02:05.477050+07:00,768.2654749430003,0.032819183000356134,OK,,True,2651,0.33137500000000003,
4793290d6ecf45aaad5326541298bf5f,770,2026-10-03T16:02:06.257924+07:00,769.0463374650008,4.766595433000475,BASELINE,769.1930044770006,0.9999783090006531,0.25174173100003827,9.72380003076978e-05,DISABLED,on,user_reported,36.687904357910156,53.26354217529297,1006.7284375,119570.296875,True,True,True,176,0,0,109,178,101,2026-10-03T16:02:06.258008+07:00,769.046434334,0.18580955300058122,OK,,True,2026-10-03T16:02:06.443827+07:00,769.2322502940006,0.03298225599974103,OK,,True,1454,0.18175,,2026-10-03T16:02:06.476810+07:00,769.265235291,0.03283520200056955,OK,,True,2655,0.33187500000000003,
4793290d6ecf45aaad5326541298bf5f,771,2026-10-03T16:02:07.257914+07:00,770.046329369,5.766587336999692,BASELINE,770.1929963809998,0.9999919039992164,0.2517865840000013,8.914199952414492e-05,DISABLED,on,user_reported,36.684078216552734,53.275672912597656,1006.77015625,119486.578125,True,True,True,176,0,0,109,178,101,2026-10-03T16:02:07.257993+07:00,770.0464194420001,0.18582433099982154,OK,,True,2026-10-03T16:02:07.443829+07:00,770.2322516800004,0.03301423799985059,OK,,True,1454,0.18175,,2026-10-03T16:02:07.476845+07:00,770.2652697510002,0.032835756999702426,OK,,True,2652,0.3315,
4793290d6ecf45aaad5326541298bf5f,772,2026-10-03T16:02:08.257914+07:00,771.0463302940007,6.766588262000369,BASELINE,771.1929973060005,1.000000925000677,0.2516536039993298,9.006700020108838e-05,DISABLED,on,user_reported,36.69556427001953,53.27735137939453,1006.7409375,119319.5078125,True,True,True,176,0,0,109,178,101,2026-10-03T16:02:08.257984+07:00,771.0464106449999,0.18580097900030523,OK,,True,2026-10-03T16:02:08.443794+07:00,771.2322178100003,0.03293525600020075,OK,,True,1441,0.180125,,2026-10-03T16:02:08.476730+07:00,771.265156548,0.03281825700014451,OK,,True,2646,0.33075,
4793290d6ecf45aaad5326541298bf5f,773,2026-10-03T16:02:09.261820+07:00,772.0502254150006,7.770483383000283,BASELINE,772.1968924270004,1.003895120999914,0.2601071349999984,0.0039851880001151585,DISABLED,on,user_reported,36.684078216552734,53.29470443725586,1006.742734375,118986.75,True,True,True,176,0,0,109,178,101,2026-10-03T16:02:09.261975+07:00,772.0504002100006,0.18971743200017954,OK,,True,2026-10-03T16:02:09.451711+07:00,772.2401309570005,0.03511364799942385,OK,,True,1445,0.180625,,2026-10-03T16:02:09.486826+07:00,772.2752509940001,0.03506509300041216,OK,,True,2655,0.33187500000000003,
4793290d6ecf45aaad5326541298bf5f,774,2026-10-03T16:02:10.258082+07:00,773.0464924840007,8.766750452000451,BASELINE,773.1931594960006,0.9962670690001687,0.25237671099966974,0.000252257000283862,DISABLED,on,user_reported,36.70003128051758,53.29704284667969,1006.775546875,119236.140625,True,True,True,176,0,0,109,178,101,2026-10-03T16:02:10.258178+07:00,773.0466038350005,0.18645334499979072,OK,,True,2026-10-03T16:02:10.444640+07:00,773.2330631990008,0.0329534419997799,OK,,True,1450,0.18125,,2026-10-03T16:02:10.477593+07:00,773.2660196780007,0.03284073899976647,OK,,True,2647,0.33087500000000003,
4793290d6ecf45aaad5326541298bf5f,775,2026-10-03T16:02:11.257983+07:00,774.0464004539999,9.766658421999637,BASELINE,774.1930674659998,0.9999079699991853,0.25194373300018924,0.00016022699946915964,DISABLED,on,user_reported,36.68918228149414,53.27641677856445,1006.716796875,119738.0703125,True,True,True,176,0,0,109,178,101,2026-10-03T16:02:11.258049+07:00,774.0464752500002,0.18580114700034756,OK,,True,2026-10-03T16:02:11.443859+07:00,774.232282342,0.033213810000233934,OK,,True,1441,0.180125,,2026-10-03T16:02:11.477075+07:00,774.2654997630007,0.032835090999469685,OK,,True,2654,0.33175,
4793290d6ecf45aaad5326541298bf5f,776,2026-10-03T16:02:12.257911+07:00,775.046326742,10.766584709999734,BASELINE,775.1929937539999,0.999926288000097,0.2517742160007401,8.651499956613407e-05,DISABLED,on,user_reported,36.68663024902344,53.26970291137695,1006.6990625,118986.75,True,True,True,176,0,0,109,178,101,2026-10-03T16:02:12.257994+07:00,775.0464206480001,0.18581331499990483,OK,,True,2026-10-03T16:02:12.443819+07:00,775.2322418330004,0.03298947900020721,OK,,True,1445,0.180625,,2026-10-03T16:02:12.476809+07:00,775.2652345710003,0.03285547999985283,OK,,True,2648,0.331,
4793290d6ecf45aaad5326541298bf5f,777,2026-10-03T16:02:13.257914+07:00,776.0463292720005,11.766587240000263,BASELINE,776.1929962840004,1.000002530000529,0.2517224769999302,8.904500009521144e-05,DISABLED,on,user_reported,36.67897415161133,53.281280517578125,1006.727734375,119654.125,True,True,True,176,0,0,109,178,101,2026-10-03T16:02:13.257992+07:00,776.046418549,0.18581181500030652,OK,,True,2026-10-03T16:02:13.443814+07:00,776.2322373450006,0.03297288700014178,OK,,True,1447,0.180875,,2026-10-03T16:02:13.476788+07:00,776.2652134720001,0.03282127700003912,OK,,True,2650,0.33125,
4793290d6ecf45aaad5326541298bf5f,778,2026-10-03T16:02:14.257907+07:00,777.0463226190004,12.766580587000135,BASELINE,777.1929896310003,0.9999933469998723,0.251804292000088,8.239199996751267e-05,DISABLED,on,user_reported,36.677696228027344,53.29377365112305,1006.746171875,119822.140625,True,True,True,176,0,0,109,178,101,2026-10-03T16:02:14.257986+07:00,777.0464128410003,0.18581783399986307,OK,,True,2026-10-03T16:02:14.443817+07:00,777.2322392300002,0.033015627000168024,OK,,True,1441,0.180125,,2026-10-03T16:02:14.476834+07:00,777.2652586900003,0.03285922099985328,OK,,True,2650,0.33125,
4793290d6ecf45aaad5326541298bf5f,779,2026-10-03T16:02:15.257981+07:00,778.0463888210006,13.766646789000333,BASELINE,778.1930558330005,1.0000662020001982,0.251853310000115,0.0001485940001657582,DISABLED,on,user_reported,36.68152618408203,53.28798294067383,1006.84125,119654.125,True,True,True,176,0,0,109,178,101,2026-10-03T16:02:15.258093+07:00,778.0465180790006,0.18587477799974295,OK,,True,2026-10-03T16:02:15.443977+07:00,778.2323997460007,0.03297375700003613,OK,,True,1448,0.181,,2026-10-03T16:02:15.476952+07:00,778.2653768730006,0.03285627700006444,OK,,True,2648,0.331,
4793290d6ecf45aaad5326541298bf5f,780,2026-10-03T16:02:16.257910+07:00,779.0463260250008,14.766583993000495,BASELINE,779.1929930370006,0.9999372040001617,0.2520931989993187,8.579800032748608e-05,DISABLED,on,user_reported,36.67897415161133,53.287620544433594,1006.816640625,119570.296875,True,True,True,176,0,0,109,178,101,2026-10-03T16:02:16.257989+07:00,779.0464154320007,0.18580318699969212,OK,,True,2026-10-03T16:02:16.443801+07:00,779.2322247480006,0.032967553999696975,OK,,True,1437,0.179625,,2026-10-03T16:02:16.476770+07:00,779.2651953940003,0.033212958999683906,OK,,True,2653,0.331625,
4793290d6ecf45aaad5326541298bf5f,781,2026-10-03T16:02:17.257909+07:00,780.0463253800008,15.766583348000495,BASELINE,780.1929923920006,0.9999993549999999,0.25219364299937297,8.515300032740925e-05,DISABLED,on,user_reported,36.677696228027344,53.312808990478516,1006.82140625,119402.984375,True,True,True,176,0,0,109,178,101,2026-10-03T16:02:17.257991+07:00,780.0464170280002,0.18583013100032986,OK,,True,2026-10-03T16:02:17.443833+07:00,780.2322558810001,0.033265107000261196,OK,,True,1443,0.180375,,2026-10-03T16:02:17.477099+07:00,780.2655243960007,0.032984830999339465,OK,,True,2650,0.33125,
4793290d6ecf45aaad5326541298bf5f,782,2026-10-03T16:02:18.257910+07:00,781.0463261080004,16.766584076000072,BASELINE,781.1929931200002,1.000000727999577,0.25169575800009625,8.588099990447517e-05,DISABLED,on,user_reported,36.68088912963867,53.31327819824219,1006.806015625,119236.140625,True,True,True,176,0,0,109,178,101,2026-10-03T16:02:18.257990+07:00,781.0464158670002,0.18580063199988217,OK,,True,2026-10-03T16:02:18.443798+07:00,781.2322221470004,0.03295607200016093,OK,,True,1445,0.180625,,2026-10-03T16:02:18.476756+07:00,781.2651815150002,0.03283240700056922,OK,,True,2651,0.33137500000000003,
4793290d6ecf45aaad5326541298bf5f,783,2026-10-03T16:02:19.257910+07:00,782.046325579,17.766583546999755,BASELINE,782.1929925909999,0.9999994709996827,0.2550128450002376,8.535199958714657e-05,DISABLED,on,user_reported,36.68152618408203,53.332393646240234,1006.800234375,120075.046875,True,True,True,176,0,0,109,178,101,2026-10-03T16:02:19.257989+07:00,782.0464152080003,0.1862264999999752,OK,,True,2026-10-03T16:02:19.444239+07:00,782.2326523190004,0.034138840999730746,OK,,True,1438,0.17975,,2026-10-03T16:02:19.478376+07:00,782.2667973450007,0.03451974600011454,OK,,True,2633,0.329125,
4793290d6ecf45aaad5326541298bf5f,784,2026-10-03T16:02:20.257922+07:00,783.0463371640008,18.766595132000475,BASELINE,783.1930041760006,1.0000115850007205,0.25174349899953086,9.693700030766195e-05,DISABLED,on,user_reported,36.684715270996094,53.33287048339844,1006.79859375,119402.984375,True,True,True,176,0,0,109,178,101,2026-10-03T16:02:20.258004+07:00,783.0464303300005,0.1858200950000537,OK,,True,2026-10-03T16:02:20.443834+07:00,783.2322565180002,0.03296731299997191,OK,,True,1442,0.18025,,2026-10-03T16:02:20.476802+07:00,783.2652271270008,0.032845461999386316,OK,,True,2652,0.3315,
4793290d6ecf45aaad5326541298bf5f,785,2026-10-03T16:02:21.257914+07:00,784.0463296950002,19.766587662999882,BASELINE,784.192996707,0.9999925309994069,0.2516802970003482,8.946799971454311e-05,DISABLED,on,user_reported,36.677059173583984,53.31905746459961,1006.765625,119069.765625,True,True,True,176,0,0,109,178,101,2026-10-03T16:02:21.257992+07:00,784.04641825,0.18580976300017937,OK,,True,2026-10-03T16:02:21.443811+07:00,784.2322345870007,0.032946979999906034,OK,,True,1445,0.180625,,2026-10-03T16:02:21.476759+07:00,784.265184586,0.03281788799995411,OK,,True,2654,0.33175,
4793290d6ecf45aaad5326541298bf5f,786,2026-10-03T16:02:22.257955+07:00,785.0463689140006,20.76662688200031,BASELINE,785.1930359260004,1.0000392190004277,0.25177044500014745,0.00012868700014223577,DISABLED,on,user_reported,36.682804107666016,53.33258819580078,1006.79546875,119570.296875,True,True,True,176,0,0,109,178,101,2026-10-03T16:02:22.258040+07:00,785.0464663210005,0.18583222599954752,OK,,True,2026-10-03T16:02:22.443885+07:00,785.2323069910008,0.03297933199974068,OK,,True,1442,0.18025,,2026-10-03T16:02:22.476865+07:00,785.2652900270004,0.03283905500029505,OK,,True,2650,0.33125,
4793290d6ecf45aaad5326541298bf5f,787,2026-10-03T16:02:23.257910+07:00,786.0463251179999,21.766583085999628,BASELINE,786.1929921299998,0.999956203999318,0.2516866680007297,8.489099946018541e-05,DISABLED,on,user_reported,36.67897415161133,53.33203125,1006.74140625,119236.140625,True,True,True,176,0,0,109,178,101,2026-10-03T16:02:23.257993+07:00,786.0464194690003,0.18580454099992494,OK,,True,2026-10-03T16:02:23.443807+07:00,786.2322298620002,0.03295149899986427,OK,,True,1437,0.179625,,2026-10-03T16:02:23.476758+07:00,786.2651844900001,0.03281844400044065,OK,,True,2648,0.331,
4793290d6ecf45aaad5326541298bf5f,788,2026-10-03T16:02:24.257924+07:00,787.0463387489999,22.76659671699963,BASELINE,787.1930057609998,1.0000136310000016,0.25192822300050466,9.852199946180917e-05,DISABLED,on,user_reported,36.67450714111328,53.33137512207031,1006.76140625,119402.984375,True,True,True,176,0,0,109,178,101,2026-10-03T16:02:24.258003+07:00,787.0464291560002,0.18580417199973454,OK,,True,2026-10-03T16:02:24.443817+07:00,787.2322401790007,0.033170274999974936,OK,,True,1438,0.17975,,2026-10-03T16:02:24.476988+07:00,787.2654135840003,0.032844925000063085,OK,,True,2651,0.33137500000000003,
4793290d6ecf45aaad5326541298bf5f,789,2026-10-03T16:02:25.257953+07:00,788.0463601240008,23.7666180920005,BASELINE,788.1930271360006,1.0000213750008697,0.26125676599986036,0.00011989700033154804,DISABLED,on,user_reported,36.67450714111328,53.33137512207031,1006.76140625,119402.984375,True,True,True,176,0,0,109,178,101,2026-10-03T16:02:25.258098+07:00,788.0465227330005,0.18884107600024436,OK,,True,2026-10-03T16:02:25.446952+07:00,788.2353732910005,0.035672885999701975,OK,,True,1436,0.1795,,2026-10-03T16:02:25.482628+07:00,788.2710521950003,0.036544991000482696,OK,,True,2657,0.332125,
4793290d6ecf45aaad5326541298bf5f,790,2026-10-03T16:02:26.257980+07:00,789.0463847410001,24.766642708999825,BASELINE,789.193051753,1.000024616999326,0.26264364500002557,0.00014451399965764722,DISABLED,on,user_reported,36.68152618408203,53.33873748779297,1006.772890625,119319.5078125,True,True,True,176,0,0,109,178,101,2026-10-03T16:02:26.258137+07:00,789.0465614620007,0.19174431400006142,OK,,True,2026-10-03T16:02:26.449899+07:00,789.2383184979999,0.035437425000054645,OK,,True,1455,0.181875,,2026-10-03T16:02:26.485341+07:00,789.2737648120001,0.035244593000243185,OK,,True,2662,0.33275,
4793290d6ecf45aaad5326541298bf5f,791,2026-10-03T16:02:27.257931+07:00,790.0463463619999,25.76660432999961,BASELINE,790.1930133739997,0.9999616209997839,0.2517868740005724,0.00010613499944156501,DISABLED,on,user_reported,36.675148010253906,53.325130462646484,1006.755546875,119822.140625,True,True,True,176,0,0,109,178,101,2026-10-03T16:02:27.258014+07:00,790.0464402870002,0.18581745099982072,OK,,True,2026-10-03T16:02:27.443843+07:00,790.2322649040007,0.03300118399965868,OK,,True,1447,0.180875,,2026-10-03T16:02:27.476844+07:00,790.2652696430005,0.03285388899985264,OK,,True,2652,0.3315,
4793290d6ecf45aaad5326541298bf5f,792,2026-10-03T16:02:28.257914+07:00,791.04632941,26.766587377999713,BASELINE,791.1929964219999,0.9999830480001037,0.2517287270002271,8.918299954530085e-05,DISABLED,on,user_reported,36.67897415161133,53.344722747802734,1006.74828125,119402.984375,True,True,True,176,0,0,109,178,101,2026-10-03T16:02:28.257999+07:00,791.0464250020004,0.1858073029998195,OK,,True,2026-10-03T16:02:28.443815+07:00,791.2322381020003,0.03295572099978017,OK,,True,1445,0.180625,,2026-10-03T16:02:28.476771+07:00,791.265197101,0.03283798100073909,OK,,True,2650,0.33125,
4793290d6ecf45aaad5326541298bf5f,793,2026-10-03T16:02:29.257908+07:00,792.0463241840007,27.76658215200041,BASELINE,792.1929911960005,0.9999947740006974,0.25188241099931474,8.395700024266262e-05,DISABLED,on,user_reported,36.675785064697266,53.32521438598633,1006.74296875,119152.8984375,True,True,True,176,0,0,109,178,101,2026-10-03T16:02:29.257987+07:00,792.0464135900002,0.1858076369999253,OK,,True,2026-10-03T16:02:29.443803+07:00,792.2322268570006,0.03311323799971433,OK,,True,1444,0.1805,,2026-10-03T16:02:29.476919+07:00,792.265343651,0.0328546290002123,OK,,True,2650,0.33125,
4793290d6ecf45aaad5326541298bf5f,794,2026-10-03T16:02:30.257956+07:00,793.0463681260007,28.766626094000458,BASELINE,793.1930351380006,1.0000439420000475,0.2523006859992165,0.00012789900029019918,DISABLED,on,user_reported,36.67961120605469,53.332122802734375,1006.701328125,119069.765625,True,True,True,176,0,0,109,178,101,2026-10-03T16:02:30.258045+07:00,793.0464712920002,0.18608407900046586,OK,,True,2026-10-03T16:02:30.444139+07:00,793.2325620380007,0.03322484899945266,OK,,True,1435,0.179375,,2026-10-03T16:02:30.477365+07:00,793.2657903500003,0.03286990699962189,OK,,True,2648,0.331,
4793290d6ecf45aaad5326541298bf5f,795,2026-10-03T16:02:31.257906+07:00,794.0463219410003,29.76657990900003,BASELINE,794.1929889530002,0.9999538149995715,0.2517759499996828,8.171399986167671e-05,DISABLED,on,user_reported,36.677696228027344,53.34452819824219,1006.7665625,119236.140625,True,True,True,176,0,0,109,178,101,2026-10-03T16:02:31.257987+07:00,794.046413477,0.18579865700030496,OK,,True,2026-10-03T16:02:31.443794+07:00,794.2322175600002,0.03303220199995849,OK,,True,1443,0.180375,,2026-10-03T16:02:31.476828+07:00,794.2652531690001,0.0328368340005909,OK,,True,2651,0.33137500000000003,
4793290d6ecf45aaad5326541298bf5f,796,2026-10-03T16:02:32.257975+07:00,795.0463797400007,30.766637708000417,BASELINE,795.1930467520006,1.0000577990003876,0.2627629259995956,0.0001395130002492806,DISABLED,on,user_reported,36.68152618408203,53.33873748779297,1006.704453125,119319.5078125,True,True,True,176,0,0,109,178,101,2026-10-03T16:02:32.258140+07:00,795.0465651459999,0.19176902000072005,OK,,True,2026-10-03T16:02:32.449929+07:00,795.2383479810005,0.035398517999965406,OK,,True,1437,0.179625,,2026-10-03T16:02:32.485332+07:00,795.2737555550002,0.035368296000342525,OK,,True,2659,0.33237500000000003,
4793290d6ecf45aaad5326541298bf5f,797,2026-10-03T16:02:33.257928+07:00,796.046343467,31.766601434999757,BASELINE,796.1930104789999,0.99996372699934,0.2517689890000838,0.00010323999958927743,DISABLED,on,user_reported,36.68599319458008,53.33304977416992,1006.752734375,118986.75,True,True,True,176,0,0,109,178,101,2026-10-03T16:02:33.258012+07:00,796.0464384480001,0.18581750900011684,OK,,True,2026-10-03T16:02:33.443841+07:00,796.2322639940003,0.03298349899978348,OK,,True,1449,0.181125,,2026-10-03T16:02:33.476826+07:00,796.265251623,0.03285098100059258,OK,,True,2650,0.33125,
4793290d6ecf45aaad5326541298bf5f,798,2026-10-03T16:02:34.257913+07:00,797.0463287530001,32.76658672099984,BASELINE,797.192995765,0.9999852860000829,0.25189061800028867,8.852599967212882e-05,DISABLED,on,user_reported,36.677059173583984,53.33174514770508,1006.82046875,119236.140625,True,True,True,176,0,0,109,178,101,2026-10-03T16:02:34.257995+07:00,797.0464214560006,0.18580587999986165,OK,,True,2026-10-03T16:02:34.443811+07:00,797.2322342060006,0.03309497999998712,OK,,True,1438,0.17975,,2026-10-03T16:02:34.476909+07:00,797.2653332600003,0.032877462999749696,OK,,True,2653,0.331625,
4793290d6ecf45aaad5326541298bf5f,799,2026-10-03T16:02:35.257965+07:00,798.0463756690006,33.76663363700027,BASELINE,798.1930426810004,1.0000469160004286,0.25261628099997324,0.00013544200010073837,DISABLED,on,user_reported,36.675148010253906,53.33147430419922,1006.789765625,119152.8984375,True,True,True,176,0,0,109,178,101,2026-10-03T16:02:35.258085+07:00,798.0465105940002,0.186320321000494,OK,,True,2026-10-03T16:02:35.444418+07:00,798.2328401929999,0.0332572010001968,OK,,True,1438,0.17975,,2026-10-03T16:02:35.477679+07:00,798.266102394,0.03288051900017308,OK,,True,2648,0.331,
4793290d6ecf45aaad5326541298bf5f,800,2026-10-03T16:02:36.257909+07:00,799.0463242010001,34.766582168999776,BASELINE,799.1929912129999,0.9999485319995074,0.2517704900001263,8.397399960813345e-05,DISABLED,on,user_reported,36.675148010253906,53.35050582885742,1006.789765625,119486.578125,True,True,True,176,0,0,109,178,101,2026-10-03T16:02:36.257989+07:00,799.0464143850004,0.1858213989999058,OK,,True,2026-10-03T16:02:36.443822+07:00,799.232244451,0.03300168400073744,OK,,True,1441,0.180125,,2026-10-03T16:02:36.476825+07:00,799.2652495430002,0.03283703699980833,OK,,True,2661,0.332625,
4793290d6ecf45aaad5326541298bf5f,801,2026-10-03T16:02:37.257913+07:00,800.0463286230006,35.766586591000305,BASELINE,800.1929956350004,1.0000044220005293,0.2520938589996149,8.83960001374362e-05,DISABLED,on,user_reported,36.67387008666992,53.33763122558594,1006.746796875,119236.140625,True,True,True,176,0,0,109,178,101,2026-10-03T16:02:37.257995+07:00,800.0464211030003,0.1858313630000339,OK,,True,2026-10-03T16:02:37.443838+07:00,800.2322612070002,0.033292367000285594,OK,,True,1444,0.1805,,2026-10-03T16:02:37.477133+07:00,800.2655573330003,0.03285581599993748,OK,,True,2655,0.33187500000000003,
4793290d6ecf45aaad5326541298bf5f,802,2026-10-03T16:02:38.257909+07:00,801.0463239360006,36.766581904000304,BASELINE,801.1929909480004,0.9999953129999994,0.25176249200012535,8.370900013687788e-05,DISABLED,on,user_reported,36.670040130615234,53.349761962890625,1006.774921875,119402.984375,True,True,True,176,0,0,109,178,101,2026-10-03T16:02:38.257993+07:00,801.0464191390001,0.1858062150004116,OK,,True,2026-10-03T16:02:38.443809+07:00,801.2322321320007,0.03300316599961661,OK,,True,1439,0.179875,,2026-10-03T16:02:38.476814+07:00,801.2652391870006,0.03283909299989318,OK,,True,2659,0.33237500000000003,
4793290d6ecf45aaad5326541298bf5f,803,2026-10-03T16:02:39.257917+07:00,802.0463327520001,37.76659071999984,BASELINE,802.192999764,1.0000088159995357,0.2517708989998937,9.252499967260519e-05,DISABLED,on,user_reported,36.67131805419922,53.356292724609375,1006.77015625,119152.8984375,True,True,True,176,0,0,109,178,101,2026-10-03T16:02:39.257998+07:00,802.0464241400005,0.1858030299999882,OK,,True,2026-10-03T16:02:39.443811+07:00,802.2322345960001,0.03301657300016814,OK,,True,1449,0.181125,,2026-10-03T16:02:39.476831+07:00,802.265255243,0.03283879700029502,OK,,True,2651,0.33137500000000003,
4793290d6ecf45aaad5326541298bf5f,804,2026-10-03T16:02:40.257972+07:00,803.0463805140007,38.76663848200042,BASELINE,803.1930475260006,1.0000477620005768,0.25402075399961177,0.0001402870002493728,DISABLED,on,user_reported,36.675148010253906,53.35050582885742,1006.755546875,118903.8515625,True,True,True,176,0,0,109,178,101,2026-10-03T16:02:40.258079+07:00,803.0465048280003,0.18608697299987398,OK,,True,2026-10-03T16:02:40.444182+07:00,803.2326037080002,0.03475407899986749,OK,,True,1431,0.178875,,2026-10-03T16:02:40.478942+07:00,803.2673638980004,0.03302731500025402,OK,,True,2653,0.331625,
4793290d6ecf45aaad5326541298bf5f,805,2026-10-03T16:02:41.258027+07:00,804.0464310930001,39.76668906099985,BASELINE,804.193098105,1.000050578999435,0.2517286239999521,0.00019086599968431983,DISABLED,on,user_reported,36.675785064697266,53.375980377197266,1006.7840625,119402.984375,True,True,True,176,0,0,109,178,101,2026-10-03T16:02:41.258107+07:00,804.0465329630006,0.1858144749994608,OK,,True,2026-10-03T16:02:41.443932+07:00,804.2323557340005,0.03296418599984463,OK,,True,1439,0.179875,,2026-10-03T16:02:41.476899+07:00,804.2653235490006,0.03282774199942651,OK,,True,2653,0.331625,
4793290d6ecf45aaad5326541298bf5f,806,2026-10-03T16:02:42.257915+07:00,805.0463307870004,40.76658875500016,BASELINE,805.1929977990003,0.9998996940003053,0.2520546590003505,9.055999998963671e-05,DISABLED,on,user_reported,36.67131805419922,53.36898422241211,1006.790625,118655.8515625,True,True,True,176,0,0,109,178,101,2026-10-03T16:02:42.257998+07:00,805.0464247489999,0.18583762400066917,OK,,True,2026-10-03T16:02:42.443849+07:00,805.2322717430006,0.03324742399945535,OK,,True,1435,0.179375,,2026-10-03T16:02:42.477100+07:00,805.2655236119999,0.03285268600029667,OK,,True,2646,0.33075,
4793290d6ecf45aaad5326541298bf5f,807,2026-10-03T16:02:43.257970+07:00,806.0463752230007,41.76663319100044,BASELINE,806.1930422350006,1.0000444360002803,0.2633792059996267,0.00013499600026989356,DISABLED,on,user_reported,36.6725959777832,53.381866455078125,1006.772109375,119069.765625,True,True,True,176,0,0,109,178,101,2026-10-03T16:02:43.258127+07:00,806.0465517960001,0.1917665440005294,OK,,True,2026-10-03T16:02:43.449915+07:00,806.238334136,0.03614882900001248,OK,,True,1442,0.18025,,2026-10-03T16:02:43.486070+07:00,806.2744914270006,0.03524374300013733,OK,,True,2660,0.3325,
4793290d6ecf45aaad5326541298bf5f,808,2026-10-03T16:02:44.257944+07:00,807.0463566060007,42.766614574000414,BASELINE,807.1930236180006,0.9999813829999766,0.2618834400000196,0.00011637900024652481,DISABLED,on,user_reported,36.671958923339844,53.38177490234375,1006.702578125,119319.5078125,True,True,True,176,0,0,109,178,101,2026-10-03T16:02:44.258049+07:00,807.0464749940002,0.18958076400031132,OK,,True,2026-10-03T16:02:44.447649+07:00,807.2360688880008,0.03684286099996825,OK,,True,1442,0.18025,,2026-10-03T16:02:44.484500+07:00,807.2729221740001,0.03529148300003726,OK,,True,2663,0.33287500000000003,
4793290d6ecf45aaad5326541298bf5f,809,2026-10-03T16:02:45.258006+07:00,808.0464107870002,43.766668754999955,BASELINE,808.1930777990001,1.0000541809995411,0.2541073680004047,0.00017055999978765612,DISABLED,on,user_reported,36.67068099975586,53.3688850402832,1006.727890625,118903.8515625,True,True,True,176,0,0,109,178,101,2026-10-03T16:02:45.258125+07:00,808.0465508790003,0.1859167909997268,OK,,True,2026-10-03T16:02:45.444055+07:00,808.2324767440005,0.035412704999544076,OK,,True,1437,0.179625,,2026-10-03T16:02:45.479480+07:00,808.2679006710005,0.03260328099986509,OK,,True,2637,0.329625,
4793290d6ecf45aaad5326541298bf5f,810,2026-10-03T16:02:46.257918+07:00,809.046334009,44.766591976999734,BASELINE,809.1930010209999,0.9999232219997793,0.2517905150007209,9.378199956699973e-05,DISABLED,on,user_reported,36.67068099975586,53.3688850402832,1006.741640625,119486.578125,True,True,True,176,0,0,109,178,101,2026-10-03T16:02:46.258001+07:00,809.0464272120007,0.1858240699993985,OK,,True,2026-10-03T16:02:46.443836+07:00,809.232258819,0.032989815000291856,OK,,True,1445,0.180625,,2026-10-03T16:02:46.476827+07:00,809.2652519860003,0.03286377899985382,OK,,True,2650,0.33125,
4793290d6ecf45aaad5326541298bf5f,811,2026-10-03T16:02:47.257913+07:00,810.0463284550005,45.76658642300026,BASELINE,810.1929954670004,0.9999944460005281,0.25182473699987895,8.822800009511411e-05,DISABLED,on,user_reported,36.668128967285156,53.3748664855957,1006.764765625,119069.765625,True,True,True,176,0,0,109,178,101,2026-10-03T16:02:47.257996+07:00,810.0464223610006,0.18584044099952735,OK,,True,2026-10-03T16:02:47.443849+07:00,810.2322718390005,0.032993425999848114,OK,,True,1445,0.180625,,2026-10-03T16:02:47.476843+07:00,810.2652685620005,0.03287490799993975,OK,,True,2648,0.331,
4793290d6ecf45aaad5326541298bf5f,812,2026-10-03T16:02:48.257913+07:00,811.046328292,46.76658625999971,BASELINE,811.1929953039999,0.99999983699945,0.25180860799991933,8.806499954516767e-05,DISABLED,on,user_reported,36.65664291381836,53.379539489746094,1006.753125,119069.765625,True,True,True,176,0,0,109,178,101,2026-10-03T16:02:48.257995+07:00,811.046421606,0.18582177400003275,OK,,True,2026-10-03T16:02:48.443828+07:00,811.2322511950006,0.03299181500005943,OK,,True,1440,0.18,,2026-10-03T16:02:48.476821+07:00,811.2652460100007,0.03288168599920027,OK,,True,2656,0.332,
4793290d6ecf45aaad5326541298bf5f,813,2026-10-03T16:02:49.257914+07:00,812.0463286680006,47.766586636000284,BASELINE,812.1929956800004,1.0000003760005711,0.2519915699995181,8.844100011629052e-05,DISABLED,on,user_reported,36.65727996826172,53.37327575683594,1006.719921875,119069.765625,True,True,True,176,0,0,109,178,101,2026-10-03T16:02:49.257996+07:00,812.0464225740006,0.18583036800009722,OK,,True,2026-10-03T16:02:49.443838+07:00,812.2322605899999,0.03298450100010086,OK,,True,1439,0.179875,,2026-10-03T16:02:49.476822+07:00,812.2652480350007,0.03306283299934876,OK,,True,2657,0.332125,
4793290d6ecf45aaad5326541298bf5f,814,2026-10-03T16:02:50.257949+07:00,813.0463637680004,48.76662173600016,BASELINE,813.1930307800003,1.0000350999998773,0.2537210219998087,0.0001235409999935655,DISABLED,on,user_reported,36.656005859375,53.39848327636719,1006.745234375,119822.140625,True,True,True,176,0,0,109,178,101,2026-10-03T16:02:50.258034+07:00,813.0464607120002,0.18585484899995208,OK,,True,2026-10-03T16:02:50.443902+07:00,813.2323244690006,0.03326112800004921,OK,,True,1445,0.180625,,2026-10-03T16:02:50.477165+07:00,813.265590041,0.034470360000341316,OK,,True,2651,0.33137500000000003,
4793290d6ecf45aaad5326541298bf5f,815,2026-10-03T16:02:51.257926+07:00,814.0463409090007,49.76659887700043,BASELINE,814.1930079210006,0.9999771410002722,0.2517527769996377,0.00010068200026580598,DISABLED,on,user_reported,36.661109924316406,53.38653564453125,1006.80140625,119990.625,True,True,True,176,0,0,109,178,101,2026-10-03T16:02:51.258011+07:00,814.0464369820002,0.1858197020001171,OK,,True,2026-10-03T16:02:51.443842+07:00,814.2322646470002,0.032973926000522624,OK,,True,1438,0.17975,,2026-10-03T16:02:51.476816+07:00,814.2652419250007,0.03284259399970324,OK,,True,2653,0.331625,
4793290d6ecf45aaad5326541298bf5f,816,2026-10-03T16:02:52.257941+07:00,815.04635444,50.76661240799967,BASELINE,815.1930214519998,1.0000135309992402,0.25176959200052806,0.0001142129995059804,DISABLED,on,user_reported,36.66238784790039,53.393062591552734,1006.817109375,119990.625,True,True,True,176,0,0,109,178,101,2026-10-03T16:02:52.258029+07:00,815.0464549020007,0.1858259430000544,OK,,True,2026-10-03T16:02:52.443866+07:00,815.2322887340006,0.03296738999961235,OK,,True,1440,0.18,,2026-10-03T16:02:52.476833+07:00,815.2652594010005,0.03285559399955673,OK,,True,2655,0.33187500000000003,
4793290d6ecf45aaad5326541298bf5f,817,2026-10-03T16:02:53.257915+07:00,816.0463304550003,51.76658842300003,BASELINE,816.1929974670002,0.9999760150003567,0.25184035199981736,9.022799986269092e-05,DISABLED,on,user_reported,36.66621398925781,53.38093948364258,1006.84390625,119069.765625,True,True,True,176,0,0,109,178,101,2026-10-03T16:02:53.258001+07:00,816.0464272320005,0.18582020299982105,OK,,True,2026-10-03T16:02:53.443834+07:00,816.2322557130001,0.03298168600031204,OK,,True,1439,0.179875,,2026-10-03T16:02:53.476814+07:00,816.2652403430002,0.03292114899977605,OK,,True,2651,0.33137500000000003,
4793290d6ecf45aaad5326541298bf5f,818,2026-10-03T16:02:54.257951+07:00,817.0463644170004,52.76662238500012,BASELINE,817.1930314290003,1.0000339620000886,0.2517492970000603,0.00012418999995134072,DISABLED,on,user_reported,36.668766021728516,53.38130187988281,1006.81375,118986.75,True,True,True,176,0,0,109,178,101,2026-10-03T16:02:54.258038+07:00,817.046464823,0.18581692600037059,OK,,True,2026-10-03T16:02:54.443867+07:00,817.2322897860004,0.03294448199994804,OK,,True,1443,0.180375,,2026-10-03T16:02:54.476811+07:00,817.2652373420005,0.032866687000023376,OK,,True,2655,0.33187500000000003,
4793290d6ecf45aaad5326541298bf5f,819,2026-10-03T16:02:55.260384+07:00,818.0487884740005,53.76904644200022,BASELINE,818.1954554860004,1.0024240570000984,0.2561215819996505,0.0025482470000497415,DISABLED,on,user_reported,36.66748809814453,53.39380645751953,1006.7775,119319.5078125,True,True,True,176,0,0,109,178,101,2026-10-03T16:02:55.260541+07:00,818.0489660660005,0.18701180599964573,OK,,True,2026-10-03T16:02:55.447569+07:00,818.2359895570007,0.03452350799943815,OK,,True,1435,0.179375,,2026-10-03T16:02:55.482095+07:00,818.2705182500004,0.03437843499978044,OK,,True,2648,0.331,
4793290d6ecf45aaad5326541298bf5f,820,2026-10-03T16:02:56.257997+07:00,819.0464127539999,54.76667072199962,BASELINE,819.1930797659998,0.9976242799993997,0.2520947230004822,0.0001725269994494738,DISABLED,on,user_reported,36.67323303222656,53.38829803466797,1006.76625,118986.75,True,True,True,176,0,0,109,178,101,2026-10-03T16:02:56.258080+07:00,819.0465066430006,0.18581612999969366,OK,,True,2026-10-03T16:02:56.443909+07:00,819.2323314210007,0.033297923999271006,OK,,True,1450,0.18125,,2026-10-03T16:02:56.477208+07:00,819.2656330489999,0.03286396500061528,OK,,True,2653,0.331625,
4793290d6ecf45aaad5326541298bf5f,821,2026-10-03T16:02:57.257980+07:00,820.0463854090003,55.76664337700004,BASELINE,820.1930524210002,0.9999726550004198,0.25191737200020725,0.0001451819998692372,DISABLED,on,user_reported,36.677059173583984,53.388858795166016,1006.786171875,119152.8984375,True,True,True,176,0,0,109,178,101,2026-10-03T16:02:57.258078+07:00,820.0465027600003,0.18584687099973962,OK,,True,2026-10-03T16:02:57.443937+07:00,820.2323587600004,0.032999557000039204,OK,,True,1447,0.180875,,2026-10-03T16:02:57.476936+07:00,820.2653616870002,0.03293111200036947,OK,,True,2649,0.331125,
4793290d6ecf45aaad5326541298bf5f,822,2026-10-03T16:02:58.258149+07:00,821.0465549529999,56.766812920999655,BASELINE,821.1932219649998,1.0001695439996183,0.25184344700028305,0.00031472599948756397,DISABLED,on,user_reported,36.676422119140625,53.38877868652344,1006.77140625,118821.0703125,True,True,True,176,0,0,109,178,101,2026-10-03T16:02:58.258258+07:00,821.0466841000007,0.1858380939993367,OK,,True,2026-10-03T16:02:58.444108+07:00,821.2325305820004,0.03298603799976263,OK,,True,1450,0.18125,,2026-10-03T16:02:58.477094+07:00,821.2655197130007,0.03286887200010824,OK,,True,2655,0.33187500000000003,
4793290d6ecf45aaad5326541298bf5f,823,2026-10-03T16:02:59.257951+07:00,822.0463640570006,57.76662202500029,BASELINE,822.1930310690004,0.9998091040006329,0.25175826299982873,0.00012383000012050616,DISABLED,on,user_reported,36.671958923339844,53.38812255859375,1006.76421875,118903.8515625,True,True,True,176,0,0,109,178,101,2026-10-03T16:02:59.258039+07:00,822.0464648890002,0.18581855800039193,OK,,True,2026-10-03T16:02:59.443870+07:00,822.23229128,0.03294540900060383,OK,,True,1443,0.180375,,2026-10-03T16:02:59.476814+07:00,822.2652400040006,0.032872723999389564,OK,,True,2654,0.33175,
4793290d6ecf45aaad5326541298bf5f,824,2026-10-03T16:03:00.258098+07:00,823.0465111240001,58.76676909199978,BASELINE,823.1931781359999,1.0001470669994887,0.2596332809998785,0.0002708969996092492,DISABLED,on,user_reported,36.67131805419922,53.375328063964844,1006.77015625,119236.140625,True,True,True,176,0,0,109,178,101,2026-10-03T16:03:00.258185+07:00,823.0466117710002,0.19009856400043645,OK,,True,2026-10-03T16:03:00.448316+07:00,823.2367330390007,0.035263742999632086,OK,,True,1440,0.18,,2026-10-03T16:03:00.483602+07:00,823.27201556,0.0340151420004986,OK,,True,2633,0.329125,
4793290d6ecf45aaad5326541298bf5f,825,2026-10-03T16:03:01.257977+07:00,824.0463900470004,59.7666480150001,BASELINE,824.1930570590002,0.999878923000324,0.25157967300037853,0.0001498199999332428,DISABLED,on,user_reported,36.67131805419922,53.36898422241211,1006.7153125,118738.40625,True,True,True,176,0,0,109,178,101,2026-10-03T16:03:01.258064+07:00,824.046490787,0.18582450300073106,OK,,True,2026-10-03T16:03:01.443902+07:00,824.2323236790007,0.03301342699978704,OK,,True,1438,0.17975,,2026-10-03T16:03:01.476916+07:00,824.2653409200002,0.03261655999995128,OK,,True,2652,0.3315,
4793290d6ecf45aaad5326541298bf5f,826,2026-10-03T16:03:02.257953+07:00,825.0463642680006,0.7666222360003303,WAIT_EXPOSURE,825.1930312800005,0.9999742210002296,0.2521315029998732,0.00012404100016283337,DISABLED,on,user_reported,36.66685104370117,53.36832809448242,1006.755859375,118655.8515625,True,True,True,176,0,0,109,178,101,2026-10-03T16:03:02.258037+07:00,825.0464637300001,0.18585661399993114,OK,,True,2026-10-03T16:03:02.443908+07:00,825.2323298260008,0.0332786839999244,OK,,True,1440,0.18,,2026-10-03T16:03:02.477187+07:00,825.2656119170006,0.032874742999410955,OK,,True,2650,0.33125,
4793290d6ecf45aaad5326541298bf5f,827,2026-10-03T16:03:03.258292+07:00,826.0467094700007,1.7669674380003926,WAIT_EXPOSURE,826.1933764820005,1.0003452020000623,0.25247665000006236,0.0004692430002251058,DISABLED,on,user_reported,36.66238784790039,53.36767578125,1006.755546875,119152.8984375,True,True,True,176,0,0,109,178,101,2026-10-03T16:03:03.258365+07:00,826.0467916550006,0.18581624399939756,OK,,True,2026-10-03T16:03:03.444193+07:00,826.2326158440001,0.033646626000518154,OK,,True,1450,0.18125,,2026-10-03T16:03:03.477846+07:00,826.2662683220005,0.03290757600007055,OK,,True,2659,0.33237500000000003,
4793290d6ecf45aaad5326541298bf5f,828,2026-10-03T16:03:04.257906+07:00,827.046323476,2.766581443999712,WAIT_EXPOSURE,827.1929904879999,0.9996140059993195,0.25223398500020267,8.324899954459397e-05,DISABLED,on,user_reported,36.66238784790039,53.38037109375,1006.700859375,119236.140625,True,True,True,176,0,0,109,178,101,2026-10-03T16:03:04.257981+07:00,827.0464071420001,0.18581831900064572,OK,,True,2026-10-03T16:03:04.443811+07:00,827.2322332390004,0.033206369999788876,OK,,True,1445,0.180625,,2026-10-03T16:03:04.477022+07:00,827.2654442570001,0.03309909300060099,OK,,True,2646,0.33075,
4793290d6ecf45aaad5326541298bf5f,829,2026-10-03T16:03:05.257912+07:00,828.0463282230003,3.7665861909999876,WAIT_EXPOSURE,828.1929952350001,1.0000047470002755,0.2606528320002326,8.799599982012296e-05,DISABLED,on,user_reported,36.65536880493164,53.38570022583008,1006.744140625,118655.8515625,True,True,True,176,0,0,109,178,101,2026-10-03T16:03:05.257998+07:00,828.0464239440007,0.18620157599980303,OK,,True,2026-10-03T16:03:05.444224+07:00,828.2326430570001,0.03814242699991155,OK,,True,1431,0.178875,,2026-10-03T16:03:05.482379+07:00,828.2707977610007,0.03615762699973857,OK,,True,2651,0.33137500000000003,
4793290d6ecf45aaad5326541298bf5f,830,2026-10-03T16:03:06.257933+07:00,829.0463479710006,4.766605939000328,WAIT_EXPOSURE,829.1930149830005,1.0000197480003408,0.2518033039996226,0.00010774400016089203,DISABLED,on,user_reported,36.66429901123047,53.380645751953125,1006.710703125,118986.75,True,True,True,176,0,0,109,178,101,2026-10-03T16:03:06.258013+07:00,829.0464391920004,0.18583426399982272,OK,,True,2026-10-03T16:03:06.443861+07:00,829.2322826039999,0.03299131700077851,OK,,True,1437,0.179625,,2026-10-03T16:03:06.476853+07:00,829.2652776990008,0.032863594999980705,OK,,True,2649,0.331125,
4793290d6ecf45aaad5326541298bf5f,831,2026-10-03T16:03:07.257922+07:00,830.046335555,0.6170174159997259,EXPOSURE,830.1930025669999,0.9999875839994274,0.2518232299998999,9.532799958833493e-05,DISABLED,on,user_reported,36.65026092529297,53.391300201416016,1006.68796875,119236.140625,True,True,True,176,0,0,109,178,101,2026-10-03T16:03:07.258007+07:00,830.0464329250008,0.18585254199933843,OK,,True,2026-10-03T16:03:07.443873+07:00,830.2322946520007,0.033011537999300344,OK,,True,1447,0.180875,,2026-10-03T16:03:07.476884+07:00,830.2653096900003,0.0328395400001682,OK,,True,2650,0.33125,
4793290d6ecf45aaad5326541298bf5f,832,2026-10-03T16:03:08.257911+07:00,831.0463266040006,1.6170084650002536,EXPOSURE,831.1929936160004,0.9999910490005277,0.2519412490000832,8.637700011604466e-05,DISABLED,on,user_reported,36.65217971801758,53.391571044921875,1006.732265625,118738.40625,True,True,True,176,0,0,109,178,101,2026-10-03T16:03:08.257985+07:00,831.0464117890006,0.18582402399988496,OK,,True,2026-10-03T16:03:08.443822+07:00,831.2322445350001,0.033121204000053694,OK,,True,1440,0.18,,2026-10-03T16:03:08.476948+07:00,831.2653704060003,0.03288774300017394,OK,,True,2648,0.331,
4793290d6ecf45aaad5326541298bf5f,833,2026-10-03T16:03:09.257915+07:00,832.0463317849999,2.6170136459995774,EXPOSURE,832.1929987969997,1.0000051809993238,0.25195586100016953,9.155799943982856e-05,DISABLED,on,user_reported,36.65727996826172,53.39231491088867,1006.699375,118903.8515625,True,True,True,176,0,0,109,178,101,2026-10-03T16:03:09.257991+07:00,832.046417433,0.18583208000018203,OK,,True,2026-10-03T16:03:09.443835+07:00,832.2322574939999,0.0331399450005847,OK,,True,1442,0.18025,,2026-10-03T16:03:09.476979+07:00,832.2654019390002,0.03287592900051095,OK,,True,2651,0.33137500000000003,
4793290d6ecf45aaad5326541298bf5f,834,2026-10-03T16:03:10.257914+07:00,833.0463301910004,3.6170120520000637,EXPOSURE,833.1929972030002,0.9999984060004863,0.2568936580000809,8.996399992611259e-05,DISABLED,on,user_reported,36.63877868652344,53.39596176147461,1006.799453125,119236.140625,True,True,True,176,0,0,109,178,101,2026-10-03T16:03:10.257989+07:00,833.0464153010007,0.18596811699990212,OK,,True,2026-10-03T16:03:10.443975+07:00,833.2323966580007,0.03497296899968205,OK,,True,1430,0.17875,,2026-10-03T16:03:10.478955+07:00,833.2673770350002,0.03583283300031326,OK,,True,2630,0.32875,
4793290d6ecf45aaad5326541298bf5f,835,2026-10-03T16:03:11.257913+07:00,834.0463284880007,4.6170103490003385,EXPOSURE,834.1929955000005,0.9999982970002748,0.25195782399987365,8.826100020087324e-05,DISABLED,on,user_reported,36.64069366455078,53.408931732177734,1006.82296875,119152.8984375,True,True,True,176,0,0,109,178,101,2026-10-03T16:03:11.257995+07:00,834.046421598,0.1858419700001832,OK,,True,2026-10-03T16:03:11.443851+07:00,834.2322734010004,0.03313179700035107,OK,,True,1435,0.179375,,2026-10-03T16:03:11.476987+07:00,834.2654104020003,0.03286531699995976,OK,,True,2648,0.331,
4793290d6ecf45aaad5326541298bf5f,836,2026-10-03T16:03:12.257916+07:00,835.0463315090001,5.617013369999768,EXPOSURE,835.1929985209999,1.0000030209994293,0.25202949100003025,9.128199963015504e-05,DISABLED,on,user_reported,36.65026092529297,53.40399169921875,1006.831640625,119069.765625,True,True,True,176,0,0,109,178,101,2026-10-03T16:03:12.257997+07:00,835.0464231380001,0.18583947000024637,OK,,True,2026-10-03T16:03:12.443849+07:00,835.2322713480007,0.03320705599981011,OK,,True,1446,0.18075,,2026-10-03T16:03:12.477061+07:00,835.2654834040004,0.032868133000192756,OK,,True,2651,0.33137500000000003,
4793290d6ecf45aaad5326541298bf5f,837,2026-10-03T16:03:13.257916+07:00,836.0463317540007,6.61701361500036,EXPOSURE,836.1929987660005,1.0000002450005923,0.2519753629994739,9.152700022241333e-05,DISABLED,on,user_reported,36.65154266357422,53.41687774658203,1006.75859375,119236.140625,True,True,True,176,0,0,109,178,101,2026-10-03T16:03:13.257992+07:00,836.04641868,0.18582097000034992,OK,,True,2026-10-03T16:03:13.443826+07:00,836.2322483349999,0.032989558000736,OK,,True,1456,0.182,,2026-10-03T16:03:13.476817+07:00,836.2652416150004,0.03305540899964399,OK,,True,2649,0.331125,
4793290d6ecf45aaad5326541298bf5f,838,2026-10-03T16:03:14.257916+07:00,837.0463332429999,7.61701510399962,EXPOSURE,837.1930002549998,1.00000148899926,0.25206964000062726,9.301599948230432e-05,DISABLED,on,user_reported,36.64516067504883,53.40959548950195,1006.796015625,118573.4140625,True,True,True,176,0,0,109,178,101,2026-10-03T16:03:14.257991+07:00,837.0464175020006,0.18582328499996947,OK,,True,2026-10-03T16:03:14.443827+07:00,837.2322495280005,0.03298976099995343,OK,,True,1442,0.18025,,2026-10-03T16:03:14.476818+07:00,837.2652431229999,0.033148630000141566,OK,,True,2657,0.332125,
4793290d6ecf45aaad5326541298bf5f,839,2026-10-03T16:03:15.257917+07:00,838.0463328820006,8.617014743000254,EXPOSURE,838.1929998940004,0.9999996390006345,0.2543546789993343,9.265500011679251e-05,DISABLED,on,user_reported,36.6534538269043,53.42349624633789,1006.775234375,119069.765625,True,True,True,176,0,0,109,178,101,2026-10-03T16:03:15.257993+07:00,838.0464196960002,0.18584182300037355,OK,,True,2026-10-03T16:03:15.443847+07:00,838.2322698890002,0.03531709700018837,OK,,True,1437,0.179625,,2026-10-03T16:03:15.479174+07:00,838.2675941150001,0.033075594999900204,OK,,True,2634,0.32925,
4793290d6ecf45aaad5326541298bf5f,840,2026-10-03T16:03:16.257921+07:00,839.0463369490008,9.617018810000445,EXPOSURE,839.1930039610006,1.0000040670001908,0.25286215399955836,9.672200030763634e-05,DISABLED,on,user_reported,36.66429901123047,53.42507553100586,1006.81328125,119152.8984375,True,True,True,176,0,0,109,178,101,2026-10-03T16:03:16.258000+07:00,839.0464268740006,0.1858807489998071,OK,,True,2026-10-03T16:03:16.443894+07:00,839.2323160310007,0.03362595999988116,OK,,True,1438,0.17975,,2026-10-03T16:03:16.477524+07:00,839.2659473800004,0.03323988899956021,OK,,True,2649,0.331125,
4793290d6ecf45aaad5326541298bf5f,841,2026-10-03T16:03:17.257925+07:00,840.0463399810005,10.617021842000213,EXPOSURE,840.1930069930004,1.0000030319997677,0.25259810099942115,9.975400007533608e-05,DISABLED,on,user_reported,36.661109924316406,53.430965423583984,1006.7671875,118821.0703125,True,True,True,176,0,0,109,178,101,2026-10-03T16:03:17.258010+07:00,840.0464365910002,0.18581887999971514,OK,,True,2026-10-03T16:03:17.443842+07:00,840.232264878,0.033398722000129055,OK,,True,1446,0.18075,,2026-10-03T16:03:17.477246+07:00,840.2656689330006,0.033256556000196724,OK,,True,2644,0.3305,
4793290d6ecf45aaad5326541298bf5f,842,2026-10-03T16:03:18.257957+07:00,841.0463703860005,11.617052247000174,EXPOSURE,841.1930373980003,1.0000304049999613,0.25361901899941586,0.00013015900003665593,DISABLED,on,user_reported,36.6585578918457,53.42423629760742,1006.7971875,118655.8515625,True,True,True,176,0,0,109,178,101,2026-10-03T16:03:18.258054+07:00,841.0464799030005,0.18584665799971845,OK,,True,2026-10-03T16:03:18.443912+07:00,841.232334413,0.0347493970002688,OK,,True,1428,0.1785,,2026-10-03T16:03:18.478667+07:00,841.2670893470004,0.032887872999708634,OK,,True,2650,0.33125,
4793290d6ecf45aaad5326541298bf5f,843,2026-10-03T16:03:19.257916+07:00,842.046332682,12.617014542999641,EXPOSURE,842.1929996939998,0.9999622959994667,0.2521664750001946,9.245499950338854e-05,DISABLED,on,user_reported,36.6585578918457,53.41154479980469,1006.70828125,118821.0703125,True,True,True,176,0,0,109,178,101,2026-10-03T16:03:19.257990+07:00,842.0464164220002,0.18582417600009649,OK,,True,2026-10-03T16:03:19.443826+07:00,842.2322486540006,0.0331956119998722,OK,,True,1445,0.180625,,2026-10-03T16:03:19.477027+07:00,842.2654495440001,0.03303864999998041,OK,,True,2648,0.331,
4793290d6ecf45aaad5326541298bf5f,844,2026-10-03T16:03:20.257917+07:00,843.046333276,13.617015136999726,EXPOSURE,843.1930002879999,1.0000005940000847,0.2532518940006412,9.304899958806345e-05,DISABLED,on,user_reported,36.668766021728516,53.43843078613281,1006.7521875,118986.75,True,True,True,176,0,0,109,178,101,2026-10-03T16:03:20.257992+07:00,843.0464187570005,0.18583958399995026,OK,,True,2026-10-03T16:03:20.443845+07:00,843.2322671740003,0.03327355700002954,OK,,True,1443,0.180375,,2026-10-03T16:03:20.477121+07:00,843.2655455080003,0.03401757000028738,OK,,True,2651,0.33137500000000003,
4793290d6ecf45aaad5326541298bf5f,845,2026-10-03T16:03:21.257928+07:00,844.0463428540006,14.617024715000298,EXPOSURE,844.1930098660005,1.0000095780005722,0.2530646549994344,0.00010262700016028248,DISABLED,on,user_reported,36.654090881347656,53.442630767822266,1006.748984375,119236.140625,True,True,True,176,0,0,109,178,101,2026-10-03T16:03:21.258016+07:00,844.0464417789999,0.18594058400049107,OK,,True,2026-10-03T16:03:21.443971+07:00,844.2323925300007,0.03387636599927646,OK,,True,1419,0.177375,,2026-10-03T16:03:21.477853+07:00,844.2662751560001,0.03311207600017951,OK,,True,2634,0.32925,
4793290d6ecf45aaad5326541298bf5f,846,2026-10-03T16:03:22.257920+07:00,845.046334953,15.617016813999726,EXPOSURE,845.1930019649999,0.999992098999428,0.2538945940004851,9.472599958826322e-05,DISABLED,on,user_reported,36.65026092529297,53.42938232421875,1006.776875,119069.765625,True,True,True,176,0,0,109,178,101,2026-10-03T16:03:22.258001+07:00,845.0464275450004,0.18583956600014062,OK,,True,2026-10-03T16:03:22.443855+07:00,845.2322768890008,0.03309707599964895,OK,,True,1428,0.1785,,2026-10-03T16:03:22.476959+07:00,845.2653802980003,0.03483435999987705,OK,,True,2632,0.329,
4793290d6ecf45aaad5326541298bf5f,847,2026-10-03T16:03:23.257913+07:00,846.0463301830005,16.61701204400015,EXPOSURE,846.1929971950003,0.9999952300004225,0.25480690299991693,8.99560000107158e-05,DISABLED,on,user_reported,36.654090881347656,53.423587799072266,1006.7284375,118903.8515625,True,True,True,176,0,0,109,178,101,2026-10-03T16:03:23.257984+07:00,846.0464107200005,0.18692937400010123,OK,,True,2026-10-03T16:03:23.444924+07:00,846.2333457600007,0.034157660999881045,OK,,True,1439,0.179875,,2026-10-03T16:03:23.479087+07:00,846.2675091070005,0.03361257199958345,OK,,True,2649,0.331125,
4793290d6ecf45aaad5326541298bf5f,848,2026-10-03T16:03:24.257919+07:00,847.0463360460008,17.617017907000445,EXPOSURE,847.1930030580006,1.0000058630002968,0.25477929199951177,9.581900030752877e-05,DISABLED,on,user_reported,36.65536880493164,53.43013000488281,1006.72359375,119152.8984375,True,True,True,176,0,0,109,178,101,2026-10-03T16:03:24.257992+07:00,847.0464182120004,0.18580221599950164,OK,,True,2026-10-03T16:03:24.443804+07:00,847.2322276499999,0.035542873000849795,OK,,True,1428,0.1785,,2026-10-03T16:03:24.479355+07:00,847.2677773559999,0.03332668600069155,OK,,True,2636,0.3295,
4793290d6ecf45aaad5326541298bf5f,849,2026-10-03T16:03:25.257914+07:00,848.0463297619999,18.6170116229996,EXPOSURE,848.1929967739998,0.9999937159991532,0.25873341300030006,8.953499946073862e-05,DISABLED,on,user_reported,36.65473175048828,53.436378479003906,1006.71578125,119069.765625,True,True,True,176,0,0,109,178,101,2026-10-03T16:03:25.257991+07:00,848.0464172800002,0.1858200679998845,OK,,True,2026-10-03T16:03:25.443824+07:00,848.2322459220004,0.03886264599987044,OK,,True,1430,0.17875,,2026-10-03T16:03:25.482691+07:00,848.271114401,0.033933441000044695,OK,,True,2651,0.33137500000000003,
4793290d6ecf45aaad5326541298bf5f,850,2026-10-03T16:03:26.258022+07:00,849.0464224800007,19.617104341000413,EXPOSURE,849.1930894920006,1.0000927180008148,0.2537667269998565,0.00018225300027552294,DISABLED,on,user_reported,36.650901794433594,53.435821533203125,1006.709453125,119069.765625,True,True,True,176,0,0,109,178,101,2026-10-03T16:03:26.258197+07:00,849.0466208120006,0.18702250400019693,OK,,True,2026-10-03T16:03:26.445230+07:00,849.2336524460006,0.03256198700000823,OK,,True,1438,0.17975,,2026-10-03T16:03:26.477797+07:00,849.2662197850004,0.03395507000004727,OK,,True,2633,0.329125,
4793290d6ecf45aaad5326541298bf5f,851,2026-10-03T16:03:27.257922+07:00,850.0463367010007,20.61701856200034,EXPOSURE,850.1930037130005,0.9999142209999263,0.2529712699997617,9.64740002018516e-05,DISABLED,on,user_reported,36.64834976196289,53.44179153442383,1006.691796875,118903.8515625,True,True,True,176,0,0,109,178,101,2026-10-03T16:03:27.258005+07:00,850.0464311630003,0.18582112500007497,OK,,True,2026-10-03T16:03:27.443838+07:00,850.2322606400003,0.03312385400022322,OK,,True,1446,0.18075,,2026-10-03T16:03:27.476962+07:00,850.2653881420001,0.033899736999956076,OK,,True,2644,0.3305,
4793290d6ecf45aaad5326541298bf5f,852,2026-10-03T16:03:28.257921+07:00,851.0463380720003,21.617019932999938,EXPOSURE,851.1930050840001,1.0000013709995983,0.2536531180003294,9.784499980014516e-05,DISABLED,on,user_reported,36.642608642578125,53.453651428222656,1006.83296875,118573.4140625,True,True,True,176,0,0,109,178,101,2026-10-03T16:03:28.258013+07:00,851.046439238,0.18581768000058219,OK,,True,2026-10-03T16:03:28.443842+07:00,851.2322648630006,0.032971595999697456,OK,,True,1448,0.181,,2026-10-03T16:03:28.476814+07:00,851.2652395880004,0.034736916999463574,OK,,True,2650,0.33125,
4793290d6ecf45aaad5326541298bf5f,853,2026-10-03T16:03:29.257916+07:00,852.0463311680005,22.61701302900019,EXPOSURE,852.1929981800004,0.999993096000253,0.2519302599994262,9.094100005313521e-05,DISABLED,on,user_reported,36.640052795410156,53.453285217285156,1006.773984375,119069.765625,True,True,True,176,0,0,109,178,101,2026-10-03T16:03:29.257996+07:00,852.0464221300008,0.1858130139999048,OK,,True,2026-10-03T16:03:29.443821+07:00,852.2322435140004,0.03299007799978426,OK,,True,1437,0.179625,,2026-10-03T16:03:29.476811+07:00,852.2652366660004,0.0330116140003156,OK,,True,2655,0.33187500000000003,
4793290d6ecf45aaad5326541298bf5f,854,2026-10-03T16:03:30.257919+07:00,853.0463349320007,23.617016793000403,EXPOSURE,853.1930019440006,1.000003764000212,0.25433653999971284,9.470500026509399e-05,DISABLED,on,user_reported,36.641971588134766,53.48530197143555,1006.77046875,119402.984375,True,True,True,176,0,0,109,178,101,2026-10-03T16:03:30.257994+07:00,853.0464205050002,0.18580642200049624,OK,,True,2026-10-03T16:03:30.443812+07:00,853.2322351310004,0.03299892900031409,OK,,True,1443,0.180375,,2026-10-03T16:03:30.476813+07:00,853.2652376149999,0.0354222080004547,OK,,True,2652,0.3315,
4793290d6ecf45aaad5326541298bf5f,855,2026-10-03T16:03:31.257914+07:00,854.0463306420006,24.617012503000296,EXPOSURE,854.1929976540005,0.9999957099998937,0.2597955199998978,9.041500015882775e-05,DISABLED,on,user_reported,36.643882751464844,53.47288513183594,1006.7871875,118244.8046875,True,True,True,176,0,0,109,178,101,2026-10-03T16:03:31.257988+07:00,854.0464145680007,0.1901111499992112,OK,,True,2026-10-03T16:03:31.448120+07:00,854.2365401260004,0.03520939499958331,OK,,True,1419,0.177375,,2026-10-03T16:03:31.483335+07:00,854.2717566320007,0.03435697499935486,OK,,True,2643,0.33037500000000003,
4793290d6ecf45aaad5326541298bf5f,856,2026-10-03T16:03:32.257911+07:00,855.0463272260004,25.617009087000042,EXPOSURE,855.1929942380002,0.9999965839997458,0.2519361510003364,8.699899990460835e-05,DISABLED,on,user_reported,36.641971588134766,53.50435256958008,1006.7909375,118903.8515625,True,True,True,176,0,0,109,178,101,2026-10-03T16:03:32.257992+07:00,855.0464181320003,0.1858387379998021,OK,,True,2026-10-03T16:03:32.443843+07:00,855.2322661100006,0.0329990780001026,OK,,True,1443,0.180375,,2026-10-03T16:03:32.476845+07:00,855.2652692990005,0.03298481799993169,OK,,True,2653,0.331625,
4793290d6ecf45aaad5326541298bf5f,857,2026-10-03T16:03:33.257914+07:00,856.0463291440001,26.617011004999767,EXPOSURE,856.1929961559999,1.0000019179997253,0.25200005900023825,8.891699962987332e-05,DISABLED,on,user_reported,36.64069366455078,53.49781799316406,1006.7271875,119069.765625,True,True,True,176,0,0,109,178,101,2026-10-03T16:03:33.257992+07:00,856.0464184960001,0.185818441000265,OK,,True,2026-10-03T16:03:33.443822+07:00,856.2322449560006,0.03322544599996036,OK,,True,1441,0.180125,,2026-10-03T16:03:33.477048+07:00,856.2654736430004,0.03284639299999981,OK,,True,2651,0.33137500000000003,
4793290d6ecf45aaad5326541298bf5f,858,2026-10-03T16:03:34.257908+07:00,857.0463252690006,27.617007130000275,EXPOSURE,857.1929922810004,0.9999961250005072,0.2516613759999018,8.504200013703667e-05,DISABLED,on,user_reported,36.647071838378906,53.505104064941406,1006.79921875,118821.0703125,True,True,True,176,0,0,109,178,101,2026-10-03T16:03:34.257978+07:00,857.0464041940004,0.18580464600017876,OK,,True,2026-10-03T16:03:34.443793+07:00,857.2322165620008,0.03294407799967303,OK,,True,1441,0.180125,,2026-10-03T16:03:34.476738+07:00,857.2651636770006,0.03281485699972109,OK,,True,2653,0.331625,
4793290d6ecf45aaad5326541298bf5f,859,2026-10-03T16:03:35.257913+07:00,858.0463290630005,28.61701092400017,EXPOSURE,858.1929960750003,1.0000037939998947,0.25173152400020626,8.883600003173342e-05,DISABLED,on,user_reported,36.647071838378906,53.486053466796875,1006.758203125,118738.40625,True,True,True,176,0,0,109,178,101,2026-10-03T16:03:35.257987+07:00,858.0464134510003,0.18580897900028503,OK,,True,2026-10-03T16:03:35.443807+07:00,858.2322306890001,0.032979726000121445,OK,,True,1445,0.180625,,2026-10-03T16:03:35.476788+07:00,858.265213619,0.032837338000717864,OK,,True,2650,0.33125,
4793290d6ecf45aaad5326541298bf5f,860,2026-10-03T16:03:36.257907+07:00,859.0463243210006,29.617006182000296,EXPOSURE,859.1929913330005,0.9999952580001263,0.2538382319999073,8.409400015807478e-05,DISABLED,on,user_reported,36.65664291381836,53.474754333496094,1006.76,119236.140625,True,True,True,176,0,0,109,178,101,2026-10-03T16:03:36.257977+07:00,859.0464034870001,0.18581222100056038,OK,,True,2026-10-03T16:03:36.443802+07:00,859.2322237819999,0.03299152200088429,OK,,True,1442,0.18025,,2026-10-03T16:03:36.476793+07:00,859.2652188970005,0.03492580399961298,OK,,True,2653,0.331625,
4793290d6ecf45aaad5326541298bf5f,861,2026-10-03T16:03:37.257926+07:00,860.0463414330006,30.61702329400032,EXPOSURE,860.1930084450005,1.0000171120000232,0.25175695100006124,0.00010120600018126424,DISABLED,on,user_reported,36.65154266357422,53.493064880371094,1006.75859375,118821.0703125,True,True,True,176,0,0,109,178,101,2026-10-03T16:03:37.258002+07:00,860.0464286180004,0.18583340599980147,OK,,True,2026-10-03T16:03:37.443848+07:00,860.2322707650001,0.0329730590001418,OK,,True,1441,0.180125,,2026-10-03T16:03:37.476823+07:00,860.2652478240007,0.032842059999893536,OK,,True,2655,0.33187500000000003,
4793290d6ecf45aaad5326541298bf5f,862,2026-10-03T16:03:38.257920+07:00,861.0463351220005,31.617016983000212,EXPOSURE,861.1930021340004,0.9999936889998935,0.25177315499968245,9.489500007475726e-05,DISABLED,on,user_reported,36.643882751464844,53.47288513183594,1006.71875,119402.984375,True,True,True,176,0,0,109,178,101,2026-10-03T16:03:38.257999+07:00,861.0464257880003,0.18582527699982165,OK,,True,2026-10-03T16:03:38.443836+07:00,861.2322591390002,0.03300572599982843,OK,,True,1439,0.179875,,2026-10-03T16:03:38.476843+07:00,861.2652686240008,0.03283013499913068,OK,,True,2651,0.33137500000000003,
4793290d6ecf45aaad5326541298bf5f,863,2026-10-03T16:03:39.257912+07:00,862.0463297570004,32.617011618000106,EXPOSURE,862.1929967690003,0.9999946349998936,0.2516821199997139,8.952999996836297e-05,DISABLED,on,user_reported,36.64516067504883,53.479427337646484,1006.69328125,119069.765625,True,True,True,176,0,0,109,178,101,2026-10-03T16:03:39.257983+07:00,862.0464091270005,0.1858046289999038,OK,,True,2026-10-03T16:03:39.443798+07:00,862.2322218120007,0.03295806000005541,OK,,True,1448,0.181,,2026-10-03T16:03:39.476757+07:00,862.2651830940003,0.03282052299982752,OK,,True,2647,0.33087500000000003,
4793290d6ecf45aaad5326541298bf5f,864,2026-10-03T16:03:40.257920+07:00,863.0463363200006,33.617018181000276,EXPOSURE,863.1930033320004,1.00000656300017,0.251994692000153,9.609300013835309e-05,DISABLED,on,user_reported,36.641971588134766,53.47895431518555,1006.729296875,118903.8515625,True,True,True,176,0,0,109,178,101,2026-10-03T16:03:40.257993+07:00,863.0464198380005,0.18582953700024518,OK,,True,2026-10-03T16:03:40.443836+07:00,863.2322579680003,0.03322124300029827,OK,,True,1449,0.181125,,2026-10-03T16:03:40.477057+07:00,863.2654821920005,0.03283939399989322,OK,,True,2651,0.33137500000000003,
4793290d6ecf45aaad5326541298bf5f,865,2026-10-03T16:03:41.257916+07:00,864.0463317930007,34.6170136540004,EXPOSURE,864.1929988050006,0.9999954730001264,0.25175576799938426,9.156600026472006e-05,DISABLED,on,user_reported,36.64133071899414,53.47251510620117,1006.748828125,118738.40625,True,True,True,176,0,0,109,178,101,2026-10-03T16:03:41.257988+07:00,864.0464142740002,0.18583448200024577,OK,,True,2026-10-03T16:03:41.443834+07:00,864.2322571260001,0.03297985600056563,OK,,True,1441,0.180125,,2026-10-03T16:03:41.476815+07:00,864.2652405560002,0.032838504999745055,OK,,True,2654,0.33175,
4793290d6ecf45aaad5326541298bf5f,866,2026-10-03T16:03:42.257980+07:00,865.046384231,35.61706609199973,EXPOSURE,865.1930512429999,1.0000524379993294,0.26180465900051786,0.00014400399959413335,DISABLED,on,user_reported,36.647071838378906,53.47335433959961,1006.662421875,118903.8515625,True,True,True,176,0,0,109,178,101,2026-10-03T16:03:42.258133+07:00,865.0465575810003,0.1917896799996015,OK,,True,2026-10-03T16:03:42.449945+07:00,865.2383638910005,0.035370578999391,OK,,True,1476,0.1845,,2026-10-03T16:03:42.485320+07:00,865.2737429890003,0.03442845700010366,OK,,True,2658,0.33225,
4793290d6ecf45aaad5326541298bf5f,867,2026-10-03T16:03:43.257973+07:00,866.0463812260004,36.61706308700013,EXPOSURE,866.1930482380003,0.9999969950004015,0.2617908639995221,0.00014099899999564514,DISABLED,on,user_reported,36.650901794433594,53.46121597290039,1006.723125,119402.984375,True,True,True,176,0,0,109,178,101,2026-10-03T16:03:43.258101+07:00,866.0465266320007,0.19139734999953362,OK,,True,2026-10-03T16:03:43.449521+07:00,866.237939908,0.035479967999890505,OK,,True,1437,0.179625,,2026-10-03T16:03:43.485005+07:00,866.2734276910005,0.034726250999483455,OK,,True,2665,0.333125,
4793290d6ecf45aaad5326541298bf5f,868,2026-10-03T16:03:44.257925+07:00,867.0463409280001,37.61702278899975,EXPOSURE,867.1930079399999,0.9999597019996145,0.25176826900042215,0.00010070099961012602,DISABLED,on,user_reported,36.64771270751953,53.46709442138672,1006.731796875,119152.8984375,True,True,True,176,0,0,109,178,101,2026-10-03T16:03:44.257994+07:00,867.0464204270002,0.18580185300015728,OK,,True,2026-10-03T16:03:44.443805+07:00,867.2322289840004,0.03303541100012808,OK,,True,1447,0.180875,,2026-10-03T16:03:44.476842+07:00,867.2652677660008,0.0328326159997232,OK,,True,2651,0.33137500000000003,
4793290d6ecf45aaad5326541298bf5f,869,2026-10-03T16:03:45.257916+07:00,868.0463328720007,38.61701473300036,EXPOSURE,868.1929998840005,0.9999919440006124,0.2518016029998762,9.264500022254651e-05,DISABLED,on,user_reported,36.643882751464844,53.46018600463867,1006.725625,118821.0703125,True,True,True,176,0,0,109,178,101,2026-10-03T16:03:45.257986+07:00,868.0464125930002,0.18582105800032878,OK,,True,2026-10-03T16:03:45.443819+07:00,868.2322415580002,0.03303622600014933,OK,,True,1443,0.180375,,2026-10-03T16:03:45.476858+07:00,868.2652817100006,0.03284487600012653,OK,,True,2650,0.33125,
4793290d6ecf45aaad5326541298bf5f,870,2026-10-03T16:03:46.257913+07:00,869.046329836,39.617011696999725,EXPOSURE,869.1929968479999,0.9999969639993651,0.25193327000033605,8.960899958765367e-05,DISABLED,on,user_reported,36.63877868652344,53.47214126586914,1006.84734375,118573.4140625,True,True,True,176,0,0,109,178,101,2026-10-03T16:03:46.257981+07:00,869.0464071140004,0.18578989100024046,OK,,True,2026-10-03T16:03:46.443779+07:00,869.2322040420004,0.033211003000360506,OK,,True,1456,0.182,,2026-10-03T16:03:46.476994+07:00,869.2654187110002,0.03283585799999855,OK,,True,2652,0.3315,
4793290d6ecf45aaad5326541298bf5f,871,2026-10-03T16:03:47.257919+07:00,870.0463349880001,40.61701684899981,EXPOSURE,870.193002,1.0000051520000852,0.2517885670004034,9.476099967287155e-05,DISABLED,on,user_reported,36.641971588134766,53.47260284423828,1006.7840625,118903.8515625,True,True,True,176,0,0,109,178,101,2026-10-03T16:03:47.257992+07:00,870.046417988,0.18581096500020067,OK,,True,2026-10-03T16:03:47.443814+07:00,870.2322363789999,0.033016152000527654,OK,,True,1438,0.17975,,2026-10-03T16:03:47.476832+07:00,870.2652562910007,0.0328580420000435,OK,,True,2647,0.33087500000000003,
4793290d6ecf45aaad5326541298bf5f,872,2026-10-03T16:03:48.257918+07:00,871.0463342900002,41.617016150999916,EXPOSURE,871.1930013020001,0.9999993020001057,0.25169562399969436,9.40629997785436e-05,DISABLED,on,user_reported,36.64133071899414,53.466163635253906,1006.8309375,119069.765625,True,True,True,176,0,0,109,178,101,2026-10-03T16:03:48.257987+07:00,871.0464132340003,0.18579885500003002,OK,,True,2026-10-03T16:03:48.443795+07:00,871.2322194220005,0.032973708999634255,OK,,True,1426,0.17825,,2026-10-03T16:03:48.476771+07:00,871.265196538,0.032824673000504845,OK,,True,2658,0.33225,
4793290d6ecf45aaad5326541298bf5f,873,2026-10-03T16:03:49.257959+07:00,872.0463684650003,42.617050326000026,EXPOSURE,872.1930354770002,1.0000341750001098,0.26218301199969574,0.00012823799988836981,DISABLED,on,user_reported,36.64643478393555,53.473262786865234,1006.79796875,118738.40625,True,True,True,176,0,0,109,178,101,2026-10-03T16:03:49.258082+07:00,872.0465073150008,0.19133238999984314,OK,,True,2026-10-03T16:03:49.449434+07:00,872.2378543350005,0.03545546799978183,OK,,True,1439,0.179875,,2026-10-03T16:03:49.484896+07:00,872.273318044,0.03521517400076846,OK,,True,2664,0.333,
4793290d6ecf45aaad5326541298bf5f,874,2026-10-03T16:03:50.257928+07:00,873.0463433820005,43.61702524300017,EXPOSURE,873.1930103940003,0.9999749170001451,0.251751773000251,0.00010315500003343914,DISABLED,on,user_reported,36.65473175048828,53.4744758605957,1006.78421875,118408.8828125,True,True,True,176,0,0,109,178,101,2026-10-03T16:03:50.258005+07:00,873.0464314740002,0.1858195960003286,OK,,True,2026-10-03T16:03:50.443835+07:00,873.23225783,0.03299080100077845,OK,,True,1442,0.18025,,2026-10-03T16:03:50.476827+07:00,873.2652522970002,0.03283428400027333,OK,,True,2653,0.331625,
4793290d6ecf45aaad5326541298bf5f,875,2026-10-03T16:03:51.257918+07:00,874.046333839,44.61701569999968,EXPOSURE,874.1930008509999,0.9999904569995124,0.2517209770003319,9.361199954582844e-05,DISABLED,on,user_reported,36.65727996826172,53.48119354248047,1006.767734375,118081.1796875,True,True,True,176,0,0,109,178,101,2026-10-03T16:03:51.257993+07:00,874.046419579,0.185802708000665,OK,,True,2026-10-03T16:03:51.443804+07:00,874.2322283980002,0.03297094899971853,OK,,True,1444,0.1805,,2026-10-03T16:03:51.476777+07:00,874.2652025690004,0.0328292659996805,OK,,True,2651,0.33137500000000003,
4793290d6ecf45aaad5326541298bf5f,876,2026-10-03T16:03:52.257920+07:00,875.0463344079999,45.61701626899958,EXPOSURE,875.1930014199997,1.0000005689998943,0.251789848000044,9.418099944014102e-05,DISABLED,on,user_reported,36.654090881347656,53.493431091308594,1006.783203125,118573.4140625,True,True,True,176,0,0,109,178,101,2026-10-03T16:03:52.258000+07:00,875.0464258340007,0.18582713399973727,OK,,True,2026-10-03T16:03:52.443839+07:00,875.2322618380003,0.03300139400016633,OK,,True,1434,0.17925,,2026-10-03T16:03:52.476843+07:00,875.2652671579999,0.03284828300002118,OK,,True,2647,0.33087500000000003,
4793290d6ecf45aaad5326541298bf5f,877,2026-10-03T16:03:53.257911+07:00,876.0463279989999,46.6170098599996,EXPOSURE,876.1929950109998,0.9999935910000204,0.25195630899997923,8.77719994605286e-05,DISABLED,on,user_reported,36.66046905517578,53.47531509399414,1006.72515625,118491.09375,True,True,True,176,0,0,109,178,101,2026-10-03T16:03:53.257986+07:00,876.046412535,0.1858051900007922,OK,,True,2026-10-03T16:03:53.443802+07:00,876.2322248180008,0.03321363299983204,OK,,True,1440,0.18,,2026-10-03T16:03:53.477018+07:00,876.2654425430001,0.032833025000400085,OK,,True,2652,0.3315,
4793290d6ecf45aaad5326541298bf5f,878,2026-10-03T16:03:54.257916+07:00,877.0463319979999,47.6170138589996,EXPOSURE,877.1929990099998,1.0000039990000005,0.25177199700010533,9.177099946100498e-05,DISABLED,on,user_reported,36.654090881347656,53.46803283691406,1006.735234375,119570.296875,True,True,True,176,0,0,109,178,101,2026-10-03T16:03:54.257999+07:00,877.046425812,0.18579122800019832,OK,,True,2026-10-03T16:03:54.443799+07:00,877.232223299,0.0329606720006268,OK,,True,1444,0.1805,,2026-10-03T16:03:54.476763+07:00,877.2651878040006,0.03290569099954155,OK,,True,2652,0.3315,
4793290d6ecf45aaad5326541298bf5f,879,2026-10-03T16:03:55.257969+07:00,878.0463751480002,48.617057008999836,EXPOSURE,878.19304216,1.0000431500002378,0.2626450490006391,0.00013492099969880655,DISABLED,on,user_reported,36.64898681640625,53.45458984375,1006.733828125,118738.40625,True,True,True,176,0,0,109,178,101,2026-10-03T16:03:55.258121+07:00,878.0465459430006,0.19178236999960063,OK,,True,2026-10-03T16:03:55.449926+07:00,878.2383437950002,0.035456043000522186,OK,,True,1453,0.181625,,2026-10-03T16:03:55.485387+07:00,878.2738090970006,0.03519202600000426,OK,,True,2665,0.333125,
4793290d6ecf45aaad5326541298bf5f,880,2026-10-03T16:03:56.257922+07:00,879.046338911,49.617020771999705,EXPOSURE,879.1930059229999,0.9999637629998688,0.25176235000071756,9.868399956758367e-05,DISABLED,on,user_reported,36.654090881347656,53.46803283691406,1006.735234375,118573.4140625,True,True,True,176,0,0,109,178,101,2026-10-03T16:03:56.257998+07:00,879.0464240030005,0.1858083209999677,OK,,True,2026-10-03T16:03:56.443816+07:00,879.2322387130007,0.033007374999215244,OK,,True,1438,0.17975,,2026-10-03T16:03:56.476825+07:00,879.2652494030008,0.03284346899999946,OK,,True,2643,0.33037500000000003,
4793290d6ecf45aaad5326541298bf5f,881,2026-10-03T16:03:57.257913+07:00,880.0463275840002,50.617009444999894,EXPOSURE,880.1929945960001,0.999988673000189,0.25183359000038763,8.735699975659372e-05,DISABLED,on,user_reported,36.65664291381836,53.474754333496094,1006.73265625,118821.0703125,True,True,True,176,0,0,109,178,101,2026-10-03T16:03:57.258000+07:00,880.04642625,0.18585221000012098,OK,,True,2026-10-03T16:03:57.443865+07:00,880.2322870710004,0.03299650499957352,OK,,True,1450,0.18125,,2026-10-03T16:03:57.476863+07:00,880.265287446,0.032864006000636437,OK,,True,2648,0.331,
4793290d6ecf45aaad5326541298bf5f,882,2026-10-03T16:03:58.257912+07:00,881.0463281840002,51.617010044999915,EXPOSURE,881.1929951960001,1.0000006000000212,0.2518159060000471,8.795699977781624e-05,DISABLED,on,user_reported,36.64452362060547,53.46663284301758,1006.712890625,118655.8515625,True,True,True,176,0,0,109,178,101,2026-10-03T16:03:58.257987+07:00,881.0464131470007,0.18581289499979903,OK,,True,2026-10-03T16:03:58.443810+07:00,881.2322332640006,0.03303893100019195,OK,,True,1440,0.18,,2026-10-03T16:03:58.476851+07:00,881.2652758060003,0.03286028399998031,OK,,True,2652,0.3315,
4793290d6ecf45aaad5326541298bf5f,883,2026-10-03T16:03:59.257939+07:00,882.0463533790007,52.617035240000405,EXPOSURE,882.1930203910006,1.0000251950004895,0.2520439419995455,0.00011315200026729144,DISABLED,on,user_reported,36.65727996826172,53.4621467590332,1006.713046875,118573.4140625,True,True,True,176,0,0,109,178,101,2026-10-03T16:03:59.258025+07:00,882.0464518040008,0.1858113409998623,OK,,True,2026-10-03T16:03:59.443847+07:00,882.2322694970007,0.03325422499983688,OK,,True,1429,0.178625,,2026-10-03T16:03:59.477103+07:00,882.2655275930001,0.0328604690002976,OK,,True,2657,0.332125,
4793290d6ecf45aaad5326541298bf5f,884,2026-10-03T16:04:00.257912+07:00,883.0463272249999,53.6170090859996,EXPOSURE,883.1929942369998,0.9999738459991931,0.25178057400080434,8.69979994604364e-05,DISABLED,on,user_reported,36.65217971801758,53.461402893066406,1006.725390625,118821.0703125,True,True,True,176,0,0,109,178,101,2026-10-03T16:04:00.257995+07:00,883.0464207790001,0.18581548900056077,OK,,True,2026-10-03T16:04:00.443821+07:00,883.2322437870007,0.03301133900004061,OK,,True,1426,0.17825,,2026-10-03T16:04:00.476834+07:00,883.2652585880005,0.032840117999512586,OK,,True,2652,0.3315,
4793290d6ecf45aaad5326541298bf5f,885,2026-10-03T16:04:01.257908+07:00,884.046325794,54.617007654999725,EXPOSURE,884.1929928059999,0.9999985690001267,0.251764352000464,8.556699958717218e-05,DISABLED,on,user_reported,36.6534538269043,53.44889450073242,1006.747890625,119319.5078125,True,True,True,176,0,0,109,178,101,2026-10-03T16:04:01.257985+07:00,884.0464112190002,0.18580417500015756,OK,,True,2026-10-03T16:04:01.443797+07:00,884.2322213010002,0.03299506100029248,OK,,True,1440,0.18,,2026-10-03T16:04:01.476796+07:00,884.2652208620002,0.03286022900010721,OK,,True,2651,0.33137500000000003,
4793290d6ecf45aaad5326541298bf5f,886,2026-10-03T16:04:02.257909+07:00,885.04632494,55.61700680099966,EXPOSURE,885.1929919519998,0.9999991459999364,0.2518271110002388,8.471299952361733e-05,DISABLED,on,user_reported,36.64962387084961,53.448326110839844,1006.73484375,118738.40625,True,True,True,176,0,0,109,178,101,2026-10-03T16:04:02.257986+07:00,885.0464127170007,0.1858293599998433,OK,,True,2026-10-03T16:04:02.443828+07:00,885.2322501690005,0.03301332099999854,OK,,True,1443,0.180375,,2026-10-03T16:04:02.476844+07:00,885.2652676750004,0.03287421000004542,OK,,True,2650,0.33125,
4793290d6ecf45aaad5326541298bf5f,887,2026-10-03T16:04:03.257906+07:00,886.0463237540007,56.61700561500038,EXPOSURE,886.1929907660005,0.999998814000719,0.2517573719997017,8.35270002426114e-05,DISABLED,on,user_reported,36.65026092529297,53.461124420166016,1006.68109375,118738.40625,True,True,True,176,0,0,109,178,101,2026-10-03T16:04:03.257982+07:00,886.0464080130005,0.18580721199941763,OK,,True,2026-10-03T16:04:03.443799+07:00,886.2322212620002,0.032973895000395714,OK,,True,1444,0.1805,,2026-10-03T16:04:03.476774+07:00,886.2651993970003,0.03287245100000291,OK,,True,2653,0.331625,
4793290d6ecf45aaad5326541298bf5f,888,2026-10-03T16:04:04.257909+07:00,887.046324848,57.617006708999725,EXPOSURE,887.1929918599999,1.0000010939993444,0.2518032790003417,8.462099958705949e-05,DISABLED,on,user_reported,36.636863708496094,53.446468353271484,1006.83046875,118821.0703125,True,True,True,176,0,0,109,178,101,2026-10-03T16:04:04.257992+07:00,887.0464183100003,0.185807343000306,OK,,True,2026-10-03T16:04:04.443808+07:00,887.2322311900007,0.03301518999978725,OK,,True,1443,0.180375,,2026-10-03T16:04:04.476826+07:00,887.2652500650001,0.032868803000383195,OK,,True,2652,0.3315,
4793290d6ecf45aaad5326541298bf5f,889,2026-10-03T16:04:05.257909+07:00,888.0463250000003,58.617006860999936,EXPOSURE,888.1929920120001,1.0000001520002115,0.2518469830001777,8.477299979858799e-05,DISABLED,on,user_reported,36.64452362060547,53.46663284301758,1006.781328125,118738.40625,True,True,True,176,0,0,109,178,101,2026-10-03T16:04:05.257986+07:00,888.0464125920007,0.1858083049992274,OK,,True,2026-10-03T16:04:05.443804+07:00,888.2322272860001,0.03302932000042347,OK,,True,1443,0.180375,,2026-10-03T16:04:05.476836+07:00,888.2652607180007,0.032902468999964185,OK,,True,2646,0.33075,
4793290d6ecf45aaad5326541298bf5f,890,2026-10-03T16:04:06.257943+07:00,889.0463520789999,59.6170339399996,EXPOSURE,889.1930190909998,1.0000270789996648,0.26297883100050967,0.00011185199946339708,DISABLED,on,user_reported,36.64643478393555,53.466915130615234,1006.791171875,118738.40625,True,True,True,176,0,0,109,178,101,2026-10-03T16:04:06.258071+07:00,889.0464965220008,0.19134843399933743,OK,,True,2026-10-03T16:04:06.449438+07:00,889.2378575850007,0.03616324299946427,OK,,True,1445,0.180625,,2026-10-03T16:04:06.485609+07:00,889.2740307350005,0.03527839700018376,OK,,True,2663,0.33287500000000003,
4793290d6ecf45aaad5326541298bf5f,891,2026-10-03T16:04:07.257995+07:00,890.0464003450006,60.617082206000305,EXPOSURE,890.1930673570005,1.0000482660007037,0.2628130359998977,0.00016011800016713096,DISABLED,on,user_reported,36.64643478393555,53.466915130615234,1006.80484375,118738.40625,True,True,True,176,0,0,109,178,101,2026-10-03T16:04:07.258157+07:00,890.0465819740002,0.19178683800055296,OK,,True,2026-10-03T16:04:07.449966+07:00,890.2383845520008,0.03547896999953082,OK,,True,1458,0.18225,,2026-10-03T16:04:07.485453+07:00,890.2738742810006,0.03531758200006152,OK,,True,2666,0.33325,
4793290d6ecf45aaad5326541298bf5f,892,2026-10-03T16:04:08.257975+07:00,891.0463825770003,61.61706443799994,EXPOSURE,891.1930495890001,0.9999822319996383,0.2625884640001459,0.00014234999980544671,DISABLED,on,user_reported,36.64771270751953,53.46709442138672,1006.80015625,118655.8515625,True,True,True,176,0,0,109,178,101,2026-10-03T16:04:08.258127+07:00,891.0465513910003,0.19177904200023477,OK,,True,2026-10-03T16:04:08.449923+07:00,891.2383436550008,0.03540887799954362,OK,,True,1450,0.18125,,2026-10-03T16:04:08.485341+07:00,891.2737624770007,0.03519023099943297,OK,,True,2660,0.3325,
4793290d6ecf45aaad5326541298bf5f,893,2026-10-03T16:04:09.257925+07:00,892.0463404960001,62.61702235699977,EXPOSURE,892.1930075079999,0.9999579189998258,0.2518514299999879,0.0001002689996312256,DISABLED,on,user_reported,36.64834976196289,53.460838317871094,1006.77390625,118821.0703125,True,True,True,176,0,0,109,178,101,2026-10-03T16:04:09.258008+07:00,892.0464345140008,0.18581934399935562,OK,,True,2026-10-03T16:04:09.443839+07:00,892.2322618580001,0.033052986999791756,OK,,True,1447,0.180875,,2026-10-03T16:04:09.476895+07:00,892.2653193450005,0.03286271100023441,OK,,True,2656,0.332,
4793290d6ecf45aaad5326541298bf5f,894,2026-10-03T16:04:10.257910+07:00,893.0463266390007,63.61700850000034,EXPOSURE,893.1929936510005,0.9999861430005694,0.25178348699955677,8.641200020065298e-05,DISABLED,on,user_reported,36.654090881347656,53.46168518066406,1006.769453125,119069.765625,True,True,True,176,0,0,109,178,101,2026-10-03T16:04:10.257985+07:00,893.046411157,0.18581780800013803,OK,,True,2026-10-03T16:04:10.443814+07:00,893.2322369090007,0.03301469100006216,OK,,True,1435,0.179375,,2026-10-03T16:04:10.476831+07:00,893.265255286,0.03284595100012666,OK,,True,2651,0.33137500000000003,
4793290d6ecf45aaad5326541298bf5f,895,2026-10-03T16:04:11.257912+07:00,894.046328896,64.61701075699966,EXPOSURE,894.1929959079998,1.0000022569993234,0.25176845000078174,8.866899952408858e-05,DISABLED,on,user_reported,36.64898681640625,53.4609375,1006.76796875,118738.40625,True,True,True,176,0,0,109,178,101,2026-10-03T16:04:11.257987+07:00,894.0464132470006,0.1858052889992905,OK,,True,2026-10-03T16:04:11.443803+07:00,894.2322257770002,0.03297809900050197,OK,,True,1447,0.180875,,2026-10-03T16:04:11.476783+07:00,894.265207728,0.03288021000025765,OK,,True,2653,0.331625,
4793290d6ecf45aaad5326541298bf5f,896,2026-10-03T16:04:12.257914+07:00,895.046329191,65.61701105199973,EXPOSURE,895.1929962029999,1.0000002950000635,0.25211180000042077,8.896399958757684e-05,DISABLED,on,user_reported,36.64771270751953,53.46074676513672,1006.731796875,118738.40625,True,True,True,176,0,0,109,178,101,2026-10-03T16:04:12.257997+07:00,895.046423449,0.1858499939999092,OK,,True,2026-10-03T16:04:12.443859+07:00,895.2322814429999,0.03323681900019437,OK,,True,1439,0.179875,,2026-10-03T16:04:12.477098+07:00,895.265521669,0.03290841400030331,OK,,True,2651,0.33137500000000003,
4793290d6ecf45aaad5326541298bf5f,897,2026-10-03T16:04:13.257909+07:00,896.0463254140004,66.6170072750001,EXPOSURE,896.1929924260003,0.9999962230003803,0.25180645099953836,8.518699996784562e-05,DISABLED,on,user_reported,36.654090881347656,53.45532989501953,1006.74203125,118903.8515625,True,True,True,176,0,0,109,178,101,2026-10-03T16:04:13.257989+07:00,896.0464147100001,0.1858170860004975,OK,,True,2026-10-03T16:04:13.443816+07:00,896.232239426,0.032991580000270915,OK,,True,1445,0.180625,,2026-10-03T16:04:13.476808+07:00,896.2652340430004,0.03288880299987795,OK,,True,2651,0.33137500000000003,
4793290d6ecf45aaad5326541298bf5f,898,2026-10-03T16:04:14.257984+07:00,897.046393824,67.61707568499969,EXPOSURE,897.1930608359999,1.0000684099995851,0.262660744000641,0.000153596999552974,DISABLED,on,user_reported,36.64579772949219,53.46046829223633,1006.72859375,118903.8515625,True,True,True,176,0,0,109,178,101,2026-10-03T16:04:14.258129+07:00,897.0465540080004,0.19173974800014548,OK,,True,2026-10-03T16:04:14.449889+07:00,897.2383090520007,0.035437710999758565,OK,,True,1448,0.181,,2026-10-03T16:04:14.485335+07:00,897.2737562820002,0.035279046000141534,OK,,True,2663,0.33287500000000003,
4793290d6ecf45aaad5326541298bf5f,899,2026-10-03T16:04:15.257969+07:00,898.0463810880001,68.61706294899977,EXPOSURE,898.1930480999999,0.9999872640000831,0.252187615999901,0.00014086099963606102,DISABLED,on,user_reported,36.650901794433594,53.46121597290039,1006.7778125,118821.0703125,True,True,True,176,0,0,109,178,101,2026-10-03T16:04:15.258054+07:00,898.0464800130003,0.18582397600039258,OK,,True,2026-10-03T16:04:15.443889+07:00,898.2323121190002,0.03295758000058413,OK,,True,1437,0.179625,,2026-10-03T16:04:15.476848+07:00,898.2652728660005,0.033284522999565525,OK,,True,2654,0.33175,
4793290d6ecf45aaad5326541298bf5f,900,2026-10-03T16:04:16.257915+07:00,899.0463320020008,69.61701386300047,EXPOSURE,899.1929990140006,0.9999509140006921,0.25174111999967863,9.177500032819808e-05,DISABLED,on,user_reported,36.65154266357422,53.4613151550293,1006.79265625,118655.8515625,True,True,True,176,0,0,109,178,101,2026-10-03T16:04:16.257993+07:00,899.0464192050003,0.185809440000412,OK,,True,2026-10-03T16:04:16.443814+07:00,899.2322365150003,0.03296941400003561,OK,,True,1446,0.18075,,2026-10-03T16:04:16.476784+07:00,899.2652092070002,0.03285496999978932,OK,,True,2649,0.331125,
4793290d6ecf45aaad5326541298bf5f,901,2026-10-03T16:04:17.257918+07:00,900.0463339370008,70.61701579800047,EXPOSURE,900.1930009490006,1.0000019350000002,0.2518015449995801,9.371000032842858e-05,DISABLED,on,user_reported,36.65473175048828,53.45542526245117,1006.72265625,118573.4140625,True,True,True,176,0,0,109,178,101,2026-10-03T16:04:17.258001+07:00,900.046427325,0.18584306899992953,OK,,True,2026-10-03T16:04:17.443857+07:00,900.2322795240007,0.0329590069995902,OK,,True,1443,0.180375,,2026-10-03T16:04:17.476817+07:00,900.2652419750002,0.032883452000533,OK,,True,2652,0.3315,
4793290d6ecf45aaad5326541298bf5f,902,2026-10-03T16:04:18.257912+07:00,901.04632967,71.61701153099966,EXPOSURE,901.1929966819998,0.9999957329991958,0.2517483050005467,8.944299952418078e-05,DISABLED,on,user_reported,36.64962387084961,53.46737289428711,1006.714296875,118573.4140625,True,True,True,176,0,0,109,178,101,2026-10-03T16:04:18.257988+07:00,901.0464148170004,0.1858110889997988,OK,,True,2026-10-03T16:04:18.443810+07:00,901.2322331089999,0.03296578500066971,OK,,True,1436,0.1795,,2026-10-03T16:04:18.476776+07:00,901.2652018750005,0.03286684100021375,OK,,True,2646,0.33075,
4793290d6ecf45aaad5326541298bf5f,903,2026-10-03T16:04:19.257913+07:00,902.0463307750006,72.61701263600025,EXPOSURE,902.1929977870004,1.0000011050005924,0.2519446569995125,9.054800011654152e-05,DISABLED,on,user_reported,36.643245697021484,53.4664421081543,1006.71765625,118244.8046875,True,True,True,176,0,0,109,178,101,2026-10-03T16:04:19.257990+07:00,902.0464159780004,0.18580453300000954,OK,,True,2026-10-03T16:04:19.443804+07:00,902.2322279930004,0.03317996799978573,OK,,True,1442,0.18025,,2026-10-03T16:04:19.476986+07:00,902.2654111649999,0.032855618000212417,OK,,True,2653,0.331625,
4793290d6ecf45aaad5326541298bf5f,904,2026-10-03T16:04:20.257949+07:00,903.0463628820007,73.6170447430004,EXPOSURE,903.1930298940006,1.0000321070001519,0.25176171399925806,0.00012265500026842346,DISABLED,on,user_reported,36.63750457763672,53.45290756225586,1006.742578125,118408.8828125,True,True,True,176,0,0,109,178,101,2026-10-03T16:04:20.258036+07:00,903.0464623440002,0.1858261079996737,OK,,True,2026-10-03T16:04:20.443874+07:00,903.2322963960005,0.03294384099990566,OK,,True,1439,0.179875,,2026-10-03T16:04:20.476818+07:00,903.2652432550003,0.03287084099974891,OK,,True,2654,0.33175,
4793290d6ecf45aaad5326541298bf5f,905,2026-10-03T16:04:21.257912+07:00,904.0463276400005,74.61700950100021,EXPOSURE,904.1929946520004,0.9999647579998054,0.2517564179997862,8.741300007386599e-05,DISABLED,on,user_reported,36.63303756713867,53.47130584716797,1006.687421875,118738.40625,True,True,True,176,0,0,109,178,101,2026-10-03T16:04:21.257993+07:00,904.0464182320002,0.1858045150001999,OK,,True,2026-10-03T16:04:21.443807+07:00,904.2322297840001,0.03297919200031174,OK,,True,1437,0.179625,,2026-10-03T16:04:21.476786+07:00,904.265212106,0.032863043999896036,OK,,True,2653,0.331625,
4793290d6ecf45aaad5326541298bf5f,906,2026-10-03T16:04:22.257915+07:00,905.0463311580006,75.6170130190003,EXPOSURE,905.1929981700005,1.000003518000085,0.2518454359997122,9.093100015888922e-05,DISABLED,on,user_reported,36.6394157409668,53.472225189208984,1006.85515625,118821.0703125,True,True,True,176,0,0,109,178,101,2026-10-03T16:04:22.257998+07:00,905.0464243060005,0.18584647799980303,OK,,True,2026-10-03T16:04:22.443858+07:00,905.2322797840006,0.032961136999801965,OK,,True,1445,0.180625,,2026-10-03T16:04:22.476819+07:00,905.265244661,0.03292228500049532,OK,,True,2654,0.33175,
4793290d6ecf45aaad5326541298bf5f,907,2026-10-03T16:04:23.257918+07:00,906.0463330860002,76.61701494699992,EXPOSURE,906.1930000980001,1.0000019279996195,0.2517779560002964,9.285899977840018e-05,DISABLED,on,user_reported,36.63240051269531,53.46485900878906,1006.816328125,118821.0703125,True,True,True,176,0,0,109,178,101,2026-10-03T16:04:23.258003+07:00,906.0464296780001,0.18582557100035046,OK,,True,2026-10-03T16:04:23.443842+07:00,906.232263934,0.03297208200001478,OK,,True,1444,0.1805,,2026-10-03T16:04:23.476813+07:00,906.2652390150006,0.032861138000043866,OK,,True,2646,0.33075,
4793290d6ecf45aaad5326541298bf5f,908,2026-10-03T16:04:24.257926+07:00,907.0463391820003,77.61702104300002,EXPOSURE,907.1930061940002,1.0000060960001065,0.251816566999878,9.895499988488154e-05,DISABLED,on,user_reported,36.635589599609375,53.471675872802734,1006.814609375,118655.8515625,True,True,True,176,0,0,109,178,101,2026-10-03T16:04:24.258016+07:00,907.0464426630006,0.18581029399956606,OK,,True,2026-10-03T16:04:24.443838+07:00,907.2322607720007,0.03296961799969722,OK,,True,1435,0.179375,,2026-10-03T16:04:24.476808+07:00,907.2652334090008,0.032913136999923154,OK,,True,2652,0.3315,
4793290d6ecf45aaad5326541298bf5f,909,2026-10-03T16:04:25.258009+07:00,908.0464132800007,78.61709514100039,EXPOSURE,908.1930802920006,1.0000740980003684,0.2611967419998109,0.00017305300025327597,DISABLED,on,user_reported,36.640052795410156,53.46598434448242,1006.79453125,118573.4140625,True,True,True,176,0,0,109,178,101,2026-10-03T16:04:25.258162+07:00,908.0465871680008,0.19068616699951235,OK,,True,2026-10-03T16:04:25.448869+07:00,908.2372883910002,0.035057269999924756,OK,,True,1463,0.182875,,2026-10-03T16:04:25.483932+07:00,908.2723547160003,0.03523334300007264,OK,,True,2666,0.33325,
4793290d6ecf45aaad5326541298bf5f,910,2026-10-03T16:04:26.257931+07:00,909.0463463810001,79.61702824199983,EXPOSURE,909.193013393,0.9999331009994421,0.25179075300002296,0.00010615399969537975,DISABLED,on,user_reported,36.636863708496094,53.478214263916016,1006.81671875,118655.8515625,True,True,True,176,0,0,109,178,101,2026-10-03T16:04:26.258013+07:00,909.0464398060003,0.18581477600037033,OK,,True,2026-10-03T16:04:26.443839+07:00,909.2322624160006,0.03298037700005807,OK,,True,1439,0.179875,,2026-10-03T16:04:26.476820+07:00,909.2652458299999,0.032881175000511575,OK,,True,2649,0.331125,
4793290d6ecf45aaad5326541298bf5f,911,2026-10-03T16:04:27.257917+07:00,910.0463318530001,80.61701371399977,EXPOSURE,910.1929988649999,0.9999854719999348,0.251836049999838,9.162599963019602e-05,DISABLED,on,user_reported,36.636863708496094,53.484561920166016,1006.789296875,118655.8515625,True,True,True,176,0,0,109,178,101,2026-10-03T16:04:27.257997+07:00,910.0464237599999,0.1858377210000981,OK,,True,2026-10-03T16:04:27.443849+07:00,910.2322709810005,0.032992100000228675,OK,,True,1446,0.18075,,2026-10-03T16:04:27.476841+07:00,910.2652664510006,0.03289084100015316,OK,,True,2647,0.33087500000000003,
4793290d6ecf45aaad5326541298bf5f,912,2026-10-03T16:04:28.257951+07:00,911.0463653280003,81.617047189,EXPOSURE,911.1930323400002,1.0000334750002366,0.25177945799987356,0.00012510099986684509,DISABLED,on,user_reported,36.63877868652344,53.484840393066406,1006.7378125,117755.2890625,True,True,True,176,0,0,109,178,101,2026-10-03T16:04:28.258038+07:00,911.0464646420005,0.18581824000011693,OK,,True,2026-10-03T16:04:28.443869+07:00,911.2322911230003,0.032945859000392375,OK,,True,1447,0.180875,,2026-10-03T16:04:28.476814+07:00,911.2652402600006,0.032893710999815085,OK,,True,2650,0.33125,
4793290d6ecf45aaad5326541298bf5f,913,2026-10-03T16:04:29.257915+07:00,912.0463302860007,82.61701214700042,EXPOSURE,912.1929972980006,0.9999649580004188,0.2518027729993264,9.005900028569158e-05,DISABLED,on,user_reported,36.63175964355469,53.496517181396484,1006.77421875,119069.765625,True,True,True,176,0,0,109,178,101,2026-10-03T16:04:29.257999+07:00,912.0464249330007,0.18582535199948325,OK,,True,2026-10-03T16:04:29.443837+07:00,912.2322585440006,0.03297834099976171,OK,,True,1442,0.18025,,2026-10-03T16:04:29.476815+07:00,912.2652400699999,0.03288304500074446,OK,,True,2646,0.33075,
4793290d6ecf45aaad5326541298bf5f,914,2026-10-03T16:04:30.257945+07:00,913.0463594310004,83.61704129200007,EXPOSURE,913.1930264430002,1.000029144999644,0.2517738480000844,0.00011920399992959574,DISABLED,on,user_reported,36.634952545166016,53.490623474121094,1006.77265625,117999.5390625,True,True,True,176,0,0,109,178,101,2026-10-03T16:04:30.258029+07:00,913.0464558190006,0.18582175899973663,OK,,True,2026-10-03T16:04:30.443864+07:00,913.2322858560001,0.03295139600049879,OK,,True,1442,0.18025,,2026-10-03T16:04:30.476814+07:00,913.2652402150006,0.03288234199953877,OK,,True,2654,0.33175,
4793290d6ecf45aaad5326541298bf5f,915,2026-10-03T16:04:31.257950+07:00,914.0463640220005,84.61704588300017,EXPOSURE,914.1930310340003,1.0000045910001063,0.25195466199966177,0.00012379500003589783,DISABLED,on,user_reported,36.64133071899414,53.50426483154297,1006.741875,118738.40625,True,True,True,176,0,0,109,178,101,2026-10-03T16:04:31.258035+07:00,914.0464618360002,0.18582724099996994,OK,,True,2026-10-03T16:04:31.443875+07:00,914.2322969470006,0.03294019299937645,OK,,True,1444,0.1805,,2026-10-03T16:04:31.476814+07:00,914.265239677,0.03306974800034368,OK,,True,2659,0.33237500000000003,
4793290d6ecf45aaad5326541298bf5f,916,2026-10-03T16:04:32.257956+07:00,915.0463693000002,85.61705116099984,EXPOSURE,915.193036312,1.0000052779996622,0.2522269390001384,0.00012907299969810992,DISABLED,on,user_reported,36.63303756713867,53.496700286865234,1006.76953125,118408.8828125,True,True,True,176,0,0,109,178,101,2026-10-03T16:04:32.258044+07:00,915.0464699849999,0.1859150550008053,OK,,True,2026-10-03T16:04:32.443972+07:00,915.2323941880004,0.033237153999834845,OK,,True,1445,0.180625,,2026-10-03T16:04:32.477210+07:00,915.2656348050004,0.03295045199956803,OK,,True,2650,0.33125,
4793290d6ecf45aaad5326541298bf5f,917,2026-10-03T16:04:33.257981+07:00,916.0463914689999,86.61707332999958,EXPOSURE,916.1930584809998,1.0000221689997488,0.25179231300080573,0.00015124199944693828,DISABLED,on,user_reported,36.629844665527344,53.48353576660156,1006.750703125,118655.8515625,True,True,True,176,0,0,109,178,101,2026-10-03T16:04:33.258078+07:00,916.0465044870007,0.18587124199984828,OK,,True,2026-10-03T16:04:33.443961+07:00,916.2323837660006,0.03296946999944339,OK,,True,1447,0.180875,,2026-10-03T16:04:33.476931+07:00,916.2653561430006,0.03281928699925629,OK,,True,2648,0.331,
4793290d6ecf45aaad5326541298bf5f,918,2026-10-03T16:04:34.259555+07:00,917.0479687960005,87.61865065700022,EXPOSURE,917.1946358080004,1.001577327000632,0.25187060899952485,0.0017285690000790055,DISABLED,on,user_reported,36.63175964355469,53.496517181396484,1006.733203125,118491.09375,True,True,True,176,0,0,109,178,101,2026-10-03T16:04:34.259640+07:00,917.0480659620007,0.18584805699993012,OK,,True,2026-10-03T16:04:34.445500+07:00,917.2339220930007,0.033040358999642194,OK,,True,1453,0.181625,,2026-10-03T16:04:34.478540+07:00,917.2669657670003,0.032863249000001815,OK,,True,2653,0.331625,
4793290d6ecf45aaad5326541298bf5f,919,2026-10-03T16:04:35.257911+07:00,918.0463271660001,88.61700902699977,EXPOSURE,918.1929941779999,0.9983583699995506,0.2518181650002589,8.693899962963769e-05,DISABLED,on,user_reported,36.63175964355469,53.509212493896484,1006.726328125,118573.4140625,True,True,True,176,0,0,109,178,101,2026-10-03T16:04:35.257991+07:00,918.0464174240005,0.18590576099995815,OK,,True,2026-10-03T16:04:35.443909+07:00,918.2323310920001,0.032980249000502226,OK,,True,1438,0.17975,,2026-10-03T16:04:35.476889+07:00,918.2653148039999,0.03282217500054685,OK,,True,2649,0.331125,
4793290d6ecf45aaad5326541298bf5f,920,2026-10-03T16:04:36.262266+07:00,919.0506729030003,89.62135476399999,EXPOSURE,919.1973399150002,1.0043457370002216,0.25278732500009937,0.004432675999851199,DISABLED,on,user_reported,36.63112258911133,53.509117126464844,1006.732265625,117999.5390625,True,True,True,176,0,0,109,178,101,2026-10-03T16:04:36.262426+07:00,919.050850957,0.18677795800067543,OK,,True,2026-10-03T16:04:36.449215+07:00,919.2376370820002,0.0329907479999747,OK,,True,1442,0.18025,,2026-10-03T16:04:36.482207+07:00,919.270631589,0.032819269000356144,OK,,True,2649,0.331125,
4793290d6ecf45aaad5326541298bf5f,921,2026-10-03T16:04:37.258001+07:00,920.0464123870006,90.61709424800029,EXPOSURE,920.1930793990005,0.9957394840002962,0.252339032999771,0.0001721600001474144,DISABLED,on,user_reported,36.634315490722656,53.50959014892578,1006.74421875,118573.4140625,True,True,True,176,0,0,109,178,101,2026-10-03T16:04:37.258095+07:00,920.0465207570005,0.18629727699953946,OK,,True,2026-10-03T16:04:37.444405+07:00,920.2328270890002,0.03297226700033207,OK,,True,1447,0.180875,,2026-10-03T16:04:37.477377+07:00,920.2658028559999,0.0329382310001165,OK,,True,2651,0.33137500000000003,
4793290d6ecf45aaad5326541298bf5f,922,2026-10-03T16:04:38.257928+07:00,921.0463440110007,91.61702587200034,EXPOSURE,921.1930110230005,0.9999316240000553,0.2530059729997447,0.00010378400020272238,DISABLED,on,user_reported,36.63303756713867,53.503047943115234,1006.714765625,118655.8515625,True,True,True,176,0,0,109,178,101,2026-10-03T16:04:38.258011+07:00,921.0464376580003,0.1868113850005102,OK,,True,2026-10-03T16:04:38.444835+07:00,921.233257895,0.03325330200004828,OK,,True,1434,0.17925,,2026-10-03T16:04:38.478090+07:00,921.2665148270007,0.03282678599953215,OK,,True,2652,0.3315,
4793290d6ecf45aaad5326541298bf5f,923,2026-10-03T16:04:39.257948+07:00,922.0463614690007,92.61704333000034,EXPOSURE,922.1930284810005,1.000017458000002,0.25173062999965623,0.00012124200020480203,DISABLED,on,user_reported,36.63303756713867,53.52210235595703,1006.78328125,119069.765625,True,True,True,176,0,0,109,178,101,2026-10-03T16:04:39.258035+07:00,922.0464613020004,0.18582100299954618,OK,,True,2026-10-03T16:04:39.443869+07:00,922.2322908420001,0.032973748000586056,OK,,True,1438,0.17975,,2026-10-03T16:04:39.476842+07:00,922.2652673500006,0.03281576799963659,OK,,True,2657,0.332125,
4793290d6ecf45aaad5326541298bf5f,924,2026-10-03T16:04:40.257947+07:00,923.046360411,93.61704227199971,EXPOSURE,923.1930274229999,0.9999989419993653,0.2517325750004602,0.0001201839995701448,DISABLED,on,user_reported,36.636863708496094,53.49091339111328,1006.83046875,118326.7890625,True,True,True,176,0,0,109,178,101,2026-10-03T16:04:40.258032+07:00,923.0464587430006,0.18582085599973652,OK,,True,2026-10-03T16:04:40.443866+07:00,923.2322881170003,0.0329620270003943,OK,,True,1439,0.179875,,2026-10-03T16:04:40.476829+07:00,923.2652536810001,0.032830046000526636,OK,,True,2649,0.331125,
4793290d6ecf45aaad5326541298bf5f,925,2026-10-03T16:04:41.257924+07:00,924.0463403170006,94.6170221780003,EXPOSURE,924.1930073290005,0.9999799060005898,0.2632352169994192,0.00010009000015998026,DISABLED,on,user_reported,36.628570556640625,53.51509475708008,1006.82390625,118655.8515625,True,True,True,176,0,0,109,178,101,2026-10-03T16:04:41.258005+07:00,924.0464309280005,0.1897137539999676,OK,,True,2026-10-03T16:04:41.447739+07:00,924.2361589780003,0.0368046849998791,OK,,True,1444,0.1805,,2026-10-03T16:04:41.484548+07:00,924.2729711259999,0.036586353000529925,OK,,True,2658,0.33225,
4793290d6ecf45aaad5326541298bf5f,926,2026-10-03T16:04:42.257980+07:00,925.046385355,95.61706721599967,EXPOSURE,925.1930523669998,1.0000450379993708,0.2596857420003289,0.00014512799953081412,DISABLED,on,user_reported,36.63303756713867,53.515750885009766,1006.796953125,118821.0703125,True,True,True,176,0,0,109,178,101,2026-10-03T16:04:42.258140+07:00,925.0465628910006,0.1896072359995742,OK,,True,2026-10-03T16:04:42.447764+07:00,925.2361841270003,0.03407301900006132,OK,,True,1455,0.181875,,2026-10-03T16:04:42.481845+07:00,925.2702658500002,0.03575721099969087,OK,,True,2657,0.332125,
4793290d6ecf45aaad5326541298bf5f,927,2026-10-03T16:04:43.257959+07:00,926.0463685620007,96.61705042300036,EXPOSURE,926.1930355740005,0.999983207000696,0.2587665080000079,0.000128335000226798,DISABLED,on,user_reported,36.635589599609375,53.52248001098633,1006.83515625,117999.5390625,True,True,True,176,0,0,109,178,101,2026-10-03T16:04:43.258105+07:00,926.0465298570007,0.18831939399933617,OK,,True,2026-10-03T16:04:43.446438+07:00,926.234859788,0.033841297999970266,OK,,True,1445,0.180625,,2026-10-03T16:04:43.480284+07:00,926.2687069200001,0.03641170599985344,OK,,True,2654,0.33175,
4793290d6ecf45aaad5326541298bf5f,928,2026-10-03T16:04:44.257965+07:00,927.0463742700003,97.61705613100003,EXPOSURE,927.1930412820002,1.0000057079996623,0.2605258670000694,0.00013404299988906132,DISABLED,on,user_reported,36.636226654052734,53.53527069091797,1006.788359375,117836.59375,True,True,True,176,0,0,109,178,101,2026-10-03T16:04:44.258112+07:00,927.046536973,0.1907609700001558,OK,,True,2026-10-03T16:04:44.448892+07:00,927.2373116460003,0.03426083300018945,OK,,True,1447,0.180875,,2026-10-03T16:04:44.483160+07:00,927.2715804970003,0.03530469599991193,OK,,True,2655,0.33187500000000003,
4793290d6ecf45aaad5326541298bf5f,929,2026-10-03T16:04:45.257954+07:00,928.0463657950004,98.61704765600007,EXPOSURE,928.1930328070002,0.9999915250000413,0.26122314100030053,0.00012556799993035384,DISABLED,on,user_reported,36.640052795410156,53.54218673706055,1006.7534375,117755.2890625,True,True,True,176,0,0,109,178,101,2026-10-03T16:04:45.258076+07:00,928.0465015899999,0.1892486300002929,OK,,True,2026-10-03T16:04:45.447345+07:00,928.2357652380006,0.03707807199953095,OK,,True,1445,0.180625,,2026-10-03T16:04:45.484434+07:00,928.2728533469999,0.03471427400018001,OK,,True,2655,0.33187500000000003,
4793290d6ecf45aaad5326541298bf5f,930,2026-10-03T16:04:46.258018+07:00,929.0464298770003,99.61711173799995,EXPOSURE,929.1930968890001,1.0000640819998807,0.2520711500001198,0.00018964999981108122,DISABLED,on,user_reported,36.63877868652344,53.535640716552734,1006.78578125,118408.8828125,True,True,True,176,0,0,109,178,101,2026-10-03T16:04:46.258114+07:00,929.046539858,0.18585061600060726,OK,,True,2026-10-03T16:04:46.443976+07:00,929.2323986040001,0.033219932000065455,OK,,True,1446,0.18075,,2026-10-03T16:04:46.477201+07:00,929.2656235180002,0.03286699100044643,OK,,True,2656,0.332,
4793290d6ecf45aaad5326541298bf5f,931,2026-10-03T16:04:47.257909+07:00,930.0463271100007,100.61700897100036,EXPOSURE,930.1929941220005,0.9998972330004108,0.2524912029994084,8.688300022186013e-05,DISABLED,on,user_reported,36.64452362060547,53.53648376464844,1006.767578125,117836.59375,True,True,True,176,0,0,109,178,101,2026-10-03T16:04:47.257984+07:00,930.0464100170002,0.18592230200010817,OK,,True,2026-10-03T16:04:47.443920+07:00,930.2323414480006,0.03326643199943646,OK,,True,1449,0.181125,,2026-10-03T16:04:47.477189+07:00,930.2656123800007,0.03319580399966071,OK,,True,2654,0.33175,
4793290d6ecf45aaad5326541298bf5f,932,2026-10-03T16:04:48.257908+07:00,931.0463255670002,101.61700742799985,EXPOSURE,931.192992579,0.9999984569994922,0.2520564470005411,8.533999971405137e-05,DISABLED,on,user_reported,36.643245697021484,53.536293029785156,1006.765625,118326.7890625,True,True,True,176,0,0,109,178,101,2026-10-03T16:04:48.257980+07:00,931.0464062330002,0.18585063600039575,OK,,True,2026-10-03T16:04:48.443845+07:00,931.2322671280008,0.03301024899974436,OK,,True,1440,0.18,,2026-10-03T16:04:48.476857+07:00,931.2652816540003,0.033089675000155694,OK,,True,2650,0.33125,
4793290d6ecf45aaad5326541298bf5f,933,2026-10-03T16:04:49.257911+07:00,932.0463281729999,102.61701003399958,EXPOSURE,932.1929951849997,1.0000026059997253,0.2522286500006885,8.794599943939829e-05,DISABLED,on,user_reported,36.643882751464844,53.54273986816406,1006.746171875,118326.7890625,True,True,True,176,0,0,109,178,101,2026-10-03T16:04:49.257983+07:00,932.0464097280001,0.1859078210000007,OK,,True,2026-10-03T16:04:49.443906+07:00,932.232328086,0.03333413600012136,OK,,True,1438,0.17975,,2026-10-03T16:04:49.477245+07:00,932.2656682590004,0.03287819399974978,OK,,True,2653,0.331625,
4793290d6ecf45aaad5326541298bf5f,934,2026-10-03T16:04:50.257910+07:00,933.04632717,103.61700903099972,EXPOSURE,933.1929941819999,0.9999989970001479,0.2520086900003662,8.694299958733609e-05,DISABLED,on,user_reported,36.64133071899414,53.55507278442383,1006.741875,118244.8046875,True,True,True,176,0,0,109,178,101,2026-10-03T16:04:50.257981+07:00,933.0464073550002,0.185821933000625,OK,,True,2026-10-03T16:04:50.443815+07:00,933.232237362,0.03321671100002277,OK,,True,1443,0.180375,,2026-10-03T16:04:50.477037+07:00,933.265459702,0.03286760199989658,OK,,True,2644,0.3305,
4793290d6ecf45aaad5326541298bf5f,935,2026-10-03T16:04:51.258051+07:00,934.0464500759999,104.61713193699961,EXPOSURE,934.1931170879998,1.0001229059998877,0.25469313400026294,0.00020984899947507074,DISABLED,on,user_reported,36.64579772949219,53.549373626708984,1006.783359375,118326.7890625,True,True,True,176,0,0,109,178,101,2026-10-03T16:04:51.258261+07:00,934.0466854260003,0.18749718100025348,OK,,True,2026-10-03T16:04:51.445778+07:00,934.2341993110003,0.03384190999986458,OK,,True,1434,0.17925,,2026-10-03T16:04:51.479624+07:00,934.2680468320004,0.03308530399954179,OK,,True,2654,0.33175,
4793290d6ecf45aaad5326541298bf5f,936,2026-10-03T16:04:52.257976+07:00,935.0463867260005,105.61706858700018,EXPOSURE,935.1930537380003,0.9999366500005635,0.25231790999987425,0.0001464990000386024,DISABLED,on,user_reported,36.64898681640625,53.54349899291992,1006.761171875,118244.8046875,True,True,True,176,0,0,109,178,101,2026-10-03T16:04:52.258068+07:00,935.0464945580006,0.1859447659999205,OK,,True,2026-10-03T16:04:52.444037+07:00,935.232455417,0.03312421100054053,OK,,True,1437,0.179625,,2026-10-03T16:04:52.477163+07:00,935.2655854610002,0.03310760099975596,OK,,True,2650,0.33125,
4793290d6ecf45aaad5326541298bf5f,937,2026-10-03T16:04:53.257914+07:00,936.04632984,106.61701170099968,EXPOSURE,936.1929968519999,0.9999431139995067,0.2535560690002967,8.961299954535207e-05,DISABLED,on,user_reported,36.64962387084961,53.52452087402344,1006.796484375,118244.8046875,True,True,True,176,0,0,109,178,101,2026-10-03T16:04:53.257990+07:00,936.0464168950002,0.18584432199986622,OK,,True,2026-10-03T16:04:53.443849+07:00,936.2322707359999,0.03452829400066548,OK,,True,1442,0.18025,,2026-10-03T16:04:53.478381+07:00,936.266803863,0.033069434000026376,OK,,True,2653,0.331625,
4793290d6ecf45aaad5326541298bf5f,938,2026-10-03T16:04:54.257919+07:00,937.0463351590006,107.61701702000028,EXPOSURE,937.1930021710004,1.0000053190005929,0.25384962299995095,9.493200013821479e-05,DISABLED,on,user_reported,36.654090881347656,53.53788375854492,1006.70796875,118491.09375,True,True,True,176,0,0,109,178,101,2026-10-03T16:04:54.257994+07:00,937.0464198620002,0.18690624200007733,OK,,True,2026-10-03T16:04:54.444914+07:00,937.2333356220006,0.033670744999653834,OK,,True,1434,0.17925,,2026-10-03T16:04:54.478590+07:00,937.2670124780007,0.03316147099940281,OK,,True,2653,0.331625,
4793290d6ecf45aaad5326541298bf5f,939,2026-10-03T16:04:55.257915+07:00,938.046330055,108.61701191599968,EXPOSURE,938.1929970669999,0.9999948959994072,0.2538209190006455,8.982799954537768e-05,DISABLED,on,user_reported,36.643882751464844,53.5363883972168,1006.75296875,118408.8828125,True,True,True,176,0,0,109,178,101,2026-10-03T16:04:55.257995+07:00,938.0464214430003,0.18584611900041637,OK,,True,2026-10-03T16:04:55.443855+07:00,938.2322769140001,0.033416154000406095,OK,,True,1442,0.18025,,2026-10-03T16:04:55.477280+07:00,938.2657015680006,0.034438016999956744,OK,,True,2645,0.330625,
4793290d6ecf45aaad5326541298bf5f,940,2026-10-03T16:04:56.257975+07:00,939.0463857479999,109.6170676089996,EXPOSURE,939.1930527599998,1.000055692999922,0.26023883700054284,0.00014552099946740782,DISABLED,on,user_reported,36.647071838378906,53.53685760498047,1006.75125,118081.1796875,True,True,True,176,0,0,109,178,101,2026-10-03T16:04:56.258067+07:00,939.0464931360002,0.1877898840002672,OK,,True,2026-10-03T16:04:56.445877+07:00,939.2342969830006,0.035997801999656076,OK,,True,1431,0.178875,,2026-10-03T16:04:56.481882+07:00,939.2703030810007,0.036299967999184446,OK,,True,2645,0.330625,
4793290d6ecf45aaad5326541298bf5f,941,2026-10-03T16:04:57.257922+07:00,940.0463378320001,110.61701969299975,EXPOSURE,940.1930048439999,0.9999520840001423,0.2516995100004351,9.760499960975721e-05,DISABLED,on,user_reported,36.64579772949219,53.517616271972656,1006.687578125,118738.40625,True,True,True,176,0,0,109,178,101,2026-10-03T16:04:57.258005+07:00,940.0464314430001,0.1859275639999396,OK,,True,2026-10-03T16:04:57.443946+07:00,940.2323685070005,0.03274138100005075,OK,,True,1460,0.1825,,2026-10-03T16:04:57.476692+07:00,940.2651147770002,0.03291093500047282,OK,,True,2653,0.331625,
4793290d6ecf45aaad5326541298bf5f,942,2026-10-03T16:04:58.257917+07:00,941.0463326400004,111.61701450100009,EXPOSURE,941.1929996520003,0.9999948080003378,0.25421982599982584,9.241299994755536e-05,DISABLED,on,user_reported,36.643245697021484,53.52994155883789,1006.738203125,117999.5390625,True,True,True,176,0,0,109,178,101,2026-10-03T16:04:58.257998+07:00,941.0464242880007,0.18585108299976127,OK,,True,2026-10-03T16:04:58.443862+07:00,941.2322848530002,0.03503314200042951,OK,,True,1434,0.17925,,2026-10-03T16:04:58.478903+07:00,941.2673247360008,0.03321458199934568,OK,,True,2636,0.3295,
4793290d6ecf45aaad5326541298bf5f,943,2026-10-03T16:04:59.257917+07:00,942.0463337090005,112.61701557000015,EXPOSURE,942.1930007210003,1.0000010690000636,0.2551432089994705,9.348200001113582e-05,DISABLED,on,user_reported,36.642608642578125,53.523502349853516,1006.839765625,118491.09375,True,True,True,176,0,0,109,178,101,2026-10-03T16:04:59.257991+07:00,942.0464170790001,0.1865042090003044,OK,,True,2026-10-03T16:04:59.444504+07:00,942.2329273250007,0.03337315499993565,OK,,True,1445,0.180625,,2026-10-03T16:04:59.477886+07:00,942.2663076830004,0.03515227200023219,OK,,True,2631,0.32887500000000003,
4793290d6ecf45aaad5326541298bf5f,944,2026-10-03T16:05:00.257912+07:00,943.0463280580007,113.61700991900034,EXPOSURE,943.1929950700005,0.9999943490001897,0.2556112980000762,8.783100020082202e-05,DISABLED,on,user_reported,36.647071838378906,53.52415466308594,1006.8265625,118162.9375,True,True,True,176,0,0,109,178,101,2026-10-03T16:05:00.257988+07:00,943.0464146500008,0.18580293699960748,OK,,True,2026-10-03T16:05:00.443803+07:00,943.2322259380007,0.03665398399971309,OK,,True,1440,0.18,,2026-10-03T16:05:00.480464+07:00,943.2688858850006,0.03304289700008667,OK,,True,2655,0.33187500000000003,
4793290d6ecf45aaad5326541298bf5f,945,2026-10-03T16:05:01.257916+07:00,944.0463318350003,114.61701369599996,EXPOSURE,944.1929988470001,1.0000037769996197,0.2533446659999754,9.160799982055323e-05,DISABLED,on,user_reported,36.64643478393555,53.52406692504883,1006.784375,118162.9375,True,True,True,176,0,0,109,178,101,2026-10-03T16:05:01.257998+07:00,944.0464242040007,0.185830974000055,OK,,True,2026-10-03T16:05:01.443842+07:00,944.2322640299999,0.033282748000601714,OK,,True,1431,0.178875,,2026-10-03T16:05:01.477133+07:00,944.265554611,0.03411020500061568,OK,,True,2654,0.33175,
4793290d6ecf45aaad5326541298bf5f,946,2026-10-03T16:05:02.257966+07:00,945.0463712240007,115.6170530850004,EXPOSURE,945.1930382360006,1.0000393890004489,0.2599378799995975,0.00013099700026941719,DISABLED,on,user_reported,36.65154266357422,53.512115478515625,1006.82015625,117999.5390625,True,True,True,176,0,0,109,178,101,2026-10-03T16:05:02.258122+07:00,945.0465468709999,0.1900116300002992,OK,,True,2026-10-03T16:05:02.448150+07:00,945.236569834,0.033464709000327275,OK,,True,1432,0.179,,2026-10-03T16:05:02.481673+07:00,945.2700921360001,0.03620052299993404,OK,,True,2623,0.327875,
4793290d6ecf45aaad5326541298bf5f,947,2026-10-03T16:05:03.257920+07:00,946.0463351340004,116.61701699500009,EXPOSURE,946.1930021460003,0.9999639099996784,0.2551934869998149,9.490699994785246e-05,DISABLED,on,user_reported,36.65473175048828,53.51892852783203,1006.79796875,118244.8046875,True,True,True,176,0,0,109,178,101,2026-10-03T16:05:03.258000+07:00,946.0464256330006,0.18582601099933527,OK,,True,2026-10-03T16:05:03.443839+07:00,946.2322612370008,0.035275529999125865,OK,,True,1442,0.18025,,2026-10-03T16:05:03.479122+07:00,946.2675427860004,0.03397363200019754,OK,,True,2646,0.33075,
4793290d6ecf45aaad5326541298bf5f,948,2026-10-03T16:05:04.257920+07:00,947.0463351940007,117.61701705500036,EXPOSURE,947.1930022060005,1.000000060000275,0.26279295299991645,9.496700022282312e-05,DISABLED,on,user_reported,36.6534538269043,53.518741607666016,1006.829921875,118408.8828125,True,True,True,176,0,0,109,178,101,2026-10-03T16:05:04.258001+07:00,947.0464273970001,0.18600925100054155,OK,,True,2026-10-03T16:05:04.444029+07:00,947.2324493140004,0.03538167799979419,OK,,True,1434,0.17925,,2026-10-03T16:05:04.479422+07:00,947.2678419550002,0.041270210000220686,OK,,True,2623,0.327875,
4793290d6ecf45aaad5326541298bf5f,949,2026-10-03T16:05:05.257914+07:00,948.0463302920007,118.61701215300036,EXPOSURE,948.1929973040005,0.9999950979999994,0.25380353499986086,9.006500022223918e-05,DISABLED,on,user_reported,36.64898681640625,53.511741638183594,1006.740625,118244.8046875,True,True,True,176,0,0,109,178,101,2026-10-03T16:05:05.257995+07:00,948.046421477,0.18580573400049616,OK,,True,2026-10-03T16:05:05.443813+07:00,948.2322348770003,0.033102471999882255,OK,,True,1433,0.179125,,2026-10-03T16:05:05.476915+07:00,948.2653406640002,0.03478008900037821,OK,,True,2644,0.3305,
4793290d6ecf45aaad5326541298bf5f,950,2026-10-03T16:05:06.257928+07:00,949.0463428000003,119.61702466099996,EXPOSURE,949.1930098120001,1.0000125079995996,0.2553103950003788,0.00010257299982185941,DISABLED,on,user_reported,36.64834976196289,53.51798629760742,1006.780625,118408.8828125,True,True,True,176,0,0,109,178,101,2026-10-03T16:05:06.258005+07:00,949.0464316690004,0.18581877199994778,OK,,True,2026-10-03T16:05:06.443837+07:00,949.2322591259999,0.033017972000379814,OK,,True,1439,0.179875,,2026-10-03T16:05:06.476857+07:00,949.2652811170001,0.03635304100043868,OK,,True,2633,0.329125,
4793290d6ecf45aaad5326541298bf5f,951,2026-10-03T16:05:07.257927+07:00,950.0463407350007,0.6170225960004245,WAIT_RECOVERY,950.1930077470006,0.9999979350004651,0.2726873479996357,0.0001005080002869363,DISABLED,on,user_reported,36.65217971801758,53.48679733276367,1006.752734375,117836.59375,True,True,True,176,0,0,109,178,101,2026-10-03T16:05:07.258009+07:00,950.0464350120001,0.18976207800005795,OK,,True,2026-10-03T16:05:07.447792+07:00,950.2362116820004,0.036862815999484155,OK,,True,1445,0.180625,,2026-10-03T16:05:07.484660+07:00,950.2730819240005,0.04592043699994974,OK,,True,2654,0.33175,
4793290d6ecf45aaad5326541298bf5f,952,2026-10-03T16:05:08.257933+07:00,951.0463484680004,1.6170303290000447,WAIT_RECOVERY,951.1930154800002,1.0000077329996202,0.2517670699999144,0.00010824099990713876,DISABLED,on,user_reported,36.64771270751953,53.49250030517578,1006.74546875,118162.9375,True,True,True,176,0,0,109,178,101,2026-10-03T16:05:08.258015+07:00,951.0464417820003,0.18580673599990405,OK,,True,2026-10-03T16:05:08.443832+07:00,951.2322554620005,0.03299932499976421,OK,,True,1439,0.179875,,2026-10-03T16:05:08.476834+07:00,951.2652590460002,0.03284767700006341,OK,,True,2652,0.3315,
4793290d6ecf45aaad5326541298bf5f,953,2026-10-03T16:05:09.257915+07:00,952.0463310370005,2.617012898000212,WAIT_RECOVERY,952.1929980490004,0.9999825690001671,0.25170462599999155,9.081000007427065e-05,DISABLED,on,user_reported,36.643245697021484,53.504539489746094,1006.74515625,118162.9375,True,True,True,176,0,0,109,178,101,2026-10-03T16:05:09.257986+07:00,952.0464119990002,0.18581231000007392,OK,,True,2026-10-03T16:05:09.443808+07:00,952.2322313280001,0.03296899100041628,OK,,True,1441,0.180125,,2026-10-03T16:05:09.476778+07:00,952.2652038189999,0.03282327000033547,OK,,True,2652,0.3315,
4793290d6ecf45aaad5326541298bf5f,954,2026-10-03T16:05:10.257911+07:00,953.0463279040005,3.617009765000148,WAIT_RECOVERY,953.1929949160003,0.9999968669999362,0.2517388480000591,8.767700001044432e-05,DISABLED,on,user_reported,36.647071838378906,53.486053466796875,1006.74453125,117918.0078125,True,True,True,176,0,0,109,178,101,2026-10-03T16:05:10.257986+07:00,953.0464121250006,0.1858216619993982,OK,,True,2026-10-03T16:05:10.443820+07:00,953.2322419540005,0.03298482399986824,OK,,True,1453,0.181625,,2026-10-03T16:05:10.476804+07:00,953.2652298520006,0.03282799299995531,OK,,True,2650,0.33125,
4793290d6ecf45aaad5326541298bf5f,955,2026-10-03T16:05:11.257914+07:00,954.0463305680005,4.6170124290001695,WAIT_RECOVERY,954.1929975800003,1.0000026640000215,0.2535248550002507,9.03410000319127e-05,DISABLED,on,user_reported,36.642608642578125,53.47904968261719,1006.737109375,118326.7890625,True,True,True,176,0,0,109,178,101,2026-10-03T16:05:11.257987+07:00,954.046413864,0.18698904300072172,OK,,True,2026-10-03T16:05:11.444994+07:00,954.2334159250004,0.03356882099978975,OK,,True,1437,0.179625,,2026-10-03T16:05:11.478567+07:00,954.266990227,0.032854992000466154,OK,,True,2650,0.33125,
4793290d6ecf45aaad5326541298bf5f,956,2026-10-03T16:05:12.257916+07:00,955.046330401,0.24594859299941163,RECOVERY,955.1929974129998,0.9999998329994924,0.25192903300012404,9.017399952426786e-05,DISABLED,on,user_reported,36.64133071899414,53.48521041870117,1006.71453125,117918.0078125,True,True,True,176,0,0,109,178,101,2026-10-03T16:05:12.257999+07:00,955.0464250490004,0.18582097699982114,OK,,True,2026-10-03T16:05:12.443831+07:00,955.2322535630001,0.03308225000000675,OK,,True,1435,0.179375,,2026-10-03T16:05:12.476917+07:00,955.2653409049999,0.03290804800053593,OK,,True,2649,0.331125,
4793290d6ecf45aaad5326541298bf5f,957,2026-10-03T16:05:13.257918+07:00,956.0463330510001,1.2459512429995812,RECOVERY,956.193000063,1.0000026500001695,0.25177253499987273,9.282399969379185e-05,DISABLED,on,user_reported,36.643245697021484,53.49818801879883,1006.738203125,118244.8046875,True,True,True,176,0,0,109,178,101,2026-10-03T16:05:13.258000+07:00,956.0464260870003,0.185817718999715,OK,,True,2026-10-03T16:05:13.443829+07:00,956.2322514350008,0.032994139999573235,OK,,True,1435,0.179375,,2026-10-03T16:05:13.476823+07:00,956.2652489640004,0.032848584999555897,OK,,True,2648,0.331,
4793290d6ecf45aaad5326541298bf5f,958,2026-10-03T16:05:14.257914+07:00,957.0463302390008,2.2459484310002154,RECOVERY,957.1929972510006,0.9999971880006342,0.25174518399944645,9.001200032798806e-05,DISABLED,on,user_reported,36.64069366455078,53.4914665222168,1006.69984375,118408.8828125,True,True,True,176,0,0,109,178,101,2026-10-03T16:05:14.257995+07:00,957.0464214420008,0.18581292299950292,OK,,True,2026-10-03T16:05:14.443819+07:00,957.2322420500004,0.032986657999572344,OK,,True,1446,0.18075,,2026-10-03T16:05:14.476806+07:00,957.2652317270004,0.032834343999638804,OK,,True,2651,0.33137500000000003,
4793290d6ecf45aaad5326541298bf5f,959,2026-10-03T16:05:15.257914+07:00,958.046329541,3.2459477329994115,RECOVERY,958.1929965529998,0.9999993019991962,0.25170407299992803,8.931399952416541e-05,DISABLED,on,user_reported,36.628570556640625,53.47064208984375,1006.76234375,117918.0078125,True,True,True,176,0,0,109,178,101,2026-10-03T16:05:15.257988+07:00,958.0464142990004,0.18580810799994651,OK,,True,2026-10-03T16:05:15.443807+07:00,958.2322306290007,0.032977881000078924,OK,,True,1445,0.180625,,2026-10-03T16:05:15.476786+07:00,958.2652118800006,0.03281308599980548,OK,,True,2649,0.331125,
4793290d6ecf45aaad5326541298bf5f,960,2026-10-03T16:05:16.257915+07:00,959.0463318620004,4.245950053999877,RECOVERY,959.1929988740003,1.0000023210004656,0.25453501700030756,9.163499998976476e-05,DISABLED,on,user_reported,36.629844665527344,53.49623489379883,1006.894375,118244.8046875,True,True,True,176,0,0,109,178,101,2026-10-03T16:05:16.257989+07:00,959.0464147880002,0.1860824949999369,OK,,True,2026-10-03T16:05:16.444089+07:00,959.2325092460005,0.03532749299938587,OK,,True,1433,0.179125,,2026-10-03T16:05:16.479420+07:00,959.2678427950004,0.03301317699970241,OK,,True,2645,0.330625,
4793290d6ecf45aaad5326541298bf5f,961,2026-10-03T16:05:17.257911+07:00,960.0463255000004,5.245943691999855,RECOVERY,960.1929925120003,0.9999936379999781,0.2518796289996317,8.527299996785587e-05,DISABLED,on,user_reported,36.624107360839844,53.48269271850586,1006.80984375,118491.09375,True,True,True,176,0,0,109,178,101,2026-10-03T16:05:17.257997+07:00,960.0464232029999,0.1858126090000951,OK,,True,2026-10-03T16:05:17.443821+07:00,960.232244238,0.03308006499992189,OK,,True,1451,0.181375,,2026-10-03T16:05:17.476906+07:00,960.2653294330003,0.03286658500019257,OK,,True,2647,0.33087500000000003,
4793290d6ecf45aaad5326541298bf5f,962,2026-10-03T16:05:18.257948+07:00,961.0463580470005,6.245976238999901,RECOVERY,961.1930250590003,1.0000325470000462,0.2572747399999571,0.00011782000001403503,DISABLED,on,user_reported,36.629844665527344,53.48988723754883,1006.8328125,118408.8828125,True,True,True,176,0,0,109,178,101,2026-10-03T16:05:18.258076+07:00,961.0465019540006,0.1895674159995906,OK,,True,2026-10-03T16:05:18.447661+07:00,961.2360818510006,0.03385204099959083,OK,,True,1441,0.180125,,2026-10-03T16:05:18.481516+07:00,961.2699399290004,0.0336776349995489,OK,,True,2652,0.3315,
4793290d6ecf45aaad5326541298bf5f,963,2026-10-03T16:05:19.257965+07:00,962.0463735040003,7.245991695999692,RECOVERY,962.1930405160001,1.0000154569997903,0.262673850000283,0.00013327699980436591,DISABLED,on,user_reported,36.628570556640625,53.49604415893555,1006.81703125,118408.8828125,True,True,True,176,0,0,109,178,101,2026-10-03T16:05:19.258115+07:00,962.0465397990001,0.19176960500044515,OK,,True,2026-10-03T16:05:19.449905+07:00,962.2383244780003,0.03543180799988477,OK,,True,1439,0.179875,,2026-10-03T16:05:19.485342+07:00,962.2737648410002,0.0352629019998858,OK,,True,2660,0.3325,
4793290d6ecf45aaad5326541298bf5f,964,2026-10-03T16:05:20.257927+07:00,963.0463420180004,8.245960209999794,RECOVERY,963.1930090300002,0.999968514000102,0.25179516699972737,0.00010179099990637042,DISABLED,on,user_reported,36.63367462158203,53.509490966796875,1006.818515625,118244.8046875,True,True,True,176,0,0,109,178,101,2026-10-03T16:05:20.258008+07:00,963.0464340730005,0.18581199799973547,OK,,True,2026-10-03T16:05:20.443829+07:00,963.2322533120005,0.032994991000123264,OK,,True,1444,0.1805,,2026-10-03T16:05:20.476827+07:00,963.2652521740001,0.032875511000383995,OK,,True,2651,0.33137500000000003,
4793290d6ecf45aaad5326541298bf5f,965,2026-10-03T16:05:21.257908+07:00,964.0463249960003,9.245943187999728,RECOVERY,964.1929920080001,0.9999829779999345,0.25302584400014894,8.476899984088959e-05,DISABLED,on,user_reported,36.636863708496094,53.50361251831055,1006.789296875,118491.09375,True,True,True,176,0,0,109,178,101,2026-10-03T16:05:21.257979+07:00,964.0464058100006,0.18600108999999065,OK,,True,2026-10-03T16:05:21.444000+07:00,964.23242166,0.03387343000031251,OK,,True,1433,0.179125,,2026-10-03T16:05:21.477896+07:00,964.2663111270003,0.03302699100004247,OK,,True,2636,0.3295,
4793290d6ecf45aaad5326541298bf5f,966,2026-10-03T16:05:22.257941+07:00,965.0463552350002,10.245973426999626,RECOVERY,965.193022247,1.0000302389998978,0.25187314899994817,0.00011500799973873654,DISABLED,on,user_reported,36.642608642578125,53.49809646606445,1006.737109375,118326.7890625,True,True,True,176,0,0,109,178,101,2026-10-03T16:05:22.258026+07:00,965.0464518640001,0.18581014800020057,OK,,True,2026-10-03T16:05:22.443846+07:00,965.2322693630003,0.03308347300026071,OK,,True,1436,0.1795,,2026-10-03T16:05:22.476935+07:00,965.2653583360006,0.03286082599970541,OK,,True,2654,0.33175,
4793290d6ecf45aaad5326541298bf5f,967,2026-10-03T16:05:23.257949+07:00,966.0463633280006,11.245981519999987,RECOVERY,966.1930303400004,1.0000080930003605,0.25214072200014925,0.00012310100009926828,DISABLED,on,user_reported,36.643245697021484,53.517242431640625,1006.80671875,118408.8828125,True,True,True,176,0,0,109,178,101,2026-10-03T16:05:23.258035+07:00,966.046461291,0.1860092380002243,OK,,True,2026-10-03T16:05:23.444068+07:00,966.2324882330004,0.03299445500033471,OK,,True,1434,0.17925,,2026-10-03T16:05:23.477066+07:00,966.2654882800007,0.03300425099951099,OK,,True,2648,0.331,
4793290d6ecf45aaad5326541298bf5f,968,2026-10-03T16:05:24.257906+07:00,967.0463238860002,12.245942077999644,RECOVERY,967.1929908980001,0.9999605579996569,0.2516431889998785,8.365899975615321e-05,DISABLED,on,user_reported,36.64834976196289,53.50528335571289,1006.77390625,118081.1796875,True,True,True,176,0,0,109,178,101,2026-10-03T16:05:24.257973+07:00,967.0463991630004,0.18579598199994507,OK,,True,2026-10-03T16:05:24.443779+07:00,967.232202182,0.032949066000583116,OK,,True,1436,0.1795,,2026-10-03T16:05:24.476728+07:00,967.265154322,0.03280464199997368,OK,,True,2650,0.33125,
4793290d6ecf45aaad5326541298bf5f,969,2026-10-03T16:05:25.257969+07:00,968.0463764450005,13.245994636999967,RECOVERY,968.1930434570004,1.0000525590003235,0.2625108909996925,0.00013621800007967977,DISABLED,on,user_reported,36.636226654052734,53.51622009277344,1006.802109375,118244.8046875,True,True,True,176,0,0,109,178,101,2026-10-03T16:05:25.258108+07:00,968.0465324070001,0.19173594000039884,OK,,True,2026-10-03T16:05:25.449864+07:00,968.2382836060006,0.03540229000009276,OK,,True,1438,0.17975,,2026-10-03T16:05:25.485271+07:00,968.2736938960006,0.035174681000171404,OK,,True,2663,0.33287500000000003,
4793290d6ecf45aaad5326541298bf5f,970,2026-10-03T16:05:26.258184+07:00,969.0465902640008,14.246208456000204,RECOVERY,969.1932572760006,1.000213819000237,0.26253459499912424,0.00035003700031666085,DISABLED,on,user_reported,36.64133071899414,53.516963958740234,1006.77609375,118081.1796875,True,True,True,176,0,0,109,178,101,2026-10-03T16:05:26.258327+07:00,969.0467519670001,0.19120114799989096,OK,,True,2026-10-03T16:05:26.449552+07:00,969.2379705769999,0.03492066400031035,OK,,True,1440,0.18,,2026-10-03T16:05:26.484483+07:00,969.2729014450006,0.03619961799995508,OK,,True,2645,0.330625,
4793290d6ecf45aaad5326541298bf5f,971,2026-10-03T16:05:27.257930+07:00,970.046344847,15.245963038999435,RECOVERY,970.1930118589999,0.9997545829992305,0.2519496140002957,0.00010461999954713974,DISABLED,on,user_reported,36.64133071899414,53.51061248779297,1006.783046875,118573.4140625,True,True,True,176,0,0,109,178,101,2026-10-03T16:05:27.258008+07:00,970.0464345500004,0.18581216700022196,OK,,True,2026-10-03T16:05:27.443832+07:00,970.2322542360007,0.03316254599940294,OK,,True,1439,0.179875,,2026-10-03T16:05:27.476998+07:00,970.2654211900008,0.03286347399989609,OK,,True,2648,0.331,
4793290d6ecf45aaad5326541298bf5f,972,2026-10-03T16:05:28.257910+07:00,971.0463253190001,16.245943510999496,RECOVERY,971.1929923309999,0.9999804720000611,0.2517300970002907,8.509199960826663e-05,DISABLED,on,user_reported,36.6394157409668,53.52302551269531,1006.800390625,118162.9375,True,True,True,176,0,0,109,178,101,2026-10-03T16:05:28.257994+07:00,971.0464203370002,0.18580292699971324,OK,,True,2026-10-03T16:05:28.443809+07:00,971.2322310230002,0.03297425199980353,OK,,True,1433,0.179125,,2026-10-03T16:05:28.476783+07:00,971.2652082750001,0.032825567000145384,OK,,True,2648,0.331,
4793290d6ecf45aaad5326541298bf5f,973,2026-10-03T16:05:29.257914+07:00,972.0463303480001,17.245948539999517,RECOVERY,972.1929973599999,1.0000050290000218,0.2516565610003454,9.012099963001674e-05,DISABLED,on,user_reported,36.643245697021484,53.48548889160156,1006.792890625,118081.1796875,True,True,True,176,0,0,109,178,101,2026-10-03T16:05:29.257985+07:00,972.0464111629999,0.18579590800072765,OK,,True,2026-10-03T16:05:29.443791+07:00,972.2322144050004,0.032946047999757866,OK,,True,1450,0.18125,,2026-10-03T16:05:29.476738+07:00,972.2651635270004,0.03281501200035564,OK,,True,2649,0.331125,
4793290d6ecf45aaad5326541298bf5f,974,2026-10-03T16:05:30.257920+07:00,973.0463371010001,18.245955292999497,RECOVERY,973.1930041129999,1.0000067529999797,0.25182819000019663,9.687399960967014e-05,DISABLED,on,user_reported,36.640052795410156,53.510433197021484,1006.80828125,117999.5390625,True,True,True,176,0,0,109,178,101,2026-10-03T16:05:30.257985+07:00,973.0464118600003,0.1858046679999461,OK,,True,2026-10-03T16:05:30.443802+07:00,973.2322246390004,0.03308262199971068,OK,,True,1444,0.1805,,2026-10-03T16:05:30.476885+07:00,973.2653108530003,0.032846400999915204,OK,,True,2650,0.33125,
4793290d6ecf45aaad5326541298bf5f,975,2026-10-03T16:05:31.257915+07:00,974.0463305600006,19.245948752000004,RECOVERY,974.1929975720004,0.9999934590005068,0.2514122299999144,9.03330001165159e-05,DISABLED,on,user_reported,36.642608642578125,53.523502349853516,1006.76453125,117999.5390625,True,True,True,176,0,0,109,178,101,2026-10-03T16:05:31.257996+07:00,974.0464223550007,0.18579289099943708,OK,,True,2026-10-03T16:05:31.443800+07:00,974.2322229500005,0.032935473999714304,OK,,True,1450,0.18125,,2026-10-03T16:05:31.476736+07:00,974.2651616840003,0.03256642100041063,OK,,True,2631,0.32887500000000003,
4793290d6ecf45aaad5326541298bf5f,976,2026-10-03T16:05:32.257921+07:00,975.0463377420001,20.24595593399954,RECOVERY,975.193004754,1.0000071819995355,0.2519088200006081,9.751499965204857e-05,DISABLED,on,user_reported,36.65026092529297,53.537330627441406,1006.728984375,118081.1796875,True,True,True,176,0,0,109,178,101,2026-10-03T16:05:32.257986+07:00,975.0464120750003,0.18579657600002975,OK,,True,2026-10-03T16:05:32.443793+07:00,975.232216077,0.03315506600029039,OK,,True,1436,0.1795,,2026-10-03T16:05:32.476953+07:00,975.2653759020004,0.03286043800017069,OK,,True,2654,0.33175,
4793290d6ecf45aaad5326541298bf5f,977,2026-10-03T16:05:33.258009+07:00,976.0464120920005,21.24603028399997,RECOVERY,976.1930791040004,1.0000743500004319,0.25187835799988534,0.00017186500008392613,DISABLED,on,user_reported,36.641971588134766,53.52340316772461,1006.68828125,118081.1796875,True,True,True,176,0,0,109,178,101,2026-10-03T16:05:33.258156+07:00,976.0465815730004,0.18587246500010224,OK,,True,2026-10-03T16:05:33.444040+07:00,976.232462686,0.032987104000312684,OK,,True,1437,0.179625,,2026-10-03T16:05:33.477029+07:00,976.2654536780001,0.032828475999849616,OK,,True,2650,0.33125,
4793290d6ecf45aaad5326541298bf5f,978,2026-10-03T16:05:34.257911+07:00,977.0463261120003,22.24594430399975,RECOVERY,977.1929931240002,0.9999140199997782,0.25164174800011097,8.588499986217357e-05,DISABLED,on,user_reported,36.6394157409668,53.52937698364258,1006.834609375,117999.5390625,True,True,True,176,0,0,109,178,101,2026-10-03T16:05:34.257989+07:00,977.0464153890007,0.18579542899988155,OK,,True,2026-10-03T16:05:34.443794+07:00,977.2322169480003,0.03293188200041186,OK,,True,1439,0.179875,,2026-10-03T16:05:34.476726+07:00,977.2651519780002,0.03280799399999523,OK,,True,2657,0.332125,
4793290d6ecf45aaad5326541298bf5f,979,2026-10-03T16:05:35.257908+07:00,978.0463238550001,23.245942046999517,RECOVERY,978.1929908669999,0.9999977429997671,0.25170541500028776,8.362799962924328e-05,DISABLED,on,user_reported,36.64133071899414,53.54872131347656,1006.85828125,117918.0078125,True,True,True,176,0,0,109,178,101,2026-10-03T16:05:35.257989+07:00,978.0464151140004,0.18580894699971395,OK,,True,2026-10-03T16:05:35.443809+07:00,978.2322319130008,0.032968677999633655,OK,,True,1447,0.180875,,2026-10-03T16:05:35.476778+07:00,978.2652037950002,0.03281658600008086,OK,,True,2648,0.331,
4793290d6ecf45aaad5326541298bf5f,980,2026-10-03T16:05:36.257908+07:00,979.0463238410002,24.245942032999665,RECOVERY,979.1929908530001,0.9999999860001481,0.25165417500011245,8.361399977729889e-05,DISABLED,on,user_reported,36.64579772949219,53.54302215576172,1006.86546875,117918.0078125,True,True,True,176,0,0,109,178,101,2026-10-03T16:05:36.257988+07:00,979.0464141360007,0.18579942999986088,OK,,True,2026-10-03T16:05:36.443797+07:00,979.2322203800004,0.0329369940000106,OK,,True,1453,0.181625,,2026-10-03T16:05:36.476735+07:00,979.2651605589999,0.03280925300077797,OK,,True,2653,0.331625,
4793290d6ecf45aaad5326541298bf5f,981,2026-10-03T16:05:37.257919+07:00,980.0463335310005,25.245951722999962,RECOVERY,980.1930005430004,1.0000096900002973,0.2519785619997492,9.330400007456774e-05,DISABLED,on,user_reported,36.657920837402344,53.551151275634766,1006.837265625,118244.8046875,True,True,True,176,0,0,109,178,101,2026-10-03T16:05:37.257999+07:00,980.0464254750004,0.18581054100013716,OK,,True,2026-10-03T16:05:37.443821+07:00,980.232243812,0.03321360200061463,OK,,True,1437,0.179625,,2026-10-03T16:05:37.477039+07:00,980.2654623030003,0.0328399760001048,OK,,True,2650,0.33125,
4793290d6ecf45aaad5326541298bf5f,982,2026-10-03T16:05:38.257915+07:00,981.0463300760002,26.245948267999665,RECOVERY,981.1929970880001,0.9999965449997035,0.2517931000002136,8.984899977804162e-05,DISABLED,on,user_reported,36.65217971801758,53.55665588378906,1006.8075,118081.1796875,True,True,True,176,0,0,109,178,101,2026-10-03T16:05:38.257995+07:00,981.0464211490007,0.18582676299956802,OK,,True,2026-10-03T16:05:38.443834+07:00,981.2322562830004,0.03301363999980822,OK,,True,1444,0.1805,,2026-10-03T16:05:38.476850+07:00,981.2652738310007,0.03284051199989335,OK,,True,2652,0.3315,
4793290d6ecf45aaad5326541298bf5f,983,2026-10-03T16:05:39.257909+07:00,982.0463250290004,27.245943220999834,RECOVERY,982.1929920410003,0.9999949530001686,0.2516535280001335,8.480199994664872e-05,DISABLED,on,user_reported,36.64834976196289,53.56880187988281,1006.780625,118326.7890625,True,True,True,176,0,0,109,178,101,2026-10-03T16:05:39.257989+07:00,982.0464157690003,0.18579682000017783,OK,,True,2026-10-03T16:05:39.443796+07:00,982.2322194220005,0.03294353000001138,OK,,True,1434,0.17925,,2026-10-03T16:05:39.476740+07:00,982.265166137,0.03280410500065045,OK,,True,2657,0.332125,
4793290d6ecf45aaad5326541298bf5f,984,2026-10-03T16:05:40.257908+07:00,983.046323429,28.245941620999474,RECOVERY,983.1929904409999,0.9999983999996402,0.25173471300058736,8.320199958689045e-05,DISABLED,on,user_reported,36.64771270751953,53.5687141418457,1006.80015625,117918.0078125,True,True,True,176,0,0,109,178,101,2026-10-03T16:05:40.257985+07:00,983.0464115580007,0.18580157899941696,OK,,True,2026-10-03T16:05:40.443797+07:00,983.2322202109999,0.032945456000561535,OK,,True,1455,0.181875,,2026-10-03T16:05:40.476744+07:00,983.2651691300007,0.03286349299924041,OK,,True,2652,0.3315,
4793290d6ecf45aaad5326541298bf5f,985,2026-10-03T16:05:41.257908+07:00,984.0463232930006,29.245941485000003,RECOVERY,984.1929903050004,0.9999998640005288,0.25167358399994555,8.306600011565024e-05,DISABLED,on,user_reported,36.650901794433594,53.569183349609375,1006.7915625,117593.015625,True,True,True,176,0,0,109,178,101,2026-10-03T16:05:41.257990+07:00,984.0464162550006,0.18580345000009402,OK,,True,2026-10-03T16:05:41.443804+07:00,984.2322266680003,0.03294858499975817,OK,,True,1445,0.180625,,2026-10-03T16:05:41.476753+07:00,984.265178531,0.032809197999995376,OK,,True,2653,0.331625,
4793290d6ecf45aaad5326541298bf5f,986,2026-10-03T16:05:42.257999+07:00,985.0464064170001,30.246024608999505,RECOVERY,985.1930734289999,1.0000831239995023,0.26252504700005375,0.00016618999961792724,DISABLED,on,user_reported,36.65727996826172,53.57011032104492,1006.78828125,117999.5390625,True,True,True,176,0,0,109,178,101,2026-10-03T16:05:42.258147+07:00,985.0465718790001,0.19158500200046547,OK,,True,2026-10-03T16:05:42.449754+07:00,985.238173752,0.03540769800019916,OK,,True,1431,0.178875,,2026-10-03T16:05:42.485168+07:00,985.2735910060001,0.03532125400033692,OK,,True,2661,0.332625,
4793290d6ecf45aaad5326541298bf5f,987,2026-10-03T16:05:43.257993+07:00,986.0463997480001,31.246017939999547,RECOVERY,986.19306676,0.9999933310000415,0.2642535160002808,0.0001595209996594349,DISABLED,on,user_reported,36.65536880493164,53.56348419189453,1006.757890625,118081.1796875,True,True,True,176,0,0,109,178,101,2026-10-03T16:05:43.258125+07:00,986.0465505990005,0.19160513199949492,OK,,True,2026-10-03T16:05:43.449761+07:00,986.2381778050003,0.0384736209998664,OK,,True,1441,0.180125,,2026-10-03T16:05:43.488249+07:00,986.2766664260007,0.03396337499998481,OK,,True,2646,0.33075,
4793290d6ecf45aaad5326541298bf5f,988,2026-10-03T16:05:44.257933+07:00,987.0463478400006,32.24596603200007,RECOVERY,987.1930148520005,0.9999480920005226,0.25178836199938814,0.00010761300018202746,DISABLED,on,user_reported,36.6534538269043,53.56955337524414,1006.775234375,117674.1015625,True,True,True,176,0,0,109,178,101,2026-10-03T16:05:44.258012+07:00,987.0464382280006,0.1858027089992902,OK,,True,2026-10-03T16:05:44.443823+07:00,987.2322469370001,0.03307188200051314,OK,,True,1442,0.18025,,2026-10-03T16:05:44.476896+07:00,987.2653220970005,0.03280566099965654,OK,,True,2647,0.33087500000000003,
4793290d6ecf45aaad5326541298bf5f,989,2026-10-03T16:05:45.257918+07:00,988.0463327289999,33.24595092099935,RECOVERY,988.1929997409998,0.9999848889992791,0.251741234000292,9.250199946109205e-05,DISABLED,on,user_reported,36.64898681640625,53.56255340576172,1006.78171875,118081.1796875,True,True,True,176,0,0,109,178,101,2026-10-03T16:05:45.258000+07:00,988.0464254880008,0.1858088389999466,OK,,True,2026-10-03T16:05:45.443818+07:00,988.2322407350002,0.03298703000018577,OK,,True,1444,0.1805,,2026-10-03T16:05:45.476805+07:00,988.265230987,0.03283410500080208,OK,,True,2647,0.33087500000000003,
4793290d6ecf45aaad5326541298bf5f,990,2026-10-03T16:05:46.258049+07:00,989.0464632120002,34.2460814039996,RECOVERY,989.193130224,1.0001304830002482,0.25165838199973223,0.00022298499970929697,DISABLED,on,user_reported,36.65281677246094,53.55675506591797,1006.74,117836.59375,True,True,True,176,0,0,109,178,101,2026-10-03T16:05:46.258131+07:00,989.0465568590007,0.18580778399973497,OK,,True,2026-10-03T16:05:46.443948+07:00,989.232371088,0.03293193800072913,OK,,True,1447,0.180875,,2026-10-03T16:05:46.476880+07:00,989.2653059330005,0.032806569000058516,OK,,True,2652,0.3315,
4793290d6ecf45aaad5326541298bf5f,991,2026-10-03T16:05:47.257910+07:00,990.0463252160007,35.24594340800013,RECOVERY,990.1929922280005,0.9998620040005335,0.2519133999994665,8.498900024278555e-05,DISABLED,on,user_reported,36.64962387084961,53.53722381591797,1006.74171875,118244.8046875,True,True,True,176,0,0,109,178,101,2026-10-03T16:05:47.257992+07:00,990.0464181790003,0.18579874700026267,OK,,True,2026-10-03T16:05:47.443800+07:00,990.2322229629999,0.033108289000665536,OK,,True,1444,0.1805,,2026-10-03T16:05:47.476913+07:00,990.2653358260004,0.03289390099962475,OK,,True,2650,0.33125,
4793290d6ecf45aaad5326541298bf5f,992,2026-10-03T16:05:48.257911+07:00,991.0463270730006,36.245945265000046,RECOVERY,991.1929940850005,1.0000018569999156,0.25170290200003365,8.68460001584026e-05,DISABLED,on,user_reported,36.64516067504883,53.549285888671875,1006.700234375,117755.2890625,True,True,True,176,0,0,109,178,101,2026-10-03T16:05:48.257990+07:00,991.0464165540006,0.18579611899986048,OK,,True,2026-10-03T16:05:48.443796+07:00,991.2322191910007,0.03296277099980216,OK,,True,1444,0.1805,,2026-10-03T16:05:48.476760+07:00,991.2651852770005,0.03283623500010435,OK,,True,2652,0.3315,
4793290d6ecf45aaad5326541298bf5f,993,2026-10-03T16:05:49.257910+07:00,992.0463261360001,37.245944327999496,RECOVERY,992.1929931479999,0.99999906299945,0.25174140200033435,8.590899960836396e-05,DISABLED,on,user_reported,36.65026092529297,53.55003356933594,1006.728984375,117918.0078125,True,True,True,176,0,0,109,178,101,2026-10-03T16:05:49.257992+07:00,992.0464187460002,0.18579889700049534,OK,,True,2026-10-03T16:05:49.443802+07:00,992.2322249210001,0.03297399300026882,OK,,True,1442,0.18025,,2026-10-03T16:05:49.476777+07:00,992.2652027840004,0.03285406899976806,OK,,True,2652,0.3315,
4793290d6ecf45aaad5326541298bf5f,994,2026-10-03T16:05:50.257910+07:00,993.0463254960005,38.2459436879999,RECOVERY,993.1929925080003,0.9999993600004018,0.25168549599948165,8.526900001015747e-05,DISABLED,on,user_reported,36.64579772949219,53.54302215576172,1006.742265625,118081.1796875,True,True,True,176,0,0,109,178,101,2026-10-03T16:05:50.257988+07:00,993.0464146439999,0.18580098900019948,OK,,True,2026-10-03T16:05:50.443798+07:00,993.2322212070003,0.03295771600005537,OK,,True,1443,0.180375,,2026-10-03T16:05:50.476756+07:00,993.2651823860006,0.032820901999912167,OK,,True,2651,0.33137500000000003,
4793290d6ecf45aaad5326541298bf5f,995,2026-10-03T16:05:51.257929+07:00,994.0463452290005,39.24596342099994,RECOVERY,994.1930122410004,1.0000197330000447,0.25191078999978345,0.0001050020000548102,DISABLED,on,user_reported,36.636863708496094,53.535369873046875,1006.727734375,118162.9375,True,True,True,176,0,0,109,178,101,2026-10-03T16:05:51.258008+07:00,994.0464347280003,0.18579560099988157,OK,,True,2026-10-03T16:05:51.443813+07:00,994.2322363660005,0.03317512200010242,OK,,True,1430,0.17875,,2026-10-03T16:05:51.476990+07:00,994.2654148580004,0.03283277199989243,OK,,True,2658,0.33225,
4793290d6ecf45aaad5326541298bf5f,996,2026-10-03T16:05:52.257913+07:00,995.0463289630006,40.24594715500007,RECOVERY,995.1929959750005,0.999983734000125,0.2520328459995653,8.873600017977878e-05,DISABLED,on,user_reported,36.63048553466797,53.54077911376953,1006.703828125,117431.1953125,True,True,True,176,0,0,109,178,101,2026-10-03T16:05:52.257998+07:00,995.0464241290001,0.18580049000047438,OK,,True,2026-10-03T16:05:52.443808+07:00,995.232230304,0.033089900000049965,OK,,True,1433,0.179125,,2026-10-03T16:05:52.476902+07:00,995.2653253710005,0.03302621500006353,OK,,True,2652,0.3315,
4793290d6ecf45aaad5326541298bf5f,997,2026-10-03T16:05:53.257910+07:00,996.0463250140001,41.24594320599954,RECOVERY,996.192992026,0.9999960509994708,0.25166845900002954,8.478699965053238e-05,DISABLED,on,user_reported,36.62538146972656,53.546390533447266,1006.805,118821.0703125,True,True,True,176,0,0,109,178,101,2026-10-03T16:05:53.257989+07:00,996.046415328,0.18579330500051583,OK,,True,2026-10-03T16:05:53.443792+07:00,996.2322138360005,0.032938772000306926,OK,,True,1453,0.181625,,2026-10-03T16:05:53.476730+07:00,996.2651557010004,0.03282962399953249,OK,,True,2647,0.33087500000000003,
4793290d6ecf45aaad5326541298bf5f,998,2026-10-03T16:05:54.258056+07:00,997.0464568610005,42.24607505299991,RECOVERY,997.1931238730003,1.0001318470003753,0.2617155019997881,0.00021663400002580602,DISABLED,on,user_reported,36.628570556640625,53.540496826171875,1006.782890625,118081.1796875,True,True,True,176,0,0,109,178,101,2026-10-03T16:05:54.258241+07:00,997.046665971,0.19157824700050696,OK,,True,2026-10-03T16:05:54.449841+07:00,997.2382600139999,0.035450902000775386,OK,,True,1443,0.180375,,2026-10-03T16:05:54.485298+07:00,997.2737200640004,0.03443046600023081,OK,,True,2659,0.33237500000000003,
4793290d6ecf45aaad5326541298bf5f,999,2026-10-03T16:05:55.257971+07:00,998.0463759710001,43.24599416299952,RECOVERY,998.1930429829999,0.9999191099996096,0.26205781400039996,0.00013574399963545147,DISABLED,on,user_reported,36.63240051269531,53.534706115722656,1006.816328125,118408.8828125,True,True,True,176,0,0,109,178,101,2026-10-03T16:05:55.258128+07:00,998.0465526730004,0.1917244500000379,OK,,True,2026-10-03T16:05:55.449874+07:00,998.2382922710003,0.03559479100022145,OK,,True,1444,0.1805,,2026-10-03T16:05:55.485474+07:00,998.2738959880007,0.03452013099922624,OK,,True,2654,0.33175,
4793290d6ecf45aaad5326541298bf5f,1000,2026-10-03T16:05:56.257981+07:00,999.0463850630003,44.24600325499978,RECOVERY,999.1930520750002,1.000009092000255,0.2621797960000549,0.000144835999890347,DISABLED,on,user_reported,36.634315490722656,53.54134750366211,1006.826328125,118903.8515625,True,True,True,176,0,0,109,178,101,2026-10-03T16:05:56.258144+07:00,999.0465685810004,0.19172961599997507,OK,,True,2026-10-03T16:05:56.449893+07:00,999.2383118820007,0.0354411619991879,OK,,True,1420,0.1775,,2026-10-03T16:05:56.485339+07:00,999.2737616550003,0.03478627799995593,OK,,True,2658,0.33225,
4793290d6ecf45aaad5326541298bf5f,1001,2026-10-03T16:05:57.257944+07:00,1000.0463546760002,45.245972867999626,RECOVERY,1000.193021688,0.9999696129998483,0.26362163800058624,0.00011444899973866995,DISABLED,on,user_reported,36.634952545166016,53.52872848510742,1006.77265625,118162.9375,True,True,True,176,0,0,109,178,101,2026-10-03T16:05:57.258065+07:00,1000.0464899530007,0.19125958299991908,OK,,True,2026-10-03T16:05:57.449351+07:00,1000.2377680550007,0.03625171199928445,OK,,True,1429,0.178625,,2026-10-03T16:05:57.485608+07:00,1000.2740293590005,0.03592458499952045,OK,,True,2657,0.332125,
4793290d6ecf45aaad5326541298bf5f,1002,2026-10-03T16:05:58.257974+07:00,1001.0463797720004,46.2459979639998,RECOVERY,1001.1930467840002,1.0000250960001722,0.26324995499999204,0.00013954499991086777,DISABLED,on,user_reported,36.643882751464844,53.5363883972168,1006.766640625,118244.8046875,True,True,True,176,0,0,109,178,101,2026-10-03T16:05:58.258136+07:00,1001.0465607149999,0.19172071000048163,OK,,True,2026-10-03T16:05:58.449876+07:00,1001.238295999,0.03539021800042974,OK,,True,1460,0.1825,,2026-10-03T16:05:58.485270+07:00,1001.2736944940007,0.035916677999921376,OK,,True,2663,0.33287500000000003,
4793290d6ecf45aaad5326541298bf5f,1003,2026-10-03T16:05:59.257958+07:00,1002.046371554,47.245989745999395,RECOVERY,1002.1930385659998,0.9999917819995972,0.2518137020006179,0.00013132699950801907,DISABLED,on,user_reported,36.64579772949219,53.517616271972656,1006.7559375,117999.5390625,True,True,True,176,0,0,109,178,101,2026-10-03T16:05:59.258043+07:00,1002.0464698870001,0.18583665799997107,OK,,True,2026-10-03T16:05:59.443895+07:00,1002.2323168410003,0.033002883000335714,OK,,True,1436,0.1795,,2026-10-03T16:05:59.476898+07:00,1002.2653232430002,0.03285247599978902,OK,,True,2648,0.331,
4793290d6ecf45aaad5326541298bf5f,1004,2026-10-03T16:06:00.257913+07:00,1003.0463285610003,48.24594675299977,RECOVERY,1003.1929955730002,0.9999570070003756,0.2516433330001746,8.833399988361634e-05,DISABLED,on,user_reported,36.64133071899414,53.50426483154297,1006.769375,118081.1796875,True,True,True,176,0,0,109,178,101,2026-10-03T16:06:00.257996+07:00,1003.0464225780006,0.18579815999964922,OK,,True,2026-10-03T16:06:00.443805+07:00,1003.2322274779999,0.03293001300062315,OK,,True,1437,0.179625,,2026-10-03T16:06:00.476735+07:00,1003.2651607690004,0.03280323600029078,OK,,True,2658,0.33225,
4793290d6ecf45aaad5326541298bf5f,1005,2026-10-03T16:06:01.257913+07:00,1004.046329494,49.245947685999454,RECOVERY,1004.1929965059999,1.0000009329996828,0.2516796489999251,8.926699956646189e-05,DISABLED,on,user_reported,36.64579772949219,53.498565673828125,1006.7628125,118081.1796875,True,True,True,176,0,0,109,178,101,2026-10-03T16:06:01.257993+07:00,1004.0464194940005,0.18580030700013594,OK,,True,2026-10-03T16:06:01.443805+07:00,1004.2322277640005,0.032957753999653505,OK,,True,1443,0.180375,,2026-10-03T16:06:01.476763+07:00,1004.2651891660007,0.032811568999932206,OK,,True,2655,0.33187500000000003,
4793290d6ecf45aaad5326541298bf5f,1006,2026-10-03T16:06:02.257908+07:00,1005.0463242820006,50.245942474,RECOVERY,1005.1929912940004,0.9999947880005493,0.2518434249996062,8.405500011576805e-05,DISABLED,on,user_reported,36.640052795410156,53.49773025512695,1006.746640625,118162.9375,True,True,True,176,0,0,109,178,101,2026-10-03T16:06:02.257992+07:00,1005.0464180220006,0.18579808499998762,OK,,True,2026-10-03T16:06:02.443799+07:00,1005.232222607,0.03306312400036404,OK,,True,1446,0.18075,,2026-10-03T16:06:02.476867+07:00,1005.2652904160004,0.032866864999959944,OK,,True,2651,0.33137500000000003,
4793290d6ecf45aaad5326541298bf5f,1007,2026-10-03T16:06:03.257912+07:00,1006.0463267190007,51.24594491100015,RECOVERY,1006.1929937310006,1.0000024370001483,0.2516485379992446,8.649200026411563e-05,DISABLED,on,user_reported,36.65154266357422,53.499412536621094,1006.75859375,117755.2890625,True,True,True,176,0,0,109,178,101,2026-10-03T16:06:03.257993+07:00,1006.0464191440005,0.18579310399945825,OK,,True,2026-10-03T16:06:03.443796+07:00,1006.2322187110003,0.03293477300030645,OK,,True,1447,0.180875,,2026-10-03T16:06:03.476731+07:00,1006.265156724,0.03281081000022823,OK,,True,2652,0.3315,
4793290d6ecf45aaad5326541298bf5f,1008,2026-10-03T16:06:04.257912+07:00,1007.0463284540001,52.24594664599954,RECOVERY,1007.192995466,1.0000017349993868,0.25195549900035985,8.822699965094216e-05,DISABLED,on,user_reported,36.6534538269043,53.48699188232422,1006.7684375,118573.4140625,True,True,True,176,0,0,109,178,101,2026-10-03T16:06:04.257993+07:00,1007.0464194340002,0.18580164200011495,OK,,True,2026-10-03T16:06:04.443806+07:00,1007.2322284090005,0.03319549299976643,OK,,True,1448,0.181,,2026-10-03T16:06:04.477001+07:00,1007.2654272350001,0.032847625000613334,OK,,True,2649,0.331125,
4793290d6ecf45aaad5326541298bf5f,1009,2026-10-03T16:06:05.257911+07:00,1008.0463265790004,53.24594477099981,RECOVERY,1008.1929935910002,0.9999981250002747,0.2519134809999741,8.635199992568232e-05,DISABLED,on,user_reported,36.64962387084961,53.47372055053711,1006.762265625,118655.8515625,True,True,True,176,0,0,109,178,101,2026-10-03T16:06:05.257995+07:00,1008.0464216520004,0.18596030800017616,OK,,True,2026-10-03T16:06:05.443966+07:00,1008.2323887749999,0.03298616100073559,OK,,True,1455,0.181875,,2026-10-03T16:06:05.476953+07:00,1008.265378047,0.032852328000444686,OK,,True,2649,0.331125,
4793290d6ecf45aaad5326541298bf5f,1010,2026-10-03T16:06:06.257915+07:00,1009.0463300760002,54.245948267999665,RECOVERY,1009.1929970880001,1.0000034969998524,0.25169674300013867,8.984899977804162e-05,DISABLED,on,user_reported,36.63814163208008,53.478397369384766,1006.771015625,117512.046875,True,True,True,176,0,0,109,178,101,2026-10-03T16:06:06.257995+07:00,1009.0464202789999,0.1857984200005376,OK,,True,2026-10-03T16:06:06.443803+07:00,1009.2322247550001,0.032959383000161324,OK,,True,1448,0.181,,2026-10-03T16:06:06.476761+07:00,1009.2651870830005,0.03283086499959609,OK,,True,2647,0.33087500000000003,
4793290d6ecf45aaad5326541298bf5f,1011,2026-10-03T16:06:07.257920+07:00,1010.0463354640005,55.24595365599998,RECOVERY,1010.1930024760004,1.000005388000318,0.25199170399992,9.523700009594904e-05,DISABLED,on,user_reported,36.640052795410156,53.48503112792969,1006.7603125,118326.7890625,True,True,True,176,0,0,109,178,101,2026-10-03T16:06:07.258000+07:00,1010.0464266670006,0.18580130899954383,OK,,True,2026-10-03T16:06:07.443811+07:00,1010.2322340500004,0.03318665999995574,OK,,True,1440,0.18,,2026-10-03T16:06:07.477002+07:00,1010.2654252470002,0.032892476000597526,OK,,True,2647,0.33087500000000003,
4793290d6ecf45aaad5326541298bf5f,1012,2026-10-03T16:06:08.257952+07:00,1011.0463656490001,56.24598384099954,RECOVERY,1011.193032661,1.0000301849995594,0.25172704000033264,0.00012542199965537293,DISABLED,on,user_reported,36.634952545166016,53.47792434692383,1006.786328125,117755.2890625,True,True,True,176,0,0,109,178,101,2026-10-03T16:06:08.258038+07:00,1011.0464644630001,0.1858015690004322,OK,,True,2026-10-03T16:06:08.443849+07:00,1011.2322720510001,0.03297049400043761,OK,,True,1443,0.180375,,2026-10-03T16:06:08.476820+07:00,1011.2652455450007,0.032837699000083376,OK,,True,2648,0.331,
4793290d6ecf45aaad5326541298bf5f,1013,2026-10-03T16:06:09.257984+07:00,1012.0463888730001,57.2460070649995,RECOVERY,1012.1930558849999,1.0000232239999605,0.25340589900042687,0.00014864599961583735,DISABLED,on,user_reported,36.634952545166016,53.47792434692383,1006.71109375,117999.5390625,True,True,True,176,0,0,109,178,101,2026-10-03T16:06:09.258141+07:00,1012.0465665390002,0.18647900900032255,OK,,True,2026-10-03T16:06:09.444629+07:00,1012.2330519740008,0.03351552699950844,OK,,True,1443,0.180375,,2026-10-03T16:06:09.478151+07:00,1012.2665730380004,0.033211085999937495,OK,,True,2647,0.33087500000000003,
4793290d6ecf45aaad5326541298bf5f,1014,2026-10-03T16:06:10.257981+07:00,1013.0463944510002,58.24601264299963,RECOVERY,1013.193061463,1.0000055780001276,0.2520003350000479,0.00015422399974340806,DISABLED,on,user_reported,36.63750457763672,53.48465347290039,1006.742578125,117999.5390625,True,True,True,176,0,0,109,178,101,2026-10-03T16:06:10.258068+07:00,1013.0464943950001,0.18581601300047623,OK,,True,2026-10-03T16:06:10.443894+07:00,1013.2323172050001,0.03322599300008733,OK,,True,1436,0.1795,,2026-10-03T16:06:10.477121+07:00,1013.2655467530003,0.032838625000294996,OK,,True,2654,0.33175,
4793290d6ecf45aaad5326541298bf5f,1015,2026-10-03T16:06:11.257914+07:00,1014.046329883,59.24594807499943,RECOVERY,1014.1929968949999,0.999935431999802,0.25176587300029496,8.965599954535719e-05,DISABLED,on,user_reported,36.636226654052734,53.47176742553711,1006.699453125,117755.2890625,True,True,True,176,0,0,109,178,101,2026-10-03T16:06:11.257994+07:00,1014.046420308,0.18580331000066508,OK,,True,2026-10-03T16:06:11.443807+07:00,1014.2322301370004,0.03299573499953112,OK,,True,1453,0.181625,,2026-10-03T16:06:11.476804+07:00,1014.265228798,0.03285825500006467,OK,,True,2650,0.33125,
4793290d6ecf45aaad5326541298bf5f,1016,2026-10-03T16:06:12.257944+07:00,1015.0463561480001,0.24597433999952045,WAIT_FINISH,1015.1930231599999,1.0000262650000877,0.2518910220005637,0.0001159209996330901,DISABLED,on,user_reported,36.63175964355469,53.47111892700195,1006.84953125,117674.1015625,True,True,True,176,0,0,109,178,101,2026-10-03T16:06:12.258027+07:00,1015.0464537960006,0.18580953299988323,OK,,True,2026-10-03T16:06:12.443850+07:00,1015.2322714950005,0.03309158699994441,OK,,True,1441,0.180125,,2026-10-03T16:06:12.476945+07:00,1015.2653682300006,0.032868883999981335,OK,,True,2651,0.33137500000000003,
4793290d6ecf45aaad5326541298bf5f,1017,2026-10-03T16:06:13.257948+07:00,1016.0463623420001,1.2459805339995,WAIT_FINISH,1016.1930293539999,1.0000061939999796,0.25182739200045035,0.0001221149996126769,DISABLED,on,user_reported,36.627933502197266,53.464202880859375,1006.809140625,117755.2890625,True,True,True,176,0,0,109,178,101,2026-10-03T16:06:13.258033+07:00,1016.0464586190001,0.18584951400043792,OK,,True,2026-10-03T16:06:13.443894+07:00,1016.2323162070006,0.03302092099966103,OK,,True,1439,0.179875,,2026-10-03T16:06:13.476917+07:00,1016.2653408310007,0.03283964399997785,OK,,True,2651,0.33137500000000003,
4793290d6ecf45aaad5326541298bf5f,1018,2026-10-03T16:06:14.257914+07:00,1017.0463292780005,2.245947469999919,WAIT_FINISH,1017.1929962900003,0.9999669360004191,0.2570882079999137,8.905100003175903e-05,DISABLED,on,user_reported,36.6247444152832,53.457393646240234,1006.82453125,118244.8046875,True,True,True,176,0,0,109,178,101,2026-10-03T16:06:14.257993+07:00,1017.0464198140007,0.18779814899971825,OK,,True,2026-10-03T16:06:14.445816+07:00,1017.2342344260005,0.03451028099971154,OK,,True,1446,0.18075,,2026-10-03T16:06:14.480337+07:00,1017.2687556139999,0.03464022400021349,OK,,True,2642,0.33025,
4793290d6ecf45aaad5326541298bf5f,1019,2026-10-03T16:06:15.257938+07:00,1018.046352456,3.2459706479994566,WAIT_FINISH,1018.1930194679999,1.0000231779995374,0.2518006710006375,0.00011222899956919719,DISABLED,on,user_reported,36.627296447753906,53.45140838623047,1006.780859375,118326.7890625,True,True,True,176,0,0,109,178,101,2026-10-03T16:06:15.258019+07:00,1018.0464451400003,0.18585008900026878,OK,,True,2026-10-03T16:06:15.443882+07:00,1018.2323038590002,0.03300858700004028,OK,,True,1442,0.18025,,2026-10-03T16:06:15.476892+07:00,1018.2653170200001,0.03282749600020907,OK,,True,2652,0.3315,
4793290d6ecf45aaad5326541298bf5f,1020,2026-10-03T16:06:16.257920+07:00,1019.046335172,4.245953363999433,WAIT_FINISH,1019.1930021839999,0.9999827159999768,0.2520034110002598,9.494499954598723e-05,DISABLED,on,user_reported,36.634315490722656,53.452449798583984,1006.833203125,117999.5390625,True,True,True,176,0,0,109,178,101,2026-10-03T16:06:16.258002+07:00,1019.0464281900004,0.18581777500003227,OK,,True,2026-10-03T16:06:16.443832+07:00,1019.2322542060001,0.03324447400063946,OK,,True,1442,0.18025,,2026-10-03T16:06:16.477079+07:00,1019.2655032540006,0.03282606999982818,OK,,True,2649,0.331125,
4793290d6ecf45aaad5326541298bf5f,1021,2026-10-03T16:06:17.258031+07:00,1020.0464459640007,5.246064156000102,WAIT_FINISH,1020.1931129760005,1.0001107920006689,0.2520082999999431,0.0002057370002148673,DISABLED,on,user_reported,36.636863708496094,53.446468353271484,1006.775703125,118244.8046875,True,True,True,176,0,0,109,178,101,2026-10-03T16:06:17.258116+07:00,1020.0465422410007,0.18581431199982035,OK,,True,2026-10-03T16:06:17.443942+07:00,1020.232364034,0.033189827000569494,OK,,True,1446,0.18075,,2026-10-03T16:06:17.477136+07:00,1020.2655585460006,0.03288603300006798,OK,,True,2650,0.33125,
4793290d6ecf45aaad5326541298bf5f,1022,2026-10-03T16:06:18.257941+07:00,1021.0463546840001,6.245972875999541,WAIT_FINISH,1021.193021696,0.9999087199994392,0.2517588580003576,0.00011445699965406675,DISABLED,on,user_reported,36.63112258911133,53.44562530517578,1006.780078125,118821.0703125,True,True,True,176,0,0,109,178,101,2026-10-03T16:06:18.258025+07:00,1021.046451184,0.1858139050000318,OK,,True,2026-10-03T16:06:18.443851+07:00,1021.2322736260003,0.03300471700003982,OK,,True,1434,0.17925,,2026-10-03T16:06:18.476858+07:00,1021.2652824910001,0.03282210700035648,OK,,True,2645,0.330625,
4793290d6ecf45aaad5326541298bf5f,1023,2026-10-03T16:06:19.257953+07:00,1022.0463658870003,7.245984078999754,WAIT_FINISH,1022.1930328990002,1.0000112030002128,0.25172898799974064,0.00012565999986691168,DISABLED,on,user_reported,36.6394157409668,53.44047927856445,1006.807265625,118326.7890625,True,True,True,176,0,0,109,178,101,2026-10-03T16:06:19.258041+07:00,1022.0464676090005,0.18581979400005366,OK,,True,2026-10-03T16:06:19.443873+07:00,1022.2322952730001,0.03295582800001284,OK,,True,1453,0.181625,,2026-10-03T16:06:19.476830+07:00,1022.2652551010005,0.03283016299974406,OK,,True,2650,0.33125,
4793290d6ecf45aaad5326541298bf5f,1024,2026-10-03T16:06:20.257945+07:00,1023.0463597580001,8.245977949999542,WAIT_FINISH,1023.19302677,0.9999938709997878,0.2517350260004605,0.00011953099965467118,DISABLED,on,user_reported,36.635589599609375,53.427242279052734,1006.759921875,118821.0703125,True,True,True,176,0,0,109,178,101,2026-10-03T16:06:20.258029+07:00,1023.0464550350007,0.18581744299990532,OK,,True,2026-10-03T16:06:20.443859+07:00,1023.2322813670007,0.03296545800003514,OK,,True,1432,0.179,,2026-10-03T16:06:20.476826+07:00,1023.2652507140001,0.032834458999786875,OK,,True,2651,0.33137500000000003,
4793290d6ecf45aaad5326541298bf5f,1025,2026-10-03T16:06:21.257949+07:00,1024.046353353,9.24597154499952,WAIT_FINISH,1024.193020365,0.9999935949999781,0.2518692290004765,0.00011312599963275716,DISABLED,on,user_reported,36.63112258911133,53.407535552978516,1006.780078125,118081.1796875,True,True,True,176,0,0,109,178,101,2026-10-03T16:06:21.258035+07:00,1024.0464608520006,0.18586062800022773,OK,,True,2026-10-03T16:06:21.443908+07:00,1024.2323299240006,0.03305416100010916,OK,,True,1440,0.18,,2026-10-03T16:06:21.476964+07:00,1024.2653884000001,0.03282468199995492,OK,,True,2649,0.331125,
4793290d6ecf45aaad5326541298bf5f,1026,2026-10-03T16:06:22.257963+07:00,1025.0463760790008,10.2459942710002,WAIT_FINISH,1025.1930430910006,1.0000227260006795,0.2521238009994704,0.0001358520003122976,DISABLED,on,user_reported,36.63048553466797,53.39474868774414,1006.7790625,118903.8515625,True,True,True,176,0,0,109,178,101,2026-10-03T16:06:22.258048+07:00,1025.0464739110002,0.18581486899984156,OK,,True,2026-10-03T16:06:22.443875+07:00,1025.2322968540002,0.0333284750004168,OK,,True,1452,0.1815,,2026-10-03T16:06:22.477207+07:00,1025.2656299950004,0.03286056999968423,OK,,True,2648,0.331,
4793290d6ecf45aaad5326541298bf5f,1027,2026-10-03T16:06:23.258068+07:00,1026.0464801020007,11.246098294000149,WAIT_FINISH,1026.1931471140006,1.000104022999949,0.2518000439995376,0.00023987500026123598,DISABLED,on,user_reported,36.62665557861328,53.375152587890625,1006.779765625,118162.9375,True,True,True,176,0,0,109,178,101,2026-10-03T16:06:23.258173+07:00,1026.046598897,0.18583418400066876,OK,,True,2026-10-03T16:06:23.444020+07:00,1026.2324419510005,0.03299492099995405,OK,,True,1440,0.18,,2026-10-03T16:06:23.477017+07:00,1026.2654410760006,0.03282983000008244,OK,,True,2648,0.331,
4793290d6ecf45aaad5326541298bf5f,1028,2026-10-03T16:06:24.258047+07:00,1027.046461127,12.246079318999364,WAIT_FINISH,1027.1931281389998,0.9999810249992152,0.25183345200002805,0.00022089999947638717,DISABLED,on,user_reported,36.63112258911133,53.35676956176758,1006.76640625,118081.1796875,True,True,True,176,0,0,109,178,101,2026-10-03T16:06:24.258162+07:00,1027.0465879970006,0.18583992499952728,OK,,True,2026-10-03T16:06:24.444015+07:00,1027.2324368100008,0.03300680999927863,OK,,True,1452,0.1815,,2026-10-03T16:06:24.477023+07:00,1027.2654475280005,0.03283819999978732,OK,,True,2642,0.33025,
4793290d6ecf45aaad5326541298bf5f,1029,2026-10-03T16:06:25.257943+07:00,1028.0463570620004,13.245975253999859,WAIT_FINISH,1028.1930240740003,0.9998959350004952,0.25175550899984955,0.00011683499997161562,DISABLED,on,user_reported,36.629207611083984,53.375526428222656,1006.756484375,118244.8046875,True,True,True,176,0,0,109,178,101,2026-10-03T16:06:25.258030+07:00,1028.0464566720002,0.18581359299969336,OK,,True,2026-10-03T16:06:25.443856+07:00,1028.2322785980004,0.032987235999826225,OK,,True,1429,0.178625,,2026-10-03T16:06:25.476846+07:00,1028.2652702230007,0.03283319999991363,OK,,True,2653,0.331625,
4793290d6ecf45aaad5326541298bf5f,1030,2026-10-03T16:06:26.257973+07:00,1029.0463863680006,14.246004560000074,WAIT_FINISH,1029.1930533800005,1.000029306000215,0.25180895299945405,0.00014614100018661702,DISABLED,on,user_reported,36.621551513671875,53.33633804321289,1006.757890625,118408.8828125,True,True,True,176,0,0,109,178,101,2026-10-03T16:06:26.258067+07:00,1029.0464928860001,0.18585294400054408,OK,,True,2026-10-03T16:06:26.443931+07:00,1029.2323540520001,0.03299795800012362,OK,,True,1449,0.181125,,2026-10-03T16:06:26.476932+07:00,1029.2653562510004,0.032830088999617146,OK,,True,2649,0.331125,
4793290d6ecf45aaad5326541298bf5f,1031,2026-10-03T16:06:27.257983+07:00,1030.0463943240002,15.24601251599961,WAIT_FINISH,1030.193061336,1.0000079559995356,0.2519486560004225,0.0001540969997222419,DISABLED,on,user_reported,36.62282943725586,53.330177307128906,1006.74625,118655.8515625,True,True,True,176,0,0,109,178,101,2026-10-03T16:06:27.258075+07:00,1030.0465004710004,0.18583964800018293,OK,,True,2026-10-03T16:06:27.443925+07:00,1030.232347823,0.03310749400043278,OK,,True,1434,0.17925,,2026-10-03T16:06:27.477037+07:00,1030.2654599100006,0.032873440999537706,OK,,True,2647,0.33087500000000003,
4793290d6ecf45aaad5326541298bf5f,1032,2026-10-03T16:06:28.258243+07:00,1031.04665165,16.246269841999492,WAIT_FINISH,1031.193318662,1.0002573259998826,0.2520199340006002,0.00041142299960483797,DISABLED,on,user_reported,36.62282943725586,53.336524963378906,1006.74625,118326.7890625,True,True,True,176,0,0,109,178,101,2026-10-03T16:06:28.258365+07:00,1031.0467897040007,0.18588653699953284,OK,,True,2026-10-03T16:06:28.444262+07:00,1031.232684482,0.033106587000474974,OK,,True,1442,0.18025,,2026-10-03T16:06:28.477372+07:00,1031.265795661,0.0328664779999599,OK,,True,2647,0.33087500000000003,
4793290d6ecf45aaad5326541298bf5f,1033,2026-10-03T16:06:29.257949+07:00,1032.046363499,17.245981690999542,WAIT_FINISH,1032.193030511,0.9997118490000503,0.2520749530003741,0.00012327199965511682,DISABLED,on,user_reported,36.62282943725586,53.31114196777344,1006.6846875,118738.40625,True,True,True,176,0,0,109,178,101,2026-10-03T16:06:29.258036+07:00,1032.046461887,0.18581609400007437,OK,,True,2026-10-03T16:06:29.443864+07:00,1032.232286388,0.033272734000092896,OK,,True,1436,0.1795,,2026-10-03T16:06:29.477140+07:00,1032.265563807,0.032865515000594314,OK,,True,2652,0.3315,
4793290d6ecf45aaad5326541298bf5f,1034,2026-10-03T16:06:30.257980+07:00,1033.046385441,18.246003632999418,WAIT_FINISH,1033.1930524529998,1.0000219419998757,0.2611093350005831,0.00014521399953082437,DISABLED,on,user_reported,36.61581039428711,53.29743194580078,1006.82359375,117674.1015625,True,True,True,176,0,0,109,178,101,2026-10-03T16:06:30.258144+07:00,1033.0465688100003,0.18963982700006454,OK,,True,2026-10-03T16:06:30.447801+07:00,1033.2362215440007,0.0357710499993118,OK,,True,1435,0.179375,,2026-10-03T16:06:30.483577+07:00,1033.2719994090003,0.035480792999806,OK,,True,2658,0.33225,
4793290d6ecf45aaad5326541298bf5f,1035,2026-10-03T16:06:31.258008+07:00,1034.0464137910003,19.24603198299974,WAIT_FINISH,1034.1930808030002,1.0000283500003206,0.2528150600001027,0.0001735639998514671,DISABLED,on,user_reported,36.60942840576172,53.27747344970703,1006.7928125,118326.7890625,True,True,True,176,0,0,109,178,101,2026-10-03T16:06:31.258156+07:00,1034.0465805130007,0.18675114199959353,OK,,True,2026-10-03T16:06:31.444918+07:00,1034.2333398780002,0.033015680000062275,OK,,True,1440,0.18,,2026-10-03T16:06:31.477936+07:00,1034.2663598730005,0.03285857099945133,OK,,True,2643,0.33037500000000003,
4793290d6ecf45aaad5326541298bf5f,1036,2026-10-03T16:06:32.257918+07:00,1035.0463331070005,20.2459512989999,WAIT_FINISH,1035.1930001190003,0.9999193160001596,0.25212330500016833,9.288000001106411e-05,DISABLED,on,user_reported,36.61517333984375,53.265628814697266,1006.82265625,118162.9375,True,True,True,176,0,0,109,178,101,2026-10-03T16:06:32.258001+07:00,1035.0464274210008,0.1858129279999048,OK,,True,2026-10-03T16:06:32.443826+07:00,1035.2322483860007,0.03332636300001468,OK,,True,1444,0.1805,,2026-10-03T16:06:32.477157+07:00,1035.2655799900003,0.03286607100017136,OK,,True,2647,0.33087500000000003,
4793290d6ecf45aaad5326541298bf5f,1037,2026-10-03T16:06:33.257914+07:00,1036.046329146,21.245947337999496,WAIT_FINISH,1036.192996158,0.9999960389995977,0.2520006029999422,8.891899960872252e-05,DISABLED,on,user_reported,36.622188568115234,53.26664733886719,1006.799921875,118573.4140625,True,True,True,176,0,0,109,178,101,2026-10-03T16:06:33.257991+07:00,1036.0464174970002,0.1858156690004762,OK,,True,2026-10-03T16:06:33.443819+07:00,1036.2322408320006,0.03304203300012887,OK,,True,1432,0.179,,2026-10-03T16:06:33.476864+07:00,1036.2652875310005,0.03303286600021238,OK,,True,2653,0.331625,
4793290d6ecf45aaad5326541298bf5f,1038,2026-10-03T16:06:34.257916+07:00,1037.0463314830004,22.245949674999792,WAIT_FINISH,1037.1929984950002,1.0000023370002964,0.25181251199956023,9.125599990511546e-05,DISABLED,on,user_reported,36.628570556640625,53.2485466003418,1006.810234375,118491.09375,True,True,True,176,0,0,109,178,101,2026-10-03T16:06:34.257995+07:00,1037.0464211120006,0.18581959399944026,OK,,True,2026-10-03T16:06:34.443827+07:00,1037.232249095,0.03301532900059101,OK,,True,1446,0.18075,,2026-10-03T16:06:34.476844+07:00,1037.2652680170004,0.0328664779999599,OK,,True,2652,0.3315,
4793290d6ecf45aaad5326541298bf5f,1039,2026-10-03T16:06:35.257916+07:00,1038.0463306910005,23.245948882999983,WAIT_FINISH,1038.1929977030004,0.9999992080001903,0.25553289399977075,9.046400009538047e-05,DISABLED,on,user_reported,36.622188568115234,53.21590805053711,1006.765625,118491.09375,True,True,True,176,0,0,109,178,101,2026-10-03T16:06:35.257999+07:00,1038.0464255060006,0.18581907599946135,OK,,True,2026-10-03T16:06:35.443831+07:00,1038.2322534150007,0.03487005699935253,OK,,True,1436,0.1795,,2026-10-03T16:06:35.478713+07:00,1038.2671329160003,0.03471989199988457,OK,,True,2642,0.33025,
4793290d6ecf45aaad5326541298bf5f,1040,2026-10-03T16:06:36.257907+07:00,1039.0463226420006,24.245940834000066,WAIT_FINISH,1039.1929896540005,0.9999919510000836,0.26096026499999425,8.241500017902581e-05,DISABLED,on,user_reported,36.61517333984375,53.208553314208984,1006.740625,118573.4140625,True,True,True,176,0,0,109,178,101,2026-10-03T16:06:36.257992+07:00,1039.0464188640008,0.18971728999986226,OK,,True,2026-10-03T16:06:36.447732+07:00,1039.2361511360004,0.035995475000163424,OK,,True,1440,0.18,,2026-10-03T16:06:36.483735+07:00,1039.2721553150004,0.03510987000026944,OK,,True,2657,0.332125,
4793290d6ecf45aaad5326541298bf5f,1041,2026-10-03T16:06:37.257918+07:00,1040.0463333910002,25.245951582999623,WAIT_FINISH,1040.193000403,1.000010748999557,0.25226536199988914,9.316399973613443e-05,DISABLED,on,user_reported,36.61836242675781,53.20267868041992,1006.786796875,118491.09375,True,True,True,176,0,0,109,178,101,2026-10-03T16:06:37.257999+07:00,1040.046424964,0.18581698500020138,OK,,True,2026-10-03T16:06:37.443828+07:00,1040.2322502080006,0.033424936999836063,OK,,True,1430,0.17875,,2026-10-03T16:06:37.477258+07:00,1040.265680738,0.03290818100049364,OK,,True,2643,0.33037500000000003,
4793290d6ecf45aaad5326541298bf5f,1042,2026-10-03T16:06:38.257908+07:00,1041.0463239370001,26.24594212899956,WAIT_FINISH,1041.192990949,0.9999905459999354,0.25219689999994443,8.370999967155512e-05,DISABLED,on,user_reported,36.620277404785156,53.20294952392578,1006.783125,118573.4140625,True,True,True,176,0,0,109,178,101,2026-10-03T16:06:38.257986+07:00,1041.046412363,0.1858154290002858,OK,,True,2026-10-03T16:06:38.443815+07:00,1041.2322366060007,0.03334906799955206,OK,,True,1435,0.179375,,2026-10-03T16:06:38.477169+07:00,1041.26559147,0.03291947800062189,OK,,True,2647,0.33087500000000003,
4793290d6ecf45aaad5326541298bf5f,1043,2026-10-03T16:06:39.257907+07:00,1042.0463236700007,27.24594186200011,WAIT_FINISH,1042.1929906820005,0.9999997330005499,0.2520764009996128,8.344300022145035e-05,DISABLED,on,user_reported,36.62282943725586,53.19064712524414,1006.794140625,118573.4140625,True,True,True,176,0,0,109,178,101,2026-10-03T16:06:39.257982+07:00,1042.0464083360002,0.18581207799979893,OK,,True,2026-10-03T16:06:39.443807+07:00,1042.2322291180008,0.03322162399945228,OK,,True,1451,0.181375,,2026-10-03T16:06:39.477034+07:00,1042.2654562050002,0.03293370000028517,OK,,True,2652,0.3315,
4793290d6ecf45aaad5326541298bf5f,1044,2026-10-03T16:06:40.257950+07:00,1043.0463635710003,28.24598176299969,WAIT_FINISH,1043.193030583,1.0000399009995817,0.25213040099970385,0.00012334399980318267,DISABLED,on,user_reported,36.621551513671875,53.190460205078125,1006.79890625,118738.40625,True,True,True,176,0,0,109,178,101,2026-10-03T16:06:40.258038+07:00,1043.046463793,0.18582657700062555,OK,,True,2026-10-03T16:06:40.443877+07:00,1043.2322988700007,0.03305969999928493,OK,,True,1440,0.18,,2026-10-03T16:06:40.476939+07:00,1043.2653630140003,0.033120383999630576,OK,,True,2638,0.32975,
4793290d6ecf45aaad5326541298bf5f,1045,2026-10-03T16:06:41.257909+07:00,1044.0463249560007,29.24594314800015,WAIT_FINISH,1044.1929919680006,0.9999613850004607,0.25205173499944067,8.472900026390562e-05,DISABLED,on,user_reported,36.62282943725586,53.18430709838867,1006.780390625,118573.4140625,True,True,True,176,0,0,109,178,101,2026-10-03T16:06:41.257986+07:00,1044.0464122700005,0.18584031899990805,OK,,True,2026-10-03T16:06:41.443839+07:00,1044.232261663,0.03302673600046546,OK,,True,1442,0.18025,,2026-10-03T16:06:41.476867+07:00,1044.2652923250007,0.033073994999540446,OK,,True,2648,0.331,
4793290d6ecf45aaad5326541298bf5f,1046,2026-10-03T16:06:42.257951+07:00,1045.0463653040006,30.245983496000008,WAIT_FINISH,1045.1930323160004,1.0000403479998567,0.25238619599986123,0.0001250770001206547,DISABLED,on,user_reported,36.6247444152832,53.18458557128906,1006.74234375,118408.8828125,True,True,True,176,0,0,109,178,101,2026-10-03T16:06:42.258036+07:00,1045.0464623960006,0.18583944799956953,OK,,True,2026-10-03T16:06:42.443889+07:00,1045.2323110480002,0.033476751999842236,OK,,True,1436,0.1795,,2026-10-03T16:06:42.477370+07:00,1045.265792782,0.03294627400009631,OK,,True,2651,0.33137500000000003,
4793290d6ecf45aaad5326541298bf5f,1047,2026-10-03T16:06:43.257919+07:00,1046.0463343770007,31.24595256900011,WAIT_FINISH,1046.1930013890005,0.9999690730001021,0.25252471399926435,9.41500002227258e-05,DISABLED,on,user_reported,36.62346649169922,53.18439865112305,1006.7471875,118821.0703125,True,True,True,176,0,0,109,178,101,2026-10-03T16:06:43.258005+07:00,1046.0464312650001,0.18603563200031203,OK,,True,2026-10-03T16:06:43.444055+07:00,1046.232476823,0.03313977300058468,OK,,True,1444,0.1805,,2026-10-03T16:06:43.477199+07:00,1046.265621855,0.033223143000213895,OK,,True,2646,0.33075,
4793290d6ecf45aaad5326541298bf5f,1048,2026-10-03T16:06:44.257916+07:00,1047.0463323020003,32.24595049399977,WAIT_FINISH,1047.1929993140002,0.9999979249996613,0.2535304479997649,9.207499988406198e-05,DISABLED,on,user_reported,36.62665557861328,53.18486022949219,1006.7525,118903.8515625,True,True,True,176,0,0,109,178,101,2026-10-03T16:06:44.257992+07:00,1047.0464180790004,0.18654933299967524,OK,,True,2026-10-03T16:06:44.444555+07:00,1047.232977357,0.033918008000000555,OK,,True,1446,0.18075,,2026-10-03T16:06:44.478479+07:00,1047.2669014950006,0.032950884999991104,OK,,True,2647,0.33087500000000003,
4793290d6ecf45aaad5326541298bf5f,1049,2026-10-03T16:06:45.258988+07:00,1048.0473919630003,33.24701015499977,WAIT_FINISH,1048.1940589750002,1.0010596609999993,0.25456494100035343,0.0011517359998833854,DISABLED,on,user_reported,36.621551513671875,53.17144012451172,1006.757890625,118821.0703125,True,True,True,176,0,0,109,178,101,2026-10-03T16:06:45.259106+07:00,1048.0475323320006,0.1869420530001662,OK,,True,2026-10-03T16:06:45.446061+07:00,1048.234482885,0.03455107800073165,OK,,True,1437,0.179625,,2026-10-03T16:06:45.480617+07:00,1048.2690398520008,0.03290695999930904,OK,,True,2645,0.330625,
4793290d6ecf45aaad5326541298bf5f,1050,2026-10-03T16:06:46.257922+07:00,1049.0463369910003,34.24595518299975,WAIT_FINISH,1049.1930040030002,0.9989450279999801,0.25404575999982626,9.676399986346951e-05,DISABLED,on,user_reported,36.620277404785156,53.164913177490234,1006.789921875,118655.8515625,True,True,True,176,0,0,109,178,101,2026-10-03T16:06:46.258005+07:00,1049.046431787,0.18591609700069966,OK,,True,2026-10-03T16:06:46.443938+07:00,1049.2323591990007,0.03508664799937833,OK,,True,1435,0.179375,,2026-10-03T16:06:46.479029+07:00,1049.2674517180003,0.03292105200034712,OK,,True,2647,0.33087500000000003,
4793290d6ecf45aaad5326541298bf5f,1051,2026-10-03T16:06:47.258007+07:00,1050.0464120320003,35.246030223999696,WAIT_FINISH,1050.1930790440001,1.0000750409999455,0.26415959800033306,0.00017180499980895547,DISABLED,on,user_reported,36.61772537231445,53.139183044433594,1006.731015625,118738.40625,True,True,True,176,0,0,109,178,101,2026-10-03T16:06:47.258162+07:00,1050.0465861970006,0.19581021500016504,OK,,True,2026-10-03T16:06:47.453996+07:00,1050.2424144120005,0.03536677600004623,OK,,True,1429,0.178625,,2026-10-03T16:06:47.489365+07:00,1050.2777877620001,0.032771554000646574,OK,,True,2635,0.32937500000000003,
4793290d6ecf45aaad5326541298bf5f,1052,2026-10-03T16:06:48.257921+07:00,1051.0463355560005,36.24595374799992,WAIT_FINISH,1051.1930025680003,0.9999235240002236,0.2579683269996167,9.532900003250688e-05,DISABLED,on,user_reported,36.61581039428711,53.1262321472168,1006.878359375,118408.8828125,True,True,True,176,0,0,109,178,101,2026-10-03T16:06:48.258006+07:00,1051.0464313520006,0.18843702499998471,OK,,True,2026-10-03T16:06:48.446455+07:00,1051.2348765430006,0.0352695000001404,OK,,True,1434,0.17925,,2026-10-03T16:06:48.481734+07:00,1051.2701527830004,0.03413395200004743,OK,,True,2640,0.33,
4793290d6ecf45aaad5326541298bf5f,1053,2026-10-03T16:06:49.257914+07:00,1052.0463307300006,37.245948922000025,WAIT_FINISH,1052.1929977420004,0.9999951740001052,0.2547675159994469,9.05030001376872e-05,DISABLED,on,user_reported,36.60879135131836,53.11254119873047,1006.826171875,118738.40625,True,True,True,176,0,0,109,178,101,2026-10-03T16:06:49.257991+07:00,1052.046417822,0.18595693099996424,OK,,True,2026-10-03T16:06:49.443971+07:00,1052.2323882710007,0.035310128999299195,OK,,True,1431,0.178875,,2026-10-03T16:06:49.479285+07:00,1052.267705882,0.0333791970006132,OK,,True,2634,0.32925,
4793290d6ecf45aaad5326541298bf5f,1054,2026-10-03T16:06:50.257920+07:00,1053.0463346830002,38.2459528749996,WAIT_FINISH,1053.193001695,1.0000039529995775,0.2527009559998987,9.44559997151373e-05,DISABLED,on,user_reported,36.61581039428711,53.113555908203125,1006.796328125,119236.140625,True,True,True,176,0,0,109,178,101,2026-10-03T16:06:50.258001+07:00,1053.0464271270002,0.18584478400043736,OK,,True,2026-10-03T16:06:50.443860+07:00,1053.232282133,0.032888090000597,OK,,True,1449,0.181125,,2026-10-03T16:06:50.476753+07:00,1053.2651753340006,0.03384737899978063,OK,,True,2643,0.33037500000000003,
4793290d6ecf45aaad5326541298bf5f,1055,2026-10-03T16:06:51.257918+07:00,1054.0463341740005,39.24595236599998,WAIT_FINISH,1054.1930011860004,0.9999994910003807,0.2522531260001415,9.394700009579537e-05,DISABLED,on,user_reported,36.617088317871094,53.120086669921875,1006.784921875,118408.8828125,True,True,True,176,0,0,109,178,101,2026-10-03T16:06:51.257993+07:00,1054.0464193960006,0.18581658099992637,OK,,True,2026-10-03T16:06:51.443821+07:00,1054.2322437360008,0.03359310299947538,OK,,True,1427,0.178375,,2026-10-03T16:06:51.477420+07:00,1054.2658430430001,0.03273207199981698,OK,,True,2637,0.329625,
4793290d6ecf45aaad5326541298bf5f,1056,2026-10-03T16:06:52.259375+07:00,1055.047780453,40.24739864499952,WAIT_FINISH,1055.194447465,1.0014462789995378,0.2553074400002515,0.0015402259996335488,DISABLED,on,user_reported,36.62538146972656,53.11495590209961,1006.7571875,118821.0703125,True,True,True,176,0,0,109,178,101,2026-10-03T16:06:52.259476+07:00,1055.0479026010007,0.185861339999974,OK,,True,2026-10-03T16:06:52.445351+07:00,1055.2337727740005,0.033815453999523015,OK,,True,1440,0.18,,2026-10-03T16:06:52.479171+07:00,1055.2675940060008,0.03546946099959314,OK,,True,2651,0.33137500000000003,
4793290d6ecf45aaad5326541298bf5f,1057,2026-10-03T16:06:53.258011+07:00,1056.046416735,41.24603492699953,WAIT_FINISH,1056.193083747,0.9986362820000068,0.26587957100036874,0.0001765079996403074,DISABLED,on,user_reported,36.61644744873047,53.10731506347656,1006.783828125,118408.8828125,True,True,True,176,0,0,109,178,101,2026-10-03T16:06:53.258157+07:00,1056.046581345,0.19175954000002093,OK,,True,2026-10-03T16:06:53.449939+07:00,1056.2383574590003,0.03653658399980486,OK,,True,1446,0.18075,,2026-10-03T16:06:53.486492+07:00,1056.2749092470003,0.03736531800041121,OK,,True,2651,0.33137500000000003,
4793290d6ecf45aaad5326541298bf5f,1058,2026-10-03T16:06:54.258010+07:00,1057.04641499,42.24603318199934,WAIT_FINISH,1057.1930820019998,0.9999982549998094,0.2690461050005979,0.00017476299944974016,DISABLED,on,user_reported,36.61836242675781,53.10758972167969,1006.74578125,118821.0703125,True,True,True,176,0,0,109,178,101,2026-10-03T16:06:54.258179+07:00,1057.0466032110007,0.19176541099932365,OK,,True,2026-10-03T16:06:54.449964+07:00,1057.2383833630001,0.04149223400054325,OK,,True,1424,0.178,,2026-10-03T16:06:54.491472+07:00,1057.2798897830007,0.035543922999750066,OK,,True,2650,0.33125,
4793290d6ecf45aaad5326541298bf5f,1059,2026-10-03T16:06:55.257929+07:00,1058.0463449870003,43.24596317899977,WAIT_FINISH,1058.1930119990002,0.9999299970004358,0.2620432459998483,0.00010475999988557305,DISABLED,on,user_reported,36.61517333984375,53.11346435546875,1006.740625,118491.09375,True,True,True,176,0,0,109,178,101,2026-10-03T16:06:55.258003+07:00,1058.0464298200004,0.18604950600001757,OK,,True,2026-10-03T16:06:55.444075+07:00,1058.2324937890007,0.0336746029997812,OK,,True,1425,0.178125,,2026-10-03T16:06:55.477754+07:00,1058.2661754480005,0.04218861899971671,OK,,True,2627,0.32837500000000003,
4793290d6ecf45aaad5326541298bf5f,1060,2026-10-03T16:06:56.257934+07:00,1059.0463503560004,44.24596854799984,WAIT_FINISH,1059.1930173680003,1.000005369000064,0.25332691699986754,0.00011012899994966574,DISABLED,on,user_reported,36.617088317871094,53.1074104309082,1006.7575,118903.8515625,True,True,True,176,0,0,109,178,101,2026-10-03T16:06:56.258008+07:00,1059.0464347630004,0.1858084899995447,OK,,True,2026-10-03T16:06:56.443828+07:00,1059.232250864,0.033088977000261366,OK,,True,1439,0.179875,,2026-10-03T16:06:56.476918+07:00,1059.2653432120005,0.03432132099987939,OK,,True,2641,0.330125,
4793290d6ecf45aaad5326541298bf5f,1061,2026-10-03T16:06:57.257915+07:00,1060.0463308750004,45.245949066999856,WAIT_FINISH,1060.1929978870003,0.9999805190000188,0.2543843729999935,9.064799996849615e-05,DISABLED,on,user_reported,36.613258361816406,53.106842041015625,1006.77859375,118738.40625,True,True,True,176,0,0,109,178,101,2026-10-03T16:06:57.258002+07:00,1060.0464283000001,0.18581797200022265,OK,,True,2026-10-03T16:06:57.443832+07:00,1060.2322541600006,0.03309819999958563,OK,,True,1434,0.17925,,2026-10-03T16:06:57.476934+07:00,1060.265356768,0.03534499900069932,OK,,True,2646,0.33075,
4793290d6ecf45aaad5326541298bf5f,1062,2026-10-03T16:06:58.257921+07:00,1061.0463380250003,46.24595621699973,WAIT_FINISH,1061.1930050370001,1.000007149999874,0.2517747430001691,9.779799984244164e-05,DISABLED,on,user_reported,36.60751724243164,53.10601043701172,1006.748671875,119069.765625,True,True,True,176,0,0,109,178,101,2026-10-03T16:06:58.257996+07:00,1061.046421987,0.18581541599996854,OK,,True,2026-10-03T16:06:58.443822+07:00,1061.2322449580006,0.032986090000122203,OK,,True,1433,0.179125,,2026-10-03T16:06:58.476808+07:00,1061.2652339920005,0.03286922000006598,OK,,True,2648,0.331,
4793290d6ecf45aaad5326541298bf5f,1063,2026-10-03T16:06:59.257918+07:00,1062.0463336020002,47.245951793999666,WAIT_FINISH,1062.193000614,0.999995576999936,0.25179116900017107,9.337499977846164e-05,DISABLED,on,user_reported,36.61134338378906,53.1129035949707,1006.75484375,118821.0703125,True,True,True,176,0,0,109,178,101,2026-10-03T16:06:59.258003+07:00,1062.046429379,0.1858196200000748,OK,,True,2026-10-03T16:06:59.443834+07:00,1062.2322568500003,0.03297675700014224,OK,,True,1446,0.18075,,2026-10-03T16:06:59.476811+07:00,1062.265236792,0.032877331000236154,OK,,True,2647,0.33087500000000003,
4793290d6ecf45aaad5326541298bf5f,1064,2026-10-03T16:07:00.257978+07:00,1063.0463856610004,48.24600385299982,WAIT_FINISH,1063.1930526730002,1.0000520590001543,0.2622198210001443,0.00014543399993272033,DISABLED,on,user_reported,36.613258361816406,53.113182067871094,1006.758125,118903.8515625,True,True,True,176,0,0,109,178,101,2026-10-03T16:07:00.258131+07:00,1063.046555641,0.1917875240005742,OK,,True,2026-10-03T16:07:00.449940+07:00,1063.2383584610006,0.03543614699992759,OK,,True,1449,0.181125,,2026-10-03T16:07:00.485382+07:00,1063.273803831,0.03478341000027285,OK,,True,2659,0.33237500000000003,
4793290d6ecf45aaad5326541298bf5f,1065,2026-10-03T16:07:01.257925+07:00,1064.046342093,49.245960284999455,WAIT_FINISH,1064.1930091049999,0.9999564319996352,0.25176276300044265,0.00010186599956796272,DISABLED,on,user_reported,36.61198043823242,53.11299514770508,1006.721875,118244.8046875,True,True,True,176,0,0,109,178,101,2026-10-03T16:07:01.257998+07:00,1064.0464241110003,0.18581219499992585,OK,,True,2026-10-03T16:07:01.443821+07:00,1064.2322441200004,0.0329659230001198,OK,,True,1440,0.18,,2026-10-03T16:07:01.476787+07:00,1064.2652132660005,0.03288192299987713,OK,,True,2649,0.331125,
4793290d6ecf45aaad5326541298bf5f,1066,2026-10-03T16:07:02.257912+07:00,1065.046327952,50.24594614399939,WAIT_FINISH,1065.1929949639998,0.9999858589999349,0.25203053900077066,8.772499950282509e-05,DISABLED,on,user_reported,36.60688018798828,53.124935150146484,1006.761328125,118573.4140625,True,True,True,176,0,0,109,178,101,2026-10-03T16:07:02.257996+07:00,1065.0464219700007,0.18582723199961038,OK,,True,2026-10-03T16:07:02.443835+07:00,1065.232257572,0.03311316300005274,OK,,True,1433,0.179125,,2026-10-03T16:07:02.476952+07:00,1065.265375346,0.032973571000184165,OK,,True,2650,0.33125,
4793290d6ecf45aaad5326541298bf5f,1067,2026-10-03T16:07:03.257910+07:00,1066.046326664,51.24594485599937,WAIT_FINISH,1066.1929936759998,0.9999987119999787,0.2519574289999582,8.643699948152062e-05,DISABLED,on,user_reported,36.60688018798828,53.143951416015625,1006.781875,118573.4140625,True,True,True,176,0,0,109,178,101,2026-10-03T16:07:03.257980+07:00,1066.0464065160004,0.18580938000013703,OK,,True,2026-10-03T16:07:03.443800+07:00,1066.2322228030007,0.033130088999314466,OK,,True,1448,0.181,,2026-10-03T16:07:03.476931+07:00,1066.2653559850005,0.03291822000028333,OK,,True,2649,0.331125,
4793290d6ecf45aaad5326541298bf5f,1068,2026-10-03T16:07:04.257913+07:00,1067.0463302300004,52.245948421999856,WAIT_FINISH,1067.1929972420003,1.000003566000487,0.2517674860000625,9.000299996841932e-05,DISABLED,on,user_reported,36.603050231933594,53.15605926513672,1006.7346875,119069.765625,True,True,True,176,0,0,109,178,101,2026-10-03T16:07:04.257989+07:00,1067.0464149890004,0.18581649099996866,OK,,True,2026-10-03T16:07:04.443818+07:00,1067.2322397950002,0.03300418199978594,OK,,True,1436,0.1795,,2026-10-03T16:07:04.476822+07:00,1067.265247366,0.03284222000002046,OK,,True,2647,0.33087500000000003,
4793290d6ecf45aaad5326541298bf5f,1069,2026-10-03T16:07:05.257914+07:00,1068.0463297040005,53.24594789599996,WAIT_FINISH,1068.1929967160004,0.9999994740001057,0.2518232269994769,8.947700007411186e-05,DISABLED,on,user_reported,36.599220275878906,53.174522399902344,1006.742109375,118573.4140625,True,True,True,176,0,0,109,178,101,2026-10-03T16:07:05.257997+07:00,1068.046423148,0.18581917700066697,OK,,True,2026-10-03T16:07:05.443827+07:00,1068.232249918,0.03300503400078014,OK,,True,1442,0.18025,,2026-10-03T16:07:05.476833+07:00,1068.2652583960007,0.03288484999939101,OK,,True,2649,0.331125,
4793290d6ecf45aaad5326541298bf5f,1070,2026-10-03T16:07:06.257912+07:00,1069.0463277540002,54.245945945999665,WAIT_FINISH,1069.192994766,0.9999980499997037,0.251768228000401,8.752699977776501e-05,DISABLED,on,user_reported,36.599220275878906,53.16818618774414,1006.8584375,118573.4140625,True,True,True,176,0,0,109,178,101,2026-10-03T16:07:06.257997+07:00,1069.0464229940007,0.18581199199979892,OK,,True,2026-10-03T16:07:06.443819+07:00,1069.2322419310003,0.032990644999699725,OK,,True,1433,0.179125,,2026-10-03T16:07:06.476810+07:00,1069.2652356500002,0.03285188700010622,OK,,True,2645,0.330625,
4793290d6ecf45aaad5326541298bf5f,1071,2026-10-03T16:07:07.257958+07:00,1070.046370657,55.24598884899933,WAIT_FINISH,1070.1930376689998,1.0000429029996667,0.2524283530001412,0.0001304299994444591,DISABLED,on,user_reported,36.59986114501953,53.20631790161133,1006.85265625,118738.40625,True,True,True,176,0,0,109,178,101,2026-10-03T16:07:07.258054+07:00,1070.0464806010004,0.1861953600000561,OK,,True,2026-10-03T16:07:07.444261+07:00,1070.232683739,0.03319551399999909,OK,,True,1441,0.180125,,2026-10-03T16:07:07.477461+07:00,1070.2658838460002,0.03290614599973196,OK,,True,2649,0.331125,
4793290d6ecf45aaad5326541298bf5f,1072,2026-10-03T16:07:08.257914+07:00,1071.046330747,56.24594893899939,WAIT_FINISH,1071.1929977589998,0.9999600900000587,0.2516903400000956,9.051999950315803e-05,DISABLED,on,user_reported,36.59794616699219,53.193363189697266,1006.801484375,118326.7890625,True,True,True,176,0,0,109,178,101,2026-10-03T16:07:08.257988+07:00,1071.0464146540007,0.18581047399948147,OK,,True,2026-10-03T16:07:08.443809+07:00,1071.232232665,0.032967590000225755,OK,,True,1444,0.1805,,2026-10-03T16:07:08.476777+07:00,1071.2652031440002,0.0328096840003127,OK,,True,2648,0.331,
4793290d6ecf45aaad5326541298bf5f,1073,2026-10-03T16:07:09.257913+07:00,1072.0463298940003,57.24594808599977,WAIT_FINISH,1072.1929969060002,0.9999991470003806,0.25169609899967327,8.966699988377513e-05,DISABLED,on,user_reported,36.599220275878906,53.20622253417969,1006.81734375,118573.4140625,True,True,True,176,0,0,109,178,101,2026-10-03T16:07:09.257982+07:00,1072.0464082080007,0.18581447399992612,OK,,True,2026-10-03T16:07:09.443807+07:00,1072.2322301820004,0.03296720199978154,OK,,True,1448,0.181,,2026-10-03T16:07:09.476775+07:00,1072.265200717,0.03281725800025015,OK,,True,2649,0.331125,
4793290d6ecf45aaad5326541298bf5f,1074,2026-10-03T16:07:10.257913+07:00,1073.0463297080005,58.24594789999992,WAIT_FINISH,1073.1929967200003,0.999999814000148,0.25195685800008505,8.948100003181025e-05,DISABLED,on,user_reported,36.60751724243164,53.220115661621094,1006.77609375,118738.40625,True,True,True,176,0,0,109,178,101,2026-10-03T16:07:10.257985+07:00,1073.0464110970006,0.18580389999988256,OK,,True,2026-10-03T16:07:10.443800+07:00,1073.2322229230003,0.03318183000010322,OK,,True,1444,0.1805,,2026-10-03T16:07:10.476982+07:00,1073.2654077340003,0.03286903499974869,OK,,True,2653,0.331625,
4793290d6ecf45aaad5326541298bf5f,1075,2026-10-03T16:07:11.257917+07:00,1074.0463324320008,59.245950624000216,WAIT_FINISH,1074.1929994440006,1.0000027240002964,0.251744043999679,9.22050003282493e-05,DISABLED,on,user_reported,36.60688018798828,53.22002410888672,1006.80921875,118573.4140625,True,True,True,176,0,0,109,178,101,2026-10-03T16:07:11.258003+07:00,1074.0464294680005,0.18581923399960942,OK,,True,2026-10-03T16:07:11.443834+07:00,1074.2322563500002,0.032979460999740695,OK,,True,1443,0.180375,,2026-10-03T16:07:11.476813+07:00,1074.2652389040004,0.03282838700033608,OK,,True,2643,0.33037500000000003,
4793290d6ecf45aaad5326541298bf5f,1076,2026-10-03T16:07:12.258143+07:00,1075.0465565070008,60.24617469900022,WAIT_FINISH,1075.1932235190006,1.0002240750000055,0.2519223579993195,0.00031628000033379067,DISABLED,on,user_reported,36.60113525390625,53.21918869018555,1006.75890625,118326.7890625,True,True,True,176,0,0,109,178,101,2026-10-03T16:07:12.258229+07:00,1075.0466558030002,0.18584799299969745,OK,,True,2026-10-03T16:07:12.444090+07:00,1075.2325122780003,0.03309647799960658,OK,,True,1440,0.18,,2026-10-03T16:07:12.477190+07:00,1075.2656133670007,0.03285651699934533,OK,,True,2647,0.33087500000000003,
