run_id,seq,timestamp,elapsed_s,phase_elapsed_s,phase,sensor_uptime_s,loop_interval_s,loop_duration_s,schedule_lag_s,pump_command,external_pump_state,external_pump_source,temperature_c,humidity_pct,pressure_hpa,gas_resistance_ohm,gas_valid,heater_stable,new_data,bme_status_bits,bme_meas_index,bme_gas_index,bme_res_heat,bme_idac,bme_gas_wait,bme_read_started_at,bme_read_elapsed_s,bme_read_duration_s,bme_status,bme_error,bme_fresh,mq135_read_started_at,mq135_read_elapsed_s,mq135_read_duration_s,mq135_status,mq135_error,mq135_fresh,mq135_adc_count,mq135_voltage_v,mq135_ao_voltage_v,mq3_read_started_at,mq3_read_elapsed_s,mq3_read_duration_s,mq3_status,mq3_error,mq3_fresh,mq3_adc_count,mq3_voltage_v,mq3_ao_voltage_v
f494914bfa81459dbf15a686ddfc6c1a,1,2026-10-03T11:26:41.372311+07:00,0.06927338600007715,0.06927338600007715,MONITOR,0.18228963399997156,,0.2553186390000519,4.4611000248551136e-05,DISABLED,unknown,not_reported,38.54073715209961,65.51131439208984,1012.175078125,21783.525390625,True,False,True,160,0,0,109,158,101,2026-10-03T11:26:41.372451+07:00,0.06942825499982064,0.1864349730003596,OK,,True,2026-10-03T11:26:41.558902+07:00,0.25587443099993834,0.03543229800015979,OK,,True,845,0.105625,,2026-10-03T11:26:41.594340+07:00,0.2913143030000356,0.03326357400010238,OK,,True,2155,0.26937500000000003,
f494914bfa81459dbf15a686ddfc6c1a,2,2026-10-03T11:26:42.372431+07:00,1.0693941439999435,1.0693941439999435,MONITOR,1.1824103919998379,1.0001207579998663,0.25659092600017175,0.00016536900011487887,DISABLED,unknown,not_reported,38.66515350341797,65.39117431640625,1012.205625,5684.84619140625,True,True,True,176,0,0,109,177,101,2026-10-03T11:26:42.372526+07:00,1.069503903000168,0.18791420199977438,OK,,True,2026-10-03T11:26:42.560462+07:00,1.2574297529999967,0.034457193999969604,OK,,True,852,0.1065,,2026-10-03T11:26:42.594920+07:00,1.2918942430001152,0.034077531000093586,OK,,True,2158,0.26975,
f494914bfa81459dbf15a686ddfc6c1a,3,2026-10-03T11:26:43.372396+07:00,2.0693620179999925,2.0693620179999925,MONITOR,2.182378265999887,0.999967874000049,0.25202466600012485,0.00013324300016392954,DISABLED,unknown,not_reported,38.81126403808594,65.14686584472656,1012.2578125,5684.84619140625,True,True,True,176,0,0,109,177,101,2026-10-03T11:26:43.372479+07:00,2.069457998999951,0.18583884800000305,OK,,True,2026-10-03T11:26:43.558339+07:00,2.2553127730002416,0.033114722999926016,OK,,True,854,0.10675,,2026-10-03T11:26:43.591456+07:00,2.2884330890001365,0.03294137300008515,OK,,True,2178,0.27225,
f494914bfa81459dbf15a686ddfc6c1a,4,2026-10-03T11:26:44.372360+07:00,3.0693266900002527,3.0693266900002527,MONITOR,3.182342938000147,0.9999646720002602,0.2518622049997248,9.791500042410917e-05,DISABLED,unknown,not_reported,38.86804962158203,64.85382080078125,1012.23328125,5684.84619140625,True,True,True,176,0,0,109,177,101,2026-10-03T11:26:44.372439+07:00,3.069417763999809,0.18581540400009544,OK,,True,2026-10-03T11:26:44.558267+07:00,3.255241927000043,0.032966003000183264,OK,,True,879,0.109875,,2026-10-03T11:26:44.591235+07:00,3.288211836999835,0.03296576200000345,OK,,True,2169,0.271125,
f494914bfa81459dbf15a686ddfc6c1a,5,2026-10-03T11:26:45.372358+07:00,4.06932651399984,4.06932651399984,MONITOR,4.182342761999735,0.9999998239995875,0.2524802930001897,9.773900001164293e-05,DISABLED,unknown,not_reported,38.89995193481445,64.62403869628906,1012.216484375,5684.84619140625,True,True,True,176,0,0,109,177,101,2026-10-03T11:26:45.372433+07:00,4.069411365000178,0.1858154229998945,OK,,True,2026-10-03T11:26:45.558260+07:00,4.255234158999883,0.03347831300015969,OK,,True,862,0.10775,,2026-10-03T11:26:45.591740+07:00,4.288716786999885,0.03307813100036583,OK,,True,2185,0.273125,
f494914bfa81459dbf15a686ddfc6c1a,6,2026-10-03T11:26:46.372370+07:00,5.069335562000106,5.069335562000106,MONITOR,5.18235181,1.0000090480002655,0.25196913099989615,0.00010678700027710875,DISABLED,unknown,not_reported,38.919090270996094,64.42586517333984,1012.23390625,5684.84619140625,True,True,True,176,0,0,109,177,101,2026-10-03T11:26:46.372475+07:00,5.069453635000173,0.18584910899971874,OK,,True,2026-10-03T11:26:46.558338+07:00,5.255312280999988,0.03302364999990459,OK,,True,867,0.108375,,2026-10-03T11:26:46.591363+07:00,5.288339967999946,0.03295541099987531,OK,,True,2175,0.27187500000000003,
f494914bfa81459dbf15a686ddfc6c1a,7,2026-10-03T11:26:47.372420+07:00,6.069381409000016,6.069381409000016,MONITOR,6.18239765699991,1.0000458469999103,0.25770988400017814,0.00015263400018739048,DISABLED,unknown,not_reported,38.940147399902344,64.2684326171875,1012.240625,5684.84619140625,True,True,True,176,0,0,109,177,101,2026-10-03T11:26:47.372536+07:00,6.069514352000169,0.18850745999998253,OK,,True,2026-10-03T11:26:47.561061+07:00,6.258033515000079,0.03420293799990759,OK,,True,857,0.107125,,2026-10-03T11:26:47.595277+07:00,6.292248118999851,0.03481908100002329,OK,,True,2171,0.27137500000000003,
f494914bfa81459dbf15a686ddfc6c1a,8,2026-10-03T11:26:48.372376+07:00,7.069338445000085,7.069338445000085,MONITOR,7.182354692999979,0.9999570360000689,0.2518535599997449,0.00010967000025630114,DISABLED,unknown,not_reported,38.95099639892578,64.14287567138672,1012.230703125,5684.84619140625,True,True,True,176,0,0,109,177,101,2026-10-03T11:26:48.372457+07:00,7.069435889000033,0.1858330909999495,OK,,True,2026-10-03T11:26:48.558303+07:00,7.255277238999952,0.03299654000011287,OK,,True,876,0.1095,,2026-10-03T11:26:48.591302+07:00,7.288277797999854,0.03290405899997495,OK,,True,2173,0.271625,
f494914bfa81459dbf15a686ddfc6c1a,9,2026-10-03T11:26:49.372348+07:00,8.069315371999892,8.069315371999892,MONITOR,8.182331619999786,0.9999769269998069,0.25201159600010214,8.659700006319326e-05,DISABLED,unknown,not_reported,38.96375274658203,64.05792236328125,1012.244453125,5724.5078125,True,True,True,176,0,0,109,177,101,2026-10-03T11:26:49.372423+07:00,8.069401872000071,0.18581385100014813,OK,,True,2026-10-03T11:26:49.558249+07:00,8.255223630999808,0.03297137300023678,OK,,True,865,0.108125,,2026-10-03T11:26:49.591223+07:00,8.288198689000183,0.03311655699963012,OK,,True,2174,0.27175,
f494914bfa81459dbf15a686ddfc6c1a,10,2026-10-03T11:26:50.372360+07:00,9.069327542999872,9.069327542999872,MONITOR,9.182343790999766,1.0000121709999803,0.2523302050003622,9.876800004349207e-05,DISABLED,unknown,not_reported,38.96184158325195,63.97050094604492,1012.200390625,6479.04443359375,True,True,True,176,0,0,109,176,101,2026-10-03T11:26:50.372439+07:00,9.069417264000094,0.18582553799978996,OK,,True,2026-10-03T11:26:50.558276+07:00,9.255250728000192,0.0332695369997964,OK,,True,857,0.107125,,2026-10-03T11:26:50.591549+07:00,9.288524728000084,0.03312061299993729,OK,,True,2175,0.27187500000000003,
f494914bfa81459dbf15a686ddfc6c1a,11,2026-10-03T11:26:51.372359+07:00,10.069326456999988,10.069326456999988,MONITOR,10.182342704999883,0.9999989140001162,0.25519910999992135,9.768200015969342e-05,DISABLED,unknown,not_reported,38.97587966918945,63.91260528564453,1012.229921875,6920.4150390625,True,True,True,176,0,0,109,177,101,2026-10-03T11:26:51.372451+07:00,10.069429455999853,0.18911382800024512,OK,,True,2026-10-03T11:26:51.561579+07:00,10.258552487000088,0.033031872999799816,OK,,True,850,0.10625,,2026-10-03T11:26:51.594612+07:00,10.29158865599993,0.032927670999924885,OK,,True,2176,0.272,
f494914bfa81459dbf15a686ddfc6c1a,12,2026-10-03T11:26:52.372367+07:00,11.06933378199983,11.06933378199983,MONITOR,11.182350029999725,1.0000073249998422,0.25213781900038157,0.00010500700000193319,DISABLED,unknown,not_reported,38.980979919433594,63.84652328491211,1012.224453125,7644.529296875,True,True,True,176,0,0,109,177,101,2026-10-03T11:26:52.372445+07:00,11.069424096000148,0.1858551489999627,OK,,True,2026-10-03T11:26:52.558314+07:00,11.255287967000186,0.03321181599994816,OK,,True,844,0.1055,,2026-10-03T11:26:52.591530+07:00,11.288504728000134,0.03295520699975896,OK,,True,2169,0.271125,
f494914bfa81459dbf15a686ddfc6c1a,13,2026-10-03T11:26:53.372357+07:00,12.069323849999819,12.069323849999819,MONITOR,12.182340097999713,0.9999900679999882,0.25249902100040345,9.507499999017455e-05,DISABLED,unknown,not_reported,38.991188049316406,63.81477355957031,1012.21359375,8357.2734375,True,True,True,176,0,0,109,177,101,2026-10-03T11:26:53.372434+07:00,12.069412571000157,0.18585415000006833,OK,,True,2026-10-03T11:26:53.558302+07:00,12.25527655499991,0.03340653600025689,OK,,True,839,0.104875,,2026-10-03T11:26:53.591713+07:00,12.288688109999839,0.03312176100007491,OK,,True,2169,0.271125,
f494914bfa81459dbf15a686ddfc6c1a,14,2026-10-03T11:26:54.372374+07:00,13.069341143000202,13.069341143000202,MONITOR,13.182357391000096,1.0000172930003828,0.25322977599989827,0.00011236800037295325,DISABLED,unknown,not_reported,38.991188049316406,63.77461624145508,1012.19984375,9067.724609375,True,True,True,176,0,0,109,177,101,2026-10-03T11:26:54.372452+07:00,13.069430902000022,0.1859615749999648,OK,,True,2026-10-03T11:26:54.558428+07:00,13.255402236000009,0.03413647600018521,OK,,True,856,0.107,,2026-10-03T11:26:54.592570+07:00,13.289544175000174,0.03301374400007262,OK,,True,2168,0.271,
f494914bfa81459dbf15a686ddfc6c1a,15,2026-10-03T11:26:55.372365+07:00,14.069332032000148,14.069332032000148,MONITOR,14.182348280000042,0.999990888999946,0.255270444999951,0.00010325700031899032,DISABLED,unknown,not_reported,39.00331497192383,63.729820251464844,1012.20578125,9738.283203125,True,True,True,176,0,0,109,177,101,2026-10-03T11:26:55.372442+07:00,14.069420735000222,0.18605296399982763,OK,,True,2026-10-03T11:26:55.558509+07:00,14.25548264300005,0.035113320000164094,OK,,True,856,0.107,,2026-10-03T11:26:55.593627+07:00,14.290601556000183,0.03399077299991404,OK,,True,2182,0.27275,
f494914bfa81459dbf15a686ddfc6c1a,16,2026-10-03T11:26:56.372352+07:00,15.069319182000072,15.069319182000072,MONITOR,15.182335429999966,0.9999871499999244,0.25301616800015836,9.040700024343096e-05,DISABLED,unknown,not_reported,39.00777816772461,63.710506439208984,1012.22671875,10536.7138671875,True,True,True,176,0,0,109,177,101,2026-10-03T11:26:56.372430+07:00,15.069408663000104,0.18593594699996174,OK,,True,2026-10-03T11:26:56.558378+07:00,15.255352906000098,0.03335181600004944,OK,,True,851,0.106375,,2026-10-03T11:26:56.591736+07:00,15.288710796000032,0.033612443000038184,OK,,True,2179,0.272375,
f494914bfa81459dbf15a686ddfc6c1a,17,2026-10-03T11:26:57.372357+07:00,16.069325150000168,16.069325150000168,MONITOR,16.182341398000062,1.000005968000096,0.2526514859996496,9.637500033932156e-05,DISABLED,unknown,not_reported,39.01543426513672,63.6850471496582,1012.211796875,11295.4462890625,True,True,True,176,0,0,109,177,101,2026-10-03T11:26:57.372437+07:00,16.069416187000115,0.18584276299998237,OK,,True,2026-10-03T11:26:57.558294+07:00,16.255267968000226,0.03357327699995949,OK,,True,840,0.105,,2026-10-03T11:26:57.591871+07:00,16.288845930000207,0.033121520999884524,OK,,True,2173,0.271625,
f494914bfa81459dbf15a686ddfc6c1a,18,2026-10-03T11:26:58.372347+07:00,17.06931445500004,17.06931445500004,MONITOR,17.182330702999934,0.9999893049998718,0.2524883390001378,8.56800002111413e-05,DISABLED,unknown,not_reported,39.01798629760742,63.665409088134766,1012.2159375,12407.91015625,True,True,True,176,0,0,109,177,101,2026-10-03T11:26:58.372429+07:00,17.06940821299986,0.18580465300010474,OK,,True,2026-10-03T11:26:58.558246+07:00,17.25522023600024,0.033519369999794435,OK,,True,861,0.107625,,2026-10-03T11:26:58.591770+07:00,17.28874484700009,0.0330481329997383,OK,,True,2169,0.271125,
f494914bfa81459dbf15a686ddfc6c1a,19,2026-10-03T11:26:59.372354+07:00,18.06932105800024,18.06932105800024,MONITOR,18.182337306000136,1.0000066030002017,0.25284972599956745,9.228300041286275e-05,DISABLED,off,user_reported,39.02245330810547,63.632713317871094,1012.23,13355.5927734375,True,True,True,176,0,0,109,177,101,2026-10-03T11:26:59.372436+07:00,18.06941481700005,0.1859066150000217,OK,,True,2026-10-03T11:26:59.558356+07:00,18.25532983899984,0.03338329700000031,OK,,True,860,0.1075,,2026-10-03T11:26:59.591742+07:00,18.28871813600017,0.03344007399982729,OK,,True,2170,0.27125,
f494914bfa81459dbf15a686ddfc6c1a,20,2026-10-03T11:27:00.372349+07:00,19.06931718299984,19.06931718299984,MONITOR,19.182333430999734,0.9999961249995977,0.2593351950004035,8.84080000105314e-05,DISABLED,off,user_reported,39.023094177246094,63.626129150390625,1012.21046875,14450.21484375,True,True,True,176,0,0,109,177,101,2026-10-03T11:27:00.372430+07:00,19.069408422999913,0.19199019799998496,OK,,True,2026-10-03T11:27:00.564432+07:00,19.26140636199989,0.033151151000311074,OK,,True,846,0.10575,,2026-10-03T11:27:00.597589+07:00,19.29456325299998,0.03407651399993483,OK,,True,2162,0.27025,
f494914bfa81459dbf15a686ddfc6c1a,21,2026-10-03T11:27:01.372354+07:00,20.06932262500004,20.06932262500004,MONITOR,20.182338872999935,1.0000054420002016,0.25567152099984014,9.385000021211454e-05,DISABLED,off,user_reported,39.027557373046875,63.6135139465332,1012.183359375,15579.357421875,True,True,True,176,0,0,109,177,101,2026-10-03T11:27:01.372430+07:00,20.069409180000093,0.1858311539999704,OK,,True,2026-10-03T11:27:01.558275+07:00,20.255249704000107,0.03465791700000409,OK,,True,839,0.104875,,2026-10-03T11:27:01.592939+07:00,20.289913583999805,0.03506763600034901,OK,,True,2158,0.26975,
f494914bfa81459dbf15a686ddfc6c1a,22,2026-10-03T11:27:02.372356+07:00,21.06932497700018,21.06932497700018,MONITOR,21.182341225000073,1.0000023520001378,0.2525430829996367,9.620200034987647e-05,DISABLED,off,user_reported,39.0307502746582,63.60067367553711,1012.23671875,16753.92578125,True,True,True,176,0,0,109,177,101,2026-10-03T11:27:02.372437+07:00,21.069415642999957,0.18585208100012096,OK,,True,2026-10-03T11:27:02.558303+07:00,21.255277261000174,0.03279998599964529,OK,,True,863,0.107875,,2026-10-03T11:27:02.591107+07:00,21.288082098999894,0.03377222000017355,OK,,True,2172,0.2715,
f494914bfa81459dbf15a686ddfc6c1a,23,2026-10-03T11:27:03.372384+07:00,22.06935036899995,22.06935036899995,MONITOR,22.182366616999843,1.0000253919997704,0.2545322910000323,0.0001215940001202398,DISABLED,off,user_reported,39.03712844848633,63.58837890625,1012.23328125,18043.416015625,True,True,True,176,0,0,109,177,101,2026-10-03T11:27:03.372466+07:00,22.06944460900013,0.18580835900002057,OK,,True,2026-10-03T11:27:03.558287+07:00,22.255261135000183,0.03314692899994043,OK,,True,856,0.107,,2026-10-03T11:27:03.591441+07:00,22.28841445199987,0.03545218900035252,OK,,True,2160,0.27,
f494914bfa81459dbf15a686ddfc6c1a,24,2026-10-03T11:27:04.372365+07:00,23.069331820000116,23.069331820000116,MONITOR,23.18234806800001,0.999981451000167,0.2534410210000715,0.00010304500028723851,DISABLED,off,user_reported,39.03968048095703,63.568748474121094,1012.223671875,19317.837890625,True,True,True,176,0,0,109,177,101,2026-10-03T11:27:04.372448+07:00,23.06942657799982,0.1858197670003392,OK,,True,2026-10-03T11:27:04.558279+07:00,23.255253919000097,0.034419011999943905,OK,,True,874,0.10925,,2026-10-03T11:27:04.592704+07:00,23.28967850500021,0.0330834479996156,OK,,True,2182,0.27275,
f494914bfa81459dbf15a686ddfc6c1a,25,2026-10-03T11:27:05.372350+07:00,24.06931901400003,24.06931901400003,MONITOR,24.182335261999924,0.9999871939999139,0.25570220800000243,9.023900020110887e-05,DISABLED,off,user_reported,39.042869567871094,63.542545318603516,1012.208203125,20705.2734375,True,True,True,176,0,0,109,177,101,2026-10-03T11:27:05.372428+07:00,24.06940673500003,0.1858428420000564,OK,,True,2026-10-03T11:27:05.558282+07:00,24.255256799000108,0.03633994099982374,OK,,True,845,0.105625,,2026-10-03T11:27:05.594631+07:00,24.291603296000176,0.033405093000055786,OK,,True,2159,0.26987500000000003,
f494914bfa81459dbf15a686ddfc6c1a,26,2026-10-03T11:27:06.372355+07:00,25.069324470000083,25.069324470000083,MONITOR,25.182340717999978,1.0000054560000535,0.2526988800000254,9.56950002546364e-05,DISABLED,off,user_reported,39.04478454589844,63.54287338256836,1012.21828125,22030.98046875,True,True,True,176,0,0,109,177,101,2026-10-03T11:27:06.372426+07:00,25.069405043000188,0.18580482399966058,OK,,True,2026-10-03T11:27:06.558243+07:00,25.25521786699983,0.032645303000208514,OK,,True,833,0.104125,,2026-10-03T11:27:06.590894+07:00,25.287868762000016,0.03414497699986896,OK,,True,2161,0.270125,
f494914bfa81459dbf15a686ddfc6c1a,27,2026-10-03T11:27:07.372356+07:00,26.06932350199986,26.06932350199986,MONITOR,26.182339749999755,0.9999990319997778,0.2559138010001334,9.472700003243517e-05,DISABLED,off,user_reported,39.049251556396484,63.536949157714844,1012.19109375,23752.087890625,True,True,True,176,0,0,109,177,101,2026-10-03T11:27:07.372436+07:00,26.06941520500004,0.18625772799987317,OK,,True,2026-10-03T11:27:07.558708+07:00,26.25568208100003,0.03611229599982835,OK,,True,868,0.1085,,2026-10-03T11:27:07.594824+07:00,26.29179926500001,0.033425687000089965,OK,,True,2167,0.27087500000000003,
f494914bfa81459dbf15a686ddfc6c1a,28,2026-10-03T11:27:08.372362+07:00,27.069328870999925,27.069328870999925,MONITOR,27.18234511899982,1.000005369000064,0.2522100529999989,0.00010009600009652786,DISABLED,off,user_reported,39.05180358886719,63.53736877441406,1012.2090625,25211.73828125,True,True,True,176,0,0,109,177,101,2026-10-03T11:27:08.372443+07:00,27.06942155600018,0.18581349099986255,OK,,True,2026-10-03T11:27:08.558269+07:00,27.255242712999916,0.03296896800020477,OK,,True,851,0.106375,,2026-10-03T11:27:08.591239+07:00,27.288215476999994,0.03331168800013984,OK,,True,2165,0.270625,
f494914bfa81459dbf15a686ddfc6c1a,29,2026-10-03T11:27:09.372355+07:00,28.069323112999882,28.069323112999882,MONITOR,28.182339360999777,0.999994241999957,0.2516655389999869,9.433800005353987e-05,DISABLED,off,user_reported,39.05562973022461,63.50459289550781,1012.208359375,26627.833984375,True,True,True,176,0,0,109,177,101,2026-10-03T11:27:09.372430+07:00,28.069408760999977,0.18580158400027358,OK,,True,2026-10-03T11:27:09.558243+07:00,28.2552177890002,0.03292717199974504,OK,,True,860,0.1075,,2026-10-03T11:27:09.591171+07:00,28.288148480000018,0.03282119100003911,OK,,True,2177,0.272125,
f494914bfa81459dbf15a686ddfc6c1a,30,2026-10-03T11:27:10.372357+07:00,29.06932602400002,29.06932602400002,MONITOR,29.182342271999914,1.0000029110001378,0.2516445770002065,9.72490001913684e-05,DISABLED,off,user_reported,39.060096740722656,63.491981506347656,1012.215703125,27935.3984375,True,True,True,176,0,0,109,177,101,2026-10-03T11:27:10.372432+07:00,29.069410264999988,0.18579423300025155,OK,,True,2026-10-03T11:27:10.558237+07:00,29.25521199800005,0.033063411000057386,OK,,True,864,0.108,,2026-10-03T11:27:10.591301+07:00,29.28827838999996,0.03267787799995858,OK,,True,2169,0.271125,
f494914bfa81459dbf15a686ddfc6c1a,31,2026-10-03T11:27:11.372357+07:00,30.069324383000094,30.069324383000094,MONITOR,30.182340630999988,0.9999983590000738,0.25472266499991747,9.560800026520155e-05,DISABLED,off,user_reported,39.05754852294922,63.48486328125,1012.1978125,29357.798828125,True,True,True,176,0,0,109,177,101,2026-10-03T11:27:11.372439+07:00,30.06941790100018,0.18581454800005304,OK,,True,2026-10-03T11:27:11.558265+07:00,30.255240060000233,0.03294533799999044,OK,,True,869,0.108625,,2026-10-03T11:27:11.591211+07:00,30.2881884909998,0.035845964000145614,OK,,True,2174,0.27175,
f494914bfa81459dbf15a686ddfc6c1a,32,2026-10-03T11:27:12.372361+07:00,31.06932957700019,31.06932957700019,MONITOR,31.182345825000084,1.0000051940000958,0.25169754099988495,0.00010080200036099995,DISABLED,off,user_reported,39.06328582763672,63.47914505004883,1012.21390625,30666.02734375,True,True,True,176,0,0,109,177,101,2026-10-03T11:27:12.372436+07:00,31.069414595000126,0.18581371599975682,OK,,True,2026-10-03T11:27:12.558262+07:00,31.255236033000074,0.03294648600012806,OK,,True,859,0.107375,,2026-10-03T11:27:12.591208+07:00,31.28818557500017,0.03283319100000881,OK,,True,2168,0.271,
f494914bfa81459dbf15a686ddfc6c1a,33,2026-10-03T11:27:13.372418+07:00,32.06938255200021,32.06938255200021,MONITOR,32.1823988000001,1.0000529750000169,0.2522100189999037,0.000153777000377886,DISABLED,off,user_reported,39.06584167480469,63.466209411621094,1012.204296875,32000.0,True,True,True,176,0,0,109,177,101,2026-10-03T11:27:13.372511+07:00,32.06948955100006,0.18585966000000553,OK,,True,2026-10-03T11:27:13.558384+07:00,32.25535804399988,0.033130189000075916,OK,,True,856,0.107,,2026-10-03T11:27:13.591519+07:00,32.28849341900013,0.03308778099972187,OK,,True,2162,0.27025,
f494914bfa81459dbf15a686ddfc6c1a,34,2026-10-03T11:27:14.372380+07:00,33.06934682600013,33.06934682600013,MONITOR,33.18236307400002,0.9999642739999217,0.25256060999981855,0.00011805100029960158,DISABLED,off,user_reported,39.07030487060547,63.47364807128906,1012.197890625,33350.703125,True,True,True,176,0,0,109,177,101,2026-10-03T11:27:14.372462+07:00,33.06944113999998,0.18584295700020448,OK,,True,2026-10-03T11:27:14.558319+07:00,33.25529298599986,0.03346789000033823,OK,,True,854,0.10675,,2026-10-03T11:27:14.591792+07:00,33.28876724700012,0.03312963300004412,OK,,True,2160,0.27,
f494914bfa81459dbf15a686ddfc6c1a,35,2026-10-03T11:27:15.372388+07:00,34.06935419499996,34.06935419499996,MONITOR,34.182370442999854,1.0000073689998317,0.2520548739998958,0.00012542000013127108,DISABLED,off,user_reported,39.06903076171875,63.446693420410156,1012.2096875,34707.16015625,True,True,True,176,0,0,109,177,101,2026-10-03T11:27:15.372470+07:00,34.069449028000236,0.18585901299957186,OK,,True,2026-10-03T11:27:15.558343+07:00,34.255317041000126,0.03307929999982662,OK,,True,857,0.107125,,2026-10-03T11:27:15.591426+07:00,34.28840150799988,0.032995172000028106,OK,,True,2165,0.270625,
f494914bfa81459dbf15a686ddfc6c1a,36,2026-10-03T11:27:16.372396+07:00,35.06936275199996,35.06936275199996,MONITOR,35.182378999999855,1.000008557000001,0.25209024400010094,0.00013397700013229041,DISABLED,off,user_reported,39.0734977722168,63.44744873046875,1012.196171875,35995.5,True,True,True,176,0,0,109,177,101,2026-10-03T11:27:16.372500+07:00,35.06947830699983,0.18586214300012216,OK,,True,2026-10-03T11:27:16.558374+07:00,35.25534883899991,0.03305231900003491,OK,,True,857,0.107125,,2026-10-03T11:27:16.591431+07:00,35.28840593599989,0.03303478299994822,OK,,True,2170,0.27125,
f494914bfa81459dbf15a686ddfc6c1a,37,2026-10-03T11:27:17.372388+07:00,36.06935518299997,36.06935518299997,MONITOR,36.182371430999865,0.9999924310000097,0.2518755979999696,0.0001264080001419643,DISABLED,off,user_reported,39.07923889160156,63.45509719848633,1012.205546875,37317.78515625,True,True,True,176,0,0,109,177,101,2026-10-03T11:27:17.372470+07:00,36.06944864500019,0.18582819899984315,OK,,True,2026-10-03T11:27:17.558311+07:00,36.25528567699985,0.0330546720001621,OK,,True,857,0.107125,,2026-10-03T11:27:17.591370+07:00,36.28834557099981,0.03287422800030981,OK,,True,2164,0.2705,
f494914bfa81459dbf15a686ddfc6c1a,38,2026-10-03T11:27:18.372485+07:00,37.06943439299994,37.06943439299994,MONITOR,37.18245064099983,1.0000792099999671,0.26360256399993887,0.00020561800010909792,DISABLED,off,user_reported,39.07923889160156,63.44841766357422,1012.164375,38565.83203125,True,True,True,176,0,0,109,177,101,2026-10-03T11:27:18.372694+07:00,37.06967024300002,0.19186167099996965,OK,,True,2026-10-03T11:27:18.564579+07:00,37.26154980299998,0.034617660000094475,OK,,True,863,0.107875,,2026-10-03T11:27:18.599205+07:00,37.29617766599995,0.0368379950000417,OK,,True,2167,0.27087500000000003,
f494914bfa81459dbf15a686ddfc6c1a,39,2026-10-03T11:27:19.372471+07:00,38.06943045800017,38.06943045800017,MONITOR,38.182446706000064,0.9999960650002322,0.25517242599971723,0.0002016830003412906,DISABLED,off,user_reported,39.081153869628906,63.44206237792969,1012.20859375,39825.76171875,True,True,True,176,0,0,109,177,101,2026-10-03T11:27:19.372647+07:00,38.0696237709999,0.18686158100035755,OK,,True,2026-10-03T11:27:19.559521+07:00,38.256495223,0.03445375299997977,OK,,True,841,0.105125,,2026-10-03T11:27:19.593979+07:00,38.2909543830001,0.033636833999935334,OK,,True,2171,0.27137500000000003,
f494914bfa81459dbf15a686ddfc6c1a,40,2026-10-03T11:27:20.372350+07:00,39.06931937799982,39.06931937799982,MONITOR,39.18233562599971,0.9998889199996484,0.2520752469999934,9.060299998964183e-05,DISABLED,off,user_reported,39.08370590209961,63.42912673950195,1012.171484375,41330.3203125,True,True,True,176,0,0,109,177,101,2026-10-03T11:27:20.372426+07:00,39.06940417399983,0.1858452380001836,OK,,True,2026-10-03T11:27:20.558284+07:00,39.255257949000224,0.033001634999891394,OK,,True,844,0.1055,,2026-10-03T11:27:20.591286+07:00,39.288263121,0.03312187500023356,OK,,True,2164,0.2705,
f494914bfa81459dbf15a686ddfc6c1a,41,2026-10-03T11:27:21.372343+07:00,40.06931333800003,40.06931333800003,MONITOR,40.18232958599992,0.9999939600002108,0.2520665619999818,8.456300020043273e-05,DISABLED,off,user_reported,39.08562088012695,63.41608428955078,1012.215859375,42314.05078125,True,True,True,176,0,0,109,177,101,2026-10-03T11:27:21.372419+07:00,40.06939792999992,0.18581794200008517,OK,,True,2026-10-03T11:27:21.558249+07:00,40.25522364900007,0.033111837999967975,OK,,True,855,0.106875,,2026-10-03T11:27:21.591365+07:00,40.28834028400024,0.03302983799994763,OK,,True,2177,0.272125,
f494914bfa81459dbf15a686ddfc6c1a,42,2026-10-03T11:27:22.372352+07:00,41.06932057699987,41.06932057699987,MONITOR,41.182336824999766,1.0000072389998422,0.25233439500016175,9.180200004266226e-05,DISABLED,off,user_reported,39.08625793457031,63.42286682128906,1012.196328125,43745.7265625,True,True,True,176,0,0,109,177,101,2026-10-03T11:27:22.372427+07:00,41.06940546599981,0.18582994200005487,OK,,True,2026-10-03T11:27:22.558269+07:00,41.255243426000106,0.03331746699996074,OK,,True,862,0.10775,,2026-10-03T11:27:22.591591+07:00,41.28856628199992,0.0330776529999639,OK,,True,2174,0.27175,
f494914bfa81459dbf15a686ddfc6c1a,43,2026-10-03T11:27:23.372372+07:00,42.06933872699983,42.06933872699983,MONITOR,42.182354974999726,1.0000181499999599,0.2534703310002442,0.00010995200000252225,DISABLED,off,user_reported,39.092002868652344,63.41716384887695,1012.24,44896.52734375,True,True,True,176,0,0,109,177,101,2026-10-03T11:27:23.372456+07:00,42.069435040999906,0.18638514200029022,OK,,True,2026-10-03T11:27:23.558857+07:00,42.25583046100019,0.033887647000028664,OK,,True,864,0.108,,2026-10-03T11:27:23.592749+07:00,42.28972323800008,0.033074060999751964,OK,,True,2166,0.27075,
f494914bfa81459dbf15a686ddfc6c1a,44,2026-10-03T11:27:24.372352+07:00,43.06932156499988,43.06932156499988,MONITOR,43.182337812999776,0.9999828380000508,0.2624208180000096,9.279000005335547e-05,DISABLED,off,user_reported,39.090084075927734,63.41016387939453,1012.195625,45960.50390625,True,True,True,176,0,0,109,177,101,2026-10-03T11:27:24.372425+07:00,43.06940371200017,0.1906315179999183,OK,,True,2026-10-03T11:27:24.563081+07:00,43.260051100000055,0.03767428499986636,OK,,True,852,0.1065,,2026-10-03T11:27:24.600763+07:00,43.297735699999976,0.03399070200021015,OK,,True,2178,0.27225,
f494914bfa81459dbf15a686ddfc6c1a,45,2026-10-03T11:27:25.372409+07:00,44.069368182999824,44.069368182999824,MONITOR,44.18238443099972,1.000046617999942,0.2655878870000379,0.0001394079999954556,DISABLED,off,user_reported,39.09455108642578,63.41758728027344,1012.1959375,47850.46875,True,True,True,176,0,0,109,177,101,2026-10-03T11:27:25.372553+07:00,44.069530291999854,0.19637851100014814,OK,,True,2026-10-03T11:27:25.568960+07:00,44.26592780300007,0.03649742400011746,OK,,True,853,0.106625,,2026-10-03T11:27:25.605457+07:00,44.302431522999996,0.032513250000192784,OK,,True,2157,0.269625,
f494914bfa81459dbf15a686ddfc6c1a,46,2026-10-03T11:27:26.372349+07:00,45.069318748000114,45.069318748000114,MONITOR,45.18233499600001,0.9999505650002902,0.252228434999779,8.997300028568134e-05,DISABLED,off,user_reported,39.096466064453125,63.411224365234375,1012.21984375,48976.46875,True,True,True,176,0,0,109,177,101,2026-10-03T11:27:26.372417+07:00,45.06939534000003,0.18582853699990665,OK,,True,2026-10-03T11:27:26.558258+07:00,45.255232265999894,0.03318720800007213,OK,,True,872,0.109,,2026-10-03T11:27:26.591451+07:00,45.28842580699984,0.03311093100001017,OK,,True,2166,0.27075,
f494914bfa81459dbf15a686ddfc6c1a,47,2026-10-03T11:27:27.372352+07:00,46.06932120500005,46.06932120500005,MONITOR,46.182337452999946,1.0000024569999368,0.2527770239998972,9.24300002225209e-05,DISABLED,off,user_reported,39.10029602050781,63.405189514160156,1012.191640625,50215.76953125,True,True,True,176,0,0,109,177,101,2026-10-03T11:27:27.372427+07:00,46.06940557400003,0.18592788900014057,OK,,True,2026-10-03T11:27:27.558366+07:00,46.25534025900015,0.033289003999925626,OK,,True,842,0.10525,,2026-10-03T11:27:27.591659+07:00,46.288634484999875,0.03345172500030458,OK,,True,2167,0.27087500000000003,
f494914bfa81459dbf15a686ddfc6c1a,48,2026-10-03T11:27:28.372383+07:00,47.06935023799997,47.06935023799997,MONITOR,47.182366485999864,1.0000290329999189,0.25238352699989264,0.00012146300014137523,DISABLED,off,user_reported,39.09965515136719,63.39171600341797,1012.190625,51488.3359375,True,True,True,176,0,0,109,177,101,2026-10-03T11:27:28.372464+07:00,47.069442310999875,0.1858252420001918,OK,,True,2026-10-03T11:27:28.558299+07:00,47.255273811999814,0.033490299000277446,OK,,True,860,0.1075,,2026-10-03T11:27:28.591795+07:00,47.28876914800003,0.03295369199986453,OK,,True,2174,0.27175,
f494914bfa81459dbf15a686ddfc6c1a,49,2026-10-03T11:27:29.372352+07:00,48.06932114400024,48.06932114400024,MONITOR,48.182337392000136,0.9999709060002715,0.25671106899972074,9.236900041287299e-05,DISABLED,off,user_reported,39.10157012939453,63.39203643798828,1012.186953125,52502.05078125,True,True,True,176,0,0,109,177,101,2026-10-03T11:27:29.372424+07:00,48.0694026619999,0.1861488700001246,OK,,True,2026-10-03T11:27:29.558591+07:00,48.25556382800005,0.03539083999976356,OK,,True,849,0.106125,,2026-10-03T11:27:29.593987+07:00,48.290961074999814,0.035056787000030454,OK,,True,2165,0.270625,
f494914bfa81459dbf15a686ddfc6c1a,50,2026-10-03T11:27:30.372350+07:00,49.06931986800009,49.06931986800009,MONITOR,49.18233611599999,0.9999987239998518,0.2579562089999854,9.109300026466371e-05,DISABLED,off,user_reported,39.10667419433594,63.39958953857422,1012.22265625,53556.484375,True,True,True,176,0,0,109,177,101,2026-10-03T11:27:30.372422+07:00,49.06940101600003,0.18603987000005873,OK,,True,2026-10-03T11:27:30.558476+07:00,49.255449552999835,0.03484745500009012,OK,,True,846,0.10575,,2026-10-03T11:27:30.593329+07:00,49.29030298999987,0.03694419800012838,OK,,True,2175,0.27187500000000003,
f494914bfa81459dbf15a686ddfc6c1a,51,2026-10-03T11:27:31.372417+07:00,50.06937788999994,50.06937788999994,MONITOR,50.182394137999836,1.0000580219998483,0.27883060500016654,0.00014911500011294265,DISABLED,off,user_reported,39.107948303222656,63.379756927490234,1012.203984375,54340.90234375,True,True,True,176,0,0,109,177,101,2026-10-03T11:27:31.372562+07:00,50.069539260000056,0.1977195220001704,OK,,True,2026-10-03T11:27:31.570302+07:00,50.267272133999995,0.0466815489999135,OK,,True,862,0.10775,,2026-10-03T11:27:31.616988+07:00,50.31396123900004,0.034226645000217104,OK,,True,2167,0.27087500000000003,
f494914bfa81459dbf15a686ddfc6c1a,52,2026-10-03T11:27:32.372419+07:00,51.06938047099993,51.06938047099993,MONITOR,51.182396718999826,1.0000025809999897,0.2641379770002459,0.0001516960001026746,DISABLED,off,user_reported,39.109867095947266,63.36671447753906,1012.200390625,55327.42578125,True,True,True,176,0,0,109,177,101,2026-10-03T11:27:32.372565+07:00,51.06954217400016,0.19312546499986638,OK,,True,2026-10-03T11:27:32.565708+07:00,51.26267980600005,0.03617014900009963,OK,,True,859,0.107375,,2026-10-03T11:27:32.601891+07:00,51.29886145499995,0.03463443800001187,OK,,True,2178,0.27225,
f494914bfa81459dbf15a686ddfc6c1a,53,2026-10-03T11:27:33.372389+07:00,52.06935625899996,52.06935625899996,MONITOR,52.182372506999855,0.9999757880000288,0.254048480000165,0.00012748400013151695,DISABLED,off,user_reported,39.11241912841797,63.38719177246094,1012.21828125,56313.2421875,True,True,True,176,0,0,109,177,101,2026-10-03T11:27:33.372471+07:00,52.06945025799996,0.1858151699998416,OK,,True,2026-10-03T11:27:33.558298+07:00,52.255272908999814,0.03289143400024841,OK,,True,870,0.10875,,2026-10-03T11:27:33.591199+07:00,52.288170787000126,0.035220360000039364,OK,,True,2154,0.26925,
f494914bfa81459dbf15a686ddfc6c1a,54,2026-10-03T11:27:34.372350+07:00,53.06931940000004,53.06931940000004,MONITOR,53.182335647999935,0.9999631410000802,0.25456605199997284,9.062500021173037e-05,DISABLED,off,user_reported,39.111141204833984,63.37361526489258,1012.18171875,57528.08984375,True,True,True,176,0,0,109,177,101,2026-10-03T11:27:34.372420+07:00,53.06939843700002,0.18580420699981914,OK,,True,2026-10-03T11:27:34.558235+07:00,53.25520982900025,0.03421573899959185,OK,,True,854,0.10675,,2026-10-03T11:27:34.592455+07:00,53.28943069700017,0.03444166300005236,OK,,True,2153,0.269125,
f494914bfa81459dbf15a686ddfc6c1a,55,2026-10-03T11:27:35.372351+07:00,54.0693208040002,54.0693208040002,MONITOR,54.18233705200009,1.0000014040001588,0.2530647669996142,9.202900037053041e-05,DISABLED,off,user_reported,39.11369323730469,63.36735153198242,1012.199609375,58274.52734375,True,True,True,176,0,0,109,177,101,2026-10-03T11:27:35.372421+07:00,54.06939948799982,0.18581419000020105,OK,,True,2026-10-03T11:27:35.558247+07:00,54.25522117799983,0.03297389600038514,OK,,True,864,0.108,,2026-10-03T11:27:35.591221+07:00,54.288198332999855,0.03417368300006274,OK,,True,2164,0.2705,
f494914bfa81459dbf15a686ddfc6c1a,56,2026-10-03T11:27:36.372345+07:00,55.06931506199999,55.06931506199999,MONITOR,55.18233130999988,0.9999942579997878,0.2515446309998879,8.628700015833601e-05,DISABLED,off,user_reported,39.118797302246094,63.361541748046875,1012.20796875,59493.375,True,True,True,176,0,0,109,177,101,2026-10-03T11:27:36.372413+07:00,55.06939185700003,0.18580706100010502,OK,,True,2026-10-03T11:27:36.558232+07:00,55.255206157999964,0.03294741499985321,OK,,True,858,0.10725,,2026-10-03T11:27:36.591178+07:00,55.288156684000114,0.032690657999864925,OK,,True,2166,0.27075,
f494914bfa81459dbf15a686ddfc6c1a,57,2026-10-03T11:27:37.372352+07:00,56.069321544000104,56.069321544000104,MONITOR,56.182337792,1.000006482000117,0.2519631479999589,9.276900027543888e-05,DISABLED,off,user_reported,39.1213493347168,63.375328063964844,1012.191484375,60462.91796875,True,True,True,176,0,0,109,177,101,2026-10-03T11:27:37.372424+07:00,56.069403025000156,0.18583041300007608,OK,,True,2026-10-03T11:27:37.558267+07:00,56.25524127100016,0.032950117999916984,OK,,True,841,0.105125,,2026-10-03T11:27:37.591219+07:00,56.2881950750002,0.033077857999614935,OK,,True,2162,0.27025,
f494914bfa81459dbf15a686ddfc6c1a,58,2026-10-03T11:27:38.372382+07:00,57.06934810299981,57.06934810299981,MONITOR,57.182364350999705,1.000026558999707,0.2520141300001342,0.00011932799998248811,DISABLED,off,user_reported,39.12007522583008,63.361759185791016,1012.189375,61288.00390625,True,True,True,176,0,0,109,177,101,2026-10-03T11:27:38.372466+07:00,57.069444528000076,0.18582469100010712,OK,,True,2026-10-03T11:27:38.558303+07:00,57.255277775000195,0.0332483939996564,OK,,True,839,0.104875,,2026-10-03T11:27:38.591554+07:00,57.288530187000106,0.03282393500012404,OK,,True,2176,0.272,
f494914bfa81459dbf15a686ddfc6c1a,59,2026-10-03T11:27:39.372349+07:00,58.06931686899998,58.06931686899998,MONITOR,58.18233311699987,0.9999687660001655,0.25167091100001926,8.809400014797575e-05,DISABLED,off,user_reported,39.118160247802734,63.34806442260742,1012.19328125,62135.921875,True,True,True,176,0,0,109,177,101,2026-10-03T11:27:39.372429+07:00,58.06940773899987,0.18582335800010696,OK,,True,2026-10-03T11:27:39.558263+07:00,58.25523802299995,0.03293969200012725,OK,,True,849,0.106125,,2026-10-03T11:27:39.591203+07:00,58.288180696999916,0.032799305000025925,OK,,True,2167,0.27087500000000003,
f494914bfa81459dbf15a686ddfc6c1a,60,2026-10-03T11:27:40.372346+07:00,59.06931589599981,59.06931589599981,MONITOR,59.1823321439997,0.9999990269998307,0.2517464850002398,8.712099997865153e-05,DISABLED,off,user_reported,39.1213493347168,63.35528564453125,1012.191484375,62362.97265625,True,True,True,176,0,0,109,177,101,2026-10-03T11:27:40.372417+07:00,59.06939548799983,0.18581532200005313,OK,,True,2026-10-03T11:27:40.558243+07:00,59.25521812499983,0.03301119200023095,OK,,True,863,0.107875,,2026-10-03T11:27:40.591257+07:00,59.28823294699987,0.032821360000070854,OK,,True,2180,0.2725,
f494914bfa81459dbf15a686ddfc6c1a,61,2026-10-03T11:27:41.372346+07:00,60.069314574000146,60.069314574000146,MONITOR,60.18233082200004,0.9999986780003383,0.2516735789999984,8.579900031691068e-05,DISABLED,off,user_reported,39.12326431274414,63.34225845336914,1012.208359375,63476.3203125,True,True,True,176,0,0,109,177,101,2026-10-03T11:27:41.372427+07:00,60.06940544400004,0.185826951999843,OK,,True,2026-10-03T11:27:41.558265+07:00,60.25523980300022,0.032939248999809934,OK,,True,868,0.1085,,2026-10-03T11:27:41.591204+07:00,60.288181885000085,0.032798323999941204,OK,,True,2177,0.272125,
f494914bfa81459dbf15a686ddfc6c1a,62,2026-10-03T11:27:42.372348+07:00,61.06931782899983,61.06931782899983,MONITOR,61.18233407699972,1.0000032549996831,0.25163963500017417,8.905400000003283e-05,DISABLED,off,user_reported,39.129005432128906,63.336544036865234,1012.203984375,64386.31640625,True,True,True,176,0,0,109,177,101,2026-10-03T11:27:42.372421+07:00,61.0693993660002,0.18581013699986215,OK,,True,2026-10-03T11:27:42.558241+07:00,61.2552162070001,0.03293052599974544,OK,,True,877,0.109625,,2026-10-03T11:27:42.591171+07:00,61.28814952899984,0.0328004350003539,OK,,True,2173,0.271625,
f494914bfa81459dbf15a686ddfc6c1a,63,2026-10-03T11:27:43.372448+07:00,62.06940388200019,62.06940388200019,MONITOR,62.18242013000008,1.0000860530003592,0.26277819899996757,0.00017510700035927584,DISABLED,off,user_reported,39.13028335571289,63.34343338012695,1012.2128125,65173.1171875,True,True,True,176,0,0,109,177,101,2026-10-03T11:27:43.372614+07:00,62.06959097300023,0.19181201799983683,OK,,True,2026-10-03T11:27:43.564448+07:00,62.261418194999806,0.035549025000364054,OK,,True,851,0.106375,,2026-10-03T11:27:43.600003+07:00,62.29697673800001,0.03518493599995054,OK,,True,2177,0.272125,
f494914bfa81459dbf15a686ddfc6c1a,64,2026-10-03T11:27:44.372357+07:00,63.06932782800004,63.06932782800004,MONITOR,63.182344075999936,0.9999239459998535,0.2519229479999012,9.905300021273433e-05,DISABLED,off,user_reported,39.12964630126953,63.363365173339844,1012.198125,66030.4375,True,True,True,176,0,0,109,177,101,2026-10-03T11:27:44.372424+07:00,63.069401864000156,0.1858278419999806,OK,,True,2026-10-03T11:27:44.558262+07:00,63.25523657600024,0.033202616999915335,OK,,True,828,0.10350000000000001,,2026-10-03T11:27:44.591464+07:00,63.28844235999986,0.03280045400015297,OK,,True,2166,0.27075,
f494914bfa81459dbf15a686ddfc6c1a,65,2026-10-03T11:27:45.372342+07:00,64.06931183100005,64.06931183100005,MONITOR,64.18232807899994,0.9999840030000087,0.2516993949998323,8.305600022140425e-05,DISABLED,off,user_reported,39.139854431152344,63.34505081176758,1012.2078125,66493.5078125,True,True,True,176,0,0,109,177,101,2026-10-03T11:27:45.372413+07:00,64.06939121899995,0.18580949099987265,OK,,True,2026-10-03T11:27:45.558233+07:00,64.25520796899991,0.03297039700009918,OK,,True,839,0.104875,,2026-10-03T11:27:45.591205+07:00,64.2881818840001,0.03282150899985936,OK,,True,2175,0.27187500000000003,
f494914bfa81459dbf15a686ddfc6c1a,66,2026-10-03T11:27:46.372348+07:00,65.06931794799993,65.06931794799993,MONITOR,65.18233419599983,1.0000061169998844,0.2516775439999037,8.91730001058022e-05,DISABLED,off,user_reported,39.136024475097656,63.33771896362305,1012.201640625,67279.8984375,True,True,True,176,0,0,109,177,101,2026-10-03T11:27:46.372414+07:00,65.06939257700014,0.18581800899983136,OK,,True,2026-10-03T11:27:46.558244+07:00,65.25521847500022,0.03295524899976954,OK,,True,846,0.10575,,2026-10-03T11:27:46.591200+07:00,65.28817694600002,0.032809897999868554,OK,,True,2167,0.27087500000000003,
f494914bfa81459dbf15a686ddfc6c1a,67,2026-10-03T11:27:47.372349+07:00,66.06931934500017,66.06931934500017,MONITOR,66.18233559300006,1.0000013970002328,0.25165528599973186,9.057000033863005e-05,DISABLED,off,user_reported,39.136024475097656,63.34440612792969,1012.187890625,67653.2734375,True,True,True,176,0,0,109,177,101,2026-10-03T11:27:47.372417+07:00,66.0693956770001,0.18581619599990518,OK,,True,2026-10-03T11:27:47.558244+07:00,66.2552190020001,0.032945174999895244,OK,,True,835,0.104375,,2026-10-03T11:27:47.591189+07:00,66.2881671770001,0.03279936099988845,OK,,True,2168,0.271,
f494914bfa81459dbf15a686ddfc6c1a,68,2026-10-03T11:27:48.372353+07:00,67.069320522,67.069320522,MONITOR,67.18233676999989,1.000001176999831,0.25174128600019685,9.174700016956194e-05,DISABLED,off,user_reported,39.13666534423828,63.34451675415039,1012.202578125,68854.2265625,True,True,True,176,0,0,109,177,101,2026-10-03T11:27:48.372433+07:00,67.06941181799994,0.18581912099989495,OK,,True,2026-10-03T11:27:48.558263+07:00,67.25523816099985,0.03298752700038676,OK,,True,873,0.109125,,2026-10-03T11:27:48.591253+07:00,67.28822972499984,0.03282398999999714,OK,,True,2164,0.2705,
f494914bfa81459dbf15a686ddfc6c1a,69,2026-10-03T11:27:49.372403+07:00,68.06936377600005,68.06936377600005,MONITOR,68.18238002399994,1.0000432540000475,0.2626766469998074,0.00013500100021701655,DISABLED,off,user_reported,39.14176559448242,63.32532501220703,1012.1971875,69301.5703125,True,True,True,176,0,0,109,177,101,2026-10-03T11:27:49.372545+07:00,68.06952201500008,0.19177766899974813,OK,,True,2026-10-03T11:27:49.564343+07:00,68.26131451799984,0.03540158200030419,OK,,True,851,0.106375,,2026-10-03T11:27:49.599749+07:00,68.29672446999984,0.035294102000079874,OK,,True,2181,0.272625,
f494914bfa81459dbf15a686ddfc6c1a,70,2026-10-03T11:27:50.372418+07:00,69.06937838400017,69.06937838400017,MONITOR,69.18239463200007,1.0000146080001286,0.2632594589999826,0.00014960900034566293,DISABLED,off,user_reported,39.14495849609375,63.3125,1012.168046875,70041.0390625,True,True,True,176,0,0,109,177,101,2026-10-03T11:27:50.372558+07:00,69.06953527099995,0.19176341100001082,OK,,True,2026-10-03T11:27:50.564344+07:00,69.26131464499986,0.036103095000271423,OK,,True,851,0.106375,,2026-10-03T11:27:50.600453+07:00,69.29742729600002,0.03518915799986644,OK,,True,2177,0.272125,
f494914bfa81459dbf15a686ddfc6c1a,71,2026-10-03T11:27:51.372422+07:00,70.06938268000022,70.06938268000022,MONITOR,70.18239892800011,1.0000042960000428,0.26247409500001595,0.00015390500038847676,DISABLED,off,user_reported,39.14432144165039,63.339115142822266,1012.18078125,70914.125,True,True,True,176,0,0,109,177,101,2026-10-03T11:27:51.372564+07:00,70.06954058600013,0.191763484999683,OK,,True,2026-10-03T11:27:51.564348+07:00,70.26131944100007,0.03536656400001448,OK,,True,858,0.10725,,2026-10-03T11:27:51.599718+07:00,70.29669370900001,0.03514612200024203,OK,,True,2172,0.2715,
f494914bfa81459dbf15a686ddfc6c1a,72,2026-10-03T11:27:52.372412+07:00,71.0693736080002,71.0693736080002,MONITOR,71.1823898560001,0.9999909279999883,0.2626360389999718,0.00014483300037682056,DISABLED,off,user_reported,39.150699615478516,63.31346893310547,1012.184140625,70973.109375,True,True,True,176,0,0,109,177,101,2026-10-03T11:27:52.372549+07:00,71.06952631000013,0.1917729669999062,OK,,True,2026-10-03T11:27:52.564344+07:00,71.26131477699982,0.03546074900032181,OK,,True,857,0.107125,,2026-10-03T11:27:52.599811+07:00,71.29678496999986,0.03520597300030204,OK,,True,2173,0.271625,
f494914bfa81459dbf15a686ddfc6c1a,73,2026-10-03T11:27:53.372410+07:00,72.06937114999982,72.06937114999982,MONITOR,72.18238739799972,0.999997541999619,0.26026065000041854,0.00014237499999580905,DISABLED,off,user_reported,39.14814758300781,63.3197135925293,1012.17328125,71869.734375,True,True,True,176,0,0,109,177,101,2026-10-03T11:27:53.372510+07:00,72.06948831499994,0.18937624499994854,OK,,True,2026-10-03T11:27:53.561905+07:00,72.25887717100022,0.035328175999893574,OK,,True,853,0.106625,,2026-10-03T11:27:53.597244+07:00,72.29421531000025,0.035398082999563485,OK,,True,2180,0.2725,
f494914bfa81459dbf15a686ddfc6c1a,74,2026-10-03T11:27:54.372415+07:00,73.06937597200022,73.06937597200022,MONITOR,73.18239222000011,1.0000048220003919,0.26266931700001805,0.0001471970003876777,DISABLED,off,user_reported,39.152610778808594,63.30043411254883,1012.19421875,72112.6796875,True,True,True,176,0,0,109,177,101,2026-10-03T11:27:54.372552+07:00,73.06952948900016,0.19176757900004304,OK,,True,2026-10-03T11:27:54.564342+07:00,73.26131240099994,0.035431268000138516,OK,,True,861,0.107625,,2026-10-03T11:27:54.599777+07:00,73.29675183600011,0.0352748979998978,OK,,True,2182,0.27275,
f494914bfa81459dbf15a686ddfc6c1a,75,2026-10-03T11:27:55.372363+07:00,74.0693331299999,74.0693331299999,MONITOR,74.1823493779998,0.9999571579996882,0.25174014200001693,0.00010435500007588416,DISABLED,off,user_reported,39.150699615478516,63.30010986328125,1012.19109375,72976.0546875,True,True,True,176,0,0,109,177,101,2026-10-03T11:27:55.372427+07:00,74.06940616600014,0.18582053199997972,OK,,True,2026-10-03T11:27:55.558259+07:00,74.25523414300005,0.03297606400019504,OK,,True,878,0.10975,,2026-10-03T11:27:55.591238+07:00,74.28821417000017,0.032850360999873374,OK,,True,2167,0.27087500000000003,
f494914bfa81459dbf15a686ddfc6c1a,76,2026-10-03T11:27:56.372348+07:00,75.06931756799986,75.06931756799986,MONITOR,75.18233381599975,0.9999844379999558,0.25189749300034237,8.87930000317283e-05,DISABLED,off,user_reported,39.151973724365234,63.307003021240234,1012.186171875,73352.4375,True,True,True,176,0,0,109,177,101,2026-10-03T11:27:56.372410+07:00,75.06938895600024,0.18581997699993735,OK,,True,2026-10-03T11:27:56.558242+07:00,75.25521635899986,0.03318393300014577,OK,,True,858,0.10725,,2026-10-03T11:27:56.591426+07:00,75.28840394000008,0.0328031959998043,OK,,True,2185,0.273125,
f494914bfa81459dbf15a686ddfc6c1a,77,2026-10-03T11:27:57.372342+07:00,76.06931254500023,76.06931254500023,MONITOR,76.18232879300012,0.9999949770003695,0.2516554039998482,8.377000040127314e-05,DISABLED,off,user_reported,39.152610778808594,63.30043411254883,1012.21484375,73732.71875,True,True,True,176,0,0,109,177,101,2026-10-03T11:27:57.372416+07:00,76.06939482300004,0.18580731100018966,OK,,True,2026-10-03T11:27:57.558236+07:00,76.25520989300003,0.03294402700021237,OK,,True,850,0.10625,,2026-10-03T11:27:57.591179+07:00,76.28815682799996,0.032803325000259065,OK,,True,2176,0.272,
f494914bfa81459dbf15a686ddfc6c1a,78,2026-10-03T11:27:58.372375+07:00,77.06934135900019,77.06934135900019,MONITOR,77.18235760700009,1.0000288139999611,0.25172727299968756,0.00011258400036240346,DISABLED,off,user_reported,39.158992767333984,63.30817794799805,1012.211484375,74375.359375,True,True,True,176,0,0,109,177,101,2026-10-03T11:27:58.372458+07:00,77.06943726500003,0.18581308900002114,OK,,True,2026-10-03T11:27:58.558282+07:00,77.25525654000012,0.03297869400012132,OK,,True,848,0.106,,2026-10-03T11:27:58.591264+07:00,77.28823925200004,0.03282125099985933,OK,,True,2171,0.27137500000000003,
f494914bfa81459dbf15a686ddfc6c1a,79,2026-10-03T11:27:59.372346+07:00,78.06931637800017,78.06931637800017,MONITOR,78.18233262600006,0.9999750189999759,0.2516968859999906,8.760300033827662e-05,DISABLED,off,user_reported,39.157081604003906,63.307865142822266,1012.18078125,75227.7421875,True,True,True,176,0,0,109,177,101,2026-10-03T11:27:59.372417+07:00,78.06939589600006,0.18581507099997907,OK,,True,2026-10-03T11:27:59.558243+07:00,78.25521830100024,0.032958767999843985,OK,,True,862,0.10775,,2026-10-03T11:27:59.591202+07:00,78.28818001299987,0.03282543600016652,OK,,True,2180,0.2725,
f494914bfa81459dbf15a686ddfc6c1a,80,2026-10-03T11:28:00.372380+07:00,79.06934308500013,79.06934308500013,MONITOR,79.18235933300002,1.0000267069999609,0.26242513899978803,0.00011431000029915594,DISABLED,off,user_reported,39.16154479980469,63.308616638183594,1012.181171875,75694.8515625,True,True,True,176,0,0,109,177,101,2026-10-03T11:28:00.372511+07:00,79.06948876900015,0.19155984300005002,OK,,True,2026-10-03T11:28:00.564093+07:00,79.26106381599993,0.03542191599990474,OK,,True,853,0.106625,,2026-10-03T11:28:00.599519+07:00,79.29649371400001,0.03525499099987428,OK,,True,2180,0.2725,
f494914bfa81459dbf15a686ddfc6c1a,81,2026-10-03T11:28:01.372406+07:00,80.06936725800006,80.06936725800006,MONITOR,80.18238350599995,1.0000241729999289,0.26248674899989055,0.00013848300022800686,DISABLED,off,user_reported,39.16218566894531,63.29537582397461,1012.202890625,76167.8046875,True,True,True,176,0,0,109,177,101,2026-10-03T11:28:01.372550+07:00,80.06952679400001,0.19176706300004298,OK,,True,2026-10-03T11:28:01.564338+07:00,80.26130830200009,0.035384860999783996,OK,,True,867,0.108375,,2026-10-03T11:28:01.599728+07:00,80.29670155199983,0.03513519600028303,OK,,True,2182,0.27275,
f494914bfa81459dbf15a686ddfc6c1a,82,2026-10-03T11:28:02.372406+07:00,81.06936750700015,81.06936750700015,MONITOR,81.18238375500005,1.0000002490000952,0.2642596809996576,0.0001387320003232162,DISABLED,off,user_reported,39.16218566894531,63.30205154418945,1012.196015625,76509.265625,True,True,True,176,0,0,109,177,101,2026-10-03T11:28:02.372553+07:00,81.06952963499998,0.19086327500008338,OK,,True,2026-10-03T11:28:02.563434+07:00,81.26040565099993,0.03799578600001041,OK,,True,872,0.109,,2026-10-03T11:28:02.601436+07:00,81.2984104000002,0.035198676999698364,OK,,True,2185,0.273125,
f494914bfa81459dbf15a686ddfc6c1a,83,2026-10-03T11:28:03.372470+07:00,82.0694299239999,82.0694299239999,MONITOR,82.1824461719998,1.0000624169997536,0.2523749580000185,0.000201149000076839,DISABLED,off,user_reported,39.16027069091797,63.28836441040039,1012.1721875,76715.609375,True,True,True,176,0,0,109,177,101,2026-10-03T11:28:03.372595+07:00,82.06957272,0.18641416099990238,OK,,True,2026-10-03T11:28:03.559020+07:00,82.25599426999997,0.032952935000139405,OK,,True,828,0.10350000000000001,,2026-10-03T11:28:03.591974+07:00,82.28895081600012,0.03284567699984109,OK,,True,2175,0.27187500000000003,
f494914bfa81459dbf15a686ddfc6c1a,84,2026-10-03T11:28:04.372349+07:00,83.06931984599987,83.06931984599987,MONITOR,83.18233609399977,0.9998899219999657,0.2516609630001767,9.107100004257518e-05,DISABLED,off,user_reported,39.169837951660156,63.30333709716797,1012.201640625,77271.3515625,True,True,True,176,0,0,109,177,101,2026-10-03T11:28:04.372421+07:00,83.06939936400022,0.18582272100002228,OK,,True,2026-10-03T11:28:04.558252+07:00,83.25522706699985,0.032940028000211896,OK,,True,862,0.10775,,2026-10-03T11:28:04.591194+07:00,83.2881703170001,0.032802510999772494,OK,,True,2164,0.2705,
f494914bfa81459dbf15a686ddfc6c1a,85,2026-10-03T11:28:05.372349+07:00,84.06931956500011,84.06931956500011,MONITOR,84.18233581300001,0.9999997190002432,0.2516489829999955,9.079000028577866e-05,DISABLED,off,user_reported,39.16856384277344,63.3098030090332,1012.185703125,77622.8046875,True,True,True,176,0,0,109,177,101,2026-10-03T11:28:05.372420+07:00,84.06939836099991,0.1858118889999787,OK,,True,2026-10-03T11:28:05.558241+07:00,84.25521619400024,0.032926916999713285,OK,,True,862,0.10775,,2026-10-03T11:28:05.591169+07:00,84.28814646299998,0.03281412200021805,OK,,True,2162,0.27025,
f494914bfa81459dbf15a686ddfc6c1a,86,2026-10-03T11:28:06.372346+07:00,85.06931312100005,85.06931312100005,MONITOR,85.18232936899994,0.9999935559999358,0.2516568719997849,8.434600022155792e-05,DISABLED,off,user_reported,39.16856384277344,63.29644775390625,1012.20625,78696.5859375,True,True,True,176,0,0,109,177,101,2026-10-03T11:28:06.372423+07:00,85.06940215700024,0.185802018999766,OK,,True,2026-10-03T11:28:06.558235+07:00,85.25520973099992,0.03294389900020178,OK,,True,867,0.108375,,2026-10-03T11:28:06.591178+07:00,85.28815653699985,0.03280612200023825,OK,,True,2168,0.271,
f494914bfa81459dbf15a686ddfc6c1a,87,2026-10-03T11:28:07.372345+07:00,86.06931199300016,86.06931199300016,MONITOR,86.18232824100005,0.9999988720001056,0.25167628000008335,8.321800032717874e-05,DISABLED,off,user_reported,39.166011810302734,63.289329528808594,1012.1815625,79800.5,True,True,True,176,0,0,109,177,101,2026-10-03T11:28:07.372424+07:00,86.06940252899994,0.18581825999990542,OK,,True,2026-10-03T11:28:07.558252+07:00,86.25522664099981,0.03293612100014798,OK,,True,851,0.106375,,2026-10-03T11:28:07.591189+07:00,86.28816641000003,0.03281430700008059,OK,,True,2177,0.272125,
f494914bfa81459dbf15a686ddfc6c1a,88,2026-10-03T11:28:08.372432+07:00,87.06939621899983,87.06939621899983,MONITOR,87.18241246699972,1.0000842259996716,0.25204048200021134,0.00016744399999879533,DISABLED,off,user_reported,39.17047882080078,63.29676818847656,1012.22328125,79134.46875,True,True,True,176,0,0,109,177,101,2026-10-03T11:28:08.372524+07:00,87.06950301500001,0.18584418599994024,OK,,True,2026-10-03T11:28:08.558381+07:00,87.25535551500025,0.0332150819999697,OK,,True,850,0.10625,,2026-10-03T11:28:08.591599+07:00,87.28857463399981,0.03285378900000069,OK,,True,2171,0.27137500000000003,
f494914bfa81459dbf15a686ddfc6c1a,89,2026-10-03T11:28:09.372344+07:00,88.06931137499987,88.06931137499987,MONITOR,88.18232762299976,0.9999151560000428,0.25167924400011543,8.260000004156609e-05,DISABLED,off,user_reported,39.171119689941406,63.283512115478516,1012.203515625,79950.03125,True,True,True,176,0,0,109,177,101,2026-10-03T11:28:09.372423+07:00,88.06940178200011,0.18580227899974489,OK,,True,2026-10-03T11:28:09.558234+07:00,88.25520859800008,0.032958140000118874,OK,,True,860,0.1075,,2026-10-03T11:28:09.591192+07:00,88.28816970100024,0.03281339899967861,OK,,True,2162,0.27025,
f494914bfa81459dbf15a686ddfc6c1a,90,2026-10-03T11:28:10.372347+07:00,89.06931423600008,89.06931423600008,MONITOR,89.18233048399998,1.0000028610002119,0.25175553999997646,8.54610002534173e-05,DISABLED,off,user_reported,39.17558288574219,63.2976188659668,1012.1834375,80100.125,True,True,True,176,0,0,109,177,101,2026-10-03T11:28:10.372422+07:00,89.06940112400025,0.1858020579998083,OK,,True,2026-10-03T11:28:10.558234+07:00,89.25520871900017,0.032979694999994535,OK,,True,856,0.107,,2026-10-03T11:28:10.591215+07:00,89.28819183999985,0.03286947400010831,OK,,True,2172,0.2715,
f494914bfa81459dbf15a686ddfc6c1a,91,2026-10-03T11:28:11.372346+07:00,90.06931306300021,90.06931306300021,MONITOR,90.1823293110001,0.9999988270001268,0.25172672600001533,8.42880003801838e-05,DISABLED,off,user_reported,39.176856994628906,63.30451583862305,1012.21296875,80025.0078125,True,True,True,176,0,0,109,177,101,2026-10-03T11:28:11.372424+07:00,90.069402395,0.18581866900012756,OK,,True,2026-10-03T11:28:11.558252+07:00,90.2552266570001,0.03296645399996123,OK,,True,858,0.10725,,2026-10-03T11:28:11.591218+07:00,90.28819633400008,0.032836066000072606,OK,,True,2176,0.272,
f494914bfa81459dbf15a686ddfc6c1a,92,2026-10-03T11:28:12.372346+07:00,91.069313169,91.069313169,MONITOR,91.18232941699989,1.0000001059997885,0.25170165300005465,8.439400016868603e-05,DISABLED,off,user_reported,39.17877197265625,63.29148483276367,1012.202265625,80553.8046875,True,True,True,176,0,0,109,177,101,2026-10-03T11:28:12.372423+07:00,91.06940133499984,0.18580835500006287,OK,,True,2026-10-03T11:28:12.558241+07:00,91.25521561599999,0.03295371400008662,OK,,True,856,0.107,,2026-10-03T11:28:12.591194+07:00,91.28817233000018,0.032835214999977325,OK,,True,2173,0.271625,
f494914bfa81459dbf15a686ddfc6c1a,93,2026-10-03T11:28:13.372375+07:00,92.06934120400001,92.06934120400001,MONITOR,92.1823574519999,1.000028035000014,0.2634428430001208,0.00011242900018260116,DISABLED,off,user_reported,39.176856994628906,63.284481048583984,1012.18546875,81399.046875,True,True,True,176,0,0,109,177,101,2026-10-03T11:28:13.372461+07:00,92.06943998099996,0.18972128899986274,OK,,True,2026-10-03T11:28:13.562204+07:00,92.25917569600006,0.036902331999954185,OK,,True,840,0.105,,2026-10-03T11:28:13.599112+07:00,92.29608608399985,0.03668225900037214,OK,,True,2182,0.27275,
f494914bfa81459dbf15a686ddfc6c1a,94,2026-10-03T11:28:14.372398+07:00,93.06935692700017,93.06935692700017,MONITOR,93.18237317500007,1.0000157230001605,0.2651342750000367,0.00012815200034310692,DISABLED,off,user_reported,39.17877197265625,63.28480911254883,1012.181640625,81166.7734375,True,True,True,176,0,0,109,177,101,2026-10-03T11:28:14.372569+07:00,93.06954648100009,0.19176321799977813,OK,,True,2026-10-03T11:28:14.564354+07:00,93.2613247549998,0.036160300000119605,OK,,True,854,0.10675,,2026-10-03T11:28:14.600521+07:00,93.29749431500022,0.036981071999889537,OK,,True,2164,0.2705,
f494914bfa81459dbf15a686ddfc6c1a,95,2026-10-03T11:28:15.372400+07:00,94.06935768899984,94.06935768899984,MONITOR,94.18237393699974,1.0000007619996722,0.26490898100018967,0.00012891400001535658,DISABLED,off,user_reported,39.17940902709961,63.284915924072266,1012.189609375,82182.984375,True,True,True,176,0,0,109,177,101,2026-10-03T11:28:15.372559+07:00,94.06953624300013,0.1917617369999789,OK,,True,2026-10-03T11:28:15.564342+07:00,94.2613133320001,0.03579587800004447,OK,,True,866,0.10825,,2026-10-03T11:28:15.600144+07:00,94.29711813599988,0.03713186699997095,OK,,True,2164,0.2705,
f494914bfa81459dbf15a686ddfc6c1a,96,2026-10-03T11:28:16.372402+07:00,95.06936037900005,95.06936037900005,MONITOR,95.18237662699994,1.0000026900002013,0.2620083000001614,0.0001316040002166119,DISABLED,off,user_reported,39.18196487426758,63.29201889038086,1012.207421875,82580.6484375,True,True,True,176,0,0,109,177,101,2026-10-03T11:28:16.372555+07:00,95.0695321369999,0.19175940400009495,OK,,True,2026-10-03T11:28:16.564338+07:00,95.26130794900018,0.03562893399976019,OK,,True,860,0.1075,,2026-10-03T11:28:16.599974+07:00,95.29694627200024,0.03440657399960401,OK,,True,2184,0.273,
f494914bfa81459dbf15a686ddfc6c1a,97,2026-10-03T11:28:17.372402+07:00,96.06935786800022,96.06935786800022,MONITOR,96.18237411600012,0.9999974890001795,0.2621364110000286,0.0001290930003960966,DISABLED,off,user_reported,39.185791015625,63.285987854003906,1012.179296875,82821.09375,True,True,True,176,0,0,109,177,101,2026-10-03T11:28:17.372555+07:00,96.06953236700019,0.1917544419998194,OK,,True,2026-10-03T11:28:17.564330+07:00,96.2613004939999,0.035371862999909354,OK,,True,863,0.107875,,2026-10-03T11:28:17.599706+07:00,96.29668081999989,0.03479716300034852,OK,,True,2176,0.272,
f494914bfa81459dbf15a686ddfc6c1a,98,2026-10-03T11:28:18.372450+07:00,97.06941347100019,97.06941347100019,MONITOR,97.18242971900008,1.0000556029999643,0.25185267400001976,0.0001846960003604181,DISABLED,off,user_reported,39.1883430480957,63.28641128540039,1012.2178125,83306.21875,True,True,True,176,0,0,109,177,101,2026-10-03T11:28:18.372544+07:00,97.06952219200002,0.18585745000018505,OK,,True,2026-10-03T11:28:18.558413+07:00,97.25538764200019,0.03300791699984984,OK,,True,868,0.1085,,2026-10-03T11:28:18.591424+07:00,97.28839998500007,0.03285614100013845,OK,,True,2166,0.27075,
f494914bfa81459dbf15a686ddfc6c1a,99,2026-10-03T11:28:19.372358+07:00,98.06932540900016,98.06932540900016,MONITOR,98.18234165700005,0.9999119379999684,0.2516949169998952,9.663400032877689e-05,DISABLED,off,user_reported,39.18962097167969,63.27995681762695,1012.1925,83469.1875,True,True,True,176,0,0,109,177,101,2026-10-03T11:28:19.372436+07:00,98.06941448299995,0.18581365399995775,OK,,True,2026-10-03T11:28:19.558260+07:00,98.25523473000021,0.03293984399988403,OK,,True,881,0.110125,,2026-10-03T11:28:19.591201+07:00,98.28817788900005,0.03283417800003008,OK,,True,2169,0.271125,
f494914bfa81459dbf15a686ddfc6c1a,100,2026-10-03T11:28:20.372356+07:00,99.06932362799989,99.06932362799989,MONITOR,99.18233987599979,0.9999982189997354,0.2519321930003571,9.485300006417674e-05,DISABLED,off,user_reported,39.19217300415039,63.28705978393555,1012.2034375,83714.84375,True,True,True,176,0,0,109,177,101,2026-10-03T11:28:20.372433+07:00,99.06941196100024,0.18582782099974793,OK,,True,2026-10-03T11:28:20.558273+07:00,99.25524761499992,0.03319150900006207,OK,,True,854,0.10675,,2026-10-03T11:28:20.591465+07:00,99.28844256799994,0.03280523500006893,OK,,True,2176,0.272,
f494914bfa81459dbf15a686ddfc6c1a,101,2026-10-03T11:28:21.372354+07:00,100.06932034900001,100.06932034900001,MONITOR,100.1823365969999,0.9999967210001159,0.25166512099985994,9.157400018011685e-05,DISABLED,off,user_reported,39.19025802612305,63.28006362915039,1012.2071875,83632.796875,True,True,True,176,0,0,109,177,101,2026-10-03T11:28:21.372432+07:00,100.06941064400007,0.18582200699984242,OK,,True,2026-10-03T11:28:21.558264+07:00,100.25523953999982,0.032933844000126555,OK,,True,855,0.106875,,2026-10-03T11:28:21.591199+07:00,100.2881768100001,0.0328005490000578,OK,,True,2169,0.271125,
f494914bfa81459dbf15a686ddfc6c1a,102,2026-10-03T11:28:22.372345+07:00,101.06931312699999,101.06931312699999,MONITOR,101.18232937499988,0.999992777999978,0.25168060399983005,8.435200015810551e-05,DISABLED,off,user_reported,39.19153594970703,63.280269622802734,1012.21625,84293.7109375,True,True,True,176,0,0,109,177,101,2026-10-03T11:28:22.372424+07:00,101.06940321899992,0.18580469300013647,OK,,True,2026-10-03T11:28:22.558240+07:00,101.25521457900004,0.0329580289999285,OK,,True,857,0.107125,,2026-10-03T11:28:22.591199+07:00,101.28817583,0.03281019699988974,OK,,True,2167,0.27087500000000003,
f494914bfa81459dbf15a686ddfc6c1a,103,2026-10-03T11:28:23.372418+07:00,102.069376982,102.069376982,MONITOR,102.18239322999989,1.0000638550000076,0.25503796800012424,0.0001482070001657121,DISABLED,off,user_reported,39.19025802612305,63.28006362915039,1012.214140625,84293.7109375,True,True,True,176,0,0,109,177,101,2026-10-03T11:28:23.372561+07:00,102.06953842500025,0.1868633519998184,OK,,True,2026-10-03T11:28:23.559438+07:00,102.25641098100004,0.03480853400014894,OK,,True,855,0.106875,,2026-10-03T11:28:23.594251+07:00,102.2912252000001,0.03317960200001835,OK,,True,2166,0.27075,
f494914bfa81459dbf15a686ddfc6c1a,104,2026-10-03T11:28:24.372373+07:00,103.06933867299995,103.06933867299995,MONITOR,103.18235492099984,0.9999616909999531,0.25170540099998107,0.00010989800011884654,DISABLED,off,user_reported,39.19408416748047,63.27402877807617,1012.220234375,84880.6328125,True,True,True,176,0,0,109,177,101,2026-10-03T11:28:24.372459+07:00,103.06943819100024,0.18581610100000034,OK,,True,2026-10-03T11:28:24.558287+07:00,103.255261625,0.03294839999989563,OK,,True,842,0.10525,,2026-10-03T11:28:24.591235+07:00,103.28821285799995,0.032823901000028854,OK,,True,2172,0.2715,
f494914bfa81459dbf15a686ddfc6c1a,105,2026-10-03T11:28:25.372361+07:00,104.06932682900015,104.06932682900015,MONITOR,104.18234307700004,0.9999881560001995,0.2519311779997224,9.805400031837053e-05,DISABLED,off,user_reported,39.19344711303711,63.27391052246094,1012.205546875,84796.2890625,True,True,True,176,0,0,109,177,101,2026-10-03T11:28:25.372448+07:00,104.06942610599981,0.18601502600040476,OK,,True,2026-10-03T11:28:25.558474+07:00,104.255449151,0.03298178800014284,OK,,True,862,0.10775,,2026-10-03T11:28:25.591458+07:00,104.28843447600002,0.032815660999858665,OK,,True,2174,0.27175,
f494914bfa81459dbf15a686ddfc6c1a,106,2026-10-03T11:28:26.372360+07:00,105.06932824700016,105.06932824700016,MONITOR,105.18234449500005,1.0000014180000107,0.2519161410000379,9.947200032911496e-05,DISABLED,off,user_reported,39.1972770690918,63.267879486083984,1012.177421875,85992.609375,True,True,True,176,0,0,109,177,101,2026-10-03T11:28:26.372439+07:00,105.06941815400023,0.18581806399970446,OK,,True,2026-10-03T11:28:26.558268+07:00,105.25524338500009,0.03318726899988178,OK,,True,854,0.10675,,2026-10-03T11:28:26.591456+07:00,105.28843383899994,0.03280253100001573,OK,,True,2170,0.27125,
f494914bfa81459dbf15a686ddfc6c1a,107,2026-10-03T11:28:27.372352+07:00,106.06931998200025,106.06931998200025,MONITOR,106.18233623000015,0.9999917350000942,0.2516493289999744,9.120700042331009e-05,DISABLED,off,user_reported,39.19344711303711,63.27391052246094,1012.178046875,85561.5,True,True,True,176,0,0,109,177,101,2026-10-03T11:28:27.372434+07:00,106.0694132399999,0.1858135659999789,OK,,True,2026-10-03T11:28:27.558259+07:00,106.25523347199987,0.03293108600018968,OK,,True,844,0.1055,,2026-10-03T11:28:27.591190+07:00,106.28816794700015,0.03279360499982431,OK,,True,2167,0.27087500000000003,
f494914bfa81459dbf15a686ddfc6c1a,108,2026-10-03T11:28:28.372374+07:00,107.06934153400016,107.06934153400016,MONITOR,107.18235778200005,1.0000215519999074,0.26152618099968095,0.00011275900033069775,DISABLED,off,user_reported,39.19536209106445,63.27423858642578,1012.201796875,86253.3671875,True,True,True,176,0,0,109,177,101,2026-10-03T11:28:28.372456+07:00,107.06943451500001,0.19077624999999898,OK,,True,2026-10-03T11:28:28.563258+07:00,107.26022796899997,0.03489010800012693,OK,,True,849,0.106125,,2026-10-03T11:28:28.598160+07:00,107.2951310389999,0.035717473000204336,OK,,True,2171,0.27137500000000003,
f494914bfa81459dbf15a686ddfc6c1a,109,2026-10-03T11:28:29.372399+07:00,108.06936571799997,108.06936571799997,MONITOR,108.18238196599987,1.0000241839998125,0.2517108110000663,0.00013694300014321925,DISABLED,off,user_reported,39.19919204711914,63.26152038574219,1012.17375,86079.3515625,True,True,True,176,0,0,109,177,101,2026-10-03T11:28:29.372485+07:00,108.06946342099991,0.18581812100001116,OK,,True,2026-10-03T11:28:29.558314+07:00,108.25528817199984,0.03296367800021471,OK,,True,844,0.1055,,2026-10-03T11:28:29.591277+07:00,108.28825455300012,0.03281382799968924,OK,,True,2167,0.27087500000000003,
f494914bfa81459dbf15a686ddfc6c1a,110,2026-10-03T11:28:30.372382+07:00,109.06934879300024,109.06934879300024,MONITOR,109.18236504100014,0.999983075000273,0.2517141449998235,0.00012001800041616661,DISABLED,off,user_reported,39.19663619995117,63.261085510253906,1012.190078125,87045.2265625,True,True,True,176,0,0,109,177,101,2026-10-03T11:28:30.372467+07:00,109.06944549599984,0.18581564000032813,OK,,True,2026-10-03T11:28:30.558294+07:00,109.25526869199985,0.032957530000203406,OK,,True,862,0.10775,,2026-10-03T11:28:30.591252+07:00,109.28822948100014,0.03282525299982808,OK,,True,2170,0.27125,
f494914bfa81459dbf15a686ddfc6c1a,111,2026-10-03T11:28:31.372351+07:00,110.06931846299995,110.06931846299995,MONITOR,110.18233471099984,0.9999696699997003,0.2517483860001448,8.968800011643907e-05,DISABLED,off,user_reported,39.20301818847656,63.275535583496094,1012.200546875,86691.5,True,True,True,176,0,0,109,177,101,2026-10-03T11:28:31.372433+07:00,110.06941186999984,0.18581740000036007,OK,,True,2026-10-03T11:28:31.558261+07:00,110.25523602900012,0.032969364000109636,OK,,True,848,0.106,,2026-10-03T11:28:31.591232+07:00,110.28820841100014,0.032850067999788735,OK,,True,2154,0.26925,
f494914bfa81459dbf15a686ddfc6c1a,112,2026-10-03T11:28:32.372355+07:00,111.06932183900017,111.06932183900017,MONITOR,111.18233808700006,1.0000033760002225,0.25197786699982316,9.306400033892714e-05,DISABLED,off,user_reported,39.201744079589844,63.26195526123047,1012.1915625,87223.171875,True,True,True,176,0,0,109,177,101,2026-10-03T11:28:32.372436+07:00,111.06941454200023,0.18581936399959886,OK,,True,2026-10-03T11:28:32.558267+07:00,111.2552414060001,0.03321908399993845,OK,,True,850,0.10625,,2026-10-03T11:28:32.591486+07:00,111.28846384100007,0.0328275870001562,OK,,True,2173,0.271625,
f494914bfa81459dbf15a686ddfc6c1a,113,2026-10-03T11:28:33.372365+07:00,112.06933164400016,112.06933164400016,MONITOR,112.18234789200005,1.0000098049999906,0.2544046630000594,0.00010286900032951962,DISABLED,off,user_reported,39.20110321044922,63.26852035522461,1012.19046875,87401.84375,True,True,True,176,0,0,109,177,101,2026-10-03T11:28:33.372449+07:00,112.06942782800024,0.1860651579995647,OK,,True,2026-10-03T11:28:33.558534+07:00,112.25550709700019,0.03293458600001031,OK,,True,854,0.10675,,2026-10-03T11:28:33.591475+07:00,112.28844849799998,0.035271439000098326,OK,,True,2161,0.270125,
f494914bfa81459dbf15a686ddfc6c1a,114,2026-10-03T11:28:34.372411+07:00,113.06936874600024,113.06936874600024,MONITOR,113.18238499400013,1.0000371020000784,0.2626443989997824,0.00013997100040796795,DISABLED,off,user_reported,39.201744079589844,63.26195526123047,1012.1984375,87671.234375,True,True,True,176,0,0,109,177,101,2026-10-03T11:28:34.372565+07:00,113.06954211499988,0.1917641720001484,OK,,True,2026-10-03T11:28:34.564351+07:00,113.26132158300015,0.035458381999887933,OK,,True,858,0.10725,,2026-10-03T11:28:34.599815+07:00,113.29678876100024,0.03520660599997427,OK,,True,2180,0.2725,
f494914bfa81459dbf15a686ddfc6c1a,115,2026-10-03T11:28:35.372458+07:00,114.06942187000004,114.06942187000004,MONITOR,114.18243811799994,1.0000531239998054,0.2517658689998825,0.00019309500021336135,DISABLED,off,user_reported,39.20748519897461,63.27627944946289,1012.173359375,88123.921875,True,True,True,176,0,0,109,177,101,2026-10-03T11:28:35.372550+07:00,114.06952786900001,0.18584903100008887,OK,,True,2026-10-03T11:28:35.558410+07:00,114.2553851409998,0.03296880800007784,OK,,True,871,0.108875,,2026-10-03T11:28:35.591379+07:00,114.28835720799998,0.03282232799983831,OK,,True,2170,0.27125,
f494914bfa81459dbf15a686ddfc6c1a,116,2026-10-03T11:28:36.372353+07:00,115.06932018199996,115.06932018199996,MONITOR,115.18233642999985,0.9998983119999139,0.2517557400001351,9.140700012721936e-05,DISABLED,off,user_reported,39.20812225341797,63.26970672607422,1012.201875,88306.3125,True,True,True,176,0,0,109,177,101,2026-10-03T11:28:36.372434+07:00,115.06941249600004,0.1858297539997693,OK,,True,2026-10-03T11:28:36.558275+07:00,115.25524965700015,0.032985344999815425,OK,,True,849,0.106125,,2026-10-03T11:28:36.591260+07:00,115.2882379470002,0.03282945699993434,OK,,True,2168,0.271,
f494914bfa81459dbf15a686ddfc6c1a,117,2026-10-03T11:28:37.372352+07:00,116.06931897699997,116.06931897699997,MONITOR,116.18233522499986,0.9999987950000104,0.25174735200016585,9.020200013765134e-05,DISABLED,off,user_reported,39.20684814453125,63.269493103027344,1012.186171875,88123.921875,True,True,True,176,0,0,109,177,101,2026-10-03T11:28:37.372432+07:00,116.06941032800023,0.18581766199986305,OK,,True,2026-10-03T11:28:37.558261+07:00,116.25523530400005,0.032982252999772754,OK,,True,853,0.106625,,2026-10-03T11:28:37.591244+07:00,116.28822076100005,0.0328372720000516,OK,,True,2159,0.26987500000000003,
f494914bfa81459dbf15a686ddfc6c1a,118,2026-10-03T11:28:38.372364+07:00,117.06932997700005,117.06932997700005,MONITOR,117.18234622499995,1.000011000000086,0.2531767129999025,0.00010120200022356585,DISABLED,off,user_reported,39.20365524291992,63.26227569580078,1012.201484375,88765.6015625,True,True,True,176,0,0,109,177,101,2026-10-03T11:28:38.372446+07:00,117.06942477299981,0.18626773300002242,OK,,True,2026-10-03T11:28:38.558737+07:00,117.25570719100006,0.03365289600014876,OK,,True,847,0.105875,,2026-10-03T11:28:38.592398+07:00,117.28936812400025,0.03312458499976856,OK,,True,2157,0.269625,
f494914bfa81459dbf15a686ddfc6c1a,119,2026-10-03T11:28:39.372351+07:00,118.06931785100005,118.06931785100005,MONITOR,118.18233409899995,0.9999878739999986,0.2518234270000903,8.907600022212137e-05,DISABLED,off,user_reported,39.208763122558594,63.269813537597656,1012.189296875,88858.0390625,True,True,True,176,0,0,109,177,101,2026-10-03T11:28:39.372431+07:00,118.06941023899981,0.1858143670001482,OK,,True,2026-10-03T11:28:39.558257+07:00,118.25523166099993,0.03296940100017309,OK,,True,854,0.10675,,2026-10-03T11:28:39.591227+07:00,118.28820428500012,0.03292793799982974,OK,,True,2170,0.27125,
f494914bfa81459dbf15a686ddfc6c1a,120,2026-10-03T11:28:40.372879+07:00,119.06983587100012,119.06983587100012,MONITOR,119.18285211900002,1.0005180200000723,0.2618847049998294,0.0006070960002944048,DISABLED,off,user_reported,39.20748519897461,63.26292037963867,1012.19390625,88858.0390625,True,True,True,176,0,0,109,177,101,2026-10-03T11:28:40.373050+07:00,119.07002716599982,0.1910041060000367,OK,,True,2026-10-03T11:28:40.564076+07:00,119.26104605,0.03546610400007921,OK,,True,853,0.106625,,2026-10-03T11:28:40.599548+07:00,119.29652122800007,0.03518106999990778,OK,,True,2183,0.272875,
f494914bfa81459dbf15a686ddfc6c1a,121,2026-10-03T11:28:41.372432+07:00,120.06939425300016,120.06939425300016,MONITOR,120.18241050100005,0.999558382000032,0.2606014919997506,0.00016547800032640225,DISABLED,off,user_reported,39.211952209472656,63.270355224609375,1012.194296875,89323.1015625,True,True,True,176,0,0,109,177,101,2026-10-03T11:28:41.372555+07:00,120.06953273299996,0.18847684799993658,OK,,True,2026-10-03T11:28:41.561047+07:00,120.25802028399994,0.036844890999873314,OK,,True,852,0.1065,,2026-10-03T11:28:41.597898+07:00,120.29487334199985,0.03510440300033224,OK,,True,2176,0.272,
f494914bfa81459dbf15a686ddfc6c1a,122,2026-10-03T11:28:42.372462+07:00,121.06941833700012,121.06941833700012,MONITOR,121.18243458500001,1.0000240839999606,0.2609355089998644,0.00018956200028696912,DISABLED,off,user_reported,39.213226318359375,63.25720977783203,1012.18953125,89510.4921875,True,True,True,176,0,0,109,177,101,2026-10-03T11:28:42.372622+07:00,121.0695995760002,0.1909773289999066,OK,,True,2026-10-03T11:28:42.563618+07:00,121.26058988700015,0.034636776999832364,OK,,True,846,0.10575,,2026-10-03T11:28:42.598260+07:00,121.29523471999983,0.03510164400040594,OK,,True,2182,0.27275,
f494914bfa81459dbf15a686ddfc6c1a,123,2026-10-03T11:28:43.375859+07:00,122.0728110089999,122.0728110089999,MONITOR,122.1858272569998,1.0033926719997908,0.2600667199999407,0.003582234000077733,DISABLED,off,user_reported,39.21067428588867,63.2701416015625,1012.178671875,89887.640625,True,True,True,176,0,0,109,177,101,2026-10-03T11:28:43.376044+07:00,122.07302076699989,0.18846351499996672,OK,,True,2026-10-03T11:28:43.564523+07:00,122.26149594800017,0.03464772200004518,OK,,True,872,0.109,,2026-10-03T11:28:43.599184+07:00,122.29615548499987,0.036700670000300306,OK,,True,2177,0.272125,
f494914bfa81459dbf15a686ddfc6c1a,124,2026-10-03T11:28:44.372438+07:00,123.06940390099999,123.06940390099999,MONITOR,123.18242014899988,0.9965928920000806,0.2522990749998826,0.00017512600015834323,DISABLED,off,user_reported,39.220245361328125,63.26506805419922,1012.2009375,89604.4765625,True,True,True,176,0,0,109,177,101,2026-10-03T11:28:44.372532+07:00,123.06951073400023,0.18619193899985476,OK,,True,2026-10-03T11:28:44.558736+07:00,123.25571037700001,0.03316773300002751,OK,,True,850,0.10625,,2026-10-03T11:28:44.591905+07:00,123.28888199899984,0.03281282900024962,OK,,True,2172,0.2715,
f494914bfa81459dbf15a686ddfc6c1a,125,2026-10-03T11:28:45.372396+07:00,124.06936114000018,124.06936114000018,MONITOR,124.18237738800008,0.9999572390001958,0.2517000799998641,0.0001323650003541843,DISABLED,off,user_reported,39.21514129638672,63.257537841796875,1012.17890625,90077.4140625,True,True,True,176,0,0,109,177,101,2026-10-03T11:28:45.372488+07:00,124.0694659730002,0.18581533199994738,OK,,True,2026-10-03T11:28:45.558314+07:00,124.25528856400024,0.032969012999728875,OK,,True,872,0.109,,2026-10-03T11:28:45.591284+07:00,124.28826111399985,0.03279184700022597,OK,,True,2164,0.2705,
f494914bfa81459dbf15a686ddfc6c1a,126,2026-10-03T11:28:46.372343+07:00,125.06931166000004,125.06931166000004,MONITOR,125.18232790799993,0.9999505199998566,0.25174737599991204,8.288500021080836e-05,DISABLED,off,user_reported,39.213226318359375,63.25720977783203,1012.196328125,90651.5546875,True,True,True,176,0,0,109,177,101,2026-10-03T11:28:46.372420+07:00,125.06939923300024,0.18581394399961937,OK,,True,2026-10-03T11:28:46.558246+07:00,125.2552205840002,0.032982975999857445,OK,,True,848,0.106,,2026-10-03T11:28:46.591231+07:00,125.28820783799983,0.03284343900031672,OK,,True,2172,0.2715,
f494914bfa81459dbf15a686ddfc6c1a,127,2026-10-03T11:28:47.372344+07:00,126.06931184799987,126.06931184799987,MONITOR,126.18232809599976,1.0000001879998308,0.2517629880003369,8.307300004162244e-05,DISABLED,off,user_reported,39.21769332885742,63.26464080810547,1012.17609375,90459.3671875,True,True,True,176,0,0,109,177,101,2026-10-03T11:28:47.372421+07:00,126.06939958800012,0.18580968500009476,OK,,True,2026-10-03T11:28:47.558243+07:00,126.2552174020002,0.03297543899998345,OK,,True,848,0.106,,2026-10-03T11:28:47.591219+07:00,126.28819621100001,0.03287042100009785,OK,,True,2175,0.27187500000000003,
f494914bfa81459dbf15a686ddfc6c1a,128,2026-10-03T11:28:48.372371+07:00,127.06933764899986,127.06933764899986,MONITOR,127.18235389699976,1.0000258009999925,0.25387010300028123,0.0001088740000341204,DISABLED,off,user_reported,39.21769332885742,63.257957458496094,1012.22421875,90651.5546875,True,True,True,176,0,0,109,177,101,2026-10-03T11:28:48.372453+07:00,127.06943157400019,0.18582018600000083,OK,,True,2026-10-03T11:28:48.558286+07:00,127.25525970399985,0.03362986000001911,OK,,True,848,0.106,,2026-10-03T11:28:48.591923+07:00,127.28889622999986,0.03429724400029954,OK,,True,2167,0.27087500000000003,
f494914bfa81459dbf15a686ddfc6c1a,129,2026-10-03T11:28:49.372355+07:00,128.06932252700017,128.06932252700017,MONITOR,128.18233877500006,0.9999848780003049,0.2516837299999679,9.37520003390091e-05,DISABLED,off,user_reported,39.2164192199707,63.2711067199707,1012.16046875,91428.5703125,True,True,True,176,0,0,109,177,101,2026-10-03T11:28:49.372431+07:00,128.0694091370001,0.18580953799983035,OK,,True,2026-10-03T11:28:49.558252+07:00,128.2552264159999,0.03296966100015197,OK,,True,850,0.10625,,2026-10-03T11:28:49.591223+07:00,128.2881993169999,0.032798977000311424,OK,,True,2179,0.272375,
f494914bfa81459dbf15a686ddfc6c1a,130,2026-10-03T11:28:50.372355+07:00,129.06932242499988,129.06932242499988,MONITOR,129.18233867299978,0.9999998979997144,0.2521960419999232,9.365000005345792e-05,DISABLED,off,user_reported,39.220245361328125,63.25838851928711,1012.173515625,91330.71875,True,True,True,176,0,0,109,177,101,2026-10-03T11:28:50.372429+07:00,129.06940809100024,0.18582031599999027,OK,,True,2026-10-03T11:28:50.558262+07:00,129.25523612899997,0.0334305280002809,OK,,True,859,0.107375,,2026-10-03T11:28:50.591696+07:00,129.28867115699995,0.03283879199989315,OK,,True,2171,0.27137500000000003,
f494914bfa81459dbf15a686ddfc6c1a,131,2026-10-03T11:28:51.372352+07:00,130.06931977000022,130.06931977000022,MONITOR,130.18233601800011,0.9999973450003381,0.2519236749999436,9.099500039155828e-05,DISABLED,off,user_reported,39.218971252441406,63.258174896240234,1012.21953125,91330.71875,True,True,True,176,0,0,109,177,101,2026-10-03T11:28:51.372431+07:00,130.06941001099995,0.18587637100017673,OK,,True,2026-10-03T11:28:51.558321+07:00,130.2552952699998,0.03296734700006709,OK,,True,822,0.10275000000000001,,2026-10-03T11:28:51.591289+07:00,130.28826663500013,0.03296654999985549,OK,,True,2170,0.27125,
f494914bfa81459dbf15a686ddfc6c1a,132,2026-10-03T11:28:52.372355+07:00,131.0693228959999,131.0693228959999,MONITOR,131.1823391439998,1.000003125999683,0.2518415080003251,9.412100007466506e-05,DISABLED,off,user_reported,39.220245361328125,63.2717399597168,1012.2353125,91330.71875,True,True,True,176,0,0,109,177,101,2026-10-03T11:28:52.372432+07:00,131.06941076500016,0.18583340899976974,OK,,True,2026-10-03T11:28:52.558277+07:00,131.25525173000005,0.03293882800016945,OK,,True,855,0.106875,,2026-10-03T11:28:52.591218+07:00,131.28819452100015,0.032959364999896934,OK,,True,2164,0.2705,
f494914bfa81459dbf15a686ddfc6c1a,133,2026-10-03T11:28:53.372374+07:00,132.06934133799996,132.06934133799996,MONITOR,132.18235758599985,1.000018442000055,0.2538901050002096,0.00011256300012973952,DISABLED,off,user_reported,39.22471237182617,63.26581954956055,1012.208125,91921.0078125,True,True,True,176,0,0,109,177,101,2026-10-03T11:28:53.372457+07:00,132.06943546699995,0.18580833500027438,OK,,True,2026-10-03T11:28:53.558277+07:00,132.25525082000013,0.032935532000010426,OK,,True,869,0.108625,,2026-10-03T11:28:53.591213+07:00,132.288190278,0.035027516999889485,OK,,True,2148,0.2685,
f494914bfa81459dbf15a686ddfc6c1a,134,2026-10-03T11:28:54.372393+07:00,133.06935172600015,133.06935172600015,MONITOR,133.18236797400004,1.0000103880001916,0.2597456919997967,0.00012295100032133632,DISABLED,off,user_reported,39.22216033935547,63.25871276855469,1012.2384375,91330.71875,True,True,True,176,0,0,109,177,101,2026-10-03T11:28:54.372540+07:00,133.06951741000012,0.18920112599971617,OK,,True,2026-10-03T11:28:54.561797+07:00,133.25876912800004,0.03566736299990225,OK,,True,867,0.108375,,2026-10-03T11:28:54.597467+07:00,133.29444249100015,0.03464133399984348,OK,,True,2179,0.272375,
f494914bfa81459dbf15a686ddfc6c1a,135,2026-10-03T11:28:55.372408+07:00,134.06936609900004,134.06936609900004,MONITOR,134.18238234699993,1.0000143729998854,0.2605172600001424,0.00013732400020671776,DISABLED,off,user_reported,39.22216033935547,63.27874755859375,1012.1834375,92020.1328125,True,True,True,176,0,0,109,177,101,2026-10-03T11:28:55.372560+07:00,134.06953663500008,0.1904319119998945,OK,,True,2026-10-03T11:28:55.563014+07:00,134.25998489899985,0.03663570800017624,OK,,True,848,0.106,,2026-10-03T11:28:55.599658+07:00,134.29663012599985,0.03324227000030078,OK,,True,2169,0.271125,
f494914bfa81459dbf15a686ddfc6c1a,136,2026-10-03T11:28:56.372350+07:00,135.06931817800023,135.06931817800023,MONITOR,135.18233442600012,0.9999520790001952,0.25216995199980374,8.940300040194415e-05,DISABLED,off,user_reported,39.22279739379883,63.25214385986328,1012.163828125,92418.7734375,True,True,True,176,0,0,109,177,101,2026-10-03T11:28:56.372425+07:00,135.0694035470001,0.18590231799998946,OK,,True,2026-10-03T11:28:56.558340+07:00,135.25531497600014,0.03359113799979241,OK,,True,836,0.1045,,2026-10-03T11:28:56.591936+07:00,135.28891102199987,0.03256303400030447,OK,,True,2173,0.271625,
f494914bfa81459dbf15a686ddfc6c1a,137,2026-10-03T11:28:57.372359+07:00,136.0693266100002,136.0693266100002,MONITOR,136.18234285800008,1.0000084319999587,0.2537230709999676,9.783500036064652e-05,DISABLED,off,user_reported,39.22343444824219,63.25893020629883,1012.178671875,93858.84375,True,True,True,176,0,0,109,177,101,2026-10-03T11:28:57.372439+07:00,136.06941820200018,0.1862826110000242,OK,,True,2026-10-03T11:28:57.558736+07:00,136.25571046100004,0.03418367099993702,OK,,True,851,0.106375,,2026-10-03T11:28:57.592924+07:00,136.28989931700016,0.03313851299981252,OK,,True,2169,0.271125,
f494914bfa81459dbf15a686ddfc6c1a,138,2026-10-03T11:28:58.372382+07:00,137.06934830399996,137.06934830399996,MONITOR,137.18236455199985,1.00002169399977,0.2532966490002764,0.00011952900013056933,DISABLED,off,user_reported,39.226627349853516,63.266143798828125,1012.17703125,93807.2578125,True,True,True,176,0,0,109,177,101,2026-10-03T11:28:58.372462+07:00,137.06944089599983,0.1859321510000882,OK,,True,2026-10-03T11:28:58.558411+07:00,137.25538445400025,0.03429646699987643,OK,,True,849,0.106125,,2026-10-03T11:28:58.592712+07:00,137.28968668000016,0.03293193999979849,OK,,True,2169,0.271125,
f494914bfa81459dbf15a686ddfc6c1a,139,2026-10-03T11:28:59.372352+07:00,138.0693192220001,138.0693192220001,MONITOR,138.18233547,0.9999709180001446,0.25600892600004954,9.044700027516228e-05,DISABLED,off,user_reported,39.227264404296875,63.2729377746582,1012.19859375,93807.2578125,True,True,True,176,0,0,109,177,101,2026-10-03T11:28:59.372427+07:00,138.0694057400001,0.1883578749998378,OK,,True,2026-10-03T11:28:59.560800+07:00,138.25777350299995,0.03442650299984962,OK,,True,845,0.105625,,2026-10-03T11:28:59.595231+07:00,138.29220559900023,0.03311253099991518,OK,,True,2166,0.27075,
f494914bfa81459dbf15a686ddfc6c1a,140,2026-10-03T11:29:00.372348+07:00,139.0693161610002,139.0693161610002,MONITOR,139.18233240900008,0.9999969390000842,0.2580363929996565,8.73860003594018e-05,DISABLED,off,user_reported,39.22981643676758,63.266685485839844,1012.2028125,94430.1015625,True,True,True,176,0,0,109,177,101,2026-10-03T11:29:00.372423+07:00,139.06940134600018,0.18863644699968063,OK,,True,2026-10-03T11:29:00.561072+07:00,139.25804673699986,0.033872340000016266,OK,,True,853,0.106625,,2026-10-03T11:29:00.594950+07:00,139.29192444799992,0.035406718000103865,OK,,True,2171,0.27137500000000003,
f494914bfa81459dbf15a686ddfc6c1a,141,2026-10-03T11:29:01.372420+07:00,140.06937813900004,140.06937813900004,MONITOR,140.18239438699993,1.0000619779998488,0.27151671899991925,0.000149364000208152,DISABLED,off,user_reported,39.22917938232422,63.2598991394043,1012.201796875,94065.7734375,True,True,True,176,0,0,109,177,101,2026-10-03T11:29:01.372570+07:00,140.0695468419999,0.19871452000006684,OK,,True,2026-10-03T11:29:01.571308+07:00,140.2682775100002,0.035638493999613274,OK,,True,834,0.10425,,2026-10-03T11:29:01.606953+07:00,140.30392530000017,0.03694992900000216,OK,,True,2163,0.27037500000000003,
f494914bfa81459dbf15a686ddfc6c1a,142,2026-10-03T11:29:02.372420+07:00,141.06937939699992,141.06937939699992,MONITOR,141.18239564499981,1.0000012579998838,0.26486219500020525,0.00015062200009197113,DISABLED,off,user_reported,39.228538513183594,63.259803771972656,1012.180078125,94534.7109375,True,True,True,176,0,0,109,177,101,2026-10-03T11:29:02.372569+07:00,141.06954559999986,0.19203851500014935,OK,,True,2026-10-03T11:29:02.564630+07:00,141.26160072599987,0.03745470200010459,OK,,True,849,0.106125,,2026-10-03T11:29:02.602095+07:00,141.2990666139999,0.035159441999894625,OK,,True,2177,0.272125,
f494914bfa81459dbf15a686ddfc6c1a,143,2026-10-03T11:29:03.372438+07:00,142.06939393599987,142.06939393599987,MONITOR,142.18241018399976,1.0000145389999489,0.2633955760002209,0.00016516100004082546,DISABLED,off,user_reported,39.23045349121094,63.253440856933594,1012.17640625,94692.0625,True,True,True,176,0,0,109,176,101,2026-10-03T11:29:03.372601+07:00,142.06957810099993,0.19209244100011347,OK,,True,2026-10-03T11:29:03.564716+07:00,142.261686671,0.03625185999999303,OK,,True,852,0.1065,,2026-10-03T11:29:03.600980+07:00,142.297951087,0.034825591999833705,OK,,True,2172,0.2715,
f494914bfa81459dbf15a686ddfc6c1a,144,2026-10-03T11:29:04.372347+07:00,143.06931510599998,143.06931510599998,MONITOR,143.18233135399987,0.9999211700001069,0.25839076300007946,8.633100014776574e-05,DISABLED,off,user_reported,39.23236846923828,63.260440826416016,1012.193125,94534.7109375,True,True,True,176,0,0,109,177,101,2026-10-03T11:29:04.372422+07:00,143.0694004940001,0.18580835900002057,OK,,True,2026-10-03T11:29:04.558240+07:00,143.25521535300004,0.03717650099997627,OK,,True,859,0.107375,,2026-10-03T11:29:04.595424+07:00,143.29239798400022,0.03529405199969915,OK,,True,2159,0.26987500000000003,
f494914bfa81459dbf15a686ddfc6c1a,145,2026-10-03T11:29:05.372353+07:00,144.06932170400023,144.06932170400023,MONITOR,144.18233795200013,1.0000065980002546,0.25203264399988257,9.292900040236418e-05,DISABLED,off,user_reported,39.22917938232422,63.266578674316406,1012.188046875,95008.3515625,True,True,True,176,0,0,109,177,101,2026-10-03T11:29:05.372428+07:00,144.06940685200016,0.18581593299995802,OK,,True,2026-10-03T11:29:05.558254+07:00,144.25522861799982,0.03307818000030238,OK,,True,850,0.10625,,2026-10-03T11:29:05.591342+07:00,144.28831402000014,0.033025124999767286,OK,,True,2151,0.26887500000000003,
f494914bfa81459dbf15a686ddfc6c1a,146,2026-10-03T11:29:06.372357+07:00,145.06932511900004,145.06932511900004,MONITOR,145.18234136699994,1.00000341499981,0.25267704699990645,9.634400021241163e-05,DISABLED,off,user_reported,39.2310905456543,63.26689910888672,1012.17734375,95114.25,True,True,True,176,0,0,109,177,101,2026-10-03T11:29:06.372428+07:00,145.0694068040002,0.1858221739998953,OK,,True,2026-10-03T11:29:06.558261+07:00,145.25523582999995,0.03309625300016705,OK,,True,837,0.104625,,2026-10-03T11:29:06.591363+07:00,145.28833749100022,0.03365484200003266,OK,,True,2154,0.26925,
f494914bfa81459dbf15a686ddfc6c1a,147,2026-10-03T11:29:07.372357+07:00,146.06932448099997,146.06932448099997,MONITOR,146.18234072899986,0.9999993619999259,0.2527927510000154,9.570600013830699e-05,DISABLED,off,user_reported,39.231727600097656,63.26701354980469,1012.1853125,95061.2734375,True,True,True,176,0,0,109,177,101,2026-10-03T11:29:07.372434+07:00,146.06941231400015,0.18581308100010574,OK,,True,2026-10-03T11:29:07.558257+07:00,146.25523243199996,0.03304738399992857,OK,,True,858,0.10725,,2026-10-03T11:29:07.591309+07:00,146.28828405700006,0.03382071199985148,OK,,True,2163,0.27037500000000003,
f494914bfa81459dbf15a686ddfc6c1a,148,2026-10-03T11:29:08.372357+07:00,147.06932362299995,147.06932362299995,MONITOR,147.18233987099984,0.9999991419999787,0.2579149719999805,9.484800011705374e-05,DISABLED,off,user_reported,39.234283447265625,63.25408172607422,1012.19625,95700.9375,True,True,True,176,0,0,109,177,101,2026-10-03T11:29:08.372443+07:00,147.06942180700025,0.18581924899990554,OK,,True,2026-10-03T11:29:08.558272+07:00,147.25524701899985,0.032962125000267406,OK,,True,855,0.106875,,2026-10-03T11:29:08.591235+07:00,147.2882123290001,0.03901382200001535,OK,,True,2163,0.27037500000000003,
f494914bfa81459dbf15a686ddfc6c1a,149,2026-10-03T11:29:09.372354+07:00,148.06932313700008,148.06932313700008,MONITOR,148.18233938499998,0.9999995140001374,0.2539160950000223,9.436200025447761e-05,DISABLED,off,user_reported,39.233646392822266,63.27400588989258,1012.160859375,95700.9375,True,True,True,176,0,0,109,177,101,2026-10-03T11:29:09.372427+07:00,148.0694055250001,0.1858206940000855,OK,,True,2026-10-03T11:29:09.558259+07:00,148.25523316299996,0.03293597800029602,OK,,True,859,0.107375,,2026-10-03T11:29:09.591194+07:00,148.28817232600022,0.03505023899970183,OK,,True,2171,0.27137500000000003,
f494914bfa81459dbf15a686ddfc6c1a,150,2026-10-03T11:29:10.372363+07:00,149.0693311529999,149.0693311529999,MONITOR,149.1823474009998,1.0000080159998106,0.2517437599999539,0.00010237800006507314,DISABLED,off,user_reported,39.234920501708984,63.2608757019043,1012.211015625,95114.25,True,True,True,176,0,0,109,177,101,2026-10-03T11:29:10.372435+07:00,149.06941409699994,0.18582439700003306,OK,,True,2026-10-03T11:29:10.558270+07:00,149.2552445870001,0.032949939999980415,OK,,True,850,0.10625,,2026-10-03T11:29:10.591221+07:00,149.2881981569999,0.03286397800002305,OK,,True,2166,0.27075,
f494914bfa81459dbf15a686ddfc6c1a,151,2026-10-03T11:29:11.372353+07:00,150.06932163400006,150.06932163400006,MONITOR,150.18233788199996,0.9999904810001681,0.25334258200018667,9.285900023314753e-05,DISABLED,off,user_reported,39.24066162109375,63.268516540527344,1012.21359375,95808.3828125,True,True,True,176,0,0,109,177,101,2026-10-03T11:29:11.372427+07:00,150.06940583799997,0.1858213240002442,OK,,True,2026-10-03T11:29:11.558259+07:00,150.25523364299988,0.032920532999924035,OK,,True,854,0.10675,,2026-10-03T11:29:11.591179+07:00,150.288156954,0.03449480000017502,OK,,True,2163,0.27037500000000003,
f494914bfa81459dbf15a686ddfc6c1a,152,2026-10-03T11:29:12.372354+07:00,151.06932297000003,151.06932297000003,MONITOR,151.18233921799992,1.0000013359999684,0.25455079599987585,9.419500020158011e-05,DISABLED,off,user_reported,39.23619842529297,63.24773025512695,1012.18578125,95916.0703125,True,True,True,176,0,0,109,177,101,2026-10-03T11:29:12.372425+07:00,151.06940350600007,0.1858269169997584,OK,,True,2026-10-03T11:29:12.558262+07:00,151.25523690499995,0.0329388850000214,OK,,True,855,0.106875,,2026-10-03T11:29:12.591201+07:00,151.28817866000009,0.03568371699975614,OK,,True,2174,0.27175,
f494914bfa81459dbf15a686ddfc6c1a,153,2026-10-03T11:29:13.372358+07:00,152.06932530699987,152.06932530699987,MONITOR,152.18234155499977,1.0000023369998416,0.25182213200014303,9.653200004322571e-05,DISABLED,off,user_reported,39.23619842529297,63.26776123046875,1012.178828125,96240.6015625,True,True,True,176,0,0,109,177,101,2026-10-03T11:29:13.372437+07:00,152.06941558400013,0.185831417999907,OK,,True,2026-10-03T11:29:13.558279+07:00,152.25525327900004,0.03304505200003405,OK,,True,873,0.109125,,2026-10-03T11:29:13.591327+07:00,152.28830264499993,0.03283714600001986,OK,,True,2168,0.271,
f494914bfa81459dbf15a686ddfc6c1a,154,2026-10-03T11:29:14.372350+07:00,153.06931903600025,153.06931903600025,MONITOR,153.18233528400015,0.99999372900038,0.2516976879996946,9.02610004231974e-05,DISABLED,off,user_reported,39.238746643066406,63.26150894165039,1012.182890625,96349.265625,True,True,True,176,0,0,109,177,101,2026-10-03T11:29:14.372420+07:00,153.0693985349999,0.1858298619999914,OK,,True,2026-10-03T11:29:14.558261+07:00,153.25523563800016,0.032937366999703954,OK,,True,844,0.1055,,2026-10-03T11:29:14.591199+07:00,153.28817672700006,0.03283181200004037,OK,,True,2174,0.27175,
f494914bfa81459dbf15a686ddfc6c1a,155,2026-10-03T11:29:15.372352+07:00,154.06931954399988,154.06931954399988,MONITOR,154.18233579199978,1.00000050799963,0.25167715199995655,9.076900005311472e-05,DISABLED,off,user_reported,39.23938751220703,63.261619567871094,1012.19078125,95593.7265625,True,True,True,176,0,0,109,177,101,2026-10-03T11:29:15.372422+07:00,154.0694012660001,0.1858251769999697,OK,,True,2026-10-03T11:29:15.558258+07:00,154.25523336900005,0.03293997799983117,OK,,True,860,0.1075,,2026-10-03T11:29:15.591199+07:00,154.28817647699998,0.0328125529999852,OK,,True,2167,0.27087500000000003,
f494914bfa81459dbf15a686ddfc6c1a,156,2026-10-03T11:29:16.372346+07:00,155.06931555500023,155.06931555500023,MONITOR,155.18233180300012,0.9999960110003485,0.25170563399979073,8.67800004016317e-05,DISABLED,off,user_reported,39.24129867553711,63.26194763183594,1012.187109375,96622.0078125,True,True,True,176,0,0,109,177,101,2026-10-03T11:29:16.372416+07:00,155.06939423999984,0.18580730700023196,OK,,True,2026-10-03T11:29:16.558233+07:00,155.255208177,0.032985717999963526,OK,,True,851,0.106375,,2026-10-03T11:29:16.591221+07:00,155.2881975989999,0.03281577500001731,OK,,True,2167,0.27087500000000003,
f494914bfa81459dbf15a686ddfc6c1a,157,2026-10-03T11:29:17.372351+07:00,156.06932058600023,156.06932058600023,MONITOR,156.18233683400013,1.0000050310000006,0.2516661899999235,9.1811000402231e-05,DISABLED,off,user_reported,39.2451286315918,63.26926803588867,1012.22078125,96240.6015625,True,True,True,176,0,0,109,177,101,2026-10-03T11:29:17.372422+07:00,156.06940082600022,0.18582749300003343,OK,,True,2026-10-03T11:29:17.558260+07:00,156.255234708,0.032938441000169405,OK,,True,855,0.106875,,2026-10-03T11:29:17.591199+07:00,156.28817661199992,0.03280197899994164,OK,,True,2167,0.27087500000000003,
f494914bfa81459dbf15a686ddfc6c1a,158,2026-10-03T11:29:18.372353+07:00,157.0693203599999,157.0693203599999,MONITOR,157.1823366079998,0.9999997739996616,0.2517332649999844,9.158500006378745e-05,DISABLED,off,user_reported,39.24321746826172,63.26893997192383,1012.196953125,96512.7265625,True,True,True,176,0,0,109,177,101,2026-10-03T11:29:18.372430+07:00,157.06940924799983,0.18582712400029777,OK,,True,2026-10-03T11:29:18.558268+07:00,157.25524314899985,0.032969756000056805,OK,,True,852,0.1065,,2026-10-03T11:29:18.591240+07:00,157.28821608999988,0.03282940500002951,OK,,True,2189,0.273625,
f494914bfa81459dbf15a686ddfc6c1a,159,2026-10-03T11:29:19.372409+07:00,158.0693690799999,158.0693690799999,MONITOR,158.18238532799978,1.0000487199999952,0.26259977700010495,0.00014030500005901558,DISABLED,off,user_reported,39.24385452270508,63.269046783447266,1012.191171875,96786.390625,True,True,True,176,0,0,109,176,101,2026-10-03T11:29:19.372558+07:00,158.0695355419998,0.19178070900034072,OK,,True,2026-10-03T11:29:19.564359+07:00,158.2613297140001,0.03537231199970847,OK,,True,858,0.10725,,2026-10-03T11:29:19.599736+07:00,158.2967107479999,0.035239201999957004,OK,,True,2179,0.272375,
f494914bfa81459dbf15a686ddfc6c1a,160,2026-10-03T11:29:20.372364+07:00,159.06933247000006,159.06933247000006,MONITOR,159.18234871799996,0.9999633900001754,0.25168933999975707,0.00010369500023443834,DISABLED,off,user_reported,39.241939544677734,63.268733978271484,1012.18125,96512.7265625,True,True,True,176,0,0,109,177,101,2026-10-03T11:29:20.372434+07:00,159.06941258100005,0.18581797500019093,OK,,True,2026-10-03T11:29:20.558263+07:00,159.25523789,0.032941200000095705,OK,,True,855,0.106875,,2026-10-03T11:29:20.591204+07:00,159.28818190499987,0.032831774999976915,OK,,True,2170,0.27125,
f494914bfa81459dbf15a686ddfc6c1a,161,2026-10-03T11:29:21.372345+07:00,160.0693140100002,160.0693140100002,MONITOR,160.1823302580001,0.9999815400001353,0.2516573220000282,8.523500036972109e-05,DISABLED,off,user_reported,39.2451286315918,63.255916595458984,1012.200234375,97116.84375,True,True,True,176,0,0,109,176,101,2026-10-03T11:29:21.372416+07:00,160.0693947310001,0.18580408799971337,OK,,True,2026-10-03T11:29:21.558230+07:00,160.25520515200014,0.032946793000064645,OK,,True,843,0.105375,,2026-10-03T11:29:21.591177+07:00,160.28815498199992,0.03280873900030201,OK,,True,2165,0.270625,
f494914bfa81459dbf15a686ddfc6c1a,162,2026-10-03T11:29:22.372346+07:00,161.06931549599994,161.06931549599994,MONITOR,161.18233174399984,1.0000014859997464,0.2516817109999465,8.672100011608563e-05,DISABLED,off,user_reported,39.24321746826172,63.27561950683594,1012.19015625,96567.3359375,True,True,True,176,0,0,109,177,101,2026-10-03T11:29:22.372413+07:00,161.06939205100025,0.18580814299957638,OK,,True,2026-10-03T11:29:22.558232+07:00,161.255206842,0.0329617010002039,OK,,True,853,0.106625,,2026-10-03T11:29:22.591195+07:00,161.28817213499997,0.03281716499986942,OK,,True,2167,0.27087500000000003,
f494914bfa81459dbf15a686ddfc6c1a,163,2026-10-03T11:29:23.372347+07:00,162.06931540999994,162.06931540999994,MONITOR,162.18233165799984,0.999999914,0.25168656400001055,8.663500011607539e-05,DISABLED,off,user_reported,39.24449157714844,63.2691535949707,1012.2128125,96786.390625,True,True,True,176,0,0,109,177,101,2026-10-03T11:29:23.372422+07:00,162.06940085399992,0.18581866200020158,OK,,True,2026-10-03T11:29:23.558251+07:00,162.25522662699996,0.03295186700006525,OK,,True,861,0.107625,,2026-10-03T11:29:23.591205+07:00,162.2881818830001,0.032812090999868815,OK,,True,2172,0.2715,
f494914bfa81459dbf15a686ddfc6c1a,164,2026-10-03T11:29:24.372351+07:00,163.06931986300015,163.06931986300015,MONITOR,163.18233611100004,1.0000044530002015,0.2516643240001031,9.108800031754072e-05,DISABLED,off,user_reported,39.245765686035156,63.27605056762695,1012.166875,97116.84375,True,True,True,176,0,0,109,177,101,2026-10-03T11:29:24.372422+07:00,163.06940038099992,0.18583434800029863,OK,,True,2026-10-03T11:29:24.558265+07:00,163.25524063600005,0.032932311999957165,OK,,True,862,0.10775,,2026-10-03T11:29:24.591198+07:00,163.28817578200005,0.032800590000078955,OK,,True,2169,0.271125,
f494914bfa81459dbf15a686ddfc6c1a,165,2026-10-03T11:29:25.372393+07:00,164.0693529109999,164.0693529109999,MONITOR,164.1823691589998,1.0000330479997501,0.2657181459999265,0.000124136000067665,DISABLED,off,user_reported,39.24449157714844,63.27583312988281,1012.1921875,97449.5625,True,True,True,176,0,0,109,177,101,2026-10-03T11:29:25.372538+07:00,164.06951492899998,0.1917551370002002,OK,,True,2026-10-03T11:29:25.564311+07:00,164.26128228800007,0.037197020999883534,OK,,True,824,0.10300000000000001,,2026-10-03T11:29:25.601512+07:00,164.298487217,0.036568858999999065,OK,,True,2172,0.2715,
f494914bfa81459dbf15a686ddfc6c1a,166,2026-10-03T11:29:26.372357+07:00,165.06932679500005,165.06932679500005,MONITOR,165.18234304299995,0.9999738840001555,0.2517318420000265,9.80200002231868e-05,DISABLED,off,user_reported,39.2451286315918,63.27594757080078,1012.22078125,97672.640625,True,True,True,176,0,0,109,177,101,2026-10-03T11:29:26.372425+07:00,165.06940329400004,0.18580971900018994,OK,,True,2026-10-03T11:29:26.558245+07:00,165.25522029100011,0.032986792999963654,OK,,True,853,0.106625,,2026-10-03T11:29:26.591235+07:00,165.28821086200014,0.03283936799971343,OK,,True,2171,0.27137500000000003,
f494914bfa81459dbf15a686ddfc6c1a,167,2026-10-03T11:29:27.372344+07:00,166.0693126619999,166.0693126619999,MONITOR,166.1823289099998,0.9999858669998503,0.2517043430002559,8.388700007344596e-05,DISABLED,off,user_reported,39.24449157714844,63.2891960144043,1012.2128125,97227.5,True,True,True,176,0,0,109,177,101,2026-10-03T11:29:27.372413+07:00,166.06939218000025,0.18580544099995677,OK,,True,2026-10-03T11:29:27.558231+07:00,166.25520551,0.03298188600001595,OK,,True,843,0.105375,,2026-10-03T11:29:27.591214+07:00,166.28819087700003,0.03281862799985902,OK,,True,2175,0.27187500000000003,
f494914bfa81459dbf15a686ddfc6c1a,168,2026-10-03T11:29:28.372347+07:00,167.0693157720002,167.0693157720002,MONITOR,167.1823320200001,1.000003110000307,0.2519019719998141,8.69970003805065e-05,DISABLED,off,user_reported,39.2451286315918,63.289306640625,1012.1865625,97784.5703125,True,True,True,176,0,0,109,177,101,2026-10-03T11:29:28.372419+07:00,167.06939819699983,0.18580520100022113,OK,,True,2026-10-03T11:29:28.558236+07:00,167.25521126800004,0.03315473700013172,OK,,True,858,0.10725,,2026-10-03T11:29:28.591394+07:00,167.28837006000003,0.032838868999988335,OK,,True,2167,0.27087500000000003,
f494914bfa81459dbf15a686ddfc6c1a,169,2026-10-03T11:29:29.372352+07:00,168.0693209760002,168.0693209760002,MONITOR,168.1823372240001,1.00000520399999,0.25172991799990996,9.22010003705509e-05,DISABLED,off,user_reported,39.25151062011719,63.27701950073242,1012.155625,97560.9765625,True,True,True,176,0,0,109,177,101,2026-10-03T11:29:29.372423+07:00,168.069401364,0.18580981300010535,OK,,True,2026-10-03T11:29:29.558243+07:00,168.25521888100002,0.0329756080000152,OK,,True,846,0.10575,,2026-10-03T11:29:29.591221+07:00,168.28819798899985,0.03284423900004185,OK,,True,2168,0.271,
f494914bfa81459dbf15a686ddfc6c1a,170,2026-10-03T11:29:30.372346+07:00,169.069315275,169.069315275,MONITOR,169.1823315229999,0.999994298999809,0.2517367519999425,8.650000017951243e-05,DISABLED,off,user_reported,39.249595642089844,63.283382415771484,1012.193671875,97784.5703125,True,True,True,176,0,0,109,177,101,2026-10-03T11:29:30.372415+07:00,169.06939397799988,0.18581027600021116,OK,,True,2026-10-03T11:29:30.558237+07:00,169.25521182800003,0.03299371999992218,OK,,True,851,0.106375,,2026-10-03T11:29:30.591233+07:00,169.28820965900013,0.03283431299996664,OK,,True,2161,0.270125,
f494914bfa81459dbf15a686ddfc6c1a,171,2026-10-03T11:29:31.372402+07:00,170.06936205700003,170.06936205700003,MONITOR,170.18237830499993,1.0000467820000267,0.2626758390001669,0.00013328200020623626,DISABLED,off,user_reported,39.25087356567383,63.27690505981445,1012.18203125,97672.640625,True,True,True,176,0,0,109,177,101,2026-10-03T11:29:31.372542+07:00,170.06951859299988,0.1917281770001864,OK,,True,2026-10-03T11:29:31.564289+07:00,170.26126128900023,0.03548973799979649,OK,,True,862,0.10775,,2026-10-03T11:29:31.599787+07:00,170.29676056400012,0.03525781400003325,OK,,True,2178,0.27225,
f494914bfa81459dbf15a686ddfc6c1a,172,2026-10-03T11:29:32.372366+07:00,171.06933480499993,171.06933480499993,MONITOR,171.18235105299982,0.999972747999891,0.25173141999994186,0.00010603000009723473,DISABLED,off,user_reported,39.25151062011719,63.27701950073242,1012.203671875,97728.5703125,True,True,True,176,0,0,109,177,101,2026-10-03T11:29:32.372436+07:00,171.06941439699995,0.18582035100007488,OK,,True,2026-10-03T11:29:32.558268+07:00,171.25524278500006,0.03298097900005814,OK,,True,837,0.104625,,2026-10-03T11:29:32.591251+07:00,171.28822724500014,0.032830368999839266,OK,,True,2174,0.27175,
f494914bfa81459dbf15a686ddfc6c1a,173,2026-10-03T11:29:33.372359+07:00,172.06932614800007,172.06932614800007,MONITOR,172.18234239599997,0.999991343000147,0.2518808820000231,9.737300024426077e-05,DISABLED,off,user_reported,39.25151062011719,63.29037857055664,1012.203671875,98178.328125,True,True,True,176,0,0,109,177,101,2026-10-03T11:29:33.372431+07:00,172.06940979499996,0.18592355400005545,OK,,True,2026-10-03T11:29:33.558367+07:00,172.25534151600004,0.033017904000189446,OK,,True,832,0.10400000000000001,,2026-10-03T11:29:33.591388+07:00,172.28836373500008,0.03283507300011479,OK,,True,2169,0.271125,
f494914bfa81459dbf15a686ddfc6c1a,174,2026-10-03T11:29:34.372343+07:00,173.06931225100016,173.06931225100016,MONITOR,173.18232849900005,0.999986103000083,0.2517841059998318,8.347600032720948e-05,DISABLED,off,user_reported,39.25597381591797,63.277774810791016,1012.1834375,98291.421875,True,True,True,176,0,0,109,177,101,2026-10-03T11:29:34.372411+07:00,173.0693898059999,0.1858009080001466,OK,,True,2026-10-03T11:29:34.558222+07:00,173.2551976210002,0.033020459999988816,OK,,True,854,0.10675,,2026-10-03T11:29:34.591246+07:00,173.28822191400013,0.03286553599991748,OK,,True,2164,0.2705,
f494914bfa81459dbf15a686ddfc6c1a,175,2026-10-03T11:29:35.372355+07:00,174.06932424600018,174.06932424600018,MONITOR,174.18234049400007,1.0000119950000226,0.2517431799997212,9.547100034978939e-05,DISABLED,off,user_reported,39.25214767456055,63.29716110229492,1012.197890625,98234.84375,True,True,True,176,0,0,109,177,101,2026-10-03T11:29:35.372426+07:00,174.06940450499997,0.185830222000277,OK,,True,2026-10-03T11:29:35.558268+07:00,174.25524230100018,0.03301140399980795,OK,,True,853,0.106625,,2026-10-03T11:29:35.591281+07:00,174.28825748300005,0.032801554999878135,OK,,True,2163,0.27037500000000003,
f494914bfa81459dbf15a686ddfc6c1a,176,2026-10-03T11:29:36.372352+07:00,175.0693215199999,175.0693215199999,MONITOR,175.1823377679998,0.9999972739997247,0.2517385330002071,9.274500007450115e-05,DISABLED,off,user_reported,39.25469970703125,63.28423309326172,1012.222578125,98461.5390625,True,True,True,176,0,0,109,177,101,2026-10-03T11:29:36.372420+07:00,175.06939857499992,0.1858039080002527,OK,,True,2026-10-03T11:29:36.558235+07:00,175.25521040900003,0.03299722000019756,OK,,True,853,0.106625,,2026-10-03T11:29:36.591235+07:00,175.28821149900023,0.03284003599992502,OK,,True,2177,0.272125,
f494914bfa81459dbf15a686ddfc6c1a,177,2026-10-03T11:29:37.372346+07:00,176.06931298200016,176.06931298200016,MONITOR,176.18232923000005,0.9999914620002528,0.2517528849998598,8.420700032729656e-05,DISABLED,off,user_reported,39.25151062011719,63.27701950073242,1012.196796875,98461.5390625,True,True,True,176,0,0,109,177,101,2026-10-03T11:29:37.372427+07:00,176.06940564800016,0.18581905599967286,OK,,True,2026-10-03T11:29:37.558257+07:00,176.25523190800004,0.0329887940001754,OK,,True,872,0.109,,2026-10-03T11:29:37.591249+07:00,176.28822505400012,0.03283223900007215,OK,,True,2175,0.27187500000000003,
f494914bfa81459dbf15a686ddfc6c1a,178,2026-10-03T11:29:38.372349+07:00,177.06931563099988,177.06931563099988,MONITOR,177.18233187899978,1.0000026489997254,0.25184214399996563,8.68560000526486e-05,DISABLED,off,user_reported,39.25151062011719,63.28369903564453,1012.17625,98575.28125,True,True,True,176,0,0,109,177,101,2026-10-03T11:29:38.372446+07:00,177.06942416699985,0.185820631000297,OK,,True,2026-10-03T11:29:38.558278+07:00,177.25525255699995,0.03304386800027714,OK,,True,851,0.106375,,2026-10-03T11:29:38.591326+07:00,177.2883009430002,0.03284888799998953,OK,,True,2170,0.27125,
f494914bfa81459dbf15a686ddfc6c1a,179,2026-10-03T11:29:39.372351+07:00,178.0693187820002,178.0693187820002,MONITOR,178.1823350300001,1.0000031510003282,0.251733607999995,9.000700038086507e-05,DISABLED,off,user_reported,39.25151062011719,63.28369903564453,1012.183046875,98461.5390625,True,True,True,176,0,0,109,177,101,2026-10-03T11:29:39.372433+07:00,178.06941190999987,0.18581168700029593,OK,,True,2026-10-03T11:29:39.558255+07:00,178.25523006000003,0.03296746099977099,OK,,True,841,0.105125,,2026-10-03T11:29:39.591225+07:00,178.28820168799984,0.032842721000179154,OK,,True,2172,0.2715,
f494914bfa81459dbf15a686ddfc6c1a,180,2026-10-03T11:29:40.372349+07:00,179.06931760099997,179.06931760099997,MONITOR,179.18233384899986,0.9999988189997566,0.25184755300006145,8.882600013748743e-05,DISABLED,off,user_reported,39.25725173950195,63.27130889892578,1012.206171875,99032.8828125,True,True,True,176,0,0,109,177,101,2026-10-03T11:29:40.372426+07:00,179.06940458200006,0.1858308539999598,OK,,True,2026-10-03T11:29:40.558268+07:00,179.25524226900006,0.03307616399979452,OK,,True,843,0.105375,,2026-10-03T11:29:40.591346+07:00,179.2883223220001,0.03283420199977627,OK,,True,2167,0.27087500000000003,
f494914bfa81459dbf15a686ddfc6c1a,181,2026-10-03T11:29:41.372351+07:00,180.06931903399982,180.06931903399982,MONITOR,180.1823352819997,1.0000014329998521,0.2517437940000491,9.025899998960085e-05,DISABLED,off,user_reported,39.25406265258789,63.29081344604492,1012.200859375,98975.453125,True,True,True,176,0,0,109,177,101,2026-10-03T11:29:41.372429+07:00,180.06940762600016,0.18581792799977848,OK,,True,2026-10-03T11:29:41.558258+07:00,180.2552319800002,0.03299666399971102,OK,,True,861,0.107625,,2026-10-03T11:29:41.591257+07:00,180.28823247799983,0.03282223900032477,OK,,True,2162,0.27025,
f494914bfa81459dbf15a686ddfc6c1a,182,2026-10-03T11:29:42.372403+07:00,181.06936093100012,181.06936093100012,MONITOR,181.182377179,1.000041897000301,0.2626786959999663,0.0001321560002907063,DISABLED,off,user_reported,39.25788879394531,63.284767150878906,1012.213984375,98632.25,True,True,True,176,0,0,109,177,101,2026-10-03T11:29:42.372552+07:00,181.069529374,0.19175407000011546,OK,,True,2026-10-03T11:29:42.564327+07:00,181.26129759200012,0.03547610999976314,OK,,True,852,0.1065,,2026-10-03T11:29:42.599810+07:00,181.2967833130001,0.03523675899987211,OK,,True,2177,0.272125,
f494914bfa81459dbf15a686ddfc6c1a,183,2026-10-03T11:29:43.372406+07:00,182.0693634600002,182.0693634600002,MONITOR,182.1823797080001,1.000002529000085,0.26200405400004456,0.0001346850003756117,DISABLED,off,user_reported,39.25725173950195,63.28466796875,1012.165,98803.546875,True,True,True,176,0,0,109,177,101,2026-10-03T11:29:43.372571+07:00,182.069547607,0.19184769999992568,OK,,True,2026-10-03T11:29:43.564439+07:00,182.26140965800005,0.035715014999823325,OK,,True,839,0.104875,,2026-10-03T11:29:43.600162+07:00,182.29713426599983,0.034216526000363956,OK,,True,2174,0.27175,
f494914bfa81459dbf15a686ddfc6c1a,184,2026-10-03T11:29:44.372365+07:00,183.0693317700002,183.0693317700002,MONITOR,183.18234801800008,0.9999683099999856,0.25174222199984797,0.00010299500036126119,DISABLED,off,user_reported,39.25597381591797,63.284454345703125,1012.190390625,98632.25,True,True,True,176,0,0,109,177,101,2026-10-03T11:29:44.372446+07:00,183.06942488000004,0.18581761499990535,OK,,True,2026-10-03T11:29:44.558275+07:00,183.25524975400003,0.032984090999889304,OK,,True,847,0.105875,,2026-10-03T11:29:44.591262+07:00,183.28823790000024,0.032827739999902406,OK,,True,2181,0.272625,
f494914bfa81459dbf15a686ddfc6c1a,185,2026-10-03T11:29:45.372349+07:00,184.06931639599998,184.06931639599998,MONITOR,184.18233264399987,0.9999846259997867,0.2519018140001208,8.76210001479194e-05,DISABLED,off,user_reported,39.2591667175293,63.29166030883789,1012.19546875,98689.28125,True,True,True,176,0,0,109,177,101,2026-10-03T11:29:45.372427+07:00,184.069406006,0.18581692999987354,OK,,True,2026-10-03T11:29:45.558256+07:00,184.25523021400022,0.03298623899991071,OK,,True,843,0.105375,,2026-10-03T11:29:45.591244+07:00,184.28822054500006,0.032989386999815906,OK,,True,2170,0.27125,
f494914bfa81459dbf15a686ddfc6c1a,186,2026-10-03T11:29:46.372344+07:00,185.06931174600004,185.06931174600004,MONITOR,185.18232799399993,0.9999953500000629,0.25176512999996703,8.29710002108186e-05,DISABLED,off,user_reported,39.26108169555664,63.278621673583984,1012.19859375,99263.28125,True,True,True,176,0,0,109,177,101,2026-10-03T11:29:46.372420+07:00,185.0693989299998,0.18582085600019127,OK,,True,2026-10-03T11:29:46.558251+07:00,185.25522634200024,0.032983793999846966,OK,,True,860,0.1075,,2026-10-03T11:29:46.591238+07:00,185.28821393299995,0.0328545170000325,OK,,True,2171,0.27137500000000003,
f494914bfa81459dbf15a686ddfc6c1a,187,2026-10-03T11:29:47.372347+07:00,186.06931435700017,186.06931435700017,MONITOR,186.18233060500006,1.0000026110001272,0.2522549049999725,8.558200033803587e-05,DISABLED,off,user_reported,39.259803771972656,63.2984504699707,1012.1828125,99610.8984375,True,True,True,176,0,0,109,177,101,2026-10-03T11:29:47.372427+07:00,186.0694058009999,0.18585176400029013,OK,,True,2026-10-03T11:29:47.558292+07:00,186.25526617600008,0.033013183000093704,OK,,True,863,0.107875,,2026-10-03T11:29:47.591307+07:00,186.2882835260002,0.03327642199974434,OK,,True,2165,0.270625,
f494914bfa81459dbf15a686ddfc6c1a,188,2026-10-03T11:29:48.372353+07:00,187.0693210630002,187.0693210630002,MONITOR,187.18233731100008,1.000006706000022,0.2518213899998045,9.228800035998574e-05,DISABLED,off,user_reported,39.26235580444336,63.29220199584961,1012.200625,99494.75,True,True,True,176,0,0,109,177,101,2026-10-03T11:29:48.372435+07:00,187.06941343300014,0.1858160599999792,OK,,True,2026-10-03T11:29:48.558262+07:00,187.25523667900006,0.03299703499988027,OK,,True,846,0.10575,,2026-10-03T11:29:48.591261+07:00,187.28823799200018,0.03289584999993167,OK,,True,2178,0.27225,
f494914bfa81459dbf15a686ddfc6c1a,189,2026-10-03T11:29:49.372398+07:00,188.06936430799988,188.06936430799988,MONITOR,188.18238055599977,1.0000432449996879,0.2542922800002998,0.0001355330000478716,DISABLED,off,user_reported,39.25852584838867,63.29823684692383,1012.180625,98918.0859375,True,True,True,176,0,0,109,177,101,2026-10-03T11:29:49.372482+07:00,188.0694609000002,0.18586959699996441,OK,,True,2026-10-03T11:29:49.558365+07:00,188.2553394229999,0.03305742400016243,OK,,True,857,0.107125,,2026-10-03T11:29:49.591424+07:00,188.28840051399993,0.03523457400024199,OK,,True,2157,0.269625,
f494914bfa81459dbf15a686ddfc6c1a,190,2026-10-03T11:29:50.372393+07:00,189.06935955500012,189.06935955500012,MONITOR,189.182375803,0.9999952470002427,0.25171570700013035,0.00013078000029054238,DISABLED,off,user_reported,39.25725173950195,63.29134750366211,1012.199296875,99263.28125,True,True,True,176,0,0,109,177,101,2026-10-03T11:29:50.372476+07:00,189.06945488700012,0.18581561700011662,OK,,True,2026-10-03T11:29:50.558303+07:00,189.2552780599999,0.03294259099993724,OK,,True,836,0.1045,,2026-10-03T11:29:50.591247+07:00,189.28822420699998,0.03284251800005222,OK,,True,2179,0.272375,
f494914bfa81459dbf15a686ddfc6c1a,191,2026-10-03T11:29:51.372522+07:00,190.06947680299982,190.06947680299982,MONITOR,190.1824930509997,1.0001172479996967,0.2530024570000933,0.0002480279999872437,DISABLED,off,user_reported,39.26490783691406,63.2993049621582,1012.20484375,99205.578125,True,True,True,176,0,0,109,177,101,2026-10-03T11:29:51.372669+07:00,190.069647154,0.18631283500008067,OK,,True,2026-10-03T11:29:51.558994+07:00,190.2559685629999,0.03345503200034727,OK,,True,848,0.106,,2026-10-03T11:29:51.592454+07:00,190.28942861399992,0.033038980000128504,OK,,True,2166,0.27075,
