run_id,seq,timestamp,elapsed_s,phase_elapsed_s,phase,sensor_uptime_s,loop_interval_s,loop_duration_s,schedule_lag_s,pump_command,external_pump_state,external_pump_source,temperature_c,humidity_pct,pressure_hpa,gas_resistance_ohm,gas_valid,heater_stable,new_data,bme_status_bits,bme_meas_index,bme_gas_index,bme_res_heat,bme_idac,bme_gas_wait,bme_read_started_at,bme_read_elapsed_s,bme_read_duration_s,bme_status,bme_error,bme_fresh,mq135_read_started_at,mq135_read_elapsed_s,mq135_read_duration_s,mq135_status,mq135_error,mq135_fresh,mq135_adc_count,mq135_voltage_v,mq135_ao_voltage_v,mq3_read_started_at,mq3_read_elapsed_s,mq3_read_duration_s,mq3_status,mq3_error,mq3_fresh,mq3_adc_count,mq3_voltage_v,mq3_ao_voltage_v
85b4985b8d1f4a73a18432c400a3e636,1,2026-10-03T17:17:48.015816+07:00,0.11032212600002822,0.11032212600002822,MONITOR,2406.1954511209997,0.9999657240005035,0.25273650599956454,0.0001042160001816228,DISABLED,on,user_reported,36.565406799316406,54.741580963134766,1007.2209375,95326.7578125,True,True,True,176,0,0,109,178,101,2026-10-03T17:17:48.015904+07:00,0.11042305100090744,0.1860376489985356,OK,,True,2026-10-03T17:17:48.201956+07:00,0.2964715519992751,0.03368987000067136,OK,,True,1549,0.193625,,2026-10-03T17:17:48.235651+07:00,0.33016732900068746,0.032880635999390506,OK,,True,2840,0.355,
85b4985b8d1f4a73a18432c400a3e636,2,2026-10-03T17:17:49.015804+07:00,1.1103124799992656,1.1103124799992656,MONITOR,2407.195441474999,0.9999903539992374,0.2517865140016511,9.456999941903632e-05,DISABLED,on,user_reported,36.56604766845703,54.7288932800293,1007.201484375,94744.6328125,True,True,True,176,0,0,109,178,101,2026-10-03T17:17:49.015888+07:00,1.1104078499993193,0.18581154000094102,OK,,True,2026-10-03T17:17:49.201710+07:00,1.2962269820000074,0.03300461599974369,OK,,True,1549,0.193625,,2026-10-03T17:17:49.234719+07:00,1.3292364320004708,0.032851339999979245,OK,,True,2844,0.3555,
85b4985b8d1f4a73a18432c400a3e636,3,2026-10-03T17:17:50.015797+07:00,2.1103054089999205,2.1103054089999205,MONITOR,2408.1954344039996,0.9999929290006548,0.2521269549997669,8.749900007387623e-05,DISABLED,on,user_reported,36.57114791870117,54.75520324707031,1007.196015625,94325.71875,True,True,True,176,0,0,109,178,101,2026-10-03T17:17:50.015882+07:00,2.1104020370003127,0.18581954000001133,OK,,True,2026-10-03T17:17:50.201715+07:00,2.296230280999225,0.03329104000113148,OK,,True,1553,0.194125,,2026-10-03T17:17:50.235011+07:00,2.3295268019992363,0.03289433999998437,OK,,True,2838,0.35475,
85b4985b8d1f4a73a18432c400a3e636,4,2026-10-03T17:17:51.015795+07:00,3.1103031530001317,3.1103031530001317,MONITOR,2409.195432148,0.9999977440002112,0.25180866200025775,8.524300028511789e-05,DISABLED,on,user_reported,36.56412887573242,54.73500061035156,1007.225703125,94849.9453125,True,True,True,176,0,0,109,178,101,2026-10-03T17:17:51.015883+07:00,3.110403041000609,0.18582279899965215,OK,,True,2026-10-03T17:17:51.201718+07:00,3.296234061999712,0.03298574600012216,OK,,True,1547,0.193375,,2026-10-03T17:17:51.234705+07:00,3.329222882000977,0.03287845099839615,OK,,True,2841,0.355125,
85b4985b8d1f4a73a18432c400a3e636,5,2026-10-03T17:17:52.015793+07:00,4.110301656000956,4.110301656000956,MONITOR,2410.1954306510006,0.9999985030008247,0.25182792199848336,8.37460011098301e-05,DISABLED,on,user_reported,36.56604766845703,54.73527908325195,1007.249296875,94744.6328125,True,True,True,176,0,0,109,178,101,2026-10-03T17:17:52.015875+07:00,4.1103953040001215,0.18583429899990733,OK,,True,2026-10-03T17:17:52.201723+07:00,4.29623891799929,0.033024042000761256,OK,,True,1555,0.194375,,2026-10-03T17:17:52.234749+07:00,4.329267016000813,0.032851561998541,OK,,True,2838,0.35475,
85b4985b8d1f4a73a18432c400a3e636,6,2026-10-03T17:17:53.015795+07:00,5.110303900999497,5.110303900999497,MONITOR,2411.195432895999,1.0000022449985408,0.2518579400002636,8.59909996506758e-05,DISABLED,on,user_reported,36.5628547668457,54.74119567871094,1007.161953125,94639.5546875,True,True,True,176,0,0,109,178,101,2026-10-03T17:17:53.015879+07:00,5.110398864000672,0.18581046599865658,OK,,True,2026-10-03T17:17:53.201699+07:00,5.296216163000281,0.03304070900048828,OK,,True,1547,0.193375,,2026-10-03T17:17:53.234742+07:00,5.329260186999818,0.03289113600112614,OK,,True,2844,0.3555,
85b4985b8d1f4a73a18432c400a3e636,7,2026-10-03T17:17:54.015791+07:00,6.110300554999412,6.110300554999412,MONITOR,2412.195429549999,0.999996653999915,0.2520007530001749,8.264499956567306e-05,DISABLED,on,user_reported,36.56604766845703,54.7288932800293,1007.160390625,95273.5390625,True,True,True,176,0,0,109,179,101,2026-10-03T17:17:54.015872+07:00,6.1103916829997615,0.1858220779995463,OK,,True,2026-10-03T17:17:54.201705+07:00,6.296221909000451,0.033226114999706624,OK,,True,1554,0.19425,,2026-10-03T17:17:54.234934+07:00,6.32945148699946,0.032839321000210475,OK,,True,2834,0.35425,
85b4985b8d1f4a73a18432c400a3e636,8,2026-10-03T17:17:55.015792+07:00,7.110300782000195,7.110300782000195,MONITOR,2413.195429777,1.0000002270007826,0.25185829200017906,8.287200034828857e-05,DISABLED,on,user_reported,36.56349182128906,54.734893798828125,1007.17,95167.2890625,True,True,True,176,0,0,109,179,101,2026-10-03T17:17:55.015875+07:00,7.11039442999936,0.18581591100155492,OK,,True,2026-10-03T17:17:55.201700+07:00,7.296216840999477,0.03298145000007935,OK,,True,1546,0.19325,,2026-10-03T17:17:55.234682+07:00,7.32920149399979,0.03294687699963106,OK,,True,2840,0.355,
85b4985b8d1f4a73a18432c400a3e636,9,2026-10-03T17:17:56.015804+07:00,8.110311918000662,8.110311918000662,MONITOR,2414.1954409130003,1.0000111360004666,0.25174279299972113,9.400800081493799e-05,DISABLED,on,user_reported,36.56476593017578,54.74147415161133,1007.192578125,95647.296875,True,True,True,176,0,0,109,178,101,2026-10-03T17:17:56.015888+07:00,8.110406584000884,0.18580913299956592,OK,,True,2026-10-03T17:17:56.201705+07:00,8.296222310000303,0.03293089500039059,OK,,True,1558,0.19475,,2026-10-03T17:17:56.234637+07:00,8.329156241999954,0.03288741399956052,OK,,True,2835,0.354375,
85b4985b8d1f4a73a18432c400a3e636,10,2026-10-03T17:17:57.015805+07:00,9.110313017999943,9.110313017999943,MONITOR,2415.1954420129996,1.000001099999281,0.2518364770003245,9.510800009593368e-05,DISABLED,on,user_reported,36.55902862548828,54.72784423828125,1007.148984375,94902.6875,True,True,True,176,0,0,109,178,101,2026-10-03T17:17:57.015889+07:00,9.110408775999531,0.18585031800103025,OK,,True,2026-10-03T17:17:57.201754+07:00,9.29626857599942,0.032995690000461764,OK,,True,1550,0.19375,,2026-10-03T17:17:57.234749+07:00,9.32926769200094,0.03286837699852185,OK,,True,2834,0.35425,
85b4985b8d1f4a73a18432c400a3e636,11,2026-10-03T17:17:58.015870+07:00,10.110367154000414,10.110367154000414,MONITOR,2416.195496149,1.0000541360004718,0.2629135530005442,0.00014924400056770537,DISABLED,on,user_reported,36.5628547668457,54.73480224609375,1007.14828125,95220.3828125,True,True,True,176,0,0,109,178,101,2026-10-03T17:17:58.016033+07:00,10.1105508010005,0.19175191799877211,OK,,True,2026-10-03T17:17:58.207803+07:00,10.302315385000838,0.03571129800002382,OK,,True,1581,0.197625,,2026-10-03T17:17:58.243519+07:00,10.338035294000292,0.03522382099981769,OK,,True,2853,0.356625,
85b4985b8d1f4a73a18432c400a3e636,12,2026-10-03T17:17:59.015805+07:00,11.110313532999498,11.110313532999498,MONITOR,2417.195442527999,0.9999463789990841,0.2520010320004076,9.562299965182319e-05,DISABLED,on,user_reported,36.555198669433594,54.733665466308594,1007.136015625,95326.7578125,True,True,True,176,0,0,109,178,101,2026-10-03T17:17:59.015886+07:00,11.110405384000842,0.18580548599857138,OK,,True,2026-10-03T17:17:59.201701+07:00,11.296217277000324,0.03320337399964046,OK,,True,1556,0.1945,,2026-10-03T17:17:59.234905+07:00,11.32942374400045,0.03287898800044786,OK,,True,2832,0.354,
85b4985b8d1f4a73a18432c400a3e636,13,2026-10-03T17:18:00.015795+07:00,12.110303079000005,12.110303079000005,MONITOR,2418.1954320739997,0.9999895460005064,0.25180484799966507,8.516900015820283e-05,DISABLED,on,user_reported,36.55583953857422,54.75932312011719,1007.143828125,95540.2109375,True,True,True,176,0,0,109,178,101,2026-10-03T17:18:00.015879+07:00,12.110398262999297,0.18581978200018057,OK,,True,2026-10-03T17:18:00.201709+07:00,12.296225711999796,0.032956393999484135,OK,,True,1556,0.1945,,2026-10-03T17:18:00.234667+07:00,12.329185272999894,0.03291146899937303,OK,,True,2836,0.3545,
85b4985b8d1f4a73a18432c400a3e636,14,2026-10-03T17:18:01.015793+07:00,13.110301587999857,13.110301587999857,MONITOR,2419.1954305829995,0.9999985089998518,0.25182758899973123,8.367800000996795e-05,DISABLED,on,user_reported,36.55902862548828,54.75979232788086,1007.16265625,95433.3671875,True,True,True,176,0,0,109,178,101,2026-10-03T17:18:01.015875+07:00,13.110394642999381,0.18581268900015857,OK,,True,2026-10-03T17:18:01.201698+07:00,13.29621410999971,0.032966376000331366,OK,,True,1552,0.194,,2026-10-03T17:18:01.234665+07:00,13.329184227000951,0.03293430199846625,OK,,True,2835,0.354375,
85b4985b8d1f4a73a18432c400a3e636,15,2026-10-03T17:18:02.015796+07:00,14.110304357000132,14.110304357000132,MONITOR,2420.195433352,1.0000027690002753,0.25187925600039307,8.644700028526131e-05,DISABLED,on,user_reported,36.55966567993164,54.76627731323242,1007.26640625,95754.625,True,True,True,176,0,0,109,178,101,2026-10-03T17:18:02.015880+07:00,14.110399171000608,0.18584272599946416,OK,,True,2026-10-03T17:18:02.201736+07:00,14.296251359999587,0.03300359800050501,OK,,True,1555,0.194375,,2026-10-03T17:18:02.234740+07:00,14.32925825500024,0.03291469099895039,OK,,True,2833,0.354125,
85b4985b8d1f4a73a18432c400a3e636,16,2026-10-03T17:18:03.015796+07:00,15.11030460800066,15.11030460800066,MONITOR,2421.1954336030003,1.0000002510005288,0.2522492529988085,8.66980008140672e-05,DISABLED,on,user_reported,36.56093978881836,54.75368881225586,1007.2,95486.7578125,True,True,True,176,0,0,109,179,101,2026-10-03T17:18:03.015882+07:00,15.11040166299972,0.1861196869995183,OK,,True,2026-10-03T17:18:03.202011+07:00,15.296527534999768,0.03297678400122095,OK,,True,1546,0.19325,,2026-10-03T17:18:03.234988+07:00,15.329507319000186,0.03303550499913399,OK,,True,2834,0.35425,
85b4985b8d1f4a73a18432c400a3e636,17,2026-10-03T17:18:04.015838+07:00,16.11033795200092,16.11033795200092,MONITOR,2422.1954669470006,1.0000333440002578,0.2631330889998935,0.0001200420010718517,DISABLED,on,user_reported,36.55583953857422,54.75932312011719,1007.2121875,95916.0703125,True,True,True,176,0,0,109,179,101,2026-10-03T17:18:04.016000+07:00,16.11051743200005,0.19176880700069887,OK,,True,2026-10-03T17:18:04.207790+07:00,16.302303073000076,0.03560324300087814,OK,,True,1561,0.195125,,2026-10-03T17:18:04.243401+07:00,16.337915686000997,0.03553259599902958,OK,,True,2840,0.355,
85b4985b8d1f4a73a18432c400a3e636,18,2026-10-03T17:18:05.015806+07:00,17.11031453800024,17.11031453800024,MONITOR,2423.195443533,0.9999765859993204,0.25219678999928874,9.66280003922293e-05,DISABLED,on,user_reported,36.562217712402344,54.760257720947266,1007.243046875,96512.7265625,True,True,True,176,0,0,109,178,101,2026-10-03T17:18:05.015891+07:00,17.110410295999827,0.18582382000022335,OK,,True,2026-10-03T17:18:05.201726+07:00,17.296242578999227,0.03328722500009462,OK,,True,1550,0.19375,,2026-10-03T17:18:05.235016+07:00,17.32953382300002,0.032965598000373575,OK,,True,2827,0.353375,
85b4985b8d1f4a73a18432c400a3e636,19,2026-10-03T17:18:06.015793+07:00,18.110301680000703,18.110301680000703,MONITOR,2424.1954306750004,0.9999871420004638,0.25189068199870235,8.377000085602049e-05,DISABLED,on,user_reported,36.56476593017578,54.760643005371094,1007.20625,96240.6015625,True,True,True,176,0,0,109,178,101,2026-10-03T17:18:06.015879+07:00,18.110399068000334,0.1858167449991015,OK,,True,2026-10-03T17:18:06.201709+07:00,18.296224794999944,0.032997412999975495,OK,,True,1549,0.193625,,2026-10-03T17:18:06.234707+07:00,18.329225523000787,0.032956727998680435,OK,,True,2833,0.354125,
85b4985b8d1f4a73a18432c400a3e636,20,2026-10-03T17:18:07.015797+07:00,19.11030524799935,19.11030524799935,MONITOR,2425.195434242999,1.0000035679986468,0.25190564500007895,8.733799950277898e-05,DISABLED,on,user_reported,36.562217712402344,54.79220962524414,1007.2225,95970.0078125,True,True,True,176,0,0,109,178,101,2026-10-03T17:18:07.015880+07:00,19.110399896000672,0.18584987499889394,OK,,True,2026-10-03T17:18:07.201744+07:00,19.29625891899923,0.033016246001352556,OK,,True,1552,0.194,,2026-10-03T17:18:07.234762+07:00,19.329279628000222,0.032921358000749024,OK,,True,2830,0.35375,
85b4985b8d1f4a73a18432c400a3e636,21,2026-10-03T17:18:08.015799+07:00,20.110306836000746,20.110306836000746,MONITOR,2426.1954358310004,1.0000015880013962,0.25205018099950394,8.892600089893676e-05,DISABLED,on,user_reported,36.562217712402344,54.77303695678711,1007.147265625,96186.359375,True,True,True,176,0,0,109,178,101,2026-10-03T17:18:08.015883+07:00,20.11040277900065,0.18581015299969295,OK,,True,2026-10-03T17:18:08.201704+07:00,20.296221062000768,0.032953488000202924,OK,,True,1550,0.19375,,2026-10-03T17:18:08.234658+07:00,20.329177624000295,0.033169189000545884,OK,,True,2824,0.353,
85b4985b8d1f4a73a18432c400a3e636,22,2026-10-03T17:18:09.015800+07:00,21.110308089999307,21.110308089999307,MONITOR,2427.195437084999,1.0000012539985619,0.25207621800109337,9.017999946081545e-05,DISABLED,on,user_reported,36.56476593017578,54.760643005371094,1007.158359375,96567.3359375,True,True,True,176,0,0,109,178,101,2026-10-03T17:18:09.015882+07:00,21.11040133000097,0.18582757899821445,OK,,True,2026-10-03T17:18:09.201722+07:00,21.296237538999776,0.033162801000798936,OK,,True,1557,0.194625,,2026-10-03T17:18:09.234889+07:00,21.329406062001,0.03296644999863929,OK,,True,2827,0.353375,
85b4985b8d1f4a73a18432c400a3e636,23,2026-10-03T17:18:10.015833+07:00,22.110335253000812,22.110335253000812,MONITOR,2428.1954642480005,1.000027163001505,0.2583757960001094,0.00011734300096577499,DISABLED,on,user_reported,36.56732177734375,54.76102828979492,1007.11453125,96567.3359375,True,True,True,176,0,0,109,178,101,2026-10-03T17:18:10.015965+07:00,22.110483640000894,0.1887169259989605,OK,,True,2026-10-03T17:18:10.204699+07:00,22.29921278800066,0.036057887999049854,OK,,True,1564,0.1955,,2026-10-03T17:18:10.240760+07:00,22.335276657999202,0.03341755700057547,OK,,True,2835,0.354375,
85b4985b8d1f4a73a18432c400a3e636,24,2026-10-03T17:18:11.015851+07:00,23.110351527000603,23.110351527000603,MONITOR,2429.1954805220003,1.0000162739997904,0.2559801489987876,0.0001336170007562032,DISABLED,on,user_reported,36.56349182128906,54.766845703125,1007.128984375,96349.265625,True,True,True,176,0,0,109,178,101,2026-10-03T17:18:11.016000+07:00,23.110518228999354,0.1869859960006579,OK,,True,2026-10-03T17:18:11.203010+07:00,23.297521966000204,0.03522256100040977,OK,,True,1531,0.19137500000000002,,2026-10-03T17:18:11.238237+07:00,23.332752471000276,0.0335571310006344,OK,,True,2809,0.351125,
85b4985b8d1f4a73a18432c400a3e636,25,2026-10-03T17:18:12.015806+07:00,24.110314450999795,24.110314450999795,MONITOR,2430.1954434459994,0.9999629239991918,0.25209999599974253,9.65409999480471e-05,DISABLED,on,user_reported,36.56349182128906,54.76045227050781,1007.1015625,96024.0078125,True,True,True,176,0,0,109,178,101,2026-10-03T17:18:12.015887+07:00,24.110407060999933,0.18580541300070763,OK,,True,2026-10-03T17:18:12.201703+07:00,24.29622008499973,0.03326385500076867,OK,,True,1548,0.1935,,2026-10-03T17:18:12.234972+07:00,24.329488384999422,0.032914617000642465,OK,,True,2825,0.353125,
85b4985b8d1f4a73a18432c400a3e636,26,2026-10-03T17:18:13.015800+07:00,25.110307799999646,25.110307799999646,MONITOR,2431.1954367949993,0.9999933489998512,0.2517922950009961,8.988999979919754e-05,DISABLED,on,user_reported,36.56412887573242,54.75416946411133,1007.13671875,96186.359375,True,True,True,176,0,0,109,178,101,2026-10-03T17:18:13.015884+07:00,25.11040411400063,0.18582676499863737,OK,,True,2026-10-03T17:18:13.201723+07:00,25.296238953000284,0.03297691300031147,OK,,True,1547,0.193375,,2026-10-03T17:18:13.234700+07:00,25.32921925499977,0.03286967399981222,OK,,True,2826,0.35325,
85b4985b8d1f4a73a18432c400a3e636,27,2026-10-03T17:18:14.015813+07:00,26.110319594999964,26.110319594999964,MONITOR,2432.1954485899996,1.0000117950003187,0.2524917150003603,0.00010168500011786819,DISABLED,on,user_reported,36.56349182128906,54.75406265258789,1007.149453125,96078.0625,True,True,True,176,0,0,109,178,101,2026-10-03T17:18:14.015896+07:00,26.11041529800059,0.18581041299876233,OK,,True,2026-10-03T17:18:14.201717+07:00,26.29623361800077,0.03338863199860498,OK,,True,1558,0.19475,,2026-10-03T17:18:14.235112+07:00,26.329628138999396,0.033170448999953805,OK,,True,2822,0.35275,
85b4985b8d1f4a73a18432c400a3e636,28,2026-10-03T17:18:15.015797+07:00,27.110306722999667,27.110306722999667,MONITOR,2433.1954357179993,0.9999871279997024,0.25172353699963423,8.881299982022028e-05,DISABLED,on,user_reported,36.572425842285156,54.76179122924805,1007.19796875,96512.7265625,True,True,True,176,0,0,109,179,101,2026-10-03T17:18:15.015879+07:00,27.110398648999762,0.18581589399946097,OK,,True,2026-10-03T17:18:15.201706+07:00,27.29622270999971,0.03295428400087985,OK,,True,1541,0.192625,,2026-10-03T17:18:15.234661+07:00,27.329180086000633,0.032839063000210444,OK,,True,2824,0.353,
85b4985b8d1f4a73a18432c400a3e636,29,2026-10-03T17:18:16.015794+07:00,28.110303056000703,28.110303056000703,MONITOR,2434.1954320510004,0.999996333001036,0.26171171399982995,8.51460008561844e-05,DISABLED,on,user_reported,36.56987380981445,54.76141357421875,1007.200625,96731.53125,True,True,True,176,0,0,109,178,101,2026-10-03T17:18:16.015874+07:00,28.110393369999656,0.18968149300053483,OK,,True,2026-10-03T17:18:16.205575+07:00,28.30008882599941,0.037365414000305464,OK,,True,1545,0.193125,,2026-10-03T17:18:16.242947+07:00,28.337462777000837,0.03453106699998898,OK,,True,2839,0.354875,
85b4985b8d1f4a73a18432c400a3e636,30,2026-10-03T17:18:17.015845+07:00,29.110351519000687,29.110351519000687,MONITOR,2435.1954805140003,1.0000484629999846,0.2517651289999776,0.0001336090008408064,DISABLED,on,user_reported,36.56859588623047,54.76121520996094,1007.21921875,95754.625,True,True,True,176,0,0,109,178,101,2026-10-03T17:18:17.015934+07:00,29.110452999999325,0.18584189400098694,OK,,True,2026-10-03T17:18:17.201788+07:00,29.296303597999213,0.032959562000542064,OK,,True,1555,0.194375,,2026-10-03T17:18:17.234748+07:00,29.329266140999607,0.03284008100126812,OK,,True,2829,0.353625,
85b4985b8d1f4a73a18432c400a3e636,31,2026-10-03T17:18:18.015955+07:00,30.11046233399975,30.11046233399975,MONITOR,2436.1955913289994,1.0001108149990614,0.2519467390011414,0.0002444239999022102,DISABLED,on,user_reported,36.57114791870117,54.76158905029297,1007.196015625,96512.7265625,True,True,True,176,0,0,109,178,101,2026-10-03T17:18:18.016040+07:00,30.110559591999845,0.18581333899965102,OK,,True,2026-10-03T17:18:18.201865+07:00,30.296381375999772,0.03297150599973975,OK,,True,1548,0.1935,,2026-10-03T17:18:18.234838+07:00,30.329356549000295,0.0330403940006363,OK,,True,2820,0.3525,
85b4985b8d1f4a73a18432c400a3e636,32,2026-10-03T17:18:19.015803+07:00,31.11031142899992,31.11031142899992,MONITOR,2437.1954404239996,0.9998490950001724,0.2517347590001009,9.351900007459335e-05,DISABLED,on,user_reported,36.565406799316406,54.73518753051758,1007.18671875,96294.90625,True,True,True,176,0,0,109,178,101,2026-10-03T17:18:19.015885+07:00,31.110404928000207,0.18581219099905866,OK,,True,2026-10-03T17:18:19.201709+07:00,31.296225396999944,0.03296424700056377,OK,,True,1550,0.19375,,2026-10-03T17:18:19.234674+07:00,31.32919271799983,0.03284424800040142,OK,,True,2821,0.352625,
85b4985b8d1f4a73a18432c400a3e636,33,2026-10-03T17:18:20.015806+07:00,32.11031417100094,32.11031417100094,MONITOR,2438.1954431660006,1.0000027420010156,0.25258406799912336,9.626100109016988e-05,DISABLED,on,user_reported,36.57178497314453,54.7489128112793,1007.19703125,95916.0703125,True,True,True,176,0,0,109,178,101,2026-10-03T17:18:20.015892+07:00,32.11041154099985,0.18591602400010743,OK,,True,2026-10-03T17:18:20.201821+07:00,32.29633654600002,0.033340502999635646,OK,,True,1553,0.194125,,2026-10-03T17:18:20.235167+07:00,32.32968230900042,0.03320417000031739,OK,,True,2816,0.352,
85b4985b8d1f4a73a18432c400a3e636,34,2026-10-03T17:18:21.015809+07:00,33.110316469999816,33.110316469999816,MONITOR,2439.1954454649995,1.0000022989988793,0.25199436900038563,9.855999996943865e-05,DISABLED,on,user_reported,36.56732177734375,54.741859436035156,1007.18296875,96024.0078125,True,True,True,176,0,0,109,178,101,2026-10-03T17:18:21.015892+07:00,33.11041139500048,0.18581746999916504,OK,,True,2026-10-03T17:18:21.201722+07:00,33.296237679000114,0.03323263399943244,OK,,True,1551,0.193875,,2026-10-03T17:18:21.234955+07:00,33.32947357199919,0.03282789600052638,OK,,True,2823,0.352875,
85b4985b8d1f4a73a18432c400a3e636,35,2026-10-03T17:18:22.015854+07:00,34.11035260199969,34.11035260199969,MONITOR,2440.1954815969993,1.0000361319998774,0.2622566919999372,0.00013469199984683655,DISABLED,on,user_reported,36.56732177734375,54.754634857177734,1007.141953125,96132.1796875,True,True,True,176,0,0,109,179,101,2026-10-03T17:18:22.016019+07:00,34.11053647100016,0.1918103650004923,OK,,True,2026-10-03T17:18:22.207854+07:00,34.302365317000294,0.03542587499941874,OK,,True,1560,0.195,,2026-10-03T17:18:22.243285+07:00,34.337800450999566,0.03478828799961775,OK,,True,2832,0.354,
85b4985b8d1f4a73a18432c400a3e636,36,2026-10-03T17:18:23.015883+07:00,35.11038684599953,35.11038684599953,MONITOR,2441.195515840999,1.0000342439998349,0.2614772910001193,0.00016893599968170747,DISABLED,on,user_reported,36.56987380981445,54.76141357421875,1007.1321875,96512.7265625,True,True,True,176,0,0,109,178,101,2026-10-03T17:18:23.015989+07:00,35.11050862299999,0.19003093500032264,OK,,True,2026-10-03T17:18:23.206042+07:00,35.30055498399997,0.03708725000069535,OK,,True,1544,0.193,,2026-10-03T17:18:23.243139+07:00,35.33765221499925,0.03418483000132255,OK,,True,2825,0.353125,
85b4985b8d1f4a73a18432c400a3e636,37,2026-10-03T17:18:24.015878+07:00,36.11037794299955,36.11037794299955,MONITOR,2442.195506937999,0.9999910970000201,0.2622245809998276,0.00016003299970179796,DISABLED,on,user_reported,36.56987380981445,54.74224090576172,1007.1459375,96078.0625,True,True,True,176,0,0,109,179,101,2026-10-03T17:18:24.016015+07:00,36.11053351600094,0.1912299619998521,OK,,True,2026-10-03T17:18:24.207269+07:00,36.301780699999654,0.03554546700070205,OK,,True,1547,0.193375,,2026-10-03T17:18:24.242818+07:00,36.3373345,0.03524859900062438,OK,,True,2836,0.3545,
85b4985b8d1f4a73a18432c400a3e636,38,2026-10-03T17:18:25.015831+07:00,37.110333819000516,37.110333819000516,MONITOR,2443.195462814,0.9999558760009677,0.26228209900000365,0.00011590900066948961,DISABLED,on,user_reported,36.56732177734375,54.73546600341797,1007.14875,95808.3828125,True,True,True,176,0,0,109,179,101,2026-10-03T17:18:25.015964+07:00,37.110482262000005,0.19135444300081872,OK,,True,2026-10-03T17:18:25.207341+07:00,37.30185338999945,0.03550226300103532,OK,,True,1579,0.197375,,2026-10-03T17:18:25.242848+07:00,37.33736357899943,0.035233691000030376,OK,,True,2828,0.3535,
85b4985b8d1f4a73a18432c400a3e636,39,2026-10-03T17:18:26.017787+07:00,38.11228806700092,38.11228806700092,MONITOR,2444.1974170620006,1.001954248000402,0.2602384309993795,0.002070157001071493,DISABLED,on,user_reported,36.56604766845703,54.74806213378906,1007.14671875,96676.734375,True,True,True,176,0,0,109,178,101,2026-10-03T17:18:26.017908+07:00,38.11242608499924,0.18811241399998835,OK,,True,2026-10-03T17:18:26.206037+07:00,38.300550721000036,0.036460810999415116,OK,,True,1563,0.195375,,2026-10-03T17:18:26.242513+07:00,38.33702410600017,0.03547972600063076,OK,,True,2832,0.354,
85b4985b8d1f4a73a18432c400a3e636,40,2026-10-03T17:18:27.015874+07:00,39.110379625999485,39.110379625999485,MONITOR,2445.195508620999,0.998091558998567,0.2604385780014127,0.00016171599963854533,DISABLED,on,user_reported,36.569236755371094,54.76130676269531,1007.124453125,96132.1796875,True,True,True,176,0,0,109,178,101,2026-10-03T17:18:27.015982+07:00,39.110500902999775,0.18806915499953902,OK,,True,2026-10-03T17:18:27.204066+07:00,39.29858111300018,0.03697814000042854,OK,,True,1523,0.19037500000000002,,2026-10-03T17:18:27.241057+07:00,39.33557021600063,0.03522682099901431,OK,,True,2831,0.353875,
85b4985b8d1f4a73a18432c400a3e636,41,2026-10-03T17:18:28.015844+07:00,40.11035115100094,40.11035115100094,MONITOR,2446.1954801460006,0.999971525001456,0.2517461489987909,0.00013324100109457504,DISABLED,on,user_reported,36.573062896728516,54.761878967285156,1007.219609375,96294.90625,True,True,True,176,0,0,109,178,101,2026-10-03T17:18:28.015934+07:00,40.1104526500003,0.18582482199963124,OK,,True,2026-10-03T17:18:28.201771+07:00,40.29628678699919,0.03297289500005718,OK,,True,1551,0.193875,,2026-10-03T17:18:28.234744+07:00,40.329262626000855,0.032825488999151275,OK,,True,2822,0.35275,
85b4985b8d1f4a73a18432c400a3e636,42,2026-10-03T17:18:29.018048+07:00,41.1125502699997,41.1125502699997,MONITOR,2447.1976792649994,1.0021991189987602,0.2522071639996284,0.002332359999854816,DISABLED,on,user_reported,36.56859588623047,54.76760482788086,1007.21234375,95593.7265625,True,True,True,176,0,0,109,179,101,2026-10-03T17:18:29.018185+07:00,41.11270306500046,0.18593628400049056,OK,,True,2026-10-03T17:18:29.204132+07:00,41.29864808899947,0.03297161800037429,OK,,True,1553,0.194125,,2026-10-03T17:18:29.237105+07:00,41.33162309600084,0.03312270799870021,OK,,True,2819,0.352375,
85b4985b8d1f4a73a18432c400a3e636,43,2026-10-03T17:18:30.015803+07:00,42.11031127699971,42.11031127699971,MONITOR,2448.1954402719994,0.9977610070000082,0.25173335399995267,9.336699986306485e-05,DISABLED,on,user_reported,36.57497787475586,54.7685546875,1007.20890625,95862.1953125,True,True,True,176,0,0,109,178,101,2026-10-03T17:18:30.015886+07:00,42.11040594299993,0.18582537800102727,OK,,True,2026-10-03T17:18:30.201724+07:00,42.29623950600035,0.03297070999906282,OK,,True,1548,0.1935,,2026-10-03T17:18:30.234694+07:00,42.32921356800034,0.03282148899961612,OK,,True,2823,0.352875,
85b4985b8d1f4a73a18432c400a3e636,44,2026-10-03T17:18:31.015794+07:00,43.11030334099996,43.11030334099996,MONITOR,2449.1954323359996,0.9999920640002529,0.2517386310009897,8.543100011593197e-05,DISABLED,on,user_reported,36.576255798339844,54.75597381591797,1007.211015625,95862.1953125,True,True,True,176,0,0,109,179,101,2026-10-03T17:18:31.015876+07:00,43.110395710000375,0.1858222669998213,OK,,True,2026-10-03T17:18:31.201710+07:00,43.29622601399933,0.032962840001346194,OK,,True,1547,0.193375,,2026-10-03T17:18:31.234673+07:00,43.3291920949996,0.0328401919996395,OK,,True,2814,0.35175,
85b4985b8d1f4a73a18432c400a3e636,45,2026-10-03T17:18:32.015832+07:00,44.11033868300001,44.11033868300001,MONITOR,2450.1954676779997,1.0000353420000465,0.25222107199988386,0.00012077300016244408,DISABLED,on,user_reported,36.5768928527832,54.749671936035156,1007.17109375,96078.0625,True,True,True,176,0,0,109,179,101,2026-10-03T17:18:32.015919+07:00,44.11043890399924,0.18582178500037116,OK,,True,2026-10-03T17:18:32.201753+07:00,44.29626920800001,0.03338046600038069,OK,,True,1552,0.194,,2026-10-03T17:18:32.235139+07:00,44.32965511799921,0.032893322000745684,OK,,True,2810,0.35125,
85b4985b8d1f4a73a18432c400a3e636,46,2026-10-03T17:18:33.018428+07:00,45.11293720700087,45.11293720700087,MONITOR,2451.1980662020005,1.0025985240008595,0.2519035569985135,0.002719297001021914,DISABLED,on,user_reported,36.579444885253906,54.75004959106445,1007.182109375,96676.734375,True,True,True,176,0,0,109,178,101,2026-10-03T17:18:33.018503+07:00,45.11302285500096,0.18583878499885031,OK,,True,2026-10-03T17:18:33.204354+07:00,45.29886977000024,0.03311330100041232,OK,,True,1553,0.194125,,2026-10-03T17:18:33.237469+07:00,45.33198660800008,0.032844174000274506,OK,,True,2816,0.352,
85b4985b8d1f4a73a18432c400a3e636,47,2026-10-03T17:18:34.015795+07:00,46.11030379499971,46.11030379499971,MONITOR,2452.1954327899994,0.9973665879988403,0.2519934440006182,8.588499986217357e-05,DISABLED,on,user_reported,36.57880401611328,54.749961853027344,1007.16734375,96132.1796875,True,True,True,176,0,0,109,178,101,2026-10-03T17:18:34.015878+07:00,46.11039788599919,0.18582828600119683,OK,,True,2026-10-03T17:18:34.201719+07:00,46.29623533800077,0.0332157829998323,OK,,True,1555,0.194375,,2026-10-03T17:18:34.234939+07:00,46.32945565800037,0.0328302479992999,OK,,True,2816,0.352,
85b4985b8d1f4a73a18432c400a3e636,48,2026-10-03T17:18:35.015806+07:00,47.1103136010006,47.1103136010006,MONITOR,2453.1954425960002,1.0000098060008895,0.25204238900005294,9.569100075168535e-05,DISABLED,on,user_reported,36.57178497314453,54.7489128112793,1007.1765625,96567.3359375,True,True,True,176,0,0,109,178,101,2026-10-03T17:18:35.015888+07:00,47.11040817399953,0.18584669300071255,OK,,True,2026-10-03T17:18:35.201749+07:00,47.29626457099948,0.03319861500131083,OK,,True,1532,0.1915,,2026-10-03T17:18:35.234951+07:00,47.32946777899997,0.03287735900084954,OK,,True,2813,0.351625,
85b4985b8d1f4a73a18432c400a3e636,49,2026-10-03T17:18:36.015802+07:00,48.11031109400028,48.11031109400028,MONITOR,2454.195440089,0.9999974929996824,0.2519846300001518,9.318400043412112e-05,DISABLED,on,user_reported,36.57816696166992,54.737083435058594,1007.14578125,95970.0078125,True,True,True,176,0,0,109,179,101,2026-10-03T17:18:36.015883+07:00,48.11040242600029,0.18582167500062496,OK,,True,2026-10-03T17:18:36.201717+07:00,48.2962328779995,0.032990450999932364,OK,,True,1553,0.194125,,2026-10-03T17:18:36.234708+07:00,48.329226625000956,0.03305678399919998,OK,,True,2813,0.351625,
85b4985b8d1f4a73a18432c400a3e636,50,2026-10-03T17:18:37.015810+07:00,49.11031816099967,49.11031816099967,MONITOR,2455.1954471559993,1.0000070669993875,0.2521049810002296,0.00010025099982158281,DISABLED,on,user_reported,36.581356048583984,54.72477340698242,1007.144140625,96186.359375,True,True,True,176,0,0,109,178,101,2026-10-03T17:18:37.015892+07:00,49.11041201199987,0.1858324149998225,OK,,True,2026-10-03T17:18:37.201737+07:00,49.29625248299999,0.033285022000200115,OK,,True,1547,0.193375,,2026-10-03T17:18:37.235027+07:00,49.329542949000825,0.0328690819987969,OK,,True,2821,0.352625,
85b4985b8d1f4a73a18432c400a3e636,51,2026-10-03T17:18:38.015922+07:00,50.1104177090001,50.1104177090001,MONITOR,2456.1955467039998,1.0000995480004349,0.2533586369991099,0.00019979900025646202,DISABLED,on,user_reported,36.58454895019531,54.72526168823242,1007.149375,96731.53125,True,True,True,176,0,0,109,178,101,2026-10-03T17:18:38.016103+07:00,50.11061881800015,0.1868658149996918,OK,,True,2026-10-03T17:18:38.202977+07:00,50.29749276199982,0.03341252199970768,OK,,True,1546,0.19325,,2026-10-03T17:18:38.236395+07:00,50.33091046899972,0.03285498900004313,OK,,True,2809,0.351125,
85b4985b8d1f4a73a18432c400a3e636,52,2026-10-03T17:18:39.015837+07:00,51.11034368500077,51.11034368500077,MONITOR,2457.1954726800004,0.999925976000668,0.2520581479984685,0.00012577500092447735,DISABLED,on,user_reported,36.5768928527832,54.71133804321289,1007.130078125,96240.6015625,True,True,True,176,0,0,109,178,101,2026-10-03T17:18:39.015924+07:00,51.11044399899947,0.185823268000604,OK,,True,2026-10-03T17:18:39.201760+07:00,51.29627547000018,0.033221301000594394,OK,,True,1535,0.19187500000000002,,2026-10-03T17:18:39.234986+07:00,51.32950197500031,0.03288759899987781,OK,,True,2818,0.35225,
85b4985b8d1f4a73a18432c400a3e636,53,2026-10-03T17:18:40.015801+07:00,52.11030892100098,52.11030892100098,MONITOR,2458.1954379160006,0.9999652360002074,0.25193174199921486,9.101100113184657e-05,DISABLED,on,user_reported,36.579444885253906,54.705326080322266,1007.127421875,96567.3359375,True,True,True,176,0,0,109,178,101,2026-10-03T17:18:40.015884+07:00,52.1104036050001,0.18582260100083658,OK,,True,2026-10-03T17:18:40.201719+07:00,52.296234669000114,0.03297976599969843,OK,,True,1545,0.193125,,2026-10-03T17:18:40.234700+07:00,52.32921815699956,0.033010357999955886,OK,,True,2808,0.35100000000000003,
85b4985b8d1f4a73a18432c400a3e636,54,2026-10-03T17:18:41.015831+07:00,53.11033808200045,53.11033808200045,MONITOR,2459.195467077,1.0000291609994747,0.2519743720004044,0.00012017200060654432,DISABLED,on,user_reported,36.580718994140625,54.71190643310547,1007.231953125,96458.1796875,True,True,True,176,0,0,109,179,101,2026-10-03T17:18:41.015916+07:00,53.110436062999725,0.1858267120005621,OK,,True,2026-10-03T17:18:41.201755+07:00,53.296270959999674,0.03298845100107428,OK,,True,1550,0.19375,,2026-10-03T17:18:41.234744+07:00,53.329263225999966,0.033034987000064575,OK,,True,2813,0.351625,
85b4985b8d1f4a73a18432c400a3e636,55,2026-10-03T17:18:42.015803+07:00,54.1103119670006,54.1103119670006,MONITOR,2460.1954409620002,0.999973885000145,0.25213859299947217,9.40570007514907e-05,DISABLED,on,user_reported,36.580718994140625,54.71190643310547,1007.259375,96676.734375,True,True,True,176,0,0,109,178,101,2026-10-03T17:18:42.015883+07:00,54.11040216999936,0.18586504500126466,OK,,True,2026-10-03T17:18:42.201762+07:00,54.29627699299999,0.033160819999466185,OK,,True,1549,0.193625,,2026-10-03T17:18:42.234928+07:00,54.329443794000326,0.032994172999678995,OK,,True,2814,0.35175,
85b4985b8d1f4a73a18432c400a3e636,56,2026-10-03T17:18:43.015809+07:00,55.110317055999985,55.110317055999985,MONITOR,2461.1954460509996,1.0000050889993872,0.26204345599944645,9.914600013871677e-05,DISABLED,on,user_reported,36.5915641784668,54.72629928588867,1007.21546875,96567.3359375,True,True,True,176,0,0,109,179,101,2026-10-03T17:18:43.015896+07:00,55.110415315000864,0.1908643189999566,OK,,True,2026-10-03T17:18:43.206788+07:00,55.30129902199951,0.0371162320006988,OK,,True,1568,0.196,,2026-10-03T17:18:43.243910+07:00,55.33842442099922,0.03391609100071946,OK,,True,2821,0.352625,
85b4985b8d1f4a73a18432c400a3e636,57,2026-10-03T17:18:44.015862+07:00,56.11036140500073,56.11036140500073,MONITOR,2462.1954904000004,1.0000443490007456,0.25770058399939444,0.00014349500088428613,DISABLED,on,user_reported,36.58327102661133,54.7122917175293,1007.181328125,96786.390625,True,True,True,176,0,0,109,179,101,2026-10-03T17:18:44.016024+07:00,56.1105418850002,0.19109074299922213,OK,,True,2026-10-03T17:18:44.207151+07:00,56.30165771999964,0.033419872999729705,OK,,True,1554,0.19425,,2026-10-03T17:18:44.240568+07:00,56.3350833709992,0.03296630300064862,OK,,True,2817,0.352125,
85b4985b8d1f4a73a18432c400a3e636,58,2026-10-03T17:18:45.015809+07:00,57.11031621700022,57.11031621700022,MONITOR,2463.195445212,0.999954811999487,0.2527633659992716,9.830700037127826e-05,DISABLED,on,user_reported,36.58263397216797,54.71857452392578,1007.200859375,96896.2890625,True,True,True,176,0,0,109,178,101,2026-10-03T17:18:45.015890+07:00,57.11041006800042,0.18584187899978133,OK,,True,2026-10-03T17:18:45.201747+07:00,57.29626194699995,0.03301328400084458,OK,,True,1553,0.194125,,2026-10-03T17:18:45.234760+07:00,57.32927913899948,0.03378777699981583,OK,,True,2807,0.350875,
85b4985b8d1f4a73a18432c400a3e636,59,2026-10-03T17:18:46.015798+07:00,58.11030677100098,58.11030677100098,MONITOR,2464.1954357660006,0.9999905540007603,0.2520611309992091,8.886100113159046e-05,DISABLED,on,user_reported,36.58390808105469,54.71876525878906,1007.175546875,96349.265625,True,True,True,176,0,0,109,179,101,2026-10-03T17:18:46.015879+07:00,58.11039840000012,0.18586404499910714,OK,,True,2026-10-03T17:18:46.201756+07:00,58.296271834000436,0.032996005998938926,OK,,True,1555,0.194375,,2026-10-03T17:18:46.234754+07:00,58.32927163699969,0.033083801999964635,OK,,True,2818,0.35225,
85b4985b8d1f4a73a18432c400a3e636,60,2026-10-03T17:18:47.015805+07:00,59.110314232000746,59.110314232000746,MONITOR,2465.1954432270004,1.0000074609997682,0.2553715479989478,9.63220008998178e-05,DISABLED,on,user_reported,36.58582305908203,54.712669372558594,1007.151328125,97116.84375,True,True,True,176,0,0,109,178,101,2026-10-03T17:18:47.015887+07:00,59.11040697200042,0.189037742000437,OK,,True,2026-10-03T17:18:47.204939+07:00,59.2994542510005,0.03316106099919125,OK,,True,1539,0.192375,,2026-10-03T17:18:47.238105+07:00,59.33262155199918,0.033051395001166384,OK,,True,2815,0.351875,
85b4985b8d1f4a73a18432c400a3e636,61,2026-10-03T17:18:48.015827+07:00,60.11033425000096,60.11033425000096,MONITOR,2466.1954632450006,1.000020018000214,0.25335800899847527,0.00011634000111371279,DISABLED,on,user_reported,36.587100982666016,54.712860107421875,1007.173828125,96896.2890625,True,True,True,176,0,0,109,178,101,2026-10-03T17:18:48.015915+07:00,60.11043415600034,0.1858290649997798,OK,,True,2026-10-03T17:18:48.201756+07:00,60.296271627999886,0.03398196099988127,OK,,True,1542,0.19275,,2026-10-03T17:18:48.235746+07:00,60.33026088599945,0.03341713200097729,OK,,True,2819,0.352375,
85b4985b8d1f4a73a18432c400a3e636,62,2026-10-03T17:18:49.015811+07:00,61.11031919400011,61.11031919400011,MONITOR,2467.1954481889998,0.9999849439991522,0.25950405100047647,0.0001012840002658777,DISABLED,on,user_reported,36.58327102661133,54.7122917175293,1007.1403125,97505.234375,True,True,True,176,0,0,109,178,101,2026-10-03T17:18:49.015894+07:00,61.11041382300027,0.18597471099928953,OK,,True,2026-10-03T17:18:49.201886+07:00,61.296400922999965,0.03615107299992815,OK,,True,1540,0.1925,,2026-10-03T17:18:49.238049+07:00,61.33256194000023,0.037234508999972604,OK,,True,2822,0.35275,
85b4985b8d1f4a73a18432c400a3e636,63,2026-10-03T17:18:50.015872+07:00,62.110370619000605,62.110370619000605,MONITOR,2468.1954996140003,1.0000514250004926,0.2643124749993149,0.0001527090007584775,DISABLED,on,user_reported,36.57816696166992,54.71791076660156,1007.1321875,97505.234375,True,True,True,176,0,0,109,178,101,2026-10-03T17:18:50.016035+07:00,62.11055267300071,0.19200929199905659,OK,,True,2026-10-03T17:18:50.208067+07:00,62.302578853999876,0.03538017199934984,OK,,True,1554,0.19425,,2026-10-03T17:18:50.243462+07:00,62.33797258100094,0.03669130999878689,OK,,True,2815,0.351875,
85b4985b8d1f4a73a18432c400a3e636,64,2026-10-03T17:18:51.015867+07:00,63.110365398000795,63.110365398000795,MONITOR,2469.1954943930004,0.9999947790001897,0.26705104499887966,0.0001474880009482149,DISABLED,on,user_reported,36.57816696166992,54.711524963378906,1007.104765625,97116.84375,True,True,True,176,0,0,109,178,101,2026-10-03T17:18:51.016023+07:00,63.11054073000014,0.19580607500029146,OK,,True,2026-10-03T17:18:51.211848+07:00,63.30636130499988,0.035469042000841,OK,,True,1556,0.1945,,2026-10-03T17:18:51.247329+07:00,63.341841310000746,0.03555491099905339,OK,,True,2815,0.351875,
85b4985b8d1f4a73a18432c400a3e636,65,2026-10-03T17:18:52.015867+07:00,64.11036643599982,64.11036643599982,MONITOR,2470.1954954309995,1.0000010379990272,0.2631922990003659,0.00014852599997539073,DISABLED,on,user_reported,36.581356048583984,54.7183837890625,1007.137265625,96896.2890625,True,True,True,176,0,0,109,178,101,2026-10-03T17:18:52.016028+07:00,64.11054556400086,0.19181134899918106,OK,,True,2026-10-03T17:18:52.207861+07:00,64.30237256100008,0.03743100800056709,OK,,True,1547,0.193375,,2026-10-03T17:18:52.245306+07:00,64.33981723500074,0.03372155599936377,OK,,True,2819,0.352375,
85b4985b8d1f4a73a18432c400a3e636,66,2026-10-03T17:18:53.015887+07:00,65.11038891899989,65.11038891899989,MONITOR,2471.1955179139995,1.0000224830000661,0.25383228400096414,0.00017100900004152209,DISABLED,on,user_reported,36.57880401611328,54.737178802490234,1007.119375,97116.84375,True,True,True,176,0,0,109,178,101,2026-10-03T17:18:53.016025+07:00,65.1105430660009,0.18628359799913596,OK,,True,2026-10-03T17:18:53.202321+07:00,65.29683649800063,0.03414390400030243,OK,,True,1547,0.193375,,2026-10-03T17:18:53.236496+07:00,65.331001939001,0.03320265299953462,OK,,True,2795,0.349375,
85b4985b8d1f4a73a18432c400a3e636,67,2026-10-03T17:18:54.015838+07:00,66.11034510699938,66.11034510699938,MONITOR,2472.195474101999,0.9999561879994872,0.2539369500009343,0.00012719699952867813,DISABLED,on,user_reported,36.57752990722656,54.724212646484375,1007.20625,97616.78125,True,True,True,176,0,0,109,178,101,2026-10-03T17:18:54.015929+07:00,66.11044897700049,0.18581769400043413,OK,,True,2026-10-03T17:18:54.201759+07:00,66.29627498599984,0.03324441199947614,OK,,True,1550,0.19375,,2026-10-03T17:18:54.235012+07:00,66.32952665700032,0.03473902999940037,OK,,True,2791,0.348875,
85b4985b8d1f4a73a18432c400a3e636,68,2026-10-03T17:18:55.015799+07:00,67.11030755499996,67.11030755499996,MONITOR,2473.1954365499996,0.9999624480005878,0.25202761299988197,8.964500011643395e-05,DISABLED,on,user_reported,36.57561492919922,54.73031234741211,1007.251171875,96786.390625,True,True,True,176,0,0,109,179,101,2026-10-03T17:18:55.015878+07:00,67.11039731299934,0.1858111210003699,OK,,True,2026-10-03T17:18:55.201700+07:00,67.29621610100003,0.033201022999492125,OK,,True,1539,0.192375,,2026-10-03T17:18:55.234907+07:00,67.32942280899988,0.03290163699966797,OK,,True,2803,0.350375,
85b4985b8d1f4a73a18432c400a3e636,69,2026-10-03T17:18:56.015795+07:00,68.11030322499937,68.11030322499937,MONITOR,2474.195432219999,0.9999956699994073,0.2581027490014094,8.531499952368904e-05,DISABLED,on,user_reported,36.56795883178711,54.72917556762695,1007.2525,97393.953125,True,True,True,176,0,0,109,178,101,2026-10-03T17:18:56.015879+07:00,68.1103986500002,0.18583117600064725,OK,,True,2026-10-03T17:18:56.201723+07:00,68.29623864099995,0.03513889600071707,OK,,True,1552,0.194,,2026-10-03T17:18:56.236867+07:00,68.33138261100066,0.037009899999247864,OK,,True,2803,0.350375,
85b4985b8d1f4a73a18432c400a3e636,70,2026-10-03T17:18:57.015815+07:00,69.11032257999977,69.11032257999977,MONITOR,2475.1954515749994,1.0000193550004042,0.252402111000265,0.00010466999992786441,DISABLED,on,user_reported,36.57497787475586,54.72382736206055,1007.161015625,97006.4453125,True,True,True,176,0,0,109,179,101,2026-10-03T17:18:57.015899+07:00,69.1104190240003,0.18587882400061062,OK,,True,2026-10-03T17:18:57.201790+07:00,69.29630610700042,0.03300452599978598,OK,,True,1554,0.19425,,2026-10-03T17:18:57.234796+07:00,69.32931431799989,0.03339298500031873,OK,,True,2807,0.350875,
85b4985b8d1f4a73a18432c400a3e636,71,2026-10-03T17:18:58.015893+07:00,70.11039730599987,70.11039730599987,MONITOR,2476.1955263009995,1.0000747260000935,0.260269917000187,0.00017939600002137013,DISABLED,on,user_reported,36.5768928527832,54.73689270019531,1007.246328125,97560.9765625,True,True,True,176,0,0,109,179,101,2026-10-03T17:18:58.015995+07:00,70.11051471300016,0.1895011649994558,OK,,True,2026-10-03T17:18:58.205519+07:00,70.3000319519997,0.03577683500043349,OK,,True,1529,0.19112500000000002,,2026-10-03T17:18:58.241304+07:00,70.33581852799944,0.0348309920009342,OK,,True,2803,0.350375,
85b4985b8d1f4a73a18432c400a3e636,72,2026-10-03T17:18:59.015928+07:00,71.11042529299993,71.11042529299993,MONITOR,2477.1955542879996,1.0000279870000668,0.2622224010010541,0.00020738300008815713,DISABLED,on,user_reported,36.57497787475586,54.73021697998047,1007.222578125,97784.5703125,True,True,True,176,0,0,109,178,101,2026-10-03T17:18:59.016086+07:00,71.11060249500042,0.18994568000016443,OK,,True,2026-10-03T17:18:59.206047+07:00,71.3005608780004,0.03514406399881409,OK,,True,1542,0.19275,,2026-10-03T17:18:59.241197+07:00,71.33571286699953,0.03691347499989206,OK,,True,2807,0.350875,
85b4985b8d1f4a73a18432c400a3e636,73,2026-10-03T17:19:00.015863+07:00,72.11036100199999,72.11036100199999,MONITOR,2478.1954899969996,0.9999357090000558,0.26997900400056096,0.00014309200014395174,DISABLED,on,user_reported,36.574337005615234,54.736515045166016,1007.125859375,97449.5625,True,True,True,176,0,0,109,178,101,2026-10-03T17:19:00.016019+07:00,72.11053709400039,0.19172933200025,OK,,True,2026-10-03T17:19:00.207769+07:00,72.30228262899982,0.03536117300063779,OK,,True,1563,0.195375,,2026-10-03T17:19:00.243135+07:00,72.33765152399974,0.04266192700015381,OK,,True,2819,0.352375,
85b4985b8d1f4a73a18432c400a3e636,74,2026-10-03T17:19:01.015902+07:00,73.11039984099989,73.11039984099989,MONITOR,2479.1955288359995,1.0000388389998989,0.2646069010006613,0.00018193100004282314,DISABLED,on,user_reported,36.57752990722656,54.73698806762695,1007.178984375,97560.9765625,True,True,True,176,0,0,109,178,101,2026-10-03T17:19:01.016053+07:00,73.11057080300088,0.19068174799940607,OK,,True,2026-10-03T17:19:01.206755+07:00,73.30126738400031,0.037132251000002725,OK,,True,1551,0.193875,,2026-10-03T17:19:01.243893+07:00,73.33840817199962,0.036578829000063706,OK,,True,2811,0.351375,
85b4985b8d1f4a73a18432c400a3e636,75,2026-10-03T17:19:02.015824+07:00,74.11033146000045,74.11033146000045,MONITOR,2480.195460455,0.9999316190005629,0.2517654129987932,0.00011355000060575549,DISABLED,on,user_reported,36.57752990722656,54.724212646484375,1007.1584375,97616.78125,True,True,True,176,0,0,109,179,101,2026-10-03T17:19:02.015908+07:00,74.11042714399991,0.1858116590010468,OK,,True,2026-10-03T17:19:02.201731+07:00,74.29624702500041,0.03295298900047783,OK,,True,1540,0.1925,,2026-10-03T17:19:02.234685+07:00,74.32920351400026,0.03288278499894659,OK,,True,2806,0.35075,
85b4985b8d1f4a73a18432c400a3e636,76,2026-10-03T17:19:03.015871+07:00,75.11037289200067,75.11037289200067,MONITOR,2481.1955018870003,1.0000414320002164,0.255521494000277,0.00015498200082220137,DISABLED,on,user_reported,36.57752990722656,54.74338150024414,1007.178984375,97672.640625,True,True,True,176,0,0,109,178,101,2026-10-03T17:19:03.015980+07:00,75.11049896499935,0.18585599200014258,OK,,True,2026-10-03T17:19:03.201848+07:00,75.2963633649997,0.03492608300075517,OK,,True,1547,0.193375,,2026-10-03T17:19:03.236782+07:00,75.33129683700099,0.03458377099923382,OK,,True,2794,0.34925,
85b4985b8d1f4a73a18432c400a3e636,77,2026-10-03T17:19:04.015821+07:00,76.11032849299954,76.11032849299954,MONITOR,2482.195457487999,0.9999556009988737,0.2517578210008651,0.00011058299969590735,DISABLED,on,user_reported,36.57114791870117,54.729644775390625,1007.17546875,97896.75,True,True,True,176,0,0,109,178,101,2026-10-03T17:19:04.015901+07:00,76.11042049199932,0.18591691800065746,OK,,True,2026-10-03T17:19:04.201829+07:00,76.2963449279996,0.03291689599973324,OK,,True,1559,0.194875,,2026-10-03T17:19:04.234746+07:00,76.32926489800047,0.03281184200022835,OK,,True,2808,0.35100000000000003,
85b4985b8d1f4a73a18432c400a3e636,78,2026-10-03T17:19:05.015840+07:00,77.11034557499988,77.11034557499988,MONITOR,2483.1954745699995,1.0000170820003405,0.25174206200063054,0.00012766500003635883,DISABLED,on,user_reported,36.57561492919922,54.74309539794922,1007.121171875,97505.234375,True,True,True,176,0,0,109,178,101,2026-10-03T17:19:05.015931+07:00,77.11045014800038,0.18582580700058315,OK,,True,2026-10-03T17:19:05.201769+07:00,77.2962846219998,0.03296730300098716,OK,,True,1555,0.194375,,2026-10-03T17:19:05.234736+07:00,77.32925473999967,0.03282217500054685,OK,,True,2809,0.351125,
85b4985b8d1f4a73a18432c400a3e636,79,2026-10-03T17:19:06.015822+07:00,78.11032971399982,78.11032971399982,MONITOR,2484.1954587089995,0.9999841389999347,0.2518177090005338,0.00011180399997101631,DISABLED,on,user_reported,36.581993103027344,54.73126220703125,1007.1315625,97393.953125,True,True,True,176,0,0,109,179,101,2026-10-03T17:19:06.015901+07:00,78.11042052800076,0.18579062199933105,OK,,True,2026-10-03T17:19:06.201702+07:00,78.29621872400094,0.033111542999904486,OK,,True,1552,0.194,,2026-10-03T17:19:06.234815+07:00,78.32933391500046,0.0328030820001004,OK,,True,2805,0.350625,
85b4985b8d1f4a73a18432c400a3e636,80,2026-10-03T17:19:07.015870+07:00,79.11036838899963,79.11036838899963,MONITOR,2485.1954973839993,1.0000386749998142,0.26117250400056946,0.00015047899978526402,DISABLED,on,user_reported,36.58454895019531,54.738037109375,1007.18359375,97840.625,True,True,True,176,0,0,109,178,101,2026-10-03T17:19:07.016021+07:00,79.11053914700096,0.190702470999895,OK,,True,2026-10-03T17:19:07.206745+07:00,79.30125702499936,0.03509785999995074,OK,,True,1545,0.193125,,2026-10-03T17:19:07.241849+07:00,79.33636444100011,0.03515513700040174,OK,,True,2824,0.353,
85b4985b8d1f4a73a18432c400a3e636,81,2026-10-03T17:19:08.015893+07:00,80.1103909909998,80.1103909909998,MONITOR,2486.1955199859995,1.000022602000172,0.25714231500023743,0.00017308099995716475,DISABLED,on,user_reported,36.576255798339844,54.724021911621094,1007.265859375,97449.5625,True,True,True,176,0,0,109,178,101,2026-10-03T17:19:08.016055+07:00,80.11057254600018,0.1883833779993438,OK,,True,2026-10-03T17:19:08.204454+07:00,80.29896786900099,0.033284892999290605,OK,,True,1546,0.19325,,2026-10-03T17:19:08.237742+07:00,80.332258077,0.03525387700028659,OK,,True,2789,0.348625,
85b4985b8d1f4a73a18432c400a3e636,82,2026-10-03T17:19:09.015820+07:00,81.1103280949992,81.1103280949992,MONITOR,2487.195457089999,0.9999371039994003,0.2517613030013308,0.0001101849993574433,DISABLED,on,user_reported,36.580081939697266,54.73736572265625,1007.2515625,97672.640625,True,True,True,176,0,0,109,178,101,2026-10-03T17:19:09.015901+07:00,81.11042061300031,0.18581223299952399,OK,,True,2026-10-03T17:19:09.201725+07:00,81.2962409390002,0.032980932999635115,OK,,True,1547,0.193375,,2026-10-03T17:19:09.234707+07:00,81.32922524199967,0.03285432300071989,OK,,True,2804,0.35050000000000003,
85b4985b8d1f4a73a18432c400a3e636,83,2026-10-03T17:19:10.015815+07:00,82.1103233649992,82.1103233649992,MONITOR,2488.195452359999,0.9999952699999994,0.2516874150005606,0.00010545499935687985,DISABLED,on,user_reported,36.57752990722656,54.73698806762695,1007.19265625,97393.953125,True,True,True,176,0,0,109,178,101,2026-10-03T17:19:10.015894+07:00,82.11041421600021,0.18579812300049525,OK,,True,2026-10-03T17:19:10.201704+07:00,82.29622006099999,0.03295289600100659,OK,,True,1555,0.194375,,2026-10-03T17:19:10.234657+07:00,82.32917608699972,0.0328249340000184,OK,,True,2804,0.35050000000000003,
85b4985b8d1f4a73a18432c400a3e636,84,2026-10-03T17:19:11.015818+07:00,83.11032522800087,83.11032522800087,MONITOR,2489.1954542230005,1.0000018630016712,0.2518476360000932,0.0001073180010280339,DISABLED,on,user_reported,36.572425842285156,54.72344970703125,1007.19125,97560.9765625,True,True,True,176,0,0,109,179,101,2026-10-03T17:19:11.015903+07:00,83.1104226160005,0.18582269699982135,OK,,True,2026-10-03T17:19:11.201738+07:00,83.29625392399976,0.03301213600025221,OK,,True,1542,0.19275,,2026-10-03T17:19:11.234751+07:00,83.32926959699944,0.0328928970011475,OK,,True,2800,0.35000000000000003,
85b4985b8d1f4a73a18432c400a3e636,85,2026-10-03T17:19:12.015792+07:00,84.11030135100009,84.11030135100009,MONITOR,2490.1954303459997,0.9999761229992146,0.25197746900084894,8.344100024260115e-05,DISABLED,on,user_reported,36.579444885253906,54.737266540527344,1007.229921875,97784.5703125,True,True,True,176,0,0,109,178,101,2026-10-03T17:19:12.015869+07:00,84.11038888800067,0.18583964099889272,OK,,True,2026-10-03T17:19:12.201722+07:00,84.29623728799925,0.033101876000728225,OK,,True,1560,0.195,,2026-10-03T17:19:12.234825+07:00,84.32934272000057,0.03292624799905752,OK,,True,2798,0.34975,
85b4985b8d1f4a73a18432c400a3e636,86,2026-10-03T17:19:13.015819+07:00,85.1103263820005,85.1103263820005,MONITOR,2491.195455377,1.0000250310004049,0.25887191199944937,0.00010847200064745266,DISABLED,on,user_reported,36.581356048583984,54.75033187866211,1007.1646875,97393.953125,True,True,True,176,0,0,109,178,101,2026-10-03T17:19:13.015904+07:00,85.11042351099968,0.18615378700087604,OK,,True,2026-10-03T17:19:13.202072+07:00,85.29658764899978,0.03704830700007733,OK,,True,1546,0.19325,,2026-10-03T17:19:13.239134+07:00,85.33364680799968,0.03552811600093264,OK,,True,2814,0.35175,
85b4985b8d1f4a73a18432c400a3e636,87,2026-10-03T17:19:14.015827+07:00,86.11033432099975,86.11033432099975,MONITOR,2492.1954633159994,1.0000079389992607,0.25165150800057745,0.00011641099990811199,DISABLED,on,user_reported,36.58518600463867,54.75090789794922,1007.19828125,97505.234375,True,True,True,176,0,0,109,178,101,2026-10-03T17:19:14.015906+07:00,86.11042526500023,0.18579810399933194,OK,,True,2026-10-03T17:19:14.201714+07:00,86.29623098000047,0.0329400259997783,OK,,True,1546,0.19325,,2026-10-03T17:19:14.234655+07:00,86.32917443199949,0.032801990000734804,OK,,True,2804,0.35050000000000003,
85b4985b8d1f4a73a18432c400a3e636,88,2026-10-03T17:19:15.015811+07:00,87.11031853799977,87.11031853799977,MONITOR,2493.1954475329994,0.9999842170000193,0.25167134200091823,0.00010062799992738292,DISABLED,on,user_reported,36.587100982666016,54.751190185546875,1007.18078125,97896.75,True,True,True,176,0,0,109,178,101,2026-10-03T17:19:15.015892+07:00,87.11041185199974,0.18580558600115182,OK,,True,2026-10-03T17:19:15.201708+07:00,87.29622495600051,0.03293719300017983,OK,,True,1540,0.1925,,2026-10-03T17:19:15.234646+07:00,87.32916500099964,0.03281493400027102,OK,,True,2806,0.35075,
85b4985b8d1f4a73a18432c400a3e636,89,2026-10-03T17:19:16.015814+07:00,88.1103215889998,88.1103215889998,MONITOR,2494.1954505839994,1.0000030510000215,0.2516475640004501,0.0001036789999488974,DISABLED,on,user_reported,36.586463928222656,54.75748825073242,1007.186640625,97393.953125,True,True,True,176,0,0,109,179,101,2026-10-03T17:19:16.015897+07:00,88.11041655100053,0.18580980799924873,OK,,True,2026-10-03T17:19:16.201718+07:00,88.29623415599963,0.03292852600134211,OK,,True,1545,0.193125,,2026-10-03T17:19:16.234647+07:00,88.3291657560003,0.0327937860001839,OK,,True,2803,0.350375,
85b4985b8d1f4a73a18432c400a3e636,90,2026-10-03T17:19:17.015819+07:00,89.11032725199948,89.11032725199948,MONITOR,2495.195456246999,1.0000056629996834,0.25189937700088194,0.0001093419996323064,DISABLED,on,user_reported,36.58454895019531,54.76359558105469,1007.169921875,97672.640625,True,True,True,176,0,0,109,179,101,2026-10-03T17:19:17.015897+07:00,89.1104167880003,0.18583362299978035,OK,,True,2026-10-03T17:19:17.201744+07:00,89.29625952199967,0.03313422800056287,OK,,True,1547,0.193375,,2026-10-03T17:19:17.234879+07:00,89.32939778699983,0.03281745300046168,OK,,True,2799,0.349875,
85b4985b8d1f4a73a18432c400a3e636,91,2026-10-03T17:19:18.015838+07:00,90.1103435999994,90.1103435999994,MONITOR,2496.195472594999,1.0000163479999173,0.2558809000001929,0.00012568999954964966,DISABLED,on,user_reported,36.580718994140625,54.74385452270508,1007.143046875,97784.5703125,True,True,True,176,0,0,109,178,101,2026-10-03T17:19:18.015928+07:00,90.11044754300019,0.18627423100042506,OK,,True,2026-10-03T17:19:18.202217+07:00,90.29673225499937,0.035440598001514445,OK,,True,1539,0.192375,,2026-10-03T17:19:18.237665+07:00,90.33217983500072,0.03403155399973912,OK,,True,2785,0.348125,
85b4985b8d1f4a73a18432c400a3e636,92,2026-10-03T17:19:19.015873+07:00,91.11037057800058,91.11037057800058,MONITOR,2497.1954995730002,1.0000269780011877,0.262801472999854,0.00015266800073732156,DISABLED,on,user_reported,36.57561492919922,54.762264251708984,1007.07328125,97896.75,True,True,True,176,0,0,109,178,101,2026-10-03T17:19:19.016037+07:00,91.1105542990008,0.19178607399953762,OK,,True,2026-10-03T17:19:19.207843+07:00,91.30235566900046,0.035382488000323065,OK,,True,1545,0.193125,,2026-10-03T17:19:19.243230+07:00,91.33774615599941,0.035402599000008195,OK,,True,2815,0.351875,
85b4985b8d1f4a73a18432c400a3e636,93,2026-10-03T17:19:20.015878+07:00,92.11037718599982,92.11037718599982,MONITOR,2498.1955061809995,1.0000066079992393,0.2625649199999316,0.0001592759999766713,DISABLED,on,user_reported,36.573699951171875,54.74280548095703,1007.186484375,98461.5390625,True,True,True,176,0,0,109,178,101,2026-10-03T17:19:20.016040+07:00,92.11055666600078,0.19179022299977078,OK,,True,2026-10-03T17:19:20.207849+07:00,92.30236120399968,0.03538537600070413,OK,,True,1553,0.194125,,2026-10-03T17:19:20.243238+07:00,92.33775496899943,0.03516572999978962,OK,,True,2816,0.352,
85b4985b8d1f4a73a18432c400a3e636,94,2026-10-03T17:19:21.016028+07:00,93.11052473900054,93.11052473900054,MONITOR,2499.195653734,1.0001475530007156,0.2626721959986753,0.0003068290006922325,DISABLED,on,user_reported,36.581356048583984,54.75033187866211,1007.205703125,97393.953125,True,True,True,176,0,0,109,179,101,2026-10-03T17:19:21.016187+07:00,93.11070436699993,0.19190353600060917,OK,,True,2026-10-03T17:19:21.208110+07:00,93.30262203299935,0.03537672800121072,OK,,True,1572,0.1965,,2026-10-03T17:19:21.243490+07:00,93.33800689100099,0.03516882199983229,OK,,True,2815,0.351875,
85b4985b8d1f4a73a18432c400a3e636,95,2026-10-03T17:19:22.015933+07:00,94.11043490500015,94.11043490500015,MONITOR,2500.1955639,0.9999101659996086,0.262007146000542,0.00021699500030081253,DISABLED,on,user_reported,36.587738037109375,54.744895935058594,1007.195546875,98065.5078125,True,True,True,176,0,0,109,179,101,2026-10-03T17:19:22.016067+07:00,94.11058510700059,0.1899257570003101,OK,,True,2026-10-03T17:19:22.206013+07:00,94.3005256409997,0.03518491500108212,OK,,True,1558,0.19475,,2026-10-03T17:19:22.241201+07:00,94.33571753800061,0.036700458000268554,OK,,True,2802,0.35025,
85b4985b8d1f4a73a18432c400a3e636,96,2026-10-03T17:19:23.016027+07:00,95.11052460700012,95.11052460700012,MONITOR,2501.1956536019998,1.0000897019999684,0.262916175999635,0.000306697000269196,DISABLED,on,user_reported,36.594120025634766,54.758628845214844,1007.21265625,98065.5078125,True,True,True,176,0,0,109,178,101,2026-10-03T17:19:23.016186+07:00,95.11070384599952,0.19179785200140032,OK,,True,2026-10-03T17:19:23.208009+07:00,95.30251910600055,0.0367586049997044,OK,,True,1547,0.193375,,2026-10-03T17:19:23.244779+07:00,95.33928987800027,0.034130701000322006,OK,,True,2806,0.35075,
85b4985b8d1f4a73a18432c400a3e636,97,2026-10-03T17:19:24.015805+07:00,96.1103138489998,96.1103138489998,MONITOR,2502.1954428439994,0.9997892419996788,0.25301855399993656,9.593899994797539e-05,DISABLED,on,user_reported,36.588375091552734,54.73859405517578,1007.21015625,97672.640625,True,True,True,176,0,0,109,179,101,2026-10-03T17:19:24.015888+07:00,96.11040786600097,0.18582225399950403,OK,,True,2026-10-03T17:19:24.201723+07:00,96.29623911999988,0.03356713200082595,OK,,True,1551,0.193875,,2026-10-03T17:19:24.235297+07:00,96.32981236299929,0.03350724300071306,OK,,True,2791,0.348875,
85b4985b8d1f4a73a18432c400a3e636,98,2026-10-03T17:19:25.015789+07:00,97.11029899700043,97.11029899700043,MONITOR,2503.195427992,0.9999851480006328,0.2517963789996429,8.108700058073737e-05,DISABLED,on,user_reported,36.58454895019531,54.74442672729492,1007.163046875,98575.28125,True,True,True,176,0,0,109,178,101,2026-10-03T17:19:25.015863+07:00,97.11038207000092,0.18587166099860042,OK,,True,2026-10-03T17:19:25.201746+07:00,97.29626226800065,0.032986524998705136,OK,,True,1557,0.194625,,2026-10-03T17:19:25.234733+07:00,97.3292520899995,0.03283384099995601,OK,,True,2806,0.35075,
85b4985b8d1f4a73a18432c400a3e636,99,2026-10-03T17:19:26.015792+07:00,98.11030160900009,98.11030160900009,MONITOR,2504.1954306039997,1.000002611999662,0.25180015600017214,8.369900024263188e-05,DISABLED,on,user_reported,36.59092712402344,54.73258590698242,1007.200625,97952.9375,True,True,True,176,0,0,109,178,101,2026-10-03T17:19:26.015867+07:00,98.11038718199961,0.185901234000994,OK,,True,2026-10-03T17:19:26.201779+07:00,98.29629491600099,0.0329602479996538,OK,,True,1547,0.193375,,2026-10-03T17:19:26.234739+07:00,98.32925844199963,0.032833490000484744,OK,,True,2804,0.35050000000000003,
85b4985b8d1f4a73a18432c400a3e636,100,2026-10-03T17:19:27.015795+07:00,99.11030483200011,99.11030483200011,MONITOR,2505.1954338269998,1.0000032230000215,0.2518453970005794,8.692200026416685e-05,DISABLED,on,user_reported,36.58327102661133,54.71868133544922,1007.1540625,98065.5078125,True,True,True,176,0,0,109,178,101,2026-10-03T17:19:27.015870+07:00,99.11038964600084,0.18581682799958799,OK,,True,2026-10-03T17:19:27.201697+07:00,99.29621332500028,0.03306524800063926,OK,,True,1551,0.193875,,2026-10-03T17:19:27.234767+07:00,99.3292835730008,0.03285539699936635,OK,,True,2798,0.34975,
85b4985b8d1f4a73a18432c400a3e636,101,2026-10-03T17:19:28.015794+07:00,100.1103030560007,100.1103030560007,MONITOR,2506.1954320510004,0.999998224000592,0.25431333999949857,8.51460008561844e-05,DISABLED,on,user_reported,36.58454895019531,54.72526168823242,1007.156328125,98178.328125,True,True,True,176,0,0,109,178,101,2026-10-03T17:19:28.015875+07:00,100.11039485100082,0.18585254999925382,OK,,True,2026-10-03T17:19:28.201740+07:00,100.29625541899986,0.034169868000390125,OK,,True,1556,0.1945,,2026-10-03T17:19:28.235919+07:00,100.33043345400074,0.034158163998654345,OK,,True,2771,0.346375,
85b4985b8d1f4a73a18432c400a3e636,102,2026-10-03T17:19:29.015859+07:00,101.11035768700094,101.11035768700094,MONITOR,2507.1954866820006,1.0000546310002392,0.26251269899876206,0.00013977700109535363,DISABLED,on,user_reported,36.586463928222656,54.719146728515625,1007.152421875,97672.640625,True,True,True,176,0,0,109,178,101,2026-10-03T17:19:29.016014+07:00,101.11053157400056,0.19180496399894764,OK,,True,2026-10-03T17:19:29.207840+07:00,101.30235200099924,0.03540437600167934,OK,,True,1544,0.193,,2026-10-03T17:19:29.243248+07:00,101.33776435899927,0.03508899000007659,OK,,True,2808,0.35100000000000003,
85b4985b8d1f4a73a18432c400a3e636,103,2026-10-03T17:19:30.015850+07:00,102.11035017100039,102.11035017100039,MONITOR,2508.195479166,0.9999924839994492,0.2642160920004244,0.00013226100054453127,DISABLED,on,user_reported,36.588375091552734,54.7258186340332,1007.141796875,98234.84375,True,True,True,176,0,0,109,178,101,2026-10-03T17:19:30.015992+07:00,102.11051046600005,0.19069706600021163,OK,,True,2026-10-03T17:19:30.206708+07:00,102.3012210500001,0.036763624999366584,OK,,True,1555,0.194375,,2026-10-03T17:19:30.243474+07:00,102.33799124899997,0.03655714399974386,OK,,True,2808,0.35100000000000003,
85b4985b8d1f4a73a18432c400a3e636,104,2026-10-03T17:19:31.015849+07:00,103.11034878499959,103.11034878499959,MONITOR,2509.1954777799992,0.9999986139991961,0.26251477300138504,0.00013087499974062666,DISABLED,on,user_reported,36.58454895019531,54.718868255615234,1007.142578125,97952.9375,True,True,True,176,0,0,109,178,101,2026-10-03T17:19:31.015998+07:00,103.11051574699923,0.19175711300158582,OK,,True,2026-10-03T17:19:31.207774+07:00,103.30228654500024,0.03536382099991897,OK,,True,1561,0.195125,,2026-10-03T17:19:31.243141+07:00,103.33765784699972,0.035186045000955346,OK,,True,2810,0.35125,
85b4985b8d1f4a73a18432c400a3e636,105,2026-10-03T17:19:32.015861+07:00,104.1103611590006,104.1103611590006,MONITOR,2510.1954901540003,1.0000123740010167,0.26291286299965577,0.00014324900075735059,DISABLED,on,user_reported,36.59029006958008,54.71333312988281,1007.138125,98461.5390625,True,True,True,176,0,0,109,178,101,2026-10-03T17:19:32.016010+07:00,104.11052812100024,0.19181042700074613,OK,,True,2026-10-03T17:19:32.207844+07:00,104.30235617700055,0.03561172700028692,OK,,True,1534,0.19175,,2026-10-03T17:19:32.243463+07:00,104.33797725600016,0.03527733999908378,OK,,True,2804,0.35050000000000003,
85b4985b8d1f4a73a18432c400a3e636,106,2026-10-03T17:19:33.015901+07:00,105.11039997800071,105.11039997800071,MONITOR,2511.1955289730004,1.0000388190001104,0.2666973309987952,0.00018206800086773,DISABLED,on,user_reported,36.588375091552734,54.719425201416016,1007.1759375,97672.640625,True,True,True,176,0,0,109,179,101,2026-10-03T17:19:33.016048+07:00,105.1105660129997,0.19155076300012297,OK,,True,2026-10-03T17:19:33.207618+07:00,105.30213009100044,0.03740984099931666,OK,,True,1556,0.1945,,2026-10-03T17:19:33.245031+07:00,105.33954732100028,0.03751982199901249,OK,,True,2799,0.349875,
85b4985b8d1f4a73a18432c400a3e636,107,2026-10-03T17:19:34.015809+07:00,106.11031963099958,106.11031963099958,MONITOR,2512.1954486259992,0.9999196529988694,0.251910435001264,0.00010172099973715376,DISABLED,on,user_reported,36.59029006958008,54.719722747802734,1007.227109375,98178.328125,True,True,True,176,0,0,109,178,101,2026-10-03T17:19:34.015880+07:00,106.11039972300023,0.18581638400064548,OK,,True,2026-10-03T17:19:34.201708+07:00,106.29622458800077,0.03315376499995182,OK,,True,1546,0.19325,,2026-10-03T17:19:34.234865+07:00,106.32938242700038,0.03283919400018931,OK,,True,2800,0.35000000000000003,
85b4985b8d1f4a73a18432c400a3e636,108,2026-10-03T17:19:35.015790+07:00,107.11030095100068,107.11030095100068,MONITOR,2513.1954299460003,0.9999813200010976,0.25176045399894065,8.304100083478261e-05,DISABLED,on,user_reported,36.581993103027344,54.71209716796875,1007.18625,98234.84375,True,True,True,176,0,0,109,178,101,2026-10-03T17:19:35.015864+07:00,107.11038343200016,0.1858242540001811,OK,,True,2026-10-03T17:19:35.201700+07:00,107.29621625999971,0.03299174800122273,OK,,True,1544,0.193,,2026-10-03T17:19:35.234693+07:00,107.32921161900049,0.032841285999893444,OK,,True,2801,0.350125,
85b4985b8d1f4a73a18432c400a3e636,109,2026-10-03T17:19:36.015799+07:00,108.11030725300043,108.11030725300043,MONITOR,2514.195436248,1.000006301999747,0.25175745399974403,8.934300058172084e-05,DISABLED,on,user_reported,36.57880401611328,54.71162033081055,1007.249375,98404.765625,True,True,True,176,0,0,109,178,101,2026-10-03T17:19:36.015882+07:00,108.11040143699938,0.1858262730002025,OK,,True,2026-10-03T17:19:36.201720+07:00,108.29623574700054,0.03296700799910468,OK,,True,1547,0.193375,,2026-10-03T17:19:36.234686+07:00,108.3292054579997,0.03284978699957719,OK,,True,2796,0.34950000000000003,
85b4985b8d1f4a73a18432c400a3e636,110,2026-10-03T17:19:37.015792+07:00,109.11030283299988,109.11030283299988,MONITOR,2515.1954318279995,0.9999955799994495,0.2518700090004131,8.492300003126729e-05,DISABLED,on,user_reported,36.57880401611328,54.71800994873047,1007.1809375,98234.84375,True,True,True,176,0,0,109,178,101,2026-10-03T17:19:37.015868+07:00,109.11038759099938,0.18582755100032955,OK,,True,2026-10-03T17:19:37.201708+07:00,109.29622403100075,0.03305491399987659,OK,,True,1536,0.192,,2026-10-03T17:19:37.234767+07:00,109.3292840009999,0.03287954500046908,OK,,True,2794,0.34925,
85b4985b8d1f4a73a18432c400a3e636,111,2026-10-03T17:19:38.015796+07:00,110.11030624699924,110.11030624699924,MONITOR,2516.195435241999,1.0000034139993659,0.25171452900031,8.833699939714279e-05,DISABLED,on,user_reported,36.579444885253906,54.698936462402344,1007.20265625,98065.5078125,True,True,True,176,0,0,109,178,101,2026-10-03T17:19:38.015869+07:00,110.11038835699947,0.1858238849999907,OK,,True,2026-10-03T17:19:38.201705+07:00,110.29622062999988,0.03295902699937869,OK,,True,1558,0.19475,,2026-10-03T17:19:38.234663+07:00,110.32918263800093,0.032829600999320974,OK,,True,2791,0.348875,
85b4985b8d1f4a73a18432c400a3e636,112,2026-10-03T17:19:39.015889+07:00,111.11038749399995,111.11038749399995,MONITOR,2517.1955164889996,1.0000812470007077,0.2632545830001618,0.00016958400010480545,DISABLED,on,user_reported,36.58327102661133,54.72507095336914,1007.16078125,98009.1875,True,True,True,176,0,0,109,179,101,2026-10-03T17:19:39.016039+07:00,111.11055767800099,0.19155996699919342,OK,,True,2026-10-03T17:19:39.207622+07:00,111.30213449599978,0.03485582600114867,OK,,True,1537,0.192125,,2026-10-03T17:19:39.242482+07:00,111.33699804400021,0.03662462600004801,OK,,True,2800,0.35000000000000003,
85b4985b8d1f4a73a18432c400a3e636,113,2026-10-03T17:19:40.015816+07:00,112.11032315000011,112.11032315000011,MONITOR,2518.1954521449998,0.9999356560001615,0.26210263000029954,0.00010524000026634894,DISABLED,on,user_reported,36.58454895019531,54.72526168823242,1007.2109375,98121.8828125,True,True,True,176,0,0,109,179,101,2026-10-03T17:19:40.015922+07:00,112.11044074200072,0.1911116929986747,OK,,True,2026-10-03T17:19:40.207056+07:00,112.30156819399963,0.03552704200046719,OK,,True,1556,0.1945,,2026-10-03T17:19:40.242588+07:00,112.33710442099982,0.03530198900079995,OK,,True,2811,0.351375,
85b4985b8d1f4a73a18432c400a3e636,114,2026-10-03T17:19:41.015832+07:00,113.1103388800002,113.1103388800002,MONITOR,2519.195467875,1.0000157300000865,0.2637319869991188,0.0001209700003528269,DISABLED,on,user_reported,36.58327102661133,54.71868133544922,1007.188203125,97952.9375,True,True,True,176,0,0,109,178,101,2026-10-03T17:19:41.015939+07:00,113.11045728700083,0.19114239599912253,OK,,True,2026-10-03T17:19:41.207103+07:00,113.30161516500084,0.0354169689999253,OK,,True,1551,0.193875,,2026-10-03T17:19:41.242524+07:00,113.33704076300091,0.03701028899922676,OK,,True,2798,0.34975,
85b4985b8d1f4a73a18432c400a3e636,115,2026-10-03T17:19:42.015829+07:00,114.11033385200062,114.11033385200062,MONITOR,2520.1954628470003,0.9999949720004224,0.2614026909996028,0.00011594200077524874,DISABLED,on,user_reported,36.587100982666016,54.719242095947266,1007.1328125,98009.1875,True,True,True,176,0,0,109,178,101,2026-10-03T17:19:42.015943+07:00,114.11046144300053,0.19129756199981784,OK,,True,2026-10-03T17:19:42.207265+07:00,114.30177619000096,0.03557124599865347,OK,,True,1568,0.196,,2026-10-03T17:19:42.242844+07:00,114.33735782499934,0.03436077400147042,OK,,True,2806,0.35075,
85b4985b8d1f4a73a18432c400a3e636,116,2026-10-03T17:19:43.015819+07:00,115.11032562000037,115.11032562000037,MONITOR,2521.195454615,0.9999917679997452,0.26188500199896225,0.00010771000052045565,DISABLED,on,user_reported,36.59029006958008,54.71333312988281,1007.17921875,98518.375,True,True,True,176,0,0,109,178,101,2026-10-03T17:19:43.015921+07:00,115.11044011900049,0.19101647199931904,OK,,True,2026-10-03T17:19:43.206961+07:00,115.30147294299968,0.03567798500080244,OK,,True,1561,0.195125,,2026-10-03T17:19:43.242645+07:00,115.33716061300038,0.035031453999181394,OK,,True,2803,0.350375,
85b4985b8d1f4a73a18432c400a3e636,117,2026-10-03T17:19:44.015807+07:00,116.11031633300081,116.11031633300081,MONITOR,2522.1954453280005,0.9999907130004431,0.251799547999326,9.842300096352119e-05,DISABLED,on,user_reported,36.58327102661133,54.69951629638672,1007.167734375,97952.9375,True,True,True,176,0,0,109,178,101,2026-10-03T17:19:44.015886+07:00,116.11040546200093,0.18582225599857338,OK,,True,2026-10-03T17:19:44.201720+07:00,116.29623630999959,0.033014118000210146,OK,,True,1550,0.19375,,2026-10-03T17:19:44.234736+07:00,116.32925372499994,0.032852767000804306,OK,,True,2794,0.34925,
85b4985b8d1f4a73a18432c400a3e636,118,2026-10-03T17:19:45.015791+07:00,117.11030152900094,117.11030152900094,MONITOR,2523.1954305240006,0.9999851960001251,0.2519163799988746,8.361900108866394e-05,DISABLED,on,user_reported,36.58454895019531,54.71247863769531,1007.19046875,98291.421875,True,True,True,176,0,0,109,178,101,2026-10-03T17:19:45.015866+07:00,117.11038536100023,0.1858324780005205,OK,,True,2026-10-03T17:19:45.201710+07:00,117.29622650500096,0.03313226599857444,OK,,True,1551,0.193875,,2026-10-03T17:19:45.234844+07:00,117.32936247500038,0.032847156000570976,OK,,True,2799,0.349875,
85b4985b8d1f4a73a18432c400a3e636,119,2026-10-03T17:19:46.015791+07:00,118.11030098400079,118.11030098400079,MONITOR,2524.1954299790004,0.9999994549998519,0.251733269999022,8.307400094054174e-05,DISABLED,on,user_reported,36.581993103027344,54.724876403808594,1007.097265625,98518.375,True,True,True,176,0,0,109,178,101,2026-10-03T17:19:46.015865+07:00,118.11038470499989,0.18582357000013872,OK,,True,2026-10-03T17:19:46.201700+07:00,118.29621599699931,0.03297561900035362,OK,,True,1545,0.193125,,2026-10-03T17:19:46.234676+07:00,118.32919457900061,0.03283106399976532,OK,,True,2792,0.34900000000000003,
85b4985b8d1f4a73a18432c400a3e636,120,2026-10-03T17:19:47.015835+07:00,119.11034178999944,119.11034178999944,MONITOR,2525.195470784999,1.0000408059986512,0.2522642120002274,0.00012387999959173612,DISABLED,on,user_reported,36.587738037109375,54.719337463378906,1007.202421875,98518.375,True,True,True,176,0,0,109,178,101,2026-10-03T17:19:47.015921+07:00,119.11044030800076,0.1858346069984691,OK,,True,2026-10-03T17:19:47.201768+07:00,119.2962838780004,0.03306028499901004,OK,,True,1550,0.19375,,2026-10-03T17:19:47.234830+07:00,119.32934810699953,0.03324604299996281,OK,,True,2793,0.349125,
85b4985b8d1f4a73a18432c400a3e636,121,2026-10-03T17:19:48.015828+07:00,120.11033639400011,120.11033639400011,MONITOR,2526.1954653889998,0.9999946040006762,0.2517754189993866,0.0001184840002679266,DISABLED,on,user_reported,36.58327102661133,54.72507095336914,1007.229296875,97672.640625,True,True,True,176,0,0,109,179,101,2026-10-03T17:19:48.015916+07:00,120.11043511599928,0.1858182370015129,OK,,True,2026-10-03T17:19:48.201746+07:00,120.29626100099995,0.03299369299929822,OK,,True,1539,0.192375,,2026-10-03T17:19:48.234739+07:00,120.3292582489994,0.03284524999980931,OK,,True,2794,0.34925,
85b4985b8d1f4a73a18432c400a3e636,122,2026-10-03T17:19:49.015828+07:00,121.11033481400045,121.11033481400045,MONITOR,2527.195463809,0.9999984200003382,0.25176408599872957,0.00011690400060615502,DISABLED,on,user_reported,36.586463928222656,54.719146728515625,1007.255,98121.8828125,True,True,True,176,0,0,109,178,101,2026-10-03T17:19:49.015913+07:00,121.11043279499972,0.1858194030010054,OK,,True,2026-10-03T17:19:49.201744+07:00,121.29626029099927,0.03299487799995404,OK,,True,1558,0.19475,,2026-10-03T17:19:49.234740+07:00,121.32925805800005,0.03283258299961744,OK,,True,2792,0.34900000000000003,
85b4985b8d1f4a73a18432c400a3e636,123,2026-10-03T17:19:50.015793+07:00,122.11030391900022,122.11030391900022,MONITOR,2528.195432914,0.9999691049997637,0.25199030700059666,8.600900036981329e-05,DISABLED,on,user_reported,36.588375091552734,54.7258186340332,1007.196484375,98178.328125,True,True,True,176,0,0,109,178,101,2026-10-03T17:19:50.015870+07:00,122.11038964100044,0.1858582179993391,OK,,True,2026-10-03T17:19:50.201743+07:00,122.29625765499986,0.03315828400081955,OK,,True,1551,0.193875,,2026-10-03T17:19:50.234901+07:00,122.3294192730009,0.03286534199833113,OK,,True,2793,0.349125,
85b4985b8d1f4a73a18432c400a3e636,124,2026-10-03T17:19:51.015824+07:00,123.11033080199923,123.11033080199923,MONITOR,2529.195459796999,1.000026882999009,0.25175740100166877,0.00011289199937891681,DISABLED,on,user_reported,36.586463928222656,54.719146728515625,1007.186640625,98348.0625,True,True,True,176,0,0,109,178,101,2026-10-03T17:19:51.015918+07:00,123.11043765300019,0.1858207189998211,OK,,True,2026-10-03T17:19:51.201751+07:00,123.29626670499965,0.03297461900001508,OK,,True,1554,0.19425,,2026-10-03T17:19:51.234725+07:00,123.32924439800081,0.03283532399836986,OK,,True,2788,0.34850000000000003,
85b4985b8d1f4a73a18432c400a3e636,125,2026-10-03T17:19:52.015843+07:00,124.1103493339997,124.1103493339997,MONITOR,2530.1954783289993,1.0000185320004675,0.25194654799997807,0.00013142399984644726,DISABLED,on,user_reported,36.589012145996094,54.70675277709961,1007.19765625,98009.1875,True,True,True,176,0,0,109,179,101,2026-10-03T17:19:52.015934+07:00,124.11045311099952,0.18584003300020413,OK,,True,2026-10-03T17:19:52.201788+07:00,124.29630283000006,0.03310722800051735,OK,,True,1550,0.19375,,2026-10-03T17:19:52.234898+07:00,124.3294150769998,0.0328711199999816,OK,,True,2789,0.348625,
85b4985b8d1f4a73a18432c400a3e636,126,2026-10-03T17:19:53.015794+07:00,125.11030371900051,125.11030371900051,MONITOR,2531.195432714,0.9999543850008195,0.251781992999895,8.580900066590402e-05,DISABLED,on,user_reported,36.5915641784668,54.70713424682617,1007.21546875,98178.328125,True,True,True,176,0,0,109,178,101,2026-10-03T17:19:53.015870+07:00,125.11038953299976,0.18583714400119788,OK,,True,2026-10-03T17:19:53.201721+07:00,125.29623608499969,0.032973785000649514,OK,,True,1551,0.193875,,2026-10-03T17:19:53.234694+07:00,125.32921331500074,0.03286336000019219,OK,,True,2797,0.349625,
85b4985b8d1f4a73a18432c400a3e636,127,2026-10-03T17:19:54.015872+07:00,126.11037389900048,126.11037389900048,MONITOR,2532.195502894,1.000070179999966,0.2621569639995869,0.00015598900063196197,DISABLED,on,user_reported,36.59667205810547,54.701499938964844,1007.175703125,98461.5390625,True,True,True,176,0,0,109,178,101,2026-10-03T17:19:54.016000+07:00,126.1105184349999,0.19127626699992106,OK,,True,2026-10-03T17:19:54.207300+07:00,126.30181181300031,0.03542615399965143,OK,,True,1529,0.19112500000000002,,2026-10-03T17:19:54.242729+07:00,126.33724604100098,0.03526487799899769,OK,,True,2807,0.350875,
85b4985b8d1f4a73a18432c400a3e636,128,2026-10-03T17:19:55.015840+07:00,127.11034547000054,127.11034547000054,MONITOR,2533.195474465,0.9999715710000601,0.26208677899921895,0.00012756000069202855,DISABLED,on,user_reported,36.589012145996094,54.70675277709961,1007.1771875,98065.5078125,True,True,True,176,0,0,109,178,101,2026-10-03T17:19:55.015954+07:00,127.11047241300002,0.19125150800027768,OK,,True,2026-10-03T17:19:55.207229+07:00,127.30174097599956,0.0354059880010027,OK,,True,1560,0.195,,2026-10-03T17:19:55.242638+07:00,127.33715474199926,0.03525802600051975,OK,,True,2799,0.349875,
85b4985b8d1f4a73a18432c400a3e636,129,2026-10-03T17:19:56.015890+07:00,128.11039029899985,128.11039029899985,MONITOR,2534.1955192939995,1.0000448289993074,0.2526266910008417,0.0001723889999993844,DISABLED,on,user_reported,36.59092712402344,54.69425582885742,1007.1665625,97896.75,True,True,True,176,0,0,109,179,101,2026-10-03T17:19:56.016022+07:00,128.11054051999963,0.18661543500093103,OK,,True,2026-10-03T17:19:56.202649+07:00,128.29716460300006,0.032951527000477654,OK,,True,1544,0.193,,2026-10-03T17:19:56.235601+07:00,128.3301195740005,0.03288800900008937,OK,,True,2797,0.349625,
85b4985b8d1f4a73a18432c400a3e636,130,2026-10-03T17:19:57.015801+07:00,129.11031005699988,129.11031005699988,MONITOR,2535.1954390519995,0.9999197580000327,0.2520515100004559,9.214700003212783e-05,DISABLED,on,user_reported,36.589012145996094,54.687591552734375,1007.13609375,98291.421875,True,True,True,176,0,0,109,178,101,2026-10-03T17:19:57.015886+07:00,129.110405722,0.18582786799925088,OK,,True,2026-10-03T17:19:57.201726+07:00,129.29624216400043,0.033247080000364804,OK,,True,1549,0.193625,,2026-10-03T17:19:57.234974+07:00,129.32949305799957,0.03285867600061465,OK,,True,2790,0.34875,
85b4985b8d1f4a73a18432c400a3e636,131,2026-10-03T17:19:58.015911+07:00,130.11039562800033,130.11039562800033,MONITOR,2536.195524623,1.0000855710004544,0.252075361999232,0.0001777180004864931,DISABLED,on,user_reported,36.58454895019531,54.686927795410156,1007.18359375,98291.421875,True,True,True,176,0,0,109,178,101,2026-10-03T17:19:58.016139+07:00,130.11065564400087,0.18595073699907516,OK,,True,2026-10-03T17:19:58.202100+07:00,130.29661554800077,0.033002266000039526,OK,,True,1555,0.194375,,2026-10-03T17:19:58.235103+07:00,130.32962146300088,0.03283998999904725,OK,,True,2794,0.34925,
85b4985b8d1f4a73a18432c400a3e636,132,2026-10-03T17:19:59.015821+07:00,131.11032962600075,131.11032962600075,MONITOR,2537.1954586210004,0.9999339980004152,0.2517809019991546,0.00011171600090165157,DISABLED,on,user_reported,36.580718994140625,54.68635177612305,1007.136171875,98178.328125,True,True,True,176,0,0,109,178,101,2026-10-03T17:19:59.015906+07:00,131.11042520000046,0.18582140400030767,OK,,True,2026-10-03T17:19:59.201740+07:00,131.29625541899986,0.03300319300069532,OK,,True,1544,0.193,,2026-10-03T17:19:59.234743+07:00,131.32926205600052,0.03283956499944907,OK,,True,2788,0.34850000000000003,
85b4985b8d1f4a73a18432c400a3e636,133,2026-10-03T17:20:00.015824+07:00,132.1103326070006,132.1103326070006,MONITOR,2538.1954616020003,1.0000029809998523,0.25177749399881577,0.0001146970007539494,DISABLED,on,user_reported,36.58582305908203,54.68711471557617,1007.13765625,97784.5703125,True,True,True,176,0,0,109,178,101,2026-10-03T17:20:00.015911+07:00,132.11043058699943,0.18582362699999067,OK,,True,2026-10-03T17:20:00.201747+07:00,132.2962628990008,0.032988637998641934,OK,,True,1546,0.19325,,2026-10-03T17:20:00.234736+07:00,132.32925531399997,0.03284532399993623,OK,,True,2793,0.349125,
85b4985b8d1f4a73a18432c400a3e636,134,2026-10-03T17:20:01.015862+07:00,133.1103661800007,133.1103661800007,MONITOR,2539.1954951750004,1.0000335730001098,0.2636474149985588,0.0001482700008637039,DISABLED,on,user_reported,36.581356048583984,54.69282913208008,1007.24,98009.1875,True,True,True,176,0,0,109,178,101,2026-10-03T17:20:01.015955+07:00,133.11047452999992,0.18976063199988857,OK,,True,2026-10-03T17:20:01.205739+07:00,133.30025097699945,0.03693714200016984,OK,,True,1558,0.19475,,2026-10-03T17:20:01.242679+07:00,133.33719584100072,0.0368000509988633,OK,,True,2794,0.34925,
85b4985b8d1f4a73a18432c400a3e636,135,2026-10-03T17:20:02.016050+07:00,134.11054928900012,134.11054928900012,MONITOR,2540.1956782839998,1.0001831089994084,0.25350011000045924,0.0003313790002721362,DISABLED,on,user_reported,36.58518600463867,54.680633544921875,1007.26671875,98632.25,True,True,True,176,0,0,109,178,101,2026-10-03T17:20:02.016208+07:00,134.1107249910001,0.18744239199986623,OK,,True,2026-10-03T17:20:02.203661+07:00,134.2981767349993,0.032997007001540624,OK,,True,1554,0.19425,,2026-10-03T17:20:02.236659+07:00,134.33117709399994,0.032862213000043994,OK,,True,2792,0.34900000000000003,
85b4985b8d1f4a73a18432c400a3e636,136,2026-10-03T17:20:03.015825+07:00,135.11033373499959,135.11033373499959,MONITOR,2541.1954627299992,0.9997844459994667,0.2521498440000869,0.00011582499973883387,DISABLED,on,user_reported,36.588375091552734,54.68748474121094,1007.196484375,98575.28125,True,True,True,176,0,0,109,179,101,2026-10-03T17:20:03.015906+07:00,135.11042532700048,0.18596470000011323,OK,,True,2026-10-03T17:20:03.201884+07:00,135.2963996010003,0.03323578399977123,OK,,True,1553,0.194125,,2026-10-03T17:20:03.235121+07:00,135.32963884799938,0.03283506400111946,OK,,True,2785,0.348125,
85b4985b8d1f4a73a18432c400a3e636,137,2026-10-03T17:20:04.015799+07:00,136.11030769900026,136.11030769900026,MONITOR,2542.195436694,0.9999739640006737,0.2519755119992624,8.978900041256566e-05,DISABLED,on,user_reported,36.5915641784668,54.68796157836914,1007.2428125,98234.84375,True,True,True,176,0,0,109,178,101,2026-10-03T17:20:04.015879+07:00,136.11039866099964,0.18584518300122,OK,,True,2026-10-03T17:20:04.201738+07:00,136.2962532140009,0.03315615499923297,OK,,True,1550,0.19375,,2026-10-03T17:20:04.234899+07:00,136.32941457199922,0.032859398001164664,OK,,True,2789,0.348625,
85b4985b8d1f4a73a18432c400a3e636,138,2026-10-03T17:20:05.015800+07:00,137.11030895899967,137.11030895899967,MONITOR,2543.1954379539993,1.000001259999408,0.2517888100010168,9.104899982048664e-05,DISABLED,on,user_reported,36.58263397216797,54.69301986694336,1007.200859375,98009.1875,True,True,True,176,0,0,109,178,101,2026-10-03T17:20:05.015879+07:00,137.1103983840003,0.18581844300024386,OK,,True,2026-10-03T17:20:05.201710+07:00,137.29622560400094,0.03304648899938911,OK,,True,1539,0.192375,,2026-10-03T17:20:05.234759+07:00,137.3292763339996,0.032812602001285995,OK,,True,2790,0.34875,
85b4985b8d1f4a73a18432c400a3e636,139,2026-10-03T17:20:06.015801+07:00,138.11030872000083,138.11030872000083,MONITOR,2544.1954377150005,0.9999997610011633,0.25247017499896174,9.081000098376535e-05,DISABLED,on,user_reported,36.59092712402344,54.70064926147461,1007.228125,97952.9375,True,True,True,176,0,0,109,178,101,2026-10-03T17:20:06.015881+07:00,138.1104007009999,0.18584908999946492,OK,,True,2026-10-03T17:20:06.201753+07:00,138.2962688459993,0.033623188001001836,OK,,True,1563,0.195375,,2026-10-03T17:20:06.235381+07:00,138.32989707100023,0.03287128699957975,OK,,True,2790,0.34875,
85b4985b8d1f4a73a18432c400a3e636,140,2026-10-03T17:20:07.015801+07:00,139.11030953699992,139.11030953699992,MONITOR,2545.1954385319996,1.0000008169990906,0.25948106100076984,9.162700007436797e-05,DISABLED,on,user_reported,36.59029006958008,54.662227630615234,1007.17234375,98461.5390625,True,True,True,176,0,0,109,178,101,2026-10-03T17:20:07.015881+07:00,139.11040055400008,0.18826495999928738,OK,,True,2026-10-03T17:20:07.204165+07:00,139.2986790140003,0.03561387499939883,OK,,True,1534,0.19175,,2026-10-03T17:20:07.239781+07:00,139.33429814800002,0.03547761700065166,OK,,True,2796,0.34950000000000003,
85b4985b8d1f4a73a18432c400a3e636,141,2026-10-03T17:20:08.015857+07:00,140.1103553720004,140.1103553720004,MONITOR,2546.195484367,1.000045835000492,0.2575674109993997,0.00013746200056630187,DISABLED,on,user_reported,36.587100982666016,54.67452621459961,1007.215,98121.8828125,True,True,True,176,0,0,109,178,101,2026-10-03T17:20:08.016010+07:00,140.11052788900088,0.19018033299835224,OK,,True,2026-10-03T17:20:08.206210+07:00,140.30072257400025,0.03433781099920452,OK,,True,1552,0.194,,2026-10-03T17:20:08.240549+07:00,140.33506553299958,0.032847861000846024,OK,,True,2791,0.348875,
85b4985b8d1f4a73a18432c400a3e636,142,2026-10-03T17:20:09.015812+07:00,141.11031959700085,141.11031959700085,MONITOR,2547.1954485920005,0.9999642250004399,0.25364961000013864,0.00010168700100621209,DISABLED,on,user_reported,36.59092712402344,54.67509078979492,1007.18015625,98121.8828125,True,True,True,176,0,0,109,178,101,2026-10-03T17:20:09.015892+07:00,141.1104120229993,0.18699254400053178,OK,,True,2026-10-03T17:20:09.202899+07:00,141.2974144559994,0.033645465000518016,OK,,True,1544,0.193,,2026-10-03T17:20:09.236550+07:00,141.33106595800018,0.0328928229992016,OK,,True,2788,0.34850000000000003,
85b4985b8d1f4a73a18432c400a3e636,143,2026-10-03T17:20:10.015793+07:00,142.1103017309997,142.1103017309997,MONITOR,2548.1954307259994,0.9999821339988557,0.25227908400120214,8.38209998619277e-05,DISABLED,on,user_reported,36.58390808105469,54.667659759521484,1007.13453125,97896.75,True,True,True,176,0,0,109,178,101,2026-10-03T17:20:10.015871+07:00,142.1103907479992,0.18588818300122512,OK,,True,2026-10-03T17:20:10.201773+07:00,142.29628867199972,0.033123746999990544,OK,,True,1546,0.19325,,2026-10-03T17:20:10.234901+07:00,142.32941743800075,0.03315059899978223,OK,,True,2788,0.34850000000000003,
85b4985b8d1f4a73a18432c400a3e636,144,2026-10-03T17:20:11.015805+07:00,143.11031314200045,143.11031314200045,MONITOR,2549.195442137,1.0000114110007416,0.2523435650000465,9.52320006035734e-05,DISABLED,on,user_reported,36.58454895019531,54.661376953125,1007.163046875,98065.5078125,True,True,True,176,0,0,109,178,101,2026-10-03T17:20:11.015884+07:00,143.11040377099926,0.18582505400081573,OK,,True,2026-10-03T17:20:11.201722+07:00,143.29623786100092,0.03331543199965381,OK,,True,1543,0.192875,,2026-10-03T17:20:11.235042+07:00,143.3295585699998,0.03308676699998614,OK,,True,2789,0.348625,
85b4985b8d1f4a73a18432c400a3e636,145,2026-10-03T17:20:12.015803+07:00,144.110312109,144.110312109,MONITOR,2550.1954411039997,0.9999989669995557,0.2538843309994263,9.419900015927851e-05,DISABLED,on,user_reported,36.580081939697266,54.66070556640625,1007.135234375,98121.8828125,True,True,True,176,0,0,109,178,101,2026-10-03T17:20:12.015881+07:00,144.11040060800042,0.18658634399980656,OK,,True,2026-10-03T17:20:12.202483+07:00,144.29699835999963,0.03426538600069762,OK,,True,1551,0.193875,,2026-10-03T17:20:12.236753+07:00,144.3312689129998,0.03291730400087545,OK,,True,2787,0.348375,
85b4985b8d1f4a73a18432c400a3e636,146,2026-10-03T17:20:13.015799+07:00,145.11030735500026,145.11030735500026,MONITOR,2551.19543635,0.9999952460002532,0.25673021399961726,8.944500041252468e-05,DISABLED,on,user_reported,36.58263397216797,54.66108703613281,1007.125625,98234.84375,True,True,True,176,0,0,109,178,101,2026-10-03T17:20:13.015879+07:00,145.11039837200042,0.18594920199939224,OK,,True,2026-10-03T17:20:13.201844+07:00,145.29635833300017,0.03391981499953545,OK,,True,1540,0.1925,,2026-10-03T17:20:13.235776+07:00,145.33028970300074,0.03672929200001818,OK,,True,2792,0.34900000000000003,
85b4985b8d1f4a73a18432c400a3e636,147,2026-10-03T17:20:14.015808+07:00,146.1103175999997,146.1103175999997,MONITOR,2552.1954465949993,1.0000102449994301,0.2538060360002419,9.968999984266702e-05,DISABLED,on,user_reported,36.580081939697266,54.654319763183594,1007.169453125,98178.328125,True,True,True,176,0,0,109,178,101,2026-10-03T17:20:14.015874+07:00,146.11039419200097,0.1858206099987001,OK,,True,2026-10-03T17:20:14.201708+07:00,146.29622308000035,0.03497121399959724,OK,,True,1552,0.194,,2026-10-03T17:20:14.236684+07:00,146.33119971999986,0.03291317500043078,OK,,True,2786,0.34825,
85b4985b8d1f4a73a18432c400a3e636,148,2026-10-03T17:20:15.015804+07:00,147.11031208799977,147.11031208799977,MONITOR,2553.1954410829994,0.999994488000084,0.25372620199959783,9.417799992661458e-05,DISABLED,on,user_reported,36.581356048583984,54.66089630126953,1007.2740625,98518.375,True,True,True,176,0,0,109,178,101,2026-10-03T17:20:15.015881+07:00,147.1104006429996,0.18749874400054978,OK,,True,2026-10-03T17:20:15.203390+07:00,147.29790679399957,0.03326039500097977,OK,,True,1541,0.192625,,2026-10-03T17:20:15.236656+07:00,147.33117220699933,0.03285684300135472,OK,,True,2791,0.348875,
85b4985b8d1f4a73a18432c400a3e636,149,2026-10-03T17:20:16.015837+07:00,148.11034372299946,148.11034372299946,MONITOR,2554.195472717999,1.0000316349996865,0.253745109999727,0.00012581299961311743,DISABLED,on,user_reported,36.58454895019531,54.65498733520508,1007.238359375,98009.1875,True,True,True,176,0,0,109,179,101,2026-10-03T17:20:16.015925+07:00,148.11044487099934,0.18623214299987012,OK,,True,2026-10-03T17:20:16.202173+07:00,148.29668814400065,0.03369277999991027,OK,,True,1526,0.19075,,2026-10-03T17:20:16.235875+07:00,148.3303898869999,0.03368672400029027,OK,,True,2768,0.34600000000000003,
85b4985b8d1f4a73a18432c400a3e636,150,2026-10-03T17:20:17.015805+07:00,149.11031378600092,149.11031378600092,MONITOR,2555.1954427810006,0.9999700630014559,0.25375646199972834,9.587600106897298e-05,DISABLED,on,user_reported,36.587738037109375,54.65545654296875,1007.209140625,99610.8984375,True,True,True,176,0,0,109,178,101,2026-10-03T17:20:17.015885+07:00,149.11040467400016,0.18586375800077803,OK,,True,2026-10-03T17:20:17.201760+07:00,149.29627572800018,0.03311747000043397,OK,,True,1559,0.194875,,2026-10-03T17:20:17.234882+07:00,149.3293982159994,0.03465958700144256,OK,,True,2776,0.34700000000000003,
85b4985b8d1f4a73a18432c400a3e636,151,2026-10-03T17:20:18.015806+07:00,150.11031481099963,150.11031481099963,MONITOR,2556.1954438059993,1.00000102499871,0.25571557600051165,9.690099977888167e-05,DISABLED,on,user_reported,36.586463928222656,54.65526580810547,1007.220859375,98461.5390625,True,True,True,176,0,0,109,178,101,2026-10-03T17:20:18.015886+07:00,150.1104058109995,0.18691189700075483,OK,,True,2026-10-03T17:20:18.202812+07:00,150.2973276520006,0.03504641799918318,OK,,True,1545,0.193125,,2026-10-03T17:20:18.237865+07:00,150.33238136600085,0.03363744699890958,OK,,True,2778,0.34725,
85b4985b8d1f4a73a18432c400a3e636,152,2026-10-03T17:20:19.015838+07:00,151.11033713399956,151.11033713399956,MONITOR,2557.195466128999,1.0000223229999392,0.270407621999766,0.00011922399971808773,DISABLED,on,user_reported,36.58965301513672,54.649356842041016,1007.219140625,98234.84375,True,True,True,176,0,0,109,178,101,2026-10-03T17:20:19.016003+07:00,151.1105207799992,0.19190207900101086,OK,,True,2026-10-03T17:20:19.207924+07:00,151.30243660000087,0.04278466799951275,OK,,True,1560,0.195,,2026-10-03T17:20:19.250723+07:00,151.34523460200035,0.035488171999531914,OK,,True,2791,0.348875,
85b4985b8d1f4a73a18432c400a3e636,153,2026-10-03T17:20:20.015856+07:00,152.11035449299925,152.11035449299925,MONITOR,2558.195483487999,1.0000173589996848,0.272191775000465,0.00013658299940288998,DISABLED,on,user_reported,36.58518600463867,54.6486930847168,1007.205078125,98746.3828125,True,True,True,176,0,0,109,178,101,2026-10-03T17:20:20.016020+07:00,152.11053775099936,0.19151350799984357,OK,,True,2026-10-03T17:20:20.207550+07:00,152.30206311099937,0.04491274400061229,OK,,True,1554,0.19425,,2026-10-03T17:20:20.252473+07:00,152.3469861880003,0.035538542999347555,OK,,True,2792,0.34900000000000003,
85b4985b8d1f4a73a18432c400a3e636,154,2026-10-03T17:20:21.015852+07:00,153.11035168700073,153.11035168700073,MONITOR,2559.1954806820004,0.9999971940014802,0.2601414279997698,0.0001337770008831285,DISABLED,on,user_reported,36.587738037109375,54.64906692504883,1007.18859375,98575.28125,True,True,True,176,0,0,109,178,101,2026-10-03T17:20:21.016014+07:00,153.1105321670002,0.19085806899965974,OK,,True,2026-10-03T17:20:21.206892+07:00,153.3014047910001,0.03446636700027739,OK,,True,1545,0.193125,,2026-10-03T17:20:21.241370+07:00,153.33588282399978,0.034556013999463175,OK,,True,2785,0.348125,
85b4985b8d1f4a73a18432c400a3e636,155,2026-10-03T17:20:22.015830+07:00,154.11033906600096,154.11033906600096,MONITOR,2560.1954680610006,0.9999873790002312,0.25391416499951447,0.00012115600111428648,DISABLED,on,user_reported,36.5915641784668,54.64964294433594,1007.167578125,98518.375,True,True,True,176,0,0,109,178,101,2026-10-03T17:20:22.015912+07:00,154.11043147300006,0.18580833300075028,OK,,True,2026-10-03T17:20:22.201731+07:00,154.29624702799993,0.03324476499983575,OK,,True,1557,0.194625,,2026-10-03T17:20:22.234982+07:00,154.32949773700057,0.0347118279987626,OK,,True,2775,0.346875,
85b4985b8d1f4a73a18432c400a3e636,156,2026-10-03T17:20:23.015819+07:00,155.1103274090001,155.1103274090001,MONITOR,2561.1954564039997,0.9999883429991314,0.2531941149991326,0.00010949900024570525,DISABLED,on,user_reported,36.581993103027344,54.64822006225586,1007.199921875,99032.8828125,True,True,True,176,0,0,109,178,101,2026-10-03T17:20:23.015901+07:00,155.11042042699955,0.18581044399979874,OK,,True,2026-10-03T17:20:23.201722+07:00,155.29623877800077,0.03417681300015829,OK,,True,1562,0.19525,,2026-10-03T17:20:23.235905+07:00,155.33042036900042,0.033088692000092124,OK,,True,2788,0.34850000000000003,
85b4985b8d1f4a73a18432c400a3e636,157,2026-10-03T17:20:24.015799+07:00,156.11030693700013,156.11030693700013,MONITOR,2562.195435932,0.9999795280000399,0.2522180500000104,8.902700028556865e-05,DISABLED,on,user_reported,36.586463928222656,54.642494201660156,1007.152421875,98518.375,True,True,True,176,0,0,109,178,101,2026-10-03T17:20:24.015883+07:00,156.1104023810003,0.18581625899969367,OK,,True,2026-10-03T17:20:24.201711+07:00,156.29622660300083,0.033029618998625665,OK,,True,1557,0.194625,,2026-10-03T17:20:24.234742+07:00,156.32926031399984,0.03324858000087261,OK,,True,2778,0.34725,
85b4985b8d1f4a73a18432c400a3e636,158,2026-10-03T17:20:25.015798+07:00,157.1103062250004,157.1103062250004,MONITOR,2563.19543522,0.9999992880002537,0.2520599769995897,8.83150005392963e-05,DISABLED,on,user_reported,36.588375091552734,54.64277267456055,1007.196484375,98803.546875,True,True,True,176,0,0,109,178,101,2026-10-03T17:20:25.015875+07:00,157.1103943729995,0.18582038800013834,OK,,True,2026-10-03T17:20:25.201706+07:00,157.2962223909999,0.03303482199953578,OK,,True,1550,0.19375,,2026-10-03T17:20:25.234743+07:00,157.32926093599963,0.033091172999775154,OK,,True,2781,0.347625,
85b4985b8d1f4a73a18432c400a3e636,159,2026-10-03T17:20:26.015802+07:00,158.1103104949998,158.1103104949998,MONITOR,2564.1954394899994,1.0000042699994083,0.2528200819997437,9.258499994757585e-05,DISABLED,on,user_reported,36.587100982666016,54.63620376586914,1007.160234375,98291.421875,True,True,True,176,0,0,109,178,101,2026-10-03T17:20:26.015885+07:00,158.11040442100057,0.18582053600039217,OK,,True,2026-10-03T17:20:26.201717+07:00,158.29623306800022,0.033328912999422755,OK,,True,1540,0.1925,,2026-10-03T17:20:26.235051+07:00,158.3295672589993,0.03354874400065455,OK,,True,2779,0.347375,
85b4985b8d1f4a73a18432c400a3e636,160,2026-10-03T17:20:27.015854+07:00,159.11035293200075,159.11035293200075,MONITOR,2565.1954819270004,1.0000424370009569,0.2643415799993818,0.00013502200090442784,DISABLED,on,user_reported,36.58390808105469,54.642112731933594,1007.120859375,98234.84375,True,True,True,176,0,0,109,178,101,2026-10-03T17:20:27.016001+07:00,159.11051870899973,0.19066866300090624,OK,,True,2026-10-03T17:20:27.206689+07:00,159.30120235399954,0.03757330400003411,OK,,True,1569,0.196125,,2026-10-03T17:20:27.244274+07:00,159.33878643500066,0.03588002200012852,OK,,True,2782,0.34775,
85b4985b8d1f4a73a18432c400a3e636,161,2026-10-03T17:20:28.015883+07:00,160.11038233200088,160.11038233200088,MONITOR,2566.1955113270005,1.0000294000001304,0.2707746389987733,0.00016442200103483628,DISABLED,on,user_reported,36.58965301513672,54.649356842041016,1007.20546875,98918.0859375,True,True,True,176,0,0,109,178,101,2026-10-03T17:20:28.016033+07:00,160.1105501639995,0.19178411800021422,OK,,True,2026-10-03T17:20:28.207835+07:00,160.302348782001,0.03547589499976311,OK,,True,1547,0.193375,,2026-10-03T17:20:28.243320+07:00,160.33783423299974,0.04329907200008165,OK,,True,2795,0.349375,
85b4985b8d1f4a73a18432c400a3e636,162,2026-10-03T17:20:29.015809+07:00,161.1103179189995,161.1103179189995,MONITOR,2567.195446913999,0.9999355869986175,0.251828108999689,0.00010000899965234566,DISABLED,on,user_reported,36.58965301513672,54.63658142089844,1007.26015625,98461.5390625,True,True,True,176,0,0,109,179,101,2026-10-03T17:20:29.015894+07:00,161.11041386299985,0.1858121109999047,OK,,True,2026-10-03T17:20:29.201718+07:00,161.2962341399998,0.033038990000932245,OK,,True,1539,0.192375,,2026-10-03T17:20:29.234759+07:00,161.32927716700033,0.032858915999895544,OK,,True,2782,0.34775,
85b4985b8d1f4a73a18432c400a3e636,163,2026-10-03T17:20:30.015798+07:00,162.11030763500094,162.11030763500094,MONITOR,2568.1954366300006,0.999989716001437,0.25202990399884584,8.97250010893913e-05,DISABLED,on,user_reported,36.59029006958008,54.649452209472656,1007.24078125,98803.546875,True,True,True,176,0,0,109,179,101,2026-10-03T17:20:30.015874+07:00,162.11039300499942,0.18582429600064643,OK,,True,2026-10-03T17:20:30.201709+07:00,162.29622463499982,0.03326596800070547,OK,,True,1547,0.193375,,2026-10-03T17:20:30.234977+07:00,162.3294947329996,0.0328331580003578,OK,,True,2783,0.347875,
85b4985b8d1f4a73a18432c400a3e636,164,2026-10-03T17:20:31.015803+07:00,163.1103110740005,163.1103110740005,MONITOR,2569.195440069,1.0000034389995562,0.2517963869995583,9.316400064562913e-05,DISABLED,on,user_reported,36.586463928222656,54.64888000488281,1007.234453125,98689.28125,True,True,True,176,0,0,109,178,101,2026-10-03T17:20:31.015891+07:00,163.1104106849998,0.18582274000073085,OK,,True,2026-10-03T17:20:31.201726+07:00,163.29624133300058,0.03302734099997906,OK,,True,1552,0.194,,2026-10-03T17:20:31.234755+07:00,163.3292725070005,0.03282389899868576,OK,,True,2781,0.347625,
85b4985b8d1f4a73a18432c400a3e636,165,2026-10-03T17:20:32.015799+07:00,164.1103089770004,164.1103089770004,MONITOR,2570.195437972,0.999997902999894,0.2519375890005904,9.106700053962413e-05,DISABLED,on,user_reported,36.586463928222656,54.62333297729492,1007.248203125,98918.0859375,True,True,True,176,0,0,109,178,101,2026-10-03T17:20:32.015869+07:00,164.1103885499997,0.18582803699973738,OK,,True,2026-10-03T17:20:32.201709+07:00,164.29622455000026,0.03313074799916649,OK,,True,1533,0.19162500000000002,,2026-10-03T17:20:32.234845+07:00,164.32936090899966,0.03287469400129339,OK,,True,2792,0.34900000000000003,
85b4985b8d1f4a73a18432c400a3e636,166,2026-10-03T17:20:33.015801+07:00,165.1103100269993,165.1103100269993,MONITOR,2571.195439021999,1.0000010499989003,0.25222386499990535,9.211699943989515e-05,DISABLED,on,user_reported,36.57752990722656,54.63478469848633,1007.199453125,99378.8828125,True,True,True,176,0,0,109,178,101,2026-10-03T17:20:33.015886+07:00,165.11040530399987,0.18582726000022376,OK,,True,2026-10-03T17:20:33.201725+07:00,165.29624032299944,0.033401394000975415,OK,,True,1545,0.193125,,2026-10-03T17:20:33.235131+07:00,165.32964699399963,0.03287604700017255,OK,,True,2788,0.34850000000000003,
85b4985b8d1f4a73a18432c400a3e636,167,2026-10-03T17:20:34.015813+07:00,166.1103211160007,166.1103211160007,MONITOR,2572.1954501110004,1.0000110890014184,0.2517769419991964,0.00010320600085833576,DISABLED,on,user_reported,36.58390808105469,54.629337310791016,1007.148203125,98689.28125,True,True,True,176,0,0,109,178,101,2026-10-03T17:20:34.015895+07:00,166.11041507799928,0.1858205740008998,OK,,True,2026-10-03T17:20:34.201728+07:00,166.29624374500054,0.033041766999303945,OK,,True,1546,0.19325,,2026-10-03T17:20:34.234772+07:00,166.3292895859995,0.03279865800141124,OK,,True,2783,0.347875,
85b4985b8d1f4a73a18432c400a3e636,168,2026-10-03T17:20:35.015798+07:00,167.11030820499946,167.11030820499946,MONITOR,2573.195437199999,0.9999870889987506,0.25179635000131384,9.029499960888643e-05,DISABLED,on,user_reported,36.58327102661133,54.63563919067383,1007.188203125,98803.546875,True,True,True,176,0,0,109,178,101,2026-10-03T17:20:35.015875+07:00,167.11039448200063,0.1858228519995464,OK,,True,2026-10-03T17:20:35.201709+07:00,167.29622461200051,0.03298056299900054,OK,,True,1540,0.1925,,2026-10-03T17:20:35.234691+07:00,167.3292091940002,0.03288534199964488,OK,,True,2780,0.34750000000000003,
85b4985b8d1f4a73a18432c400a3e636,169,2026-10-03T17:20:36.015800+07:00,168.11030825700072,168.11030825700072,MONITOR,2574.1954372520004,1.000000052001269,0.25205058899882715,9.0347000877955e-05,DISABLED,on,user_reported,36.58454895019531,54.62305450439453,1007.204140625,99090.3828125,True,True,True,176,0,0,109,178,101,2026-10-03T17:20:36.015884+07:00,168.11040373700052,0.18582405599954654,OK,,True,2026-10-03T17:20:36.201720+07:00,168.29623586699927,0.033257229000810185,OK,,True,1558,0.19475,,2026-10-03T17:20:36.234980+07:00,168.32949742900018,0.03285028699974646,OK,,True,2778,0.34725,
85b4985b8d1f4a73a18432c400a3e636,170,2026-10-03T17:20:37.015798+07:00,169.11030869800015,169.11030869800015,MONITOR,2575.195437693,1.000000440999429,0.2518774609998218,9.078800030692946e-05,DISABLED,on,user_reported,36.58518600463867,54.62953186035156,1007.1709375,98689.28125,True,True,True,176,0,0,109,178,101,2026-10-03T17:20:37.015866+07:00,169.11038564199953,0.18582622299982177,OK,,True,2026-10-03T17:20:37.201702+07:00,169.2962187539997,0.033055470001272624,OK,,True,1546,0.19325,,2026-10-03T17:20:37.234762+07:00,169.32927883500088,0.03289610199863091,OK,,True,2785,0.348125,
85b4985b8d1f4a73a18432c400a3e636,171,2026-10-03T17:20:38.015835+07:00,170.11034182500043,170.11034182500043,MONITOR,2576.19547082,1.000033127000279,0.2518185539993283,0.00012391500058583915,DISABLED,on,user_reported,36.589012145996094,54.63649368286133,1007.13609375,98404.765625,True,True,True,176,0,0,109,179,101,2026-10-03T17:20:38.015920+07:00,170.11043949099985,0.18582581500049855,OK,,True,2026-10-03T17:20:38.201758+07:00,170.29627328800052,0.032974137999190134,OK,,True,1558,0.19475,,2026-10-03T17:20:38.234731+07:00,170.32925022199925,0.03289939800015418,OK,,True,2781,0.347625,
85b4985b8d1f4a73a18432c400a3e636,172,2026-10-03T17:20:39.015939+07:00,171.1104342109993,171.1104342109993,MONITOR,2577.195563205999,1.0000923859988688,0.262754039000356,0.00021630099945468828,DISABLED,on,user_reported,36.595394134521484,54.61827850341797,1007.132734375,98632.25,True,True,True,176,0,0,109,178,101,2026-10-03T17:20:39.016111+07:00,171.11062880200006,0.19180352600051265,OK,,True,2026-10-03T17:20:39.207936+07:00,171.30244869799935,0.035481210999932955,OK,,True,1552,0.194,,2026-10-03T17:20:39.243425+07:00,171.33793937200062,0.035226952999437344,OK,,True,2780,0.34750000000000003,
85b4985b8d1f4a73a18432c400a3e636,173,2026-10-03T17:20:40.015858+07:00,172.11035954399995,172.11035954399995,MONITOR,2578.1954885389996,0.9999253330006468,0.2625744110009691,0.00014163400010147598,DISABLED,on,user_reported,36.59284210205078,54.62428283691406,1007.12859375,98518.375,True,True,True,176,0,0,109,178,101,2026-10-03T17:20:40.015998+07:00,172.11051513500024,0.191758488999767,OK,,True,2026-10-03T17:20:40.207775+07:00,172.30228803200043,0.035424894998868695,OK,,True,1520,0.19,,2026-10-03T17:20:40.243207+07:00,172.33772202,0.03519089799920039,OK,,True,2785,0.348125,
85b4985b8d1f4a73a18432c400a3e636,174,2026-10-03T17:20:41.015859+07:00,173.11035969099976,173.11035969099976,MONITOR,2579.1954886859994,1.0000001469998097,0.26430613699994865,0.00014178099991113413,DISABLED,on,user_reported,36.592201232910156,54.6177978515625,1007.182265625,98575.28125,True,True,True,176,0,0,109,178,101,2026-10-03T17:20:41.016002+07:00,173.11052063399984,0.19067103499946825,OK,,True,2026-10-03T17:20:41.206693+07:00,173.3012064279992,0.03680660700047156,OK,,True,1543,0.192875,,2026-10-03T17:20:41.243507+07:00,173.33802201599974,0.03662403499947686,OK,,True,2781,0.347625,
85b4985b8d1f4a73a18432c400a3e636,175,2026-10-03T17:20:42.015843+07:00,174.1103444119999,174.1103444119999,MONITOR,2580.1954734069996,0.9999847210001462,0.2638546050002333,0.00012650200005737133,DISABLED,on,user_reported,36.59029006958008,54.62390899658203,1007.24078125,98291.421875,True,True,True,176,0,0,109,178,101,2026-10-03T17:20:42.015981+07:00,174.11049870699935,0.19178336000004492,OK,,True,2026-10-03T17:20:42.207788+07:00,174.30230001100063,0.03647288799948001,OK,,True,1555,0.194375,,2026-10-03T17:20:42.244272+07:00,174.33878458400068,0.03539424799964763,OK,,True,2784,0.34800000000000003,
85b4985b8d1f4a73a18432c400a3e636,176,2026-10-03T17:20:43.015846+07:00,175.1103530420005,175.1103530420005,MONITOR,2581.195482037,1.0000086300005933,0.25213429299947165,0.00013513200065062847,DISABLED,on,user_reported,36.586463928222656,54.61695098876953,1007.26875,99147.9453125,True,True,True,176,0,0,109,178,101,2026-10-03T17:20:43.015933+07:00,175.11045217100036,0.18582211200009624,OK,,True,2026-10-03T17:20:43.201766+07:00,175.29628209700059,0.033220580999113736,OK,,True,1557,0.194625,,2026-10-03T17:20:43.234991+07:00,175.32950715900006,0.03296843499992974,OK,,True,2780,0.34750000000000003,
85b4985b8d1f4a73a18432c400a3e636,177,2026-10-03T17:20:44.015807+07:00,176.11031761599952,176.11031761599952,MONITOR,2582.195446610999,0.9999645739990228,0.2517248149997613,9.970599967346061e-05,DISABLED,on,user_reported,36.58390808105469,54.61017990112305,1007.223515625,98291.421875,True,True,True,176,0,0,109,179,101,2026-10-03T17:20:44.015875+07:00,176.1103938010001,0.18582811200030847,OK,,True,2026-10-03T17:20:44.201714+07:00,176.2962293569999,0.03295056500064675,OK,,True,1553,0.194125,,2026-10-03T17:20:44.234664+07:00,176.3291829030004,0.03284980599892151,OK,,True,2778,0.34725,
85b4985b8d1f4a73a18432c400a3e636,178,2026-10-03T17:20:45.015798+07:00,177.1103070980007,177.1103070980007,MONITOR,2583.1954360930004,0.9999894820011832,0.25176992599881487,8.91880008566659e-05,DISABLED,on,user_reported,36.58582305908203,54.62963104248047,1007.2403125,99378.8828125,True,True,True,176,0,0,109,178,101,2026-10-03T17:20:45.015879+07:00,177.11039850499947,0.18581700100003218,OK,,True,2026-10-03T17:20:45.201706+07:00,177.29622259899952,0.03297186000054353,OK,,True,1545,0.193125,,2026-10-03T17:20:45.234679+07:00,177.3291977000008,0.03287000899945269,OK,,True,2782,0.34775,
85b4985b8d1f4a73a18432c400a3e636,179,2026-10-03T17:20:46.015799+07:00,178.11030930299967,178.11030930299967,MONITOR,2584.1954382979993,1.0000022049989639,0.2517620550006541,9.139299982052762e-05,DISABLED,on,user_reported,36.58965301513672,54.63019561767578,1007.20546875,98918.0859375,True,True,True,176,0,0,109,178,101,2026-10-03T17:20:46.015865+07:00,178.11038502500014,0.18582731599963154,OK,,True,2026-10-03T17:20:46.201703+07:00,178.2962190069993,0.032975250000163214,OK,,True,1555,0.194375,,2026-10-03T17:20:46.234678+07:00,178.32919705300083,0.032865175999177154,OK,,True,2784,0.34800000000000003,
85b4985b8d1f4a73a18432c400a3e636,180,2026-10-03T17:20:47.015833+07:00,179.11033963800037,179.11033963800037,MONITOR,2585.195468633,1.0000303350007016,0.2519792389994109,0.00012172800052212551,DISABLED,on,user_reported,36.59284210205078,54.62428283691406,1007.196953125,99263.28125,True,True,True,176,0,0,109,178,101,2026-10-03T17:20:47.015918+07:00,179.1104377850006,0.18591690799985372,OK,,True,2026-10-03T17:20:47.201848+07:00,179.29636361899975,0.03302576700116333,OK,,True,1541,0.192625,,2026-10-03T17:20:47.234875+07:00,179.32939303400053,0.032914916999288835,OK,,True,2775,0.346875,
85b4985b8d1f4a73a18432c400a3e636,181,2026-10-03T17:20:48.015800+07:00,180.11030915800075,180.11030915800075,MONITOR,2586.1954381530004,0.9999695200003771,0.25178461099858396,9.124800089921337e-05,DISABLED,on,user_reported,36.588375091552734,54.61722946166992,1007.1759375,98746.3828125,True,True,True,176,0,0,109,178,101,2026-10-03T17:20:48.015879+07:00,180.11039893499947,0.18581570500100497,OK,,True,2026-10-03T17:20:48.201705+07:00,180.29622141800064,0.032962620000034804,OK,,True,1556,0.1945,,2026-10-03T17:20:48.234668+07:00,180.32918726000025,0.03289676900021732,OK,,True,2778,0.34725,
85b4985b8d1f4a73a18432c400a3e636,182,2026-10-03T17:20:49.015799+07:00,181.1103080869998,181.1103080869998,MONITOR,2587.1954370819994,0.9999989289990481,0.2521756070000265,9.0176999947289e-05,DISABLED,on,user_reported,36.594120025634766,54.62447738647461,1007.171640625,98975.453125,True,True,True,176,0,0,109,178,101,2026-10-03T17:20:49.015883+07:00,181.1104024010001,0.18582672299999103,OK,,True,2026-10-03T17:20:49.201723+07:00,181.29623847599942,0.03328317300110939,OK,,True,1538,0.19225,,2026-10-03T17:20:49.235009+07:00,181.32952642700002,0.032946507999440655,OK,,True,2782,0.34775,
85b4985b8d1f4a73a18432c400a3e636,183,2026-10-03T17:20:50.015800+07:00,182.11030916299933,182.11030916299933,MONITOR,2588.195438157999,1.0000010759995348,0.2517062420010916,9.125299948209431e-05,DISABLED,on,user_reported,36.5915641784668,54.60493850708008,1007.174375,98803.546875,True,True,True,176,0,0,109,178,101,2026-10-03T17:20:50.015879+07:00,182.11039862600046,0.18581720499969379,OK,,True,2026-10-03T17:20:50.201707+07:00,182.29622303500037,0.03294410099988454,OK,,True,1547,0.193375,,2026-10-03T17:20:50.234651+07:00,182.32916974699947,0.032837288001246634,OK,,True,2779,0.347375,
85b4985b8d1f4a73a18432c400a3e636,184,2026-10-03T17:20:51.015793+07:00,183.11030209300043,183.11030209300043,MONITOR,2589.195431088,0.999992930001099,0.251732925999022,8.418300058110617e-05,DISABLED,on,user_reported,36.59347915649414,54.61160659790039,1007.21171875,99090.3828125,True,True,True,176,0,0,109,178,101,2026-10-03T17:20:51.015871+07:00,183.11039014699963,0.18581720600013796,OK,,True,2026-10-03T17:20:51.201698+07:00,183.29621379700075,0.03296376799880818,OK,,True,1553,0.194125,,2026-10-03T17:20:51.234661+07:00,183.3291805099998,0.032845675999851665,OK,,True,2780,0.34750000000000003,
85b4985b8d1f4a73a18432c400a3e636,185,2026-10-03T17:20:52.015795+07:00,184.11030326299988,184.11030326299988,MONITOR,2590.1954322579995,1.0000011699994502,0.2518311479998374,8.535300003131852e-05,DISABLED,on,user_reported,36.59347915649414,54.61160659790039,1007.170703125,99032.8828125,True,True,True,176,0,0,109,178,101,2026-10-03T17:20:52.015880+07:00,184.11039963199983,0.18581822399937664,OK,,True,2026-10-03T17:20:52.201710+07:00,184.29622583799937,0.032998138000039035,OK,,True,1543,0.192875,,2026-10-03T17:20:52.234709+07:00,184.32922751300066,0.0328975279990118,OK,,True,2771,0.346375,
85b4985b8d1f4a73a18432c400a3e636,186,2026-10-03T17:20:53.015827+07:00,185.11032800700013,185.11032800700013,MONITOR,2591.195457002,1.0000247440002568,0.26152786599959654,0.00011009700028807856,DISABLED,on,user_reported,36.594757080078125,54.61179733276367,1007.213828125,98803.546875,True,True,True,176,0,0,109,178,101,2026-10-03T17:20:53.015962+07:00,185.1104803950002,0.1922833009994065,OK,,True,2026-10-03T17:20:53.208267+07:00,185.30277945499984,0.03470573500089813,OK,,True,1546,0.19325,,2026-10-03T17:20:53.242988+07:00,185.33749859800082,0.03433025699996506,OK,,True,2775,0.346875,
85b4985b8d1f4a73a18432c400a3e636,187,2026-10-03T17:20:54.015833+07:00,186.1103410300002,186.1103410300002,MONITOR,2592.195470025,1.000013023000065,0.2520007210005133,0.00012312000035308301,DISABLED,on,user_reported,36.58965301513672,54.604652404785156,1007.14390625,99205.578125,True,True,True,176,0,0,109,178,101,2026-10-03T17:20:54.015919+07:00,186.11043912199966,0.1858121690002008,OK,,True,2026-10-03T17:20:54.201744+07:00,186.2962596239995,0.03318919200137316,OK,,True,1555,0.194375,,2026-10-03T17:20:54.234937+07:00,186.32945381600075,0.03287728699979198,OK,,True,2777,0.347125,
85b4985b8d1f4a73a18432c400a3e636,188,2026-10-03T17:20:55.015795+07:00,187.11030336899967,187.11030336899967,MONITOR,2593.1954323639993,0.9999623389994667,0.25200309100000595,8.545899981982075e-05,DISABLED,on,user_reported,36.58518600463867,54.61676025390625,1007.191484375,98518.375,True,True,True,176,0,0,109,178,101,2026-10-03T17:20:55.015874+07:00,187.1103933129998,0.18581179800094105,OK,,True,2026-10-03T17:20:55.201696+07:00,187.2962119999993,0.03320335800162866,OK,,True,1561,0.195125,,2026-10-03T17:20:55.234900+07:00,187.32941867299996,0.03287849099979212,OK,,True,2780,0.34750000000000003,
85b4985b8d1f4a73a18432c400a3e636,189,2026-10-03T17:20:56.015793+07:00,188.11030141099945,188.11030141099945,MONITOR,2594.195430405999,0.9999980419997883,0.2517027980011335,8.350099960807711e-05,DISABLED,on,user_reported,36.58518600463867,54.62314987182617,1007.2871875,99321.046875,True,True,True,176,0,0,109,178,101,2026-10-03T17:20:56.015877+07:00,188.11039622499993,0.1858098169996083,OK,,True,2026-10-03T17:20:56.201696+07:00,188.29621239399967,0.03294830500090029,OK,,True,1551,0.193875,,2026-10-03T17:20:56.234645+07:00,188.32916379199924,0.0328310840013728,OK,,True,2779,0.347375,
85b4985b8d1f4a73a18432c400a3e636,190,2026-10-03T17:20:57.015821+07:00,189.1103292129992,189.1103292129992,MONITOR,2595.195458207999,1.0000278019997495,0.25180063100015104,0.00011130299935757648,DISABLED,on,user_reported,36.58454895019531,54.63582992553711,1007.231484375,98860.78125,True,True,True,176,0,0,109,178,101,2026-10-03T17:20:57.015902+07:00,189.11042134200034,0.1858104099992488,OK,,True,2026-10-03T17:20:57.201724+07:00,189.29624004800098,0.0330180079999991,OK,,True,1557,0.194625,,2026-10-03T17:20:57.234744+07:00,189.3292621670007,0.03285782499915513,OK,,True,2780,0.34750000000000003,
85b4985b8d1f4a73a18432c400a3e636,191,2026-10-03T17:20:58.015802+07:00,190.11030884899992,0.46475265200024296,BASELINE,2596.1954378439996,0.9999796360007167,0.2517387419993611,9.093900007428601e-05,DISABLED,on,user_reported,36.587738037109375,54.61713409423828,1007.284375,98746.3828125,True,True,True,176,0,0,109,178,101,2026-10-03T17:20:58.015886+07:00,190.11040564500036,0.1858047429996077,OK,,True,2026-10-03T17:20:58.201702+07:00,190.2962176660003,0.03294532300060382,OK,,True,1556,0.1945,,2026-10-03T17:20:58.234646+07:00,190.32916548899993,0.03287134300080652,OK,,True,2775,0.346875,
85b4985b8d1f4a73a18432c400a3e636,192,2026-10-03T17:20:59.015900+07:00,191.1104016879999,1.4648454910002329,BASELINE,2597.1955306829996,1.00009283899999,0.25208835100056604,0.0001837780000641942,DISABLED,on,user_reported,36.587738037109375,54.61713409423828,1007.21609375,99032.8828125,True,True,True,176,0,0,109,178,101,2026-10-03T17:20:59.016026+07:00,191.11054466899986,0.18588246400031494,OK,,True,2026-10-03T17:20:59.201921+07:00,191.29643615200075,0.03323954400002549,OK,,True,1548,0.1935,,2026-10-03T17:20:59.235161+07:00,191.3296795469996,0.032800807000967325,OK,,True,2779,0.347375,
85b4985b8d1f4a73a18432c400a3e636,193,2026-10-03T17:21:00.015829+07:00,192.1103364369992,2.464780239999527,BASELINE,2598.195465431999,0.9999347489992942,0.25196098100059316,0.00011852699935843702,DISABLED,on,user_reported,36.587100982666016,54.6425895690918,1007.23546875,99032.8828125,True,True,True,176,0,0,109,178,101,2026-10-03T17:21:00.015918+07:00,192.11043723200055,0.18581946599988441,OK,,True,2026-10-03T17:21:00.201750+07:00,192.2962655680003,0.0330016190000606,OK,,True,1548,0.1935,,2026-10-03T17:21:00.234752+07:00,192.32927068699973,0.033016231000146945,OK,,True,2778,0.34725,
85b4985b8d1f4a73a18432c400a3e636,194,2026-10-03T17:21:01.015799+07:00,193.11030807399948,3.4647518769997987,BASELINE,2599.195437068999,0.9999716370002716,0.2518174270007876,9.016399963002186e-05,DISABLED,on,user_reported,36.58327102661133,54.64202880859375,1007.16078125,98348.0625,True,True,True,176,0,0,109,178,101,2026-10-03T17:21:01.015880+07:00,193.11039925799923,0.18588429900046322,OK,,True,2026-10-03T17:21:01.201774+07:00,193.29629055700025,0.032940601000518654,OK,,True,1546,0.19325,,2026-10-03T17:21:01.234715+07:00,193.32923393599958,0.03288191700085008,OK,,True,2776,0.34700000000000003,
85b4985b8d1f4a73a18432c400a3e636,195,2026-10-03T17:21:02.015802+07:00,194.11031047100005,4.46475427400037,BASELINE,2600.1954394659997,1.0000023970005714,0.25190161099999386,9.256100020138547e-05,DISABLED,on,user_reported,36.58327102661133,54.62925338745117,1007.174453125,99378.8828125,True,True,True,176,0,0,109,178,101,2026-10-03T17:21:02.015882+07:00,194.11040198800038,0.18583170700003393,OK,,True,2026-10-03T17:21:02.201727+07:00,194.29624271300054,0.03306650800004718,OK,,True,1532,0.1915,,2026-10-03T17:21:02.234796+07:00,194.3293128690002,0.03288867599985679,OK,,True,2781,0.347625,
85b4985b8d1f4a73a18432c400a3e636,196,2026-10-03T17:21:03.015801+07:00,195.11030949700034,5.464753300000666,BASELINE,2601.195438492,0.999999026000296,0.2517588539994904,9.1587000497384e-05,DISABLED,on,user_reported,36.586463928222656,54.6361083984375,1007.2003125,98746.3828125,True,True,True,176,0,0,109,178,101,2026-10-03T17:21:03.015880+07:00,195.11039953399995,0.18580953899981978,OK,,True,2026-10-03T17:21:03.201699+07:00,195.29621561000022,0.033022175999576575,OK,,True,1547,0.193375,,2026-10-03T17:21:03.234723+07:00,195.32924152600026,0.032819046999065904,OK,,True,2778,0.34725,
85b4985b8d1f4a73a18432c400a3e636,197,2026-10-03T17:21:04.015946+07:00,196.1104414679994,6.46488527099973,BASELINE,2602.195570462999,1.000131970999064,0.253454044001046,0.00022355799956130795,DISABLED,on,user_reported,36.58327102661133,54.62287139892578,1007.188203125,98632.25,True,True,True,176,0,0,109,178,101,2026-10-03T17:21:04.016110+07:00,196.1106282439996,0.1865210340001795,OK,,True,2026-10-03T17:21:04.202643+07:00,196.29715927799953,0.033828539000751334,OK,,True,1533,0.19162500000000002,,2026-10-03T17:21:04.236477+07:00,196.33099361300083,0.032891212998947594,OK,,True,2775,0.346875,
85b4985b8d1f4a73a18432c400a3e636,198,2026-10-03T17:21:05.015803+07:00,197.1103107380004,7.46475454100073,BASELINE,2603.195439733,0.9998692700009997,0.2530777310003032,9.282800056098495e-05,DISABLED,on,user_reported,36.58327102661133,54.64202880859375,1007.167734375,98632.25,True,True,True,176,0,0,109,178,101,2026-10-03T17:21:05.015886+07:00,197.11040549599966,0.1858055949996924,OK,,True,2026-10-03T17:21:05.201702+07:00,197.29621805399984,0.03326515499975358,OK,,True,1552,0.194,,2026-10-03T17:21:05.234969+07:00,197.32948713500082,0.033889148999151075,OK,,True,2779,0.347375,
85b4985b8d1f4a73a18432c400a3e636,199,2026-10-03T17:21:06.015809+07:00,198.1103166360008,8.464760439001111,BASELINE,2604.1954456310004,1.0000058980003814,0.25168918799863604,9.872600094240624e-05,DISABLED,on,user_reported,36.580081939697266,54.64793014526367,1007.162578125,98975.453125,True,True,True,176,0,0,109,178,101,2026-10-03T17:21:06.015894+07:00,198.1104130799995,0.18580716900032712,OK,,True,2026-10-03T17:21:06.201711+07:00,198.2962270450007,0.03294028699929186,OK,,True,1556,0.1945,,2026-10-03T17:21:06.234652+07:00,198.32917064700086,0.03282647299965902,OK,,True,2778,0.34725,
85b4985b8d1f4a73a18432c400a3e636,200,2026-10-03T17:21:07.015800+07:00,199.11030831300013,9.464752116000454,BASELINE,2605.195437308,0.9999916769993433,0.2549211429995921,9.040300028573256e-05,DISABLED,on,user_reported,36.58518600463867,54.65508270263672,1007.157265625,99205.578125,True,True,True,176,0,0,109,178,101,2026-10-03T17:21:07.015880+07:00,199.11039934899964,0.18628912900021533,OK,,True,2026-10-03T17:21:07.202183+07:00,199.2966984400009,0.03363391099992441,OK,,True,1546,0.19325,,2026-10-03T17:21:07.235826+07:00,199.33034020299965,0.03486738200081163,OK,,True,2758,0.34475,
85b4985b8d1f4a73a18432c400a3e636,201,2026-10-03T17:21:08.015811+07:00,200.11031956400075,10.46476336700107,BASELINE,2606.1954485590004,1.0000112510006147,0.2518716119993769,0.00010165400090045296,DISABLED,on,user_reported,36.580081939697266,54.654319763183594,1007.14890625,99032.8828125,True,True,True,176,0,0,109,178,101,2026-10-03T17:21:08.015892+07:00,200.1104116000006,0.1858034469987615,OK,,True,2026-10-03T17:21:08.201706+07:00,200.2962219180008,0.032986304999212734,OK,,True,1559,0.194875,,2026-10-03T17:21:08.234692+07:00,200.32921112999975,0.03297126799952821,OK,,True,2777,0.347125,
85b4985b8d1f4a73a18432c400a3e636,202,2026-10-03T17:21:09.015876+07:00,201.11037759200008,11.4648213950004,BASELINE,2607.1955065869997,1.00005802799933,0.26056539400087786,0.00015968200023053214,DISABLED,on,user_reported,36.57816696166992,54.65403366088867,1007.152734375,98803.546875,True,True,True,176,0,0,109,179,101,2026-10-03T17:21:09.015981+07:00,201.11050044299918,0.19072287100061658,OK,,True,2026-10-03T17:21:09.206729+07:00,201.30124086899923,0.036089317000005394,OK,,True,1547,0.193375,,2026-10-03T17:21:09.242825+07:00,201.33733951899922,0.0335841710002569,OK,,True,2774,0.34675,
85b4985b8d1f4a73a18432c400a3e636,203,2026-10-03T17:21:10.015817+07:00,202.11032617800083,12.464769981001155,BASELINE,2608.1954551730005,0.9999485860007553,0.25177216900010535,0.00010826800098584499,DISABLED,on,user_reported,36.58518600463867,54.66785430908203,1007.307734375,98860.78125,True,True,True,176,0,0,109,178,101,2026-10-03T17:21:10.015898+07:00,202.1104173069998,0.18582642900037172,OK,,True,2026-10-03T17:21:10.201737+07:00,202.2962529209999,0.03300869399936346,OK,,True,1541,0.192625,,2026-10-03T17:21:10.234747+07:00,202.3292655410005,0.03282439899885503,OK,,True,2777,0.347125,
85b4985b8d1f4a73a18432c400a3e636,204,2026-10-03T17:21:11.015796+07:00,203.11030454200045,13.464748345000771,BASELINE,2609.195433537,0.9999783639996167,0.252710456999921,8.663200060254894e-05,DISABLED,on,user_reported,36.58454895019531,54.661376953125,1007.258828125,98975.453125,True,True,True,176,0,0,109,178,101,2026-10-03T17:21:11.015880+07:00,203.11040007799966,0.1858612810010527,OK,,True,2026-10-03T17:21:11.201755+07:00,203.29627037700084,0.03340678299900901,OK,,True,1553,0.194125,,2026-10-03T17:21:11.235165+07:00,203.3296818079998,0.03331841399995028,OK,,True,2777,0.347125,
85b4985b8d1f4a73a18432c400a3e636,205,2026-10-03T17:21:12.015806+07:00,204.11031281299984,14.464756616000159,BASELINE,2610.1954418079995,1.0000082709993876,0.2518969640004798,9.490299999015406e-05,DISABLED,on,user_reported,36.588375091552734,54.66193389892578,1007.230703125,99263.28125,True,True,True,176,0,0,109,178,101,2026-10-03T17:21:12.015892+07:00,204.1104116639999,0.18580713300070784,OK,,True,2026-10-03T17:21:12.201710+07:00,204.29622555599963,0.03310284100007266,OK,,True,1551,0.193875,,2026-10-03T17:21:12.234817+07:00,204.32933358300033,0.03286600899991754,OK,,True,2779,0.347375,
85b4985b8d1f4a73a18432c400a3e636,206,2026-10-03T17:21:13.015794+07:00,205.11030251100055,15.464746314000877,BASELINE,2611.195431506,0.9999896980007179,0.25171883599978173,8.46010007080622e-05,DISABLED,on,user_reported,36.59284210205078,54.662601470947266,1007.210625,98404.765625,True,True,True,176,0,0,109,179,101,2026-10-03T17:21:13.015875+07:00,205.1103949169992,0.18581772600009572,OK,,True,2026-10-03T17:21:13.201702+07:00,205.29621864299952,0.03296806400066998,OK,,True,1547,0.193375,,2026-10-03T17:21:13.234671+07:00,205.32918961500036,0.03282284299893945,OK,,True,2775,0.346875,
85b4985b8d1f4a73a18432c400a3e636,207,2026-10-03T17:21:14.015797+07:00,206.1103055980002,16.464749401000518,BASELINE,2612.195434593,1.0000030869996408,0.25369607900029223,8.768800034886226e-05,DISABLED,on,user_reported,36.599220275878906,54.663551330566406,1007.2278125,99032.8828125,True,True,True,176,0,0,109,178,101,2026-10-03T17:21:14.015880+07:00,206.11039935600093,0.18581618899952446,OK,,True,2026-10-03T17:21:14.201707+07:00,206.29622274800022,0.032974583000395796,OK,,True,1553,0.194125,,2026-10-03T17:21:14.234682+07:00,206.32920081299926,0.034782031001668656,OK,,True,2760,0.34500000000000003,
85b4985b8d1f4a73a18432c400a3e636,208,2026-10-03T17:21:15.015912+07:00,207.11040798000067,17.464851783000995,BASELINE,2613.1955369750003,1.0001023820004775,0.2640600879985868,0.00019007000082638115,DISABLED,on,user_reported,36.589012145996094,54.6556510925293,1007.23875,98575.28125,True,True,True,176,0,0,109,179,101,2026-10-03T17:21:15.016088+07:00,207.11060512699987,0.1908933690010599,OK,,True,2026-10-03T17:21:15.206999+07:00,207.30151212599958,0.037766785000712844,OK,,True,1558,0.19475,,2026-10-03T17:21:15.244772+07:00,207.3392877440001,0.035159769000529195,OK,,True,2784,0.34800000000000003,
85b4985b8d1f4a73a18432c400a3e636,209,2026-10-03T17:21:16.015850+07:00,208.11034810599995,18.46479190900027,BASELINE,2614.1954771009996,0.9999401259992737,0.26503996800056484,0.00013019600010011345,DISABLED,on,user_reported,36.589012145996094,54.64287567138672,1007.211328125,98689.28125,True,True,True,176,0,0,109,179,101,2026-10-03T17:21:16.015997+07:00,208.11051547500028,0.19177547300023434,OK,,True,2026-10-03T17:21:16.207792+07:00,208.302303855,0.03598935499940126,OK,,True,1560,0.195,,2026-10-03T17:21:16.243792+07:00,208.3383047290008,0.037065253000037046,OK,,True,2784,0.34800000000000003,
85b4985b8d1f4a73a18432c400a3e636,210,2026-10-03T17:21:17.015861+07:00,209.11036032300035,19.464804126000672,BASELINE,2615.195489318,1.0000122170004033,0.26470454599984805,0.00014241300050343852,DISABLED,on,user_reported,36.5915641784668,54.64964294433594,1007.174375,98689.28125,True,True,True,176,0,0,109,178,101,2026-10-03T17:21:17.016005+07:00,209.1105238220007,0.19165173399960622,OK,,True,2026-10-03T17:21:17.207677+07:00,209.30218938899998,0.035485414000504534,OK,,True,1560,0.195,,2026-10-03T17:21:17.243168+07:00,209.3376836740008,0.037363787998401676,OK,,True,2785,0.348125,
85b4985b8d1f4a73a18432c400a3e636,211,2026-10-03T17:21:18.015811+07:00,210.11031911600003,20.46476291900035,BASELINE,2616.1954481109997,0.9999587929996778,0.25177794699993683,0.00010120600018126424,DISABLED,on,user_reported,36.59029006958008,54.649452209472656,1007.165546875,98575.28125,True,True,True,176,0,0,109,178,101,2026-10-03T17:21:18.015894+07:00,210.110413634,0.1858310959996743,OK,,True,2026-10-03T17:21:18.201737+07:00,210.29625285899965,0.03300121299980674,OK,,True,1559,0.194875,,2026-10-03T17:21:18.234739+07:00,210.32925699800035,0.032831509999596165,OK,,True,2781,0.347625,
85b4985b8d1f4a73a18432c400a3e636,212,2026-10-03T17:21:19.015799+07:00,211.11030702000062,21.46475082300094,BASELINE,2617.1954360150003,0.9999879040005908,0.25199896399863064,8.911000077205244e-05,DISABLED,on,user_reported,36.587100982666016,54.6425895690918,1007.18078125,99032.8828125,True,True,True,176,0,0,109,178,101,2026-10-03T17:21:19.015883+07:00,211.11040224099997,0.18585870700007945,OK,,True,2026-10-03T17:21:19.201755+07:00,211.29627133699978,0.03318230399963795,OK,,True,1552,0.194,,2026-10-03T17:21:19.234942+07:00,211.32945860399923,0.03283736200137355,OK,,True,2774,0.34675,
85b4985b8d1f4a73a18432c400a3e636,213,2026-10-03T17:21:20.015801+07:00,212.11030912800015,22.464752931000476,BASELINE,2618.195438123,1.000002107999535,0.2521589440002572,9.121800030698068e-05,DISABLED,on,user_reported,36.58965301513672,54.63658142089844,1007.184921875,98803.546875,True,True,True,176,0,0,109,178,101,2026-10-03T17:21:20.015886+07:00,212.1104061820006,0.185824281999885,OK,,True,2026-10-03T17:21:20.201723+07:00,212.29623881599946,0.03342694999992091,OK,,True,1553,0.194125,,2026-10-03T17:21:20.235151+07:00,212.32966941400082,0.032789694998427876,OK,,True,2776,0.34700000000000003,
85b4985b8d1f4a73a18432c400a3e636,214,2026-10-03T17:21:21.015834+07:00,213.11033973600024,23.464783539000564,BASELINE,2619.195468731,1.0000306080000883,0.2517578919996595,0.00012182600039523095,DISABLED,on,user_reported,36.587100982666016,54.6425895690918,1007.153359375,98746.3828125,True,True,True,176,0,0,109,178,101,2026-10-03T17:21:21.015937+07:00,213.11045632700007,0.18583356000090134,OK,,True,2026-10-03T17:21:21.201782+07:00,213.29629810900042,0.03296519399918907,OK,,True,1544,0.193,,2026-10-03T17:21:21.234748+07:00,213.32926654400035,0.032821843999045086,OK,,True,2775,0.346875,
85b4985b8d1f4a73a18432c400a3e636,215,2026-10-03T17:21:22.015816+07:00,214.11032438199982,24.46476818500014,BASELINE,2620.1954533769995,0.9999846459995752,0.25223786999958975,0.00010647199997038115,DISABLED,on,user_reported,36.59347915649414,54.64353942871094,1007.13640625,99321.046875,True,True,True,176,0,0,109,178,101,2026-10-03T17:21:22.015899+07:00,214.11041884400038,0.1858233740003925,OK,,True,2026-10-03T17:21:22.201735+07:00,214.29625060699982,0.03301724899938563,OK,,True,1541,0.192625,,2026-10-03T17:21:22.234754+07:00,214.329271523,0.03327924699988216,OK,,True,2772,0.34650000000000003,
85b4985b8d1f4a73a18432c400a3e636,216,2026-10-03T17:21:23.015846+07:00,215.11034578699946,25.464789589999782,BASELINE,2621.195474781999,1.000021404999643,0.26251774900083547,0.0001278769996133633,DISABLED,on,user_reported,36.59029006958008,54.643062591552734,1007.165546875,99032.8828125,True,True,True,176,0,0,109,178,101,2026-10-03T17:21:23.015991+07:00,215.11050961900037,0.19157004999942728,OK,,True,2026-10-03T17:21:23.207584+07:00,215.30209566899975,0.035596875999544864,OK,,True,1568,0.196,,2026-10-03T17:21:23.243186+07:00,215.33770173000084,0.03514315799839096,OK,,True,2794,0.34925,
85b4985b8d1f4a73a18432c400a3e636,217,2026-10-03T17:21:24.015833+07:00,216.11033746999965,26.46478127299997,BASELINE,2622.1954664649993,0.9999916830001894,0.2655608730001404,0.00011955999980273191,DISABLED,on,user_reported,36.58582305908203,54.64240264892578,1007.26078125,99147.9453125,True,True,True,176,0,0,109,178,101,2026-10-03T17:21:24.015939+07:00,216.1104576180005,0.18899114499981806,OK,,True,2026-10-03T17:21:24.204951+07:00,216.29946415099948,0.04156927300027746,OK,,True,1530,0.19125,,2026-10-03T17:21:24.246532+07:00,216.341045313,0.0348354380003002,OK,,True,2772,0.34650000000000003,
85b4985b8d1f4a73a18432c400a3e636,218,2026-10-03T17:21:25.015844+07:00,217.11034587699942,27.46478967999974,BASELINE,2623.195474871999,1.0000084069997683,0.2624545830003626,0.00012796699957107194,DISABLED,on,user_reported,36.5915641784668,54.63686752319336,1007.21546875,98803.546875,True,True,True,176,0,0,109,178,101,2026-10-03T17:21:25.015969+07:00,217.11048815300092,0.191252626998903,OK,,True,2026-10-03T17:21:25.207246+07:00,217.30175824300022,0.03564398699927551,OK,,True,1548,0.1935,,2026-10-03T17:21:25.242897+07:00,217.33741184099927,0.03536919300131558,OK,,True,2789,0.348625,
85b4985b8d1f4a73a18432c400a3e636,219,2026-10-03T17:21:26.015838+07:00,218.11034056099925,28.46478436399957,BASELINE,2624.195469555999,0.9999946839998302,0.26211897500070336,0.00012265099940123037,DISABLED,on,user_reported,36.59092712402344,54.64315414428711,1007.228125,98803.546875,True,True,True,176,0,0,109,178,101,2026-10-03T17:21:26.015969+07:00,218.1104868750008,0.19057298400002765,OK,,True,2026-10-03T17:21:26.206564+07:00,218.3010759509998,0.03472153199982131,OK,,True,1554,0.19425,,2026-10-03T17:21:26.241294+07:00,218.33580715000062,0.03663214599873754,OK,,True,2788,0.34850000000000003,
85b4985b8d1f4a73a18432c400a3e636,220,2026-10-03T17:21:27.015849+07:00,219.1103502090009,29.46479401200122,BASELINE,2625.1954792040005,1.000009648001651,0.26056580299882626,0.00013229900105216075,DISABLED,on,user_reported,36.588375091552734,54.64277267456055,1007.21015625,98860.78125,True,True,True,176,0,0,109,178,101,2026-10-03T17:21:27.015982+07:00,219.11050098499982,0.19015735799985123,OK,,True,2026-10-03T17:21:27.206160+07:00,219.30067313899963,0.035252675999799976,OK,,True,1555,0.194375,,2026-10-03T17:21:27.241417+07:00,219.3359331850006,0.034965400998771656,OK,,True,2776,0.34700000000000003,
85b4985b8d1f4a73a18432c400a3e636,221,2026-10-03T17:21:28.016183+07:00,220.11068796499967,30.465131767999992,BASELINE,2626.1958169599993,1.0003377559987712,0.25178598599995894,0.00047005499982333276,DISABLED,on,user_reported,36.59284210205078,54.63066864013672,1007.2175,98689.28125,True,True,True,176,0,0,109,178,101,2026-10-03T17:21:28.016269+07:00,220.1107886310001,0.18582946800052014,OK,,True,2026-10-03T17:21:28.202112+07:00,220.29662693200044,0.0329949899987696,OK,,True,1545,0.193125,,2026-10-03T17:21:28.235106+07:00,220.32962512599988,0.032840379999470315,OK,,True,2777,0.347125,
85b4985b8d1f4a73a18432c400a3e636,222,2026-10-03T17:21:29.015835+07:00,221.11034078299963,31.46478458599995,BASELINE,2627.1954697779993,0.9996528179999586,0.2545521120009653,0.00012287299978197552,DISABLED,on,user_reported,36.59284210205078,54.63705825805664,1007.2175,98461.5390625,True,True,True,176,0,0,109,179,101,2026-10-03T17:21:29.015920+07:00,221.11043982000047,0.18593642899941187,OK,,True,2026-10-03T17:21:29.201871+07:00,221.29638621199956,0.033216248000826454,OK,,True,1540,0.1925,,2026-10-03T17:21:29.235095+07:00,221.32960984900092,0.035265285998320905,OK,,True,2762,0.34525,
85b4985b8d1f4a73a18432c400a3e636,223,2026-10-03T17:21:30.015835+07:00,222.11034182100047,32.4647856240008,BASELINE,2628.195470816,1.0000010380008462,0.2517677639989415,0.00012391100062814075,DISABLED,on,user_reported,36.594757080078125,54.63095474243164,1007.18640625,99321.046875,True,True,True,176,0,0,109,178,101,2026-10-03T17:21:30.015922+07:00,222.1104416170001,0.18582022699956724,OK,,True,2026-10-03T17:21:30.201755+07:00,222.29627043599976,0.032991453999784426,OK,,True,1552,0.194,,2026-10-03T17:21:30.234746+07:00,222.329264815,0.03283577000001969,OK,,True,2778,0.34725,
85b4985b8d1f4a73a18432c400a3e636,224,2026-10-03T17:21:31.015854+07:00,223.11035858099967,33.464802383999995,BASELINE,2629.1954875759993,1.0000167599991983,0.2517433200009691,0.00014067099982639775,DISABLED,on,user_reported,36.59284210205078,54.63705825805664,1007.203828125,99436.78125,True,True,True,176,0,0,109,178,101,2026-10-03T17:21:31.015952+07:00,223.11047167300057,0.18584974499935925,OK,,True,2026-10-03T17:21:31.201814+07:00,223.29632982600015,0.03293258300072921,OK,,True,1552,0.194,,2026-10-03T17:21:31.234746+07:00,223.32926550199954,0.03282741800103395,OK,,True,2778,0.34725,
85b4985b8d1f4a73a18432c400a3e636,225,2026-10-03T17:21:32.015988+07:00,224.11048776700045,34.46493157000077,BASELINE,2630.195616762,1.0001291860007768,0.25322303000029933,0.00026985700060322415,DISABLED,on,user_reported,36.59284210205078,54.62428283691406,1007.18328125,99205.578125,True,True,True,176,0,0,109,178,101,2026-10-03T17:21:32.016105+07:00,224.110624414001,0.18587068999840994,OK,,True,2026-10-03T17:21:32.201988+07:00,224.29650382600084,0.034274664998520166,OK,,True,1557,0.194625,,2026-10-03T17:21:32.236268+07:00,224.33078449099958,0.032915862000663765,OK,,True,2780,0.34750000000000003,
85b4985b8d1f4a73a18432c400a3e636,226,2026-10-03T17:21:33.022875+07:00,225.1173776579999,35.47182146100022,BASELINE,2631.2025066529995,1.006889890999446,0.2611702240010345,0.007159748000049149,DISABLED,on,user_reported,36.59284210205078,54.63705825805664,1007.169609375,98803.546875,True,True,True,176,0,0,109,178,101,2026-10-03T17:21:33.023015+07:00,225.11753278600008,0.18997673000012583,OK,,True,2026-10-03T17:21:33.213014+07:00,225.30752603499968,0.035703616000319016,OK,,True,1563,0.195375,,2026-10-03T17:21:33.248724+07:00,225.34323929899983,0.03528758299944457,OK,,True,2788,0.34850000000000003,
85b4985b8d1f4a73a18432c400a3e636,227,2026-10-03T17:21:34.015954+07:00,226.11044067900002,36.46488448200034,BASELINE,2632.1955696739997,0.9930630210001254,0.25454440800058364,0.0002227690001745941,DISABLED,on,user_reported,36.594757080078125,54.61818313598633,1007.1659375,98234.84375,True,True,True,176,0,0,109,179,101,2026-10-03T17:21:34.016172+07:00,226.11069060299997,0.18672972000058508,OK,,True,2026-10-03T17:21:34.202917+07:00,226.2974310820009,0.03401474199927179,OK,,True,1540,0.1925,,2026-10-03T17:21:34.236940+07:00,226.33145410100042,0.03351581999959308,OK,,True,2753,0.344125,
85b4985b8d1f4a73a18432c400a3e636,228,2026-10-03T17:21:35.015819+07:00,227.1103281830001,37.464771986000414,BASELINE,2633.1954571779997,0.9998875040000712,0.2517871529998956,0.00011027300024579745,DISABLED,on,user_reported,36.592201232910156,54.6177978515625,1007.14796875,98918.0859375,True,True,True,176,0,0,109,178,101,2026-10-03T17:21:35.015891+07:00,227.11041071900036,0.18584402399937971,OK,,True,2026-10-03T17:21:35.201749+07:00,227.29626433500016,0.03299871300077939,OK,,True,1545,0.193125,,2026-10-03T17:21:35.234748+07:00,227.3292665480003,0.032839899000464357,OK,,True,2773,0.346625,
85b4985b8d1f4a73a18432c400a3e636,229,2026-10-03T17:21:36.015798+07:00,228.11030766799922,38.464751470999545,BASELINE,2634.195436662999,0.9999794849991304,0.25173865300166653,8.975799937616102e-05,DISABLED,on,user_reported,36.588375091552734,54.61722946166992,1007.21703125,98918.0859375,True,True,True,176,0,0,109,178,101,2026-10-03T17:21:36.015875+07:00,228.11039461200016,0.185825467999166,OK,,True,2026-10-03T17:21:36.201713+07:00,228.29622854199988,0.03297232400109351,OK,,True,1544,0.193,,2026-10-03T17:21:36.234686+07:00,228.32920431099956,0.032832435999807785,OK,,True,2774,0.34675,
85b4985b8d1f4a73a18432c400a3e636,230,2026-10-03T17:21:37.015832+07:00,229.11033852299988,39.464782326000204,BASELINE,2635.1954675179995,1.0000308550006594,0.25203237300047476,0.00012061300003551878,DISABLED,on,user_reported,36.587100982666016,54.62982177734375,1007.23546875,99205.578125,True,True,True,176,0,0,109,178,101,2026-10-03T17:21:37.015919+07:00,229.1104382630001,0.185929245000807,OK,,True,2026-10-03T17:21:37.201862+07:00,229.29637734099924,0.033091379000325105,OK,,True,1549,0.193625,,2026-10-03T17:21:37.234957+07:00,229.32947346100082,0.03288663899911626,OK,,True,2767,0.345875,
85b4985b8d1f4a73a18432c400a3e636,231,2026-10-03T17:21:38.015800+07:00,230.11030804599977,40.464751849000095,BASELINE,2636.1954370409994,0.9999695229998906,0.25230942599955597,9.013599992613308e-05,DISABLED,on,user_reported,36.58965301513672,54.61103820800781,1007.27390625,99032.8828125,True,True,True,176,0,0,109,178,101,2026-10-03T17:21:38.015882+07:00,230.11040178599978,0.185827949000668,OK,,True,2026-10-03T17:21:38.201724+07:00,230.29623895700024,0.0334577840003476,OK,,True,1550,0.19375,,2026-10-03T17:21:38.235186+07:00,230.3297021849994,0.032904769001106615,OK,,True,2772,0.34650000000000003,
85b4985b8d1f4a73a18432c400a3e636,232,2026-10-03T17:21:39.015801+07:00,231.11030979099996,41.464753594000285,BASELINE,2637.1954387859996,1.0000017450001906,0.2660983700006909,9.18810001167003e-05,DISABLED,on,user_reported,36.5915641784668,54.61771011352539,1007.18125,99263.28125,True,True,True,176,0,0,109,178,101,2026-10-03T17:21:39.015880+07:00,231.11039953100044,0.19098842600033095,OK,,True,2026-10-03T17:21:39.206900+07:00,231.30140890099938,0.03738601100121741,OK,,True,1551,0.193875,,2026-10-03T17:21:39.244293+07:00,231.33880546699947,0.03757136100102798,OK,,True,2766,0.34575,
85b4985b8d1f4a73a18432c400a3e636,233,2026-10-03T17:21:40.015813+07:00,232.11032209199948,42.4647658949998,BASELINE,2638.195451086999,1.000012300999515,0.2518439860014041,0.00010418199963169172,DISABLED,on,user_reported,36.59092712402344,54.63677215576172,1007.214375,99205.578125,True,True,True,176,0,0,109,178,101,2026-10-03T17:21:40.015892+07:00,232.11041155400017,0.1858431529999507,OK,,True,2026-10-03T17:21:40.201749+07:00,232.29626463299974,0.03299450899976364,OK,,True,1546,0.19325,,2026-10-03T17:21:40.234744+07:00,232.32926243899965,0.03289271300127439,OK,,True,2763,0.345375,
85b4985b8d1f4a73a18432c400a3e636,234,2026-10-03T17:21:41.015793+07:00,233.11030144899996,43.464745252000284,BASELINE,2639.1954304439996,0.999979357000484,0.2520241330003046,8.353900011570659e-05,DISABLED,on,user_reported,36.59284210205078,54.63066864013672,1007.231171875,98860.78125,True,True,True,176,0,0,109,178,101,2026-10-03T17:21:41.015873+07:00,233.11039268900095,0.1858587639999314,OK,,True,2026-10-03T17:21:41.201745+07:00,233.296261083,0.03313421200073208,OK,,True,1550,0.19375,,2026-10-03T17:21:41.234884+07:00,233.32940046099975,0.03291564000028302,OK,,True,2770,0.34625,
85b4985b8d1f4a73a18432c400a3e636,235,2026-10-03T17:21:42.015791+07:00,234.1103010099996,44.464744812999925,BASELINE,2640.1954300049993,0.9999995609996404,0.2520172439999442,8.309999975608662e-05,DISABLED,on,user_reported,36.59730911254883,54.63133239746094,1007.19734375,98746.3828125,True,True,True,176,0,0,109,178,101,2026-10-03T17:21:42.015870+07:00,234.11038958300014,0.18582844999946246,OK,,True,2026-10-03T17:21:42.201711+07:00,234.29622651499994,0.033178804000272066,OK,,True,1552,0.194,,2026-10-03T17:21:42.234896+07:00,234.32941150400075,0.03289693599981547,OK,,True,2768,0.34600000000000003,
85b4985b8d1f4a73a18432c400a3e636,236,2026-10-03T17:21:43.015823+07:00,235.11032973799956,45.464773540999886,BASELINE,2641.195458732999,1.0000287279999611,0.251990263001062,0.0001118279997172067,DISABLED,on,user_reported,36.59092712402344,54.617610931396484,1007.193828125,98803.546875,True,True,True,176,0,0,109,178,101,2026-10-03T17:21:43.015913+07:00,235.1104323670006,0.1858197649999056,OK,,True,2026-10-03T17:21:43.201745+07:00,235.2962606130004,0.03319817400006286,OK,,True,1553,0.194125,,2026-10-03T17:21:43.234948+07:00,235.3294641020002,0.03284454700042261,OK,,True,2774,0.34675,
85b4985b8d1f4a73a18432c400a3e636,237,2026-10-03T17:21:44.015793+07:00,236.110302133,46.46474593600033,BASELINE,2642.1954311279997,0.9999723950004409,0.25236138999935065,8.422300015809014e-05,DISABLED,on,user_reported,36.59347915649414,54.63077163696289,1007.170703125,99147.9453125,True,True,True,176,0,0,109,178,101,2026-10-03T17:21:44.015871+07:00,236.1103905029995,0.18583852400115575,OK,,True,2026-10-03T17:21:44.201722+07:00,236.2962378230004,0.03346187599890982,OK,,True,1548,0.1935,,2026-10-03T17:21:44.235190+07:00,236.32970579100038,0.03294791699954658,OK,,True,2771,0.346375,
85b4985b8d1f4a73a18432c400a3e636,238,2026-10-03T17:21:45.015800+07:00,237.1103087699994,47.464752572999714,BASELINE,2643.195437764999,1.0000066369993874,0.25201105900123366,9.085999954550061e-05,DISABLED,on,user_reported,36.58965301513672,54.63019561767578,1007.184921875,98918.0859375,True,True,True,176,0,0,109,178,101,2026-10-03T17:21:45.015883+07:00,237.11040317600055,0.18583854299868108,OK,,True,2026-10-03T17:21:45.201734+07:00,237.29625020000094,0.03297406499950739,OK,,True,1548,0.1935,,2026-10-03T17:21:45.234710+07:00,237.32922800599954,0.03308102700066229,OK,,True,2764,0.34550000000000003,
85b4985b8d1f4a73a18432c400a3e636,239,2026-10-03T17:21:46.015794+07:00,238.11030303600091,48.464746839001236,BASELINE,2644.1954320310006,0.9999942660015222,0.2520793549992959,8.512600106769241e-05,DISABLED,on,user_reported,36.58965301513672,54.62380599975586,1007.2534375,99321.046875,True,True,True,176,0,0,109,178,101,2026-10-03T17:21:46.015869+07:00,238.11038868300056,0.18584443199870293,OK,,True,2026-10-03T17:21:46.201726+07:00,238.2962421150005,0.03307493399915984,OK,,True,1548,0.1935,,2026-10-03T17:21:46.234803+07:00,238.3293208089999,0.03305117499985499,OK,,True,2770,0.34625,
85b4985b8d1f4a73a18432c400a3e636,240,2026-10-03T17:21:47.015804+07:00,239.11031224699946,49.46475604999978,BASELINE,2645.195441241999,1.0000092109985417,0.2522383909999917,9.433699960936792e-05,DISABLED,on,user_reported,36.58263397216797,54.64830780029297,1007.241953125,98746.3828125,True,True,True,176,0,0,109,178,101,2026-10-03T17:21:47.015886+07:00,239.1104047280005,0.18590244900042308,OK,,True,2026-10-03T17:21:47.201803+07:00,239.29631727000015,0.033131600999695365,OK,,True,1538,0.19225,,2026-10-03T17:21:47.234937+07:00,239.32945400000062,0.03308521199869574,OK,,True,2769,0.346125,
85b4985b8d1f4a73a18432c400a3e636,241,2026-10-03T17:21:48.015793+07:00,240.11030147699967,50.46474527999999,BASELINE,2646.1954304719993,0.9999892300002102,0.2530657549996249,8.356699981959537e-05,DISABLED,on,user_reported,36.586463928222656,54.65526580810547,1007.227734375,99090.3828125,True,True,True,176,0,0,109,178,101,2026-10-03T17:21:48.015872+07:00,240.11039145799987,0.18615276200034714,OK,,True,2026-10-03T17:21:48.202039+07:00,240.29655401700074,0.03352526399976341,OK,,True,1551,0.193875,,2026-10-03T17:21:48.235568+07:00,240.33008429899928,0.03327100700153096,OK,,True,2772,0.34650000000000003,
85b4985b8d1f4a73a18432c400a3e636,242,2026-10-03T17:21:49.015795+07:00,241.11030409600062,51.46474789900094,BASELINE,2647.1954330910003,1.000002619000952,0.2538079349997133,8.618600077170413e-05,DISABLED,on,user_reported,36.58582305908203,54.65517807006836,1007.185546875,99378.8828125,True,True,True,176,0,0,109,178,101,2026-10-03T17:21:49.015877+07:00,241.11039702199923,0.18642611200084502,OK,,True,2026-10-03T17:21:49.202323+07:00,241.29683828199995,0.03436999800032936,OK,,True,1545,0.193125,,2026-10-03T17:21:49.236698+07:00,241.33121426099933,0.032886566001252504,OK,,True,2769,0.346125,
85b4985b8d1f4a73a18432c400a3e636,243,2026-10-03T17:21:50.015802+07:00,242.11030992000087,52.464753723001195,BASELINE,2648.1954389150005,1.0000058240002545,0.2543970399983664,9.201000102621038e-05,DISABLED,on,user_reported,36.589012145996094,54.649261474609375,1007.211328125,99263.28125,True,True,True,176,0,0,109,178,101,2026-10-03T17:21:50.015882+07:00,242.1104020670009,0.18583630199827894,OK,,True,2026-10-03T17:21:50.201732+07:00,242.29624705499918,0.035263898000266636,OK,,True,1547,0.193375,,2026-10-03T17:21:50.237001+07:00,242.33151684199947,0.033179600000948994,OK,,True,2775,0.346875,
85b4985b8d1f4a73a18432c400a3e636,244,2026-10-03T17:21:51.015797+07:00,243.11030616900098,53.4647499720013,BASELINE,2649.1954351640006,0.9999962490001053,0.25435028199899534,8.825900113151874e-05,DISABLED,on,user_reported,36.588375091552734,54.65554428100586,1007.21703125,98803.546875,True,True,True,176,0,0,109,179,101,2026-10-03T17:21:51.015873+07:00,243.11039294700095,0.18586893099927693,OK,,True,2026-10-03T17:21:51.201757+07:00,243.2962724709996,0.0351648430005298,OK,,True,1531,0.19137500000000002,,2026-10-03T17:21:51.236927+07:00,243.3314424809996,0.03320265600086714,OK,,True,2772,0.34650000000000003,
85b4985b8d1f4a73a18432c400a3e636,245,2026-10-03T17:21:52.015794+07:00,244.11030299400045,54.46474679700077,BASELINE,2650.195431989,0.9999968249994708,0.2545334650003497,8.508400060236454e-05,DISABLED,on,user_reported,36.587738037109375,54.64906692504883,1007.127109375,99727.3046875,True,True,True,176,0,0,109,178,101,2026-10-03T17:21:52.015873+07:00,244.11039271499976,0.1870645520011749,OK,,True,2026-10-03T17:21:52.202949+07:00,244.29746460000024,0.03354091199980758,OK,,True,1553,0.194125,,2026-10-03T17:21:52.236496+07:00,244.3310119380003,0.03381300299952272,OK,,True,2766,0.34575,
85b4985b8d1f4a73a18432c400a3e636,246,2026-10-03T17:21:53.015801+07:00,245.1103092810008,55.46475308400113,BASELINE,2651.1954382760005,1.0000062870003603,0.2546261499992397,9.137100096268114e-05,DISABLED,on,user_reported,36.5915641784668,54.63686752319336,1007.15390625,99321.046875,True,True,True,176,0,0,109,178,101,2026-10-03T17:21:53.015880+07:00,245.11039950300074,0.18643488999987312,OK,,True,2026-10-03T17:21:53.202329+07:00,245.29684422600076,0.03520730599848321,OK,,True,1538,0.19225,,2026-10-03T17:21:53.237544+07:00,245.33205880999958,0.03286249200027669,OK,,True,2761,0.345125,
85b4985b8d1f4a73a18432c400a3e636,247,2026-10-03T17:21:54.015806+07:00,246.11031467999965,56.46475848299997,BASELINE,2652.1954436749993,1.0000053989988373,0.2520656160013459,9.67699998000171e-05,DISABLED,on,user_reported,36.58390808105469,54.64849853515625,1007.16875,99610.8984375,True,True,True,176,0,0,109,178,101,2026-10-03T17:21:54.015884+07:00,246.11040379100086,0.18582156099910208,OK,,True,2026-10-03T17:21:54.201719+07:00,246.29623444500066,0.033138490000055754,OK,,True,1542,0.19275,,2026-10-03T17:21:54.234864+07:00,246.32937937899987,0.03298608300065098,OK,,True,2759,0.344875,
85b4985b8d1f4a73a18432c400a3e636,248,2026-10-03T17:21:55.015852+07:00,247.11035163499946,57.46479543799978,BASELINE,2653.195480629999,1.000036954999814,0.2642270530013775,0.00013372499961405993,DISABLED,on,user_reported,36.58454895019531,54.65498733520508,1007.286171875,99378.8828125,True,True,True,176,0,0,109,178,101,2026-10-03T17:21:55.015998+07:00,247.11051637399942,0.19299994799985143,OK,,True,2026-10-03T17:21:55.209022+07:00,247.3035329329996,0.0348176980005519,OK,,True,1554,0.19425,,2026-10-03T17:21:55.243847+07:00,247.33835996500056,0.03619646399965859,OK,,True,2775,0.346875,
85b4985b8d1f4a73a18432c400a3e636,249,2026-10-03T17:21:56.015865+07:00,248.11036468299972,58.46480848600004,BASELINE,2654.1954936779994,1.0000130480002554,0.2654728770012298,0.0001467729998694267,DISABLED,on,user_reported,36.587738037109375,54.65545654296875,1007.257109375,98518.375,True,True,True,176,0,0,109,178,101,2026-10-03T17:21:56.016014+07:00,248.11053208900012,0.19176660599987372,OK,,True,2026-10-03T17:21:56.207801+07:00,248.3023133429997,0.0378970620004111,OK,,True,1550,0.19375,,2026-10-03T17:21:56.245718+07:00,248.34022675699998,0.03558635800072807,OK,,True,2767,0.345875,
85b4985b8d1f4a73a18432c400a3e636,250,2026-10-03T17:21:57.015810+07:00,249.11031810200075,59.46476190500107,BASELINE,2655.1954470970004,0.9999534190010309,0.2523934829987411,0.0001001920009002788,DISABLED,on,user_reported,36.595394134521484,54.675758361816406,1007.276484375,99263.28125,True,True,True,176,0,0,109,178,101,2026-10-03T17:21:57.015892+07:00,249.11041128599936,0.18581111800085637,OK,,True,2026-10-03T17:21:57.201715+07:00,249.2962306999998,0.03277719600009732,OK,,True,1549,0.193625,,2026-10-03T17:21:57.234497+07:00,249.32901298899924,0.033685596001305385,OK,,True,2764,0.34550000000000003,
85b4985b8d1f4a73a18432c400a3e636,251,2026-10-03T17:21:58.015804+07:00,250.1103113909994,0.46475519399973564,WAIT_EXPOSURE,2656.195440385999,0.9999932889986667,0.25581901100122195,9.348099956696387e-05,DISABLED,on,user_reported,36.586463928222656,54.66165542602539,1007.261875,98803.546875,True,True,True,176,0,0,109,178,101,2026-10-03T17:21:58.015884+07:00,250.1104042049992,0.18582385900117515,OK,,True,2026-10-03T17:21:58.201720+07:00,250.29623563799942,0.0329528800011758,OK,,True,1554,0.19425,,2026-10-03T17:21:58.234672+07:00,250.32919127700006,0.03692632899947057,OK,,True,2763,0.345375,
85b4985b8d1f4a73a18432c400a3e636,252,2026-10-03T17:21:59.015804+07:00,251.1103121619999,1.4647559650002222,WAIT_EXPOSURE,2657.1954411569996,1.0000007710004866,0.25179334099993866,9.425200005352963e-05,DISABLED,on,user_reported,36.594757080078125,54.66288757324219,1007.2275,98689.28125,True,True,True,176,0,0,109,179,101,2026-10-03T17:21:59.015885+07:00,251.1104044950007,0.18581404399992607,OK,,True,2026-10-03T17:21:59.201710+07:00,251.29622659400047,0.032951232000414166,OK,,True,1554,0.19425,,2026-10-03T17:21:59.234662+07:00,251.3291808819995,0.03291186200112861,OK,,True,2764,0.34550000000000003,
85b4985b8d1f4a73a18432c400a3e636,253,2026-10-03T17:22:00.015796+07:00,252.11030361899975,2.464747422000073,WAIT_EXPOSURE,2658.1954326139994,0.9999914569998509,0.2526102970005013,8.570899990445469e-05,DISABLED,on,user_reported,36.59029006958008,54.662227630615234,1007.165546875,99032.8828125,True,True,True,176,0,0,109,179,101,2026-10-03T17:22:00.015881+07:00,252.11040080400016,0.18584387699957006,OK,,True,2026-10-03T17:22:00.201741+07:00,252.29625614299948,0.033217656000488205,OK,,True,1550,0.19375,,2026-10-03T17:22:00.234962+07:00,252.3294789470001,0.033420784000554704,OK,,True,2770,0.34625,
85b4985b8d1f4a73a18432c400a3e636,254,2026-10-03T17:22:01.015797+07:00,253.1103053730003,3.4647491760006233,WAIT_EXPOSURE,2659.195434368,1.0000017540005501,0.2538113609989523,8.746300045459066e-05,DISABLED,on,user_reported,36.594757080078125,54.68205261230469,1007.200078125,98860.78125,True,True,True,176,0,0,109,178,101,2026-10-03T17:22:01.015878+07:00,253.1103972609999,0.18581682200056093,OK,,True,2026-10-03T17:22:01.201706+07:00,253.2962221939997,0.03298112000084075,OK,,True,1556,0.1945,,2026-10-03T17:22:01.234687+07:00,253.32920631399975,0.03489723500024411,OK,,True,2766,0.34575,
85b4985b8d1f4a73a18432c400a3e636,255,2026-10-03T17:22:02.015814+07:00,254.11031768199973,0.14314126099998248,EXPOSURE,2660.1954466769994,1.0000123089994304,0.2601889760007907,9.977199988497887e-05,DISABLED,on,user_reported,36.5915641784668,54.68157958984375,1007.188046875,98746.3828125,True,True,True,176,0,0,109,179,101,2026-10-03T17:22:02.015931+07:00,254.1104503480001,0.18893650000063644,OK,,True,2026-10-03T17:22:02.204885+07:00,254.29939892199945,0.03420137000102841,OK,,True,1546,0.19325,,2026-10-03T17:22:02.239094+07:00,254.3336084950006,0.03687833000003593,OK,,True,2789,0.348625,
85b4985b8d1f4a73a18432c400a3e636,256,2026-10-03T17:22:03.015845+07:00,255.11034593600016,1.1431695150004089,EXPOSURE,2661.195474931,1.0000282540004264,0.2627745289992163,0.00012802600031136535,DISABLED,on,user_reported,36.59347915649414,54.694644927978516,1007.16390625,99147.9453125,True,True,True,176,0,0,109,178,101,2026-10-03T17:22:03.015995+07:00,255.11051297199992,0.19183805000102438,OK,,True,2026-10-03T17:22:03.207855+07:00,255.3023667819998,0.03543356299996958,OK,,True,1563,0.195375,,2026-10-03T17:22:03.243294+07:00,255.33780936400035,0.03529317599895876,OK,,True,2783,0.347875,
85b4985b8d1f4a73a18432c400a3e636,257,2026-10-03T17:22:04.015853+07:00,256.1103525239996,2.1431761029998597,EXPOSURE,2662.1954815189993,1.0000065879994509,0.2627562329998909,0.0001346139997622231,DISABLED,on,user_reported,36.59730911254883,54.68242645263672,1007.19734375,98860.78125,True,True,True,176,0,0,109,179,101,2026-10-03T17:22:04.016006+07:00,256.1105242630001,0.19178495900087,OK,,True,2026-10-03T17:22:04.207814+07:00,256.30232535100004,0.03557858100066369,OK,,True,1573,0.196625,,2026-10-03T17:22:04.243396+07:00,256.3379123400009,0.035179120999600855,OK,,True,2785,0.348125,
85b4985b8d1f4a73a18432c400a3e636,258,2026-10-03T17:22:05.015812+07:00,257.11032040899954,3.1431439879997924,EXPOSURE,2663.195449403999,0.9999678849999327,0.25172380399999383,0.00010249899969494436,DISABLED,on,user_reported,36.59029006958008,54.68777847290039,1007.268203125,99321.046875,True,True,True,176,0,0,109,178,101,2026-10-03T17:22:05.015899+07:00,257.1104182599993,0.18581619200085697,OK,,True,2026-10-03T17:22:05.201727+07:00,257.29624352599967,0.032973250999930315,OK,,True,1544,0.193,,2026-10-03T17:22:05.234701+07:00,257.32921994299977,0.03281599299953086,OK,,True,2775,0.346875,
85b4985b8d1f4a73a18432c400a3e636,259,2026-10-03T17:22:06.015833+07:00,258.1103391830002,4.143162762000429,EXPOSURE,2664.195468178,1.0000187740006368,0.25170724899908237,0.00012127300033171196,DISABLED,on,user_reported,36.594120025634766,54.69473648071289,1007.260546875,99032.8828125,True,True,True,176,0,0,109,178,101,2026-10-03T17:22:06.015923+07:00,258.11044207099985,0.18581137699948158,OK,,True,2026-10-03T17:22:06.201746+07:00,258.29626209699927,0.03295269400041434,OK,,True,1544,0.193,,2026-10-03T17:22:06.234699+07:00,258.3292177910007,0.03282010399925639,OK,,True,2772,0.34650000000000003,
85b4985b8d1f4a73a18432c400a3e636,260,2026-10-03T17:22:07.015797+07:00,259.11030627199943,5.143129850999685,EXPOSURE,2665.195435266999,0.9999670889992558,0.25199641400104156,8.836199958750512e-05,DISABLED,on,user_reported,36.599220275878906,54.67633056640625,1007.27578125,99436.78125,True,True,True,176,0,0,109,178,101,2026-10-03T17:22:07.015873+07:00,259.1103931230009,0.18584115499834297,OK,,True,2026-10-03T17:22:07.201728+07:00,259.296243797,0.0331175080009416,OK,,True,1552,0.194,,2026-10-03T17:22:07.234847+07:00,259.32936530500047,0.0329282319999038,OK,,True,2773,0.346625,
85b4985b8d1f4a73a18432c400a3e636,261,2026-10-03T17:22:08.015801+07:00,260.1103103610003,6.143133940000553,EXPOSURE,2666.195439356,1.0000040890008677,0.25169280499903834,9.245100045518484e-05,DISABLED,on,user_reported,36.594757080078125,54.694828033447266,1007.220625,98918.0859375,True,True,True,176,0,0,109,178,101,2026-10-03T17:22:08.015877+07:00,260.1103953790007,0.1858249889992294,OK,,True,2026-10-03T17:22:08.201712+07:00,260.2962280720003,0.032957953999357414,OK,,True,1541,0.192625,,2026-10-03T17:22:08.234670+07:00,260.32918913700087,0.032805066999571864,OK,,True,2769,0.346125,
85b4985b8d1f4a73a18432c400a3e636,262,2026-10-03T17:22:09.015800+07:00,261.1103093769998,7.143132956000045,EXPOSURE,2667.1954383719994,0.9999990159994923,0.2516697129995009,9.146699994744267e-05,DISABLED,on,user_reported,36.599220275878906,54.746604919433594,1007.268828125,99090.3828125,True,True,True,176,0,0,109,178,101,2026-10-03T17:22:09.015875+07:00,261.11039459899985,0.18583054400005494,OK,,True,2026-10-03T17:22:09.201719+07:00,261.2962339019996,0.0329398060002859,OK,,True,1545,0.193125,,2026-10-03T17:22:09.234657+07:00,261.3291764860005,0.03279464099978213,OK,,True,2773,0.346625,
85b4985b8d1f4a73a18432c400a3e636,263,2026-10-03T17:22:10.015983+07:00,262.11047352199967,8.143297100999916,EXPOSURE,2668.1956025169993,1.0001641449998715,0.2538845830003993,0.0002556119998189388,DISABLED,on,user_reported,36.59667205810547,54.82931900024414,1007.209921875,98689.28125,True,True,True,176,0,0,109,178,101,2026-10-03T17:22:10.016178+07:00,262.1106949090008,0.18703703399842198,OK,,True,2026-10-03T17:22:10.203226+07:00,262.2977410910007,0.033013305999702425,OK,,True,1549,0.193625,,2026-10-03T17:22:10.236241+07:00,262.33075834100055,0.033589300999665284,OK,,True,2763,0.345375,
85b4985b8d1f4a73a18432c400a3e636,264,2026-10-03T17:22:11.015800+07:00,263.11030840999956,9.143131988999812,EXPOSURE,2669.195437404999,0.9998348879998957,0.251678176000496,9.049999971466605e-05,DISABLED,on,user_reported,36.60049819946289,54.92579650878906,1007.209375,99032.8828125,True,True,True,176,0,0,109,178,101,2026-10-03T17:22:11.015883+07:00,263.11040289099947,0.1858210810005403,OK,,True,2026-10-03T17:22:11.201717+07:00,263.2962327870009,0.032939879998593824,OK,,True,1535,0.19187500000000002,,2026-10-03T17:22:11.234656+07:00,263.32917563000046,0.03280243699919083,OK,,True,2774,0.34675,
85b4985b8d1f4a73a18432c400a3e636,265,2026-10-03T17:22:12.015801+07:00,264.11030981600015,10.143133395000405,EXPOSURE,2670.195438811,1.0000014060005924,0.25171235999914643,9.190600030706264e-05,DISABLED,on,user_reported,36.60369110107422,55.04783248901367,1007.24203125,99032.8828125,True,True,True,176,0,0,109,178,101,2026-10-03T17:22:12.015877+07:00,264.1103964819995,0.18582026600051904,OK,,True,2026-10-03T17:22:12.201708+07:00,264.296224396001,0.03294919599829882,OK,,True,1555,0.194375,,2026-10-03T17:22:12.234659+07:00,264.32917675799945,0.03283749200090824,OK,,True,2777,0.347125,
85b4985b8d1f4a73a18432c400a3e636,266,2026-10-03T17:22:13.015792+07:00,265.110301314,11.143124893000277,EXPOSURE,2671.1954303089997,0.9999914979998721,0.25171006500022486,8.340400017914362e-05,DISABLED,on,user_reported,36.606239318847656,55.14424514770508,1007.198203125,98065.5078125,True,True,True,176,0,0,109,178,101,2026-10-03T17:22:13.015867+07:00,265.11038670199923,0.18582271200102696,OK,,True,2026-10-03T17:22:13.201702+07:00,265.2962181359999,0.032963436000500224,OK,,True,1542,0.19275,,2026-10-03T17:22:13.234667+07:00,265.32918547900044,0.03281801099910808,OK,,True,2776,0.34700000000000003,
85b4985b8d1f4a73a18432c400a3e636,267,2026-10-03T17:22:14.015791+07:00,266.11030159099937,12.143125169999621,EXPOSURE,2672.195430585999,1.0000002769993444,0.2517796570009523,8.368099952349439e-05,DISABLED,on,user_reported,36.59858322143555,55.271175384521484,1007.199453125,98234.84375,True,True,True,176,0,0,109,178,101,2026-10-03T17:22:14.015862+07:00,266.1103814420003,0.1858162299995456,OK,,True,2026-10-03T17:22:14.201689+07:00,266.2962052090006,0.033049490999474074,OK,,True,1546,0.19325,,2026-10-03T17:22:14.234739+07:00,266.3292576069998,0.03281606699965778,OK,,True,2784,0.34800000000000003,
85b4985b8d1f4a73a18432c400a3e636,268,2026-10-03T17:22:15.015793+07:00,267.1103028310008,13.14312641000106,EXPOSURE,2673.1954318260005,1.0000012400014384,0.2594730939999863,8.49210009619128e-05,DISABLED,on,user_reported,36.60113525390625,55.393333435058594,1007.183046875,98291.421875,True,True,True,176,0,0,109,178,101,2026-10-03T17:22:15.015867+07:00,267.1103861449992,0.1899152710011549,OK,,True,2026-10-03T17:22:15.205817+07:00,267.3003249159992,0.03609718799998518,OK,,True,1548,0.1935,,2026-10-03T17:22:15.241922+07:00,267.3364343819994,0.033325173000775976,OK,,True,2776,0.34700000000000003,
85b4985b8d1f4a73a18432c400a3e636,269,2026-10-03T17:22:16.015844+07:00,268.1103500900008,14.143173669001044,EXPOSURE,2674.1954790850004,1.0000472589999845,0.25176213799932157,0.00013218000094639137,DISABLED,on,user_reported,36.59730911254883,55.501766204833984,1007.211015625,98234.84375,True,True,True,176,0,0,109,178,101,2026-10-03T17:22:16.015930+07:00,268.1104495889995,0.18585811900084082,OK,,True,2026-10-03T17:22:16.201803+07:00,268.29631809700004,0.032939860999249504,OK,,True,1538,0.19225,,2026-10-03T17:22:16.234742+07:00,268.3292611809993,0.03284141800031648,OK,,True,2767,0.345875,
85b4985b8d1f4a73a18432c400a3e636,270,2026-10-03T17:22:17.015799+07:00,269.1103085899995,15.143132168999728,EXPOSURE,2675.195437584999,0.9999584999986837,0.25178119399970456,9.067999963008333e-05,DISABLED,on,user_reported,36.60496520996094,55.650508880615234,1007.2096875,97896.75,True,True,True,176,0,0,109,178,101,2026-10-03T17:22:17.015874+07:00,269.1103940899993,0.18585858100050245,OK,,True,2026-10-03T17:22:17.201746+07:00,269.29626213399933,0.032978047000142396,OK,,True,1543,0.192875,,2026-10-03T17:22:17.234725+07:00,269.329243866001,0.032836862999829464,OK,,True,2784,0.34800000000000003,
85b4985b8d1f4a73a18432c400a3e636,271,2026-10-03T17:22:18.015801+07:00,270.1103114430007,16.143135022000934,EXPOSURE,2676.1954404380003,1.000002853001206,0.2516694349997124,9.353300083603244e-05,DISABLED,on,user_reported,36.603050231933594,55.83001708984375,1007.186171875,97449.5625,True,True,True,176,0,0,109,178,101,2026-10-03T17:22:18.015865+07:00,270.11038488600025,0.18582574900028703,OK,,True,2026-10-03T17:22:18.201703+07:00,270.29621917199984,0.03293734399994719,OK,,True,1550,0.19375,,2026-10-03T17:22:18.234641+07:00,270.32915979300014,0.03281106699978409,OK,,True,2782,0.34775,
85b4985b8d1f4a73a18432c400a3e636,272,2026-10-03T17:22:19.015800+07:00,271.11031096199986,17.14313454100011,EXPOSURE,2677.1954399569995,0.999999518999175,0.25349518000075477,9.30520000110846e-05,DISABLED,on,user_reported,36.60942840576172,56.03668975830078,1007.306015625,96786.390625,True,True,True,176,0,0,109,178,101,2026-10-03T17:22:19.015869+07:00,271.1103886100009,0.18594095099979313,OK,,True,2026-10-03T17:22:19.201826+07:00,271.29634065400023,0.03387629799908609,OK,,True,1538,0.19225,,2026-10-03T17:22:19.235707+07:00,271.3302233230006,0.033571818999917014,OK,,True,2770,0.34625,
85b4985b8d1f4a73a18432c400a3e636,273,2026-10-03T17:22:20.015800+07:00,272.11030892599956,18.143132504999812,EXPOSURE,2678.195437920999,0.9999979639997036,0.25322812700142094,9.101599971472751e-05,DISABLED,on,user_reported,36.613258361816406,56.275367736816406,1007.278046875,97061.609375,True,True,True,176,0,0,109,178,101,2026-10-03T17:22:20.015873+07:00,272.11039300000084,0.18583011899863777,OK,,True,2026-10-03T17:22:20.201716+07:00,272.2962316739995,0.033491875999970944,OK,,True,1554,0.19425,,2026-10-03T17:22:20.235213+07:00,272.32972921700093,0.03379042899905471,OK,,True,2785,0.348125,
85b4985b8d1f4a73a18432c400a3e636,274,2026-10-03T17:22:21.015808+07:00,273.11031820599965,19.143141784999898,EXPOSURE,2679.1954472009993,1.0000092800000857,0.2516558620009164,0.00010029599980043713,DISABLED,on,user_reported,36.61453628540039,56.513954162597656,1007.273203125,96567.3359375,True,True,True,176,0,0,109,178,101,2026-10-03T17:22:21.015878+07:00,273.11039740900014,0.18582380400039256,OK,,True,2026-10-03T17:22:21.201713+07:00,273.2962292129996,0.03294110299975728,OK,,True,1552,0.194,,2026-10-03T17:22:21.234655+07:00,273.32917342700057,0.032791640998766525,OK,,True,2781,0.347625,
85b4985b8d1f4a73a18432c400a3e636,275,2026-10-03T17:22:22.015804+07:00,274.1103138369999,20.143137416000172,EXPOSURE,2680.1954428319996,0.9999956310002744,0.2516956769995886,9.59270000748802e-05,DISABLED,on,user_reported,36.617088317871094,56.70783996582031,1007.25,96512.7265625,True,True,True,176,0,0,109,178,101,2026-10-03T17:22:22.015873+07:00,274.1103929290002,0.18582769299973734,OK,,True,2026-10-03T17:22:22.201713+07:00,274.29622947400094,0.03296091799893475,OK,,True,1549,0.193625,,2026-10-03T17:22:22.234675+07:00,274.32919361399945,0.03280606600128522,OK,,True,2782,0.34775,
85b4985b8d1f4a73a18432c400a3e636,276,2026-10-03T17:22:23.015791+07:00,275.11030100599964,21.143124584999896,EXPOSURE,2681.1954300009993,0.9999871689997235,0.25171643599969684,8.309599979838822e-05,DISABLED,on,user_reported,36.61836242675781,56.875877380371094,1007.238359375,96132.1796875,True,True,True,176,0,0,109,179,101,2026-10-03T17:22:23.015859+07:00,275.11037830200075,0.18582343399975798,OK,,True,2026-10-03T17:22:23.201694+07:00,275.2962104399994,0.03295065800011798,OK,,True,1559,0.194875,,2026-10-03T17:22:23.234645+07:00,275.32916398700036,0.032843213999512955,OK,,True,2789,0.348625,
85b4985b8d1f4a73a18432c400a3e636,277,2026-10-03T17:22:24.015792+07:00,276.11030152700005,22.143125106000298,EXPOSURE,2682.1954305219997,1.000000521000402,0.2516799179993541,8.361700020032004e-05,DISABLED,on,user_reported,36.622188568115234,56.97981643676758,1007.251484375,96786.390625,True,True,True,176,0,0,109,178,101,2026-10-03T17:22:24.015869+07:00,276.1103891750008,0.1858173969994823,OK,,True,2026-10-03T17:22:24.201699+07:00,276.2962155719997,0.03294699199977913,OK,,True,1553,0.194125,,2026-10-03T17:22:24.234647+07:00,276.32916545199987,0.03280714100037585,OK,,True,2780,0.34750000000000003,
85b4985b8d1f4a73a18432c400a3e636,278,2026-10-03T17:22:25.015793+07:00,277.11030151200066,23.14312509100091,EXPOSURE,2683.1954305070003,0.9999999850006134,0.25171625099937955,8.36020008136984e-05,DISABLED,on,user_reported,36.61836242675781,57.06325149536133,1007.265703125,96349.265625,True,True,True,176,0,0,109,179,101,2026-10-03T17:22:25.015873+07:00,277.11039230700044,0.18582417600009649,OK,,True,2026-10-03T17:22:25.201709+07:00,277.29622468600064,0.03294682500018098,OK,,True,1544,0.193,,2026-10-03T17:22:25.234656+07:00,277.32917477000046,0.03283397399900423,OK,,True,2788,0.34850000000000003,
85b4985b8d1f4a73a18432c400a3e636,279,2026-10-03T17:22:26.015863+07:00,278.11036001499997,24.14318359400022,EXPOSURE,2684.1954890099996,1.000058502999309,0.2624832740002603,0.00014210500012268312,DISABLED,on,user_reported,36.627933502197266,57.129371643066406,1007.212734375,96622.0078125,True,True,True,176,0,0,109,178,101,2026-10-03T17:22:26.016020+07:00,278.1105377170006,0.1917725530001917,OK,,True,2026-10-03T17:22:26.207814+07:00,278.3023266399996,0.03536469400023634,OK,,True,1560,0.195,,2026-10-03T17:22:26.243183+07:00,278.3376995559993,0.03512253000008059,OK,,True,2791,0.348875,
85b4985b8d1f4a73a18432c400a3e636,280,2026-10-03T17:22:27.015837+07:00,279.1103392219993,25.143162800999562,EXPOSURE,2685.195468216999,0.9999792069993418,0.26284440200106474,0.00012131199946452398,DISABLED,on,user_reported,36.6247444152832,57.20648956298828,1007.241875,96294.90625,True,True,True,176,0,0,109,178,101,2026-10-03T17:22:27.015969+07:00,279.11048811,0.19136848199923406,OK,,True,2026-10-03T17:22:27.207361+07:00,279.30187285099964,0.036120188000495546,OK,,True,1555,0.194375,,2026-10-03T17:22:27.243485+07:00,279.33800174300086,0.03516067700002168,OK,,True,2797,0.349625,
85b4985b8d1f4a73a18432c400a3e636,281,2026-10-03T17:22:28.015868+07:00,280.110367022,26.143190601000242,EXPOSURE,2686.1954960169996,1.0000278000006801,0.26249112699952093,0.00014911200014466885,DISABLED,on,user_reported,36.6247444152832,57.27118682861328,1007.228125,96841.3125,True,True,True,176,0,0,109,178,101,2026-10-03T17:22:28.016028+07:00,280.1105450209998,0.19176555299964093,OK,,True,2026-10-03T17:22:28.207816+07:00,280.30232799999976,0.0353843049997522,OK,,True,1554,0.19425,,2026-10-03T17:22:28.243204+07:00,280.3377205270008,0.03511810399868409,OK,,True,2796,0.34950000000000003,
85b4985b8d1f4a73a18432c400a3e636,282,2026-10-03T17:22:29.015881+07:00,281.1103771750004,27.143200754000645,EXPOSURE,2687.19550617,1.000010153000403,0.2626259030002984,0.00015926500054774806,DISABLED,on,user_reported,36.635589599609375,57.37642288208008,1007.17734375,96622.0078125,True,True,True,176,0,0,109,178,101,2026-10-03T17:22:29.016043+07:00,281.11055965500054,0.19180177499947604,OK,,True,2026-10-03T17:22:29.207866+07:00,281.302377856,0.03536784199968679,OK,,True,1555,0.194375,,2026-10-03T17:22:29.243237+07:00,281.337753754,0.035231027999543585,OK,,True,2801,0.350125,
85b4985b8d1f4a73a18432c400a3e636,283,2026-10-03T17:22:30.015871+07:00,282.1103723470005,28.14319592600077,EXPOSURE,2688.195501342,0.9999951720001263,0.26274243899933936,0.00015443700067407917,DISABLED,on,user_reported,36.634315490722656,57.492794036865234,1007.216328125,96186.359375,True,True,True,176,0,0,109,179,101,2026-10-03T17:22:30.015999+07:00,282.11051741899973,0.19169072099975892,OK,,True,2026-10-03T17:22:30.207713+07:00,282.30222476900053,0.03571135799938929,OK,,True,1571,0.196375,,2026-10-03T17:22:30.243430+07:00,282.3379455529994,0.035150641000655014,OK,,True,2795,0.349375,
85b4985b8d1f4a73a18432c400a3e636,284,2026-10-03T17:22:31.015807+07:00,283.11031561100026,29.14313919000051,EXPOSURE,2689.195444606,0.9999432639997394,0.25174695500027156,9.770100041350815e-05,DISABLED,on,user_reported,36.634315490722656,57.641841888427734,1007.18203125,95114.25,True,True,True,176,0,0,109,179,101,2026-10-03T17:22:31.015887+07:00,283.1104070550009,0.18580767599996761,OK,,True,2026-10-03T17:22:31.201708+07:00,283.29622343399933,0.03298904700022831,OK,,True,1563,0.195375,,2026-10-03T17:22:31.234697+07:00,283.329215537,0.03283893700063345,OK,,True,2786,0.34825,
85b4985b8d1f4a73a18432c400a3e636,285,2026-10-03T17:22:32.015791+07:00,284.1103007469992,30.14312432599945,EXPOSURE,2690.195429741999,0.9999851359989407,0.2520131930014031,8.283699935418554e-05,DISABLED,on,user_reported,36.636863708496094,57.75895690917969,1007.179375,94639.5546875,True,True,True,176,0,0,109,178,101,2026-10-03T17:22:32.015870+07:00,284.1103895790002,0.18606361799902515,OK,,True,2026-10-03T17:22:32.201946+07:00,284.29646197500006,0.03300219499942614,OK,,True,1558,0.19475,,2026-10-03T17:22:32.234948+07:00,284.32946715099933,0.03283721500156389,OK,,True,2789,0.348625,
85b4985b8d1f4a73a18432c400a3e636,286,2026-10-03T17:22:33.015799+07:00,285.11030716000096,31.143130739001208,EXPOSURE,2691.1954361550006,1.0000064130017563,0.25207248899823753,8.925000111048575e-05,DISABLED,on,user_reported,36.64069366455078,57.90877914428711,1007.27453125,95008.3515625,True,True,True,176,0,0,109,178,101,2026-10-03T17:22:33.015880+07:00,285.1103993630004,0.18581413900028565,OK,,True,2026-10-03T17:22:33.201705+07:00,285.29622109400043,0.033279229999607196,OK,,True,1558,0.19475,,2026-10-03T17:22:33.234986+07:00,285.3295041759993,0.03286680700148281,OK,,True,2790,0.34875,
85b4985b8d1f4a73a18432c400a3e636,287,2026-10-03T17:22:34.015793+07:00,286.1103029620008,32.14312654100104,EXPOSURE,2692.1954319570004,0.9999958019998303,0.25174234399855777,8.505200094077736e-05,DISABLED,on,user_reported,36.635589599609375,58.050846099853516,1007.314140625,93962.1953125,True,True,True,176,0,0,109,178,101,2026-10-03T17:22:34.015870+07:00,286.11038931300027,0.18581145399912202,OK,,True,2026-10-03T17:22:34.201691+07:00,286.2962072669998,0.03298410200113722,OK,,True,1549,0.193625,,2026-10-03T17:22:34.234679+07:00,286.32919561000017,0.03284049300054903,OK,,True,2793,0.349125,
85b4985b8d1f4a73a18432c400a3e636,288,2026-10-03T17:22:35.015797+07:00,287.1103048389996,33.14312841799983,EXPOSURE,2693.1954338339992,1.0000018769987946,0.25174649200016574,8.69289997353917e-05,DISABLED,on,user_reported,36.63877868652344,58.17478561401367,1007.278359375,92418.7734375,True,True,True,176,0,0,109,178,101,2026-10-03T17:22:35.015875+07:00,287.11039450499993,0.18581747200005339,OK,,True,2026-10-03T17:22:35.201704+07:00,287.296219885,0.032978028000798076,OK,,True,1554,0.19425,,2026-10-03T17:22:35.234683+07:00,287.3292013570008,0.032841510999787715,OK,,True,2791,0.348875,
85b4985b8d1f4a73a18432c400a3e636,289,2026-10-03T17:22:36.015800+07:00,288.1103079759996,34.143131554999854,EXPOSURE,2694.1954369709993,1.0000031370000215,0.25187362100041355,9.006599975691643e-05,DISABLED,on,user_reported,36.64516067504883,58.31882858276367,1007.2475,92020.1328125,True,True,True,176,0,0,109,178,101,2026-10-03T17:22:36.015882+07:00,288.1104013080003,0.1858086390002427,OK,,True,2026-10-03T17:22:36.201700+07:00,288.29621576200043,0.03295930599961139,OK,,True,1548,0.1935,,2026-10-03T17:22:36.234661+07:00,288.3291789569994,0.03299026900094759,OK,,True,2787,0.348375,
85b4985b8d1f4a73a18432c400a3e636,290,2026-10-03T17:22:37.015801+07:00,289.1103100569999,35.14313363600013,EXPOSURE,2695.1954390519995,1.0000020810002752,0.2517963440004678,9.214700003212783e-05,DISABLED,on,user_reported,36.65154266357422,58.46297073364258,1007.298984375,91233.0703125,True,True,True,176,0,0,109,179,101,2026-10-03T17:22:37.015875+07:00,289.1103946490002,0.18583915700037323,OK,,True,2026-10-03T17:22:37.201727+07:00,289.2962428430001,0.03302465799970378,OK,,True,1554,0.19425,,2026-10-03T17:22:37.234754+07:00,289.3292720009995,0.03282464100084326,OK,,True,2791,0.348875,
85b4985b8d1f4a73a18432c400a3e636,291,2026-10-03T17:22:38.015803+07:00,290.11031208299937,36.14313566199962,EXPOSURE,2696.195441077999,1.0000020259994926,0.25170280800011824,9.417299952474423e-05,DISABLED,on,user_reported,36.64579772949219,58.57273483276367,1007.269140625,91233.0703125,True,True,True,176,0,0,109,179,101,2026-10-03T17:22:38.015877+07:00,290.11039634200097,0.18580891699821223,OK,,True,2026-10-03T17:22:38.201696+07:00,290.2962114809998,0.03297351000037452,OK,,True,1554,0.19425,,2026-10-03T17:22:38.234670+07:00,290.32918850900023,0.03281817800052522,OK,,True,2799,0.349875,
85b4985b8d1f4a73a18432c400a3e636,292,2026-10-03T17:22:39.015804+07:00,291.11031148000075,37.143135059001,EXPOSURE,2697.1954404750004,0.9999993970013747,0.2519611569987319,9.357000089948997e-05,DISABLED,on,user_reported,36.64579772949219,58.63787078857422,1007.2828125,91428.5703125,True,True,True,176,0,0,109,179,101,2026-10-03T17:22:39.015885+07:00,291.11040466399936,0.1858109360000526,OK,,True,2026-10-03T17:22:39.201707+07:00,291.29622298899994,0.03324448900093557,OK,,True,1543,0.192875,,2026-10-03T17:22:39.234954+07:00,291.32947179300027,0.032790511000712286,OK,,True,2798,0.34975,
85b4985b8d1f4a73a18432c400a3e636,293,2026-10-03T17:22:40.015799+07:00,292.1103070810004,38.14313066000068,EXPOSURE,2698.195436076,0.9999956009996822,0.251690752000286,8.917100058170035e-05,DISABLED,on,user_reported,36.643245697021484,58.67654800415039,1007.24453125,91723.3984375,True,True,True,176,0,0,109,178,101,2026-10-03T17:22:40.015883+07:00,292.11040269099976,0.18580704700070783,OK,,True,2026-10-03T17:22:40.201700+07:00,292.2962159790004,0.03295104700009688,OK,,True,1546,0.19325,,2026-10-03T17:22:40.234653+07:00,292.32917104400076,0.03281856699868513,OK,,True,2792,0.34900000000000003,
85b4985b8d1f4a73a18432c400a3e636,294,2026-10-03T17:22:41.015952+07:00,293.1104482369992,39.14327181599947,EXPOSURE,2699.195577231999,1.00014115599879,0.26038997800060315,0.00023032699937175494,DISABLED,on,user_reported,36.64771270751953,58.69028854370117,1007.210625,92119.46875,True,True,True,176,0,0,109,178,101,2026-10-03T17:22:41.016109+07:00,293.1106271429999,0.18817974900048284,OK,,True,2026-10-03T17:22:41.204300+07:00,293.29881513300097,0.03533165699991514,OK,,True,1536,0.192,,2026-10-03T17:22:41.239645+07:00,293.33415777200025,0.03666199799954484,OK,,True,2792,0.34900000000000003,
85b4985b8d1f4a73a18432c400a3e636,295,2026-10-03T17:22:42.015866+07:00,294.11036550599965,40.143189084999904,EXPOSURE,2700.1954945009993,0.9999172690004343,0.2644524450006429,0.00014759599980607163,DISABLED,on,user_reported,36.656005859375,58.6981086730957,1007.20359375,92020.1328125,True,True,True,176,0,0,109,178,101,2026-10-03T17:22:42.016016+07:00,294.1105335779994,0.19176318400059245,OK,,True,2026-10-03T17:22:42.207800+07:00,294.3023123540006,0.03551517499909096,OK,,True,1553,0.194125,,2026-10-03T17:22:42.243323+07:00,294.3378372700008,0.036963365999326925,OK,,True,2798,0.34975,
85b4985b8d1f4a73a18432c400a3e636,296,2026-10-03T17:22:43.015851+07:00,295.1103510890007,41.14317466800094,EXPOSURE,2701.1954800840003,0.9999855830010347,0.2627856069993868,0.00013317900084075518,DISABLED,on,user_reported,36.668128967285156,58.660919189453125,1007.250625,92119.46875,True,True,True,176,0,0,109,178,101,2026-10-03T17:22:43.016005+07:00,295.1105230690009,0.19173379499989096,OK,,True,2026-10-03T17:22:43.207760+07:00,295.30227223399925,0.03542956500132277,OK,,True,1553,0.194125,,2026-10-03T17:22:43.243197+07:00,295.3377114649993,0.035406898001383524,OK,,True,2807,0.350875,
85b4985b8d1f4a73a18432c400a3e636,297,2026-10-03T17:22:44.015917+07:00,296.11041270900023,42.14323628800048,EXPOSURE,2702.195541704,1.000061619999542,0.2645490560007602,0.00019479900038277265,DISABLED,on,user_reported,36.670040130615234,58.61561584472656,1007.219609375,91921.0078125,True,True,True,176,0,0,109,178,101,2026-10-03T17:22:44.016082+07:00,296.1105999859992,0.19089285700101755,OK,,True,2026-10-03T17:22:44.206994+07:00,296.3015074729992,0.03684636700018018,OK,,True,1547,0.193375,,2026-10-03T17:22:44.243847+07:00,296.33836234000046,0.036581795999154565,OK,,True,2803,0.350375,
85b4985b8d1f4a73a18432c400a3e636,298,2026-10-03T17:22:45.015822+07:00,297.1103288869999,43.143152466000174,EXPOSURE,2703.1954578819996,0.9999161779996939,0.25171477100047923,0.000110977000076673,DISABLED,on,user_reported,36.668766021728516,58.55028533935547,1007.23109375,91624.9140625,True,True,True,176,0,0,109,179,101,2026-10-03T17:22:45.015902+07:00,297.1104220159996,0.18581323200123734,OK,,True,2026-10-03T17:22:45.201728+07:00,297.29624341400086,0.032973714000036125,OK,,True,1546,0.19325,,2026-10-03T17:22:45.234702+07:00,297.3292206650003,0.03281443699961528,OK,,True,2792,0.34900000000000003,
85b4985b8d1f4a73a18432c400a3e636,299,2026-10-03T17:22:46.015803+07:00,298.11031197100056,44.14313555000081,EXPOSURE,2704.195440966,0.9999830840006325,0.2542364729997644,9.40610007091891e-05,DISABLED,on,user_reported,36.670040130615234,58.47237014770508,1007.212734375,94117.6484375,True,True,True,176,0,0,109,178,101,2026-10-03T17:22:46.015884+07:00,298.1104034889995,0.18603676699967764,OK,,True,2026-10-03T17:22:46.201940+07:00,298.29645399699984,0.035183658999812906,OK,,True,1543,0.192875,,2026-10-03T17:22:46.237127+07:00,298.33164313700036,0.03289617799964617,OK,,True,2796,0.34950000000000003,
85b4985b8d1f4a73a18432c400a3e636,300,2026-10-03T17:22:47.015810+07:00,299.1103178890007,45.14314146800098,EXPOSURE,2705.1954468840004,1.00000591800017,0.25196845499885967,9.997900087910239e-05,DISABLED,on,user_reported,36.669403076171875,58.4136962890625,1007.259609375,92219.0234375,True,True,True,176,0,0,109,178,101,2026-10-03T17:22:47.015891+07:00,299.1104109629996,0.18602678600109357,OK,,True,2026-10-03T17:22:47.201932+07:00,299.29644711900073,0.03298841699870536,OK,,True,1538,0.19225,,2026-10-03T17:22:47.234922+07:00,299.3294397770005,0.03283797400035837,OK,,True,2793,0.349125,
85b4985b8d1f4a73a18432c400a3e636,301,2026-10-03T17:22:48.015802+07:00,300.1103094379996,46.143133016999855,EXPOSURE,2706.1954384329993,0.999991548998878,0.25173447400084115,9.152799975709058e-05,DISABLED,on,user_reported,36.67131805419922,58.37495422363281,1007.33796875,92119.46875,True,True,True,176,0,0,109,178,101,2026-10-03T17:22:48.015885+07:00,300.11040440000033,0.18581160199937585,OK,,True,2026-10-03T17:22:48.201708+07:00,300.2962241690002,0.032965455000521615,OK,,True,1542,0.19275,,2026-10-03T17:22:48.234675+07:00,300.32919356800085,0.03284156699919549,OK,,True,2794,0.34925,
85b4985b8d1f4a73a18432c400a3e636,302,2026-10-03T17:22:49.015802+07:00,301.1103094860009,47.143133065001166,EXPOSURE,2707.1954384810006,1.0000000480013114,0.2520303799992689,9.157600106846076e-05,DISABLED,on,user_reported,36.67323303222656,58.33621597290039,1007.286171875,94117.6484375,True,True,True,176,0,0,109,178,101,2026-10-03T17:22:49.015883+07:00,301.11040244800097,0.18582169499859447,OK,,True,2026-10-03T17:22:49.201717+07:00,301.2962325139997,0.033237452000321355,OK,,True,1542,0.19275,,2026-10-03T17:22:49.234959+07:00,301.32947491100094,0.03285501099890098,OK,,True,2790,0.34875,
85b4985b8d1f4a73a18432c400a3e636,303,2026-10-03T17:22:50.015863+07:00,302.110367923,48.14319150200026,EXPOSURE,2708.1954969179997,1.0000584369990975,0.25183060400013346,0.00015001300016592722,DISABLED,on,user_reported,36.675148010253906,58.30400085449219,1007.309765625,94013.953125,True,True,True,176,0,0,109,178,101,2026-10-03T17:22:50.015977+07:00,302.1104951439993,0.18583093600136635,OK,,True,2026-10-03T17:22:50.201819+07:00,302.2963354509993,0.03301158300018869,OK,,True,1552,0.194,,2026-10-03T17:22:50.234833+07:00,302.3293511089996,0.03283843700046418,OK,,True,2793,0.349125,
85b4985b8d1f4a73a18432c400a3e636,304,2026-10-03T17:22:51.015790+07:00,303.1102994539997,49.14312303299994,EXPOSURE,2709.1954284489993,0.9999315309996746,0.2549601339997025,8.154399984050542e-05,DISABLED,on,user_reported,36.677696228027344,58.23936462402344,1007.252421875,92020.1328125,True,True,True,176,0,0,109,178,101,2026-10-03T17:22:51.015873+07:00,303.11039291700035,0.18582706499910273,OK,,True,2026-10-03T17:22:51.201712+07:00,303.2962279450003,0.03557880399966962,OK,,True,1539,0.192375,,2026-10-03T17:22:51.237299+07:00,303.3318138600007,0.03342745099871536,OK,,True,2767,0.345875,
85b4985b8d1f4a73a18432c400a3e636,305,2026-10-03T17:22:52.015798+07:00,304.1103076700001,50.14313124900036,EXPOSURE,2710.1954366649998,1.000008216000424,0.2521757869999419,8.976000026450492e-05,DISABLED,on,user_reported,36.675785064697266,58.2000617980957,1007.26984375,92318.7890625,True,True,True,176,0,0,109,178,101,2026-10-03T17:22:52.015879+07:00,304.11039835500014,0.1858321210002032,OK,,True,2026-10-03T17:22:52.201725+07:00,304.2962401429995,0.0332973780004977,OK,,True,1559,0.194875,,2026-10-03T17:22:52.235025+07:00,304.32954250200055,0.03293215899975621,OK,,True,2790,0.34875,
85b4985b8d1f4a73a18432c400a3e636,306,2026-10-03T17:22:53.015823+07:00,305.1103292200005,51.143152799000745,EXPOSURE,2711.195458215,1.0000215500003833,0.2517609749993426,0.00011131000064779073,DISABLED,on,user_reported,36.68088912963867,58.194366455078125,1007.31234375,92219.0234375,True,True,True,176,0,0,109,179,101,2026-10-03T17:22:53.015908+07:00,305.11042697800076,0.18580958499842382,OK,,True,2026-10-03T17:22:53.201729+07:00,305.2962449890001,0.033020139000655035,OK,,True,1542,0.19275,,2026-10-03T17:22:53.234752+07:00,305.3292699609992,0.03281180800149741,OK,,True,2791,0.348875,
85b4985b8d1f4a73a18432c400a3e636,307,2026-10-03T17:22:54.015799+07:00,306.11030804800066,52.14313162700091,EXPOSURE,2712.1954370430003,0.9999788280001667,0.25170927199906146,9.013800081447698e-05,DISABLED,on,user_reported,36.684078216552734,58.175350189208984,1007.248984375,92418.7734375,True,True,True,176,0,0,109,178,101,2026-10-03T17:22:54.015883+07:00,306.1104024920005,0.18581308399916452,OK,,True,2026-10-03T17:22:54.201709+07:00,306.2962241690002,0.032968102999802795,OK,,True,1557,0.194625,,2026-10-03T17:22:54.234678+07:00,306.3291963640004,0.03281219699965732,OK,,True,2790,0.34875,
85b4985b8d1f4a73a18432c400a3e636,308,2026-10-03T17:22:55.015930+07:00,307.11042369000097,53.14324726900122,EXPOSURE,2713.1955526850006,1.00011564200031,0.253797791998295,0.00020578000112436712,DISABLED,on,user_reported,36.68854522705078,58.163055419921875,1007.269921875,92020.1328125,True,True,True,176,0,0,109,178,101,2026-10-03T17:22:55.016105+07:00,307.1106229479992,0.18711070300014399,OK,,True,2026-10-03T17:22:55.203228+07:00,307.2977434479999,0.033572598000318976,OK,,True,1547,0.193375,,2026-10-03T17:22:55.236806+07:00,307.331321564001,0.03288967799926468,OK,,True,2788,0.34850000000000003,
85b4985b8d1f4a73a18432c400a3e636,309,2026-10-03T17:22:56.015806+07:00,308.11031385299975,54.143137432,EXPOSURE,2714.1954428479994,0.9998901629987813,0.25171051300094405,9.594299990567379e-05,DISABLED,on,user_reported,36.68663024902344,58.12376022338867,1007.25328125,91723.3984375,True,True,True,176,0,0,109,179,101,2026-10-03T17:22:56.015891+07:00,308.1104107409992,0.18581778800034954,OK,,True,2026-10-03T17:22:56.201721+07:00,308.29623732599975,0.0329676390010718,OK,,True,1550,0.19375,,2026-10-03T17:22:56.234690+07:00,308.3292085949997,0.03280654900117952,OK,,True,2791,0.348875,
85b4985b8d1f4a73a18432c400a3e636,310,2026-10-03T17:22:57.015809+07:00,309.110316145001,55.14313972400123,EXPOSURE,2715.1954451400006,1.000002292001227,0.25203912099823356,9.823500113270711e-05,DISABLED,on,user_reported,36.687904357910156,58.12395477294922,1007.2621875,93858.84375,True,True,True,176,0,0,109,178,101,2026-10-03T17:22:57.015894+07:00,309.1104139029994,0.1858986030001688,OK,,True,2026-10-03T17:22:57.201806+07:00,309.2963215060008,0.033183804000145756,OK,,True,1554,0.19425,,2026-10-03T17:22:57.234994+07:00,309.3295108099992,0.032835623000210035,OK,,True,2785,0.348125,
85b4985b8d1f4a73a18432c400a3e636,311,2026-10-03T17:22:58.015804+07:00,310.11031160399943,56.143135182999686,EXPOSURE,2716.195440598999,0.9999954589984554,0.2517154390006908,9.369399958814029e-05,DISABLED,on,user_reported,36.68918228149414,58.15665054321289,1007.175234375,91723.3984375,True,True,True,176,0,0,109,178,101,2026-10-03T17:22:58.015888+07:00,310.11040810300074,0.1858176400000957,OK,,True,2026-10-03T17:22:58.201719+07:00,310.2962346690001,0.03296493599918904,OK,,True,1549,0.193625,,2026-10-03T17:22:58.234686+07:00,310.3292034019996,0.03281497399984801,OK,,True,2790,0.34875,
85b4985b8d1f4a73a18432c400a3e636,312,2026-10-03T17:22:59.015847+07:00,311.1103526370007,57.14317621600094,EXPOSURE,2717.1954816320003,1.0000410330012528,0.2523892289991636,0.00013472700084093958,DISABLED,on,user_reported,36.689823150634766,58.15676498413086,1007.217421875,91428.5703125,True,True,True,176,0,0,109,179,101,2026-10-03T17:22:59.015933+07:00,311.1104520989993,0.18582321400026558,OK,,True,2026-10-03T17:22:59.201768+07:00,311.29628416500054,0.033271914999204455,OK,,True,1561,0.195125,,2026-10-03T17:22:59.235043+07:00,311.3295603580009,0.03317006399993261,OK,,True,2791,0.348875,
85b4985b8d1f4a73a18432c400a3e636,313,2026-10-03T17:23:00.015796+07:00,312.1103026519995,58.14312623099977,EXPOSURE,2718.195431646999,0.9999500149988307,0.25674223200076085,8.474199967167806e-05,DISABLED,on,user_reported,36.694923400878906,58.15755081176758,1007.21875,91624.9140625,True,True,True,176,0,0,109,179,101,2026-10-03T17:23:00.015887+07:00,312.11040653999953,0.18753355300032126,OK,,True,2026-10-03T17:23:00.203439+07:00,312.2979522780006,0.03463795899915567,OK,,True,1545,0.193125,,2026-10-03T17:23:00.238079+07:00,312.3325964600008,0.03443703499942785,OK,,True,2793,0.349125,
85b4985b8d1f4a73a18432c400a3e636,314,2026-10-03T17:23:01.015832+07:00,313.110338167,59.14316174600026,EXPOSURE,2719.1954671619997,1.0000355150004907,0.25183938299960573,0.00012025700016238261,DISABLED,on,user_reported,36.69237518310547,58.16365051269531,1007.29671875,92119.46875,True,True,True,176,0,0,109,178,101,2026-10-03T17:23:01.015918+07:00,313.1104378330001,0.1858377330008807,OK,,True,2026-10-03T17:23:01.201768+07:00,313.29628378800044,0.03300054700048349,OK,,True,1551,0.193875,,2026-10-03T17:23:01.234772+07:00,313.32928866899965,0.0328786959998979,OK,,True,2792,0.34900000000000003,
85b4985b8d1f4a73a18432c400a3e636,315,2026-10-03T17:23:02.015842+07:00,314.1103470910002,60.14317067000047,EXPOSURE,2720.195476086,1.0000089240002126,0.25229804499940656,0.00012918100037495606,DISABLED,on,user_reported,36.68663024902344,58.182254791259766,1007.301171875,91921.0078125,True,True,True,176,0,0,109,178,101,2026-10-03T17:23:02.015931+07:00,314.1104505530002,0.18581543599975703,OK,,True,2026-10-03T17:23:02.201759+07:00,314.2962744889992,0.03342917400004808,OK,,True,1536,0.192,,2026-10-03T17:23:02.235193+07:00,314.32970892199955,0.032926640000368934,OK,,True,2789,0.348625,
85b4985b8d1f4a73a18432c400a3e636,316,2026-10-03T17:23:03.015799+07:00,315.1103069960009,61.14313057500112,EXPOSURE,2721.1954359910005,0.9999599050006509,0.25172606899832317,8.908600102586206e-05,DISABLED,on,user_reported,36.69364929199219,58.196353912353516,1007.305625,91526.6328125,True,True,True,176,0,0,109,178,101,2026-10-03T17:23:03.015882+07:00,315.1104009949995,0.1858203810006671,OK,,True,2026-10-03T17:23:03.201714+07:00,315.29623022799933,0.032974955000099726,OK,,True,1552,0.194,,2026-10-03T17:23:03.234691+07:00,315.3292091460007,0.03281497399984801,OK,,True,2792,0.34900000000000003,
85b4985b8d1f4a73a18432c400a3e636,317,2026-10-03T17:23:04.015830+07:00,316.1103364940009,62.14316007300113,EXPOSURE,2722.1954654890005,1.0000294980000035,0.2518088449996867,0.00011858400102937594,DISABLED,on,user_reported,36.69556427001953,58.19015121459961,1007.308828125,91822.09375,True,True,True,176,0,0,109,178,101,2026-10-03T17:23:04.015918+07:00,316.1104372890004,0.18581897399963054,OK,,True,2026-10-03T17:23:04.201749+07:00,316.2962645410007,0.03302191699913237,OK,,True,1549,0.193625,,2026-10-03T17:23:04.234773+07:00,316.3292906429997,0.03284599300059199,OK,,True,2787,0.348375,
85b4985b8d1f4a73a18432c400a3e636,318,2026-10-03T17:23:05.015887+07:00,317.11039130599966,63.14321488499991,EXPOSURE,2723.1955203009993,1.0000548119987798,0.25221634300032747,0.000173395999809145,DISABLED,on,user_reported,36.691734313964844,58.189552307128906,1007.282109375,91330.71875,True,True,True,176,0,0,109,178,101,2026-10-03T17:23:05.015984+07:00,317.1105039899994,0.18589397400137386,OK,,True,2026-10-03T17:23:05.201892+07:00,317.2964077409997,0.033321064000119804,OK,,True,1535,0.19187500000000002,,2026-10-03T17:23:05.235217+07:00,317.32973343400045,0.03286497400040389,OK,,True,2794,0.34925,
85b4985b8d1f4a73a18432c400a3e636,319,2026-10-03T17:23:06.015861+07:00,318.11035726800037,64.14318084700062,EXPOSURE,2724.195486263,0.9999659620007151,0.2626606100002391,0.00013935800052422564,DISABLED,on,user_reported,36.69939422607422,58.21024703979492,1007.253359375,91526.6328125,True,True,True,176,0,0,109,178,101,2026-10-03T17:23:06.016027+07:00,318.1105452289994,0.19176416700065602,OK,,True,2026-10-03T17:23:06.207814+07:00,318.30232674800027,0.035445879000690184,OK,,True,1526,0.19075,,2026-10-03T17:23:06.243267+07:00,318.33778186699965,0.03521701099998609,OK,,True,2802,0.35025,
85b4985b8d1f4a73a18432c400a3e636,320,2026-10-03T17:23:07.015942+07:00,319.1104396369992,65.14326321599947,EXPOSURE,2725.195568631999,1.0000823689988465,0.25369173800027056,0.00022172699937073048,DISABLED,on,user_reported,36.708961486816406,58.23125076293945,1007.23484375,91330.71875,True,True,True,176,0,0,109,178,101,2026-10-03T17:23:07.016082+07:00,319.1106000609998,0.18672537400016154,OK,,True,2026-10-03T17:23:07.202820+07:00,319.2973353060006,0.03360843100017519,OK,,True,1539,0.192375,,2026-10-03T17:23:07.236434+07:00,319.33094995899955,0.03316947200073628,OK,,True,2789,0.348625,
85b4985b8d1f4a73a18432c400a3e636,321,2026-10-03T17:23:08.015795+07:00,320.11030460000075,66.143128179001,EXPOSURE,2726.1954335950004,0.9998649630015279,0.25181280899960257,8.66900008986704e-05,DISABLED,on,user_reported,36.715980529785156,58.2453498840332,1007.2871875,91233.0703125,True,True,True,176,0,0,109,178,101,2026-10-03T17:23:08.015878+07:00,320.1103980989992,0.1858183630010899,OK,,True,2026-10-03T17:23:08.201709+07:00,320.2962251659992,0.0329720100016857,OK,,True,1547,0.193375,,2026-10-03T17:23:08.234682+07:00,320.3292003610004,0.032908103999943705,OK,,True,2786,0.34825,
85b4985b8d1f4a73a18432c400a3e636,322,2026-10-03T17:23:09.015800+07:00,321.1103084330007,67.14313201200093,EXPOSURE,2727.1954374280003,1.000003832999937,0.25173477299904334,9.052300083567388e-05,DISABLED,on,user_reported,36.70704650878906,58.263458251953125,1007.245234375,91135.6328125,True,True,True,176,0,0,109,178,101,2026-10-03T17:23:09.015882+07:00,321.1104014880002,0.18581760300003225,OK,,True,2026-10-03T17:23:09.201712+07:00,321.29622770199967,0.03295886300111306,OK,,True,1547,0.193375,,2026-10-03T17:23:09.234670+07:00,321.3291893980004,0.03284453000014764,OK,,True,2791,0.348875,
85b4985b8d1f4a73a18432c400a3e636,323,2026-10-03T17:23:10.015910+07:00,322.1104092099995,68.14323278899974,EXPOSURE,2728.195538204999,1.0001007769988064,0.25418869700115465,0.00019129999964206945,DISABLED,on,user_reported,36.71023941040039,58.27046585083008,1007.26421875,90651.5546875,True,True,True,176,0,0,109,178,101,2026-10-03T17:23:10.016022+07:00,322.11054115300067,0.187053574998572,OK,,True,2026-10-03T17:23:10.203091+07:00,322.29760600600093,0.03402694599935785,OK,,True,1521,0.19012500000000002,,2026-10-03T17:23:10.237122+07:00,322.3316380819997,0.03295106600126019,OK,,True,2788,0.34850000000000003,
85b4985b8d1f4a73a18432c400a3e636,324,2026-10-03T17:23:11.015856+07:00,323.11036019200037,69.14318377100062,EXPOSURE,2729.195489187,0.9999509820008825,0.25199108599917963,0.00014228200052457396,DISABLED,on,user_reported,36.71023941040039,58.23795700073242,1007.18203125,91330.71875,True,True,True,176,0,0,109,178,101,2026-10-03T17:23:11.015942+07:00,323.110460154001,0.18594617700000526,OK,,True,2026-10-03T17:23:11.201900+07:00,323.2964154599995,0.033013955000569695,OK,,True,1556,0.1945,,2026-10-03T17:23:11.234914+07:00,323.3294323219998,0.0329094000007899,OK,,True,2790,0.34875,
85b4985b8d1f4a73a18432c400a3e636,325,2026-10-03T17:23:12.015793+07:00,324.110301748,70.14312532700023,EXPOSURE,2730.1954307429996,0.9999415559996123,0.26404437699966365,8.383800013689324e-05,DISABLED,on,user_reported,36.70960235595703,58.2248420715332,1007.2153125,90747.9609375,True,True,True,176,0,0,109,178,101,2026-10-03T17:23:12.015875+07:00,324.1103945070008,0.1897713130001648,OK,,True,2026-10-03T17:23:12.205672+07:00,324.30018352300067,0.037508862998947734,OK,,True,1555,0.194375,,2026-10-03T17:23:12.243187+07:00,324.3377019039999,0.03662738800085208,OK,,True,2793,0.349125,
85b4985b8d1f4a73a18432c400a3e636,326,2026-10-03T17:23:13.015840+07:00,325.1103411559998,71.14316473500003,EXPOSURE,2731.1954701509994,1.0000394079997932,0.2615205269994476,0.00012324599993007723,DISABLED,on,user_reported,36.70513153076172,58.237152099609375,1007.16015625,90651.5546875,True,True,True,176,0,0,109,178,101,2026-10-03T17:23:13.015985+07:00,325.1105034880002,0.18895276399962313,OK,,True,2026-10-03T17:23:13.204956+07:00,325.299469734,0.0362292610006989,OK,,True,1550,0.19375,,2026-10-03T17:23:13.241192+07:00,325.3357064209995,0.03613650300030713,OK,,True,2794,0.34925,
85b4985b8d1f4a73a18432c400a3e636,327,2026-10-03T17:23:14.015905+07:00,326.11040160099947,72.14322517999972,EXPOSURE,2732.195530595999,1.00006044499969,0.25925117600127123,0.000183690999620012,DISABLED,on,user_reported,36.708961486816406,58.23775100708008,1007.19375,90267.984375,True,True,True,176,0,0,109,179,101,2026-10-03T17:23:14.016063+07:00,326.11058063699966,0.19105296900124813,OK,,True,2026-10-03T17:23:14.207131+07:00,326.30164519900063,0.034931604999655974,OK,,True,1542,0.19275,,2026-10-03T17:23:14.242068+07:00,326.3365830820003,0.03305489900048997,OK,,True,2788,0.34850000000000003,
85b4985b8d1f4a73a18432c400a3e636,328,2026-10-03T17:23:15.015862+07:00,327.11036856600003,73.14319214500028,EXPOSURE,2733.1954975609997,0.9999669650005671,0.25472561999959,0.00015065600018715486,DISABLED,on,user_reported,36.70832061767578,58.237648010253906,1007.322578125,91038.40625,True,True,True,176,0,0,109,178,101,2026-10-03T17:23:15.015957+07:00,327.1104739170005,0.18591036299949337,OK,,True,2026-10-03T17:23:15.201877+07:00,327.2963926320008,0.034017019999737386,OK,,True,1525,0.19062500000000002,,2026-10-03T17:23:15.235905+07:00,327.3304189850005,0.034661738000068,OK,,True,2775,0.346875,
85b4985b8d1f4a73a18432c400a3e636,329,2026-10-03T17:23:16.015799+07:00,328.11030897599994,74.1431325550002,EXPOSURE,2734.1954379709996,0.9999404099999083,0.25243493400012085,9.106600009545218e-05,DISABLED,on,user_reported,36.703857421875,58.23045349121094,1007.30171875,90555.359375,True,True,True,176,0,0,109,179,101,2026-10-03T17:23:16.015871+07:00,328.1103909379999,0.18583303000013984,OK,,True,2026-10-03T17:23:16.201717+07:00,328.2962324130003,0.03330943299988576,OK,,True,1544,0.193,,2026-10-03T17:23:16.235032+07:00,328.32954745700044,0.03318571300042095,OK,,True,2787,0.348375,
85b4985b8d1f4a73a18432c400a3e636,330,2026-10-03T17:23:17.015794+07:00,329.11030225600007,75.14312583500032,EXPOSURE,2735.1954312509997,0.9999932800001261,0.2523348979993898,8.434600022155792e-05,DISABLED,on,user_reported,36.70704650878906,58.20494079589844,1007.286328125,91526.6328125,True,True,True,176,0,0,109,178,101,2026-10-03T17:23:17.015880+07:00,329.1104001069998,0.18584930799988797,OK,,True,2026-10-03T17:23:17.201744+07:00,329.29625891499927,0.0334472470003675,OK,,True,1542,0.19275,,2026-10-03T17:23:17.235196+07:00,329.32971158799955,0.03291626999998698,OK,,True,2793,0.349125,
85b4985b8d1f4a73a18432c400a3e636,331,2026-10-03T17:23:18.015793+07:00,330.11030390700034,76.1431274860006,EXPOSURE,2736.195432902,1.0000016510002752,0.25218252900049265,8.59970004967181e-05,DISABLED,on,user_reported,36.71533966064453,58.199737548828125,1007.299921875,90941.3828125,True,True,True,176,0,0,109,178,101,2026-10-03T17:23:18.015869+07:00,330.11038877600004,0.18585777100088308,OK,,True,2026-10-03T17:23:18.201740+07:00,330.29625608400056,0.0332994519994827,OK,,True,1539,0.192375,,2026-10-03T17:23:18.235043+07:00,330.3295596099997,0.03291754800011404,OK,,True,2789,0.348625,
85b4985b8d1f4a73a18432c400a3e636,332,2026-10-03T17:23:19.015824+07:00,331.11033124200003,77.14315482100028,EXPOSURE,2737.1954602369997,1.000027334999686,0.2562212749999162,0.00011333200018270873,DISABLED,on,user_reported,36.72235870361328,58.18132781982422,1007.27015625,90651.5546875,True,True,True,176,0,0,109,178,101,2026-10-03T17:23:19.015913+07:00,331.11043303800034,0.18582112299918663,OK,,True,2026-10-03T17:23:19.201746+07:00,331.29626182799984,0.03600978199938254,OK,,True,1553,0.194125,,2026-10-03T17:23:19.237769+07:00,331.3322823130002,0.034247925999807194,OK,,True,2795,0.349375,
85b4985b8d1f4a73a18432c400a3e636,333,2026-10-03T17:23:20.015864+07:00,332.1103644119994,78.14318799099965,EXPOSURE,2738.195493406999,1.0000331699993694,0.26113714200073446,0.00014650199955212884,DISABLED,on,user_reported,36.725547790527344,58.13633346557617,1007.295859375,90555.359375,True,True,True,176,0,0,109,178,101,2026-10-03T17:23:20.016010+07:00,332.11052774400014,0.19185270399975707,OK,,True,2026-10-03T17:23:20.207882+07:00,332.30239476300085,0.03568535799968231,OK,,True,1555,0.194375,,2026-10-03T17:23:20.243572+07:00,332.3380873440001,0.03340091400059464,OK,,True,2766,0.34575,
85b4985b8d1f4a73a18432c400a3e636,334,2026-10-03T17:23:21.015796+07:00,333.11030648999986,79.14313006900011,EXPOSURE,2739.1954354849995,0.9999420780004584,0.2522647509995295,8.858000001055188e-05,DISABLED,on,user_reported,36.730655670166016,58.07215118408203,1007.276796875,91526.6328125,True,True,True,176,0,0,109,178,101,2026-10-03T17:23:21.015870+07:00,333.110389675001,0.18582745599996997,OK,,True,2026-10-03T17:23:21.201711+07:00,333.29622607500096,0.03305502900002466,OK,,True,1551,0.193875,,2026-10-03T17:23:21.234768+07:00,333.32928576999984,0.033274416000494966,OK,,True,2789,0.348625,
85b4985b8d1f4a73a18432c400a3e636,335,2026-10-03T17:23:22.015859+07:00,334.11036358599995,80.1431871650002,EXPOSURE,2740.1954925809996,1.0000570960000914,0.2523017509993224,0.00014567600010195747,DISABLED,on,user_reported,36.723636627197266,57.993106842041016,1007.251640625,91526.6328125,True,True,True,176,0,0,109,178,101,2026-10-03T17:23:22.015952+07:00,334.11047132599924,0.18586132600103156,OK,,True,2026-10-03T17:23:22.201827+07:00,334.2963424490008,0.0333744139988994,OK,,True,1549,0.193625,,2026-10-03T17:23:22.235206+07:00,334.32972199300093,0.032933343998593045,OK,,True,2784,0.34800000000000003,
85b4985b8d1f4a73a18432c400a3e636,336,2026-10-03T17:23:23.015799+07:00,335.11030827600007,81.14313185500032,EXPOSURE,2741.1954372709997,0.9999446900001203,0.2523491579995607,9.036600022227503e-05,DISABLED,on,user_reported,36.72746276855469,57.896305084228516,1007.2646875,91428.5703125,True,True,True,176,0,0,109,178,101,2026-10-03T17:23:23.015872+07:00,335.1103914970008,0.18582180900011736,OK,,True,2026-10-03T17:23:23.201706+07:00,335.29622139800085,0.03319921199909004,OK,,True,1556,0.1945,,2026-10-03T17:23:23.234908+07:00,335.32942481400096,0.033221415998923476,OK,,True,2777,0.347125,
85b4985b8d1f4a73a18432c400a3e636,337,2026-10-03T17:23:24.015798+07:00,336.1103082619993,82.14313184099956,EXPOSURE,2742.195437256999,0.9999999859992386,0.2522661769999104,9.035199946083594e-05,DISABLED,on,user_reported,36.724910736083984,57.81154251098633,1007.21265625,91330.71875,True,True,True,176,0,0,109,178,101,2026-10-03T17:23:24.015872+07:00,336.11039140899993,0.185829048999949,OK,,True,2026-10-03T17:23:24.201714+07:00,336.29622949499935,0.03325871200104302,OK,,True,1555,0.194375,,2026-10-03T17:23:24.234975+07:00,336.3294924109996,0.033070528001189814,OK,,True,2780,0.34750000000000003,
85b4985b8d1f4a73a18432c400a3e636,338,2026-10-03T17:23:25.015837+07:00,337.1103437849997,83.14316736399996,EXPOSURE,2743.1954727799994,1.000035523000406,0.25887601199974597,0.0001258749998669373,DISABLED,on,user_reported,36.72108459472656,57.733097076416016,1007.254296875,91921.0078125,True,True,True,176,0,0,109,178,101,2026-10-03T17:23:25.015925+07:00,337.1104443580007,0.1859195479992195,OK,,True,2026-10-03T17:23:25.201862+07:00,337.2963771649993,0.03691855300166935,OK,,True,1538,0.19225,,2026-10-03T17:23:25.238794+07:00,337.33330640299937,0.035884987000827095,OK,,True,2785,0.348125,
85b4985b8d1f4a73a18432c400a3e636,339,2026-10-03T17:23:26.015820+07:00,338.11032929000066,84.14315286900091,EXPOSURE,2744.1954582850003,0.9999855050009501,0.25207323399990855,0.00011138000081700739,DISABLED,on,user_reported,36.724910736083984,57.662353515625,1007.25375,92020.1328125,True,True,True,176,0,0,109,178,101,2026-10-03T17:23:26.015896+07:00,338.1104156960009,0.18582519799929287,OK,,True,2026-10-03T17:23:26.201735+07:00,338.2962509120007,0.033227026999156806,OK,,True,1548,0.1935,,2026-10-03T17:23:26.234967+07:00,338.3294832169995,0.03290904800087446,OK,,True,2786,0.34825,
85b4985b8d1f4a73a18432c400a3e636,340,2026-10-03T17:23:27.015988+07:00,339.1104786270007,85.14330220600095,EXPOSURE,2745.1956076220004,1.000149337000039,0.2529113949985913,0.00026071700085594784,DISABLED,on,user_reported,36.72937774658203,57.64360427856445,1007.21984375,91428.5703125,True,True,True,176,0,0,109,179,101,2026-10-03T17:23:27.016149+07:00,339.1106672549995,0.18593536400112498,OK,,True,2026-10-03T17:23:27.202100+07:00,339.29661515500084,0.03363543199884589,OK,,True,1558,0.19475,,2026-10-03T17:23:27.235740+07:00,339.33025610500044,0.03312099100003252,OK,,True,2780,0.34750000000000003,
85b4985b8d1f4a73a18432c400a3e636,341,2026-10-03T17:23:28.015798+07:00,340.11030878199927,86.14313236099952,EXPOSURE,2746.195437776999,0.9998301549985626,0.2535245940016466,9.08719994185958e-05,DISABLED,on,user_reported,36.731292724609375,57.61796188354492,1007.209375,92219.0234375,True,True,True,176,0,0,109,178,101,2026-10-03T17:23:28.015873+07:00,340.1103931710004,0.18607480599894188,OK,,True,2026-10-03T17:23:28.201963+07:00,340.2964783850002,0.03413990800072497,OK,,True,1554,0.19425,,2026-10-03T17:23:28.236109+07:00,340.33062470000004,0.0331975089993648,OK,,True,2778,0.34725,
85b4985b8d1f4a73a18432c400a3e636,342,2026-10-03T17:23:29.015799+07:00,341.11030938099975,87.14313296,EXPOSURE,2747.1954383759994,1.0000005990004865,0.25313213400113455,9.147099990514107e-05,DISABLED,on,user_reported,36.72874069213867,57.56570816040039,1007.33515625,92020.1328125,True,True,True,176,0,0,109,178,101,2026-10-03T17:23:29.015873+07:00,341.11039226899993,0.18634899000062433,OK,,True,2026-10-03T17:23:29.202241+07:00,341.29675561099975,0.033532708999700844,OK,,True,1547,0.193375,,2026-10-03T17:23:29.235778+07:00,341.3302940049998,0.03313708399946336,OK,,True,2778,0.34725,
85b4985b8d1f4a73a18432c400a3e636,343,2026-10-03T17:23:30.015834+07:00,342.1103407940009,88.14316437300113,EXPOSURE,2748.1954697890005,1.0000314130011247,0.25627521999922465,0.00012288400102988817,DISABLED,on,user_reported,36.730655670166016,57.52064895629883,1007.3384375,91921.0078125,True,True,True,176,0,0,109,178,101,2026-10-03T17:23:30.015921+07:00,342.1104408680003,0.18706496499908098,OK,,True,2026-10-03T17:23:30.203000+07:00,342.29751561100056,0.03452779399958672,OK,,True,1538,0.19225,,2026-10-03T17:23:30.237550+07:00,342.3320574980007,0.03453951600022265,OK,,True,2767,0.345875,
85b4985b8d1f4a73a18432c400a3e636,344,2026-10-03T17:23:31.015855+07:00,343.1103559490002,89.14317952800047,EXPOSURE,2749.195484944,1.0000151549993461,0.2642789139990782,0.00013803900037601124,DISABLED,on,user_reported,36.724273681640625,57.45487594604492,1007.300625,91723.3984375,True,True,True,176,0,0,109,178,101,2026-10-03T17:23:31.016008+07:00,343.1105255959992,0.1921708680001757,OK,,True,2026-10-03T17:23:31.208208+07:00,343.30271827899924,0.03638463100105582,OK,,True,1551,0.193875,,2026-10-03T17:23:31.244598+07:00,343.3391122060002,0.03550132400050643,OK,,True,2785,0.348125,
85b4985b8d1f4a73a18432c400a3e636,345,2026-10-03T17:23:32.015856+07:00,344.1103558449995,90.14317942399975,EXPOSURE,2750.195484839999,0.9999998959992809,0.2585985890000302,0.0001379349996568635,DISABLED,on,user_reported,36.725547790527344,57.41621398925781,1007.295859375,92119.46875,True,True,True,176,0,0,109,178,101,2026-10-03T17:23:32.016006+07:00,344.11052263999954,0.18978398000035668,OK,,True,2026-10-03T17:23:32.205814+07:00,344.3003255830008,0.0334929699984059,OK,,True,1568,0.196,,2026-10-03T17:23:32.239313+07:00,344.3338262750003,0.03511267800058704,OK,,True,2755,0.344375,
85b4985b8d1f4a73a18432c400a3e636,346,2026-10-03T17:23:33.015798+07:00,345.1103067040003,91.14313028300057,EXPOSURE,2751.195435699,0.999950859000819,0.2537557029991149,8.879400047590025e-05,DISABLED,on,user_reported,36.72937774658203,57.38443374633789,1007.226796875,92318.7890625,True,True,True,176,0,0,109,178,101,2026-10-03T17:23:33.015877+07:00,345.11039711100057,0.18581853099931323,OK,,True,2026-10-03T17:23:33.201708+07:00,345.296224013,0.03454284899999038,OK,,True,1522,0.19025,,2026-10-03T17:23:33.236261+07:00,345.3307748070001,0.03327232300034666,OK,,True,2760,0.34500000000000003,
85b4985b8d1f4a73a18432c400a3e636,347,2026-10-03T17:23:34.015798+07:00,346.1103059340003,92.14312951300053,EXPOSURE,2752.195434929,0.9999992299999576,0.2530172829992807,8.802400043350644e-05,DISABLED,on,user_reported,36.732566833496094,57.359012603759766,1007.27984375,91723.3984375,True,True,True,176,0,0,109,178,101,2026-10-03T17:23:34.015876+07:00,346.110396045,0.18581806799920741,OK,,True,2026-10-03T17:23:34.201707+07:00,346.29622209400077,0.03326447099971119,OK,,True,1539,0.192375,,2026-10-03T17:23:34.234976+07:00,346.329491677001,0.033817373998317635,OK,,True,2758,0.34475,
85b4985b8d1f4a73a18432c400a3e636,348,2026-10-03T17:23:35.015797+07:00,347.110305831,93.14312941000026,EXPOSURE,2753.1954348259997,0.999999896999725,0.253501094000967,8.792100015853066e-05,DISABLED,on,user_reported,36.73448181152344,57.359310150146484,1007.235078125,92219.0234375,True,True,True,176,0,0,109,178,101,2026-10-03T17:23:35.015879+07:00,347.11039868199987,0.18679680100103724,OK,,True,2026-10-03T17:23:35.202692+07:00,347.2972064280002,0.03338395100035996,OK,,True,1538,0.19225,,2026-10-03T17:23:35.236087+07:00,347.3305998979995,0.03318893499999831,OK,,True,2766,0.34575,
85b4985b8d1f4a73a18432c400a3e636,349,2026-10-03T17:23:36.015839+07:00,348.1103453020005,94.14316888100075,EXPOSURE,2754.195474297,1.0000394710004912,0.25393547899875557,0.00012739200064970646,DISABLED,on,user_reported,36.735755920410156,57.365989685058594,1007.230390625,93910.4921875,True,True,True,176,0,0,109,178,101,2026-10-03T17:23:36.015926+07:00,348.11044531900006,0.18581880999954592,OK,,True,2026-10-03T17:23:36.201757+07:00,348.2962719799998,0.03296821500043734,OK,,True,1544,0.193,,2026-10-03T17:23:36.234725+07:00,348.3292435839994,0.03502349400150706,OK,,True,2774,0.34675,
85b4985b8d1f4a73a18432c400a3e636,350,2026-10-03T17:23:37.015803+07:00,349.1103119590007,95.14313553800093,EXPOSURE,2755.1954409540003,0.9999666570001864,0.2569047139986651,9.404900083609391e-05,DISABLED,on,user_reported,36.74405288696289,57.334896087646484,1007.236953125,93910.4921875,True,True,True,176,0,0,109,178,101,2026-10-03T17:23:37.015879+07:00,349.11039871700086,0.18581330999950296,OK,,True,2026-10-03T17:23:37.201703+07:00,349.29621958200005,0.036637351000536,OK,,True,1549,0.193625,,2026-10-03T17:23:37.238354+07:00,349.3328667299993,0.034322703000725596,OK,,True,2777,0.347125,
85b4985b8d1f4a73a18432c400a3e636,351,2026-10-03T17:23:38.015809+07:00,350.1103182269999,96.14314180600013,EXPOSURE,2756.1954472219995,1.000006267999197,0.2532850219995453,0.00010031700003310107,DISABLED,on,user_reported,36.73703384399414,57.301448822021484,1007.232265625,92318.7890625,True,True,True,176,0,0,109,178,101,2026-10-03T17:23:38.015887+07:00,350.11040705900086,0.18580660599945986,OK,,True,2026-10-03T17:23:38.201706+07:00,350.2962217580007,0.03326013799960492,OK,,True,1544,0.193,,2026-10-03T17:23:38.234966+07:00,350.3294850069997,0.034105407999959425,OK,,True,2784,0.34800000000000003,
85b4985b8d1f4a73a18432c400a3e636,352,2026-10-03T17:23:39.015795+07:00,351.11030516199935,97.1431287409996,EXPOSURE,2757.195434156999,0.9999869349994697,0.25178260800021235,8.725199950276874e-05,DISABLED,on,user_reported,36.738311767578125,57.28870391845703,1007.220625,92418.7734375,True,True,True,176,0,0,109,178,101,2026-10-03T17:23:39.015870+07:00,351.11038945700057,0.18581588399865723,OK,,True,2026-10-03T17:23:39.201698+07:00,351.29621404499994,0.03300028800003929,OK,,True,1538,0.19225,,2026-10-03T17:23:39.234701+07:00,351.3292183140002,0.03285612299987406,OK,,True,2780,0.34750000000000003,
85b4985b8d1f4a73a18432c400a3e636,353,2026-10-03T17:23:40.015797+07:00,352.1103050599995,98.14312863899977,EXPOSURE,2758.195434054999,0.9999998980001692,0.2576987089996692,8.71499996719649e-05,DISABLED,on,user_reported,36.73320770263672,57.26849365234375,1007.212421875,93858.84375,True,True,True,176,0,0,109,178,101,2026-10-03T17:23:40.015876+07:00,352.11039541100035,0.18581886500032851,OK,,True,2026-10-03T17:23:40.201707+07:00,352.29622227599975,0.03471455200087803,OK,,True,1541,0.192625,,2026-10-03T17:23:40.236437+07:00,352.33094927300044,0.03703856999891286,OK,,True,2765,0.345625,
85b4985b8d1f4a73a18432c400a3e636,354,2026-10-03T17:23:41.015948+07:00,353.1104551059998,99.14327868500004,EXPOSURE,2759.1955841009994,1.0001500460002717,0.2520327359998191,0.00023719599994365126,DISABLED,on,user_reported,36.73639678955078,57.230167388916016,1007.231328125,93858.84375,True,True,True,176,0,0,109,178,101,2026-10-03T17:23:41.016044+07:00,353.11056391999955,0.18583547600064776,OK,,True,2026-10-03T17:23:41.201892+07:00,353.29640704399935,0.0332118790011009,OK,,True,1547,0.193375,,2026-10-03T17:23:41.235106+07:00,353.32962371900067,0.03285508599947207,OK,,True,2774,0.34675,
85b4985b8d1f4a73a18432c400a3e636,355,2026-10-03T17:23:42.015798+07:00,354.1103055429994,100.14312912199966,EXPOSURE,2760.195434537999,0.9998504369996226,0.25175044200113916,8.763299956626724e-05,DISABLED,on,user_reported,36.735755920410156,57.165374755859375,1007.196171875,93962.1953125,True,True,True,176,0,0,109,178,101,2026-10-03T17:23:42.015883+07:00,354.110403005001,0.18581545799861487,OK,,True,2026-10-03T17:23:42.201711+07:00,354.2962265549995,0.03298593700128549,OK,,True,1547,0.193375,,2026-10-03T17:23:42.234697+07:00,354.32921552900007,0.032831566999448114,OK,,True,2779,0.347375,
85b4985b8d1f4a73a18432c400a3e636,356,2026-10-03T17:23:43.015792+07:00,355.11029986799986,101.14312344700011,EXPOSURE,2761.1954288629995,0.9999943250004435,0.2517874610002764,8.195800000976305e-05,DISABLED,on,user_reported,36.735755920410156,57.12009811401367,1007.326171875,93807.2578125,True,True,True,176,0,0,109,178,101,2026-10-03T17:23:43.015875+07:00,355.1103945899995,0.1858154569999897,OK,,True,2026-10-03T17:23:43.201703+07:00,355.29621826900075,0.03303084399885847,OK,,True,1555,0.194375,,2026-10-03T17:23:43.234735+07:00,355.32925301999967,0.032826123000631924,OK,,True,2779,0.347375,
85b4985b8d1f4a73a18432c400a3e636,357,2026-10-03T17:23:44.015795+07:00,356.1103044160009,102.14312799500112,EXPOSURE,2762.1954334110005,1.0000045480010158,0.25167507199876127,8.650600102555472e-05,DISABLED,on,user_reported,36.738948822021484,57.0753173828125,1007.303984375,93910.4921875,True,True,True,176,0,0,109,178,101,2026-10-03T17:23:44.015869+07:00,356.11038897099934,0.18582268000136537,OK,,True,2026-10-03T17:23:44.201703+07:00,356.2962196690005,0.032935695999185555,OK,,True,1545,0.193125,,2026-10-03T17:23:44.234640+07:00,356.3291586239993,0.03281153100033407,OK,,True,2783,0.347875,
85b4985b8d1f4a73a18432c400a3e636,358,2026-10-03T17:23:45.015798+07:00,357.11030833400036,103.14313191300062,EXPOSURE,2763.195437329,1.0000039179994928,0.25505574899943895,9.04240005183965e-05,DISABLED,on,user_reported,36.732566833496094,57.035552978515625,1007.293515625,92119.46875,True,True,True,176,0,0,109,178,101,2026-10-03T17:23:45.015872+07:00,357.1103910189995,0.18582505000085803,OK,,True,2026-10-03T17:23:45.201708+07:00,357.2962240319994,0.03331163700022444,OK,,True,1549,0.193625,,2026-10-03T17:23:45.235023+07:00,357.32954000300015,0.03580685800079664,OK,,True,2773,0.346625,
85b4985b8d1f4a73a18432c400a3e636,359,2026-10-03T17:23:46.015839+07:00,358.11034547500094,104.14316905400119,EXPOSURE,2764.1954744700006,1.0000371410005755,0.2517297009999311,0.0001275650010938989,DISABLED,on,user_reported,36.738948822021484,57.02360153198242,1007.276640625,93962.1953125,True,True,True,176,0,0,109,178,101,2026-10-03T17:23:46.015930+07:00,358.11045006600034,0.18581660599920724,OK,,True,2026-10-03T17:23:46.201759+07:00,358.29627519099995,0.03296971400050097,OK,,True,1543,0.192875,,2026-10-03T17:23:46.234729+07:00,358.3292478130006,0.032818233999933,OK,,True,2782,0.34775,
85b4985b8d1f4a73a18432c400a3e636,360,2026-10-03T17:23:47.015803+07:00,359.11031083799935,105.1431344169996,EXPOSURE,2765.195439832999,0.9999653629984095,0.2519752370008064,9.292799950344488e-05,DISABLED,on,user_reported,36.742774963378906,57.01773452758789,1007.2621875,92318.7890625,True,True,True,176,0,0,109,178,101,2026-10-03T17:23:47.015886+07:00,359.1104056340009,0.1858136429982551,OK,,True,2026-10-03T17:23:47.201711+07:00,359.29622749900045,0.03311799099901691,OK,,True,1551,0.193875,,2026-10-03T17:23:47.234834+07:00,359.32935048999934,0.03292545600015728,OK,,True,2776,0.34700000000000003,
85b4985b8d1f4a73a18432c400a3e636,361,2026-10-03T17:23:48.015840+07:00,360.11034555399965,106.1431691329999,EXPOSURE,2766.1954745489993,1.0000347160003003,0.2516796840009192,0.0001276439998036949,DISABLED,on,user_reported,36.746604919433594,57.0441780090332,1007.29578125,92318.7890625,True,True,True,176,0,0,109,178,101,2026-10-03T17:23:48.015928+07:00,360.1104478310008,0.18581682799958799,OK,,True,2026-10-03T17:23:48.201756+07:00,360.29627282600086,0.03293915899848798,OK,,True,1550,0.19375,,2026-10-03T17:23:48.234696+07:00,360.32921526300015,0.03280104899931757,OK,,True,2782,0.34775,
85b4985b8d1f4a73a18432c400a3e636,362,2026-10-03T17:23:49.015798+07:00,361.11030788099924,107.1431314599995,EXPOSURE,2767.195436875999,0.9999623269995936,0.2517787760007195,8.997099939733744e-05,DISABLED,on,user_reported,36.7542610168457,57.07767868041992,1007.2465625,93962.1953125,True,True,True,176,0,0,109,178,101,2026-10-03T17:23:49.015872+07:00,361.1103922509992,0.1858301800002664,OK,,True,2026-10-03T17:23:49.201715+07:00,361.2962309119994,0.03300214000046253,OK,,True,1549,0.193625,,2026-10-03T17:23:49.234719+07:00,361.32923762599967,0.03284025300126814,OK,,True,2781,0.347625,
85b4985b8d1f4a73a18432c400a3e636,363,2026-10-03T17:23:50.015791+07:00,362.11030150499937,108.14312508399962,EXPOSURE,2768.195430499999,0.9999936240001261,0.2517301830012002,8.359499952348415e-05,DISABLED,on,user_reported,36.7542610168457,57.097076416015625,1007.2328125,92318.7890625,True,True,True,176,0,0,109,178,101,2026-10-03T17:23:50.015863+07:00,362.11038259700035,0.18582006900032866,OK,,True,2026-10-03T17:23:50.201695+07:00,362.296210425,0.03298101099971973,OK,,True,1543,0.192875,,2026-10-03T17:23:50.234677+07:00,362.32919512099943,0.032827975001055165,OK,,True,2779,0.347375,
85b4985b8d1f4a73a18432c400a3e636,364,2026-10-03T17:23:51.015792+07:00,363.1103018880003,109.14312546700057,EXPOSURE,2769.195430883,1.0000003830009518,0.2520461809999688,8.397800047532655e-05,DISABLED,on,user_reported,36.75745391845703,57.13637161254883,1007.251796875,91822.09375,True,True,True,176,0,0,109,178,101,2026-10-03T17:23:51.015860+07:00,363.11038003499925,0.1858197180008574,OK,,True,2026-10-03T17:23:51.201693+07:00,363.29620827100007,0.033288434000496636,OK,,True,1551,0.193875,,2026-10-03T17:23:51.234984+07:00,363.3295011129994,0.032837956001458224,OK,,True,2778,0.34725,
85b4985b8d1f4a73a18432c400a3e636,365,2026-10-03T17:23:52.015795+07:00,364.1103034560001,110.14312703500036,EXPOSURE,2770.1954324509998,1.0000015679997887,0.25181788699956087,8.554600026400294e-05,DISABLED,on,user_reported,36.75872802734375,57.14303207397461,1007.260546875,91624.9140625,True,True,True,176,0,0,109,178,101,2026-10-03T17:23:52.015880+07:00,364.1103993809993,0.18584008800098673,OK,,True,2026-10-03T17:23:52.201732+07:00,364.29624826500003,0.033013344000210054,OK,,True,1550,0.19375,,2026-10-03T17:23:52.234748+07:00,364.3292654800007,0.032846233998498064,OK,,True,2777,0.347125,
85b4985b8d1f4a73a18432c400a3e636,366,2026-10-03T17:23:53.015835+07:00,365.1103352099999,111.14315878900015,EXPOSURE,2771.1954642049996,1.0000317539997923,0.26213396999992256,0.00011730000005627517,DISABLED,on,user_reported,36.756813049316406,57.155677795410156,1007.236953125,91526.6328125,True,True,True,176,0,0,109,178,101,2026-10-03T17:23:53.015980+07:00,365.1104978759995,0.19174022500010324,OK,,True,2026-10-03T17:23:53.207748+07:00,365.3022585819999,0.035951079000369646,OK,,True,1543,0.192875,,2026-10-03T17:23:53.243701+07:00,365.3382161240006,0.034239370999785024,OK,,True,2768,0.34600000000000003,
85b4985b8d1f4a73a18432c400a3e636,367,2026-10-03T17:23:54.015800+07:00,366.11030881700026,112.14313239600051,EXPOSURE,2772.195437812,0.9999736070003564,0.2519078490004176,9.090700041269884e-05,DISABLED,on,user_reported,36.75234603881836,57.167930603027344,1007.22984375,92318.7890625,True,True,True,176,0,0,109,178,101,2026-10-03T17:23:54.015883+07:00,366.1104030379993,0.18580907000068692,OK,,True,2026-10-03T17:23:54.201704+07:00,366.29621946000043,0.03313982399959059,OK,,True,1553,0.194125,,2026-10-03T17:23:54.234848+07:00,366.32936445000087,0.03284208599870908,OK,,True,2780,0.34750000000000003,
85b4985b8d1f4a73a18432c400a3e636,368,2026-10-03T17:23:55.015794+07:00,367.1103043309995,113.14312790999975,EXPOSURE,2773.195433325999,0.999995513999238,0.25181527600034315,8.642099965072703e-05,DISABLED,on,user_reported,36.7542610168457,57.181156158447266,1007.212265625,92119.46875,True,True,True,176,0,0,109,178,101,2026-10-03T17:23:55.015860+07:00,367.11037981200025,0.18581199499931245,OK,,True,2026-10-03T17:23:55.201683+07:00,367.2961994739999,0.033067565000237664,OK,,True,1548,0.1935,,2026-10-03T17:23:55.234755+07:00,367.3292720019999,0.03283741999985068,OK,,True,2782,0.34775,
85b4985b8d1f4a73a18432c400a3e636,369,2026-10-03T17:23:56.015796+07:00,368.11030625199965,114.1431298309999,EXPOSURE,2774.1954352469993,1.0000019210001483,0.25178951700036123,8.834199979901314e-05,DISABLED,on,user_reported,36.75043487548828,57.19350051879883,1007.260859375,92119.46875,True,True,True,176,0,0,109,178,101,2026-10-03T17:23:56.015865+07:00,368.1103846040005,0.18581040299977758,OK,,True,2026-10-03T17:23:56.201687+07:00,368.29620283999975,0.03305108399945311,OK,,True,1546,0.19325,,2026-10-03T17:23:56.234742+07:00,368.3292590910005,0.032827955999891856,OK,,True,2776,0.34700000000000003,
85b4985b8d1f4a73a18432c400a3e636,370,2026-10-03T17:23:57.015835+07:00,369.1103419890005,115.14316556800077,EXPOSURE,2775.195470984,1.0000357370008714,0.2521999210002832,0.00012407900067046285,DISABLED,on,user_reported,36.75043487548828,57.187034606933594,1007.3225,91526.6328125,True,True,True,176,0,0,109,178,101,2026-10-03T17:23:57.015923+07:00,369.1104423029992,0.18582975500066823,OK,,True,2026-10-03T17:23:57.201765+07:00,369.2962804830004,0.03331413799969596,OK,,True,1544,0.193,,2026-10-03T17:23:57.235084+07:00,369.3296004170006,0.03292893799880403,OK,,True,2777,0.347125,
85b4985b8d1f4a73a18432c400a3e636,371,2026-10-03T17:23:58.015797+07:00,370.11030572600066,116.14312930500091,EXPOSURE,2776.1954347210003,0.9999637370001437,0.25443788499978837,8.781600081420038e-05,DISABLED,on,user_reported,36.75298309326172,57.17449188232422,1007.3196875,91723.3984375,True,True,True,176,0,0,109,178,101,2026-10-03T17:23:58.015883+07:00,370.11040237400084,0.18581323599937605,OK,,True,2026-10-03T17:23:58.201708+07:00,370.2962234250008,0.03335943299862265,OK,,True,1546,0.19325,,2026-10-03T17:23:58.235073+07:00,370.32958882099956,0.03513608600042062,OK,,True,2785,0.348125,
85b4985b8d1f4a73a18432c400a3e636,372,2026-10-03T17:23:59.015809+07:00,371.11031703799927,117.14314061699952,EXPOSURE,2777.195446032999,1.0000113119986054,0.25195046000044385,9.912799941957928e-05,DISABLED,on,user_reported,36.760643005371094,57.16272735595703,1007.32546875,92219.0234375,True,True,True,176,0,0,109,178,101,2026-10-03T17:23:59.015893+07:00,371.11041233300057,0.18582401399908122,OK,,True,2026-10-03T17:23:59.201729+07:00,371.2962445510002,0.033096380000642966,OK,,True,1545,0.193125,,2026-10-03T17:23:59.234830+07:00,371.3293461159992,0.03291143800015561,OK,,True,2773,0.346625,
85b4985b8d1f4a73a18432c400a3e636,373,2026-10-03T17:24:00.015798+07:00,372.11030816399943,118.14313174299969,EXPOSURE,2778.195437158999,0.9999911260001682,0.25196347900055116,9.02539995877305e-05,DISABLED,on,user_reported,36.75745391845703,57.12990951538086,1007.251796875,92119.46875,True,True,True,176,0,0,109,178,101,2026-10-03T17:24:00.015864+07:00,372.11038396000004,0.1858291440003086,OK,,True,2026-10-03T17:24:00.201705+07:00,372.2962207700002,0.03313762099969608,OK,,True,1559,0.194875,,2026-10-03T17:24:00.234847+07:00,372.3293630579992,0.03289869600121165,OK,,True,2777,0.347125,
85b4985b8d1f4a73a18432c400a3e636,374,2026-10-03T17:24:01.015793+07:00,373.11030292100077,119.14312650000102,EXPOSURE,2779.1954319160004,0.9999947570013319,0.2518978869993589,8.501100091962144e-05,DISABLED,on,user_reported,36.75872802734375,57.1042366027832,1007.27421875,92020.1328125,True,True,True,176,0,0,109,178,101,2026-10-03T17:24:01.015858+07:00,373.1103771800008,0.18582201399840415,OK,,True,2026-10-03T17:24:01.201690+07:00,373.2962065089996,0.03307589799987909,OK,,True,1560,0.195,,2026-10-03T17:24:01.234771+07:00,373.32928761100084,0.032903474999329774,OK,,True,2782,0.34775,
85b4985b8d1f4a73a18432c400a3e636,375,2026-10-03T17:24:02.015841+07:00,374.1103446590005,0.14316823800072598,WAIT_RECOVERY,2780.195473654,1.0000417379997089,0.2519925710003008,0.00012674900062847883,DISABLED,on,user_reported,36.75936508178711,57.09785842895508,1007.227421875,91921.0078125,True,True,True,176,0,0,109,178,101,2026-10-03T17:24:02.015927+07:00,374.110446177001,0.18591240199930326,OK,,True,2026-10-03T17:24:02.201852+07:00,374.29636770899924,0.03309536100096011,OK,,True,1545,0.193125,,2026-10-03T17:24:02.234952+07:00,374.3294684779994,0.03285934500127041,OK,,True,2779,0.347375,
85b4985b8d1f4a73a18432c400a3e636,376,2026-10-03T17:24:03.015909+07:00,375.1104096929994,1.1432332719996339,WAIT_RECOVERY,2781.195538687999,1.000065033998908,0.2526594920000207,0.0001917829995363718,DISABLED,on,user_reported,36.75809097290039,57.09119415283203,1007.2528125,91624.9140625,True,True,True,176,0,0,109,178,101,2026-10-03T17:24:03.016029+07:00,375.1105483400006,0.18605495699921448,OK,,True,2026-10-03T17:24:03.202096+07:00,375.2966115750005,0.03348120999908133,OK,,True,1559,0.194875,,2026-10-03T17:24:03.235582+07:00,375.3300982670007,0.03296119599872327,OK,,True,2781,0.347625,
85b4985b8d1f4a73a18432c400a3e636,377,2026-10-03T17:24:04.015852+07:00,376.1103526549996,2.1431762339998386,WAIT_RECOVERY,2782.1954816499992,0.9999429620002047,0.26275818800058914,0.00013474499974108767,DISABLED,on,user_reported,36.76319122314453,57.040260314941406,1007.233671875,92119.46875,True,True,True,176,0,0,109,178,101,2026-10-03T17:24:04.015995+07:00,376.1105131719996,0.19174759599991376,OK,,True,2026-10-03T17:24:04.207762+07:00,376.3022752859997,0.035552842000470264,OK,,True,1559,0.194875,,2026-10-03T17:24:04.243326+07:00,376.337839369,0.035252269999546115,OK,,True,2779,0.347375,
85b4985b8d1f4a73a18432c400a3e636,378,2026-10-03T17:24:05.015847+07:00,377.1103504679995,3.143174046999775,WAIT_RECOVERY,2783.195479462999,0.9999978129999363,0.2625513190014317,0.00013255799967737403,DISABLED,on,user_reported,36.75745391845703,56.961822509765625,1007.217578125,92219.0234375,True,True,True,176,0,0,109,178,101,2026-10-03T17:24:05.015959+07:00,377.1104776709999,0.19137326599957305,OK,,True,2026-10-03T17:24:05.207354+07:00,377.301865677,0.03573522899932868,OK,,True,1562,0.19525,,2026-10-03T17:24:05.243099+07:00,377.3376116840009,0.035269140998934745,OK,,True,2777,0.347125,
85b4985b8d1f4a73a18432c400a3e636,379,2026-10-03T17:24:06.015812+07:00,378.1103207260003,4.143144305000533,WAIT_RECOVERY,2784.195449721,0.9999702580007579,0.25214360800055147,0.0001028160004352685,DISABLED,on,user_reported,36.75809097290039,56.83271408081055,1007.191171875,94169.578125,True,True,True,176,0,0,109,178,101,2026-10-03T17:24:06.015893+07:00,378.1104124850008,0.18581760699998995,OK,,True,2026-10-03T17:24:06.201722+07:00,378.29623779599933,0.033332082000924856,OK,,True,1537,0.192125,,2026-10-03T17:24:06.235059+07:00,378.3295750260004,0.03287869700034207,OK,,True,2772,0.34650000000000003,
85b4985b8d1f4a73a18432c400a3e636,380,2026-10-03T17:24:07.015797+07:00,379.11030707700047,5.1431306560007215,WAIT_RECOVERY,2785.195436072,0.9999863510001887,0.25197699799900874,8.916700062400196e-05,DISABLED,on,user_reported,36.760643005371094,56.691078186035156,1007.2090625,94117.6484375,True,True,True,176,0,0,109,178,101,2026-10-03T17:24:07.015879+07:00,379.1103985760001,0.1858392369995272,OK,,True,2026-10-03T17:24:07.201732+07:00,379.29624734999925,0.03311378800026432,OK,,True,1547,0.193375,,2026-10-03T17:24:07.234850+07:00,379.3293664520006,0.03290727099920332,OK,,True,2769,0.346125,
85b4985b8d1f4a73a18432c400a3e636,381,2026-10-03T17:24:08.015797+07:00,380.1103057250002,6.1431293040004675,WAIT_RECOVERY,2786.19543472,0.999998647999746,0.2525229370003217,8.781500037002843e-05,DISABLED,on,user_reported,36.756813049316406,56.53567886352539,1007.230234375,92219.0234375,True,True,True,176,0,0,109,178,101,2026-10-03T17:24:08.015882+07:00,380.1104017609996,0.1858342180003092,OK,,True,2026-10-03T17:24:08.201729+07:00,380.29624488599984,0.033090844000980724,OK,,True,1551,0.193875,,2026-10-03T17:24:08.234824+07:00,380.32934134099924,0.03347621000102663,OK,,True,2770,0.34625,
85b4985b8d1f4a73a18432c400a3e636,382,2026-10-03T17:24:09.015797+07:00,381.1103042609993,0.34036654099872976,RECOVERY,2787.195433255999,0.9999985359991115,0.25192214700109616,8.635099948151037e-05,DISABLED,on,user_reported,36.75234603881836,56.393184661865234,1007.21609375,93910.4921875,True,True,True,176,0,0,109,178,101,2026-10-03T17:24:09.015879+07:00,381.1103986119997,0.1858114040005603,OK,,True,2026-10-03T17:24:09.201700+07:00,381.29621699699965,0.03307162199962477,OK,,True,1549,0.193625,,2026-10-03T17:24:09.234777+07:00,381.32929432200035,0.03292288199918403,OK,,True,2766,0.34575,
85b4985b8d1f4a73a18432c400a3e636,383,2026-10-03T17:24:10.015794+07:00,382.1103020390001,1.340364318999491,RECOVERY,2788.1954310339997,0.9999977780007612,0.2521193859993218,8.41290002426831e-05,DISABLED,on,user_reported,36.75809097290039,56.258766174316406,1007.33484375,94065.7734375,True,True,True,176,0,0,109,178,101,2026-10-03T17:24:10.015876+07:00,382.1103955939998,0.18581649599946104,OK,,True,2026-10-03T17:24:10.201704+07:00,382.2962200340007,0.033327137998639955,OK,,True,1555,0.194375,,2026-10-03T17:24:10.235036+07:00,382.32955206100087,0.032860085999345756,OK,,True,2773,0.346625,
85b4985b8d1f4a73a18432c400a3e636,384,2026-10-03T17:24:11.015882+07:00,383.1103806680003,2.3404429479996907,RECOVERY,2789.195509663,1.0000786290001997,0.2617158270004438,0.00016275800044240896,DISABLED,on,user_reported,36.76319122314453,56.12436294555664,1007.315859375,94534.7109375,True,True,True,176,0,0,109,178,101,2026-10-03T17:24:11.016036+07:00,383.1105543520007,0.19156345000010333,OK,,True,2026-10-03T17:24:11.207620+07:00,383.3021329130006,0.035591803998613614,OK,,True,1539,0.192375,,2026-10-03T17:24:11.243222+07:00,383.3377359770002,0.034341573000347125,OK,,True,2784,0.34800000000000003,
85b4985b8d1f4a73a18432c400a3e636,385,2026-10-03T17:24:12.015852+07:00,384.1103503539998,3.3404126339992217,RECOVERY,2790.1954793489995,0.9999696859995311,0.262549263999972,0.000132443999973475,DISABLED,on,user_reported,36.76191711425781,55.98906707763672,1007.320625,94325.71875,True,True,True,176,0,0,109,178,101,2026-10-03T17:24:12.016008+07:00,384.1105264079997,0.1917866710009548,OK,,True,2026-10-03T17:24:12.207816+07:00,384.30232900400006,0.03576704400074959,OK,,True,1525,0.19062500000000002,,2026-10-03T17:24:12.243593+07:00,384.3381071959993,0.03477521900094871,OK,,True,2776,0.34700000000000003,
85b4985b8d1f4a73a18432c400a3e636,386,2026-10-03T17:24:13.015845+07:00,385.11034476200075,4.340407042000152,RECOVERY,2791.1954737570004,0.99999440800093,0.2639374760001374,0.0001268520009034546,DISABLED,on,user_reported,36.75745391845703,55.84695816040039,1007.299765625,95273.5390625,True,True,True,176,0,0,109,178,101,2026-10-03T17:24:13.016004+07:00,385.11052202000064,0.1898465939993912,OK,,True,2026-10-03T17:24:13.205881+07:00,385.30038948400033,0.03729738299989549,OK,,True,1538,0.19225,,2026-10-03T17:24:13.243186+07:00,385.337698497,0.03656631500052754,OK,,True,2767,0.345875,
85b4985b8d1f4a73a18432c400a3e636,387,2026-10-03T17:24:14.015808+07:00,386.11031574499975,5.340378024999154,RECOVERY,2792.1954447399994,0.9999709829990024,0.25175618499997654,9.783499990589917e-05,DISABLED,on,user_reported,36.75553512573242,55.724605560302734,1007.289765625,95008.3515625,True,True,True,176,0,0,109,178,101,2026-10-03T17:24:14.015889+07:00,386.11040866999974,0.1858207000004768,OK,,True,2026-10-03T17:24:14.201722+07:00,386.29623761100083,0.03296117799982312,OK,,True,1530,0.19125,,2026-10-03T17:24:14.234683+07:00,386.3292020480003,0.03285952999976871,OK,,True,2761,0.345125,
85b4985b8d1f4a73a18432c400a3e636,388,2026-10-03T17:24:15.015799+07:00,387.11030739499984,6.340369674999238,RECOVERY,2793.1954363899995,0.9999916500000836,0.2517525370003568,8.948499998950865e-05,DISABLED,on,user_reported,36.751708984375,55.61486053466797,1007.25609375,95167.2890625,True,True,True,176,0,0,109,178,101,2026-10-03T17:24:15.015875+07:00,387.1103944860006,0.18582016399886925,OK,,True,2026-10-03T17:24:15.201707+07:00,387.29622237200056,0.03296914000020479,OK,,True,1548,0.1935,,2026-10-03T17:24:15.234677+07:00,387.32919514199966,0.03285567900093156,OK,,True,2766,0.34575,
85b4985b8d1f4a73a18432c400a3e636,389,2026-10-03T17:24:16.015800+07:00,388.1103094329992,7.3403717129986035,RECOVERY,2794.195438427999,1.0000020379993657,0.2517108710017055,9.152299935522024e-05,DISABLED,on,user_reported,36.75489807128906,55.51266860961914,1007.247578125,95061.2734375,True,True,True,176,0,0,109,178,101,2026-10-03T17:24:16.015880+07:00,388.11039932099993,0.18581334900045476,OK,,True,2026-10-03T17:24:16.201704+07:00,388.29622026200013,0.03295623399935721,OK,,True,1542,0.19275,,2026-10-03T17:24:16.234662+07:00,388.3291799769995,0.03283184599968081,OK,,True,2763,0.345375,
85b4985b8d1f4a73a18432c400a3e636,390,2026-10-03T17:24:17.015804+07:00,389.11031073100094,8.340373011000338,RECOVERY,2795.1954397260006,1.0000012980017345,0.2520693129990832,9.28210010897601e-05,DISABLED,on,user_reported,36.7542610168457,55.40353012084961,1007.20546875,95220.3828125,True,True,True,176,0,0,109,178,101,2026-10-03T17:24:17.015890+07:00,389.1104095080009,0.1858287749982992,OK,,True,2026-10-03T17:24:17.201731+07:00,389.29624680100096,0.03324034199977177,OK,,True,1550,0.19375,,2026-10-03T17:24:17.234973+07:00,389.32949095799995,0.0328779379997286,OK,,True,2762,0.34525,
85b4985b8d1f4a73a18432c400a3e636,391,2026-10-03T17:24:18.015799+07:00,390.11030786300034,9.340370142999745,RECOVERY,2796.195436858,0.9999971319994074,0.2516646120002406,8.995300049718935e-05,DISABLED,on,user_reported,36.746604919433594,55.33185958862305,1007.23421875,95754.625,True,True,True,176,0,0,109,178,101,2026-10-03T17:24:18.015882+07:00,390.11040141800004,0.1858068120000098,OK,,True,2026-10-03T17:24:18.201698+07:00,390.29621435899935,0.032937734000370256,OK,,True,1542,0.19275,,2026-10-03T17:24:18.234636+07:00,390.3291549629994,0.03280964199984737,OK,,True,2759,0.344875,
85b4985b8d1f4a73a18432c400a3e636,392,2026-10-03T17:24:19.015799+07:00,391.1103068470002,10.340369126999576,RECOVERY,2797.195435842,0.9999989839998307,0.25174698199953127,8.893700032786e-05,DISABLED,on,user_reported,36.74724578857422,55.26145935058594,1007.228359375,95970.0078125,True,True,True,176,0,0,109,178,101,2026-10-03T17:24:19.015876+07:00,391.11039601300035,0.1858086270003696,OK,,True,2026-10-03T17:24:19.201694+07:00,391.29621071399924,0.03295371500098554,OK,,True,1543,0.192875,,2026-10-03T17:24:19.234648+07:00,391.32916733599995,0.03287736399943242,OK,,True,2764,0.34550000000000003,
85b4985b8d1f4a73a18432c400a3e636,393,2026-10-03T17:24:20.015798+07:00,392.11030659099924,11.340368870998645,RECOVERY,2798.195435585999,0.9999997439990693,0.25171668600160046,8.868099939718377e-05,DISABLED,on,user_reported,36.74532699584961,55.19709396362305,1007.238984375,95970.0078125,True,True,True,176,0,0,109,178,101,2026-10-03T17:24:20.015881+07:00,392.1104009970004,0.18580527499943855,OK,,True,2026-10-03T17:24:20.201697+07:00,392.2962128279996,0.03296525100086001,OK,,True,1543,0.192875,,2026-10-03T17:24:20.234663+07:00,392.3291813020005,0.03283321599883493,OK,,True,2764,0.34550000000000003,
85b4985b8d1f4a73a18432c400a3e636,394,2026-10-03T17:24:21.015792+07:00,393.1103007790007,12.340363059000083,RECOVERY,2799.1954297740003,0.9999941880014376,0.2519038329992327,8.286900083476212e-05,DISABLED,on,user_reported,36.738948822021484,55.12568283081055,1007.2834375,95970.0078125,True,True,True,176,0,0,109,178,101,2026-10-03T17:24:21.015873+07:00,393.1103924079998,0.18581610799992632,OK,,True,2026-10-03T17:24:21.201697+07:00,393.29621397899973,0.032972678000078304,OK,,True,1542,0.19275,,2026-10-03T17:24:21.234671+07:00,393.3291900080003,0.033005418999891845,OK,,True,2762,0.34525,
85b4985b8d1f4a73a18432c400a3e636,395,2026-10-03T17:24:22.015801+07:00,394.1103094120008,13.34037169200019,RECOVERY,2800.1954384070004,1.0000086330001068,0.2517919819983945,9.15020009415457e-05,DISABLED,on,user_reported,36.74150085449219,55.094058990478516,1007.2190625,95754.625,True,True,True,176,0,0,109,178,101,2026-10-03T17:24:22.015883+07:00,394.11040255899934,0.18582538600094267,OK,,True,2026-10-03T17:24:22.201720+07:00,394.2962357409997,0.03302497399999993,OK,,True,1540,0.1925,,2026-10-03T17:24:22.234748+07:00,394.32926488200064,0.03282773399951111,OK,,True,2757,0.344625,
85b4985b8d1f4a73a18432c400a3e636,396,2026-10-03T17:24:23.015800+07:00,395.1103085270006,14.340370807,RECOVERY,2801.1954375220002,0.9999991149998095,0.2519973870003014,9.061700075108092e-05,DISABLED,on,user_reported,36.73639678955078,55.03569030761719,1007.21765625,95808.3828125,True,True,True,176,0,0,109,178,101,2026-10-03T17:24:23.015884+07:00,395.1104033039992,0.18580846000077145,OK,,True,2026-10-03T17:24:23.201701+07:00,395.2962177640002,0.03320347199951357,OK,,True,1556,0.1945,,2026-10-03T17:24:23.234905+07:00,395.3294245880006,0.032870862998606754,OK,,True,2759,0.344875,
85b4985b8d1f4a73a18432c400a3e636,397,2026-10-03T17:24:24.015797+07:00,396.1103055120002,15.340367791999597,RECOVERY,2802.195434507,0.9999969849995978,0.25172246399961296,8.760200034885202e-05,DISABLED,on,user_reported,36.735755920410156,54.977996826171875,1007.353515625,96186.359375,True,True,True,176,0,0,109,178,101,2026-10-03T17:24:24.015878+07:00,396.110397845001,0.18580942299922754,OK,,True,2026-10-03T17:24:24.201699+07:00,396.296215194001,0.03297943699908501,OK,,True,1543,0.192875,,2026-10-03T17:24:24.234680+07:00,396.32919798200055,0.03282167900033528,OK,,True,2764,0.34550000000000003,
85b4985b8d1f4a73a18432c400a3e636,398,2026-10-03T17:24:25.015799+07:00,397.1103073680006,16.340369647999978,RECOVERY,2803.195436363,1.000001856000381,0.25181766700006847,8.945800072979182e-05,DISABLED,on,user_reported,36.73703384399414,54.93339920043945,1007.29390625,96132.1796875,True,True,True,176,0,0,109,178,101,2026-10-03T17:24:25.015882+07:00,397.11040147899985,0.1858118119998835,OK,,True,2026-10-03T17:24:25.201705+07:00,397.2962214199997,0.033001806999891414,OK,,True,1547,0.193375,,2026-10-03T17:24:25.234709+07:00,397.32922722700096,0.03288727099970856,OK,,True,2762,0.34525,
85b4985b8d1f4a73a18432c400a3e636,399,2026-10-03T17:24:26.015794+07:00,398.1103022059997,17.34036448599909,RECOVERY,2804.1954312009993,0.999994837999111,0.2518319450009585,8.429599984083325e-05,DISABLED,on,user_reported,36.730655670166016,54.90046310424805,1007.311015625,96078.0625,True,True,True,176,0,0,109,178,101,2026-10-03T17:24:26.015873+07:00,398.1103931130001,0.18581516400081455,OK,,True,2026-10-03T17:24:26.201699+07:00,398.29621533200043,0.0330540849990939,OK,,True,1541,0.192625,,2026-10-03T17:24:26.234755+07:00,398.3292730280009,0.03285141899868904,OK,,True,2761,0.345125,
85b4985b8d1f4a73a18432c400a3e636,400,2026-10-03T17:24:27.015801+07:00,399.1103091549994,18.340371434998815,RECOVERY,2805.195438149999,1.0000069489997259,0.2518719820000115,9.124499956669752e-05,DISABLED,on,user_reported,36.731929779052734,54.88787078857422,1007.285625,96622.0078125,True,True,True,176,0,0,109,178,101,2026-10-03T17:24:27.015880+07:00,399.1103995989997,0.1858297010003298,OK,,True,2026-10-03T17:24:27.201723+07:00,399.2962385030005,0.0330389920000016,OK,,True,1553,0.194125,,2026-10-03T17:24:27.234764+07:00,399.32928125500075,0.03289014099937049,OK,,True,2756,0.34450000000000003,
85b4985b8d1f4a73a18432c400a3e636,401,2026-10-03T17:24:28.015794+07:00,400.1103024380009,19.340364718000274,RECOVERY,2806.1954314330005,0.9999932830014586,0.2518994069996552,8.45280010253191e-05,DISABLED,on,user_reported,36.73320770263672,54.856075286865234,1007.30140625,96186.359375,True,True,True,176,0,0,109,178,101,2026-10-03T17:24:28.015874+07:00,400.1103937709995,0.18581231200005277,OK,,True,2026-10-03T17:24:28.201696+07:00,400.2962127490009,0.032949159998679534,OK,,True,1555,0.194375,,2026-10-03T17:24:28.234646+07:00,400.3291651870004,0.033027010000296286,OK,,True,2758,0.34475,
85b4985b8d1f4a73a18432c400a3e636,402,2026-10-03T17:24:29.015799+07:00,401.1103081100009,20.340370390000317,RECOVERY,2807.1954371050006,1.000005672000043,0.25178587099981087,9.020000106829684e-05,DISABLED,on,user_reported,36.74150085449219,54.81255340576172,1007.25328125,96403.6875,True,True,True,176,0,0,109,178,101,2026-10-03T17:24:29.015880+07:00,401.1103997760001,0.18582394199984265,OK,,True,2026-10-03T17:24:29.201715+07:00,401.2962307359994,0.0329825670014543,OK,,True,1555,0.194375,,2026-10-03T17:24:29.234697+07:00,401.3292165990006,0.03286716000002343,OK,,True,2764,0.34550000000000003,
85b4985b8d1f4a73a18432c400a3e636,403,2026-10-03T17:24:30.015798+07:00,402.11030718999973,21.340369469999132,RECOVERY,2808.1954361849994,0.9999990799988154,0.2519612770011008,8.927999988372903e-05,DISABLED,on,user_reported,36.73703384399414,54.7927131652832,1007.2528125,96186.359375,True,True,True,176,0,0,109,178,101,2026-10-03T17:24:30.015877+07:00,402.1103971329994,0.18581142400034878,OK,,True,2026-10-03T17:24:30.201698+07:00,402.29621483399933,0.033204769000803935,OK,,True,1548,0.1935,,2026-10-03T17:24:30.234905+07:00,402.32942301,0.03283651300080237,OK,,True,2758,0.34475,
85b4985b8d1f4a73a18432c400a3e636,404,2026-10-03T17:24:31.015794+07:00,403.1103018619997,22.34036414199909,RECOVERY,2809.1954308569993,0.9999946719999571,0.2517320759998256,8.395199984079227e-05,DISABLED,on,user_reported,36.73448181152344,54.74119567871094,1007.269296875,95970.0078125,True,True,True,176,0,0,109,178,101,2026-10-03T17:24:31.015882+07:00,403.11040156499985,0.1858073309995234,OK,,True,2026-10-03T17:24:31.201698+07:00,403.2962152660002,0.032955992999632144,OK,,True,1551,0.193875,,2026-10-03T17:24:31.234656+07:00,403.3291745179995,0.03284849400006351,OK,,True,2757,0.344625,
85b4985b8d1f4a73a18432c400a3e636,405,2026-10-03T17:24:32.015801+07:00,404.1103099789998,23.340372258999196,RECOVERY,2810.1954389739994,1.0000081170001067,0.25179863099947397,9.206899994751438e-05,DISABLED,on,user_reported,36.72874069213867,54.753116607666016,1007.24625,96512.7265625,True,True,True,176,0,0,109,178,101,2026-10-03T17:24:32.015879+07:00,404.1103991639993,0.1858347010002035,OK,,True,2026-10-03T17:24:32.201727+07:00,404.2962435320005,0.033016583998687565,OK,,True,1547,0.193375,,2026-10-03T17:24:32.234746+07:00,404.32926382000005,0.032835808999152505,OK,,True,2763,0.345375,
85b4985b8d1f4a73a18432c400a3e636,406,2026-10-03T17:24:33.015795+07:00,405.1103038559995,24.34036613599892,RECOVERY,2811.195432850999,0.9999938769997243,0.2517370020013914,8.594599967182148e-05,DISABLED,on,user_reported,36.72618865966797,54.7271728515625,1007.207890625,96186.359375,True,True,True,176,0,0,109,178,101,2026-10-03T17:24:33.015880+07:00,405.1103992440003,0.1858066089989734,OK,,True,2026-10-03T17:24:33.201696+07:00,405.29621281599975,0.0329464000005828,OK,,True,1550,0.19375,,2026-10-03T17:24:33.234644+07:00,405.3291627899998,0.03286708599989652,OK,,True,2755,0.344375,
85b4985b8d1f4a73a18432c400a3e636,407,2026-10-03T17:24:34.015798+07:00,406.1103068449993,25.340369124998688,RECOVERY,2812.195435839999,1.0000029889997677,0.2518870930016419,8.89349994395161e-05,DISABLED,on,user_reported,36.72810363769531,54.695518493652344,1007.2246875,96841.3125,True,True,True,176,0,0,109,178,101,2026-10-03T17:24:34.015880+07:00,406.11040010299985,0.18581497900049726,OK,,True,2026-10-03T17:24:34.201706+07:00,406.2962229149998,0.032996658999763895,OK,,True,1561,0.195125,,2026-10-03T17:24:34.234705+07:00,406.32922294499986,0.0329577699994843,OK,,True,2761,0.345125,
85b4985b8d1f4a73a18432c400a3e636,408,2026-10-03T17:24:35.015805+07:00,407.1103136109996,26.340375890998985,RECOVERY,2813.1954426059992,1.000006766000297,0.2518041860002995,9.570099973643664e-05,DISABLED,on,user_reported,36.722999572753906,54.681976318359375,1007.161640625,96458.1796875,True,True,True,176,0,0,109,178,101,2026-10-03T17:24:35.015887+07:00,407.1104059249992,0.18580996000127925,OK,,True,2026-10-03T17:24:35.201707+07:00,407.29622295899935,0.03299769700061006,OK,,True,1539,0.192375,,2026-10-03T17:24:35.234706+07:00,407.32922435900036,0.03288373400027922,OK,,True,2761,0.345125,
85b4985b8d1f4a73a18432c400a3e636,409,2026-10-03T17:24:36.015798+07:00,408.1103061369995,27.3403684169989,RECOVERY,2814.195435131999,0.9999925259999145,0.2519697030002135,8.822699965094216e-05,DISABLED,on,user_reported,36.72618865966797,54.66967010498047,1007.180546875,96841.3125,True,True,True,176,0,0,109,178,101,2026-10-03T17:24:36.015881+07:00,408.11040035800033,0.18580671999916376,OK,,True,2026-10-03T17:24:36.201696+07:00,408.2962129110001,0.033211473000847036,OK,,True,1545,0.193125,,2026-10-03T17:24:36.234909+07:00,408.32942769799956,0.0328387350000412,OK,,True,2762,0.34525,
85b4985b8d1f4a73a18432c400a3e636,410,2026-10-03T17:24:37.015799+07:00,409.1103066070009,28.340368887000295,RECOVERY,2815.1954356020005,1.000000470001396,0.2518285379992449,8.869700104696676e-05,DISABLED,on,user_reported,36.72108459472656,54.66252517700195,1007.3159375,96132.1796875,True,True,True,176,0,0,109,178,101,2026-10-03T17:24:37.015881+07:00,409.11040031000084,0.1858217009994405,OK,,True,2026-10-03T17:24:37.201715+07:00,409.29623104799975,0.03303527000025497,OK,,True,1541,0.192625,,2026-10-03T17:24:37.234752+07:00,409.32927030000064,0.03285469699949317,OK,,True,2753,0.344125,
85b4985b8d1f4a73a18432c400a3e636,411,2026-10-03T17:24:38.015802+07:00,410.11031055900094,29.340372839000338,RECOVERY,2816.1954395540006,1.0000039520000428,0.2516755029992055,9.264900108973961e-05,DISABLED,on,user_reported,36.72618865966797,54.65689468383789,1007.269453125,97172.140625,True,True,True,176,0,0,109,178,101,2026-10-03T17:24:38.015881+07:00,410.1104011509997,0.18580951700096193,OK,,True,2026-10-03T17:24:38.201700+07:00,410.2962169450002,0.03294064100009564,OK,,True,1548,0.1935,,2026-10-03T17:24:38.234642+07:00,410.3291607350002,0.0328171420005674,OK,,True,2763,0.345375,
85b4985b8d1f4a73a18432c400a3e636,412,2026-10-03T17:24:39.015924+07:00,411.11042221500065,30.340484495000055,RECOVERY,2817.1955512100003,1.0001116559997172,0.2528850479993707,0.00020430500080692582,DISABLED,on,user_reported,36.72682571411133,54.6378288269043,1007.3184375,96240.6015625,True,True,True,176,0,0,109,178,101,2026-10-03T17:24:39.016057+07:00,411.1105757690002,0.1863582160003716,OK,,True,2026-10-03T17:24:39.202425+07:00,411.29694124399975,0.03343943300023966,OK,,True,1545,0.193125,,2026-10-03T17:24:39.235869+07:00,411.3303859360003,0.032910178999372874,OK,,True,2764,0.34550000000000003,
85b4985b8d1f4a73a18432c400a3e636,413,2026-10-03T17:24:40.015801+07:00,412.1103088910004,31.340371170999788,RECOVERY,2818.195437886,0.9998866759997327,0.25172363099954964,9.098100053961389e-05,DISABLED,on,user_reported,36.72810363769531,54.625244140625,1007.272578125,96841.3125,True,True,True,176,0,0,109,178,101,2026-10-03T17:24:40.015885+07:00,412.1104044830008,0.1858092749989737,OK,,True,2026-10-03T17:24:40.201704+07:00,412.2962207769997,0.03297075199952815,OK,,True,1545,0.193125,,2026-10-03T17:24:40.234676+07:00,412.32919517700066,0.03282904899970163,OK,,True,2758,0.34475,
85b4985b8d1f4a73a18432c400a3e636,414,2026-10-03T17:24:41.015831+07:00,413.11033791800037,32.34040019799977,RECOVERY,2819.195466913,1.0000290269999823,0.25181122299909475,0.00012000800052192062,DISABLED,on,user_reported,36.731929779052734,54.632205963134766,1007.27890625,96676.734375,True,True,True,176,0,0,109,178,101,2026-10-03T17:24:41.015919+07:00,413.11043880599937,0.18581333100155462,OK,,True,2026-10-03T17:24:41.201742+07:00,413.29625878499974,0.03297691900115751,OK,,True,1546,0.19325,,2026-10-03T17:24:41.234720+07:00,413.32923898099943,0.03290008600015426,OK,,True,2762,0.34525,
85b4985b8d1f4a73a18432c400a3e636,415,2026-10-03T17:24:42.015808+07:00,414.1103164819997,33.34037876199909,RECOVERY,2820.1954454769993,0.9999785639993206,0.25209220299984736,9.857199984253384e-05,DISABLED,on,user_reported,36.72746276855469,54.625144958496094,1007.209921875,97672.640625,True,True,True,176,0,0,109,178,101,2026-10-03T17:24:42.015890+07:00,414.1104093699996,0.18582548000085808,OK,,True,2026-10-03T17:24:42.201727+07:00,414.2962426089998,0.03329608300009568,OK,,True,1549,0.193625,,2026-10-03T17:24:42.235026+07:00,414.3295434320007,0.03285532699919713,OK,,True,2757,0.344625,
85b4985b8d1f4a73a18432c400a3e636,416,2026-10-03T17:24:43.015797+07:00,415.1103046770004,34.34036695699979,RECOVERY,2821.195433672,0.9999881950006966,0.25175263100027223,8.67670005391119e-05,DISABLED,on,user_reported,36.72810363769531,54.61247634887695,1007.26578125,97172.140625,True,True,True,176,0,0,109,178,101,2026-10-03T17:24:43.015884+07:00,415.1104038800004,0.18580831200051762,OK,,True,2026-10-03T17:24:43.201703+07:00,415.29621906300054,0.032972326000162866,OK,,True,1550,0.19375,,2026-10-03T17:24:43.234675+07:00,415.329194463,0.03285271599997941,OK,,True,2757,0.344625,
85b4985b8d1f4a73a18432c400a3e636,417,2026-10-03T17:24:44.015795+07:00,416.11030268600007,35.34036496599947,RECOVERY,2822.1954316809997,0.9999980089996825,0.25824274600017816,8.477600022160914e-05,DISABLED,on,user_reported,36.724910736083984,54.60560607910156,1007.21265625,96951.3359375,True,True,True,176,0,0,109,178,101,2026-10-03T17:24:44.015878+07:00,416.1103972969995,0.1905128300004435,OK,,True,2026-10-03T17:24:44.206408+07:00,416.3009220900003,0.03370228299900191,OK,,True,1540,0.1925,,2026-10-03T17:24:44.240126+07:00,416.33463752100033,0.033890856000653,OK,,True,2748,0.3435,
85b4985b8d1f4a73a18432c400a3e636,418,2026-10-03T17:24:45.015867+07:00,417.11036845499984,36.340430734999245,RECOVERY,2823.1954974499995,1.0000657689997752,0.2589697769999475,0.00015054499999678228,DISABLED,on,user_reported,36.71853256225586,54.57910919189453,1007.21609375,97393.953125,True,True,True,176,0,0,109,178,101,2026-10-03T17:24:45.015987+07:00,417.11050600899944,0.19022175900136062,OK,,True,2026-10-03T17:24:45.206229+07:00,417.300741305,0.034369517999948584,OK,,True,1545,0.193125,,2026-10-03T17:24:45.240608+07:00,417.3351214529994,0.034195538000858505,OK,,True,2754,0.34425,
85b4985b8d1f4a73a18432c400a3e636,419,2026-10-03T17:24:46.015809+07:00,418.1103182429997,37.34038052299911,RECOVERY,2824.1954472379994,0.9999497879998671,0.2517444839995733,0.00010033299986389466,DISABLED,on,user_reported,36.72810363769531,54.574153900146484,1007.2315625,97172.140625,True,True,True,176,0,0,109,178,101,2026-10-03T17:24:46.015892+07:00,418.1104113900001,0.18580775800000993,OK,,True,2026-10-03T17:24:46.201709+07:00,418.2962255549992,0.03295766000155709,OK,,True,1536,0.192,,2026-10-03T17:24:46.234667+07:00,418.3291863070008,0.03286819799905061,OK,,True,2753,0.344125,
85b4985b8d1f4a73a18432c400a3e636,420,2026-10-03T17:24:47.015834+07:00,419.1103389939999,38.340401273999305,RECOVERY,2825.1954679889996,1.0000207510001928,0.2518443160006427,0.00012108400005672593,DISABLED,on,user_reported,36.72108459472656,54.560333251953125,1007.240703125,97116.84375,True,True,True,176,0,0,109,178,101,2026-10-03T17:24:47.015928+07:00,419.1104473079995,0.1858505159998458,OK,,True,2026-10-03T17:24:47.201791+07:00,419.2963065090007,0.03299439999864262,OK,,True,1549,0.193625,,2026-10-03T17:24:47.234787+07:00,419.3293051870005,0.032869493999896804,OK,,True,2763,0.345375,
85b4985b8d1f4a73a18432c400a3e636,421,2026-10-03T17:24:48.015836+07:00,420.1103426890004,39.34040496899979,RECOVERY,2826.195471684,1.000003695000487,0.25206087100013974,0.00012477900054364,DISABLED,on,user_reported,36.715980529785156,54.54680633544922,1007.18453125,97393.953125,True,True,True,176,0,0,109,178,101,2026-10-03T17:24:48.015926+07:00,420.1104454289998,0.18581514700053958,OK,,True,2026-10-03T17:24:48.201752+07:00,420.2962678160002,0.033240323999052634,OK,,True,1542,0.19275,,2026-10-03T17:24:48.234997+07:00,420.3295129369999,0.03288058600082877,OK,,True,2760,0.34500000000000003,
85b4985b8d1f4a73a18432c400a3e636,422,2026-10-03T17:24:49.015851+07:00,421.1103571450003,40.34041942499971,RECOVERY,2827.19548614,1.0000144559999171,0.2519959450000897,0.00013923500046075787,DISABLED,on,user_reported,36.72235870361328,54.56052017211914,1007.229140625,97116.84375,True,True,True,176,0,0,109,178,101,2026-10-03T17:24:49.015937+07:00,421.11045640299926,0.18583607200162078,OK,,True,2026-10-03T17:24:49.201783+07:00,421.2962988090003,0.03321806399981142,OK,,True,1544,0.193,,2026-10-03T17:24:49.235002+07:00,421.32952046600076,0.03282451199993375,OK,,True,2761,0.345125,
85b4985b8d1f4a73a18432c400a3e636,423,2026-10-03T17:24:50.015799+07:00,422.11030787799973,41.34037015799913,RECOVERY,2828.1954368729994,0.999950732999423,0.25173276200075634,8.996799988381099e-05,DISABLED,on,user_reported,36.719810485839844,54.54737091064453,1007.293359375,96896.2890625,True,True,True,176,0,0,109,178,101,2026-10-03T17:24:50.015884+07:00,422.11040385900014,0.18581712800005334,OK,,True,2026-10-03T17:24:50.201711+07:00,422.29622759800077,0.032975473999613314,OK,,True,1554,0.19425,,2026-10-03T17:24:50.234688+07:00,422.32920644300066,0.0328255309996166,OK,,True,2761,0.345125,
85b4985b8d1f4a73a18432c400a3e636,424,2026-10-03T17:24:51.015835+07:00,423.11034105600083,42.340403336000236,RECOVERY,2829.1954700510005,1.0000331780011038,0.2517627799988986,0.0001231460009876173,DISABLED,on,user_reported,36.712791442871094,54.52717971801758,1007.295546875,97449.5625,True,True,True,176,0,0,109,178,101,2026-10-03T17:24:51.015922+07:00,423.1104416849994,0.18581233199984126,OK,,True,2026-10-03T17:24:51.201745+07:00,423.2962610909999,0.03298095500031195,OK,,True,1546,0.19325,,2026-10-03T17:24:51.234727+07:00,423.32924517600077,0.03284993799934455,OK,,True,2761,0.345125,
85b4985b8d1f4a73a18432c400a3e636,425,2026-10-03T17:24:52.015863+07:00,424.1103661600009,43.34042844000032,RECOVERY,2830.1954951550006,1.0000251040000876,0.25192542699915066,0.0001482500010752119,DISABLED,on,user_reported,36.71533966064453,54.527557373046875,1007.313515625,97338.40625,True,True,True,176,0,0,109,178,101,2026-10-03T17:24:52.015987+07:00,424.1105056960005,0.1858594980003545,OK,,True,2026-10-03T17:24:52.201856+07:00,424.296372064,0.032994048999171355,OK,,True,1557,0.194625,,2026-10-03T17:24:52.234853+07:00,424.3293704459993,0.032911215001149685,OK,,True,2751,0.343875,
85b4985b8d1f4a73a18432c400a3e636,426,2026-10-03T17:24:53.015835+07:00,425.1103340240006,44.34039630400002,RECOVERY,2831.1954630190003,0.9999678639997001,0.2517618179990677,0.00011611400077526923,DISABLED,on,user_reported,36.71023941040039,54.53318786621094,1007.305234375,97560.9765625,True,True,True,176,0,0,109,178,101,2026-10-03T17:24:53.015921+07:00,425.11044091199983,0.1858093499995448,OK,,True,2026-10-03T17:24:53.201741+07:00,425.29625715099974,0.03295377100039332,OK,,True,1536,0.192,,2026-10-03T17:24:53.234695+07:00,425.3292136630007,0.03287378999993962,OK,,True,2760,0.34500000000000003,
85b4985b8d1f4a73a18432c400a3e636,427,2026-10-03T17:24:54.015859+07:00,426.11036242500086,45.34042470500026,RECOVERY,2832.1954914200005,1.000028401000236,0.2518640019989107,0.00014451500101131387,DISABLED,on,user_reported,36.70449447631836,54.53233337402344,1007.261640625,97116.84375,True,True,True,176,0,0,109,178,101,2026-10-03T17:24:54.015965+07:00,426.11048446099994,0.18588703500063275,OK,,True,2026-10-03T17:24:54.201865+07:00,426.2963807920005,0.03299019699989003,OK,,True,1549,0.193625,,2026-10-03T17:24:54.234856+07:00,426.3293746920008,0.0328416609991109,OK,,True,2760,0.34500000000000003,
85b4985b8d1f4a73a18432c400a3e636,428,2026-10-03T17:24:55.015832+07:00,427.11033834500086,46.34040062500026,RECOVERY,2833.1954673400005,0.9999759199999971,0.25215285099875473,0.0001204350010084454,DISABLED,on,user_reported,36.71087646484375,54.53966522216797,1007.224140625,97505.234375,True,True,True,176,0,0,109,178,101,2026-10-03T17:24:55.015919+07:00,427.11043912199966,0.18581868399996893,OK,,True,2026-10-03T17:24:55.201750+07:00,427.2962661199999,0.03332832399973995,OK,,True,1544,0.193,,2026-10-03T17:24:55.235082+07:00,427.32959875800043,0.032883697998840944,OK,,True,2751,0.343875,
85b4985b8d1f4a73a18432c400a3e636,429,2026-10-03T17:24:56.015866+07:00,428.1103682280009,47.34043050800028,RECOVERY,2834.1954972230005,1.0000298830000247,0.2542521309987933,0.00015031800103315618,DISABLED,on,user_reported,36.71215057373047,54.52708435058594,1007.294609375,97227.5,True,True,True,176,0,0,109,178,101,2026-10-03T17:24:56.015988+07:00,428.1105057269997,0.18637234600100783,OK,,True,2026-10-03T17:24:56.202372+07:00,428.29688734999945,0.0331561769999098,OK,,True,1542,0.19275,,2026-10-03T17:24:56.235530+07:00,428.3300475270007,0.03455983200001356,OK,,True,2748,0.3435,
85b4985b8d1f4a73a18432c400a3e636,430,2026-10-03T17:24:57.015828+07:00,429.110334463001,48.34039674300038,RECOVERY,2835.1954634580006,0.9999662350001017,0.2520606299985957,0.0001165530011348892,DISABLED,on,user_reported,36.708961486816406,54.52022933959961,1007.2690625,96951.3359375,True,True,True,176,0,0,109,178,101,2026-10-03T17:24:57.015912+07:00,429.1104322030005,0.1858446650003316,OK,,True,2026-10-03T17:24:57.201771+07:00,429.29628625700025,0.033179213000039454,OK,,True,1547,0.193375,,2026-10-03T17:24:57.234954+07:00,429.32947045199944,0.03291340100076923,OK,,True,2756,0.34450000000000003,
85b4985b8d1f4a73a18432c400a3e636,431,2026-10-03T17:24:58.015797+07:00,430.1103055879994,49.34036786799879,RECOVERY,2836.195434582999,0.9999711249984102,0.2519749450002564,8.767799954512157e-05,DISABLED,on,user_reported,36.70960235595703,54.52669906616211,1007.187890625,96731.53125,True,True,True,176,0,0,109,178,101,2026-10-03T17:24:58.015877+07:00,430.11039716100095,0.18582175799929246,OK,,True,2026-10-03T17:24:58.201710+07:00,430.2962262710007,0.03325350900013291,OK,,True,1543,0.192875,,2026-10-03T17:24:58.234965+07:00,430.3294830949999,0.03278910500011989,OK,,True,2754,0.34425,
85b4985b8d1f4a73a18432c400a3e636,432,2026-10-03T17:24:59.015799+07:00,431.1103075640003,50.340369843999724,RECOVERY,2837.195436559,1.0000019760009309,0.25181705800059717,8.965400047600269e-05,DISABLED,on,user_reported,36.71533966064453,54.54032516479492,1007.210859375,97172.140625,True,True,True,176,0,0,109,178,101,2026-10-03T17:24:59.015882+07:00,431.1104016190002,0.18582762799997,OK,,True,2026-10-03T17:24:59.201722+07:00,431.2962377290005,0.03301760300018941,OK,,True,1545,0.193125,,2026-10-03T17:24:59.234742+07:00,431.32925894300024,0.0328559760000644,OK,,True,2759,0.344875,
85b4985b8d1f4a73a18432c400a3e636,433,2026-10-03T17:25:00.015802+07:00,432.1103102819998,51.340372561999175,RECOVERY,2838.1954392769994,1.0000027179994504,0.25217212899951846,9.237199992639944e-05,DISABLED,on,user_reported,36.717891693115234,54.52793884277344,1007.201328125,97505.234375,True,True,True,176,0,0,109,178,101,2026-10-03T17:25:00.015882+07:00,432.1104016699992,0.18584098000064841,OK,,True,2026-10-03T17:25:00.201736+07:00,432.2962513349994,0.0333349709999311,OK,,True,1544,0.193,,2026-10-03T17:25:00.235076+07:00,432.3295916400002,0.032881622999411775,OK,,True,2757,0.344625,
85b4985b8d1f4a73a18432c400a3e636,434,2026-10-03T17:25:01.015924+07:00,433.11042331300087,52.34048559300027,RECOVERY,2839.1955523080005,1.0001130310010922,0.2594181079984992,0.000205403001018567,DISABLED,on,user_reported,36.71533966064453,54.527557373046875,1007.251953125,97338.40625,True,True,True,176,0,0,109,178,101,2026-10-03T17:25:01.016028+07:00,433.11054770100054,0.18987122500038822,OK,,True,2026-10-03T17:25:01.205923+07:00,433.3004356860001,0.03480420000050799,OK,,True,1575,0.196875,,2026-10-03T17:25:01.240729+07:00,433.33524560799924,0.03457994300151768,OK,,True,2758,0.34475,
85b4985b8d1f4a73a18432c400a3e636,435,2026-10-03T17:25:02.015851+07:00,434.1103507349999,53.340413014999285,RECOVERY,2840.1954797299995,0.9999274219990184,0.25855831899934856,0.0001328250000369735,DISABLED,on,user_reported,36.703857421875,54.52585220336914,1007.185390625,96896.2890625,True,True,True,176,0,0,109,178,101,2026-10-03T17:25:02.016002+07:00,434.11051932699957,0.19115336300092167,OK,,True,2026-10-03T17:25:02.207178+07:00,434.3016900420007,0.034303110998735065,OK,,True,1544,0.193,,2026-10-03T17:25:02.241482+07:00,434.3359982460006,0.03290058600032353,OK,,True,2754,0.34425,
85b4985b8d1f4a73a18432c400a3e636,436,2026-10-03T17:25:03.015796+07:00,435.1103063240007,54.340368604000105,RECOVERY,2841.1954353190004,0.9999555890008196,0.2533058799999708,8.84140008565737e-05,DISABLED,on,user_reported,36.698753356933594,54.53147888183594,1007.2865625,97505.234375,True,True,True,176,0,0,109,178,101,2026-10-03T17:25:03.015865+07:00,435.11038508300044,0.18585168400022667,OK,,True,2026-10-03T17:25:03.201731+07:00,435.29624550799963,0.03395544799968775,OK,,True,1548,0.1935,,2026-10-03T17:25:03.235693+07:00,435.33020784399923,0.033392490000551334,OK,,True,2755,0.344375,
85b4985b8d1f4a73a18432c400a3e636,437,2026-10-03T17:25:04.015800+07:00,436.11030780200053,55.340370081999936,RECOVERY,2842.195436797,1.000001477999831,0.252446553999107,8.989200068754144e-05,DISABLED,on,user_reported,36.69939422607422,54.52518844604492,1007.308046875,97172.140625,True,True,True,176,0,0,109,178,101,2026-10-03T17:25:04.015882+07:00,436.11040132000016,0.18583209200005513,OK,,True,2026-10-03T17:25:04.201726+07:00,436.29624185600005,0.033483340999737266,OK,,True,1533,0.19162500000000002,,2026-10-03T17:25:04.235215+07:00,436.3297308450001,0.0330118260008021,OK,,True,2754,0.34425,
85b4985b8d1f4a73a18432c400a3e636,438,2026-10-03T17:25:05.015806+07:00,437.11031400200045,56.34037628199985,RECOVERY,2843.195442997,1.0000061999999161,0.2523964430001797,9.609200060367584e-05,DISABLED,on,user_reported,36.70704650878906,54.53270721435547,1007.26578125,97505.234375,True,True,True,176,0,0,109,178,101,2026-10-03T17:25:05.015890+07:00,437.1104095390001,0.18583242500062624,OK,,True,2026-10-03T17:25:05.201735+07:00,437.29625051900075,0.03344976699918334,OK,,True,1538,0.19225,,2026-10-03T17:25:05.235189+07:00,437.329705008,0.03299297400008072,OK,,True,2764,0.34550000000000003,
85b4985b8d1f4a73a18432c400a3e636,439,2026-10-03T17:25:06.015808+07:00,438.11031472099967,57.34037700099907,RECOVERY,2844.1954437159993,1.0000007189992175,0.2533449910006311,9.681099982117303e-05,DISABLED,on,user_reported,36.69683837890625,54.53757858276367,1007.263046875,97616.78125,True,True,True,176,0,0,109,178,101,2026-10-03T17:25:06.015888+07:00,438.1104073690003,0.18623460699927818,OK,,True,2026-10-03T17:25:06.202145+07:00,438.29665706800006,0.03407702100048482,OK,,True,1541,0.192625,,2026-10-03T17:25:06.236224+07:00,438.3307401820002,0.03290978999939398,OK,,True,2756,0.34450000000000003,
85b4985b8d1f4a73a18432c400a3e636,440,2026-10-03T17:25:07.015803+07:00,439.11031079299937,58.34037307299877,RECOVERY,2845.195439787999,0.9999960719997034,0.26138325900137716,9.288299952459056e-05,DISABLED,on,user_reported,36.69747543334961,54.53129196166992,1007.270859375,97560.9765625,True,True,True,176,0,0,109,178,101,2026-10-03T17:25:07.015883+07:00,439.11040280999987,0.18587794400082203,OK,,True,2026-10-03T17:25:07.201775+07:00,439.2962897720008,0.03819369099983305,OK,,True,1540,0.1925,,2026-10-03T17:25:07.239986+07:00,439.3344972600007,0.037172939999436494,OK,,True,2767,0.345875,
85b4985b8d1f4a73a18432c400a3e636,441,2026-10-03T17:25:08.015853+07:00,440.1103522150006,59.340414495000005,RECOVERY,2846.1954812100003,1.0000414220012317,0.27589604999957373,0.00013430500075628515,DISABLED,on,user_reported,36.70322036743164,54.5449104309082,1007.28015625,97061.609375,True,True,True,176,0,0,109,178,101,2026-10-03T17:25:08.016006+07:00,440.11052454700075,0.20191722199888318,OK,,True,2026-10-03T17:25:08.217946+07:00,440.3124571940007,0.03700581299926853,OK,,True,1550,0.19375,,2026-10-03T17:25:08.254960+07:00,440.34947374700096,0.03675199999997858,OK,,True,2751,0.343875,
85b4985b8d1f4a73a18432c400a3e636,442,2026-10-03T17:25:09.015820+07:00,441.110326213,0.3403884929994092,WAIT_FINISH,2847.1954552079997,0.9999739979994047,0.2527015340001526,0.00010830300016095862,DISABLED,on,user_reported,36.70449447631836,54.53233337402344,1007.254921875,97449.5625,True,True,True,176,0,0,109,178,101,2026-10-03T17:25:09.015901+07:00,441.11042093499964,0.18584427700079686,OK,,True,2026-10-03T17:25:09.201759+07:00,441.2962751560008,0.033301267998467665,OK,,True,1541,0.192625,,2026-10-03T17:25:09.235065+07:00,441.3295812760007,0.033433007998610265,OK,,True,2757,0.344625,
85b4985b8d1f4a73a18432c400a3e636,443,2026-10-03T17:25:10.015806+07:00,442.1103152480009,1.3403775280003174,WAIT_FINISH,2848.1954442430006,0.9999890350009082,0.25332765799976187,9.733800106914714e-05,DISABLED,on,user_reported,36.70768356323242,54.526424407958984,1007.2053125,97338.40625,True,True,True,176,0,0,109,178,101,2026-10-03T17:25:10.015887+07:00,442.11040669199974,0.18587298000056762,OK,,True,2026-10-03T17:25:10.201774+07:00,442.29628965399934,0.03431813000133843,OK,,True,1537,0.192125,,2026-10-03T17:25:10.236096+07:00,442.33061259900023,0.03301636300056998,OK,,True,2766,0.34575,
85b4985b8d1f4a73a18432c400a3e636,444,2026-10-03T17:25:11.015822+07:00,443.11032987600083,2.3403921560002345,WAIT_FINISH,2849.1954588710005,1.0000146279999171,0.25393006000012974,0.00011196600098628551,DISABLED,on,user_reported,36.705772399902344,54.5452880859375,1007.215859375,97505.234375,True,True,True,176,0,0,109,178,101,2026-10-03T17:25:11.015907+07:00,443.1104264679998,0.18581616600022244,OK,,True,2026-10-03T17:25:11.201735+07:00,443.29625096699965,0.03414924299977429,OK,,True,1546,0.19325,,2026-10-03T17:25:11.235890+07:00,443.3304057839996,0.033838577999631525,OK,,True,2738,0.34225,
