run_id,seq,timestamp,elapsed_s,phase_elapsed_s,phase,sensor_uptime_s,loop_interval_s,loop_duration_s,schedule_lag_s,pump_command,external_pump_state,external_pump_source,temperature_c,humidity_pct,pressure_hpa,gas_resistance_ohm,gas_valid,heater_stable,new_data,bme_status_bits,bme_meas_index,bme_gas_index,bme_res_heat,bme_idac,bme_gas_wait,bme_read_started_at,bme_read_elapsed_s,bme_read_duration_s,bme_status,bme_error,bme_fresh,mq135_read_started_at,mq135_read_elapsed_s,mq135_read_duration_s,mq135_status,mq135_error,mq135_fresh,mq135_adc_count,mq135_voltage_v,mq135_ao_voltage_v,mq3_read_started_at,mq3_read_elapsed_s,mq3_read_duration_s,mq3_status,mq3_error,mq3_fresh,mq3_adc_count,mq3_voltage_v,mq3_ao_voltage_v
5f6a39ae4ae94318927b52b4009d4387,1,2026-10-03T17:03:19.015801+07:00,0.6293075120011054,0.6293075120011054,MONITOR,1537.1954382390004,1.0000041530001909,0.2517890319995786,9.133400089922361e-05,DISABLED,on,user_reported,36.606239318847656,54.7668342590332,1007.25296875,106048.0546875,True,True,True,176,0,0,109,178,101,2026-10-03T17:03:19.015882+07:00,0.62939984500008,0.1858320379997167,OK,,True,2026-10-03T17:03:19.201726+07:00,0.8152397350004321,0.03299619999961578,OK,,True,1566,0.19575,,2026-10-03T17:03:19.234722+07:00,0.848238898001,0.03284812699894246,OK,,True,2770,0.34625,
5f6a39ae4ae94318927b52b4009d4387,2,2026-10-03T17:03:20.015799+07:00,1.629307447001338,1.629307447001338,MONITOR,1538.1954381740006,0.9999999350002327,0.252535617999456,9.12690011318773e-05,DISABLED,on,user_reported,36.603050231933594,54.78551483154297,1007.227265625,105916.421875,True,True,True,176,0,0,109,178,101,2026-10-03T17:03:20.015873+07:00,1.629390965001221,0.18582813200009696,OK,,True,2026-10-03T17:03:20.201714+07:00,1.8152275600004941,0.03348317599920847,OK,,True,1570,0.19625,,2026-10-03T17:03:20.235202+07:00,1.8487155330003588,0.03311621700049727,OK,,True,2767,0.345875,
5f6a39ae4ae94318927b52b4009d4387,3,2026-10-03T17:03:21.015800+07:00,2.6293086820005556,2.6293086820005556,MONITOR,1539.1954394089998,1.0000012349992176,0.25224513899956946,9.250400034943596e-05,DISABLED,on,user_reported,36.610069274902344,54.78657150268555,1007.211171875,106246.109375,True,True,True,176,0,0,109,179,101,2026-10-03T17:03:21.015876+07:00,2.6293942730007984,0.1858193919997575,OK,,True,2026-10-03T17:03:21.201707+07:00,2.8152213690009376,0.033478602999821305,OK,,True,1564,0.1955,,2026-10-03T17:03:21.235188+07:00,2.8487039339997864,0.032841535001352895,OK,,True,2774,0.34675,
5f6a39ae4ae94318927b52b4009d4387,4,2026-10-03T17:03:22.015801+07:00,3.6293098450005346,3.6293098450005346,MONITOR,1540.1954405719998,1.000001162999979,0.25199143899953924,9.366700032842346e-05,DISABLED,on,user_reported,36.60432815551758,54.77293014526367,1007.1471875,106644.4453125,True,True,True,176,0,0,109,178,101,2026-10-03T17:03:22.015878+07:00,3.6293957329999103,0.18582354099999066,OK,,True,2026-10-03T17:03:22.201714+07:00,3.8152281069997116,0.03316166200056614,OK,,True,1553,0.194125,,2026-10-03T17:03:22.234879+07:00,3.8483942319999187,0.03289759000108461,OK,,True,2766,0.34575,
5f6a39ae4ae94318927b52b4009d4387,5,2026-10-03T17:03:23.015831+07:00,4.629336512000009,4.629336512000009,MONITOR,1541.1954672389993,1.0000266669994744,0.25177014600012626,0.00012033399980282411,DISABLED,on,user_reported,36.608154296875,54.78628158569336,1007.208203125,105982.1953125,True,True,True,176,0,0,109,178,101,2026-10-03T17:03:23.015917+07:00,4.629434325999682,0.18583083700104908,OK,,True,2026-10-03T17:03:23.201760+07:00,4.815273645001071,0.03299473699917144,OK,,True,1567,0.195875,,2026-10-03T17:03:23.234755+07:00,4.848271863000264,0.03282460999980685,OK,,True,2773,0.346625,
5f6a39ae4ae94318927b52b4009d4387,6,2026-10-03T17:03:24.015797+07:00,5.629305312000724,5.629305312000724,MONITOR,1542.195436039,0.9999688000007154,0.25173251799969876,8.913400051824283e-05,DISABLED,on,user_reported,36.60113525390625,54.7916259765625,1007.19,105785.125,True,True,True,176,0,0,109,178,101,2026-10-03T17:03:24.015873+07:00,5.629390682001031,0.18582283799878496,OK,,True,2026-10-03T17:03:24.201706+07:00,5.815221742001086,0.032955348999166745,OK,,True,1556,0.1945,,2026-10-03T17:03:24.234662+07:00,5.848179923999851,0.032848887000000104,OK,,True,2772,0.34650000000000003,
5f6a39ae4ae94318927b52b4009d4387,7,2026-10-03T17:03:25.015799+07:00,6.629306856000767,6.629306856000767,MONITOR,1543.195437583,1.0000015440000425,0.25217660700036504,9.067800056072883e-05,DISABLED,on,user_reported,36.60496520996094,54.79220199584961,1007.148125,106444.90625,True,True,True,176,0,0,109,178,101,2026-10-03T17:03:25.015874+07:00,6.629391800001031,0.1858278199997585,OK,,True,2026-10-03T17:03:25.201715+07:00,6.815228953000769,0.03311725499952445,OK,,True,1561,0.195125,,2026-10-03T17:03:25.234833+07:00,6.848349523001161,0.03312375499990594,OK,,True,2773,0.346625,
5f6a39ae4ae94318927b52b4009d4387,8,2026-10-03T17:03:26.015826+07:00,7.629330441001002,7.629330441001002,MONITOR,1544.1954611680003,1.0000235850002355,0.26277850499900524,0.00011426300079619978,DISABLED,on,user_reported,36.60496520996094,54.78580856323242,1007.175546875,105916.421875,True,True,True,176,0,0,109,178,101,2026-10-03T17:03:26.015933+07:00,7.629450235999684,0.19112791800034756,OK,,True,2026-10-03T17:03:26.207083+07:00,7.82059395000033,0.036089522000111174,OK,,True,1566,0.19575,,2026-10-03T17:03:26.243176+07:00,7.856691213000886,0.0353989739996905,OK,,True,2782,0.34775,
5f6a39ae4ae94318927b52b4009d4387,9,2026-10-03T17:03:27.015805+07:00,8.629311658000006,8.629311658000006,MONITOR,1545.1954423849993,0.9999812169990037,0.2518970180008182,9.547999979986344e-05,DISABLED,on,user_reported,36.606239318847656,54.78600311279297,1007.1503125,105785.125,True,True,True,176,0,0,109,178,101,2026-10-03T17:03:27.015892+07:00,8.62940969400006,0.18583765500079608,OK,,True,2026-10-03T17:03:27.201743+07:00,8.815256886000498,0.033068515000195475,OK,,True,1560,0.195,,2026-10-03T17:03:27.234812+07:00,8.848329160000503,0.03287003500008723,OK,,True,2772,0.34650000000000003,
5f6a39ae4ae94318927b52b4009d4387,10,2026-10-03T17:03:28.015792+07:00,9.629299027001252,9.629299027001252,MONITOR,1546.1954297540005,0.9999873690012464,0.25178387199957797,8.284900104627013e-05,DISABLED,on,user_reported,36.59986114501953,54.7850456237793,1007.16734375,106577.8515625,True,True,True,176,0,0,109,178,101,2026-10-03T17:03:28.015875+07:00,9.629392434000692,0.18581563599946094,OK,,True,2026-10-03T17:03:28.201701+07:00,9.815215996000916,0.03297147899866104,OK,,True,1572,0.1965,,2026-10-03T17:03:28.234673+07:00,9.848190531,0.03288366400011,OK,,True,2770,0.34625,
5f6a39ae4ae94318927b52b4009d4387,11,2026-10-03T17:03:29.015793+07:00,10.629299177000576,10.629299177000576,MONITOR,1547.1954299039999,1.0000001499993232,0.2517671320001682,8.299900036945473e-05,DISABLED,on,user_reported,36.60496520996094,54.79859161376953,1007.148125,106048.0546875,True,True,True,176,0,0,109,178,101,2026-10-03T17:03:29.015878+07:00,10.629396361000545,0.18581986000026518,OK,,True,2026-10-03T17:03:29.201711+07:00,10.815224683999986,0.03298849699967832,OK,,True,1566,0.19575,,2026-10-03T17:03:29.234698+07:00,10.848216014001082,0.03284068399989337,OK,,True,2773,0.346625,
5f6a39ae4ae94318927b52b4009d4387,12,2026-10-03T17:03:30.015793+07:00,11.629301033999582,11.629301033999582,MONITOR,1548.1954317609989,1.0000018569990061,0.25186470600056055,8.485599937557708e-05,DISABLED,on,user_reported,36.603050231933594,54.79190444946289,1007.179375,105785.125,True,True,True,176,0,0,109,178,101,2026-10-03T17:03:30.015877+07:00,11.629395236001073,0.1858206019987847,OK,,True,2026-10-03T17:03:30.201711+07:00,11.815224060001128,0.03305501499926322,OK,,True,1555,0.194375,,2026-10-03T17:03:30.234767+07:00,11.848283093000646,0.032873091999135795,OK,,True,2772,0.34650000000000003,
5f6a39ae4ae94318927b52b4009d4387,13,2026-10-03T17:03:31.015882+07:00,12.629384986001241,12.629384986001241,MONITOR,1549.1955157130005,1.0000839520016598,0.2518570029988041,0.00016880800103535876,DISABLED,on,user_reported,36.60369110107422,54.78561782836914,1007.14625,106180.0078125,True,True,True,176,0,0,109,178,101,2026-10-03T17:03:31.015984+07:00,12.629501466000875,0.18588532299872895,OK,,True,2026-10-03T17:03:31.201881+07:00,12.815394789000493,0.03299914600029297,OK,,True,1562,0.19525,,2026-10-03T17:03:31.234880+07:00,12.848397083000236,0.03283605400065426,OK,,True,2767,0.345875,
5f6a39ae4ae94318927b52b4009d4387,14,2026-10-03T17:03:32.015832+07:00,13.629333535000114,13.629333535000114,MONITOR,1550.1954642619994,0.9999485489988729,0.2629680640002334,0.00011735699990822468,DISABLED,on,user_reported,36.59986114501953,54.79143524169922,1007.119453125,105719.59375,True,True,True,176,0,0,109,178,101,2026-10-03T17:03:32.015963+07:00,13.62947903300119,0.19141178999961994,OK,,True,2026-10-03T17:03:32.207398+07:00,13.820908137000515,0.03613837500051886,OK,,True,1588,0.1985,,2026-10-03T17:03:32.243543+07:00,13.857056845001352,0.03522466199865448,OK,,True,2787,0.348375,
5f6a39ae4ae94318927b52b4009d4387,15,2026-10-03T17:03:33.015844+07:00,14.629345772000306,14.629345772000306,MONITOR,1551.1954764989996,1.0000122370001918,0.262234461000844,0.00012959400010004174,DISABLED,on,user_reported,36.595394134521484,54.80356216430664,1007.2559375,106113.9921875,True,True,True,176,0,0,109,178,101,2026-10-03T17:03:33.015969+07:00,14.629485715000556,0.1912432360004459,OK,,True,2026-10-03T17:03:33.207235+07:00,14.82074558000022,0.03545258499980264,OK,,True,1583,0.197875,,2026-10-03T17:03:33.242693+07:00,14.856207980001273,0.03535265999926196,OK,,True,2767,0.345875,
5f6a39ae4ae94318927b52b4009d4387,16,2026-10-03T17:03:34.015871+07:00,15.629373104000479,15.629373104000479,MONITOR,1552.1955038309998,1.0000273320001725,0.260729199000707,0.00015692600027250592,DISABLED,on,user_reported,36.60240936279297,54.798213958740234,1007.260390625,105916.421875,True,True,True,176,0,0,109,179,101,2026-10-03T17:03:34.015983+07:00,15.629500196000663,0.19005424799979664,OK,,True,2026-10-03T17:03:34.206058+07:00,15.819569592000335,0.035165440000128,OK,,True,1573,0.196625,,2026-10-03T17:03:34.241230+07:00,15.854743957999744,0.03533767800036003,OK,,True,2788,0.34850000000000003,
5f6a39ae4ae94318927b52b4009d4387,17,2026-10-03T17:03:35.016106+07:00,16.62960612400093,16.62960612400093,MONITOR,1553.1957368510002,1.0002330200004508,0.2609590299998672,0.00038994600072328467,DISABLED,on,user_reported,36.595394134521484,54.80356216430664,1007.214921875,106511.3359375,True,True,True,176,0,0,109,178,101,2026-10-03T17:03:35.016248+07:00,16.629764363000504,0.19051503999980923,OK,,True,2026-10-03T17:03:35.206783+07:00,16.820294217999617,0.035060311000052025,OK,,True,1587,0.198375,,2026-10-03T17:03:35.241851+07:00,16.855364250999628,0.03517962600017199,OK,,True,2777,0.347125,
5f6a39ae4ae94318927b52b4009d4387,18,2026-10-03T17:03:36.015823+07:00,17.62932881800043,17.62932881800043,MONITOR,1554.1954595449997,0.9997226939995016,0.25176149000071746,0.00011264000022492837,DISABLED,on,user_reported,36.59794616699219,54.81672286987305,1007.1778125,106048.0546875,True,True,True,176,0,0,109,178,101,2026-10-03T17:03:36.015909+07:00,17.629426372001035,0.18582264199903875,OK,,True,2026-10-03T17:03:36.201743+07:00,17.81525719900128,0.03298588699908578,OK,,True,1551,0.193875,,2026-10-03T17:03:36.234729+07:00,17.848246419000134,0.032835055000759894,OK,,True,2773,0.346625,
5f6a39ae4ae94318927b52b4009d4387,19,2026-10-03T17:03:37.015799+07:00,18.629305067999667,18.629305067999667,MONITOR,1555.195435794999,0.9999762499992357,0.2523064480010362,8.888999946066178e-05,DISABLED,on,user_reported,36.59986114501953,54.81061553955078,1007.242578125,105850.734375,True,True,True,176,0,0,109,178,101,2026-10-03T17:03:37.015880+07:00,18.629398177999974,0.1858310130010068,OK,,True,2026-10-03T17:03:37.201723+07:00,18.81523707999986,0.0333872720002546,OK,,True,1573,0.196625,,2026-10-03T17:03:37.235115+07:00,18.848629555001025,0.03297120199931669,OK,,True,2773,0.346625,
5f6a39ae4ae94318927b52b4009d4387,20,2026-10-03T17:03:38.015805+07:00,19.62931134000064,19.62931134000064,MONITOR,1556.195442067,1.0000062720009737,0.2518106949992216,9.516200043435674e-05,DISABLED,on,user_reported,36.594120025634766,54.82254409790039,1007.253828125,106511.3359375,True,True,True,176,0,0,109,178,101,2026-10-03T17:03:38.015891+07:00,19.629409004999616,0.18582201400022313,OK,,True,2026-10-03T17:03:38.201724+07:00,19.815238610999586,0.033008387001245865,OK,,True,1557,0.194625,,2026-10-03T17:03:38.234733+07:00,19.848250164999627,0.03286253600163036,OK,,True,2764,0.34550000000000003,
5f6a39ae4ae94318927b52b4009d4387,21,2026-10-03T17:03:39.015828+07:00,20.62933367000005,20.62933367000005,MONITOR,1557.1954643969993,1.0000223299994104,0.25177295499997854,0.00011749199984478764,DISABLED,on,user_reported,36.603050231933594,54.81108474731445,1007.19984375,105982.1953125,True,True,True,176,0,0,109,178,101,2026-10-03T17:03:39.015916+07:00,20.629434188000232,0.18582475400035037,OK,,True,2026-10-03T17:03:39.201753+07:00,20.81526731300073,0.03299471999889647,OK,,True,1570,0.19625,,2026-10-03T17:03:39.234748+07:00,20.848264940001172,0.03283264799938479,OK,,True,2771,0.346375,
5f6a39ae4ae94318927b52b4009d4387,22,2026-10-03T17:03:40.015794+07:00,21.62930050400064,21.62930050400064,MONITOR,1558.195431231,0.9999668340005883,0.25181116000021575,8.432600043306593e-05,DISABLED,on,user_reported,36.59730911254883,54.83580017089844,1007.20421875,105785.125,True,True,True,176,0,0,109,178,101,2026-10-03T17:03:40.015876+07:00,21.62939402200027,0.18582560700087924,OK,,True,2026-10-03T17:03:40.201715+07:00,21.81522866600062,0.03300873899934231,OK,,True,1565,0.195625,,2026-10-03T17:03:40.234724+07:00,21.848240942001212,0.03286114799993811,OK,,True,2772,0.34650000000000003,
5f6a39ae4ae94318927b52b4009d4387,23,2026-10-03T17:03:41.015913+07:00,22.62940754400006,22.62940754400006,MONITOR,1559.1955382709994,1.0001070399994205,0.25289783500011254,0.0001913659998535877,DISABLED,on,user_reported,36.60049819946289,54.84906005859375,1007.22296875,105785.125,True,True,True,176,0,0,109,178,101,2026-10-03T17:03:41.016061+07:00,22.629577228000926,0.18684759699863207,OK,,True,2026-10-03T17:03:41.202920+07:00,22.81643345500015,0.03299736900044081,OK,,True,1567,0.195875,,2026-10-03T17:03:41.235917+07:00,22.849434398000085,0.03286227700118616,OK,,True,2775,0.346875,
5f6a39ae4ae94318927b52b4009d4387,24,2026-10-03T17:03:42.016603+07:00,23.630108100000143,23.630108100000143,MONITOR,1560.1962388269994,1.0007005560000835,0.25195714100118494,0.0008919219999370398,DISABLED,on,user_reported,36.603050231933594,54.83665084838867,1007.193046875,106048.0546875,True,True,True,176,0,0,109,178,101,2026-10-03T17:03:42.016691+07:00,23.630209173001276,0.18584205199840653,OK,,True,2026-10-03T17:03:42.202546+07:00,23.81605966999996,0.0331122570005391,OK,,True,1565,0.195625,,2026-10-03T17:03:42.235663+07:00,23.849177314999906,0.032878222000363166,OK,,True,2774,0.34675,
5f6a39ae4ae94318927b52b4009d4387,25,2026-10-03T17:03:43.015855+07:00,24.629359136000858,24.629359136000858,MONITOR,1561.1954898630001,0.9992510360007145,0.2520608069989976,0.00014295800065156072,DISABLED,on,user_reported,36.59858322143555,54.83599090576172,1007.233671875,106180.0078125,True,True,True,176,0,0,109,178,101,2026-10-03T17:03:43.015951+07:00,24.62946809800087,0.1858698119995097,OK,,True,2026-10-03T17:03:43.201833+07:00,24.815346557999874,0.033239440999750514,OK,,True,1569,0.196125,,2026-10-03T17:03:43.235073+07:00,24.84858973900009,0.03282111199951032,OK,,True,2774,0.34675,
5f6a39ae4ae94318927b52b4009d4387,26,2026-10-03T17:03:44.015801+07:00,25.62930731599954,25.62930731599954,MONITOR,1562.1954380429988,0.9999481799986825,0.25172434900014196,9.113799933402333e-05,DISABLED,on,user_reported,36.59794616699219,54.84229278564453,1007.164140625,105982.1953125,True,True,True,176,0,0,109,178,101,2026-10-03T17:03:44.015885+07:00,25.629402945000038,0.18581922100020165,OK,,True,2026-10-03T17:03:44.201717+07:00,25.815230758000325,0.03296746200066991,OK,,True,1566,0.19575,,2026-10-03T17:03:44.234684+07:00,25.84820090500034,0.03282220499932009,OK,,True,2772,0.34650000000000003,
5f6a39ae4ae94318927b52b4009d4387,27,2026-10-03T17:03:45.015800+07:00,26.62930616599988,26.62930616599988,MONITOR,1563.1954368929992,0.9999988500003383,0.2517093870010285,8.998799967230298e-05,DISABLED,on,user_reported,36.599220275878906,54.848873138427734,1007.152578125,105393.1640625,True,True,True,176,0,0,109,178,101,2026-10-03T17:03:45.015884+07:00,26.62940172100025,0.1858140540007298,OK,,True,2026-10-03T17:03:45.201710+07:00,26.815224109001065,0.03296218399918871,OK,,True,1572,0.1965,,2026-10-03T17:03:45.234672+07:00,26.848188977999598,0.03281705600056739,OK,,True,2774,0.34675,
5f6a39ae4ae94318927b52b4009d4387,28,2026-10-03T17:03:46.015881+07:00,27.629384388999824,27.629384388999824,MONITOR,1564.1955151159991,1.0000782229999459,0.25190577400098846,0.000168210999618168,DISABLED,on,user_reported,36.59284210205078,54.84791946411133,1007.1559375,105588.78125,True,True,True,176,0,0,109,179,101,2026-10-03T17:03:46.015983+07:00,27.62950016600007,0.18589964700004202,OK,,True,2026-10-03T17:03:46.201896+07:00,27.815409683000325,0.03300459099955333,OK,,True,1570,0.19625,,2026-10-03T17:03:46.234901+07:00,27.848417700000937,0.03286274099991715,OK,,True,2771,0.346375,
5f6a39ae4ae94318927b52b4009d4387,29,2026-10-03T17:03:47.015809+07:00,28.629316227001254,28.629316227001254,MONITOR,1565.1954469540005,0.9999318380014302,0.25191175699910673,0.00010004900104831904,DISABLED,on,user_reported,36.594757080078125,54.84181594848633,1007.12484375,106180.0078125,True,True,True,176,0,0,109,178,101,2026-10-03T17:03:47.015892+07:00,28.62940939300097,0.1858144079997146,OK,,True,2026-10-03T17:03:47.201718+07:00,28.815231485999902,0.03310977600085607,OK,,True,1565,0.195625,,2026-10-03T17:03:47.234831+07:00,28.848345484000674,0.03287314800036256,OK,,True,2775,0.346875,
5f6a39ae4ae94318927b52b4009d4387,30,2026-10-03T17:03:48.015870+07:00,29.62937127100122,29.62937127100122,MONITOR,1566.1955019980005,1.0000550439999643,0.2520732009998028,0.00015509300101257395,DISABLED,on,user_reported,36.596031188964844,54.86118698120117,1007.202109375,106180.0078125,True,True,True,176,0,0,109,178,101,2026-10-03T17:03:48.015981+07:00,29.62949810400096,0.18584777799878793,OK,,True,2026-10-03T17:03:48.201840+07:00,29.81535404799979,0.03324014500140038,OK,,True,1559,0.194875,,2026-10-03T17:03:48.235081+07:00,29.848597656000493,0.03283850099978736,OK,,True,2770,0.34625,
5f6a39ae4ae94318927b52b4009d4387,31,2026-10-03T17:03:49.015846+07:00,30.629349782000645,30.629349782000645,MONITOR,1567.195480509,0.9999785109994264,0.251809649000279,0.00013360400043893605,DISABLED,on,user_reported,36.59029006958008,54.85393524169922,1007.227109375,105588.78125,True,True,True,176,0,0,109,178,101,2026-10-03T17:03:49.015940+07:00,30.62945752199994,0.18584044599992922,OK,,True,2026-10-03T17:03:49.201792+07:00,30.815306282000165,0.03300131499963754,OK,,True,1569,0.196125,,2026-10-03T17:03:49.234795+07:00,30.848311300000205,0.03283857499991427,OK,,True,2775,0.346875,
5f6a39ae4ae94318927b52b4009d4387,32,2026-10-03T17:03:50.015799+07:00,31.629306389000703,31.629306389000703,MONITOR,1568.195437116,0.9999566070000583,0.2518933890005428,9.021100049722008e-05,DISABLED,on,user_reported,36.60177230834961,54.842857360839844,1007.259296875,105916.421875,True,True,True,176,0,0,109,179,101,2026-10-03T17:03:50.015884+07:00,31.62940190700101,0.18581601999903796,OK,,True,2026-10-03T17:03:50.201712+07:00,31.815226501001234,0.033108220999565674,OK,,True,1566,0.19575,,2026-10-03T17:03:50.234821+07:00,31.84833787000025,0.032853333999810275,OK,,True,2771,0.346375,
5f6a39ae4ae94318927b52b4009d4387,33,2026-10-03T17:03:51.015874+07:00,32.62937601700105,32.62937601700105,MONITOR,1569.1955067440003,1.0000696280003467,0.26191368299987516,0.000159839000843931,DISABLED,on,user_reported,36.61389923095703,54.85105895996094,1007.217421875,105916.421875,True,True,True,176,0,0,109,179,101,2026-10-03T17:03:51.015989+07:00,32.629506182000114,0.1908338070006721,OK,,True,2026-10-03T17:03:51.206851+07:00,32.82036032200085,0.03619307999906596,OK,,True,1574,0.19675,,2026-10-03T17:03:51.243048+07:00,32.8565611060003,0.03471187200011627,OK,,True,2785,0.348125,
5f6a39ae4ae94318927b52b4009d4387,34,2026-10-03T17:03:52.015862+07:00,33.6293592410002,33.6293592410002,MONITOR,1570.1954899679995,0.999983223999152,0.25380672400024196,0.000143062999995891,DISABLED,on,user_reported,36.60688018798828,54.856414794921875,1007.2196875,106378.5546875,True,True,True,176,0,0,109,178,101,2026-10-03T17:03:52.016013+07:00,33.62952918399969,0.1869885840005736,OK,,True,2026-10-03T17:03:52.203011+07:00,33.8165256200009,0.03374675200029742,OK,,True,1563,0.195375,,2026-10-03T17:03:52.236763+07:00,33.85027789000014,0.032878445001188084,OK,,True,2773,0.346625,
5f6a39ae4ae94318927b52b4009d4387,35,2026-10-03T17:03:53.015792+07:00,34.62929944999996,34.62929944999996,MONITOR,1571.1954301769993,0.9999402089997602,0.25199424200036447,8.327199975610711e-05,DISABLED,on,user_reported,36.6107063293457,54.85059356689453,1007.178125,106444.90625,True,True,True,176,0,0,109,178,101,2026-10-03T17:03:53.015870+07:00,34.62938846799989,0.18585650299974077,OK,,True,2026-10-03T17:03:53.201739+07:00,34.8152531930009,0.03316990599887504,OK,,True,1568,0.196,,2026-10-03T17:03:53.234914+07:00,34.848428784000134,0.03285587100072007,OK,,True,2776,0.34700000000000003,
5f6a39ae4ae94318927b52b4009d4387,36,2026-10-03T17:03:54.015793+07:00,35.62930049500028,35.62930049500028,MONITOR,1572.1954312219996,1.0000010450003174,0.25199105799947574,8.431700007349718e-05,DISABLED,on,user_reported,36.608154296875,54.8502082824707,1007.19453125,106511.3359375,True,True,True,176,0,0,109,178,101,2026-10-03T17:03:54.015872+07:00,35.629389753001306,0.18581970799823466,OK,,True,2026-10-03T17:03:54.201704+07:00,35.815217794999626,0.03325509000023885,OK,,True,1569,0.196125,,2026-10-03T17:03:54.234961+07:00,35.84847692200128,0.03280555699893739,OK,,True,2774,0.34675,
5f6a39ae4ae94318927b52b4009d4387,37,2026-10-03T17:03:55.015793+07:00,36.62929991300007,36.62929991300007,MONITOR,1573.1954306399994,0.9999994179997884,0.25174876500022947,8.373499986191746e-05,DISABLED,on,user_reported,36.60942840576172,54.837608337402344,1007.22390625,105982.1953125,True,True,True,176,0,0,109,178,101,2026-10-03T17:03:55.015873+07:00,36.629390950000015,0.1858272820009006,OK,,True,2026-10-03T17:03:55.201712+07:00,36.81522604699967,0.032972574001178145,OK,,True,1557,0.194625,,2026-10-03T17:03:55.234685+07:00,36.848201714001334,0.032838389999596984,OK,,True,2765,0.345625,
5f6a39ae4ae94318927b52b4009d4387,38,2026-10-03T17:03:56.015792+07:00,37.629299446000005,37.629299446000005,MONITOR,1574.1954301729993,0.9999995329999365,0.25511649300096906,8.326799979840871e-05,DISABLED,on,user_reported,36.6056022644043,54.84342956542969,1007.176640625,105719.59375,True,True,True,176,0,0,109,178,101,2026-10-03T17:03:56.015872+07:00,37.62939001900122,0.18582819099901826,OK,,True,2026-10-03T17:03:56.201713+07:00,37.81522711700018,0.03449341200030176,OK,,True,1557,0.194625,,2026-10-03T17:03:56.236217+07:00,37.84972902899972,0.034673502001169254,OK,,True,2759,0.344875,
5f6a39ae4ae94318927b52b4009d4387,39,2026-10-03T17:03:57.015812+07:00,38.62931853699956,38.62931853699956,MONITOR,1575.1954492639989,1.000019090999558,0.26063027500094904,0.00010235899935651105,DISABLED,on,user_reported,36.60432815551758,54.83045196533203,1007.17453125,106113.9921875,True,True,True,176,0,0,109,178,101,2026-10-03T17:03:57.015896+07:00,38.629413480999574,0.19058727500123496,OK,,True,2026-10-03T17:03:57.206507+07:00,38.82001757100079,0.03548077300001751,OK,,True,1583,0.197875,,2026-10-03T17:03:57.241992+07:00,38.85550623299969,0.0344252820013935,OK,,True,2778,0.34725,
5f6a39ae4ae94318927b52b4009d4387,40,2026-10-03T17:03:58.015863+07:00,39.629359298000054,39.629359298000054,MONITOR,1576.1954900249993,1.0000407610004913,0.2590155500001856,0.00014311999984784052,DISABLED,on,user_reported,36.6056022644043,54.8370361328125,1007.142421875,105523.4921875,True,True,True,176,0,0,109,179,101,2026-10-03T17:03:58.016021+07:00,39.629536963000646,0.1895761739997397,OK,,True,2026-10-03T17:03:58.205644+07:00,39.81912534100047,0.03379662199949962,OK,,True,1570,0.19625,,2026-10-03T17:03:58.239414+07:00,39.85292870400008,0.035428291999778594,OK,,True,2779,0.347375,
5f6a39ae4ae94318927b52b4009d4387,41,2026-10-03T17:03:59.015866+07:00,40.62936183999955,40.62936183999955,MONITOR,1577.1954925669988,1.0000025419994927,0.2573994180002046,0.00014566199934051838,DISABLED,on,user_reported,36.60751724243164,54.82453918457031,1007.186484375,106113.9921875,True,True,True,176,0,0,109,179,101,2026-10-03T17:03:59.016023+07:00,40.62953913500132,0.1884209079998982,OK,,True,2026-10-03T17:03:59.204462+07:00,40.81797319100042,0.03515107299972442,OK,,True,1572,0.1965,,2026-10-03T17:03:59.239619+07:00,40.85313224499987,0.03361664300064149,OK,,True,2776,0.34700000000000003,
5f6a39ae4ae94318927b52b4009d4387,42,2026-10-03T17:04:00.015859+07:00,41.62935603400001,41.62935603400001,MONITOR,1578.1954867609993,0.9999941940004646,0.2583477420012059,0.00013985599980514962,DISABLED,on,user_reported,36.61644744873047,54.8322639465332,1007.214765625,106180.0078125,True,True,True,176,0,0,109,178,101,2026-10-03T17:04:00.016016+07:00,41.62953227300022,0.1895731570002681,OK,,True,2026-10-03T17:04:00.205606+07:00,41.81911839300119,0.03493374099889479,OK,,True,1556,0.1945,,2026-10-03T17:04:00.240549+07:00,41.85406120799962,0.03362786500110815,OK,,True,2768,0.34600000000000003,
5f6a39ae4ae94318927b52b4009d4387,43,2026-10-03T17:04:01.015862+07:00,42.62935828599984,42.62935828599984,MONITOR,1579.1954890129991,1.000002251999831,0.25425574500150105,0.00014210799963620957,DISABLED,on,user_reported,36.6107063293457,54.81863021850586,1007.13703125,106180.0078125,True,True,True,176,0,0,109,178,101,2026-10-03T17:04:01.016020+07:00,42.629536173000815,0.18723304999912216,OK,,True,2026-10-03T17:04:01.203266+07:00,42.81677927900091,0.033837565999419894,OK,,True,1546,0.19325,,2026-10-03T17:04:01.237111+07:00,42.85062454900071,0.03296640799999295,OK,,True,2759,0.344875,
5f6a39ae4ae94318927b52b4009d4387,44,2026-10-03T17:04:02.015806+07:00,43.62931400399975,43.62931400399975,MONITOR,1580.195444730999,0.9999557179999101,0.2544676520010398,9.782599954633042e-05,DISABLED,on,user_reported,36.606239318847656,54.817962646484375,1007.1503125,106312.2890625,True,True,True,176,0,0,109,178,101,2026-10-03T17:04:02.015883+07:00,43.62940085500122,0.1858373790000769,OK,,True,2026-10-03T17:04:02.201734+07:00,43.81524754900056,0.034118730000045616,OK,,True,1563,0.195375,,2026-10-03T17:04:02.235860+07:00,43.84937379800067,0.03439696900022682,OK,,True,2775,0.346875,
5f6a39ae4ae94318927b52b4009d4387,45,2026-10-03T17:04:03.015796+07:00,44.6293020209996,44.6293020209996,MONITOR,1581.195432747999,0.9999880169998505,0.2575242350012559,8.58429993968457e-05,DISABLED,on,user_reported,36.6056022644043,54.824249267578125,1007.176640625,105850.734375,True,True,True,176,0,0,109,178,101,2026-10-03T17:04:03.015876+07:00,44.62939420600014,0.18877285100097652,OK,,True,2026-10-03T17:04:03.204660+07:00,44.81817405699985,0.03513596199991298,OK,,True,1561,0.195125,,2026-10-03T17:04:03.239801+07:00,44.85331526000118,0.03349721799895633,OK,,True,2765,0.345625,
5f6a39ae4ae94318927b52b4009d4387,46,2026-10-03T17:04:04.015801+07:00,45.629308838000725,45.629308838000725,MONITOR,1582.195439565,1.0000068170011218,0.25329797899939877,9.266000051866286e-05,DISABLED,on,user_reported,36.60496520996094,54.8305549621582,1007.19609375,105588.78125,True,True,True,176,0,0,109,179,101,2026-10-03T17:04:04.015880+07:00,45.62939765200099,0.18583773199861753,OK,,True,2026-10-03T17:04:04.201730+07:00,45.81524369900035,0.03365888299958897,OK,,True,1565,0.195625,,2026-10-03T17:04:04.235399+07:00,45.84891149000032,0.03368392000083986,OK,,True,2773,0.346625,
5f6a39ae4ae94318927b52b4009d4387,47,2026-10-03T17:04:05.015801+07:00,46.62930765800047,46.62930765800047,MONITOR,1583.1954383849998,0.999998819999746,0.25245619199995417,9.148000026470982e-05,DISABLED,on,user_reported,36.610069274902344,54.824920654296875,1007.28640625,106378.5546875,True,True,True,176,0,0,109,178,101,2026-10-03T17:04:05.015879+07:00,46.62939712000116,0.18581962200005364,OK,,True,2026-10-03T17:04:05.201710+07:00,46.81522431600024,0.03341505299977143,OK,,True,1565,0.195625,,2026-10-03T17:04:05.235130+07:00,46.84864435000054,0.03310899999996764,OK,,True,2771,0.346375,
5f6a39ae4ae94318927b52b4009d4387,48,2026-10-03T17:04:06.015797+07:00,47.62930507400051,47.62930507400051,MONITOR,1584.1954358009998,0.999997416000042,0.26532164399941394,8.889600030670408e-05,DISABLED,on,user_reported,36.6107063293457,54.81863021850586,1007.212265625,106511.3359375,True,True,True,176,0,0,109,178,101,2026-10-03T17:04:06.015873+07:00,47.62939144300071,0.18993754599978274,OK,,True,2026-10-03T17:04:06.205837+07:00,47.81934710000132,0.03765586499866913,OK,,True,1561,0.195125,,2026-10-03T17:04:06.243509+07:00,47.85701733499991,0.037582217000817764,OK,,True,2774,0.34675,
5f6a39ae4ae94318927b52b4009d4387,49,2026-10-03T17:04:07.015817+07:00,48.629323270000896,48.629323270000896,MONITOR,1585.1954539970002,1.0000181960003829,0.2528050049986632,0.00010709200068959035,DISABLED,on,user_reported,36.608154296875,54.82463073730469,1007.221796875,106511.3359375,True,True,True,176,0,0,109,178,101,2026-10-03T17:04:07.015894+07:00,48.62941165800112,0.1858587520000583,OK,,True,2026-10-03T17:04:07.201767+07:00,48.81528042900027,0.033740327000487014,OK,,True,1563,0.195375,,2026-10-03T17:04:07.235512+07:00,48.84902596000029,0.03308820399979595,OK,,True,2778,0.34725,
5f6a39ae4ae94318927b52b4009d4387,50,2026-10-03T17:04:08.015807+07:00,49.629313413999625,49.629313413999625,MONITOR,1586.195444140999,0.9999901439987298,0.2513982600012241,9.72359994193539e-05,DISABLED,on,user_reported,36.610069274902344,54.81853103637695,1007.204375,105982.1953125,True,True,True,176,0,0,109,178,101,2026-10-03T17:04:08.015883+07:00,49.62940113500008,0.1858555119997618,OK,,True,2026-10-03T17:04:08.201749+07:00,49.815263055001196,0.032864760998563725,OK,,True,1564,0.1955,,2026-10-03T17:04:08.234620+07:00,49.8481340569997,0.03256417200100259,OK,,True,2759,0.344875,
5f6a39ae4ae94318927b52b4009d4387,51,2026-10-03T17:04:09.015803+07:00,50.629309912999815,50.629309912999815,MONITOR,1587.195440639999,0.9999964990001899,0.25575268200009305,9.373499960929621e-05,DISABLED,on,user_reported,36.61517333984375,54.81929016113281,1007.185234375,105916.421875,True,True,True,176,0,0,109,178,101,2026-10-03T17:04:09.015888+07:00,50.62940611600061,0.18582601200068893,OK,,True,2026-10-03T17:04:09.201726+07:00,50.815239868999925,0.034719078001216985,OK,,True,1561,0.195125,,2026-10-03T17:04:09.236450+07:00,50.8499637799996,0.03508079600032943,OK,,True,2764,0.34550000000000003,
5f6a39ae4ae94318927b52b4009d4387,52,2026-10-03T17:04:10.015798+07:00,51.62930513700121,51.62930513700121,MONITOR,1588.1954358640005,0.9999952240013954,0.2534264269997948,8.895900100469589e-05,DISABLED,on,user_reported,36.61644744873047,54.813087463378906,1007.166953125,106113.9921875,True,True,True,176,0,0,109,178,101,2026-10-03T17:04:10.015873+07:00,51.629391080999994,0.18581438300134323,OK,,True,2026-10-03T17:04:10.201698+07:00,51.81521296400024,0.033070241999666905,OK,,True,1560,0.195,,2026-10-03T17:04:10.234775+07:00,51.84828944699984,0.0344293390007806,OK,,True,2772,0.34650000000000003,
5f6a39ae4ae94318927b52b4009d4387,53,2026-10-03T17:04:11.015797+07:00,52.62930377200064,52.62930377200064,MONITOR,1589.195434499,0.9999986349994288,0.2577471829990827,8.759400043345522e-05,DISABLED,on,user_reported,36.61261749267578,54.81251525878906,1007.208515625,105916.421875,True,True,True,176,0,0,109,178,101,2026-10-03T17:04:11.015878+07:00,52.629395973999635,0.18595205000019632,OK,,True,2026-10-03T17:04:11.201846+07:00,52.81535876500129,0.035296145999382134,OK,,True,1554,0.19425,,2026-10-03T17:04:11.237147+07:00,52.85066100400036,0.036375395000504795,OK,,True,2754,0.34425,
5f6a39ae4ae94318927b52b4009d4387,54,2026-10-03T17:04:12.015801+07:00,53.629309465000915,53.629309465000915,MONITOR,1590.1954401920002,1.0000056930002756,0.2517255919992749,9.32870007090969e-05,DISABLED,on,user_reported,36.61453628540039,54.81279754638672,1007.211640625,106048.0546875,True,True,True,176,0,0,109,178,101,2026-10-03T17:04:12.015878+07:00,53.62939640799959,0.1858216070013441,OK,,True,2026-10-03T17:04:12.201711+07:00,53.81522582999969,0.03305690900015179,OK,,True,1570,0.19625,,2026-10-03T17:04:12.234773+07:00,53.848288368000794,0.032729319000281976,OK,,True,2765,0.345625,
5f6a39ae4ae94318927b52b4009d4387,55,2026-10-03T17:04:13.015806+07:00,54.62931329000094,54.62931329000094,MONITOR,1591.1954440170002,1.0000038250000216,0.2533604119998927,9.711200073070358e-05,DISABLED,on,user_reported,36.6107063293457,54.81223678588867,1007.205390625,105785.125,True,True,True,176,0,0,109,178,101,2026-10-03T17:04:13.015880+07:00,54.629398177999974,0.18581823800013808,OK,,True,2026-10-03T17:04:13.201708+07:00,54.81522300800134,0.03294859499874292,OK,,True,1569,0.196125,,2026-10-03T17:04:13.234657+07:00,54.848174361999554,0.03448889500032237,OK,,True,2766,0.34575,
5f6a39ae4ae94318927b52b4009d4387,56,2026-10-03T17:04:14.015800+07:00,55.629307193001296,55.629307193001296,MONITOR,1592.1954379200006,0.9999939030003588,0.2525534009982948,9.101500108954497e-05,DISABLED,on,user_reported,36.617088317871094,54.8004035949707,1007.1884375,106378.5546875,True,True,True,176,0,0,109,178,101,2026-10-03T17:04:14.015885+07:00,55.629402840000694,0.18584071999976004,OK,,True,2026-10-03T17:04:14.201739+07:00,55.81525307800075,0.033004150000124355,OK,,True,1559,0.194875,,2026-10-03T17:04:14.234744+07:00,55.84826050599986,0.03358638500139932,OK,,True,2767,0.345875,
5f6a39ae4ae94318927b52b4009d4387,57,2026-10-03T17:04:15.015803+07:00,56.629310766000344,56.629310766000344,MONITOR,1593.1954414929996,1.0000035729990486,0.25168040999960795,9.458800013817381e-05,DISABLED,on,user_reported,36.61198043823242,54.80602264404297,1007.146015625,105982.1953125,True,True,True,176,0,0,109,179,101,2026-10-03T17:04:15.015873+07:00,56.629391116999614,0.18581333100155462,OK,,True,2026-10-03T17:04:15.201696+07:00,56.81521057700047,0.03294768799969461,OK,,True,1567,0.195875,,2026-10-03T17:04:15.234644+07:00,56.84816117199989,0.03282113400018716,OK,,True,2770,0.34625,
5f6a39ae4ae94318927b52b4009d4387,58,2026-10-03T17:04:16.015791+07:00,57.629299100000935,57.629299100000935,MONITOR,1594.1954298270002,0.9999883340005908,0.25193779799883487,8.292200072901323e-05,DISABLED,on,user_reported,36.60432815551758,54.798492431640625,1007.133515625,106777.890625,True,True,True,176,0,0,109,178,101,2026-10-03T17:04:16.015865+07:00,57.6293826000001,0.1859868669998832,OK,,True,2026-10-03T17:04:16.201886+07:00,57.81538030000047,0.03316203800022777,OK,,True,1555,0.194375,,2026-10-03T17:04:16.235046+07:00,57.848551152001164,0.03267222799877345,OK,,True,2752,0.34400000000000003,
5f6a39ae4ae94318927b52b4009d4387,59,2026-10-03T17:04:17.015797+07:00,58.62930501200026,58.62930501200026,MONITOR,1595.1954357389995,1.0000059119993239,0.2521201670006121,8.883400005288422e-05,DISABLED,on,user_reported,36.60177230834961,54.79171371459961,1007.163515625,106246.109375,True,True,True,176,0,0,109,178,101,2026-10-03T17:04:17.015867+07:00,58.62938528900122,0.18582592499842576,OK,,True,2026-10-03T17:04:17.201705+07:00,58.815219214000535,0.03324290700038546,OK,,True,1566,0.19575,,2026-10-03T17:04:17.234952+07:00,58.848467121000795,0.03294841000024462,OK,,True,2778,0.34725,
5f6a39ae4ae94318927b52b4009d4387,60,2026-10-03T17:04:18.015796+07:00,59.629303316000005,59.629303316000005,MONITOR,1596.1954340429993,0.999998303999746,0.25171069000134594,8.713799979886971e-05,DISABLED,on,user_reported,36.603050231933594,54.79190444946289,1007.179375,106378.5546875,True,True,True,176,0,0,109,178,101,2026-10-03T17:04:18.015872+07:00,59.629389185000036,0.1858155000008992,OK,,True,2026-10-03T17:04:18.201697+07:00,59.81521227700068,0.032956929000647506,OK,,True,1555,0.194375,,2026-10-03T17:04:18.234655+07:00,59.84817220600053,0.03283292999913101,OK,,True,2768,0.34600000000000003,
5f6a39ae4ae94318927b52b4009d4387,61,2026-10-03T17:04:19.015796+07:00,60.629304641001,60.629304641001,MONITOR,1597.1954353680003,1.0000013250009943,0.251707819999865,8.846300079312641e-05,DISABLED,on,user_reported,36.60879135131836,54.79916763305664,1007.161328125,106378.5546875,True,True,True,176,0,0,109,178,101,2026-10-03T17:04:19.015868+07:00,60.629386381000586,0.18581688899939763,OK,,True,2026-10-03T17:04:19.201695+07:00,60.815209881000555,0.03295352100030868,OK,,True,1573,0.196625,,2026-10-03T17:04:19.234649+07:00,60.84816608700021,0.03283617099987168,OK,,True,2773,0.346625,
5f6a39ae4ae94318927b52b4009d4387,62,2026-10-03T17:04:20.015836+07:00,61.62934154300092,61.62934154300092,MONITOR,1598.1954722700002,1.0000369019999198,0.2520127070001763,0.00012536500071291812,DISABLED,on,user_reported,36.61134338378906,54.79314041137695,1007.247421875,105785.125,True,True,True,176,0,0,109,179,101,2026-10-03T17:04:20.015924+07:00,61.62944148600036,0.18582539000090037,OK,,True,2026-10-03T17:04:20.201761+07:00,61.81527498700052,0.033192797000083374,OK,,True,1558,0.19475,,2026-10-03T17:04:20.234958+07:00,61.848472765001134,0.03287165199981246,OK,,True,2769,0.346125,
5f6a39ae4ae94318927b52b4009d4387,63,2026-10-03T17:04:21.015794+07:00,62.62930213400068,62.62930213400068,MONITOR,1599.195432861,0.9999605909997626,0.2531525300000794,8.595600047556218e-05,DISABLED,on,user_reported,36.60113525390625,54.78523635864258,1007.25828125,106113.9921875,True,True,True,176,0,0,109,178,101,2026-10-03T17:04:21.015867+07:00,62.629384892001326,0.18581309399996826,OK,,True,2026-10-03T17:04:21.201689+07:00,62.815204671000174,0.034151918000134174,OK,,True,1564,0.1955,,2026-10-03T17:04:21.235862+07:00,62.8493708850001,0.033067446000131895,OK,,True,2753,0.344125,
5f6a39ae4ae94318927b52b4009d4387,64,2026-10-03T17:04:22.015851+07:00,63.62935093000124,63.62935093000124,MONITOR,1600.1954816570005,1.0000487960005557,0.2631140859994048,0.00013475200103130192,DISABLED,on,user_reported,36.61198043823242,54.80602264404297,1007.241796875,105850.734375,True,True,True,176,0,0,109,178,101,2026-10-03T17:04:22.016004+07:00,63.62951972500014,0.1918609260010271,OK,,True,2026-10-03T17:04:22.207888+07:00,63.82139865099998,0.03581999400012137,OK,,True,1570,0.19625,,2026-10-03T17:04:22.243714+07:00,63.857227331000104,0.03521794399966893,OK,,True,2774,0.34675,
5f6a39ae4ae94318927b52b4009d4387,65,2026-10-03T17:04:23.015850+07:00,64.62934808200043,64.62934808200043,MONITOR,1601.1954788089997,0.9999971519991959,0.26251842499914346,0.00013190400022722315,DISABLED,on,user_reported,36.60942840576172,54.80564880371094,1007.21015625,106048.0546875,True,True,True,176,0,0,109,179,101,2026-10-03T17:04:23.015995+07:00,64.62951122900085,0.19153755899969838,OK,,True,2026-10-03T17:04:23.207551+07:00,64.82106293600009,0.035500367999702576,OK,,True,1607,0.200875,,2026-10-03T17:04:23.243058+07:00,64.85657202600123,0.03527549999853363,OK,,True,2777,0.347125,
5f6a39ae4ae94318927b52b4009d4387,66,2026-10-03T17:04:24.015859+07:00,65.62935760800065,65.62935760800065,MONITOR,1602.195488335,1.0000095260002126,0.26264931299920136,0.0001414300004398683,DISABLED,on,user_reported,36.60942840576172,54.79925537109375,1007.217109375,106777.890625,True,True,True,176,0,0,109,178,101,2026-10-03T17:04:24.016003+07:00,65.62951984699976,0.1918657969999913,OK,,True,2026-10-03T17:04:24.207889+07:00,65.82139988500057,0.03538696199939295,OK,,True,1578,0.19725,,2026-10-03T17:04:24.243279+07:00,65.85679493899988,0.03519374200004677,OK,,True,2790,0.34875,
5f6a39ae4ae94318927b52b4009d4387,67,2026-10-03T17:04:25.015868+07:00,66.62936380300016,66.62936380300016,MONITOR,1603.1954945299995,1.0000061949995143,0.26449914800105034,0.00014762499995413236,DISABLED,on,user_reported,36.61389923095703,54.79352569580078,1007.203828125,106511.3359375,True,True,True,176,0,0,109,178,101,2026-10-03T17:04:25.016026+07:00,66.62954187499963,0.19186785300007614,OK,,True,2026-10-03T17:04:25.207918+07:00,66.82142750599996,0.036620431999836,OK,,True,1555,0.194375,,2026-10-03T17:04:25.244544+07:00,66.85805645599976,0.035787513999821385,OK,,True,2771,0.346375,
5f6a39ae4ae94318927b52b4009d4387,68,2026-10-03T17:04:26.015847+07:00,67.6293456860003,67.6293456860003,MONITOR,1604.1954764129996,0.9999818830001459,0.26454553800067515,0.0001295080001000315,DISABLED,on,user_reported,36.61198043823242,54.79963302612305,1007.241796875,105916.421875,True,True,True,176,0,0,109,179,101,2026-10-03T17:04:26.015992+07:00,67.6295086099999,0.19174376299997675,OK,,True,2026-10-03T17:04:26.207754+07:00,67.82126548400083,0.03545544299959147,OK,,True,1563,0.195375,,2026-10-03T17:04:26.243217+07:00,67.85673038999994,0.0371287409998331,OK,,True,2783,0.347875,
5f6a39ae4ae94318927b52b4009d4387,69,2026-10-03T17:04:27.015825+07:00,68.62933322000026,68.62933322000026,MONITOR,1605.1954639469996,0.9999875339999562,0.25195730599989474,0.00011704200005624443,DISABLED,on,user_reported,36.61134338378906,54.79953384399414,1007.21328125,106048.0546875,True,True,True,176,0,0,109,178,101,2026-10-03T17:04:27.015895+07:00,68.62941329299974,0.1858145969999896,OK,,True,2026-10-03T17:04:27.201720+07:00,68.81523422400096,0.03311340899927018,OK,,True,1568,0.196,,2026-10-03T17:04:27.234838+07:00,68.84835287399983,0.0329286520009191,OK,,True,2768,0.34600000000000003,
5f6a39ae4ae94318927b52b4009d4387,70,2026-10-03T17:04:28.015795+07:00,69.62930379400132,69.62930379400132,MONITOR,1606.1954345210006,0.999970574001054,0.25208189799923275,8.761600111029111e-05,DISABLED,on,user_reported,36.60942840576172,54.78007888793945,1007.14859375,106180.0078125,True,True,True,176,0,0,109,178,101,2026-10-03T17:04:28.015865+07:00,69.62938323799972,0.1858249490014714,OK,,True,2026-10-03T17:04:28.201700+07:00,69.81521403900115,0.033282611999311484,OK,,True,1561,0.195125,,2026-10-03T17:04:28.234983+07:00,69.84849983599997,0.032877466999707394,OK,,True,2774,0.34675,
5f6a39ae4ae94318927b52b4009d4387,71,2026-10-03T17:04:29.015797+07:00,70.62930407500062,70.62930407500062,MONITOR,1607.195434802,1.000000280999302,0.2517333460000373,8.789700041234028e-05,DISABLED,on,user_reported,36.61134338378906,54.79314041137695,1007.1721875,106113.9921875,True,True,True,176,0,0,109,178,101,2026-10-03T17:04:29.015875+07:00,70.62939313000061,0.18580659799954446,OK,,True,2026-10-03T17:04:29.201691+07:00,70.81520617200113,0.032961670998702175,OK,,True,1559,0.194875,,2026-10-03T17:04:29.234654+07:00,70.84817073200065,0.0328574489994935,OK,,True,2771,0.346375,
5f6a39ae4ae94318927b52b4009d4387,72,2026-10-03T17:04:30.015795+07:00,71.62930287699965,71.62930287699965,MONITOR,1608.195433603999,0.9999988019990269,0.2518087349999405,8.669899943924975e-05,DISABLED,on,user_reported,36.60942840576172,54.78647232055664,1007.1759375,105850.734375,True,True,True,176,0,0,109,178,101,2026-10-03T17:04:30.015873+07:00,71.62939080199976,0.18581539500155486,OK,,True,2026-10-03T17:04:30.201698+07:00,71.81521284500013,0.03305405900027836,OK,,True,1554,0.19425,,2026-10-03T17:04:30.234756+07:00,71.84827138500077,0.032831839000209584,OK,,True,2768,0.34600000000000003,
5f6a39ae4ae94318927b52b4009d4387,73,2026-10-03T17:04:31.015799+07:00,72.62930636800047,72.62930636800047,MONITOR,1609.1954370949998,1.0000034910008253,0.2521483429991349,9.019000026455615e-05,DISABLED,on,user_reported,36.60879135131836,54.79277420043945,1007.15453125,106444.90625,True,True,True,176,0,0,109,178,101,2026-10-03T17:04:31.015881+07:00,72.62939857000129,0.1858084509985929,OK,,True,2026-10-03T17:04:31.201700+07:00,72.81521446599982,0.03333811100128514,OK,,True,1567,0.195875,,2026-10-03T17:04:31.235043+07:00,72.84855752200019,0.03288668899949698,OK,,True,2771,0.346375,
5f6a39ae4ae94318927b52b4009d4387,74,2026-10-03T17:04:32.015797+07:00,73.62930617600068,73.62930617600068,MONITOR,1610.195436903,0.9999998080002115,0.2519332169995323,8.999800047604367e-05,DISABLED,on,user_reported,36.61198043823242,54.78045654296875,1007.13921875,106644.4453125,True,True,True,176,0,0,109,178,101,2026-10-03T17:04:32.015864+07:00,73.6293821750005,0.18582391400013876,OK,,True,2026-10-03T17:04:32.201698+07:00,73.8152124040007,0.033124872999906074,OK,,True,1574,0.19675,,2026-10-03T17:04:32.234827+07:00,73.8483421660003,0.032887597000808455,OK,,True,2774,0.34675,
5f6a39ae4ae94318927b52b4009d4387,75,2026-10-03T17:04:33.015798+07:00,74.62930704199971,74.62930704199971,MONITOR,1611.195437768999,1.0000008659990272,0.25196603200129175,9.086399950319901e-05,DISABLED,on,user_reported,36.613258361816406,54.78064727783203,1007.182265625,105916.421875,True,True,True,176,0,0,109,178,101,2026-10-03T17:04:33.015873+07:00,74.62939098599963,0.18581556300159718,OK,,True,2026-10-03T17:04:33.201698+07:00,74.81521367800087,0.03320957600044494,OK,,True,1562,0.19525,,2026-10-03T17:04:33.234909+07:00,74.84842651300096,0.032837617000041064,OK,,True,2769,0.346125,
5f6a39ae4ae94318927b52b4009d4387,76,2026-10-03T17:04:34.015852+07:00,75.62935983700118,75.62935983700118,MONITOR,1612.1954905640005,1.0000527950014657,0.2516870539984666,0.00014365900096890982,DISABLED,on,user_reported,36.610069274902344,54.78017807006836,1007.1428125,105916.421875,True,True,True,176,0,0,109,178,101,2026-10-03T17:04:34.015921+07:00,75.62943896599973,0.18581702600022254,OK,,True,2026-10-03T17:04:34.201748+07:00,75.81526267800109,0.03294798499882745,OK,,True,1558,0.19475,,2026-10-03T17:04:34.234696+07:00,75.84821336700043,0.03282519099957426,OK,,True,2771,0.346375,
5f6a39ae4ae94318927b52b4009d4387,77,2026-10-03T17:04:35.015797+07:00,76.62930524700096,76.62930524700096,MONITOR,1613.1954359740002,0.999945409999782,0.25173946100039757,8.906900075089652e-05,DISABLED,on,user_reported,36.608154296875,54.773502349853516,1007.208203125,106511.3359375,True,True,True,176,0,0,109,178,101,2026-10-03T17:04:35.015868+07:00,76.62938606100033,0.1858274900005199,OK,,True,2026-10-03T17:04:35.201705+07:00,76.81521988399982,0.03297641200151702,OK,,True,1566,0.19575,,2026-10-03T17:04:35.234683+07:00,76.84819983300076,0.03283598699999857,OK,,True,2772,0.34650000000000003,
5f6a39ae4ae94318927b52b4009d4387,78,2026-10-03T17:04:36.015801+07:00,77.62930958499965,77.62930958499965,MONITOR,1614.195440311999,1.0000043379986892,0.2517271470005653,9.340699944004882e-05,DISABLED,on,user_reported,36.608154296875,54.773502349853516,1007.23546875,106511.3359375,True,True,True,176,0,0,109,178,101,2026-10-03T17:04:36.015870+07:00,77.62938771399968,0.185819435000667,OK,,True,2026-10-03T17:04:36.201698+07:00,77.81521337100094,0.032949966998785385,OK,,True,1566,0.19575,,2026-10-03T17:04:36.234649+07:00,77.84816626400061,0.032861616999070975,OK,,True,2771,0.346375,
5f6a39ae4ae94318927b52b4009d4387,79,2026-10-03T17:04:37.015806+07:00,78.62931479600047,78.62931479600047,MONITOR,1615.1954455229998,1.0000052110008255,0.2519728869992832,9.861800026556011e-05,DISABLED,on,user_reported,36.606239318847656,54.7668342590332,1007.211875,106577.8515625,True,True,True,176,0,0,109,178,101,2026-10-03T17:04:37.015876+07:00,78.62939385100071,0.18582519499977934,OK,,True,2026-10-03T17:04:37.201711+07:00,78.815225620001,0.03316057600022759,OK,,True,1574,0.19675,,2026-10-03T17:04:37.234877+07:00,78.84839128900057,0.0328865979990951,OK,,True,2772,0.34650000000000003,
5f6a39ae4ae94318927b52b4009d4387,80,2026-10-03T17:04:38.015792+07:00,79.62929978800094,79.62929978800094,MONITOR,1616.1954305150002,0.9999849920004635,0.25180848200034234,8.361000072909519e-05,DISABLED,on,user_reported,36.60688018798828,54.74774932861328,1007.2196875,106246.109375,True,True,True,176,0,0,109,178,101,2026-10-03T17:04:38.015870+07:00,79.6293883620001,0.18593736000002536,OK,,True,2026-10-03T17:04:38.201818+07:00,79.81533198200123,0.03292605999922671,OK,,True,1564,0.1955,,2026-10-03T17:04:38.234744+07:00,79.84826122699997,0.03283848700084491,OK,,True,2769,0.346125,
5f6a39ae4ae94318927b52b4009d4387,81,2026-10-03T17:04:39.015794+07:00,80.6293015980009,80.6293015980009,MONITOR,1617.1954323250002,1.000001809999958,0.2523025520004012,8.542000068700872e-05,DISABLED,on,user_reported,36.60688018798828,54.7541389465332,1007.19234375,106577.8515625,True,True,True,176,0,0,109,178,101,2026-10-03T17:04:39.015872+07:00,80.62938998600112,0.18581941799857304,OK,,True,2026-10-03T17:04:39.201703+07:00,80.81521714500013,0.033482295999419875,OK,,True,1562,0.19525,,2026-10-03T17:04:39.235188+07:00,80.84870336700078,0.03289174599922262,OK,,True,2764,0.34550000000000003,
5f6a39ae4ae94318927b52b4009d4387,82,2026-10-03T17:04:40.015792+07:00,81.62929970700134,81.62929970700134,MONITOR,1618.1954304340006,0.999998109000444,0.25181416799932776,8.35290011309553e-05,DISABLED,on,user_reported,36.60688018798828,54.74774932861328,1007.171796875,106378.5546875,True,True,True,176,0,0,109,178,101,2026-10-03T17:04:40.015874+07:00,81.62939192799968,0.18582536300164065,OK,,True,2026-10-03T17:04:40.201711+07:00,81.81522553200011,0.033012152000083006,OK,,True,1570,0.19625,,2026-10-03T17:04:40.234725+07:00,81.84824138800104,0.032863505999557674,OK,,True,2763,0.345375,
5f6a39ae4ae94318927b52b4009d4387,83,2026-10-03T17:04:41.015797+07:00,82.62930365200009,82.62930365200009,MONITOR,1619.1954343789994,1.0000039449987526,0.25180170600106067,8.74739998835139e-05,DISABLED,on,user_reported,36.6107063293457,54.7419319152832,1007.171171875,106444.90625,True,True,True,176,0,0,109,178,101,2026-10-03T17:04:41.015877+07:00,82.62939466900025,0.18582071600030758,OK,,True,2026-10-03T17:04:41.201709+07:00,82.81522368100013,0.033054282001103275,OK,,True,1565,0.195625,,2026-10-03T17:04:41.234766+07:00,82.84828155499963,0.032815006999953766,OK,,True,2772,0.34650000000000003,
5f6a39ae4ae94318927b52b4009d4387,84,2026-10-03T17:04:42.015854+07:00,83.6293510989999,83.6293510989999,MONITOR,1620.1954818259992,1.0000474469998153,0.2640751470007672,0.00013492099969880655,DISABLED,on,user_reported,36.60688018798828,54.722190856933594,1007.199140625,106711.1328125,True,True,True,176,0,0,109,178,101,2026-10-03T17:04:42.016014+07:00,83.62953030100107,0.19087133499851916,OK,,True,2026-10-03T17:04:42.206904+07:00,83.82041508099974,0.03764925700124877,OK,,True,1564,0.1955,,2026-10-03T17:04:42.244565+07:00,83.85807581900008,0.035329131000253255,OK,,True,2784,0.34800000000000003,
5f6a39ae4ae94318927b52b4009d4387,85,2026-10-03T17:04:43.015815+07:00,84.62932219800132,84.62932219800132,MONITOR,1621.1954529250006,0.9999710990014137,0.2517827079991548,0.00010602000111248344,DISABLED,on,user_reported,36.61198043823242,54.73572540283203,1007.180234375,106180.0078125,True,True,True,176,0,0,109,178,101,2026-10-03T17:04:43.015894+07:00,84.62941232699995,0.18582010600039212,OK,,True,2026-10-03T17:04:43.201725+07:00,84.81523972899959,0.03301381900018896,OK,,True,1579,0.197375,,2026-10-03T17:04:43.234741+07:00,84.84825732600075,0.03283820999968157,OK,,True,2769,0.346125,
5f6a39ae4ae94318927b52b4009d4387,86,2026-10-03T17:04:44.015797+07:00,85.6293050410004,85.6293050410004,MONITOR,1622.1954357679997,0.9999828429990885,0.25201129900051455,8.886300020094495e-05,DISABLED,on,user_reported,36.60942840576172,54.722564697265625,1007.16234375,106312.2890625,True,True,True,176,0,0,109,178,101,2026-10-03T17:04:44.015877+07:00,85.62939470700076,0.18581636499948218,OK,,True,2026-10-03T17:04:44.201705+07:00,85.81521877600062,0.033247094999751425,OK,,True,1564,0.1955,,2026-10-03T17:04:44.234953+07:00,85.84846931500033,0.032838266000908334,OK,,True,2775,0.346875,
5f6a39ae4ae94318927b52b4009d4387,87,2026-10-03T17:04:45.015796+07:00,86.62930342400068,86.62930342400068,MONITOR,1623.195434151,0.9999983830002748,0.2518160790004913,8.724600047571585e-05,DISABLED,on,user_reported,36.60688018798828,54.71580123901367,1007.165,106444.90625,True,True,True,176,0,0,109,178,101,2026-10-03T17:04:45.015877+07:00,86.62939453400031,0.18582164300096338,OK,,True,2026-10-03T17:04:45.201709+07:00,86.81522352899992,0.033045579000827274,OK,,True,1568,0.196,,2026-10-03T17:04:45.234757+07:00,86.84827231100098,0.03283813599955465,OK,,True,2770,0.34625,
5f6a39ae4ae94318927b52b4009d4387,88,2026-10-03T17:04:46.015794+07:00,87.62930036500074,87.62930036500074,MONITOR,1624.195431092,0.9999969410000631,0.2518179130001954,8.418700053880457e-05,DISABLED,on,user_reported,36.6107063293457,54.73554229736328,1007.178125,105850.734375,True,True,True,176,0,0,109,179,101,2026-10-03T17:04:46.015874+07:00,87.62939130800078,0.18582532899927173,OK,,True,2026-10-03T17:04:46.201711+07:00,87.81522528499954,0.033016913001119974,OK,,True,1562,0.19525,,2026-10-03T17:04:46.234730+07:00,87.84824571600075,0.032863505999557674,OK,,True,2775,0.346875,
5f6a39ae4ae94318927b52b4009d4387,89,2026-10-03T17:04:47.015806+07:00,88.62931169700096,88.62931169700096,MONITOR,1625.1954424240002,1.0000113320002129,0.2519751349991566,9.551900075166486e-05,DISABLED,on,user_reported,36.60942840576172,54.71617889404297,1007.182890625,106577.8515625,True,True,True,176,0,0,109,178,101,2026-10-03T17:04:47.015888+07:00,88.6294059740012,0.18597321699962777,OK,,True,2026-10-03T17:04:47.201875+07:00,88.81538887600072,0.03306055999928503,OK,,True,1567,0.195875,,2026-10-03T17:04:47.234938+07:00,88.84845360300096,0.03282413600027212,OK,,True,2769,0.346125,
5f6a39ae4ae94318927b52b4009d4387,90,2026-10-03T17:04:48.015846+07:00,89.62934475400107,89.62934475400107,MONITOR,1626.1954754810004,1.0000330570001097,0.26233559399952355,0.0001285760008613579,DISABLED,on,user_reported,36.61261749267578,54.71665573120117,1007.15390625,106180.0078125,True,True,True,176,0,0,109,179,101,2026-10-03T17:04:48.015988+07:00,89.62950417899992,0.19067378399995505,OK,,True,2026-10-03T17:04:48.206682+07:00,89.82019298200066,0.036804043000302045,OK,,True,1574,0.19675,,2026-10-03T17:04:48.243490+07:00,89.85700435800027,0.034654693999982555,OK,,True,2777,0.347125,
5f6a39ae4ae94318927b52b4009d4387,91,2026-10-03T17:04:49.015876+07:00,90.62937179599976,90.62937179599976,MONITOR,1627.195502522999,1.0000270419986919,0.26261336900097376,0.00015561799955321476,DISABLED,on,user_reported,36.60049819946289,54.708457946777344,1007.1546875,107247.59375,True,True,True,176,0,0,109,178,101,2026-10-03T17:04:49.016035+07:00,90.62955155300006,0.19176995999987412,OK,,True,2026-10-03T17:04:49.207825+07:00,90.82133621700086,0.035424075000264565,OK,,True,1592,0.199,,2026-10-03T17:04:49.243256+07:00,90.85676890300056,0.0351962620006816,OK,,True,2785,0.348125,
5f6a39ae4ae94318927b52b4009d4387,92,2026-10-03T17:04:50.015878+07:00,91.62937347000116,91.62937347000116,MONITOR,1628.1955041970004,1.0000016740013962,0.26312093999877106,0.00015729200094938278,DISABLED,on,user_reported,36.60177230834961,54.7022590637207,1007.156640625,106577.8515625,True,True,True,176,0,0,109,178,101,2026-10-03T17:04:50.016039+07:00,91.62955496799987,0.1917893500012724,OK,,True,2026-10-03T17:04:50.207848+07:00,91.8213592989996,0.03632243700121762,OK,,True,1554,0.19425,,2026-10-03T17:04:50.244177+07:00,91.85769051399984,0.034785785001076874,OK,,True,2781,0.347625,
5f6a39ae4ae94318927b52b4009d4387,93,2026-10-03T17:04:51.015875+07:00,92.62937012899965,92.62937012899965,MONITOR,1629.195500855999,0.9999966589984979,0.2629137380008615,0.00015395099944726098,DISABLED,on,user_reported,36.603050231933594,54.7152214050293,1007.288828125,106577.8515625,True,True,True,176,0,0,109,178,101,2026-10-03T17:04:51.016035+07:00,92.6295509419997,0.19179664600051183,OK,,True,2026-10-03T17:04:51.207851+07:00,92.82136223599991,0.03563038799984497,OK,,True,1560,0.195,,2026-10-03T17:04:51.243487+07:00,92.85700101300063,0.035262909999801195,OK,,True,2778,0.34725,
5f6a39ae4ae94318927b52b4009d4387,94,2026-10-03T17:04:52.015810+07:00,93.62931760500032,93.62931760500032,MONITOR,1630.1954483319996,0.9999474760006706,0.2519672870002978,0.00010142700011783745,DISABLED,on,user_reported,36.60496520996094,54.715518951416016,1007.271328125,106113.9921875,True,True,True,176,0,0,109,178,101,2026-10-03T17:04:52.015889+07:00,93.62940653000078,0.1858108889991854,OK,,True,2026-10-03T17:04:52.201709+07:00,93.81522375200075,0.03315617000043858,OK,,True,1574,0.19675,,2026-10-03T17:04:52.234869+07:00,93.84838440400017,0.03289072900042811,OK,,True,2772,0.34650000000000003,
5f6a39ae4ae94318927b52b4009d4387,95,2026-10-03T17:04:53.015809+07:00,94.6293145840009,94.6293145840009,MONITOR,1631.1954453110002,0.9999969790005707,0.25178995599890186,9.840600068855565e-05,DISABLED,on,user_reported,36.60751724243164,54.71588897705078,1007.200234375,106048.0546875,True,True,True,176,0,0,109,179,101,2026-10-03T17:04:53.015889+07:00,94.62940686100046,0.1858181669995247,OK,,True,2026-10-03T17:04:53.201718+07:00,94.81523321300119,0.033037467999747605,OK,,True,1563,0.195375,,2026-10-03T17:04:53.234760+07:00,94.84827519899954,0.03281984100067348,OK,,True,2771,0.346375,
5f6a39ae4ae94318927b52b4009d4387,96,2026-10-03T17:04:54.015801+07:00,95.62930727000094,95.62930727000094,MONITOR,1632.1954379970002,0.9999926860000414,0.2517449379993195,9.109200072998647e-05,DISABLED,on,user_reported,36.60369110107422,54.72810745239258,1007.2146875,106378.5546875,True,True,True,176,0,0,109,178,101,2026-10-03T17:04:54.015880+07:00,95.62939806500071,0.18581340799937607,OK,,True,2026-10-03T17:04:54.201702+07:00,95.81521745400096,0.03296726599910471,OK,,True,1568,0.196,,2026-10-03T17:04:54.234672+07:00,95.84818844199981,0.032854451001185225,OK,,True,2770,0.34625,
5f6a39ae4ae94318927b52b4009d4387,97,2026-10-03T17:04:55.015803+07:00,96.62930999499986,96.62930999499986,MONITOR,1633.1954407219991,1.0000027249989216,0.2520702510009869,9.381699965160806e-05,DISABLED,on,user_reported,36.60942840576172,54.73534393310547,1007.230703125,106577.8515625,True,True,True,176,0,0,109,178,101,2026-10-03T17:04:55.015883+07:00,96.62940088300093,0.18581653799992637,OK,,True,2026-10-03T17:04:55.201710+07:00,96.81522488399969,0.033286540001427056,OK,,True,1566,0.19575,,2026-10-03T17:04:55.235000+07:00,96.84851525700105,0.03285609999875305,OK,,True,2771,0.346375,
5f6a39ae4ae94318927b52b4009d4387,98,2026-10-03T17:04:56.015802+07:00,97.62930887200127,97.62930887200127,MONITOR,1634.1954395990006,0.999998877001417,0.2518477529993106,9.269400106859393e-05,DISABLED,on,user_reported,36.61198043823242,54.73572540283203,1007.228125,106577.8515625,True,True,True,176,0,0,109,178,101,2026-10-03T17:04:56.015884+07:00,97.62940213000002,0.18580740899960801,OK,,True,2026-10-03T17:04:56.201701+07:00,97.81521713100119,0.03305498699955933,OK,,True,1571,0.196375,,2026-10-03T17:04:56.234761+07:00,97.84827597000003,0.032871322000573855,OK,,True,2773,0.346625,
5f6a39ae4ae94318927b52b4009d4387,99,2026-10-03T17:04:57.015794+07:00,98.6293008800003,98.6293008800003,MONITOR,1635.1954316069996,0.9999920079990261,0.2521934180003882,8.470200009469409e-05,DISABLED,on,user_reported,36.608154296875,54.7287712097168,1007.208203125,106113.9921875,True,True,True,176,0,0,109,178,101,2026-10-03T17:04:57.015872+07:00,98.62938984200082,0.18583689099978074,OK,,True,2026-10-03T17:04:57.201722+07:00,98.8152356770006,0.033324613999866415,OK,,True,1571,0.196375,,2026-10-03T17:04:57.235050+07:00,98.84856499499983,0.03291956199973356,OK,,True,2770,0.34625,
5f6a39ae4ae94318927b52b4009d4387,100,2026-10-03T17:04:58.015804+07:00,99.62931033600034,99.62931033600034,MONITOR,1636.1954410629996,1.0000094560000434,0.2518146069996874,9.415800013812259e-05,DISABLED,on,user_reported,36.6056022644043,54.734771728515625,1007.21765625,106180.0078125,True,True,True,176,0,0,109,178,101,2026-10-03T17:04:58.015884+07:00,99.62940216900097,0.18580550200022117,OK,,True,2026-10-03T17:04:58.201700+07:00,99.81521543000053,0.0330082839991519,OK,,True,1572,0.1965,,2026-10-03T17:04:58.234711+07:00,99.84822745400015,0.032888192999962484,OK,,True,2772,0.34650000000000003,
5f6a39ae4ae94318927b52b4009d4387,101,2026-10-03T17:04:59.015805+07:00,100.62931161000051,100.62931161000051,MONITOR,1637.1954423369998,1.0000012740001694,0.25183214400021825,9.543200030748267e-05,DISABLED,on,user_reported,36.606239318847656,54.747657775878906,1007.205,105916.421875,True,True,True,176,0,0,109,178,101,2026-10-03T17:04:59.015885+07:00,100.6294028680004,0.18581213200013735,OK,,True,2026-10-03T17:04:59.201708+07:00,100.81522337100068,0.033029690999683226,OK,,True,1555,0.194375,,2026-10-03T17:04:59.234741+07:00,100.84825663599986,0.03287763700063806,OK,,True,2770,0.34625,
5f6a39ae4ae94318927b52b4009d4387,102,2026-10-03T17:05:00.015851+07:00,101.62935847799963,101.62935847799963,MONITOR,1638.195489204999,1.0000468679991172,0.2517990900014411,0.00014229999942472205,DISABLED,on,user_reported,36.608154296875,54.741546630859375,1007.139765625,106378.5546875,True,True,True,176,0,0,109,178,101,2026-10-03T17:05:00.015935+07:00,101.62945251400015,0.18582078100007493,OK,,True,2026-10-03T17:05:00.201768+07:00,101.815281702,0.03298789499967825,OK,,True,1558,0.19475,,2026-10-03T17:05:00.234757+07:00,101.84827324599974,0.03287406300114526,OK,,True,2768,0.34600000000000003,
5f6a39ae4ae94318927b52b4009d4387,103,2026-10-03T17:05:01.015802+07:00,102.62930842400056,102.62930842400056,MONITOR,1639.1954391509998,0.9999499460009247,0.25223554900003364,9.224600034940522e-05,DISABLED,on,user_reported,36.60879135131836,54.74803924560547,1007.181875,106312.2890625,True,True,True,176,0,0,109,178,101,2026-10-03T17:05:01.015882+07:00,102.6293997190005,0.18580726300024253,OK,,True,2026-10-03T17:05:01.201699+07:00,102.81521487099963,0.033263208000789746,OK,,True,1566,0.19575,,2026-10-03T17:05:01.234966+07:00,102.84848196799976,0.03305254299993976,OK,,True,2771,0.346375,
5f6a39ae4ae94318927b52b4009d4387,104,2026-10-03T17:05:02.015806+07:00,103.62931150199984,103.62931150199984,MONITOR,1640.1954422289991,1.0000030779992812,0.25208621800084074,9.532399963063654e-05,DISABLED,on,user_reported,36.61389923095703,54.73600769042969,1007.196875,106048.0546875,True,True,True,176,0,0,109,178,101,2026-10-03T17:05:02.015891+07:00,103.62940914899991,0.18583506000140915,OK,,True,2026-10-03T17:05:02.201739+07:00,103.81525239400071,0.033145838000564254,OK,,True,1562,0.19525,,2026-10-03T17:05:02.234889+07:00,103.84840378800072,0.0329831919989374,OK,,True,2766,0.34575,
5f6a39ae4ae94318927b52b4009d4387,105,2026-10-03T17:05:03.015802+07:00,104.629308046,104.629308046,MONITOR,1641.1954387729993,0.9999965440001688,0.2518182580006396,9.186799979943316e-05,DISABLED,on,user_reported,36.6107063293457,54.748321533203125,1007.150625,105916.421875,True,True,True,176,0,0,109,178,101,2026-10-03T17:05:03.015886+07:00,104.62940387799972,0.18581339400043362,OK,,True,2026-10-03T17:05:03.201711+07:00,104.81522555000083,0.03303994999987481,OK,,True,1564,0.1955,,2026-10-03T17:05:03.234753+07:00,104.84826925900052,0.032848304999788525,OK,,True,2768,0.34600000000000003,
5f6a39ae4ae94318927b52b4009d4387,106,2026-10-03T17:05:04.015805+07:00,105.62931053700049,105.62931053700049,MONITOR,1642.1954412639998,1.0000024910004868,0.25177751800038095,9.435900028620381e-05,DISABLED,on,user_reported,36.61134338378906,54.73562240600586,1007.15171875,106511.3359375,True,True,True,176,0,0,109,178,101,2026-10-03T17:05:04.015889+07:00,105.62940688799972,0.18582002299990563,OK,,True,2026-10-03T17:05:04.201720+07:00,105.8152345590006,0.032985321999149164,OK,,True,1559,0.194875,,2026-10-03T17:05:04.234707+07:00,105.84822395500123,0.032853933998922,OK,,True,2771,0.346375,
5f6a39ae4ae94318927b52b4009d4387,107,2026-10-03T17:05:05.015833+07:00,106.62933862300088,106.62933862300088,MONITOR,1643.1954693500002,1.000028086000384,0.25213208999957715,0.0001224450006702682,DISABLED,on,user_reported,36.6056022644043,54.76033401489258,1007.108203125,106113.9921875,True,True,True,176,0,0,109,178,101,2026-10-03T17:05:05.015920+07:00,106.62943765900127,0.18582852399958938,OK,,True,2026-10-03T17:05:05.201760+07:00,106.8152738860008,0.03333004100022663,OK,,True,1571,0.196375,,2026-10-03T17:05:05.235093+07:00,106.84860807500081,0.032851859999937005,OK,,True,2772,0.34650000000000003,
5f6a39ae4ae94318927b52b4009d4387,108,2026-10-03T17:05:06.015801+07:00,107.62930684099956,107.62930684099956,MONITOR,1644.1954375679989,0.9999682179986848,0.25197394500173687,9.066299935511779e-05,DISABLED,on,user_reported,36.60496520996094,54.74746322631836,1007.202890625,106113.9921875,True,True,True,176,0,0,109,178,101,2026-10-03T17:05:06.015885+07:00,107.62940339600027,0.18580376600039017,OK,,True,2026-10-03T17:05:06.201700+07:00,107.81521473599969,0.03323776300021564,OK,,True,1566,0.19575,,2026-10-03T17:05:06.234940+07:00,107.84845637000035,0.03281415600031323,OK,,True,2762,0.34525,
5f6a39ae4ae94318927b52b4009d4387,109,2026-10-03T17:05:07.015829+07:00,108.62933047000115,108.62933047000115,MONITOR,1645.1954611970004,1.0000236290015891,0.26253934599844797,0.00011429200094426051,DISABLED,on,user_reported,36.60942840576172,54.74812698364258,1007.278671875,106378.5546875,True,True,True,176,0,0,109,178,101,2026-10-03T17:05:07.015955+07:00,108.62947193100081,0.19126338199930615,OK,,True,2026-10-03T17:05:07.207243+07:00,108.82075312800043,0.03568690800057084,OK,,True,1587,0.198375,,2026-10-03T17:05:07.242938+07:00,108.85645012799978,0.0353979290011921,OK,,True,2784,0.34800000000000003,
5f6a39ae4ae94318927b52b4009d4387,110,2026-10-03T17:05:08.015815+07:00,109.62932108300083,109.62932108300083,MONITOR,1646.1954518100001,0.9999906129996816,0.25176776199987216,0.00010490500062587671,DISABLED,on,user_reported,36.603050231933594,54.740779876708984,1007.254609375,105916.421875,True,True,True,176,0,0,109,178,101,2026-10-03T17:05:08.015896+07:00,109.62941430400133,0.18581278499914333,OK,,True,2026-10-03T17:05:08.201721+07:00,109.81523595900035,0.032992321999699925,OK,,True,1567,0.195875,,2026-10-03T17:05:08.234716+07:00,109.8482319850009,0.03284724900004221,OK,,True,2775,0.346875,
5f6a39ae4ae94318927b52b4009d4387,111,2026-10-03T17:05:09.015808+07:00,110.62931416100037,110.62931416100037,MONITOR,1647.1954448879997,0.9999930779995339,0.25175944900001923,9.798300015972927e-05,DISABLED,on,user_reported,36.60432815551758,54.76014709472656,1007.263515625,106577.8515625,True,True,True,176,0,0,109,178,101,2026-10-03T17:05:09.015892+07:00,110.62940995700046,0.1858042479998403,OK,,True,2026-10-03T17:05:09.201707+07:00,110.81522237200079,0.03298848899976292,OK,,True,1564,0.1955,,2026-10-03T17:05:09.234698+07:00,110.84821415700026,0.03284978600095201,OK,,True,2774,0.34675,
5f6a39ae4ae94318927b52b4009d4387,112,2026-10-03T17:05:10.015807+07:00,111.62931498299986,111.62931498299986,MONITOR,1648.1954457099991,1.0000008219994925,0.25177148600050714,9.880499965220224e-05,DISABLED,on,user_reported,36.606239318847656,54.754051208496094,1007.184453125,105982.1953125,True,True,True,176,0,0,109,178,101,2026-10-03T17:05:10.015890+07:00,111.62940794600036,0.18581028600056015,OK,,True,2026-10-03T17:05:10.201712+07:00,111.81522656500056,0.032994970000800095,OK,,True,1570,0.19625,,2026-10-03T17:05:10.234709+07:00,111.84822540500136,0.03285006399892154,OK,,True,2770,0.34625,
5f6a39ae4ae94318927b52b4009d4387,113,2026-10-03T17:05:11.015832+07:00,112.62933638200047,112.62933638200047,MONITOR,1649.1954671089998,1.000021399000616,0.25183587500032445,0.0001202040002681315,DISABLED,on,user_reported,36.61134338378906,54.76118850708008,1007.192734375,106312.2890625,True,True,True,176,0,0,109,178,101,2026-10-03T17:05:11.015923+07:00,112.62944040000002,0.18582269299986365,OK,,True,2026-10-03T17:05:11.201757+07:00,112.81527142699997,0.03301898800054914,OK,,True,1559,0.194875,,2026-10-03T17:05:11.234779+07:00,112.8482950079997,0.032866619001652,OK,,True,2766,0.34575,
5f6a39ae4ae94318927b52b4009d4387,114,2026-10-03T17:05:12.015801+07:00,113.62930770999992,113.62930770999992,MONITOR,1650.1954384369992,0.9999713279994467,0.2523101670012693,9.153199971478898e-05,DISABLED,on,user_reported,36.60942840576172,54.74812698364258,1007.196484375,105916.421875,True,True,True,176,0,0,109,178,101,2026-10-03T17:05:12.015885+07:00,113.62940263500059,0.18582165699990583,OK,,True,2026-10-03T17:05:12.201719+07:00,113.81523275499967,0.03342085500116809,OK,,True,1558,0.19475,,2026-10-03T17:05:12.235144+07:00,113.84865875800097,0.03294719299992721,OK,,True,2770,0.34625,
5f6a39ae4ae94318927b52b4009d4387,115,2026-10-03T17:05:13.015872+07:00,114.62937198399959,114.62937198399959,MONITOR,1651.1955027109989,1.0000642739996692,0.26275671900111774,0.00015580599938402884,DISABLED,on,user_reported,36.60369110107422,54.747276306152344,1007.194140625,105719.59375,True,True,True,176,0,0,109,178,101,2026-10-03T17:05:13.016013+07:00,114.62952931499967,0.1913692730013281,OK,,True,2026-10-03T17:05:13.207403+07:00,114.82091457000024,0.03570100000069942,OK,,True,1582,0.19775,,2026-10-03T17:05:13.243112+07:00,114.85662523700012,0.03548120699997526,OK,,True,2777,0.347125,
5f6a39ae4ae94318927b52b4009d4387,116,2026-10-03T17:05:14.015833+07:00,115.62933718699969,115.62933718699969,MONITOR,1652.195467913999,0.9999652030001016,0.2618480620003538,0.00012100899948563892,DISABLED,on,user_reported,36.60496520996094,54.734683990478516,1007.2303125,105523.4921875,True,True,True,176,0,0,109,179,101,2026-10-03T17:05:14.015937+07:00,115.62945496400062,0.1909405730002618,OK,,True,2026-10-03T17:05:14.206901+07:00,115.820412037001,0.0355253179986903,OK,,True,1553,0.194125,,2026-10-03T17:05:14.242435+07:00,115.85594744700029,0.03521315400030289,OK,,True,2776,0.34700000000000003,
5f6a39ae4ae94318927b52b4009d4387,117,2026-10-03T17:05:15.015924+07:00,116.62942057700093,116.62942057700093,MONITOR,1653.1955513040002,1.0000833900012367,0.26308588400024746,0.00020439900072233286,DISABLED,on,user_reported,36.599220275878906,54.746604919433594,1007.152578125,106048.0546875,True,True,True,176,0,0,109,179,101,2026-10-03T17:05:15.016075+07:00,116.6295913160011,0.1921574520001741,OK,,True,2026-10-03T17:05:15.208255+07:00,116.82176556400009,0.035504614001183654,OK,,True,1586,0.19825,,2026-10-03T17:05:15.243765+07:00,116.85727851200136,0.03520522699909634,OK,,True,2787,0.348375,
5f6a39ae4ae94318927b52b4009d4387,118,2026-10-03T17:05:16.017784+07:00,117.63128062000033,117.63128062000033,MONITOR,1654.1974113469996,1.0018600429993967,0.25321060699934606,0.0020644420001190156,DISABLED,on,user_reported,36.59794616699219,54.746421813964844,1007.14359375,106777.890625,True,True,True,176,0,0,109,178,101,2026-10-03T17:05:16.017928+07:00,117.63144463699973,0.18680457700065745,OK,,True,2026-10-03T17:05:16.204745+07:00,117.81825871300134,0.033352782998917974,OK,,True,1555,0.194375,,2026-10-03T17:05:16.238103+07:00,117.85161712500121,0.032862971998838475,OK,,True,2768,0.34600000000000003,
5f6a39ae4ae94318927b52b4009d4387,119,2026-10-03T17:05:17.015836+07:00,118.62934157200107,118.62934157200107,MONITOR,1655.1954722990004,0.998060952000742,0.2521359689999372,0.00012539400086097885,DISABLED,on,user_reported,36.60113525390625,54.759674072265625,1007.155703125,106444.90625,True,True,True,176,0,0,109,178,101,2026-10-03T17:05:17.015925+07:00,118.62944323800002,0.1858775290002086,OK,,True,2026-10-03T17:05:17.201817+07:00,118.8153308230012,0.03326491199914017,OK,,True,1558,0.19475,,2026-10-03T17:05:17.235084+07:00,118.8485999759996,0.032867638999960036,OK,,True,2769,0.346125,
5f6a39ae4ae94318927b52b4009d4387,120,2026-10-03T17:05:18.015803+07:00,119.62930878600127,119.62930878600127,MONITOR,1656.1954395130006,0.9999672140002076,0.25172865799868305,9.260800106858369e-05,DISABLED,on,user_reported,36.60177230834961,54.746978759765625,1007.1909375,106113.9921875,True,True,True,176,0,0,109,178,101,2026-10-03T17:05:18.015888+07:00,119.62940650699966,0.18581512400123756,OK,,True,2026-10-03T17:05:18.201715+07:00,119.81522950100043,0.03295639700081665,OK,,True,1557,0.194625,,2026-10-03T17:05:18.234672+07:00,119.84818884299966,0.03284000900021056,OK,,True,2772,0.34650000000000003,
5f6a39ae4ae94318927b52b4009d4387,121,2026-10-03T17:05:19.015845+07:00,120.62935055799971,120.62935055799971,MONITOR,1657.195481284999,1.0000417719984398,0.2517467329998908,0.00013437999950838275,DISABLED,on,user_reported,36.60113525390625,54.76606369018555,1007.20359375,106511.3359375,True,True,True,176,0,0,109,178,101,2026-10-03T17:05:19.015934+07:00,120.62945185300123,0.18581588300003204,OK,,True,2026-10-03T17:05:19.201762+07:00,120.81527595800071,0.03296721200058528,OK,,True,1567,0.195875,,2026-10-03T17:05:19.234729+07:00,120.84824613300043,0.032842213000549236,OK,,True,2770,0.34625,
5f6a39ae4ae94318927b52b4009d4387,122,2026-10-03T17:05:20.015850+07:00,121.62935461000052,121.62935461000052,MONITOR,1658.1954853369998,1.0000040520008042,0.2517458259990235,0.00013843200031260494,DISABLED,on,user_reported,36.594120025634766,54.758628845214844,1007.16484375,106312.2890625,True,True,True,176,0,0,109,178,101,2026-10-03T17:05:20.015939+07:00,121.62945642399973,0.18581979100054014,OK,,True,2026-10-03T17:05:20.201771+07:00,121.81528469600016,0.03296812000007776,OK,,True,1567,0.195875,,2026-10-03T17:05:20.234739+07:00,121.84825605700098,0.03283543499856023,OK,,True,2774,0.34675,
5f6a39ae4ae94318927b52b4009d4387,123,2026-10-03T17:05:21.015880+07:00,122.62938473900067,122.62938473900067,MONITOR,1659.195515466,1.0000301290001516,0.25957127299989224,0.00016856100046425126,DISABLED,on,user_reported,36.58965301513672,54.76435470581055,1007.17125,106444.90625,True,True,True,176,0,0,109,178,101,2026-10-03T17:05:21.015970+07:00,122.62948705300005,0.18975905099978263,OK,,True,2026-10-03T17:05:21.205749+07:00,122.81925980800042,0.034316347000640235,OK,,True,1579,0.197375,,2026-10-03T17:05:21.240070+07:00,122.8535841740013,0.035351726999579114,OK,,True,2776,0.34700000000000003,
5f6a39ae4ae94318927b52b4009d4387,124,2026-10-03T17:05:22.020696+07:00,123.6341934000011,123.6341934000011,MONITOR,1660.2003241270004,1.0048086610004248,0.25876950299971213,0.0049772220008890145,DISABLED,on,user_reported,36.59730911254883,54.746315002441406,1007.306796875,106180.0078125,True,True,True,176,0,0,109,178,101,2026-10-03T17:05:22.020843+07:00,123.6343585650011,0.18897320799987938,OK,,True,2026-10-03T17:05:22.209832+07:00,123.82334414300021,0.0342552189995331,OK,,True,1568,0.196,,2026-10-03T17:05:22.244098+07:00,123.857609658,0.03533211600006325,OK,,True,2785,0.348125,
5f6a39ae4ae94318927b52b4009d4387,125,2026-10-03T17:05:23.015857+07:00,124.62935815400124,124.62935815400124,MONITOR,1661.1954888810005,0.9951647540001431,0.2644103959992208,0.00014197600103216246,DISABLED,on,user_reported,36.599220275878906,54.75299835205078,1007.282578125,105785.125,True,True,True,176,0,0,109,178,101,2026-10-03T17:05:23.015993+07:00,124.6295091890006,0.1910300780000398,OK,,True,2026-10-03T17:05:23.207043+07:00,124.82055330399999,0.03775463100100751,OK,,True,1557,0.194625,,2026-10-03T17:05:23.244803+07:00,124.85831708300066,0.035430558998996275,OK,,True,2779,0.347375,
5f6a39ae4ae94318927b52b4009d4387,126,2026-10-03T17:05:24.015966+07:00,125.62945825300085,125.62945825300085,MONITOR,1662.1955889800001,1.00010009899961,0.26235463800003345,0.00024207500064221676,DISABLED,on,user_reported,36.60177230834961,54.75337219238281,1007.245625,106180.0078125,True,True,True,176,0,0,109,178,101,2026-10-03T17:05:24.016148+07:00,125.62966356600009,0.1896227569995972,OK,,True,2026-10-03T17:05:24.205786+07:00,125.81929747200047,0.03570824199960043,OK,,True,1570,0.19625,,2026-10-03T17:05:24.241494+07:00,125.85501063999982,0.03678247300013027,OK,,True,2787,0.348375,
5f6a39ae4ae94318927b52b4009d4387,127,2026-10-03T17:05:25.015871+07:00,126.62936780100063,126.62936780100063,MONITOR,1663.195498528,0.9999095479997777,0.262012548999337,0.00015162300041993149,DISABLED,on,user_reported,36.60113525390625,54.77884292602539,1007.20359375,106644.4453125,True,True,True,176,0,0,109,178,101,2026-10-03T17:05:25.016018+07:00,126.62953379899955,0.19016997600010654,OK,,True,2026-10-03T17:05:25.206206+07:00,126.81971723700008,0.03510223000012047,OK,,True,1558,0.19475,,2026-10-03T17:05:25.241312+07:00,126.85482611500083,0.036532828000417794,OK,,True,2779,0.347375,
5f6a39ae4ae94318927b52b4009d4387,128,2026-10-03T17:05:26.016071+07:00,127.62957223800004,127.62957223800004,MONITOR,1664.1957029649993,1.000204436999411,0.2613088890011568,0.0003560599998309044,DISABLED,on,user_reported,36.59667205810547,54.78457260131836,1007.251015625,105982.1953125,True,True,True,176,0,0,109,178,101,2026-10-03T17:05:26.016201+07:00,127.62971732900041,0.18912335599998187,OK,,True,2026-10-03T17:05:26.205340+07:00,127.81885168500048,0.03566185400086397,OK,,True,1578,0.19725,,2026-10-03T17:05:26.241005+07:00,127.85451972400006,0.03633916299986595,OK,,True,2777,0.347125,
5f6a39ae4ae94318927b52b4009d4387,129,2026-10-03T17:05:27.015862+07:00,128.62936710699978,128.62936710699978,MONITOR,1665.195497833999,0.9997948689997429,0.2519582730001275,0.00015092899957380723,DISABLED,on,user_reported,36.60113525390625,54.7724494934082,1007.183046875,106378.5546875,True,True,True,176,0,0,109,178,101,2026-10-03T17:05:27.015949+07:00,128.6294665130008,0.1858561280005233,OK,,True,2026-10-03T17:05:27.201818+07:00,128.81533182600106,0.03311376700003166,OK,,True,1552,0.194,,2026-10-03T17:05:27.234936+07:00,128.84845064799993,0.032862214000488166,OK,,True,2768,0.34600000000000003,
5f6a39ae4ae94318927b52b4009d4387,130,2026-10-03T17:05:28.015794+07:00,129.6293015700012,129.6293015700012,MONITOR,1666.1954322970005,0.9999344630014093,0.2518802559989126,8.539200098311994e-05,DISABLED,on,user_reported,36.59347915649414,54.77131271362305,1007.21171875,106113.9921875,True,True,True,176,0,0,109,178,101,2026-10-03T17:05:28.015873+07:00,129.6293908839998,0.18584573900079704,OK,,True,2026-10-03T17:05:28.201732+07:00,129.8152455670006,0.033012952999342815,OK,,True,1563,0.195375,,2026-10-03T17:05:28.234745+07:00,129.84826185400016,0.032908342000155244,OK,,True,2767,0.345875,
5f6a39ae4ae94318927b52b4009d4387,131,2026-10-03T17:05:29.015802+07:00,130.6293084050012,130.6293084050012,MONITOR,1667.1954391320005,1.000006835000022,0.2520890879986837,9.222700100508519e-05,DISABLED,on,user_reported,36.59794616699219,54.77837371826172,1007.19828125,106048.0546875,True,True,True,176,0,0,109,178,101,2026-10-03T17:05:29.015887+07:00,130.62940453400006,0.18581949899999017,OK,,True,2026-10-03T17:05:29.201720+07:00,130.8152337370011,0.03325793200019689,OK,,True,1558,0.19475,,2026-10-03T17:05:29.234979+07:00,130.8484955210006,0.032889953999983845,OK,,True,2770,0.34625,
5f6a39ae4ae94318927b52b4009d4387,132,2026-10-03T17:05:30.015801+07:00,131.62930779900125,131.62930779900125,MONITOR,1668.1954385260005,0.9999993940000422,0.25182659099846205,9.162100104731508e-05,DISABLED,on,user_reported,36.596031188964844,54.790870666503906,1007.16796875,106048.0546875,True,True,True,176,0,0,109,178,101,2026-10-03T17:05:30.015878+07:00,131.6293954089997,0.185829685000499,OK,,True,2026-10-03T17:05:30.201720+07:00,131.81523427899992,0.032983971999783535,OK,,True,1564,0.1955,,2026-10-03T17:05:30.234706+07:00,131.84822186200108,0.032901990998652764,OK,,True,2768,0.34600000000000003,
5f6a39ae4ae94318927b52b4009d4387,133,2026-10-03T17:05:31.015798+07:00,132.62930550999954,132.62930550999954,MONITOR,1669.1954362369988,0.9999977109982865,0.25202642300064326,8.93319993338082e-05,DISABLED,on,user_reported,36.589012145996094,54.770652770996094,1007.1634375,105850.734375,True,True,True,176,0,0,109,178,101,2026-10-03T17:05:31.015873+07:00,132.6293912680012,0.18582505599988508,OK,,True,2026-10-03T17:05:31.201711+07:00,132.81522476800092,0.03319528499923763,OK,,True,1563,0.195375,,2026-10-03T17:05:31.234911+07:00,132.84842483099965,0.032896510001592105,OK,,True,2771,0.346375,
5f6a39ae4ae94318927b52b4009d4387,134,2026-10-03T17:05:32.015806+07:00,133.6293096490008,133.6293096490008,MONITOR,1670.195440376,1.0000041390012484,0.2528116390003561,9.347100058221258e-05,DISABLED,on,user_reported,36.60177230834961,54.78532409667969,1007.1840625,106511.3359375,True,True,True,176,0,0,109,178,101,2026-10-03T17:05:32.015916+07:00,133.62943368500055,0.18622646000039822,OK,,True,2026-10-03T17:05:32.202155+07:00,133.81566879300044,0.03355872599968279,OK,,True,1560,0.195,,2026-10-03T17:05:32.235719+07:00,133.8492328709999,0.032877658000870724,OK,,True,2769,0.346125,
5f6a39ae4ae94318927b52b4009d4387,135,2026-10-03T17:05:33.015801+07:00,134.6293072540011,134.6293072540011,MONITOR,1671.1954379810004,0.999997605000317,0.253722667999682,9.107600089919288e-05,DISABLED,on,user_reported,36.592201232910156,54.77751159667969,1007.120703125,106312.2890625,True,True,True,176,0,0,109,178,101,2026-10-03T17:05:33.015888+07:00,134.6294058830008,0.18659877099889854,OK,,True,2026-10-03T17:05:33.202501+07:00,134.81601500600118,0.03407757300010417,OK,,True,1563,0.195375,,2026-10-03T17:05:33.236584+07:00,134.85009857899968,0.032919287999902735,OK,,True,2773,0.346625,
5f6a39ae4ae94318927b52b4009d4387,136,2026-10-03T17:05:34.015793+07:00,135.62930089899965,135.62930089899965,MONITOR,1672.195431625999,0.9999936449985398,0.2519218150009692,8.472099943901412e-05,DISABLED,on,user_reported,36.595394134521484,54.77798843383789,1007.1396875,106048.0546875,True,True,True,176,0,0,109,178,101,2026-10-03T17:05:34.015868+07:00,135.62938563900025,0.18582694600081595,OK,,True,2026-10-03T17:05:34.201708+07:00,135.81522169600066,0.03298673099925509,OK,,True,1560,0.195,,2026-10-03T17:05:34.234695+07:00,135.8482119830005,0.03299956400041992,OK,,True,2766,0.34575,
5f6a39ae4ae94318927b52b4009d4387,137,2026-10-03T17:05:35.015790+07:00,136.62929747199996,136.62929747199996,MONITOR,1673.1954281989993,0.9999965730003169,0.25221046099977684,8.129399975587148e-05,DISABLED,on,user_reported,36.594757080078125,54.777896881103516,1007.138515625,105982.1953125,True,True,True,176,0,0,109,178,101,2026-10-03T17:05:35.015866+07:00,136.62938435999968,0.18581900200115342,OK,,True,2026-10-03T17:05:35.201699+07:00,136.81521199100098,0.03325669299920264,OK,,True,1557,0.194625,,2026-10-03T17:05:35.234957+07:00,136.84847288700075,0.03302382400033821,OK,,True,2771,0.346375,
5f6a39ae4ae94318927b52b4009d4387,138,2026-10-03T17:05:36.015791+07:00,137.62929960300062,137.62929960300062,MONITOR,1674.19543033,1.000002131000656,0.2524083859989332,8.342500041180756e-05,DISABLED,on,user_reported,36.59667205810547,54.79096221923828,1007.182578125,106378.5546875,True,True,True,176,0,0,109,178,101,2026-10-03T17:05:36.015868+07:00,137.6293865280004,0.18607874100052868,OK,,True,2026-10-03T17:05:36.201963+07:00,137.8154766759999,0.03315521200056537,OK,,True,1559,0.194875,,2026-10-03T17:05:36.235122+07:00,137.848636703,0.03306058300040604,OK,,True,2760,0.34500000000000003,
5f6a39ae4ae94318927b52b4009d4387,139,2026-10-03T17:05:37.015801+07:00,138.6293077549999,138.6293077549999,MONITOR,1675.1954384819992,1.0000081519992818,0.2614758030013036,9.15769996936433e-05,DISABLED,on,user_reported,36.59284210205078,54.771217346191406,1007.272265625,106511.3359375,True,True,True,176,0,0,109,178,101,2026-10-03T17:05:37.015886+07:00,138.62940393999997,0.18989192800108867,OK,,True,2026-10-03T17:05:37.205802+07:00,138.81931279400123,0.03413660999831336,OK,,True,1566,0.19575,,2026-10-03T17:05:37.239947+07:00,138.85345851500097,0.03730558099960035,OK,,True,2777,0.347125,
5f6a39ae4ae94318927b52b4009d4387,140,2026-10-03T17:05:38.015891+07:00,139.6293887060001,139.6293887060001,MONITOR,1676.1955194329994,1.0000809510002,0.2603134439996211,0.00017252799989364576,DISABLED,on,user_reported,36.60113525390625,54.79801940917969,1007.2446875,106048.0546875,True,True,True,176,0,0,109,178,101,2026-10-03T17:05:38.016044+07:00,139.62956022300023,0.19082236400026886,OK,,True,2026-10-03T17:05:38.206884+07:00,139.82039542100028,0.034600586999658844,OK,,True,1545,0.193125,,2026-10-03T17:05:38.241492+07:00,139.85500465600126,0.034679012998822145,OK,,True,2764,0.34550000000000003,
5f6a39ae4ae94318927b52b4009d4387,141,2026-10-03T17:05:39.015865+07:00,140.6293641780012,140.6293641780012,MONITOR,1677.1954949050005,0.9999754720010969,0.2637755609994201,0.00014800000099057797,DISABLED,on,user_reported,36.596031188964844,54.784481048583984,1007.236328125,106048.0546875,True,True,True,176,0,0,109,178,101,2026-10-03T17:05:39.016014+07:00,140.62953075100086,0.1911036769997736,OK,,True,2026-10-03T17:05:39.207134+07:00,140.82064705800076,0.03653505100010079,OK,,True,1572,0.1965,,2026-10-03T17:05:39.243681+07:00,140.85719308999978,0.03592953800034593,OK,,True,2774,0.34675,
5f6a39ae4ae94318927b52b4009d4387,142,2026-10-03T17:05:40.015837+07:00,141.629336598,141.629336598,MONITOR,1678.1954673249993,0.9999724199988123,0.26231451900093816,0.00012041999980283435,DISABLED,on,user_reported,36.60113525390625,54.7916259765625,1007.271953125,106444.90625,True,True,True,176,0,0,109,178,101,2026-10-03T17:05:40.015989+07:00,141.62950509599978,0.19181744900015474,OK,,True,2026-10-03T17:05:40.207825+07:00,141.82133595199957,0.03601903800154105,OK,,True,1565,0.195625,,2026-10-03T17:05:40.243853+07:00,141.85736482300126,0.03426081299949146,OK,,True,2776,0.34700000000000003,
5f6a39ae4ae94318927b52b4009d4387,143,2026-10-03T17:05:41.015842+07:00,142.62934133400086,142.62934133400086,MONITOR,1679.1954720610001,1.0000047360008466,0.2659716899997875,0.0001251560006494401,DISABLED,on,user_reported,36.603050231933594,54.804691314697266,1007.2340625,106048.0546875,True,True,True,176,0,0,109,178,101,2026-10-03T17:05:41.015986+07:00,142.62950296300005,0.19595567000033043,OK,,True,2026-10-03T17:05:41.211976+07:00,142.82548472500093,0.035323580999829574,OK,,True,1555,0.194375,,2026-10-03T17:05:41.247307+07:00,142.86081851000017,0.03446634800093307,OK,,True,2763,0.345375,
5f6a39ae4ae94318927b52b4009d4387,144,2026-10-03T17:05:42.015815+07:00,143.62932112900126,143.62932112900126,MONITOR,1680.1954518560005,0.9999797950003995,0.25269007299903024,0.00010495100104890298,DISABLED,on,user_reported,36.59794616699219,54.797550201416016,1007.232578125,106378.5546875,True,True,True,176,0,0,109,178,101,2026-10-03T17:05:42.015899+07:00,143.62941583199972,0.1859769110014895,OK,,True,2026-10-03T17:05:42.201899+07:00,143.81540885399954,0.03359604200159083,OK,,True,1550,0.19375,,2026-10-03T17:05:42.235496+07:00,143.84901015499963,0.03298921400164545,OK,,True,2758,0.34475,
5f6a39ae4ae94318927b52b4009d4387,145,2026-10-03T17:05:43.015798+07:00,144.62930583399975,144.62930583399975,MONITOR,1681.195436560999,0.9999847049984965,0.2530339780005306,8.965599954535719e-05,DISABLED,on,user_reported,36.60049819946289,54.80431365966797,1007.195703125,106180.0078125,True,True,True,176,0,0,109,178,101,2026-10-03T17:05:43.015874+07:00,144.6293915740007,0.18593259699991904,OK,,True,2026-10-03T17:05:43.201817+07:00,144.8153317640008,0.03317389699986961,OK,,True,1556,0.1945,,2026-10-03T17:05:43.234998+07:00,144.8485114940013,0.03381476199865574,OK,,True,2750,0.34375,
5f6a39ae4ae94318927b52b4009d4387,146,2026-10-03T17:05:44.015806+07:00,145.62931287500032,145.62931287500032,MONITOR,1682.1954436019996,1.000007041000572,0.2567401840005914,9.6697000117274e-05,DISABLED,on,user_reported,36.60942840576172,54.79925537109375,1007.265,106113.9921875,True,True,True,176,0,0,109,178,101,2026-10-03T17:05:44.015890+07:00,145.62940796600014,0.18583126600060496,OK,,True,2026-10-03T17:05:44.201734+07:00,145.81524825000088,0.03277730899935705,OK,,True,1567,0.195875,,2026-10-03T17:05:44.234516+07:00,145.84803042900057,0.03800348199911241,OK,,True,2768,0.34600000000000003,
5f6a39ae4ae94318927b52b4009d4387,147,2026-10-03T17:05:45.015799+07:00,146.629306584,146.629306584,MONITOR,1683.1954373109993,0.999993708999682,0.2538791189999756,9.040599979925901e-05,DISABLED,on,user_reported,36.608154296875,54.79906463623047,1007.173984375,105982.1953125,True,True,True,176,0,0,109,178,101,2026-10-03T17:05:45.015874+07:00,146.6293916020004,0.18581669199920725,OK,,True,2026-10-03T17:05:45.201701+07:00,146.81521634900128,0.0350217139985034,OK,,True,1563,0.195375,,2026-10-03T17:05:45.236729+07:00,146.8502433220001,0.03293301099984092,OK,,True,2767,0.345875,
5f6a39ae4ae94318927b52b4009d4387,148,2026-10-03T17:05:46.015792+07:00,147.62930053700074,147.62930053700074,MONITOR,1684.195431264,0.9999939530007396,0.256673112999124,8.435900053882506e-05,DISABLED,on,user_reported,36.60240936279297,54.798213958740234,1007.17828125,105982.1953125,True,True,True,176,0,0,109,178,101,2026-10-03T17:05:46.015865+07:00,147.62938275899978,0.18582269200123847,OK,,True,2026-10-03T17:05:46.201697+07:00,147.8152120249997,0.03401133400075196,OK,,True,1562,0.19525,,2026-10-03T17:05:46.235715+07:00,147.84922945200015,0.0367329199998494,OK,,True,2769,0.346125,
5f6a39ae4ae94318927b52b4009d4387,149,2026-10-03T17:05:47.015922+07:00,148.62941478799985,148.62941478799985,MONITOR,1685.1955455149991,1.0001142509991041,0.25589430600120977,0.00019860999964294024,DISABLED,on,user_reported,36.60240936279297,54.80460739135742,1007.185078125,106444.90625,True,True,True,176,0,0,109,178,101,2026-10-03T17:05:47.016086+07:00,148.62960317500074,0.18666001900055562,OK,,True,2026-10-03T17:05:47.202757+07:00,148.81627141600075,0.03492802899927483,OK,,True,1556,0.1945,,2026-10-03T17:05:47.237701+07:00,148.851212167001,0.034080149000146776,OK,,True,2751,0.343875,
5f6a39ae4ae94318927b52b4009d4387,150,2026-10-03T17:05:48.015801+07:00,149.6293100620005,149.6293100620005,MONITOR,1686.1954407889998,0.9998952740006644,0.25239913500081457,9.388400030729827e-05,DISABLED,on,user_reported,36.599220275878906,54.80412292480469,1007.18,105719.59375,True,True,True,176,0,0,109,179,101,2026-10-03T17:05:48.015874+07:00,149.6293916909999,0.18582160000005388,OK,,True,2026-10-03T17:05:48.201706+07:00,149.81522140200104,0.03296949299874541,OK,,True,1559,0.194875,,2026-10-03T17:05:48.234677+07:00,149.84819411700119,0.03350176499952795,OK,,True,2765,0.345625,
5f6a39ae4ae94318927b52b4009d4387,151,2026-10-03T17:05:49.015802+07:00,150.62930944800064,150.62930944800064,MONITOR,1687.195440175,0.9999993860001268,0.25463987399962207,9.327000043413136e-05,DISABLED,on,user_reported,36.595394134521484,54.78438186645508,1007.160078125,105785.125,True,True,True,176,0,0,109,179,101,2026-10-03T17:05:49.015878+07:00,150.62939565099987,0.18583074900016072,OK,,True,2026-10-03T17:05:49.201721+07:00,150.81523523400028,0.033233285999813234,OK,,True,1562,0.19525,,2026-10-03T17:05:49.234955+07:00,150.84847185299986,0.035465431999909924,OK,,True,2764,0.34550000000000003,
5f6a39ae4ae94318927b52b4009d4387,152,2026-10-03T17:05:50.015800+07:00,151.62930722599958,151.62930722599958,MONITOR,1688.1954379529989,0.9999977779989422,0.2554860150012246,9.104799937631469e-05,DISABLED,on,user_reported,36.599220275878906,54.784950256347656,1007.173046875,106312.2890625,True,True,True,176,0,0,109,179,101,2026-10-03T17:05:50.015885+07:00,151.62940316999993,0.18589658200107806,OK,,True,2026-10-03T17:05:50.201796+07:00,151.8153094370009,0.03331530399918847,OK,,True,1553,0.194125,,2026-10-03T17:05:50.235116+07:00,151.8486298150001,0.036148815001070034,OK,,True,2763,0.345375,
5f6a39ae4ae94318927b52b4009d4387,153,2026-10-03T17:05:51.015809+07:00,152.62931621000098,152.62931621000098,MONITOR,1689.1954469370003,1.000008984001397,0.2517108100000769,0.0001000320007733535,DISABLED,on,user_reported,36.59794616699219,54.784767150878906,1007.1778125,106378.5546875,True,True,True,176,0,0,109,178,101,2026-10-03T17:05:51.015888+07:00,152.62940604300093,0.18581861999882676,OK,,True,2026-10-03T17:05:51.201718+07:00,152.8152328110009,0.0329572709997592,OK,,True,1563,0.195375,,2026-10-03T17:05:51.234676+07:00,152.84819347099983,0.032825326999954996,OK,,True,2771,0.346375,
5f6a39ae4ae94318927b52b4009d4387,154,2026-10-03T17:05:52.018166+07:00,153.6316698970004,153.6316698970004,MONITOR,1690.1978006239997,1.0023536869994132,0.25430002699977194,0.0024537190001865383,DISABLED,on,user_reported,36.59858322143555,54.77845764160156,1007.206328125,106180.0078125,True,True,True,176,0,0,109,178,101,2026-10-03T17:05:52.018266+07:00,153.63178397000047,0.18595245299911767,OK,,True,2026-10-03T17:05:52.204234+07:00,153.81774694200067,0.033592227000553976,OK,,True,1563,0.195375,,2026-10-03T17:05:52.237830+07:00,153.8513443360007,0.03460838499995589,OK,,True,2760,0.34500000000000003,
5f6a39ae4ae94318927b52b4009d4387,155,2026-10-03T17:05:53.015803+07:00,154.62931166700037,154.62931166700037,MONITOR,1691.1954423939997,0.9976417699999729,0.2524027859999478,9.548900015943218e-05,DISABLED,on,user_reported,36.60049819946289,54.80431365966797,1007.284609375,106048.0546875,True,True,True,176,0,0,109,178,101,2026-10-03T17:05:53.015873+07:00,154.62939068500054,0.18582252899977902,OK,,True,2026-10-03T17:05:53.201708+07:00,154.8152221950004,0.03358720899996115,OK,,True,1560,0.195,,2026-10-03T17:05:53.235300+07:00,154.8488143300001,0.032890049000343424,OK,,True,2767,0.345875,
5f6a39ae4ae94318927b52b4009d4387,156,2026-10-03T17:05:54.015806+07:00,155.62930932500058,0.15496736800014332,BASELINE,1692.1954400519999,0.9999976580002112,0.25201978999939456,9.314700037066359e-05,DISABLED,on,user_reported,36.60049819946289,54.79792022705078,1007.229921875,106644.4453125,True,True,True,176,0,0,109,178,101,2026-10-03T17:05:54.015890+07:00,155.62940799100033,0.18590382500042324,OK,,True,2026-10-03T17:05:54.201807+07:00,155.81532101999983,0.03314169400073297,OK,,True,1558,0.19475,,2026-10-03T17:05:54.234950+07:00,155.84846634400128,0.032853234999493,OK,,True,2769,0.346125,
5f6a39ae4ae94318927b52b4009d4387,157,2026-10-03T17:05:55.015823+07:00,156.62932885600094,1.1549868990005052,BASELINE,1693.1954595830002,1.000019531000362,0.2517702749992168,0.00011267800073255785,DISABLED,on,user_reported,36.59730911254883,54.803836822509766,1007.217890625,105916.421875,True,True,True,176,0,0,109,178,101,2026-10-03T17:05:55.015907+07:00,156.629425041001,0.18582239999886951,OK,,True,2026-10-03T17:05:55.201741+07:00,156.81525510699976,0.03300234500056831,OK,,True,1557,0.194625,,2026-10-03T17:05:55.234744+07:00,156.84826128500026,0.03282864200082258,OK,,True,2769,0.346125,
5f6a39ae4ae94318927b52b4009d4387,158,2026-10-03T17:05:56.015839+07:00,157.62934387099995,2.155001913999513,BASELINE,1694.1954745979992,1.0000150149990077,0.2519327919999341,0.00012769299974024761,DISABLED,on,user_reported,36.60432815551758,54.80488586425781,1007.215625,106180.0078125,True,True,True,176,0,0,109,178,101,2026-10-03T17:05:56.015924+07:00,157.62944209300076,0.1858069930003694,OK,,True,2026-10-03T17:05:56.201742+07:00,157.8152570300008,0.033219897999515524,OK,,True,1575,0.196875,,2026-10-03T17:05:56.234964+07:00,157.84848052100097,0.03278662399861787,OK,,True,2772,0.34650000000000003,
5f6a39ae4ae94318927b52b4009d4387,159,2026-10-03T17:05:57.015860+07:00,158.62936199900105,3.155020042000615,BASELINE,1695.1954927260003,1.000018128001102,0.2638568499987741,0.00014582100084226113,DISABLED,on,user_reported,36.59667205810547,54.8165283203125,1007.244140625,106312.2890625,True,True,True,176,0,0,109,178,101,2026-10-03T17:05:57.015970+07:00,158.62948744300047,0.1898573819999001,OK,,True,2026-10-03T17:05:57.205850+07:00,158.81936101000065,0.03711551100059296,OK,,True,1561,0.195125,,2026-10-03T17:05:57.242975+07:00,158.8564864279997,0.03671364399997401,OK,,True,2778,0.34725,
5f6a39ae4ae94318927b52b4009d4387,160,2026-10-03T17:05:58.015809+07:00,159.62931648300037,4.154974525999933,BASELINE,1696.1954472099997,0.9999544839993177,0.2517123140005424,0.00010030500016000587,DISABLED,on,user_reported,36.60177230834961,54.78532409667969,1007.225078125,106577.8515625,True,True,True,176,0,0,109,178,101,2026-10-03T17:05:58.015883+07:00,159.62940057500055,0.18580521600051725,OK,,True,2026-10-03T17:05:58.201698+07:00,159.81521345799956,0.03297147400007816,OK,,True,1567,0.195875,,2026-10-03T17:05:58.234671+07:00,159.84818811700097,0.032831882999744266,OK,,True,2769,0.346125,
5f6a39ae4ae94318927b52b4009d4387,161,2026-10-03T17:05:59.015799+07:00,160.6293064500005,5.1549644930000795,BASELINE,1697.1954371769998,0.9999899670001469,0.25171925900031056,9.0272000306868e-05,DISABLED,on,user_reported,36.60049819946289,54.791526794433594,1007.229921875,106048.0546875,True,True,True,176,0,0,109,178,101,2026-10-03T17:05:59.015879+07:00,160.62939722699957,0.18580640200161724,OK,,True,2026-10-03T17:05:59.201695+07:00,160.81521059199986,0.032968752000670065,OK,,True,1561,0.195125,,2026-10-03T17:05:59.234665+07:00,160.84818271400036,0.03283453199946962,OK,,True,2765,0.345625,
5f6a39ae4ae94318927b52b4009d4387,162,2026-10-03T17:06:00.015795+07:00,161.62930156699986,6.154959609999423,BASELINE,1698.1954322939991,0.9999951169993437,0.2518284620000486,8.538899965060409e-05,DISABLED,on,user_reported,36.594120025634766,54.790584564208984,1007.22640625,106180.0078125,True,True,True,176,0,0,109,178,101,2026-10-03T17:06:00.015877+07:00,161.62939530699987,0.18582058799984225,OK,,True,2026-10-03T17:06:00.201709+07:00,161.81522369100094,0.03303973299989593,OK,,True,1555,0.194375,,2026-10-03T17:06:00.234753+07:00,161.84826794299988,0.03285188300105801,OK,,True,2771,0.346375,
5f6a39ae4ae94318927b52b4009d4387,163,2026-10-03T17:06:01.015793+07:00,162.6293009279998,7.15495897099936,BASELINE,1699.195431654999,0.9999993609999365,0.25191622100101085,8.474999958707485e-05,DISABLED,on,user_reported,36.60113525390625,54.79801940917969,1007.19,106444.90625,True,True,True,176,0,0,109,178,101,2026-10-03T17:06:01.015868+07:00,162.62938559400027,0.18582340300054057,OK,,True,2026-10-03T17:06:01.201703+07:00,162.81521710800007,0.03310984299969277,OK,,True,1551,0.193875,,2026-10-03T17:06:01.234815+07:00,162.84833115500078,0.0328770309988613,OK,,True,2768,0.34600000000000003,
5f6a39ae4ae94318927b52b4009d4387,164,2026-10-03T17:06:02.015835+07:00,163.62933997599976,8.154998018999322,BASELINE,1700.195470702999,1.0000390479999623,0.25214086800042423,0.00012379799954942428,DISABLED,on,user_reported,36.60049819946289,54.79792022705078,1007.2025,106378.5546875,True,True,True,176,0,0,109,178,101,2026-10-03T17:06:02.015925+07:00,163.62944232600057,0.18581997799992678,OK,,True,2026-10-03T17:06:02.201756+07:00,163.81527045199982,0.03332850900005724,OK,,True,1552,0.194,,2026-10-03T17:06:02.235090+07:00,163.84860392300106,0.03286705000027723,OK,,True,2765,0.345625,
5f6a39ae4ae94318927b52b4009d4387,165,2026-10-03T17:06:03.015789+07:00,164.62929830400026,9.154956346999825,BASELINE,1701.1954290309995,0.9999583280005027,0.25198933300089266,8.212600005208515e-05,DISABLED,on,user_reported,36.594120025634766,54.77141571044922,1007.21953125,106180.0078125,True,True,True,176,0,0,109,178,101,2026-10-03T17:06:03.015858+07:00,164.62937493299978,0.18581827500020154,OK,,True,2026-10-03T17:06:03.201686+07:00,164.8152007259996,0.03324284300106228,OK,,True,1558,0.19475,,2026-10-03T17:06:03.234931+07:00,164.8484472910004,0.03283251299944823,OK,,True,2764,0.34550000000000003,
5f6a39ae4ae94318927b52b4009d4387,166,2026-10-03T17:06:04.015794+07:00,165.62930300600055,10.154961049000121,BASELINE,1702.1954337329998,1.0000047020002967,0.25175135400058934,8.682800034875982e-05,DISABLED,on,user_reported,36.60369110107422,54.77283477783203,1007.166796875,106444.90625,True,True,True,176,0,0,109,178,101,2026-10-03T17:06:04.015868+07:00,165.62938554200082,0.18581384899880504,OK,,True,2026-10-03T17:06:04.201692+07:00,165.8152069830012,0.03300175299955299,OK,,True,1554,0.19425,,2026-10-03T17:06:04.234696+07:00,165.84821210600057,0.03283345799900417,OK,,True,2769,0.346125,
5f6a39ae4ae94318927b52b4009d4387,167,2026-10-03T17:06:05.015796+07:00,166.62930450600106,11.15496254900063,BASELINE,1703.1954352330004,1.0000015000005078,0.2517229099994438,8.832800085656345e-05,DISABLED,on,user_reported,36.603050231933594,54.759952545166016,1007.131484375,106048.0546875,True,True,True,176,0,0,109,179,101,2026-10-03T17:06:05.015867+07:00,166.6293854859996,0.1858167760001379,OK,,True,2026-10-03T17:06:05.201696+07:00,166.81521074299962,0.03297367900086101,OK,,True,1560,0.195,,2026-10-03T17:06:05.234671+07:00,166.8481880700001,0.032829420000780374,OK,,True,2768,0.34600000000000003,
5f6a39ae4ae94318927b52b4009d4387,168,2026-10-03T17:06:06.015799+07:00,167.62930748899998,12.15496553199955,BASELINE,1704.1954382159993,1.0000029829989217,0.2517120040010923,9.131099977821577e-05,DISABLED,on,user_reported,36.61198043823242,54.77406692504883,1007.1596875,106444.90625,True,True,True,176,0,0,109,178,101,2026-10-03T17:06:06.015866+07:00,167.629384322001,0.18581329399967217,OK,,True,2026-10-03T17:06:06.201690+07:00,167.81520515299962,0.03297210500022629,OK,,True,1565,0.195625,,2026-10-03T17:06:06.234664+07:00,167.84818053600065,0.03283064300012484,OK,,True,2769,0.346125,
5f6a39ae4ae94318927b52b4009d4387,169,2026-10-03T17:06:07.015793+07:00,168.62930210500053,13.1549601480001,BASELINE,1705.1954328319998,0.9999946160005493,0.2519472620006127,8.592700032750145e-05,DISABLED,on,user_reported,36.60879135131836,54.767208099365234,1007.14765625,106246.109375,True,True,True,176,0,0,109,178,101,2026-10-03T17:06:07.015861+07:00,168.62937919700016,0.18585270199946535,OK,,True,2026-10-03T17:06:07.201728+07:00,168.81524176899984,0.03311540000140667,OK,,True,1560,0.195,,2026-10-03T17:06:07.234848+07:00,168.84836203899977,0.032877291001568665,OK,,True,2770,0.34625,
5f6a39ae4ae94318927b52b4009d4387,170,2026-10-03T17:06:08.015809+07:00,169.62931172400022,14.154969766999784,BASELINE,1706.1954424509995,1.0000096189996839,0.26381900500018673,9.554600001138169e-05,DISABLED,on,user_reported,36.59858322143555,54.74650573730469,1007.178984375,106378.5546875,True,True,True,176,0,0,109,178,101,2026-10-03T17:06:08.015929+07:00,169.62944596300076,0.19111967199933133,OK,,True,2026-10-03T17:06:08.207071+07:00,169.8205814690009,0.03586246699887852,OK,,True,1575,0.196875,,2026-10-03T17:06:08.242942+07:00,169.85645373199986,0.036658423001426854,OK,,True,2773,0.346625,
5f6a39ae4ae94318927b52b4009d4387,171,2026-10-03T17:06:09.015855+07:00,170.6293532890013,15.155011332000868,BASELINE,1707.1954840160006,1.0000415650010837,0.26342182400003367,0.00013711100109503604,DISABLED,on,user_reported,36.60496520996094,54.74107360839844,1007.24390625,106644.4453125,True,True,True,176,0,0,109,178,101,2026-10-03T17:06:09.016005+07:00,170.62952104600117,0.19176209299985203,OK,,True,2026-10-03T17:06:09.207786+07:00,170.82129745400016,0.036172390000501764,OK,,True,1555,0.194375,,2026-10-03T17:06:09.243965+07:00,170.85747901099967,0.03527676900012011,OK,,True,2783,0.347875,
5f6a39ae4ae94318927b52b4009d4387,172,2026-10-03T17:06:10.015868+07:00,171.62936376300058,16.15502180600015,BASELINE,1708.1954944899999,1.0000104739992821,0.2629258849992766,0.0001475850003771484,DISABLED,on,user_reported,36.606239318847656,54.754051208496094,1007.259765625,106312.2890625,True,True,True,176,0,0,109,178,101,2026-10-03T17:06:10.016029+07:00,171.62954479899963,0.1919731280013366,OK,,True,2026-10-03T17:06:10.208028+07:00,171.82153763099996,0.037419879001390655,OK,,True,1569,0.196125,,2026-10-03T17:06:10.245460+07:00,171.8589702320005,0.033307379999314435,OK,,True,2765,0.345625,
5f6a39ae4ae94318927b52b4009d4387,173,2026-10-03T17:06:11.015791+07:00,172.62929916699977,17.15495720999934,BASELINE,1709.195429893999,0.9999354039991886,0.25177784000152315,8.298899956571404e-05,DISABLED,on,user_reported,36.599220275878906,54.75938415527344,1007.2278125,106511.3359375,True,True,True,176,0,0,109,178,101,2026-10-03T17:06:11.015862+07:00,172.629380407001,0.1858160189985938,OK,,True,2026-10-03T17:06:11.201690+07:00,172.81520494399956,0.032986272000925965,OK,,True,1556,0.1945,,2026-10-03T17:06:11.234678+07:00,172.84819460499966,0.03287406900017231,OK,,True,2767,0.345875,
5f6a39ae4ae94318927b52b4009d4387,174,2026-10-03T17:06:12.015789+07:00,173.62929774000077,18.154955783000332,BASELINE,1710.195428467,0.9999985730009939,0.25403013399954943,8.156200055964291e-05,DISABLED,on,user_reported,36.599220275878906,54.75299835205078,1007.207265625,106577.8515625,True,True,True,176,0,0,109,178,101,2026-10-03T17:06:12.015863+07:00,173.62938138699974,0.18593274000159,OK,,True,2026-10-03T17:06:12.201813+07:00,173.81532592300027,0.03483319999941159,OK,,True,1552,0.194,,2026-10-03T17:06:12.236650+07:00,173.8501642709998,0.03315267700054392,OK,,True,2770,0.34625,
5f6a39ae4ae94318927b52b4009d4387,175,2026-10-03T17:06:13.015836+07:00,174.62933962900024,19.15499767199981,BASELINE,1711.1954703559995,1.0000418889994762,0.2523909650008136,0.00012345100003585685,DISABLED,on,user_reported,36.60240936279297,54.734310150146484,1007.219375,106180.0078125,True,True,True,176,0,0,109,178,101,2026-10-03T17:06:13.015920+07:00,174.6294384060002,0.1858235190011328,OK,,True,2026-10-03T17:06:13.201757+07:00,174.81527070300035,0.033176122000440955,OK,,True,1558,0.19475,,2026-10-03T17:06:13.234937+07:00,174.84845187999963,0.033265455000218935,OK,,True,2762,0.34525,
5f6a39ae4ae94318927b52b4009d4387,176,2026-10-03T17:06:14.015845+07:00,175.62934916900122,20.155007212000783,BASELINE,1712.1954798960005,1.000009540000974,0.25175217499963765,0.0001329910010099411,DISABLED,on,user_reported,36.60496520996094,54.75385665893555,1007.175546875,106312.2890625,True,True,True,176,0,0,109,178,101,2026-10-03T17:06:14.015930+07:00,175.62944755700119,0.1858271490000334,OK,,True,2026-10-03T17:06:14.201769+07:00,175.815282855001,0.03298121599982551,OK,,True,1564,0.1955,,2026-10-03T17:06:14.234751+07:00,175.8482679410008,0.03282507000039914,OK,,True,2769,0.346125,
5f6a39ae4ae94318927b52b4009d4387,177,2026-10-03T17:06:15.015795+07:00,176.62930365600005,21.154961698999614,BASELINE,1713.1954343829993,0.9999544869988313,0.2528965550009161,8.74779998412123e-05,DISABLED,on,user_reported,36.60432815551758,54.753753662109375,1007.195078125,106180.0078125,True,True,True,176,0,0,109,178,101,2026-10-03T17:06:15.015868+07:00,176.62938595200103,0.18581661299867847,OK,,True,2026-10-03T17:06:15.201695+07:00,176.81520978700064,0.03297497600033239,OK,,True,1561,0.195125,,2026-10-03T17:06:15.234670+07:00,176.8481877810009,0.03399613299916382,OK,,True,2766,0.34575,
5f6a39ae4ae94318927b52b4009d4387,178,2026-10-03T17:06:16.015862+07:00,177.62936131199967,22.15501935499924,BASELINE,1714.195492038999,1.0000576559996261,0.2611758490002103,0.00014513399946736172,DISABLED,on,user_reported,36.60688018798828,54.7349739074707,1007.19234375,106246.109375,True,True,True,176,0,0,109,178,101,2026-10-03T17:06:16.016012+07:00,177.62952771799974,0.19017233300110092,OK,,True,2026-10-03T17:06:16.206201+07:00,177.81971293900096,0.035683432999576326,OK,,True,1555,0.194375,,2026-10-03T17:06:16.241889+07:00,177.8554040199997,0.03511425299984694,OK,,True,2772,0.34650000000000003,
5f6a39ae4ae94318927b52b4009d4387,179,2026-10-03T17:06:17.015806+07:00,178.6293151560003,23.15497319899987,BASELINE,1715.1954458829996,0.999953844000629,0.25319805199978873,9.897800009639468e-05,DISABLED,on,user_reported,36.60240936279297,54.74069595336914,1007.23296875,106312.2890625,True,True,True,176,0,0,109,178,101,2026-10-03T17:06:17.015882+07:00,178.62940026599972,0.1859335760000249,OK,,True,2026-10-03T17:06:17.201831+07:00,178.81534447100057,0.03299308699934045,OK,,True,1559,0.194875,,2026-10-03T17:06:17.234835+07:00,178.84834552100074,0.03415485400000762,OK,,True,2756,0.34450000000000003,
5f6a39ae4ae94318927b52b4009d4387,180,2026-10-03T17:06:18.015793+07:00,179.6293013909999,24.154959433999466,BASELINE,1716.1954321179992,0.9999862349995965,0.2525457070005359,8.52129996928852e-05,DISABLED,on,user_reported,36.60240936279297,54.74708557128906,1007.17828125,106444.90625,True,True,True,176,0,0,109,178,101,2026-10-03T17:06:18.015869+07:00,179.62938739000128,0.18582191099994816,OK,,True,2026-10-03T17:06:18.201704+07:00,179.81521763400087,0.033681654998872546,OK,,True,1562,0.19525,,2026-10-03T17:06:18.235392+07:00,179.8489056590006,0.032930957999269594,OK,,True,2766,0.34575,
5f6a39ae4ae94318927b52b4009d4387,181,2026-10-03T17:06:19.015827+07:00,180.6293320170007,25.154990060000273,BASELINE,1717.195462744,1.0000306260008074,0.2524581710003986,0.00011583900050027296,DISABLED,on,user_reported,36.599220275878906,54.74021530151367,1007.20046875,106180.0078125,True,True,True,176,0,0,109,178,101,2026-10-03T17:06:19.015919+07:00,180.62943699700008,0.18583255900011864,OK,,True,2026-10-03T17:06:19.201764+07:00,180.81527776000075,0.033572692998859566,OK,,True,1559,0.194875,,2026-10-03T17:06:19.235342+07:00,180.84885598999972,0.032924069000728196,OK,,True,2769,0.346125,
5f6a39ae4ae94318927b52b4009d4387,182,2026-10-03T17:06:20.015790+07:00,181.62929894199988,26.154956984999444,BASELINE,1718.1954296689992,0.9999669249991712,0.25208013800147455,8.276399967144243e-05,DISABLED,on,user_reported,36.606239318847656,54.741268157958984,1007.21875,106048.0546875,True,True,True,176,0,0,109,178,101,2026-10-03T17:06:20.015865+07:00,181.62938247800048,0.18582029999924998,OK,,True,2026-10-03T17:06:20.201696+07:00,181.8152107599999,0.03330919499967422,OK,,True,1558,0.19475,,2026-10-03T17:06:20.235008+07:00,181.84852378800133,0.032846902999153826,OK,,True,2764,0.34550000000000003,
5f6a39ae4ae94318927b52b4009d4387,183,2026-10-03T17:06:21.015795+07:00,182.6293037760006,27.154961819000164,BASELINE,1719.195434503,1.0000048340007197,0.2517325680000795,8.759800039115362e-05,DISABLED,on,user_reported,36.60113525390625,54.740501403808594,1007.183046875,106180.0078125,True,True,True,176,0,0,109,179,101,2026-10-03T17:06:21.015869+07:00,182.62938697900063,0.18581548600013775,OK,,True,2026-10-03T17:06:21.201693+07:00,182.81520815000113,0.03297243899942259,OK,,True,1563,0.195375,,2026-10-03T17:06:21.234667+07:00,182.84818414500114,0.03284342199913226,OK,,True,2771,0.346375,
5f6a39ae4ae94318927b52b4009d4387,184,2026-10-03T17:06:22.015832+07:00,183.6293370020012,28.15499504500076,BASELINE,1720.1954677290005,1.0000332260005962,0.25414391699996486,0.0001208240009873407,DISABLED,on,user_reported,36.595394134521484,54.746036529541016,1007.180625,106378.5546875,True,True,True,176,0,0,109,178,101,2026-10-03T17:06:22.015917+07:00,183.6294350750013,0.18596563299979607,OK,,True,2026-10-03T17:06:22.201899+07:00,183.81541228199967,0.03288631000032183,OK,,True,1543,0.192875,,2026-10-03T17:06:22.234790+07:00,183.84830453700124,0.03515991899985238,OK,,True,2748,0.3435,
5f6a39ae4ae94318927b52b4009d4387,185,2026-10-03T17:06:23.015801+07:00,184.62930948900066,29.154967532000228,BASELINE,1721.195440216,0.999972486999468,0.25180636500044784,9.331100045528729e-05,DISABLED,on,user_reported,36.595394134521484,54.746036529541016,1007.132734375,106644.4453125,True,True,True,176,0,0,109,178,101,2026-10-03T17:06:23.015876+07:00,184.62939387700135,0.18581750599878433,OK,,True,2026-10-03T17:06:23.201705+07:00,184.81521877100022,0.033019328000591486,OK,,True,1561,0.195125,,2026-10-03T17:06:23.234726+07:00,184.84824182100056,0.03286495899919828,OK,,True,2772,0.34650000000000003,
5f6a39ae4ae94318927b52b4009d4387,186,2026-10-03T17:06:24.015831+07:00,185.6293362560009,30.154994299000464,BASELINE,1722.1954669830002,1.0000267670002358,0.2540065869998216,0.00012007800069113728,DISABLED,on,user_reported,36.594757080078125,54.745941162109375,1007.2275,106911.671875,True,True,True,176,0,0,109,179,101,2026-10-03T17:06:24.015919+07:00,185.62943620000078,0.18603139299921168,OK,,True,2026-10-03T17:06:24.201970+07:00,185.81548220399964,0.034586961000968586,OK,,True,1548,0.1935,,2026-10-03T17:06:24.236561+07:00,185.85007488700103,0.03325654800028133,OK,,True,2764,0.34550000000000003,
5f6a39ae4ae94318927b52b4009d4387,187,2026-10-03T17:06:25.015791+07:00,186.62929932299994,31.154957365999508,BASELINE,1723.1954300499992,0.9999630669990438,0.25173994100077834,8.314499973494094e-05,DISABLED,on,user_reported,36.589012145996094,54.73870086669922,1007.25921875,106444.90625,True,True,True,176,0,0,109,179,101,2026-10-03T17:06:25.015864+07:00,186.62938176600073,0.1858171730000322,OK,,True,2026-10-03T17:06:25.201690+07:00,186.81520492100026,0.03298903200084169,OK,,True,1558,0.19475,,2026-10-03T17:06:25.234681+07:00,186.84819722999964,0.03283394100071746,OK,,True,2764,0.34550000000000003,
5f6a39ae4ae94318927b52b4009d4387,188,2026-10-03T17:06:26.015791+07:00,187.6292998910012,32.15495793400078,BASELINE,1724.1954306180005,1.0000005680012691,0.25205634599842597,8.371300100407097e-05,DISABLED,on,user_reported,36.59667205810547,54.73345184326172,1007.271484375,106577.8515625,True,True,True,176,0,0,109,178,101,2026-10-03T17:06:26.015863+07:00,187.62938126100016,0.18581476600047608,OK,,True,2026-10-03T17:06:26.201689+07:00,187.81520365600045,0.033277492999332026,OK,,True,1547,0.193375,,2026-10-03T17:06:26.234970+07:00,187.84848542600048,0.03286236699932488,OK,,True,2770,0.34625,
5f6a39ae4ae94318927b52b4009d4387,189,2026-10-03T17:06:27.015845+07:00,188.62934416499957,33.15500220799913,BASELINE,1725.1954748919989,1.0000442739983555,0.26674326800093695,0.00012798699935956392,DISABLED,on,user_reported,36.599220275878906,54.75299835205078,1007.2415625,106511.3359375,True,True,True,176,0,0,109,178,101,2026-10-03T17:06:27.015998+07:00,188.6295140710008,0.19282986899997923,OK,,True,2026-10-03T17:06:27.208855+07:00,188.82236464400012,0.03556032300002698,OK,,True,1568,0.196,,2026-10-03T17:06:27.244431+07:00,188.85794041100053,0.03811646699978155,OK,,True,2775,0.346875,
5f6a39ae4ae94318927b52b4009d4387,190,2026-10-03T17:06:28.015813+07:00,189.62932142400132,34.154979467000885,BASELINE,1726.1954521510006,0.9999772590017528,0.2517777009998099,0.00010524600111239124,DISABLED,on,user_reported,36.599220275878906,54.75299835205078,1007.27578125,106113.9921875,True,True,True,176,0,0,109,178,101,2026-10-03T17:06:28.015893+07:00,189.62941083000078,0.18580345199916337,OK,,True,2026-10-03T17:06:28.201707+07:00,189.81522172699988,0.03300054999999702,OK,,True,1563,0.195375,,2026-10-03T17:06:28.234710+07:00,189.84822605500085,0.03286386699983268,OK,,True,2762,0.34525,
5f6a39ae4ae94318927b52b4009d4387,191,2026-10-03T17:06:29.015796+07:00,190.62930372099981,35.15496176399938,BASELINE,1727.195434447999,0.9999822969984962,0.25421716200071387,8.75429996085586e-05,DISABLED,on,user_reported,36.594120025634766,54.77141571044922,1007.1921875,106048.0546875,True,True,True,176,0,0,109,178,101,2026-10-03T17:06:29.015872+07:00,190.62939025800006,0.18581367400111048,OK,,True,2026-10-03T17:06:29.201696+07:00,190.81521074699958,0.03515608700035955,OK,,True,1546,0.19325,,2026-10-03T17:06:29.236866+07:00,190.85037651899984,0.033129696999822045,OK,,True,2750,0.34375,
5f6a39ae4ae94318927b52b4009d4387,192,2026-10-03T17:06:30.015795+07:00,191.62930387300003,36.15496191599959,BASELINE,1728.1954345999993,1.0000001520002115,0.25179755499993917,8.76949998200871e-05,DISABLED,on,user_reported,36.59667205810547,54.7462272644043,1007.216796875,106312.2890625,True,True,True,176,0,0,109,178,101,2026-10-03T17:06:30.015874+07:00,191.62939174300118,0.1858110269986355,OK,,True,2026-10-03T17:06:30.201696+07:00,191.81521062200045,0.032969754000077955,OK,,True,1569,0.196125,,2026-10-03T17:06:30.234667+07:00,191.84818426499987,0.032906811000430025,OK,,True,2769,0.346125,
5f6a39ae4ae94318927b52b4009d4387,193,2026-10-03T17:06:31.015792+07:00,192.6293004350009,37.15495847800048,BASELINE,1729.1954311620002,0.9999965620008879,0.2520125339997321,8.425700070802122e-05,DISABLED,on,user_reported,36.59730911254883,54.759098052978516,1007.183671875,106180.0078125,True,True,True,176,0,0,109,178,101,2026-10-03T17:06:31.015864+07:00,192.6293821750005,0.185805564000475,OK,,True,2026-10-03T17:06:31.201680+07:00,192.81519503600066,0.03320716000052926,OK,,True,1558,0.19475,,2026-10-03T17:06:31.234893+07:00,192.84840801000064,0.0328950339990115,OK,,True,2769,0.346125,
5f6a39ae4ae94318927b52b4009d4387,194,2026-10-03T17:06:32.015792+07:00,193.62930098000106,38.15495902300063,BASELINE,1730.1954317070004,1.0000005450001481,0.2529260079991218,8.480200085614342e-05,DISABLED,on,user_reported,36.59347915649414,54.777706146240234,1007.21171875,106511.3359375,True,True,True,176,0,0,109,178,101,2026-10-03T17:06:32.015868+07:00,193.62938651600052,0.18606667399944854,OK,,True,2026-10-03T17:06:32.201948+07:00,193.81546239400086,0.03366454400020302,OK,,True,1570,0.19625,,2026-10-03T17:06:32.235618+07:00,193.84913206800047,0.03307877199949871,OK,,True,2763,0.345375,
5f6a39ae4ae94318927b52b4009d4387,195,2026-10-03T17:06:33.015859+07:00,194.6293569160007,39.155014959000255,BASELINE,1731.195487643,1.000055935999626,0.26257421700029226,0.00014073800048208795,DISABLED,on,user_reported,36.594757080078125,54.76511001586914,1007.179609375,106511.3359375,True,True,True,176,0,0,109,178,101,2026-10-03T17:06:33.016014+07:00,194.62953041400033,0.1917858630004048,OK,,True,2026-10-03T17:06:33.207819+07:00,194.82133103600063,0.03542169600041234,OK,,True,1553,0.194125,,2026-10-03T17:06:33.243247+07:00,194.856761250001,0.03515080899887835,OK,,True,2774,0.34675,
5f6a39ae4ae94318927b52b4009d4387,196,2026-10-03T17:06:34.015921+07:00,195.62942263200057,40.155080675000136,BASELINE,1732.1955533589999,1.000065715999881,0.2623472569994192,0.00020645400036300998,DISABLED,on,user_reported,36.596031188964844,54.76530838012695,1007.174765625,106312.2890625,True,True,True,176,0,0,109,178,101,2026-10-03T17:06:34.016047+07:00,195.62956413100073,0.19147634699947957,OK,,True,2026-10-03T17:06:34.207546+07:00,195.82105688500087,0.03542486299920711,OK,,True,1593,0.199125,,2026-10-03T17:06:34.242976+07:00,195.8564902850012,0.03525732599882758,OK,,True,2787,0.348375,
5f6a39ae4ae94318927b52b4009d4387,197,2026-10-03T17:06:35.015812+07:00,196.62932001900117,41.15497806200074,BASELINE,1733.1954507460005,0.9998973870006012,0.25176285399902554,0.0001038410009641666,DISABLED,on,user_reported,36.59858322143555,54.75289535522461,1007.178984375,106577.8515625,True,True,True,176,0,0,109,178,101,2026-10-03T17:06:35.015890+07:00,196.62940781399993,0.18580910300079267,OK,,True,2026-10-03T17:06:35.201711+07:00,196.81522563900035,0.03303679199962062,OK,,True,1559,0.194875,,2026-10-03T17:06:35.234750+07:00,196.84826630099997,0.03280740500122192,OK,,True,2765,0.345625,
5f6a39ae4ae94318927b52b4009d4387,198,2026-10-03T17:06:36.015789+07:00,197.62929812900074,42.15495617200031,BASELINE,1734.195428856,0.9999781099995744,0.2516979289994197,8.195100053853821e-05,DISABLED,on,user_reported,36.60369110107422,54.766448974609375,1007.2078125,106444.90625,True,True,True,176,0,0,109,178,101,2026-10-03T17:06:36.015863+07:00,197.6293804800007,0.18580591799945978,OK,,True,2026-10-03T17:06:36.201679+07:00,197.81519423200007,0.03296831000079692,OK,,True,1567,0.195875,,2026-10-03T17:06:36.234649+07:00,197.84816589399998,0.03282146000128705,OK,,True,2765,0.345625,
5f6a39ae4ae94318927b52b4009d4387,199,2026-10-03T17:06:37.015791+07:00,198.6292997970013,43.15495784000086,BASELINE,1735.1954305240006,1.0000016680005501,0.2520291669989092,8.361900108866394e-05,DISABLED,on,user_reported,36.60751724243164,54.76700973510742,1007.172890625,106444.90625,True,True,True,176,0,0,109,178,101,2026-10-03T17:06:37.015869+07:00,198.62938694399963,0.18580795600064448,OK,,True,2026-10-03T17:06:37.201687+07:00,198.81520225200074,0.03319865999947069,OK,,True,1559,0.194875,,2026-10-03T17:06:37.234892+07:00,198.84840670800077,0.03291314499983855,OK,,True,2763,0.345375,
5f6a39ae4ae94318927b52b4009d4387,200,2026-10-03T17:06:38.015790+07:00,199.62929920700117,44.154957250000734,BASELINE,1736.1954299340005,0.999999409999873,0.2519708729996637,8.302900096168742e-05,DISABLED,on,user_reported,36.6056022644043,54.747554779052734,1007.224453125,106180.0078125,True,True,True,176,0,0,109,179,101,2026-10-03T17:06:38.015867+07:00,199.62938479900004,0.18581686400102626,OK,,True,2026-10-03T17:06:38.201696+07:00,199.8152101070009,0.033222178999494645,OK,,True,1560,0.195,,2026-10-03T17:06:38.234920+07:00,199.84843626800102,0.03282542299893976,OK,,True,2767,0.345875,
5f6a39ae4ae94318927b52b4009d4387,201,2026-10-03T17:06:39.015798+07:00,200.6293064720012,45.154964515000756,BASELINE,1737.1954371990005,1.000007265000022,0.2516871909992915,9.029400098370388e-05,DISABLED,on,user_reported,36.59730911254883,54.759098052978516,1007.163125,105785.125,True,True,True,176,0,0,109,179,101,2026-10-03T17:06:39.015877+07:00,200.62939458300025,0.18581610399996862,OK,,True,2026-10-03T17:06:39.201704+07:00,200.8152189650009,0.0329487369999697,OK,,True,1567,0.195875,,2026-10-03T17:06:39.234655+07:00,200.848171869,0.032813146000989946,OK,,True,2768,0.34600000000000003,
5f6a39ae4ae94318927b52b4009d4387,202,2026-10-03T17:06:40.015799+07:00,201.62930736900125,46.15496541200082,BASELINE,1738.1954380960005,1.0000008970000636,0.25206479899861733,9.119100104726385e-05,DISABLED,on,user_reported,36.599220275878906,54.746604919433594,1007.2278125,106777.890625,True,True,True,176,0,0,109,178,101,2026-10-03T17:06:40.015878+07:00,201.62939598000048,0.18584625299990876,OK,,True,2026-10-03T17:06:40.201739+07:00,201.81525234400033,0.03323949300101958,OK,,True,1585,0.198125,,2026-10-03T17:06:40.234983+07:00,201.8484973930008,0.03286466399913479,OK,,True,2765,0.345625,
5f6a39ae4ae94318927b52b4009d4387,203,2026-10-03T17:06:41.015790+07:00,202.629299102,47.15495714499957,BASELINE,1739.1954298289993,0.9999917329987511,0.25170641300064744,8.292399979836773e-05,DISABLED,on,user_reported,36.596031188964844,54.771697998046875,1007.26375,106644.4453125,True,True,True,176,0,0,109,178,101,2026-10-03T17:06:41.015868+07:00,202.62938597100037,0.18581325400009518,OK,,True,2026-10-03T17:06:41.201692+07:00,202.8152071880013,0.032958884999970905,OK,,True,1555,0.194375,,2026-10-03T17:06:41.234654+07:00,202.84817011000086,0.03282536799997615,OK,,True,2768,0.34600000000000003,
5f6a39ae4ae94318927b52b4009d4387,204,2026-10-03T17:06:42.015792+07:00,203.6292999289999,48.154957971999465,BASELINE,1740.1954306559992,1.0000008269998943,0.2521817249999003,8.375099969271105e-05,DISABLED,on,user_reported,36.60369110107422,54.77283477783203,1007.17359375,106711.1328125,True,True,True,176,0,0,109,178,101,2026-10-03T17:06:42.015869+07:00,203.62938648400086,0.18585632800022722,OK,,True,2026-10-03T17:06:42.201736+07:00,203.81525064500056,0.033353159999023774,OK,,True,1543,0.192875,,2026-10-03T17:06:42.235095+07:00,203.84860908200062,0.0328612939993036,OK,,True,2766,0.34575,
5f6a39ae4ae94318927b52b4009d4387,205,2026-10-03T17:06:43.015792+07:00,204.6293011480011,49.15495919100067,BASELINE,1741.1954318750004,1.0000012190012058,0.2517018589987856,8.497000089846551e-05,DISABLED,on,user_reported,36.606239318847656,54.77322006225586,1007.205,106511.3359375,True,True,True,176,0,0,109,178,101,2026-10-03T17:06:43.015869+07:00,204.6293865910011,0.1858138469997357,OK,,True,2026-10-03T17:06:43.201694+07:00,204.81520845700106,0.032961570999759715,OK,,True,1563,0.195375,,2026-10-03T17:06:43.234657+07:00,204.8481732500004,0.03282005300025048,OK,,True,2768,0.34600000000000003,
5f6a39ae4ae94318927b52b4009d4387,206,2026-10-03T17:06:44.015791+07:00,205.62930022,50.15495826299957,BASELINE,1742.1954309469993,0.9999990719989,0.2519712650009751,8.404199979850091e-05,DISABLED,on,user_reported,36.594120025634766,54.77141571044922,1007.22640625,106978.6875,True,True,True,176,0,0,109,178,101,2026-10-03T17:06:44.015868+07:00,205.62938596000095,0.1858117179999681,OK,,True,2026-10-03T17:06:44.201691+07:00,205.81520627099962,0.0332257350000873,OK,,True,1567,0.195875,,2026-10-03T17:06:44.234919+07:00,205.84843578300024,0.03282794299957459,OK,,True,2765,0.345625,
5f6a39ae4ae94318927b52b4009d4387,207,2026-10-03T17:06:45.015796+07:00,206.62930464700003,51.15496268999959,BASELINE,1743.1954353739993,1.0000044270000217,0.25171089700052107,8.84689998201793e-05,DISABLED,on,user_reported,36.59730911254883,54.7654914855957,1007.20421875,106711.1328125,True,True,True,176,0,0,109,178,101,2026-10-03T17:06:45.015875+07:00,206.62939223899957,0.18582994000098552,OK,,True,2026-10-03T17:06:45.201717+07:00,206.81523053099954,0.0329633110013674,OK,,True,1563,0.195375,,2026-10-03T17:06:45.234680+07:00,206.84819689800133,0.03280999799972051,OK,,True,2764,0.34550000000000003,
5f6a39ae4ae94318927b52b4009d4387,208,2026-10-03T17:06:46.015799+07:00,207.6293055389997,52.154963581999255,BASELINE,1744.195436265999,1.0000008919996617,0.25181180400068115,8.936099948186893e-05,DISABLED,on,user_reported,36.60049819946289,54.77874755859375,1007.2025,106180.0078125,True,True,True,176,0,0,109,178,101,2026-10-03T17:06:46.015881+07:00,207.62939924199964,0.1858231070000329,OK,,True,2026-10-03T17:06:46.201717+07:00,207.81523112700052,0.03303540299930319,OK,,True,1562,0.19525,,2026-10-03T17:06:46.234754+07:00,207.84827075300018,0.032836664000569726,OK,,True,2761,0.345125,
5f6a39ae4ae94318927b52b4009d4387,209,2026-10-03T17:06:47.015799+07:00,208.6293069330004,53.154964975999974,BASELINE,1745.1954376599997,1.0000013940007193,0.2520134690003033,9.075500020117033e-05,DISABLED,on,user_reported,36.599220275878906,54.76577377319336,1007.18671875,106180.0078125,True,True,True,176,0,0,109,178,101,2026-10-03T17:06:47.015878+07:00,208.6293953580007,0.18582562600022356,OK,,True,2026-10-03T17:06:47.201715+07:00,208.81522902100005,0.033194940000612405,OK,,True,1559,0.194875,,2026-10-03T17:06:47.234915+07:00,208.8484294610007,0.03288140499898873,OK,,True,2762,0.34525,
5f6a39ae4ae94318927b52b4009d4387,210,2026-10-03T17:06:48.015801+07:00,209.62930981099998,54.15496785399955,BASELINE,1746.1954405379993,1.0000028779995773,0.25170338000134507,9.363299977849238e-05,DISABLED,on,user_reported,36.594757080078125,54.75233459472656,1007.19328125,105785.125,True,True,True,176,0,0,109,178,101,2026-10-03T17:06:48.015880+07:00,209.62939793900114,0.18581483099842444,OK,,True,2026-10-03T17:06:48.201707+07:00,209.8152210850003,0.03296038600092288,OK,,True,1573,0.196625,,2026-10-03T17:06:48.234668+07:00,209.84818530400116,0.03281986899855838,OK,,True,2769,0.346125,
5f6a39ae4ae94318927b52b4009d4387,211,2026-10-03T17:06:49.015795+07:00,210.62930291300108,55.15496095600065,BASELINE,1747.1954336400004,0.999993102001099,0.25171741799931624,8.673500087752473e-05,DISABLED,on,user_reported,36.59347915649414,54.75853729248047,1007.1775,106444.90625,True,True,True,176,0,0,109,178,101,2026-10-03T17:06:49.015877+07:00,210.62939494900093,0.1858150719999685,OK,,True,2026-10-03T17:06:49.201705+07:00,210.81521876199986,0.03297446000033233,OK,,True,1559,0.194875,,2026-10-03T17:06:49.234680+07:00,210.8481968699998,0.032815331000165315,OK,,True,2767,0.345875,
5f6a39ae4ae94318927b52b4009d4387,212,2026-10-03T17:06:50.015812+07:00,211.6293191650002,56.154977207999764,BASELINE,1748.1954498919995,1.0000162519991136,0.2521004530008213,0.00010298699999111705,DISABLED,on,user_reported,36.60240936279297,54.74708557128906,1007.205625,106312.2890625,True,True,True,176,0,0,109,178,101,2026-10-03T17:06:50.015887+07:00,211.62940455399985,0.18581551600072999,OK,,True,2026-10-03T17:06:50.201714+07:00,211.81522858900098,0.033247012999709114,OK,,True,1559,0.194875,,2026-10-03T17:06:50.234964+07:00,211.84848017600052,0.03292694199990365,OK,,True,2765,0.345625,
5f6a39ae4ae94318927b52b4009d4387,213,2026-10-03T17:06:51.015812+07:00,212.62931975399988,57.15497779699945,BASELINE,1749.1954504809992,1.0000005889996828,0.2516892519997782,0.00010357599967392161,DISABLED,on,user_reported,36.59986114501953,54.753089904785156,1007.14,106711.1328125,True,True,True,176,0,0,109,178,101,2026-10-03T17:06:51.015891+07:00,212.62940884599993,0.18580555399967125,OK,,True,2026-10-03T17:06:51.201709+07:00,212.81522243700056,0.03296399700047914,OK,,True,1566,0.19575,,2026-10-03T17:06:51.234674+07:00,212.84819000800053,0.03281088699986867,OK,,True,2770,0.34625,
5f6a39ae4ae94318927b52b4009d4387,214,2026-10-03T17:06:52.015797+07:00,213.62930482600132,58.15496286900088,BASELINE,1750.1954355530006,0.9999850720014365,0.25185904799946,8.864800111041404e-05,DISABLED,on,user_reported,36.59730911254883,54.739933013916016,1007.163125,106577.8515625,True,True,True,176,0,0,109,178,101,2026-10-03T17:06:52.015874+07:00,213.62939184300012,0.18584955500045908,OK,,True,2026-10-03T17:06:52.201737+07:00,213.81525073100056,0.033027534000211745,OK,,True,1559,0.194875,,2026-10-03T17:06:52.234769+07:00,213.84828372800075,0.03286997899886046,OK,,True,2770,0.34625,
5f6a39ae4ae94318927b52b4009d4387,215,2026-10-03T17:06:53.015891+07:00,214.62939506600014,59.15505310899971,BASELINE,1751.1955257929994,1.0000902399988263,0.25176186399949074,0.00017888799993670546,DISABLED,on,user_reported,36.59986114501953,54.753089904785156,1007.174140625,106312.2890625,True,True,True,176,0,0,109,178,101,2026-10-03T17:06:53.015987+07:00,214.6295045830011,0.18583511099859606,OK,,True,2026-10-03T17:06:53.201833+07:00,214.81534726800055,0.032984625999233685,OK,,True,1555,0.194375,,2026-10-03T17:06:53.234819+07:00,214.84833559800063,0.03281353599959402,OK,,True,2765,0.345625,
5f6a39ae4ae94318927b52b4009d4387,216,2026-10-03T17:06:54.015830+07:00,215.62933208700088,0.15499013000044215,WAIT_EXPOSURE,1752.1954628140002,0.9999370210007328,0.25221826800043345,0.00011590900066948961,DISABLED,on,user_reported,36.60688018798828,54.741355895996094,1007.15125,106246.109375,True,True,True,176,0,0,109,178,101,2026-10-03T17:06:54.015922+07:00,215.62943951200032,0.18582175899973663,OK,,True,2026-10-03T17:06:54.201756+07:00,215.81526997500077,0.033258827999816276,OK,,True,1548,0.1935,,2026-10-03T17:06:54.235020+07:00,215.84853409900097,0.033006311999997706,OK,,True,2764,0.34550000000000003,
5f6a39ae4ae94318927b52b4009d4387,217,2026-10-03T17:06:55.016034+07:00,216.62952481200045,1.155182855000021,WAIT_EXPOSURE,1753.1956555389997,1.0001927249995788,0.25400230800005374,0.0003086340002482757,DISABLED,on,user_reported,36.60240936279297,54.734310150146484,1007.23296875,105719.59375,True,True,True,176,0,0,109,179,101,2026-10-03T17:06:55.016227+07:00,216.6297407359998,0.18704191500000888,OK,,True,2026-10-03T17:06:55.203277+07:00,216.81679057700057,0.033747546000086004,OK,,True,1556,0.1945,,2026-10-03T17:06:55.237030+07:00,216.85054417799984,0.032972683000480174,OK,,True,2759,0.344875,
5f6a39ae4ae94318927b52b4009d4387,218,2026-10-03T17:06:56.015840+07:00,217.62934658000086,2.1550046230004227,WAIT_EXPOSURE,1754.1954773070001,0.9998217680004018,0.25175416199999745,0.00013040200065006502,DISABLED,on,user_reported,36.59858322143555,54.72734069824219,1007.267890625,107315.03125,True,True,True,176,0,0,109,178,101,2026-10-03T17:06:56.015920+07:00,217.62943780100068,0.18583348199899774,OK,,True,2026-10-03T17:06:56.201766+07:00,217.81527957900107,0.03297994199965615,OK,,True,1561,0.195125,,2026-10-03T17:06:56.234747+07:00,217.84826298400003,0.03282890599984967,OK,,True,2767,0.345875,
5f6a39ae4ae94318927b52b4009d4387,219,2026-10-03T17:06:57.015830+07:00,218.6293359400006,3.1549939830001676,WAIT_EXPOSURE,1755.195466667,0.9999893599997449,0.2518878289993154,0.00011976200039498508,DISABLED,on,user_reported,36.59730911254883,54.727149963378906,1007.252109375,106246.109375,True,True,True,176,0,0,109,178,101,2026-10-03T17:06:57.015916+07:00,218.6294338839998,0.1858411490011349,OK,,True,2026-10-03T17:06:57.201771+07:00,218.81528419999995,0.03306658899964532,OK,,True,1551,0.193875,,2026-10-03T17:06:57.234841+07:00,218.84835595500044,0.032857943000635714,OK,,True,2770,0.34625,
5f6a39ae4ae94318927b52b4009d4387,220,2026-10-03T17:06:58.015808+07:00,219.62931393300096,4.154971976000525,WAIT_EXPOSURE,1756.1954446600002,0.999977993000357,0.2517769779988157,9.775500075193122e-05,DISABLED,on,user_reported,36.60177230834961,54.727813720703125,1007.259296875,106911.671875,True,True,True,176,0,0,109,178,101,2026-10-03T17:06:58.015897+07:00,219.62941417300135,0.18584911199832277,OK,,True,2026-10-03T17:06:58.201758+07:00,219.81527180400008,0.032988553000905085,OK,,True,1554,0.19425,,2026-10-03T17:06:58.234748+07:00,219.8482642830004,0.032816924000144354,OK,,True,2766,0.34575,
5f6a39ae4ae94318927b52b4009d4387,221,2026-10-03T17:06:59.015828+07:00,220.62933409400102,5.1549921370005904,WAIT_EXPOSURE,1757.1954648210003,1.0000201610000659,0.251762867999787,0.00011791600081778597,DISABLED,on,user_reported,36.59858322143555,54.74650573730469,1007.24734375,106246.109375,True,True,True,176,0,0,109,179,101,2026-10-03T17:06:59.015916+07:00,220.62943361200087,0.1858139089999895,OK,,True,2026-10-03T17:06:59.201742+07:00,220.81525616900035,0.03299970099942584,OK,,True,1557,0.194625,,2026-10-03T17:06:59.234743+07:00,220.84825959299997,0.032828942999913124,OK,,True,2770,0.34625,
5f6a39ae4ae94318927b52b4009d4387,222,2026-10-03T17:07:00.015815+07:00,221.62932338800056,6.154981431000124,WAIT_EXPOSURE,1758.1954541149998,0.9999892939995334,0.2629899139992631,0.00010721000035118777,DISABLED,on,user_reported,36.603050231933594,54.740779876708984,1007.220390625,106312.2890625,True,True,True,176,0,0,109,178,101,2026-10-03T17:07:00.015890+07:00,221.6294079979998,0.19403315000090515,OK,,True,2026-10-03T17:07:00.209951+07:00,221.82346083300035,0.03500446100042609,OK,,True,1553,0.194125,,2026-10-03T17:07:00.244961+07:00,221.85847273800027,0.033822990000771824,OK,,True,2750,0.34375,
5f6a39ae4ae94318927b52b4009d4387,223,2026-10-03T17:07:01.015801+07:00,222.62930705300096,7.154965096000524,WAIT_EXPOSURE,1759.1954377800002,0.9999836650003999,0.25205612599893357,9.087500075111166e-05,DISABLED,on,user_reported,36.603050231933594,54.78551483154297,1007.20671875,105982.1953125,True,True,True,176,0,0,109,179,101,2026-10-03T17:07:01.015882+07:00,222.62939964500038,0.18582707700079482,OK,,True,2026-10-03T17:07:01.201721+07:00,222.8152353330006,0.03326436499992269,OK,,True,1563,0.195375,,2026-10-03T17:07:01.234987+07:00,222.84850312399976,0.032851703001142596,OK,,True,2768,0.34600000000000003,
5f6a39ae4ae94318927b52b4009d4387,224,2026-10-03T17:07:02.015792+07:00,223.62929929500024,8.154957337999804,WAIT_EXPOSURE,1760.1954300219995,0.9999922419992799,0.2521862180001335,8.311700003105216e-05,DISABLED,on,user_reported,36.60688018798828,54.843624114990234,1007.2196875,106644.4453125,True,True,True,176,0,0,109,178,101,2026-10-03T17:07:02.015869+07:00,223.6293870720001,0.18582807799975853,OK,,True,2026-10-03T17:07:02.201710+07:00,223.8152235939997,0.03334892000020773,OK,,True,1561,0.195125,,2026-10-03T17:07:02.235063+07:00,223.848577570001,0.0328976459986734,OK,,True,2770,0.34625,
5f6a39ae4ae94318927b52b4009d4387,225,2026-10-03T17:07:03.015799+07:00,224.62930554000013,9.154963582999699,WAIT_EXPOSURE,1761.1954362669994,1.000006244999895,0.251828108999689,8.936199992604088e-05,DISABLED,on,user_reported,36.61261749267578,54.959590911865234,1007.215390625,105785.125,True,True,True,176,0,0,109,179,101,2026-10-03T17:07:03.015878+07:00,224.62939557600112,0.1858275769991451,OK,,True,2026-10-03T17:07:03.201718+07:00,224.8152323200011,0.03303721900010714,OK,,True,1550,0.19375,,2026-10-03T17:07:03.234757+07:00,224.84827298399978,0.032851721000042744,OK,,True,2772,0.34650000000000003,
5f6a39ae4ae94318927b52b4009d4387,226,2026-10-03T17:07:04.015829+07:00,225.62933387799967,10.154991920999237,WAIT_EXPOSURE,1762.195464604999,1.000028337999538,0.2549475270006951,0.00011769999946409371,DISABLED,on,user_reported,36.61644744873047,55.0881462097168,1007.201171875,105785.125,True,True,True,176,0,0,109,178,101,2026-10-03T17:07:04.015913+07:00,225.6294303400009,0.185834892999992,OK,,True,2026-10-03T17:07:04.201762+07:00,225.8152758260003,0.03471496299971477,OK,,True,1547,0.193375,,2026-10-03T17:07:04.236483+07:00,225.84999680799956,0.034270671001650044,OK,,True,2768,0.34600000000000003,
5f6a39ae4ae94318927b52b4009d4387,227,2026-10-03T17:07:05.015799+07:00,226.62930479399984,0.7862891269996908,EXPOSURE,1763.1954355209991,0.9999709160001657,0.25252436400114675,8.861599962983746e-05,DISABLED,on,user_reported,36.61836242675781,55.21009063720703,1007.176796875,105916.421875,True,True,True,176,0,0,109,178,101,2026-10-03T17:07:05.015877+07:00,226.629395330001,0.18582483699901786,OK,,True,2026-10-03T17:07:05.201715+07:00,226.81522933400083,0.03303136799877393,OK,,True,1553,0.194125,,2026-10-03T17:07:05.234749+07:00,226.84826481300115,0.03354652999951213,OK,,True,2781,0.347625,
5f6a39ae4ae94318927b52b4009d4387,228,2026-10-03T17:07:06.015848+07:00,227.6293458960008,1.7863302290006686,EXPOSURE,1764.195476623,1.0000411020009778,0.25994933400033915,0.00012971800060768146,DISABLED,on,user_reported,36.61198043823242,55.31804275512695,1007.1665625,106048.0546875,True,True,True,176,0,0,109,178,101,2026-10-03T17:07:06.016007+07:00,227.6295224309997,0.189580341000692,OK,,True,2026-10-03T17:07:06.205603+07:00,227.81911505000062,0.03462213099919609,OK,,True,1561,0.195125,,2026-10-03T17:07:06.240233+07:00,227.85374536600102,0.035532678999516065,OK,,True,2781,0.347625,
5f6a39ae4ae94318927b52b4009d4387,229,2026-10-03T17:07:07.015847+07:00,228.62934520400086,2.786329537000711,EXPOSURE,1765.1954759310001,0.9999993080000422,0.25900278799963417,0.0001290260006499011,DISABLED,on,user_reported,36.61517333984375,55.414676666259766,1007.185234375,105719.59375,True,True,True,176,0,0,109,178,101,2026-10-03T17:07:07.016003+07:00,228.6295187579999,0.18960217499989085,OK,,True,2026-10-03T17:07:07.205645+07:00,228.8191569690007,0.03401439700064657,OK,,True,1571,0.196375,,2026-10-03T17:07:07.239667+07:00,228.85317973600104,0.03515007100031653,OK,,True,2785,0.348125,
5f6a39ae4ae94318927b52b4009d4387,230,2026-10-03T17:07:08.015811+07:00,229.62931686699994,3.786301199999798,EXPOSURE,1766.1954475939992,0.9999716629990871,0.25215383199974895,0.00010068899973703083,DISABLED,on,user_reported,36.61198043823242,55.529632568359375,1007.1665625,105393.1640625,True,True,True,176,0,0,109,178,101,2026-10-03T17:07:08.015898+07:00,229.62941503300135,0.1858463379994646,OK,,True,2026-10-03T17:07:08.201758+07:00,229.8152713899999,0.03311851500075136,OK,,True,1568,0.196,,2026-10-03T17:07:08.234879+07:00,229.84839446099977,0.033064478000596864,OK,,True,2769,0.346125,
5f6a39ae4ae94318927b52b4009d4387,231,2026-10-03T17:07:09.015792+07:00,230.62929968000026,4.786284013000113,EXPOSURE,1767.1954304069995,0.9999828130003152,0.25220377600089705,8.350200005224906e-05,DISABLED,on,user_reported,36.61261749267578,55.63240432739258,1007.174296875,105198.2734375,True,True,True,176,0,0,109,178,101,2026-10-03T17:07:09.015869+07:00,230.62938684500114,0.18585350600005768,OK,,True,2026-10-03T17:07:09.201738+07:00,230.81525105500077,0.03319795899915334,OK,,True,1565,0.195625,,2026-10-03T17:07:09.234940+07:00,230.8484543100003,0.03303683100057242,OK,,True,2772,0.34650000000000003,
5f6a39ae4ae94318927b52b4009d4387,232,2026-10-03T17:07:10.015835+07:00,231.6293396050005,5.786323938000351,EXPOSURE,1768.1954703319998,1.0000399250002374,0.25234307199934847,0.00012342700028966647,DISABLED,on,user_reported,36.60942840576172,55.70253372192383,1007.265,105393.1640625,True,True,True,176,0,0,109,178,101,2026-10-03T17:07:10.015922+07:00,231.62943986400023,0.1858295799993357,OK,,True,2026-10-03T17:07:10.201764+07:00,231.81527810999978,0.03348238299986406,OK,,True,1558,0.19475,,2026-10-03T17:07:10.235252+07:00,231.8487661600011,0.032906590999118634,OK,,True,2772,0.34650000000000003,
5f6a39ae4ae94318927b52b4009d4387,233,2026-10-03T17:07:11.015794+07:00,232.62930073700045,6.786285070000304,EXPOSURE,1769.1954314639997,0.9999611319999531,0.25232025799959956,8.455900024273433e-05,DISABLED,on,user_reported,36.61198043823242,55.77998352050781,1007.269140625,104489.796875,True,True,True,176,0,0,109,179,101,2026-10-03T17:07:11.015874+07:00,232.62939193999955,0.18588874700071756,OK,,True,2026-10-03T17:07:11.201777+07:00,232.81529029800004,0.033281644000453525,OK,,True,1555,0.194375,,2026-10-03T17:07:11.235063+07:00,232.84857729400028,0.03303107200008526,OK,,True,2773,0.346625,
5f6a39ae4ae94318927b52b4009d4387,234,2026-10-03T17:07:12.015794+07:00,233.62930116700045,7.786285500000304,EXPOSURE,1770.1954318939997,1.00000043,0.25386828199953015,8.498900024278555e-05,DISABLED,on,user_reported,36.61198043823242,55.824951171875,1007.269140625,105263.15625,True,True,True,176,0,0,109,178,101,2026-10-03T17:07:12.015871+07:00,233.62938885200128,0.18589467299898388,OK,,True,2026-10-03T17:07:12.201781+07:00,233.81529395100006,0.03490781400068954,OK,,True,1556,0.1945,,2026-10-03T17:07:12.236693+07:00,233.85020711700054,0.03295097999944119,OK,,True,2777,0.347125,
5f6a39ae4ae94318927b52b4009d4387,235,2026-10-03T17:07:13.015811+07:00,234.62931715500054,8.78630148800039,EXPOSURE,1771.1954478819998,1.0000159880000865,0.2530732340001123,0.00010097700032929424,DISABLED,on,user_reported,36.61517333984375,55.83186721801758,1007.26734375,104553.8046875,True,True,True,176,0,0,109,178,101,2026-10-03T17:07:13.015894+07:00,234.62941146900084,0.1860798010002327,OK,,True,2026-10-03T17:07:13.201990+07:00,234.81550284399964,0.03380389900121372,OK,,True,1563,0.195375,,2026-10-03T17:07:13.235798+07:00,234.8493128350001,0.03306666500066058,OK,,True,2767,0.345875,
5f6a39ae4ae94318927b52b4009d4387,236,2026-10-03T17:07:14.015798+07:00,235.6293051820012,9.786289515001044,EXPOSURE,1772.1954359090005,0.9999880270006543,0.2529863279996789,8.900400098355021e-05,DISABLED,on,user_reported,36.61198043823242,55.8442268371582,1007.200703125,104875.0546875,True,True,True,176,0,0,109,179,101,2026-10-03T17:07:14.015874+07:00,235.62939186699987,0.18582258199967328,OK,,True,2026-10-03T17:07:14.201708+07:00,235.81522200400104,0.03398269299941603,OK,,True,1546,0.19325,,2026-10-03T17:07:14.235697+07:00,235.8492109939998,0.03306970100129547,OK,,True,2769,0.346125,
5f6a39ae4ae94318927b52b4009d4387,237,2026-10-03T17:07:15.015833+07:00,236.62933889600026,10.786323229000118,EXPOSURE,1773.1954696229996,1.0000337139990734,0.25558654599990405,0.00012271800005692057,DISABLED,on,user_reported,36.60879135131836,55.85660171508789,1007.20921875,105004.1015625,True,True,True,176,0,0,109,178,101,2026-10-03T17:07:15.015921+07:00,236.62943891400027,0.18926621799982968,OK,,True,2026-10-03T17:07:15.205197+07:00,236.81871189100093,0.0331869599995116,OK,,True,1552,0.194,,2026-10-03T17:07:15.238389+07:00,236.85190325800068,0.033011220999469515,OK,,True,2767,0.345875,
5f6a39ae4ae94318927b52b4009d4387,238,2026-10-03T17:07:16.015793+07:00,237.62929901999996,11.786283352999817,EXPOSURE,1774.1954297469993,0.9999601239996991,0.2558721550012706,8.284199975605588e-05,DISABLED,on,user_reported,36.6107063293457,55.83761215209961,1007.24640625,104617.8984375,True,True,True,176,0,0,109,178,101,2026-10-03T17:07:16.015875+07:00,237.62939307499983,0.18585748999976204,OK,,True,2026-10-03T17:07:16.201748+07:00,237.81526156499967,0.03545868000037444,OK,,True,1552,0.194,,2026-10-03T17:07:16.237212+07:00,237.8507257450001,0.03443378200063307,OK,,True,2762,0.34525,
5f6a39ae4ae94318927b52b4009d4387,239,2026-10-03T17:07:17.015802+07:00,238.62930851700003,12.786292849999882,EXPOSURE,1775.1954392439993,1.0000094970000646,0.2559307470000931,9.233899982064031e-05,DISABLED,on,user_reported,36.60688018798828,55.8370361328125,1007.206015625,104746.3203125,True,True,True,176,0,0,109,179,101,2026-10-03T17:07:17.015883+07:00,238.62940134900055,0.18584015700071177,OK,,True,2026-10-03T17:07:17.201736+07:00,238.81525045000126,0.03320636799981003,OK,,True,1559,0.194875,,2026-10-03T17:07:17.234947+07:00,238.84846166900024,0.03676140999959898,OK,,True,2751,0.343875,
5f6a39ae4ae94318927b52b4009d4387,240,2026-10-03T17:07:18.015815+07:00,239.6293203109999,13.786304643999756,EXPOSURE,1776.1954510379992,1.0000117939998745,0.25542897500054096,0.000104132999695139,DISABLED,on,user_reported,36.60369110107422,55.79800796508789,1007.2146875,104810.6484375,True,True,True,176,0,0,109,178,101,2026-10-03T17:07:18.015894+07:00,239.62941210700046,0.1859496750003018,OK,,True,2026-10-03T17:07:18.201857+07:00,239.8153706890007,0.03627993199916091,OK,,True,1561,0.195125,,2026-10-03T17:07:18.238142+07:00,239.85165656500067,0.03308207199916069,OK,,True,2768,0.34600000000000003,
5f6a39ae4ae94318927b52b4009d4387,241,2026-10-03T17:07:19.015802+07:00,240.62930879300075,14.7862931260006,EXPOSURE,1777.19543952,0.9999884820008447,0.25423115299963683,9.261500053980853e-05,DISABLED,on,user_reported,36.603050231933594,55.791473388671875,1007.1178125,105263.15625,True,True,True,176,0,0,109,179,101,2026-10-03T17:07:19.015878+07:00,240.62939623700004,0.18582812100066803,OK,,True,2026-10-03T17:07:19.201716+07:00,240.8152310610003,0.03524375699998927,OK,,True,1559,0.194875,,2026-10-03T17:07:19.236966+07:00,240.8504804660006,0.03304920200025663,OK,,True,2769,0.346125,
5f6a39ae4ae94318927b52b4009d4387,242,2026-10-03T17:07:20.015798+07:00,241.62930561100075,15.7862899440006,EXPOSURE,1778.195436338,0.9999968179999996,0.2541354679997312,8.943300053942949e-05,DISABLED,on,user_reported,36.59986114501953,55.771732330322266,1007.16046875,105719.59375,True,True,True,176,0,0,109,178,101,2026-10-03T17:07:20.015876+07:00,241.62939392500084,0.1858212690003711,OK,,True,2026-10-03T17:07:20.201709+07:00,241.81522312000016,0.035198812000089674,OK,,True,1537,0.192125,,2026-10-03T17:07:20.236912+07:00,241.8504268400011,0.03300286899866478,OK,,True,2774,0.34675,
5f6a39ae4ae94318927b52b4009d4387,243,2026-10-03T17:07:21.015802+07:00,242.62930909700117,16.786293430001024,EXPOSURE,1779.1954398240005,1.0000034860004234,0.252353410998694,9.291900096286554e-05,DISABLED,on,user_reported,36.59794616699219,55.73291778564453,1007.13671875,105263.15625,True,True,True,176,0,0,109,178,101,2026-10-03T17:07:21.015882+07:00,242.629399929001,0.185818288999144,OK,,True,2026-10-03T17:07:21.201711+07:00,242.81522560700068,0.03273822299888707,OK,,True,1551,0.193875,,2026-10-03T17:07:21.234458+07:00,242.84797142299976,0.033673659001578926,OK,,True,2749,0.343625,
5f6a39ae4ae94318927b52b4009d4387,244,2026-10-03T17:07:22.015828+07:00,243.6293327330004,17.786317066000265,EXPOSURE,1780.1954634599997,1.0000236359992414,0.25187897099931433,0.0001165550002042437,DISABLED,on,user_reported,36.599220275878906,55.69457244873047,1007.19359375,105654.1484375,True,True,True,176,0,0,109,178,101,2026-10-03T17:07:22.015912+07:00,243.6294297880013,0.18583467699863832,OK,,True,2026-10-03T17:07:22.201760+07:00,243.8152734840005,0.03334192200054531,OK,,True,1553,0.194125,,2026-10-03T17:07:22.235106+07:00,243.84862033100035,0.03257729899996775,OK,,True,2751,0.343875,
5f6a39ae4ae94318927b52b4009d4387,245,2026-10-03T17:07:23.015831+07:00,244.62933370500105,18.7863180380009,EXPOSURE,1781.1954644320003,1.0000009720006346,0.27009882599850243,0.00011752700083889067,DISABLED,on,user_reported,36.59794616699219,55.64303207397461,1007.184609375,105982.1953125,True,True,True,176,0,0,109,178,101,2026-10-03T17:07:23.015937+07:00,244.62945437000053,0.191022945999066,OK,,True,2026-10-03T17:07:23.206981+07:00,244.82049400100004,0.035400996001044405,OK,,True,1580,0.1975,,2026-10-03T17:07:23.242389+07:00,244.85590325700105,0.04350840400002198,OK,,True,2771,0.346375,
5f6a39ae4ae94318927b52b4009d4387,246,2026-10-03T17:07:24.015810+07:00,245.6293178830001,19.786302215999967,EXPOSURE,1782.1954486099994,0.9999841779990675,0.25177660299959825,0.00010170499990636017,DISABLED,on,user_reported,36.594757080078125,55.597618103027344,1007.1590625,105523.4921875,True,True,True,176,0,0,109,178,101,2026-10-03T17:07:24.015887+07:00,245.62940490000074,0.18579967900041083,OK,,True,2026-10-03T17:07:24.201697+07:00,245.8152115970006,0.0329830739992758,OK,,True,1550,0.19375,,2026-10-03T17:07:24.234682+07:00,245.84819830000015,0.03288318600061757,OK,,True,2763,0.345375,
5f6a39ae4ae94318927b52b4009d4387,247,2026-10-03T17:07:25.015803+07:00,246.6293097480011,20.78629408100096,EXPOSURE,1783.1954404750004,0.9999918650009931,0.2517480480000813,9.357000089948997e-05,DISABLED,on,user_reported,36.60049819946289,55.55997848510742,1007.243515625,105588.78125,True,True,True,176,0,0,109,178,101,2026-10-03T17:07:25.015881+07:00,246.6293985430002,0.18580736399962916,OK,,True,2026-10-03T17:07:25.201698+07:00,246.81521288899967,0.03298394300145446,OK,,True,1561,0.195125,,2026-10-03T17:07:25.234685+07:00,246.84820042499996,0.03284881500076153,OK,,True,2767,0.345875,
5f6a39ae4ae94318927b52b4009d4387,248,2026-10-03T17:07:26.015809+07:00,247.62931568900058,21.786300022000432,EXPOSURE,1784.1954464159999,1.000005940999472,0.2519172689990228,9.951100037142169e-05,DISABLED,on,user_reported,36.594120025634766,55.5526123046875,1007.253828125,105198.2734375,True,True,True,176,0,0,109,178,101,2026-10-03T17:07:26.015892+07:00,247.629410077001,0.18580184599886707,OK,,True,2026-10-03T17:07:26.201702+07:00,247.81521783000062,0.033159331000206294,OK,,True,1561,0.195125,,2026-10-03T17:07:26.234864+07:00,247.84838069800026,0.032843352999407216,OK,,True,2773,0.346625,
5f6a39ae4ae94318927b52b4009d4387,249,2026-10-03T17:07:27.015803+07:00,248.62930966900058,22.78629400200043,EXPOSURE,1785.1954403959999,0.9999939799999993,0.2519965470000898,9.349100037070457e-05,DISABLED,on,user_reported,36.58454895019531,55.525508880615234,1007.272578125,105850.734375,True,True,True,176,0,0,109,178,101,2026-10-03T17:07:27.015881+07:00,248.62939855700097,0.1858400499986601,OK,,True,2026-10-03T17:07:27.201734+07:00,248.81524738400003,0.03316484999959357,OK,,True,1561,0.195125,,2026-10-03T17:07:27.234904+07:00,248.84841830799996,0.03287866699974984,OK,,True,2765,0.345625,
5f6a39ae4ae94318927b52b4009d4387,250,2026-10-03T17:07:28.015830+07:00,249.62933483599954,23.7863191689994,EXPOSURE,1786.1954655629988,1.0000251669989666,0.2517643090013735,0.00011865799933730159,DISABLED,on,user_reported,36.594757080078125,55.50779724121094,1007.247890625,105328.125,True,True,True,176,0,0,109,178,101,2026-10-03T17:07:28.015913+07:00,249.62943052000082,0.18580977300007362,OK,,True,2026-10-03T17:07:28.201732+07:00,249.81524712600003,0.03300727700116113,OK,,True,1560,0.195,,2026-10-03T17:07:28.234742+07:00,249.8482586070004,0.032832611999765504,OK,,True,2770,0.34625,
5f6a39ae4ae94318927b52b4009d4387,251,2026-10-03T17:07:29.015863+07:00,250.62935959800052,24.786343931000374,EXPOSURE,1787.1954903249998,1.000024762000976,0.26264252600049076,0.00014342000031319913,DISABLED,on,user_reported,36.594120025634766,55.50770950317383,1007.253828125,105458.2890625,True,True,True,176,0,0,109,178,101,2026-10-03T17:07:29.016022+07:00,250.62953750400084,0.19174701500014635,OK,,True,2026-10-03T17:07:29.207787+07:00,250.8212984820002,0.03546232900043833,OK,,True,1560,0.195,,2026-10-03T17:07:29.243257+07:00,250.85677027400016,0.03521447999992233,OK,,True,2785,0.348125,
5f6a39ae4ae94318927b52b4009d4387,252,2026-10-03T17:07:30.015812+07:00,251.62931962100083,25.786303954000687,EXPOSURE,1788.1954503480001,0.9999600230003125,0.2517890509989229,0.00010344300062570255,DISABLED,on,user_reported,36.59284210205078,55.5139274597168,1007.251796875,104875.0546875,True,True,True,176,0,0,109,179,101,2026-10-03T17:07:30.015884+07:00,251.6294014539999,0.18581332900066627,OK,,True,2026-10-03T17:07:30.201708+07:00,251.815222524001,0.03300614699946891,OK,,True,1562,0.19525,,2026-10-03T17:07:30.234717+07:00,251.84823302299992,0.032867390000319574,OK,,True,2773,0.346625,
5f6a39ae4ae94318927b52b4009d4387,253,2026-10-03T17:07:31.015810+07:00,252.62931525800013,26.786299590999988,EXPOSURE,1789.1954459849994,0.9999956369993015,0.25179486600063683,9.907999992719851e-05,DISABLED,on,user_reported,36.59284210205078,55.53316879272461,1007.19015625,105133.46875,True,True,True,176,0,0,109,179,101,2026-10-03T17:07:31.015893+07:00,252.6294108680013,0.1858082929993543,OK,,True,2026-10-03T17:07:31.201711+07:00,252.8152263459997,0.03303409200088936,OK,,True,1553,0.194125,,2026-10-03T17:07:31.234749+07:00,252.84826434500064,0.03283646399904683,OK,,True,2770,0.34625,
5f6a39ae4ae94318927b52b4009d4387,254,2026-10-03T17:07:32.015801+07:00,253.62930848900032,27.786292822000178,EXPOSURE,1790.1954392159996,0.9999932310001896,0.252196104000177,9.231100011675153e-05,DISABLED,on,user_reported,36.59730911254883,55.5530891418457,1007.190546875,105198.2734375,True,True,True,176,0,0,109,178,101,2026-10-03T17:07:32.015874+07:00,253.6293921180004,0.18583383000077447,OK,,True,2026-10-03T17:07:32.201721+07:00,253.81523498500064,0.03333884799940279,OK,,True,1554,0.19425,,2026-10-03T17:07:32.235065+07:00,253.84857970300072,0.03291435299979639,OK,,True,2771,0.346375,
5f6a39ae4ae94318927b52b4009d4387,255,2026-10-03T17:07:33.015817+07:00,254.6293212590008,28.786305592000645,EXPOSURE,1791.195451986,1.0000127700004668,0.25189242200031003,0.0001050810005835956,DISABLED,on,user_reported,36.595394134521484,55.55921936035156,1007.194375,105198.2734375,True,True,True,176,0,0,109,178,101,2026-10-03T17:07:33.015913+07:00,254.62943001799977,0.1858260330009216,OK,,True,2026-10-03T17:07:33.201749+07:00,254.81526312499955,0.03306835100011085,OK,,True,1572,0.1965,,2026-10-03T17:07:33.234820+07:00,254.84833636500116,0.03286894499979098,OK,,True,2772,0.34650000000000003,
5f6a39ae4ae94318927b52b4009d4387,256,2026-10-03T17:07:34.015799+07:00,255.6293070690008,29.786291402000643,EXPOSURE,1792.195437796,0.9999858099999983,0.25174664499900246,9.089100058190525e-05,DISABLED,on,user_reported,36.5915641784668,55.56505584716797,1007.194921875,105133.46875,True,True,True,176,0,0,109,179,101,2026-10-03T17:07:34.015870+07:00,255.62938829000086,0.18581860799895367,OK,,True,2026-10-03T17:07:34.201698+07:00,255.8152133980002,0.032975703999909456,OK,,True,1559,0.194875,,2026-10-03T17:07:34.234676+07:00,255.8481927690009,0.03285277899885841,OK,,True,2767,0.345875,
5f6a39ae4ae94318927b52b4009d4387,257,2026-10-03T17:07:35.015858+07:00,256.6293553430005,30.786339676000352,EXPOSURE,1793.1954860699998,1.0000482739997096,0.26266162200045073,0.00013916500029154122,DISABLED,on,user_reported,36.59029006958008,55.57769775390625,1007.24078125,105263.15625,True,True,True,176,0,0,109,178,101,2026-10-03T17:07:35.016014+07:00,256.6295302110011,0.19178036999983306,OK,,True,2026-10-03T17:07:35.207812+07:00,256.82132396999987,0.035454830000162474,OK,,True,1580,0.1975,,2026-10-03T17:07:35.243273+07:00,256.8567872069998,0.035212258000683505,OK,,True,2782,0.34775,
5f6a39ae4ae94318927b52b4009d4387,258,2026-10-03T17:07:36.015902+07:00,257.62939813699995,31.786382469999808,EXPOSURE,1794.1955288639992,1.0000427939994552,0.2614046340004279,0.00018195899974671192,DISABLED,on,user_reported,36.5915641784668,55.57147216796875,1007.21546875,105328.125,True,True,True,176,0,0,109,178,101,2026-10-03T17:07:36.016053+07:00,257.62956957999995,0.1906888430003164,OK,,True,2026-10-03T17:07:36.206763+07:00,257.82027392300006,0.035249960999863106,OK,,True,1586,0.19825,,2026-10-03T17:07:36.242022+07:00,257.85553392099973,0.0352477579999686,OK,,True,2775,0.346875,
5f6a39ae4ae94318927b52b4009d4387,259,2026-10-03T17:07:37.015811+07:00,258.6293186570001,32.78630298999997,EXPOSURE,1795.1954493839994,0.9999205200001597,0.2520570699998643,0.00010247899990645237,DISABLED,on,user_reported,36.594757080078125,55.578369140625,1007.220625,105004.1015625,True,True,True,176,0,0,109,178,101,2026-10-03T17:07:37.015880+07:00,258.629397916,0.18580944200039085,OK,,True,2026-10-03T17:07:37.201699+07:00,258.8152140430011,0.03324064600019483,OK,,True,1555,0.194375,,2026-10-03T17:07:37.234946+07:00,258.84846065199963,0.032905742000366445,OK,,True,2770,0.34625,
5f6a39ae4ae94318927b52b4009d4387,260,2026-10-03T17:07:38.017794+07:00,259.63129151199973,33.78827584499959,EXPOSURE,1796.197422238999,1.0019728549996216,0.2519656640015455,0.002075333999528084,DISABLED,on,user_reported,36.59029006958008,55.58411407470703,1007.17921875,105004.1015625,True,True,True,176,0,0,109,178,101,2026-10-03T17:07:38.017907+07:00,259.63142427000093,0.18585925799925462,OK,,True,2026-10-03T17:07:38.203776+07:00,259.8172903240011,0.0330542029987555,OK,,True,1558,0.19475,,2026-10-03T17:07:38.236833+07:00,259.8503485830006,0.03289983399918128,OK,,True,2765,0.345625,
5f6a39ae4ae94318927b52b4009d4387,261,2026-10-03T17:07:39.015789+07:00,260.62929812699986,34.78628245999971,EXPOSURE,1797.1954288539991,0.9980066150001221,0.2519969980003225,8.194899965019431e-05,DISABLED,on,user_reported,36.59347915649414,55.5845947265625,1007.15015625,105393.1640625,True,True,True,176,0,0,109,178,101,2026-10-03T17:07:39.015862+07:00,260.62937957100075,0.18581020300007367,OK,,True,2026-10-03T17:07:39.201681+07:00,260.8151958110011,0.033194405999893206,OK,,True,1563,0.195375,,2026-10-03T17:07:39.234877+07:00,260.84839393900074,0.03289253799994185,OK,,True,2771,0.346375,
5f6a39ae4ae94318927b52b4009d4387,262,2026-10-03T17:07:40.015790+07:00,261.6292993010011,35.78628363400094,EXPOSURE,1798.1954300280004,1.000001174001227,0.25183596199894964,8.312300087709446e-05,DISABLED,on,user_reported,36.58327102661133,55.60231399536133,1007.2565625,105328.125,True,True,True,176,0,0,109,178,101,2026-10-03T17:07:40.015860+07:00,261.62937739300105,0.1858215169995674,OK,,True,2026-10-03T17:07:40.201691+07:00,261.8152064469996,0.03304879700044694,OK,,True,1557,0.194625,,2026-10-03T17:07:40.234743+07:00,261.8482593360004,0.032866890000150306,OK,,True,2766,0.34575,
5f6a39ae4ae94318927b52b4009d4387,263,2026-10-03T17:07:41.015790+07:00,262.6292984210013,36.78628275400115,EXPOSURE,1799.1954291480006,0.9999991200002114,0.25182694399882166,8.224300108850002e-05,DISABLED,on,user_reported,36.58327102661133,55.634403228759766,1007.2703125,105133.46875,True,True,True,176,0,0,109,178,101,2026-10-03T17:07:41.015859+07:00,262.62937704900105,0.18581133399857208,OK,,True,2026-10-03T17:07:41.201680+07:00,262.8151956969996,0.03302759300095204,OK,,True,1561,0.195125,,2026-10-03T17:07:41.234711+07:00,262.84822682699996,0.03289039000082994,OK,,True,2764,0.34550000000000003,
5f6a39ae4ae94318927b52b4009d4387,264,2026-10-03T17:07:42.015833+07:00,263.62933304200124,37.78631737500109,EXPOSURE,1800.1954637690005,1.0000346209999407,0.2627387180000369,0.00011686400102917105,DISABLED,on,user_reported,36.580718994140625,55.65327072143555,1007.245703125,104810.6484375,True,True,True,176,0,0,109,178,101,2026-10-03T17:07:42.015965+07:00,263.6294823740009,0.1914019689993438,OK,,True,2026-10-03T17:07:42.207389+07:00,263.8208999720009,0.03575982700021996,OK,,True,1582,0.19775,,2026-10-03T17:07:42.243160+07:00,263.8566716330006,0.03537901600066107,OK,,True,2783,0.347875,
5f6a39ae4ae94318927b52b4009d4387,265,2026-10-03T17:07:43.015803+07:00,264.62930975900053,38.78629409200039,EXPOSURE,1801.1954404859998,0.9999767169992992,0.25189498200052185,9.358100032841321e-05,DISABLED,on,user_reported,36.580718994140625,55.666107177734375,1007.2525,104875.0546875,True,True,True,176,0,0,109,178,101,2026-10-03T17:07:43.015889+07:00,264.6294065910006,0.18580948199996783,OK,,True,2026-10-03T17:07:43.201709+07:00,264.8152231660006,0.03304479600046761,OK,,True,1566,0.19575,,2026-10-03T17:07:43.234756+07:00,264.84827227700043,0.03292296399922634,OK,,True,2772,0.34650000000000003,
5f6a39ae4ae94318927b52b4009d4387,266,2026-10-03T17:07:44.015794+07:00,265.6293018659999,39.78628619899973,EXPOSURE,1802.1954325929992,0.9999921069993434,0.2518375939998805,8.568799967179075e-05,DISABLED,on,user_reported,36.58965301513672,55.68029022216797,1007.19859375,105328.125,True,True,True,176,0,0,109,178,101,2026-10-03T17:07:44.015874+07:00,265.62939199500033,0.18581805599933432,OK,,True,2026-10-03T17:07:44.201703+07:00,265.8152176250005,0.0330322409990913,OK,,True,1556,0.1945,,2026-10-03T17:07:44.234738+07:00,265.8482542740003,0.03287661200010916,OK,,True,2767,0.345875,
5f6a39ae4ae94318927b52b4009d4387,267,2026-10-03T17:07:45.015795+07:00,266.62930362299994,40.786287955999796,EXPOSURE,1803.1954343499992,1.0000017570000637,0.25199605700072425,8.744499973545317e-05,DISABLED,on,user_reported,36.581356048583984,55.68545913696289,1007.198828125,105523.4921875,True,True,True,176,0,0,109,178,101,2026-10-03T17:07:45.015863+07:00,266.62938062300054,0.1858151310007088,OK,,True,2026-10-03T17:07:45.201687+07:00,266.8152023090006,0.033191165999596706,OK,,True,1560,0.195,,2026-10-03T17:07:45.234881+07:00,266.8483974190003,0.032892982999328524,OK,,True,2770,0.34625,
5f6a39ae4ae94318927b52b4009d4387,268,2026-10-03T17:07:46.015795+07:00,267.6293028460004,41.78628717900028,EXPOSURE,1804.1954335729997,0.9999992230004864,0.2517928180004674,8.666800022183452e-05,DISABLED,on,user_reported,36.588375091552734,55.67367172241211,1007.230703125,104810.6484375,True,True,True,176,0,0,109,178,101,2026-10-03T17:07:46.015876+07:00,267.62939388199993,0.18582892800077389,OK,,True,2026-10-03T17:07:46.201713+07:00,267.8152281980001,0.03297740900052304,OK,,True,1559,0.194875,,2026-10-03T17:07:46.234693+07:00,267.84820914400007,0.0328775569996651,OK,,True,2775,0.346875,
5f6a39ae4ae94318927b52b4009d4387,269,2026-10-03T17:07:47.015822+07:00,268.6293283850009,42.78631271800077,EXPOSURE,1805.1954591120002,1.0000255390004895,0.25199307599905296,0.0001122070007113507,DISABLED,on,user_reported,36.58454895019531,55.65385055541992,1007.24515625,105393.1640625,True,True,True,176,0,0,109,178,101,2026-10-03T17:07:47.015903+07:00,268.6294209030002,0.18584787200052233,OK,,True,2026-10-03T17:07:47.201764+07:00,268.8152780520013,0.033112758999777725,OK,,True,1558,0.19475,,2026-10-03T17:07:47.234882+07:00,268.8483964040006,0.032914463999986765,OK,,True,2775,0.346875,
5f6a39ae4ae94318927b52b4009d4387,270,2026-10-03T17:07:48.015806+07:00,269.62931170400043,43.786296037000284,EXPOSURE,1806.1954424309997,0.9999833189995115,0.2518274480007676,9.55260002228897e-05,DISABLED,on,user_reported,36.58454895019531,55.6602668762207,1007.224609375,105068.75,True,True,True,176,0,0,109,178,101,2026-10-03T17:07:48.015891+07:00,269.62940846200036,0.18581494700083567,OK,,True,2026-10-03T17:07:48.201716+07:00,269.81523037199986,0.03298761200130684,OK,,True,1553,0.194125,,2026-10-03T17:07:48.234706+07:00,269.8482222060011,0.03290755699890724,OK,,True,2769,0.346125,
5f6a39ae4ae94318927b52b4009d4387,271,2026-10-03T17:07:49.015803+07:00,270.6293091360003,44.78629346900016,EXPOSURE,1807.1954398629996,0.9999974319998728,0.25172746799944434,9.295800009567756e-05,DISABLED,on,user_reported,36.58390808105469,55.673004150390625,1007.20296875,104810.6484375,True,True,True,176,0,0,109,178,101,2026-10-03T17:07:49.015885+07:00,270.62940319100016,0.1858124840000528,OK,,True,2026-10-03T17:07:49.201707+07:00,270.81522150800083,0.032944112999757635,OK,,True,1553,0.194125,,2026-10-03T17:07:49.234651+07:00,270.84816871300063,0.032858316999409,OK,,True,2773,0.346625,
5f6a39ae4ae94318927b52b4009d4387,272,2026-10-03T17:07:50.015795+07:00,271.6293017000007,45.78628603300058,EXPOSURE,1808.195432427,0.9999925640004221,0.25176676400042197,8.552200051781256e-05,DISABLED,on,user_reported,36.58518600463867,55.66678237915039,1007.1709375,105004.1015625,True,True,True,176,0,0,109,178,101,2026-10-03T17:07:50.015879+07:00,271.62939656900016,0.1858044479995442,OK,,True,2026-10-03T17:07:50.201693+07:00,271.8152080540003,0.032956094000837766,OK,,True,1559,0.194875,,2026-10-03T17:07:50.234650+07:00,271.848167129001,0.03289276099894778,OK,,True,2768,0.34600000000000003,
5f6a39ae4ae94318927b52b4009d4387,273,2026-10-03T17:07:51.015795+07:00,272.6293012469996,46.78628557999946,EXPOSURE,1809.195431973999,0.9999995469988789,0.2518820790010068,8.50689993967535e-05,DISABLED,on,user_reported,36.579444885253906,55.66590881347656,1007.1615625,104489.796875,True,True,True,176,0,0,109,178,101,2026-10-03T17:07:51.015876+07:00,272.62939354300033,0.185810095999841,OK,,True,2026-10-03T17:07:51.201695+07:00,272.8152101760006,0.03303514800063567,OK,,True,1563,0.195375,,2026-10-03T17:07:51.234731+07:00,272.8482485470013,0.03292579699882481,OK,,True,2771,0.346375,
5f6a39ae4ae94318927b52b4009d4387,274,2026-10-03T17:07:52.015795+07:00,273.62930170300024,47.78628603600009,EXPOSURE,1810.1954324299995,1.0000004560006346,0.2521315779995348,8.5525000031339e-05,DISABLED,on,user_reported,36.573062896728516,55.65852737426758,1007.1853125,105263.15625,True,True,True,176,0,0,109,178,101,2026-10-03T17:07:52.015882+07:00,273.62940029499987,0.1858372260012402,OK,,True,2026-10-03T17:07:52.201732+07:00,273.8152465760013,0.03327342499869701,OK,,True,1555,0.194375,,2026-10-03T17:07:52.235011+07:00,273.84852509400116,0.03289753799981554,OK,,True,2769,0.346125,
5f6a39ae4ae94318927b52b4009d4387,275,2026-10-03T17:07:53.015962+07:00,274.6294497159997,48.78643404899958,EXPOSURE,1811.195580442999,1.0001480129994889,0.2531710130006104,0.00023353799952019472,DISABLED,on,user_reported,36.573699951171875,55.63295364379883,1007.193359375,105133.46875,True,True,True,176,0,0,109,178,101,2026-10-03T17:07:53.016160+07:00,274.6296754550003,0.18706114099950355,OK,,True,2026-10-03T17:07:53.203231+07:00,274.8167444850005,0.03297837200079812,OK,,True,1558,0.19475,,2026-10-03T17:07:53.236208+07:00,274.84972587500124,0.03288527999939106,OK,,True,2765,0.345625,
5f6a39ae4ae94318927b52b4009d4387,276,2026-10-03T17:07:54.015800+07:00,275.62930721500015,49.78629154800001,EXPOSURE,1812.1954379419994,0.9998574990004272,0.2517066190011974,9.103699994739145e-05,DISABLED,on,user_reported,36.576255798339844,55.63334274291992,1007.163203125,104746.3203125,True,True,True,176,0,0,109,178,101,2026-10-03T17:07:54.015881+07:00,275.6293994179996,0.1858028930000728,OK,,True,2026-10-03T17:07:54.201694+07:00,275.8152090519998,0.032939261000137776,OK,,True,1566,0.19575,,2026-10-03T17:07:54.234634+07:00,275.8481511280006,0.03285398399930273,OK,,True,2767,0.345875,
5f6a39ae4ae94318927b52b4009d4387,277,2026-10-03T17:07:55.015797+07:00,276.62930386300104,50.786288196000896,EXPOSURE,1813.1954345900003,0.9999966480008879,0.25177069199889957,8.768500083533581e-05,DISABLED,on,user_reported,36.58327102661133,55.60231399536133,1007.181328125,104362.0078125,True,True,True,176,0,0,109,179,101,2026-10-03T17:07:55.015879+07:00,276.6293968250011,0.18581107899990457,OK,,True,2026-10-03T17:07:55.201699+07:00,276.81521377399986,0.03294837199973699,OK,,True,1560,0.195,,2026-10-03T17:07:55.234648+07:00,276.8481650160011,0.03290057699996396,OK,,True,2765,0.345625,
5f6a39ae4ae94318927b52b4009d4387,278,2026-10-03T17:07:56.015803+07:00,277.6293091790012,51.786293512001066,EXPOSURE,1814.1954399060005,1.0000053160001698,0.25172154499887256,9.300100100517739e-05,DISABLED,on,user_reported,36.58582305908203,55.55778121948242,1007.288203125,105263.15625,True,True,True,176,0,0,109,178,101,2026-10-03T17:07:56.015885+07:00,277.62940317799985,0.1858063760009827,OK,,True,2026-10-03T17:07:56.201701+07:00,277.81521586800045,0.03294137199918623,OK,,True,1558,0.19475,,2026-10-03T17:07:56.234643+07:00,277.84816029600006,0.032861669000340044,OK,,True,2765,0.345625,
5f6a39ae4ae94318927b52b4009d4387,279,2026-10-03T17:07:57.015806+07:00,278.6293121079998,52.78629644099965,EXPOSURE,1815.195442834999,1.0000029289985832,0.2519478590002109,9.592999958840664e-05,DISABLED,on,user_reported,36.580081939697266,55.55691146850586,1007.21734375,105588.78125,True,True,True,176,0,0,109,178,101,2026-10-03T17:07:57.015888+07:00,278.6294059030006,0.18583793200014043,OK,,True,2026-10-03T17:07:57.201738+07:00,278.81525226099984,0.033089241000197944,OK,,True,1557,0.194625,,2026-10-03T17:07:57.234832+07:00,278.84834618700006,0.03290392800045083,OK,,True,2763,0.345375,
5f6a39ae4ae94318927b52b4009d4387,280,2026-10-03T17:07:58.016131+07:00,279.6296179439996,53.786602276999474,EXPOSURE,1816.195748670999,1.000305835999825,0.2612884240006679,0.00040176599941332825,DISABLED,on,user_reported,36.581356048583984,55.53144073486328,1007.24671875,104939.5390625,True,True,True,176,0,0,109,178,101,2026-10-03T17:07:58.016293+07:00,279.6298090720011,0.18914286499966693,OK,,True,2026-10-03T17:07:58.205456+07:00,279.81896693700037,0.036280230999182095,OK,,True,1565,0.195625,,2026-10-03T17:07:58.241745+07:00,279.85525655700076,0.035635791999084176,OK,,True,2777,0.347125,
5f6a39ae4ae94318927b52b4009d4387,281,2026-10-03T17:07:59.015863+07:00,280.6293592870006,54.78634362000048,EXPOSURE,1817.195490014,0.9997413430010056,0.26264396800070244,0.00014310900041891728,DISABLED,on,user_reported,36.580081939697266,55.5440788269043,1007.231015625,105004.1015625,True,True,True,176,0,0,109,178,101,2026-10-03T17:07:59.016021+07:00,280.6295375440004,0.19173971300006087,OK,,True,2026-10-03T17:07:59.207779+07:00,280.8212911090013,0.03539305399863224,OK,,True,1539,0.192375,,2026-10-03T17:07:59.243178+07:00,280.8566927740012,0.03529162899940275,OK,,True,2772,0.34650000000000003,
5f6a39ae4ae94318927b52b4009d4387,282,2026-10-03T17:08:00.015849+07:00,281.62934620300075,55.786330536000605,EXPOSURE,1818.19547693,0.9999869160001253,0.2622464719988784,0.0001300250005442649,DISABLED,on,user_reported,36.58390808105469,55.52540588378906,1007.264609375,105393.1640625,True,True,True,176,0,0,109,178,101,2026-10-03T17:08:00.016005+07:00,281.62952075700014,0.19172600999991118,OK,,True,2026-10-03T17:08:00.207748+07:00,281.8212600630013,0.03545277599914698,OK,,True,1558,0.19475,,2026-10-03T17:08:00.243206+07:00,281.85672085700025,0.034854577999794856,OK,,True,2785,0.348125,
5f6a39ae4ae94318927b52b4009d4387,283,2026-10-03T17:08:01.015866+07:00,282.62936188099957,56.78634621399942,EXPOSURE,1819.1954926079989,1.0000156779988174,0.2625208030003705,0.0001457029993616743,DISABLED,on,user_reported,36.5768928527832,55.53076934814453,1007.225859375,105004.1015625,True,True,True,176,0,0,109,178,101,2026-10-03T17:08:01.016028+07:00,282.6295439530004,0.19173345499984862,OK,,True,2026-10-03T17:08:01.207780+07:00,282.8212916480006,0.03536872099903121,OK,,True,1548,0.1935,,2026-10-03T17:08:01.243153+07:00,282.8566686289996,0.035194556001442834,OK,,True,2772,0.34650000000000003,
5f6a39ae4ae94318927b52b4009d4387,284,2026-10-03T17:08:02.015869+07:00,283.6293655420013,57.78634987500118,EXPOSURE,1820.1954962690006,1.000003661001756,0.2629039119983645,0.0001493640011176467,DISABLED,on,user_reported,36.57051086425781,55.542640686035156,1007.201875,104875.0546875,True,True,True,176,0,0,109,178,101,2026-10-03T17:08:02.016023+07:00,283.6295395590005,0.19179730600080802,OK,,True,2026-10-03T17:08:02.207842+07:00,283.82135266099976,0.03559855300045456,OK,,True,1547,0.193375,,2026-10-03T17:08:02.243452+07:00,283.8569632689996,0.03528562900100951,OK,,True,2781,0.347625,
5f6a39ae4ae94318927b52b4009d4387,285,2026-10-03T17:08:03.016115+07:00,284.629614073001,58.78659840600085,EXPOSURE,1821.1957448000003,1.00024853099967,0.2549603909992584,0.0003978950007876847,DISABLED,on,user_reported,36.572425842285156,55.517269134521484,1007.218515625,105458.2890625,True,True,True,176,0,0,109,178,101,2026-10-03T17:08:03.016238+07:00,284.6297553309996,0.18653865000123915,OK,,True,2026-10-03T17:08:03.202793+07:00,284.8163053700009,0.03510550099963439,OK,,True,1558,0.19475,,2026-10-03T17:08:03.237903+07:00,284.85141737100093,0.033145833998787566,OK,,True,2766,0.34575,
5f6a39ae4ae94318927b52b4009d4387,286,2026-10-03T17:08:04.015797+07:00,285.6293035560011,59.78628788900096,EXPOSURE,1822.1954342830004,0.9996894830001111,0.25169358699895383,8.737800089875236e-05,DISABLED,on,user_reported,36.572425842285156,55.517269134521484,1007.170703125,104810.6484375,True,True,True,176,0,0,109,178,101,2026-10-03T17:08:04.015877+07:00,285.62939524000103,0.18581061999975645,OK,,True,2026-10-03T17:08:04.201697+07:00,285.81521202600015,0.03292722500009404,OK,,True,1551,0.193875,,2026-10-03T17:08:04.234625+07:00,285.8481420099997,0.032845929001268814,OK,,True,2774,0.34675,
5f6a39ae4ae94318927b52b4009d4387,287,2026-10-03T17:08:05.015802+07:00,286.62930842700007,60.786292759999924,EXPOSURE,1823.1954391539994,1.0000048709989642,0.2519495110009302,9.224899986293167e-05,DISABLED,on,user_reported,36.57816696166992,55.53096008300781,1007.19375,105458.2890625,True,True,True,176,0,0,109,178,101,2026-10-03T17:08:05.015886+07:00,286.62940353700105,0.18580132299939578,OK,,True,2026-10-03T17:08:05.201696+07:00,286.81521143400096,0.03318757499982894,OK,,True,1545,0.193125,,2026-10-03T17:08:05.234886+07:00,286.84840234200055,0.03284633600014786,OK,,True,2771,0.346375,
5f6a39ae4ae94318927b52b4009d4387,288,2026-10-03T17:08:06.015799+07:00,287.62930496599984,61.78628929899969,EXPOSURE,1824.1954356929991,0.9999965389997669,0.25163905100089323,8.878799962985795e-05,DISABLED,on,user_reported,36.57114791870117,55.542728424072266,1007.17546875,105068.75,True,True,True,176,0,0,109,178,101,2026-10-03T17:08:06.015880+07:00,287.6293977429996,0.18579743500049517,OK,,True,2026-10-03T17:08:06.201686+07:00,287.81520145600007,0.03292237200003001,OK,,True,1554,0.19425,,2026-10-03T17:08:06.234609+07:00,287.84812660600073,0.032808078000016394,OK,,True,2770,0.34625,
5f6a39ae4ae94318927b52b4009d4387,289,2026-10-03T17:08:07.015802+07:00,288.62930810000034,62.7862924330002,EXPOSURE,1825.1954388269996,1.000003134000508,0.2519015300003957,9.192200013785623e-05,DISABLED,on,user_reported,36.576255798339844,55.58842086791992,1007.21796875,105588.78125,True,True,True,176,0,0,109,179,101,2026-10-03T17:08:07.015880+07:00,288.6293978400008,0.18582854600026621,OK,,True,2026-10-03T17:08:07.201721+07:00,288.8152354040012,0.03304927899989707,OK,,True,1557,0.194625,,2026-10-03T17:08:07.234774+07:00,288.84828931300035,0.03290889200070524,OK,,True,2762,0.34525,
5f6a39ae4ae94318927b52b4009d4387,290,2026-10-03T17:08:08.015816+07:00,289.62932169800115,63.786306031001004,EXPOSURE,1826.1954524250004,1.0000135980008054,0.25969223999891256,0.00010552000094321556,DISABLED,on,user_reported,36.574337005615234,55.613800048828125,1007.187421875,104746.3203125,True,True,True,176,0,0,109,178,101,2026-10-03T17:08:08.015903+07:00,289.62942049400044,0.19067970600008266,OK,,True,2026-10-03T17:08:08.206605+07:00,289.8201156260002,0.03511829799936095,OK,,True,1549,0.193625,,2026-10-03T17:08:08.241734+07:00,289.85524488699957,0.03374856900154555,OK,,True,2763,0.345375,
5f6a39ae4ae94318927b52b4009d4387,291,2026-10-03T17:08:09.015841+07:00,290.6293399469996,64.78632427999946,EXPOSURE,1827.195470673999,1.0000182489984581,0.2624313260002964,0.00012376899940136354,DISABLED,on,user_reported,36.573699951171875,55.62653732299805,1007.179609375,104875.0546875,True,True,True,176,0,0,109,179,101,2026-10-03T17:08:09.015972+07:00,290.6294874080013,0.1913564239985135,OK,,True,2026-10-03T17:08:09.207347+07:00,290.82085810900026,0.03554099800021504,OK,,True,1572,0.1965,,2026-10-03T17:08:09.242894+07:00,290.856407311001,0.035342313998626196,OK,,True,2785,0.348125,
5f6a39ae4ae94318927b52b4009d4387,292,2026-10-03T17:08:10.015816+07:00,291.62932173400077,65.78630606700062,EXPOSURE,1828.195452461,0.9999817870011611,0.2518054590000247,0.00010555600056250114,DISABLED,on,user_reported,36.573699951171875,55.63936996459961,1007.15234375,104682.0703125,True,True,True,176,0,0,109,178,101,2026-10-03T17:08:10.015898+07:00,291.62941614100055,0.18581362099939724,OK,,True,2026-10-03T17:08:10.201722+07:00,291.8152361880002,0.032954002999758814,OK,,True,1555,0.194375,,2026-10-03T17:08:10.234676+07:00,291.8481930979997,0.03292270700148947,OK,,True,2767,0.345875,
5f6a39ae4ae94318927b52b4009d4387,293,2026-10-03T17:08:11.015802+07:00,292.62930819100075,66.7862925240006,EXPOSURE,1829.195438918,0.9999864569999772,0.2520398460001161,9.201300053973682e-05,DISABLED,on,user_reported,36.57114791870117,55.6453971862793,1007.27125,104746.3203125,True,True,True,176,0,0,109,179,101,2026-10-03T17:08:11.015884+07:00,292.6294018190001,0.18580980700062355,OK,,True,2026-10-03T17:08:11.201702+07:00,292.81521746,0.03324285199960286,OK,,True,1560,0.195,,2026-10-03T17:08:11.234948+07:00,292.8484642929998,0.03287409600125102,OK,,True,2768,0.34600000000000003,
5f6a39ae4ae94318927b52b4009d4387,294,2026-10-03T17:08:12.015802+07:00,293.62930885199967,67.78629318499952,EXPOSURE,1830.195439578999,1.0000006609989214,0.25226879000001645,9.267399946111254e-05,DISABLED,on,user_reported,36.57051086425781,55.638893127441406,1007.242890625,105328.125,True,True,True,176,0,0,109,178,101,2026-10-03T17:08:12.015886+07:00,293.6294039630011,0.18584799199925328,OK,,True,2026-10-03T17:08:12.201747+07:00,293.8152609730005,0.03322563000074297,OK,,True,1558,0.19475,,2026-10-03T17:08:12.234978+07:00,293.8484923619999,0.03307359500104212,OK,,True,2767,0.345875,
5f6a39ae4ae94318927b52b4009d4387,295,2026-10-03T17:08:13.015803+07:00,294.629309164,68.78629349699986,EXPOSURE,1831.1954398909993,1.0000003120003385,0.2536837400002696,9.298599979956634e-05,DISABLED,on,user_reported,36.56412887573242,55.60585021972656,1007.239375,105133.46875,True,True,True,176,0,0,109,178,101,2026-10-03T17:08:13.015885+07:00,294.62940344100025,0.18581699300011678,OK,,True,2026-10-03T17:08:13.201713+07:00,294.8152273230007,0.032998853999743005,OK,,True,1555,0.194375,,2026-10-03T17:08:13.234714+07:00,294.8482304730005,0.03474243100026797,OK,,True,2768,0.34600000000000003,
5f6a39ae4ae94318927b52b4009d4387,296,2026-10-03T17:08:14.015807+07:00,295.6293123480009,69.78629668100075,EXPOSURE,1832.1954430750002,1.0000031840008887,0.2524499179999111,9.617000068828929e-05,DISABLED,on,user_reported,36.57114791870117,55.613311767578125,1007.23703125,105068.75,True,True,True,176,0,0,109,178,101,2026-10-03T17:08:14.015890+07:00,295.62940736600103,0.18580560400005197,OK,,True,2026-10-03T17:08:14.201704+07:00,295.8152187300002,0.03356351500042365,OK,,True,1547,0.193375,,2026-10-03T17:08:14.235273+07:00,295.8487876529998,0.03296522500022547,OK,,True,2765,0.345625,
5f6a39ae4ae94318927b52b4009d4387,297,2026-10-03T17:08:15.015844+07:00,296.62934255300024,70.7863268860001,EXPOSURE,1833.1954732799995,1.000030204999348,0.26202107400058594,0.00012637500003620517,DISABLED,on,user_reported,36.56604766845703,55.567630767822266,1007.263046875,104875.0546875,True,True,True,176,0,0,109,178,101,2026-10-03T17:08:15.015990+07:00,296.62950681000075,0.1907598939997115,OK,,True,2026-10-03T17:08:15.206767+07:00,296.8202787600003,0.03500333600095473,OK,,True,1574,0.19675,,2026-10-03T17:08:15.241780+07:00,296.8552928549998,0.03604686400103674,OK,,True,2780,0.34750000000000003,
5f6a39ae4ae94318927b52b4009d4387,298,2026-10-03T17:08:16.015807+07:00,297.6293129630012,71.78629729600107,EXPOSURE,1834.1954436900005,0.9999704100009694,0.2517860179996205,9.678500100562815e-05,DISABLED,on,user_reported,36.569236755371094,55.56168746948242,1007.281796875,105004.1015625,True,True,True,176,0,0,109,178,101,2026-10-03T17:08:16.015890+07:00,297.6294074990001,0.18579960500028392,OK,,True,2026-10-03T17:08:16.201698+07:00,297.8152131780007,0.03295844700005546,OK,,True,1556,0.1945,,2026-10-03T17:08:16.234659+07:00,297.84817495900097,0.03291505899869662,OK,,True,2764,0.34550000000000003,
5f6a39ae4ae94318927b52b4009d4387,299,2026-10-03T17:08:17.015793+07:00,298.62929935600005,72.7862836889999,EXPOSURE,1835.1954300829993,0.9999863929988351,0.2522906989997864,8.317799984070007e-05,DISABLED,on,user_reported,36.56795883178711,55.56791687011719,1007.204609375,105133.46875,True,True,True,176,0,0,109,178,101,2026-10-03T17:08:17.015876+07:00,298.6293942070006,0.1858145499991224,OK,,True,2026-10-03T17:08:17.201702+07:00,298.81521685000007,0.033447313000579015,OK,,True,1552,0.194,,2026-10-03T17:08:17.235156+07:00,298.8486700330013,0.03290944799846329,OK,,True,2770,0.34625,
5f6a39ae4ae94318927b52b4009d4387,300,2026-10-03T17:08:18.015792+07:00,299.6292993260013,73.78628365900113,EXPOSURE,1836.1954300530006,0.9999999700012268,0.2525853079987428,8.314800106745679e-05,DISABLED,on,user_reported,36.56604766845703,55.55480194091797,1007.187734375,104875.0546875,True,True,True,176,0,0,109,178,101,2026-10-03T17:08:18.015876+07:00,299.6293942320008,0.18593462299941166,OK,,True,2026-10-03T17:08:18.201825+07:00,299.8153388740011,0.03358536799896683,OK,,True,1554,0.19425,,2026-10-03T17:08:18.235415+07:00,299.84892918600053,0.03294528100013849,OK,,True,2766,0.34575,
5f6a39ae4ae94318927b52b4009d4387,301,2026-10-03T17:08:19.015813+07:00,300.62931881500117,74.78630314800102,EXPOSURE,1837.1954495420005,1.0000194889998966,0.25179550099892367,0.00010263700096402317,DISABLED,on,user_reported,36.56604766845703,55.561214447021484,1007.20828125,104810.6484375,True,True,True,176,0,0,109,179,101,2026-10-03T17:08:19.015899+07:00,300.6294172960006,0.1858055129996501,OK,,True,2026-10-03T17:08:19.201715+07:00,300.81523012400066,0.03302811399953498,OK,,True,1556,0.1945,,2026-10-03T17:08:19.234745+07:00,300.848261127001,0.03284428099868819,OK,,True,2769,0.346125,
5f6a39ae4ae94318927b52b4009d4387,302,2026-10-03T17:08:20.015800+07:00,301.62930664000123,75.78629097300109,EXPOSURE,1838.1954373670005,0.999987825000062,0.25179022399970563,9.046200102602597e-05,DISABLED,on,user_reported,36.565406799316406,55.567535400390625,1007.207265625,105393.1640625,True,True,True,176,0,0,109,178,101,2026-10-03T17:08:20.015882+07:00,301.62940038000124,0.1858136619994184,OK,,True,2026-10-03T17:08:20.201708+07:00,301.81522248700094,0.03299600199898123,OK,,True,1561,0.195125,,2026-10-03T17:08:20.234707+07:00,301.8482225629996,0.03286463400036155,OK,,True,2770,0.34625,
5f6a39ae4ae94318927b52b4009d4387,303,2026-10-03T17:08:21.015840+07:00,302.6293443000013,76.78632863300118,EXPOSURE,1839.1954750270006,1.000037660000089,0.25176903899955505,0.0001281220011151163,DISABLED,on,user_reported,36.56093978881836,55.55402755737305,1007.152109375,105133.46875,True,True,True,176,0,0,109,179,101,2026-10-03T17:08:21.015927+07:00,302.6294447620003,0.18582386600064638,OK,,True,2026-10-03T17:08:21.201763+07:00,302.8152769059998,0.03299089200118033,OK,,True,1552,0.194,,2026-10-03T17:08:21.234755+07:00,302.84827183500056,0.03283167100016726,OK,,True,2764,0.34550000000000003,
5f6a39ae4ae94318927b52b4009d4387,304,2026-10-03T17:08:22.015800+07:00,303.62930625900117,77.78629059200102,EXPOSURE,1840.1954369860005,0.9999619589998474,0.2520764249984495,9.008100096252747e-05,DISABLED,on,user_reported,36.56476593017578,55.54818344116211,1007.165234375,105588.78125,True,True,True,176,0,0,109,178,101,2026-10-03T17:08:22.015885+07:00,303.6294028510001,0.18587242099965806,OK,,True,2026-10-03T17:08:22.201771+07:00,303.8152850130009,0.03318475999913062,OK,,True,1563,0.195375,,2026-10-03T17:08:22.234961+07:00,303.8484755879999,0.03289765200133843,OK,,True,2769,0.346125,
5f6a39ae4ae94318927b52b4009d4387,305,2026-10-03T17:08:23.015798+07:00,304.62930521900125,78.78628955200111,EXPOSURE,1841.1954359460005,0.9999989600000845,0.25186970499999006,8.904100104700774e-05,DISABLED,on,user_reported,36.56412887573242,55.54810333251953,1007.1778125,105263.15625,True,True,True,176,0,0,109,178,101,2026-10-03T17:08:23.015881+07:00,304.6293989780006,0.185926809999728,OK,,True,2026-10-03T17:08:23.201825+07:00,304.8153376580012,0.03277948599861702,OK,,True,1550,0.19375,,2026-10-03T17:08:23.234608+07:00,304.8481227550001,0.0330406140001287,OK,,True,2764,0.34550000000000003,
5f6a39ae4ae94318927b52b4009d4387,306,2026-10-03T17:08:24.015803+07:00,305.629310237,79.78629456999988,EXPOSURE,1842.1954409639993,1.0000050179987738,0.2520779999995284,9.40589998208452e-05,DISABLED,on,user_reported,36.562217712402344,55.5285530090332,1007.1746875,105458.2890625,True,True,True,176,0,0,109,178,101,2026-10-03T17:08:24.015886+07:00,305.62940416200036,0.18580512600055954,OK,,True,2026-10-03T17:08:24.201701+07:00,305.81521638100094,0.033299556000201846,OK,,True,1553,0.194125,,2026-10-03T17:08:24.235003+07:00,305.84851969600095,0.032859651999388007,OK,,True,2765,0.345625,
5f6a39ae4ae94318927b52b4009d4387,307,2026-10-03T17:08:25.015798+07:00,306.6293053669997,80.78628969999954,EXPOSURE,1843.195436093999,0.999995129999661,0.251831707000747,8.918899948184844e-05,DISABLED,on,user_reported,36.56412887573242,55.516029357910156,1007.13671875,105523.4921875,True,True,True,176,0,0,109,178,101,2026-10-03T17:08:25.015883+07:00,306.6294006070002,0.18582716399942,OK,,True,2026-10-03T17:08:25.201721+07:00,306.8152359930009,0.033027113999196445,OK,,True,1565,0.195625,,2026-10-03T17:08:25.234750+07:00,306.8482669590012,0.03286065199972654,OK,,True,2764,0.34550000000000003,
5f6a39ae4ae94318927b52b4009d4387,308,2026-10-03T17:08:26.015861+07:00,307.62935629500134,81.7863406280012,EXPOSURE,1844.1954870220006,1.0000509280016558,0.26362952899944503,0.0001401170011376962,DISABLED,on,user_reported,36.55902862548828,55.496009826660156,1007.155859375,105523.4921875,True,True,True,176,0,0,109,178,101,2026-10-03T17:08:26.016018+07:00,307.62953488600033,0.19087873100033903,OK,,True,2026-10-03T17:08:26.206917+07:00,307.8204282650004,0.03722561299946392,OK,,True,1560,0.195,,2026-10-03T17:08:26.244149+07:00,307.8576623230001,0.03529833399989002,OK,,True,2779,0.347375,
5f6a39ae4ae94318927b52b4009d4387,309,2026-10-03T17:08:27.015857+07:00,308.6293606700001,82.78634500299995,EXPOSURE,1845.1954913969994,1.0000043749987526,0.25415872400117223,0.00014449199989030603,DISABLED,on,user_reported,36.558387756347656,55.476680755615234,1007.236796875,105133.46875,True,True,True,176,0,0,109,178,101,2026-10-03T17:08:27.015959+07:00,308.62947672500013,0.18614184699981706,OK,,True,2026-10-03T17:08:27.202114+07:00,308.8156277199996,0.03476724600113812,OK,,True,1565,0.195625,,2026-10-03T17:08:27.236885+07:00,308.8504003550006,0.033106928000051994,OK,,True,2767,0.345875,
5f6a39ae4ae94318927b52b4009d4387,310,2026-10-03T17:08:28.015806+07:00,309.6293121030012,83.78629643600107,EXPOSURE,1846.1954428300005,0.9999514330011152,0.2543226309990132,9.59250010055257e-05,DISABLED,on,user_reported,36.55583953857422,55.45705795288086,1007.260078125,105328.125,True,True,True,176,0,0,109,178,101,2026-10-03T17:08:28.015889+07:00,309.62940728800095,0.18606723599987163,OK,,True,2026-10-03T17:08:28.201970+07:00,309.81548415399993,0.03322248200129252,OK,,True,1558,0.19475,,2026-10-03T17:08:28.235199+07:00,309.8487130810008,0.03490892999980133,OK,,True,2751,0.343875,
5f6a39ae4ae94318927b52b4009d4387,311,2026-10-03T17:08:29.015804+07:00,310.62931074100015,84.78629507400001,EXPOSURE,1847.1954414679994,0.9999986379989423,0.25220598300074926,9.456299994781148e-05,DISABLED,on,user_reported,36.55583953857422,55.43782043457031,1007.205390625,104298.2265625,True,True,True,176,0,0,109,179,101,2026-10-03T17:08:29.015889+07:00,310.62940723999964,0.18582816500020272,OK,,True,2026-10-03T17:08:29.201730+07:00,310.81524336800067,0.033444702999986475,OK,,True,1566,0.19575,,2026-10-03T17:08:29.235182+07:00,310.84869492300095,0.03280398599963519,OK,,True,2750,0.34375,
5f6a39ae4ae94318927b52b4009d4387,312,2026-10-03T17:08:30.015836+07:00,311.62934088099973,85.78632521399959,EXPOSURE,1848.195471607999,1.0000301399995806,0.25180793100116716,0.00012470299952838104,DISABLED,on,user_reported,36.55902862548828,55.41905975341797,1007.196875,105393.1640625,True,True,True,176,0,0,109,178,101,2026-10-03T17:08:30.015924+07:00,311.62944069399964,0.18581618400094158,OK,,True,2026-10-03T17:08:30.201751+07:00,311.81526487799965,0.03301428100166959,OK,,True,1555,0.194375,,2026-10-03T17:08:30.234766+07:00,311.8482826220006,0.032856579000508646,OK,,True,2759,0.344875,
5f6a39ae4ae94318927b52b4009d4387,313,2026-10-03T17:08:31.015794+07:00,312.62930074500036,86.78628507800022,EXPOSURE,1849.1954314719997,0.9999598640006298,0.252567868999904,8.456700015813112e-05,DISABLED,on,user_reported,36.558387756347656,55.39973449707031,1007.236796875,105068.75,True,True,True,176,0,0,109,178,101,2026-10-03T17:08:31.015879+07:00,312.62939724399985,0.18582001700087858,OK,,True,2026-10-03T17:08:31.201712+07:00,312.8152261690011,0.03364483099903737,OK,,True,1559,0.194875,,2026-10-03T17:08:31.235362+07:00,312.84887666600116,0.03298194799936027,OK,,True,2762,0.34525,
5f6a39ae4ae94318927b52b4009d4387,314,2026-10-03T17:08:32.023070+07:00,313.6365685460005,87.79355287900034,EXPOSURE,1850.2026992729998,1.0072678010001255,0.2539015799993649,0.0073523680002836045,DISABLED,on,user_reported,36.55647659301758,55.40584945678711,1007.15859375,105068.75,True,True,True,176,0,0,109,178,101,2026-10-03T17:08:32.023234+07:00,313.6367502659996,0.1876710020005703,OK,,True,2026-10-03T17:08:32.210917+07:00,313.82443067500026,0.033082910000302945,OK,,True,1558,0.19475,,2026-10-03T17:08:32.244004+07:00,313.8575183440007,0.032940912000412936,OK,,True,2766,0.34575,
5f6a39ae4ae94318927b52b4009d4387,315,2026-10-03T17:08:33.015804+07:00,314.62931007000043,88.78629440300028,EXPOSURE,1851.1954407969997,0.9927415239999391,0.2524281130008603,9.389200022269506e-05,DISABLED,on,user_reported,36.56093978881836,55.41293716430664,1007.213671875,105198.2734375,True,True,True,176,0,0,109,178,101,2026-10-03T17:08:33.015887+07:00,314.6294044770002,0.1861231080001744,OK,,True,2026-10-03T17:08:33.202034+07:00,314.815544862,0.03336061200025142,OK,,True,1549,0.193625,,2026-10-03T17:08:33.235399+07:00,314.8489123260006,0.032810097000037786,OK,,True,2754,0.34425,
5f6a39ae4ae94318927b52b4009d4387,316,2026-10-03T17:08:34.015796+07:00,315.6293024580009,89.78628679100075,EXPOSURE,1852.1954331850002,0.9999923880004644,0.25179761799881817,8.628000068711117e-05,DISABLED,on,user_reported,36.55902862548828,55.39982604980469,1007.183203125,104875.0546875,True,True,True,176,0,0,109,178,101,2026-10-03T17:08:34.015879+07:00,315.62939736500084,0.1858153510002012,OK,,True,2026-10-03T17:08:34.201707+07:00,315.8152212349996,0.0329780780011788,OK,,True,1567,0.195875,,2026-10-03T17:08:34.234685+07:00,315.84820240500085,0.032888522999201086,OK,,True,2768,0.34600000000000003,
5f6a39ae4ae94318927b52b4009d4387,317,2026-10-03T17:08:35.015830+07:00,316.6293344950009,90.78631882800073,EXPOSURE,1853.1954652220002,1.0000320369999827,0.25182348899943463,0.00011831700066977646,DISABLED,on,user_reported,36.55583953857422,55.42499923706055,1007.164375,104875.0546875,True,True,True,176,0,0,109,179,101,2026-10-03T17:08:35.015915+07:00,316.629432957001,0.18582181599958858,OK,,True,2026-10-03T17:08:35.201749+07:00,316.8152633280006,0.03299741099908715,OK,,True,1559,0.194875,,2026-10-03T17:08:35.234747+07:00,316.8482642020008,0.03288422699915827,OK,,True,2760,0.34500000000000003,
5f6a39ae4ae94318927b52b4009d4387,318,2026-10-03T17:08:36.015835+07:00,317.6293399240003,91.78632425700016,EXPOSURE,1854.1954706509996,1.0000054289994296,0.2518083230006596,0.0001237460000993451,DISABLED,on,user_reported,36.56093978881836,55.45781707763672,1007.158984375,105263.15625,True,True,True,176,0,0,109,178,101,2026-10-03T17:08:36.015927+07:00,317.6294444230007,0.185823055999208,OK,,True,2026-10-03T17:08:36.201762+07:00,317.81527660900065,0.03298981799889589,OK,,True,1561,0.195125,,2026-10-03T17:08:36.234752+07:00,317.84826953800075,0.03286757900059456,OK,,True,2770,0.34625,
5f6a39ae4ae94318927b52b4009d4387,319,2026-10-03T17:08:37.015833+07:00,318.62933768699986,92.78632201999972,EXPOSURE,1855.1954684139992,0.9999977629995556,0.26164175499980047,0.0001215089996549068,DISABLED,on,user_reported,36.56604766845703,55.452178955078125,1007.1809375,105588.78125,True,True,True,176,0,0,109,178,101,2026-10-03T17:08:37.015919+07:00,318.6294368529998,0.1906286250014091,OK,,True,2026-10-03T17:08:37.206571+07:00,318.8200815520013,0.03629210399958538,OK,,True,1549,0.193625,,2026-10-03T17:08:37.242873+07:00,318.8563847300011,0.03457495299880975,OK,,True,2774,0.34675,
5f6a39ae4ae94318927b52b4009d4387,320,2026-10-03T17:08:38.015895+07:00,319.6293914710004,93.78637580400027,EXPOSURE,1856.1955221979997,1.0000537840005563,0.253941675000533,0.00017529300021124072,DISABLED,on,user_reported,36.56476593017578,55.471214294433594,1007.17203125,105393.1640625,True,True,True,176,0,0,109,178,101,2026-10-03T17:08:38.016041+07:00,319.62955802500073,0.1867840109989629,OK,,True,2026-10-03T17:08:38.202837+07:00,319.8163502210009,0.032880912000109674,OK,,True,1545,0.193125,,2026-10-03T17:08:38.235726+07:00,319.84923922599955,0.034078346001479076,OK,,True,2750,0.34375,
5f6a39ae4ae94318927b52b4009d4387,321,2026-10-03T17:08:39.015802+07:00,320.62930808999954,94.7862924229994,EXPOSURE,1857.1954388169988,0.9999166189991229,0.25177328800054966,9.191199933411554e-05,DISABLED,on,user_reported,36.55328369140625,55.46308135986328,1007.146484375,105133.46875,True,True,True,176,0,0,109,179,101,2026-10-03T17:08:39.015884+07:00,320.6294017750006,0.1858250749992294,OK,,True,2026-10-03T17:08:39.201721+07:00,320.81523522099997,0.032966356000542874,OK,,True,1553,0.194125,,2026-10-03T17:08:39.234687+07:00,320.84820442900127,0.03286752299936779,OK,,True,2769,0.346125,
5f6a39ae4ae94318927b52b4009d4387,322,2026-10-03T17:08:40.015818+07:00,321.62932471100066,95.78630904400052,EXPOSURE,1858.195455438,1.000016621001123,0.2517693440004223,0.00010853300045710057,DISABLED,on,user_reported,36.55328369140625,55.46308135986328,1007.16015625,105328.125,True,True,True,176,0,0,109,179,101,2026-10-03T17:08:40.015897+07:00,321.6294154139996,0.18582196500028658,OK,,True,2026-10-03T17:08:40.201732+07:00,321.8152458229997,0.032963690000542556,OK,,True,1559,0.194875,,2026-10-03T17:08:40.234695+07:00,321.8482129390013,0.0328707079988817,OK,,True,2769,0.346125,
5f6a39ae4ae94318927b52b4009d4387,323,2026-10-03T17:08:41.016290+07:00,322.6297932920006,96.78677762500047,EXPOSURE,1859.195924019,1.00046858099995,0.25212108199957584,0.000577114000407164,DISABLED,on,user_reported,36.55328369140625,55.443843841552734,1007.16015625,104810.6484375,True,True,True,176,0,0,109,179,101,2026-10-03T17:08:41.016388+07:00,322.6299052539998,0.18612775900146517,OK,,True,2026-10-03T17:08:41.202528+07:00,322.81604145799975,0.03298046700001578,OK,,True,1558,0.19475,,2026-10-03T17:08:41.235509+07:00,322.84902561000126,0.032879671998671256,OK,,True,2763,0.345375,
5f6a39ae4ae94318927b52b4009d4387,324,2026-10-03T17:08:42.015963+07:00,323.62946867900064,97.78645301200049,EXPOSURE,1860.195599406,0.9996753870000248,0.25218748899897037,0.00025250100043194834,DISABLED,on,user_reported,36.558387756347656,55.45743942260742,1007.2915625,105393.1640625,True,True,True,176,0,0,109,179,101,2026-10-03T17:08:42.016051+07:00,323.6295682890013,0.18588861299940618,OK,,True,2026-10-03T17:08:42.201953+07:00,323.81546634700135,0.03311296599895286,OK,,True,1561,0.195125,,2026-10-03T17:08:42.235070+07:00,323.848584405001,0.033060189000025275,OK,,True,2767,0.345875,
5f6a39ae4ae94318927b52b4009d4387,325,2026-10-03T17:08:43.016277+07:00,324.62977845000023,98.78676278300009,EXPOSURE,1861.1959091769995,1.0003097709995927,0.26556139000058465,0.0005622720000246773,DISABLED,on,user_reported,36.555198669433594,55.45695877075195,1007.25234375,105133.46875,True,True,True,176,0,0,109,179,101,2026-10-03T17:08:43.016381+07:00,324.62989818999995,0.19014378000065335,OK,,True,2026-10-03T17:08:43.206545+07:00,324.8200564880008,0.039445299000362866,OK,,True,1565,0.195625,,2026-10-03T17:08:43.246006+07:00,324.85951569400095,0.035796793999907095,OK,,True,2766,0.34575,
5f6a39ae4ae94318927b52b4009d4387,326,2026-10-03T17:08:44.019606+07:00,325.63310045599974,99.7900847889996,EXPOSURE,1862.199231182999,1.0033220059995074,0.25809908600058407,0.0038842779995320598,DISABLED,on,user_reported,36.5577507019043,55.457340240478516,1007.242734375,105068.75,True,True,True,176,0,0,109,178,101,2026-10-03T17:08:44.019777+07:00,325.6332927140011,0.18987272699996538,OK,,True,2026-10-03T17:08:44.209668+07:00,325.8231799410005,0.03380423700036772,OK,,True,1558,0.19475,,2026-10-03T17:08:44.243475+07:00,325.8569901970004,0.03419127099914476,OK,,True,2776,0.34700000000000003,
5f6a39ae4ae94318927b52b4009d4387,327,2026-10-03T17:08:45.015846+07:00,326.6293438970006,100.78632823000044,EXPOSURE,1863.1954746239999,0.9962434410008427,0.2608605620007438,0.0001277190003747819,DISABLED,on,user_reported,36.56157684326172,55.47074508666992,1007.221484375,105198.2734375,True,True,True,176,0,0,109,178,101,2026-10-03T17:08:45.016002+07:00,326.6295188029999,0.19014870600040013,OK,,True,2026-10-03T17:08:45.206169+07:00,326.8196807130007,0.03540170499945816,OK,,True,1558,0.19475,,2026-10-03T17:08:45.241581+07:00,326.85509251000076,0.03509515299992927,OK,,True,2772,0.34650000000000003,
5f6a39ae4ae94318927b52b4009d4387,328,2026-10-03T17:08:46.015845+07:00,327.62934117700024,101.7863255100001,EXPOSURE,1864.1954719039995,0.9999972799996613,0.25864089599963336,0.00012499900003604125,DISABLED,on,user_reported,36.55647659301758,55.47637939453125,1007.233828125,105068.75,True,True,True,176,0,0,109,179,101,2026-10-03T17:08:46.016003+07:00,327.62951921199965,0.18867022000085854,OK,,True,2026-10-03T17:08:46.204688+07:00,327.8182009690008,0.03493111599891563,OK,,True,1554,0.19425,,2026-10-03T17:08:46.239625+07:00,327.85313871499966,0.03482548800093355,OK,,True,2771,0.346375,
5f6a39ae4ae94318927b52b4009d4387,329,2026-10-03T17:08:47.015867+07:00,328.629363162001,102.78634749500088,EXPOSURE,1865.1954938890003,1.0000219850007852,0.2607534519993351,0.00014698400082124863,DISABLED,on,user_reported,36.558387756347656,55.47026443481445,1007.209453125,105719.59375,True,True,True,176,0,0,109,178,101,2026-10-03T17:08:47.016027+07:00,328.6295434189997,0.19018715099991823,OK,,True,2026-10-03T17:08:47.206235+07:00,328.81974547699974,0.03529870700003812,OK,,True,1559,0.194875,,2026-10-03T17:08:47.241541+07:00,328.8550534240003,0.035046078999585006,OK,,True,2770,0.34625,
5f6a39ae4ae94318927b52b4009d4387,330,2026-10-03T17:08:48.015894+07:00,329.6293902409998,103.78637457399964,EXPOSURE,1866.195520967999,1.0000270789987553,0.253703588999997,0.00017406299957656302,DISABLED,on,user_reported,36.55711364746094,55.463661193847656,1007.207421875,105068.75,True,True,True,176,0,0,109,179,101,2026-10-03T17:08:48.016048+07:00,329.62956409100116,0.18680697699892335,OK,,True,2026-10-03T17:08:48.202867+07:00,329.8163809939997,0.033081689000027836,OK,,True,1552,0.194,,2026-10-03T17:08:48.235952+07:00,329.84946718300125,0.03361536899865314,OK,,True,2764,0.34550000000000003,
5f6a39ae4ae94318927b52b4009d4387,331,2026-10-03T17:08:49.015789+07:00,330.62929691499994,104.7862812479998,EXPOSURE,1867.1954276419992,0.9999066740001581,0.25232434300050954,8.073699973465409e-05,DISABLED,on,user_reported,36.55392074584961,55.45035171508789,1007.2159375,105850.734375,True,True,True,176,0,0,109,178,101,2026-10-03T17:08:49.015869+07:00,330.6293866369997,0.18585761600115802,OK,,True,2026-10-03T17:08:49.201740+07:00,330.81525336400045,0.033482778000688995,OK,,True,1566,0.19575,,2026-10-03T17:08:49.235227+07:00,330.8487413639996,0.03286969100008719,OK,,True,2765,0.345625,
5f6a39ae4ae94318927b52b4009d4387,332,2026-10-03T17:08:50.015825+07:00,331.6293299050012,105.78631423800107,EXPOSURE,1868.1954606320005,1.000032990001273,0.25229456599845435,0.00011372700100764632,DISABLED,on,user_reported,36.55264663696289,55.443748474121094,1007.220703125,105133.46875,True,True,True,176,0,0,109,178,101,2026-10-03T17:08:50.015911+07:00,331.629429386001,0.18582511599925056,OK,,True,2026-10-03T17:08:50.201750+07:00,331.81526416900124,0.03347848199882719,OK,,True,1563,0.195375,,2026-10-03T17:08:50.235234+07:00,331.8487482620003,0.03286698699957924,OK,,True,2763,0.345375,
5f6a39ae4ae94318927b52b4009d4387,333,2026-10-03T17:08:51.015794+07:00,332.62930023100125,106.78628456400111,EXPOSURE,1869.1954309580005,0.9999703260000388,0.2522027149989299,8.405300104641356e-05,DISABLED,on,user_reported,36.551368713378906,55.4114990234375,1007.211796875,105198.2734375,True,True,True,176,0,0,109,178,101,2026-10-03T17:08:51.015878+07:00,332.6293952670003,0.185833432000436,OK,,True,2026-10-03T17:08:51.201724+07:00,332.8152375690006,0.03298104200075613,OK,,True,1564,0.1955,,2026-10-03T17:08:51.234706+07:00,332.8482222220009,0.03326998400007142,OK,,True,2767,0.345875,
5f6a39ae4ae94318927b52b4009d4387,334,2026-10-03T17:08:52.015802+07:00,333.62930855800005,107.7862928909999,EXPOSURE,1870.1954392849993,1.0000083269987954,0.25210836500082223,9.237999984179623e-05,DISABLED,on,user_reported,36.546905517578125,55.41724395751953,1007.163515625,105654.1484375,True,True,True,176,0,0,109,178,101,2026-10-03T17:08:52.015886+07:00,333.62940400200023,0.18583737600056338,OK,,True,2026-10-03T17:08:52.201736+07:00,333.81524995200016,0.0331834290009283,OK,,True,1554,0.19425,,2026-10-03T17:08:52.234925+07:00,333.84843923300105,0.03296678299921041,OK,,True,2767,0.345875,
5f6a39ae4ae94318927b52b4009d4387,335,2026-10-03T17:08:53.015802+07:00,334.6293082020002,108.78629253500003,EXPOSURE,1871.1954389289995,0.9999996440001269,0.26016603500102065,9.202399996866006e-05,DISABLED,on,user_reported,36.55328369140625,55.41178512573242,1007.139609375,105654.1484375,True,True,True,176,0,0,109,178,101,2026-10-03T17:08:53.015884+07:00,334.629401831,0.18975624900122057,OK,,True,2026-10-03T17:08:53.205666+07:00,334.8191764130006,0.034691804999965825,OK,,True,1549,0.193625,,2026-10-03T17:08:53.240369+07:00,334.85388038400015,0.03556664899952011,OK,,True,2760,0.34500000000000003,
5f6a39ae4ae94318927b52b4009d4387,336,2026-10-03T17:08:54.015855+07:00,335.62935908799955,109.7863434209994,EXPOSURE,1872.1954898149988,1.0000508859993715,0.2530175240008248,0.00014290999934019055,DISABLED,on,user_reported,36.56157684326172,55.40662384033203,1007.14625,105719.59375,True,True,True,176,0,0,109,178,101,2026-10-03T17:08:54.015940+07:00,335.62945747600133,0.1866707029985264,OK,,True,2026-10-03T17:08:54.202625+07:00,335.8161382899998,0.03311855900028604,OK,,True,1554,0.19425,,2026-10-03T17:08:54.235747+07:00,335.849262275,0.033102282000982086,OK,,True,2763,0.345375,
5f6a39ae4ae94318927b52b4009d4387,337,2026-10-03T17:08:55.015802+07:00,336.62930853200123,110.78629286500109,EXPOSURE,1873.1954392590005,0.9999494440016861,0.253693166998346,9.235400102625135e-05,DISABLED,on,user_reported,36.55711364746094,55.41877746582031,1007.152734375,104746.3203125,True,True,True,176,0,0,109,178,101,2026-10-03T17:08:55.015876+07:00,336.6293943460005,0.1867220730000554,OK,,True,2026-10-03T17:08:55.202614+07:00,336.816126826001,0.03392671899928246,OK,,True,1550,0.19375,,2026-10-03T17:08:55.236545+07:00,336.85005906399965,0.03293076400041173,OK,,True,2766,0.34575,
5f6a39ae4ae94318927b52b4009d4387,338,2026-10-03T17:08:56.015801+07:00,337.6293068850009,111.78629121800077,EXPOSURE,1874.1954376120002,0.9999983529996825,0.25330581799971696,9.070700070878956e-05,DISABLED,on,user_reported,36.55711364746094,55.41877746582031,1007.15953125,105068.75,True,True,True,176,0,0,109,179,101,2026-10-03T17:08:56.015881+07:00,337.62939868000103,0.1861476899994159,OK,,True,2026-10-03T17:08:56.202043+07:00,337.8155562210013,0.033849293999082875,OK,,True,1546,0.19325,,2026-10-03T17:08:56.235897+07:00,337.84941112600063,0.03318980000040028,OK,,True,2769,0.346125,
5f6a39ae4ae94318927b52b4009d4387,339,2026-10-03T17:08:57.015794+07:00,338.62930114700066,112.78628548000052,EXPOSURE,1875.195431874,0.9999942619997455,0.2531645050003135,8.496900045429356e-05,DISABLED,on,user_reported,36.55009460449219,55.436954498291016,1007.29875,105068.75,True,True,True,176,0,0,109,179,101,2026-10-03T17:08:57.015879+07:00,338.6293967010006,0.18581608199929178,OK,,True,2026-10-03T17:08:57.201707+07:00,338.8152208570009,0.034288696999283275,OK,,True,1564,0.1955,,2026-10-03T17:08:57.236001+07:00,338.84951559100045,0.03294069100047636,OK,,True,2766,0.34575,
5f6a39ae4ae94318927b52b4009d4387,340,2026-10-03T17:08:58.015792+07:00,339.62929857699964,113.7862829099995,EXPOSURE,1876.195429303999,0.9999974299989844,0.2539113330003602,8.239899943873752e-05,DISABLED,on,user_reported,36.54499053955078,55.442604064941406,1007.276796875,104875.0546875,True,True,True,176,0,0,109,179,101,2026-10-03T17:08:58.015869+07:00,339.6293871500002,0.18591502600065724,OK,,True,2026-10-03T17:08:58.201800+07:00,339.8153133240012,0.0345948979993409,OK,,True,1548,0.1935,,2026-10-03T17:08:58.236400+07:00,339.84991394400095,0.033284391998677165,OK,,True,2768,0.34600000000000003,
5f6a39ae4ae94318927b52b4009d4387,341,2026-10-03T17:08:59.015800+07:00,340.62930715699986,114.78629148999971,EXPOSURE,1877.1954378839991,1.0000085800002125,0.2538122040004964,9.097899965126999e-05,DISABLED,on,user_reported,36.54499053955078,55.45542526245117,1007.242578125,104746.3203125,True,True,True,176,0,0,109,179,101,2026-10-03T17:08:59.015879+07:00,340.6293966560006,0.18698599799972726,OK,,True,2026-10-03T17:08:59.202877+07:00,340.81639013600034,0.033125226000265684,OK,,True,1543,0.192875,,2026-10-03T17:08:59.236010+07:00,340.8495230280005,0.03358438900067995,OK,,True,2762,0.34525,
5f6a39ae4ae94318927b52b4009d4387,342,2026-10-03T17:09:00.015803+07:00,341.6293091460011,115.78629347900096,EXPOSURE,1878.1954398730004,1.0000019890012481,0.251672686999882,9.296800089941826e-05,DISABLED,on,user_reported,36.54945755004883,55.46892547607422,1007.2496875,105263.15625,True,True,True,176,0,0,109,179,101,2026-10-03T17:09:00.015885+07:00,341.6294024600011,0.1858272119989124,OK,,True,2026-10-03T17:09:00.201724+07:00,341.8152375610007,0.032969505999062676,OK,,True,1563,0.195375,,2026-10-03T17:09:00.234693+07:00,341.8482101219997,0.03275730400127941,OK,,True,2760,0.34500000000000003,
5f6a39ae4ae94318927b52b4009d4387,343,2026-10-03T17:09:01.015806+07:00,342.6293125259999,116.78629685899978,EXPOSURE,1879.1954432529992,1.000003379998816,0.25163613200129475,9.634799971536268e-05,DISABLED,on,user_reported,36.54945755004883,55.46892547607422,1007.2496875,105198.2734375,True,True,True,176,0,0,109,178,101,2026-10-03T17:09:01.015887+07:00,342.6294049879998,0.18583884200052125,OK,,True,2026-10-03T17:09:01.201740+07:00,342.81525318199965,0.03301396800088696,OK,,True,1552,0.194,,2026-10-03T17:09:01.234756+07:00,342.8482716870003,0.03266373000042222,OK,,True,2753,0.344125,
5f6a39ae4ae94318927b52b4009d4387,344,2026-10-03T17:09:02.015802+07:00,343.6293094820012,117.78629381500105,EXPOSURE,1880.1954402090005,0.9999969560012687,0.2528800839991163,9.330400098406244e-05,DISABLED,on,user_reported,36.55073165893555,55.47551727294922,1007.197109375,105719.59375,True,True,True,176,0,0,109,178,101,2026-10-03T17:09:02.015877+07:00,343.6293947030008,0.18584632400052215,OK,,True,2026-10-03T17:09:02.201737+07:00,343.8152507490013,0.03351450099944486,OK,,True,1560,0.195,,2026-10-03T17:09:02.235257+07:00,343.84877087899986,0.03340485400076432,OK,,True,2763,0.345375,
5f6a39ae4ae94318927b52b4009d4387,345,2026-10-03T17:09:03.015805+07:00,344.629311476001,118.78629580900088,EXPOSURE,1881.1954422030003,1.000001993999831,0.2589428279989079,9.529800081509165e-05,DISABLED,on,user_reported,36.547542572021484,55.49428176879883,1007.23984375,105004.1015625,True,True,True,176,0,0,109,178,101,2026-10-03T17:09:03.015889+07:00,344.6294072720011,0.18840591200023482,OK,,True,2026-10-03T17:09:03.204307+07:00,344.81782103600017,0.03573268500076665,OK,,True,1542,0.19275,,2026-10-03T17:09:03.240051+07:00,344.8535625730001,0.03467619399998512,OK,,True,2737,0.342125,
5f6a39ae4ae94318927b52b4009d4387,346,2026-10-03T17:09:04.015799+07:00,345.6293042870002,119.78628862000005,EXPOSURE,1882.1954350139995,0.9999928109991743,0.25346550600079354,8.810899998934474e-05,DISABLED,on,user_reported,36.546905517578125,55.481361389160156,1007.163515625,105588.78125,True,True,True,176,0,0,109,178,101,2026-10-03T17:09:04.015880+07:00,345.6293976750003,0.18581097300011606,OK,,True,2026-10-03T17:09:04.201703+07:00,345.81521724100094,0.03473456400024588,OK,,True,1556,0.1945,,2026-10-03T17:09:04.236443+07:00,345.8499571749999,0.03280017399993085,OK,,True,2760,0.34500000000000003,
5f6a39ae4ae94318927b52b4009d4387,347,2026-10-03T17:09:05.015797+07:00,346.629302026,0.7862863589998597,WAIT_RECOVERY,1883.1954327529993,0.9999977389998094,0.25518765800006804,8.584799979871605e-05,DISABLED,on,user_reported,36.546268463134766,55.48126220703125,1007.155703125,105068.75,True,True,True,176,0,0,109,179,101,2026-10-03T17:09:05.015879+07:00,346.62939715500033,0.18584491699948558,OK,,True,2026-10-03T17:09:05.201737+07:00,346.81525135000084,0.03496176599946921,OK,,True,1541,0.192625,,2026-10-03T17:09:05.236710+07:00,346.85022144899995,0.034256568000273546,OK,,True,2741,0.342625,
5f6a39ae4ae94318927b52b4009d4387,348,2026-10-03T17:09:06.015840+07:00,347.62934367300113,1.7863280060009856,WAIT_RECOVERY,1884.1954744000004,1.000041647001126,0.2530290849990706,0.00012749500092468224,DISABLED,on,user_reported,36.544349670410156,55.47455978393555,1007.173046875,105393.1640625,True,True,True,176,0,0,109,179,101,2026-10-03T17:09:06.015928+07:00,347.62944572800006,0.18583437999950547,OK,,True,2026-10-03T17:09:06.201774+07:00,347.8152879600002,0.032973413000945584,OK,,True,1559,0.194875,,2026-10-03T17:09:06.234747+07:00,347.8482642810013,0.03409256999839272,OK,,True,2759,0.344875,
5f6a39ae4ae94318927b52b4009d4387,349,2026-10-03T17:09:07.015797+07:00,348.62930450800013,2.786288840999987,WAIT_RECOVERY,1885.1954352349994,0.9999608349990012,0.25212766699951317,8.832999992591795e-05,DISABLED,on,user_reported,36.548179626464844,55.48796463012695,1007.179296875,105133.46875,True,True,True,176,0,0,109,178,101,2026-10-03T17:09:07.015873+07:00,348.629391415001,0.1858175659999688,OK,,True,2026-10-03T17:09:07.201701+07:00,348.81521646200054,0.033474890999059426,OK,,True,1556,0.1945,,2026-10-03T17:09:07.235182+07:00,348.8486969639998,0.03272158199979458,OK,,True,2763,0.345375,
5f6a39ae4ae94318927b52b4009d4387,350,2026-10-03T17:09:08.015802+07:00,349.62930864100053,3.7862929740003892,WAIT_RECOVERY,1886.1954393679998,1.0000041330004024,0.2525102010004048,9.246300032828003e-05,DISABLED,on,user_reported,36.544349670410156,55.48738479614258,1007.138828125,104746.3203125,True,True,True,176,0,0,109,178,101,2026-10-03T17:09:08.015887+07:00,349.62940528800027,0.18581876999996894,OK,,True,2026-10-03T17:09:08.201718+07:00,349.8152319660003,0.03297943100005796,OK,,True,1553,0.194125,,2026-10-03T17:09:08.234697+07:00,349.84821456400095,0.03359109299890406,OK,,True,2759,0.344875,
5f6a39ae4ae94318927b52b4009d4387,351,2026-10-03T17:09:09.015857+07:00,350.6293544600012,4.78633879300105,WAIT_RECOVERY,1887.1954851870005,1.0000458190006611,0.27011234299970965,0.00013828200098942034,DISABLED,on,user_reported,36.54499053955078,55.4939079284668,1007.112578125,105263.15625,True,True,True,176,0,0,109,178,101,2026-10-03T17:09:09.016009+07:00,350.6295252540003,0.19175077399995644,OK,,True,2026-10-03T17:09:09.207779+07:00,350.8212907880006,0.035451575999104534,OK,,True,1563,0.195375,,2026-10-03T17:09:09.243235+07:00,350.85674991999986,0.042688883000664646,OK,,True,2773,0.346625,
5f6a39ae4ae94318927b52b4009d4387,352,2026-10-03T17:09:10.015877+07:00,351.62937511400014,5.786359446999995,WAIT_RECOVERY,1888.1955058409994,1.000020653998945,0.26250172500112967,0.00015893599993432872,DISABLED,on,user_reported,36.54307556152344,55.474361419677734,1007.16421875,104746.3203125,True,True,True,176,0,0,109,179,101,2026-10-03T17:09:10.016027+07:00,351.6295429640013,0.19173510799919313,OK,,True,2026-10-03T17:09:10.207782+07:00,351.8212938680008,0.03537281799981429,OK,,True,1566,0.19575,,2026-10-03T17:09:10.243160+07:00,351.85667507499966,0.035181913000997156,OK,,True,2773,0.346625,
5f6a39ae4ae94318927b52b4009d4387,353,2026-10-03T17:09:11.015905+07:00,352.62940152900046,6.786385862000316,WAIT_RECOVERY,1889.1955322559998,1.0000264150003204,0.26246933699985675,0.00018535100025474094,DISABLED,on,user_reported,36.5437126159668,55.46164321899414,1007.1309375,105393.1640625,True,True,True,176,0,0,109,179,101,2026-10-03T17:09:11.016063+07:00,352.6295798049996,0.19174310800008243,OK,,True,2026-10-03T17:09:11.207826+07:00,352.82133832100044,0.0353465589996631,OK,,True,1548,0.1935,,2026-10-03T17:09:11.243177+07:00,352.85669273200074,0.03515843099921767,OK,,True,2777,0.347125,
5f6a39ae4ae94318927b52b4009d4387,354,2026-10-03T17:09:12.015809+07:00,353.6293163730006,7.786300706000475,WAIT_RECOVERY,1890.1954471,0.9999148440001591,0.253900153998984,0.00010019500041380525,DISABLED,on,user_reported,36.544349670410156,55.43608856201172,1007.2346875,105263.15625,True,True,True,176,0,0,109,179,101,2026-10-03T17:09:12.015893+07:00,353.62941059399964,0.18580843900053878,OK,,True,2026-10-03T17:09:12.201714+07:00,353.8152273470005,0.034554658999695675,OK,,True,1565,0.195625,,2026-10-03T17:09:12.236273+07:00,353.84978769100053,0.033416150999983074,OK,,True,2759,0.344875,
5f6a39ae4ae94318927b52b4009d4387,355,2026-10-03T17:09:13.015796+07:00,354.62930045900066,0.8606656829997519,RECOVERY,1891.195431186,0.9999840860000404,0.25234622300013143,8.428100045421161e-05,DISABLED,on,user_reported,36.546905517578125,55.391597747802734,1007.273046875,105916.421875,True,True,True,176,0,0,109,178,101,2026-10-03T17:09:13.015884+07:00,354.62940216100105,0.18581393899876275,OK,,True,2026-10-03T17:09:13.201711+07:00,354.8152247670005,0.03320293000069796,OK,,True,1568,0.196,,2026-10-03T17:09:13.234918+07:00,354.8484329370003,0.03320252299999993,OK,,True,2760,0.34500000000000003,
5f6a39ae4ae94318927b52b4009d4387,356,2026-10-03T17:09:14.015800+07:00,355.6293073979996,1.860672621998674,RECOVERY,1892.1954381249989,1.0000069389989221,0.251675970001088,9.121999937633518e-05,DISABLED,on,user_reported,36.54499053955078,55.3592643737793,1007.1946875,105588.78125,True,True,True,176,0,0,109,178,101,2026-10-03T17:09:14.015874+07:00,355.6293914710004,0.18580847600060224,OK,,True,2026-10-03T17:09:14.201692+07:00,355.8152075580001,0.03295122800045647,OK,,True,1553,0.194125,,2026-10-03T17:09:14.234645+07:00,355.8481620830007,0.03281291500024963,OK,,True,2763,0.345375,
5f6a39ae4ae94318927b52b4009d4387,357,2026-10-03T17:09:15.015794+07:00,356.62930220900125,2.8606674330003443,RECOVERY,1893.1954329360005,0.9999948110016703,0.25168076699992525,8.603100104664918e-05,DISABLED,on,user_reported,36.546268463134766,55.30818557739258,1007.2240625,105523.4921875,True,True,True,176,0,0,109,178,101,2026-10-03T17:09:15.015869+07:00,356.62938650400065,0.18580679099977715,OK,,True,2026-10-03T17:09:15.201686+07:00,356.8152005920001,0.03294328400079394,OK,,True,1559,0.194875,,2026-10-03T17:09:15.234629+07:00,356.8481466909998,0.03282821100037836,OK,,True,2767,0.345875,
5f6a39ae4ae94318927b52b4009d4387,358,2026-10-03T17:09:16.015801+07:00,357.62930778100053,3.860673004999626,RECOVERY,1894.1954385079998,1.0000055719992815,0.2516881560004549,9.160300032817759e-05,DISABLED,on,user_reported,36.540523529052734,55.25606918334961,1007.2421875,105263.15625,True,True,True,176,0,0,109,178,101,2026-10-03T17:09:16.015876+07:00,357.6293936130005,0.18581025499952375,OK,,True,2026-10-03T17:09:16.201696+07:00,357.815211182,0.03294993300005444,OK,,True,1558,0.19475,,2026-10-03T17:09:16.234647+07:00,357.848164078001,0.03282348900029319,OK,,True,2764,0.34550000000000003,
5f6a39ae4ae94318927b52b4009d4387,359,2026-10-03T17:09:17.015855+07:00,358.62935053900037,4.860715762999462,RECOVERY,1895.1954812659997,1.0000427579998359,0.26331086900063383,0.00013436100016406272,DISABLED,on,user_reported,36.54307556152344,55.2308235168457,1007.1915625,105523.4921875,True,True,True,176,0,0,109,179,101,2026-10-03T17:09:17.016009+07:00,358.6295254260003,0.19173170300018683,OK,,True,2026-10-03T17:09:17.207759+07:00,358.82127144399965,0.036034720000316156,OK,,True,1569,0.196125,,2026-10-03T17:09:17.243807+07:00,358.85731814500105,0.0353221149998717,OK,,True,2782,0.34775,
5f6a39ae4ae94318927b52b4009d4387,360,2026-10-03T17:09:18.015898+07:00,359.62939465100135,5.86075987500044,RECOVERY,1896.1955253780006,1.0000441120009782,0.2529449609992298,0.00017847300114226528,DISABLED,on,user_reported,36.55200958251953,55.19373321533203,1007.2265625,106113.9921875,True,True,True,176,0,0,109,179,101,2026-10-03T17:09:18.016040+07:00,359.62955715000135,0.18661174699991534,OK,,True,2026-10-03T17:09:18.202665+07:00,359.8161784900003,0.03330739200100652,OK,,True,1551,0.193875,,2026-10-03T17:09:18.235974+07:00,359.84948979,0.03283978500076046,OK,,True,2761,0.345125,
5f6a39ae4ae94318927b52b4009d4387,361,2026-10-03T17:09:19.015801+07:00,360.62930795099965,6.8606731749987375,RECOVERY,1897.195438677999,0.9999132999982976,0.25158249200103455,9.177299943985417e-05,DISABLED,on,user_reported,36.55264663696289,55.15541458129883,1007.159140625,105916.421875,True,True,True,176,0,0,109,178,101,2026-10-03T17:09:19.015878+07:00,360.62939563500004,0.18580212599954393,OK,,True,2026-10-03T17:09:19.201689+07:00,360.815204687,0.032924451001235866,OK,,True,1556,0.1945,,2026-10-03T17:09:19.234615+07:00,360.8481323600008,0.03275095299977693,OK,,True,2765,0.345625,
5f6a39ae4ae94318927b52b4009d4387,362,2026-10-03T17:09:20.015798+07:00,361.62930630700066,7.860671530999753,RECOVERY,1898.195437034,0.999998356001015,0.2516387510004279,9.012900045490824e-05,DISABLED,on,user_reported,36.54243850708008,55.115478515625,1007.163046875,105328.125,True,True,True,176,0,0,109,179,101,2026-10-03T17:09:20.015872+07:00,361.6293904360009,0.185803088999819,OK,,True,2026-10-03T17:09:20.201686+07:00,361.8152006920009,0.03292922899890982,OK,,True,1553,0.194125,,2026-10-03T17:09:20.234616+07:00,361.84813312500046,0.03280423000069277,OK,,True,2764,0.34550000000000003,
5f6a39ae4ae94318927b52b4009d4387,363,2026-10-03T17:09:21.015797+07:00,362.62930535099986,8.860670574998949,RECOVERY,1899.1954360779991,0.9999990439991961,0.25165289899996424,8.917299965105485e-05,DISABLED,on,user_reported,36.55009460449219,55.084617614746094,1007.1825,106180.0078125,True,True,True,176,0,0,109,178,101,2026-10-03T17:09:21.015870+07:00,362.6293881649999,0.1858196630000748,OK,,True,2026-10-03T17:09:21.201701+07:00,362.8152157910008,0.03293550699891057,OK,,True,1560,0.195,,2026-10-03T17:09:21.234637+07:00,362.8481542240006,0.03279563700016297,OK,,True,2765,0.345625,
5f6a39ae4ae94318927b52b4009d4387,364,2026-10-03T17:09:22.015799+07:00,363.6293065810005,9.860671804999583,RECOVERY,1900.1954373079998,1.0000012300006347,0.25196215600044525,9.040300028573256e-05,DISABLED,on,user_reported,36.55073165893555,55.07190704345703,1007.1696875,105916.421875,True,True,True,176,0,0,109,178,101,2026-10-03T17:09:22.015871+07:00,363.6293892470003,0.18580457099960768,OK,,True,2026-10-03T17:09:22.201685+07:00,363.8152005949996,0.03307861700159265,OK,,True,1558,0.19475,,2026-10-03T17:09:22.234770+07:00,363.8482841189998,0.03297354400092445,OK,,True,2759,0.344875,
5f6a39ae4ae94318927b52b4009d4387,365,2026-10-03T17:09:23.015794+07:00,364.629300812001,10.860666036000111,RECOVERY,1901.1954315390003,0.9999942310005281,0.2592025009998906,8.463400081382133e-05,DISABLED,on,user_reported,36.5437126159668,55.02606964111328,1007.16515625,106312.2890625,True,True,True,176,0,0,109,178,101,2026-10-03T17:09:23.015876+07:00,364.62939364500016,0.18805829200027802,OK,,True,2026-10-03T17:09:23.203955+07:00,364.81746704800025,0.03536006000103953,OK,,True,1551,0.193875,,2026-10-03T17:09:23.239326+07:00,364.8528369600008,0.035649093999381876,OK,,True,2767,0.345875,
5f6a39ae4ae94318927b52b4009d4387,366,2026-10-03T17:09:24.015846+07:00,365.62935078600094,11.860716010000033,RECOVERY,1902.1954815130002,1.0000499739999213,0.2516841039996507,0.0001346080007351702,DISABLED,on,user_reported,36.5437126159668,55.013275146484375,1007.16515625,105982.1953125,True,True,True,176,0,0,109,178,101,2026-10-03T17:09:24.015935+07:00,365.6294524700006,0.18580638700041163,OK,,True,2026-10-03T17:09:24.201752+07:00,365.8152663010005,0.03294767400075216,OK,,True,1547,0.193375,,2026-10-03T17:09:24.234700+07:00,365.8482169560011,0.032809285999974236,OK,,True,2767,0.345875,
5f6a39ae4ae94318927b52b4009d4387,367,2026-10-03T17:09:25.015800+07:00,366.6293079290008,12.86067315299988,RECOVERY,1903.195438656,0.9999571429998468,0.2519112320005661,9.175100058200769e-05,DISABLED,on,user_reported,36.55009460449219,54.995033264160156,1007.16875,106511.3359375,True,True,True,176,0,0,109,178,101,2026-10-03T17:09:25.015873+07:00,366.6293910759996,0.1858212020015344,OK,,True,2026-10-03T17:09:25.201704+07:00,366.8152195929997,0.03319324500080256,OK,,True,1560,0.195,,2026-10-03T17:09:25.234899+07:00,366.8484161340002,0.032794638000268606,OK,,True,2764,0.34550000000000003,
5f6a39ae4ae94318927b52b4009d4387,368,2026-10-03T17:09:26.015791+07:00,367.6292990359998,13.860664259998885,RECOVERY,1904.195429762999,0.9999911069990048,0.2517128079998656,8.285799958684947e-05,DISABLED,on,user_reported,36.5437126159668,54.97488784790039,1007.1446875,106978.6875,True,True,True,176,0,0,109,178,101,2026-10-03T17:09:26.015866+07:00,367.6293840540002,0.18580635000034817,OK,,True,2026-10-03T17:09:26.201682+07:00,367.8151976070003,0.03298974800054566,OK,,True,1563,0.195375,,2026-10-03T17:09:26.234673+07:00,367.8481905589997,0.032813045001603314,OK,,True,2766,0.34575,
5f6a39ae4ae94318927b52b4009d4387,369,2026-10-03T17:09:27.015790+07:00,368.6292986259996,14.860663849998673,RECOVERY,1905.1954293529989,0.9999995899997884,0.2518314750013815,8.244799937529024e-05,DISABLED,on,user_reported,36.546905517578125,54.96257019042969,1007.23890625,106180.0078125,True,True,True,176,0,0,109,178,101,2026-10-03T17:09:27.015862+07:00,368.6293801440006,0.18584034999912546,OK,,True,2026-10-03T17:09:27.201715+07:00,368.81522958700043,0.033054245999665,OK,,True,1554,0.19425,,2026-10-03T17:09:27.234774+07:00,368.84828851900056,0.03283159999955387,OK,,True,2762,0.34525,
5f6a39ae4ae94318927b52b4009d4387,370,2026-10-03T17:09:28.015793+07:00,369.6293011990001,15.860666422999202,RECOVERY,1906.1954319259994,1.000002573000529,0.2517732350006554,8.502099990437273e-05,DISABLED,on,user_reported,36.5437126159668,54.9556999206543,1007.254140625,106312.2890625,True,True,True,176,0,0,109,178,101,2026-10-03T17:09:28.015863+07:00,369.6293813100001,0.18580268400000932,OK,,True,2026-10-03T17:09:28.201676+07:00,369.8151918269996,0.03293843300161825,OK,,True,1570,0.19625,,2026-10-03T17:09:28.234616+07:00,369.8481333340005,0.032906914999330183,OK,,True,2750,0.34375,
5f6a39ae4ae94318927b52b4009d4387,371,2026-10-03T17:09:29.015853+07:00,370.62935249600014,16.86071771999923,RECOVERY,1907.1954832229994,1.0000512970000273,0.2623871979994874,0.0001363179999316344,DISABLED,on,user_reported,36.53478240966797,54.92237854003906,1007.2121875,106312.2890625,True,True,True,176,0,0,109,178,101,2026-10-03T17:09:29.015981+07:00,370.6294970689996,0.19152080100138846,OK,,True,2026-10-03T17:09:29.207521+07:00,370.82103316600114,0.03549850299896207,OK,,True,1571,0.196375,,2026-10-03T17:09:29.243024+07:00,370.85653968800034,0.03518133900070097,OK,,True,2779,0.347375,
5f6a39ae4ae94318927b52b4009d4387,372,2026-10-03T17:09:30.015858+07:00,371.6293562580013,17.860721482000372,RECOVERY,1908.1954869850006,1.0000037620011426,0.262274772998353,0.00014008000107423868,DISABLED,on,user_reported,36.539249420166016,54.92945098876953,1007.246796875,106444.90625,True,True,True,176,0,0,109,178,101,2026-10-03T17:09:30.016007+07:00,371.6295236820006,0.1915352089999942,OK,,True,2026-10-03T17:09:30.207564+07:00,371.8210748900001,0.03537113499987754,OK,,True,1550,0.19375,,2026-10-03T17:09:30.242939+07:00,371.8564543020002,0.035155765999661526,OK,,True,2772,0.34650000000000003,
5f6a39ae4ae94318927b52b4009d4387,373,2026-10-03T17:09:31.015861+07:00,372.62936111400086,18.86072633799995,RECOVERY,1909.1954918410001,1.0000048559995776,0.26318861700019625,0.00014493600065179635,DISABLED,on,user_reported,36.54499053955078,54.92391586303711,1007.22203125,105588.78125,True,True,True,176,0,0,109,178,101,2026-10-03T17:09:31.016000+07:00,372.6295161119997,0.19173661500099115,OK,,True,2026-10-03T17:09:31.207757+07:00,372.82126820800113,0.03652730899921153,OK,,True,1579,0.197375,,2026-10-03T17:09:31.244297+07:00,372.85780761000024,0.034724102000836865,OK,,True,2774,0.34675,
5f6a39ae4ae94318927b52b4009d4387,374,2026-10-03T17:09:32.015813+07:00,373.62932115700096,19.86068638100005,RECOVERY,1910.1954518840002,0.999960043000101,0.2519737900001928,0.00010497900075279176,DISABLED,on,user_reported,36.53797149658203,54.92286682128906,1007.231171875,106577.8515625,True,True,True,176,0,0,109,178,101,2026-10-03T17:09:32.015891+07:00,373.6294093409997,0.18579733400110854,OK,,True,2026-10-03T17:09:32.201699+07:00,373.8152136740009,0.03323085699958028,OK,,True,1550,0.19375,,2026-10-03T17:09:32.234935+07:00,373.84844951299965,0.0328355260007811,OK,,True,2760,0.34500000000000003,
5f6a39ae4ae94318927b52b4009d4387,375,2026-10-03T17:09:33.015799+07:00,374.629305683,20.860670906999076,RECOVERY,1911.1954364099993,0.9999845259990252,0.25166446000002907,8.950499977800064e-05,DISABLED,on,user_reported,36.54945755004883,54.924583435058594,1007.16765625,106180.0078125,True,True,True,176,0,0,109,178,101,2026-10-03T17:09:33.015874+07:00,374.6293908860007,0.18581246299982013,OK,,True,2026-10-03T17:09:33.201696+07:00,374.81521047800015,0.032938989001195296,OK,,True,1555,0.194375,,2026-10-03T17:09:33.234635+07:00,374.8481522820002,0.03280937899944547,OK,,True,2760,0.34500000000000003,
5f6a39ae4ae94318927b52b4009d4387,376,2026-10-03T17:09:34.015798+07:00,375.6293057470011,21.860670971000218,RECOVERY,1912.1954364740004,1.0000000640011422,0.25166881199947966,8.95690009201644e-05,DISABLED,on,user_reported,36.548179626464844,54.917991638183594,1007.179296875,105916.421875,True,True,True,176,0,0,109,178,101,2026-10-03T17:09:34.015874+07:00,375.62939217200073,0.18581412999992608,OK,,True,2026-10-03T17:09:34.201700+07:00,375.81521417300064,0.03294287800054008,OK,,True,1552,0.194,,2026-10-03T17:09:34.234642+07:00,375.8481600510004,0.03280597100092564,OK,,True,2758,0.34475,
5f6a39ae4ae94318927b52b4009d4387,377,2026-10-03T17:09:35.015800+07:00,376.62930657200013,22.860671795999224,RECOVERY,1913.1954372989994,1.000000824999006,0.25166660899958515,9.039399992616381e-05,DISABLED,on,user_reported,36.54882049560547,54.91169357299805,1007.187109375,106180.0078125,True,True,True,176,0,0,109,178,101,2026-10-03T17:09:35.015878+07:00,376.6293962569998,0.1858099820001371,OK,,True,2026-10-03T17:09:35.201699+07:00,376.81521418400007,0.03294082200045523,OK,,True,1568,0.196,,2026-10-03T17:09:35.234641+07:00,376.84815796899966,0.03280708300007973,OK,,True,2768,0.34600000000000003,
5f6a39ae4ae94318927b52b4009d4387,378,2026-10-03T17:09:36.015802+07:00,377.62930849199984,23.860673715998928,RECOVERY,1914.1954392189991,1.0000019199997041,0.2517503119997855,9.231399963027798e-05,DISABLED,on,user_reported,36.544349670410156,54.91741180419922,1007.16625,106511.3359375,True,True,True,176,0,0,109,178,101,2026-10-03T17:09:36.015884+07:00,377.6294019730012,0.1858407409999927,OK,,True,2026-10-03T17:09:36.201738+07:00,377.81525167700056,0.032962896999379154,OK,,True,1551,0.193875,,2026-10-03T17:09:36.234701+07:00,377.84821798099983,0.03283152699987113,OK,,True,2763,0.345375,
5f6a39ae4ae94318927b52b4009d4387,379,2026-10-03T17:09:37.015856+07:00,378.62935454200124,24.86071976600033,RECOVERY,1915.1954852690005,1.0000460500014015,0.2627004579990171,0.0001383640010317322,DISABLED,on,user_reported,36.54499053955078,54.92391586303711,1007.146796875,106113.9921875,True,True,True,176,0,0,109,178,101,2026-10-03T17:09:37.016009+07:00,378.6295250410003,0.19175637499938603,OK,,True,2026-10-03T17:09:37.207788+07:00,378.82129780499963,0.035506800000803196,OK,,True,1571,0.196375,,2026-10-03T17:09:37.243303+07:00,378.85681504900094,0.035219728999436484,OK,,True,2773,0.346625,
5f6a39ae4ae94318927b52b4009d4387,380,2026-10-03T17:09:38.015868+07:00,379.62936770600027,25.860732929999358,RECOVERY,1916.1954984329996,1.0000131639990286,0.26313680600105727,0.0001515280000603525,DISABLED,on,user_reported,36.54882049560547,54.918087005615234,1007.159765625,106312.2890625,True,True,True,176,0,0,109,178,101,2026-10-03T17:09:38.016020+07:00,379.62953561200084,0.191729967998981,OK,,True,2026-10-03T17:09:38.207768+07:00,379.8212794130013,0.03605953599981149,OK,,True,1559,0.194875,,2026-10-03T17:09:38.243832+07:00,379.8573468200011,0.035138432000167086,OK,,True,2776,0.34700000000000003,
5f6a39ae4ae94318927b52b4009d4387,381,2026-10-03T17:09:39.015814+07:00,380.62932027900024,26.86068550299933,RECOVERY,1917.1954510059995,0.9999525729999732,0.25170764699942083,0.00010410100003355183,DISABLED,on,user_reported,36.55902862548828,54.9451904296875,1007.094296875,106246.109375,True,True,True,176,0,0,109,179,101,2026-10-03T17:09:39.015899+07:00,380.62941646299987,0.18579620600030466,OK,,True,2026-10-03T17:09:39.201705+07:00,380.81522022399986,0.032958527001028415,OK,,True,1560,0.195,,2026-10-03T17:09:39.234665+07:00,380.84818202800125,0.03283715699944878,OK,,True,2765,0.345625,
5f6a39ae4ae94318927b52b4009d4387,382,2026-10-03T17:09:40.015797+07:00,381.6293054830003,27.86067070699937,RECOVERY,1918.1954362099996,0.9999852040000405,0.25171962800050096,8.930500007409137e-05,DISABLED,on,user_reported,36.5577507019043,54.925811767578125,1007.112734375,106246.109375,True,True,True,176,0,0,109,178,101,2026-10-03T17:09:40.015874+07:00,381.6293924450001,0.18581700200047635,OK,,True,2026-10-03T17:09:40.201702+07:00,381.81521739100026,0.032965211999908206,OK,,True,1555,0.194375,,2026-10-03T17:09:40.234669+07:00,381.8481860290012,0.032830230999024934,OK,,True,2762,0.34525,
5f6a39ae4ae94318927b52b4009d4387,383,2026-10-03T17:09:41.015798+07:00,382.6293057060011,28.860670930000197,RECOVERY,1919.1954364330004,1.000000223000825,0.2517837219984358,8.952800089900848e-05,DISABLED,on,user_reported,36.55392074584961,54.93803024291992,1007.12703125,105850.734375,True,True,True,176,0,0,109,179,101,2026-10-03T17:09:41.015873+07:00,382.62939087199993,0.18583111400039343,OK,,True,2026-10-03T17:09:41.201715+07:00,382.81523015200037,0.03297352700064948,OK,,True,1556,0.1945,,2026-10-03T17:09:41.234690+07:00,382.8482073080013,0.03287252699919918,OK,,True,2762,0.34525,
5f6a39ae4ae94318927b52b4009d4387,384,2026-10-03T17:09:42.015806+07:00,383.62931146899973,29.860676692998823,RECOVERY,1920.195442195999,1.0000057629986259,0.2518568690011307,9.52909995248774e-05,DISABLED,on,user_reported,36.54945755004883,54.94376754760742,1007.2496875,106911.671875,True,True,True,176,0,0,109,178,101,2026-10-03T17:09:42.015890+07:00,383.62940756100033,0.18582079900079407,OK,,True,2026-10-03T17:09:42.201723+07:00,383.8152366739996,0.03305147000173747,OK,,True,1544,0.193,,2026-10-03T17:09:42.234778+07:00,383.8482932370007,0.032864970999071375,OK,,True,2768,0.34600000000000003,
5f6a39ae4ae94318927b52b4009d4387,385,2026-10-03T17:09:43.015795+07:00,384.62930360300015,30.860668826999245,RECOVERY,1921.1954343299994,0.9999921340004221,0.25171583399969677,8.742499994696118e-05,DISABLED,on,user_reported,36.55264663696289,54.95703125,1007.207109375,106048.0546875,True,True,True,176,0,0,109,179,101,2026-10-03T17:09:43.015870+07:00,384.6293881210004,0.18580715200005216,OK,,True,2026-10-03T17:09:43.201688+07:00,384.8152025500003,0.0329555820007954,OK,,True,1553,0.194125,,2026-10-03T17:09:43.234643+07:00,384.8481610210001,0.03284978699957719,OK,,True,2763,0.345375,
5f6a39ae4ae94318927b52b4009d4387,386,2026-10-03T17:09:44.015801+07:00,385.6293075169997,31.86067274099878,RECOVERY,1922.195438243999,1.0000039139995351,0.25194255499991414,9.133899948210455e-05,DISABLED,on,user_reported,36.54882049560547,54.93727493286133,1007.228203125,106246.109375,True,True,True,176,0,0,109,178,101,2026-10-03T17:09:44.015881+07:00,385.6293988130001,0.18581424399962998,OK,,True,2026-10-03T17:09:44.201707+07:00,385.81522079800015,0.033199171999513055,OK,,True,1550,0.19375,,2026-10-03T17:09:44.234906+07:00,385.84842295100134,0.032818212999700336,OK,,True,2762,0.34525,
5f6a39ae4ae94318927b52b4009d4387,387,2026-10-03T17:09:45.015799+07:00,386.629306488001,32.86067171200011,RECOVERY,1923.1954372150003,0.9999989710013324,0.25165303900030267,9.031000081449747e-05,DISABLED,on,user_reported,36.55711364746094,54.9321174621582,1007.19375,106444.90625,True,True,True,176,0,0,109,178,101,2026-10-03T17:09:45.015875+07:00,386.62939285799985,0.18581129999984114,OK,,True,2026-10-03T17:09:45.201697+07:00,386.8152113060005,0.032936359999439446,OK,,True,1558,0.19475,,2026-10-03T17:09:45.234634+07:00,386.8481508880013,0.03280084299876762,OK,,True,2761,0.345125,
5f6a39ae4ae94318927b52b4009d4387,388,2026-10-03T17:09:46.015799+07:00,387.6293065530008,33.86067177699988,RECOVERY,1924.19543728,1.0000000649997673,0.25164211399896885,9.037500058184378e-05,DISABLED,on,user_reported,36.55711364746094,54.94491195678711,1007.19375,106511.3359375,True,True,True,176,0,0,109,178,101,2026-10-03T17:09:46.015875+07:00,387.6293929599997,0.18581176299994695,OK,,True,2026-10-03T17:09:46.201696+07:00,387.81521129700013,0.03292589699958626,OK,,True,1562,0.19525,,2026-10-03T17:09:46.234622+07:00,387.8481400090004,0.03280058400014241,OK,,True,2762,0.34525,
5f6a39ae4ae94318927b52b4009d4387,389,2026-10-03T17:09:47.015800+07:00,388.6293070640004,34.86067228799948,RECOVERY,1925.1954377909997,1.0000005109995982,0.2519755180001084,9.08860001800349e-05,DISABLED,on,user_reported,36.558387756347656,54.93230438232422,1007.1821875,106312.2890625,True,True,True,176,0,0,109,178,101,2026-10-03T17:09:47.015883+07:00,388.629400971,0.18581159700079297,OK,,True,2026-10-03T17:09:47.201706+07:00,388.81522010499975,0.03324932000032277,OK,,True,1547,0.193375,,2026-10-03T17:09:47.234960+07:00,388.84847442499995,0.03279836100045941,OK,,True,2755,0.344375,
5f6a39ae4ae94318927b52b4009d4387,390,2026-10-03T17:09:48.015795+07:00,389.629302188001,35.86066741200011,RECOVERY,1926.1954329150003,0.999995124000634,0.2516520769986528,8.601000081398524e-05,DISABLED,on,user_reported,36.55966567993164,54.92610168457031,1007.177421875,106444.90625,True,True,True,176,0,0,109,178,101,2026-10-03T17:09:48.015870+07:00,389.62938783500067,0.18581067199920653,OK,,True,2026-10-03T17:09:48.201691+07:00,389.815205451001,0.03293382299852965,OK,,True,1567,0.195875,,2026-10-03T17:09:48.234624+07:00,389.84814168199955,0.03280473100130621,OK,,True,2762,0.34525,
5f6a39ae4ae94318927b52b4009d4387,391,2026-10-03T17:09:49.015834+07:00,390.62933857200005,36.86070379599914,RECOVERY,1927.1954692989993,1.0000363839990314,0.25187055700007477,0.00012239399984537158,DISABLED,on,user_reported,36.55583953857422,54.906349182128906,1007.109609375,106113.9921875,True,True,True,176,0,0,109,179,101,2026-10-03T17:09:49.015920+07:00,390.62943812699996,0.18580315300096117,OK,,True,2026-10-03T17:09:49.201735+07:00,390.8152495209997,0.03295230399999127,OK,,True,1558,0.19475,,2026-10-03T17:09:49.234688+07:00,390.8482047329999,0.03299378500014427,OK,,True,2767,0.345875,
5f6a39ae4ae94318927b52b4009d4387,392,2026-10-03T17:09:50.015794+07:00,391.6293010139998,37.860666237998885,RECOVERY,1928.195431740999,0.9999624419997417,0.2516677450003044,8.48359995870851e-05,DISABLED,on,user_reported,36.558387756347656,54.91312026977539,1007.147890625,106180.0078125,True,True,True,176,0,0,109,179,101,2026-10-03T17:09:50.015874+07:00,391.6293921060005,0.1858048760004749,OK,,True,2026-10-03T17:09:50.201689+07:00,391.8152032779999,0.03294052700039174,OK,,True,1551,0.193875,,2026-10-03T17:09:50.234630+07:00,391.8481466940011,0.03281419399900187,OK,,True,2760,0.34500000000000003,
5f6a39ae4ae94318927b52b4009d4387,393,2026-10-03T17:09:51.015789+07:00,392.6292972730007,38.860662496999794,RECOVERY,1929.195428,0.999996259000909,0.25193172299987054,8.109500049613416e-05,DISABLED,on,user_reported,36.560302734375,54.907005310058594,1007.130625,106048.0546875,True,True,True,176,0,0,109,179,101,2026-10-03T17:09:51.015866+07:00,392.62938436399963,0.18580506200123637,OK,,True,2026-10-03T17:09:51.201682+07:00,392.8151965369998,0.03320639500088873,OK,,True,1554,0.19425,,2026-10-03T17:09:51.234890+07:00,392.84840626500045,0.03281467600027099,OK,,True,2766,0.34575,
5f6a39ae4ae94318927b52b4009d4387,394,2026-10-03T17:09:52.015791+07:00,393.6292997540004,39.86066497799948,RECOVERY,1930.1954304809997,1.000002480999683,0.252057130999674,8.357600017916411e-05,DISABLED,on,user_reported,36.56412887573242,54.88840103149414,1007.150390625,106444.90625,True,True,True,176,0,0,109,179,101,2026-10-03T17:09:52.015867+07:00,393.6293847720008,0.18580824699893128,OK,,True,2026-10-03T17:09:52.201685+07:00,393.81519983399994,0.03327248700043128,OK,,True,1579,0.197375,,2026-10-03T17:09:52.234964+07:00,393.8484781170009,0.03286986099919886,OK,,True,2762,0.34525,
5f6a39ae4ae94318927b52b4009d4387,395,2026-10-03T17:09:53.015800+07:00,394.6293064600013,40.86067168400041,RECOVERY,1931.1954371870006,1.0000067060009314,0.2534642109985725,9.028200111060869e-05,DISABLED,on,user_reported,36.560302734375,54.89421844482422,1007.15109375,106844.7421875,True,True,True,176,0,0,109,178,101,2026-10-03T17:09:53.015883+07:00,394.6294008670011,0.18581919099960942,OK,,True,2026-10-03T17:09:53.201714+07:00,394.8152283729996,0.034654289000172867,OK,,True,1561,0.195125,,2026-10-03T17:09:53.236374+07:00,394.84988851399976,0.03287158300008741,OK,,True,2760,0.34500000000000003,
5f6a39ae4ae94318927b52b4009d4387,396,2026-10-03T17:09:54.015886+07:00,395.6293840550006,41.86074927899972,RECOVERY,1932.195514782,1.0000775949993113,0.25202365099903545,0.0001678770004218677,DISABLED,on,user_reported,36.558387756347656,54.887542724609375,1007.106875,106511.3359375,True,True,True,176,0,0,109,178,101,2026-10-03T17:09:54.016010+07:00,395.62952673899963,0.18593424600112485,OK,,True,2026-10-03T17:09:54.201957+07:00,395.8154711520001,0.03307565599970985,OK,,True,1561,0.195125,,2026-10-03T17:09:54.235035+07:00,395.84855093700025,0.03284795400031726,OK,,True,2764,0.34550000000000003,
5f6a39ae4ae94318927b52b4009d4387,397,2026-10-03T17:09:55.015801+07:00,396.6293085060006,42.86067372999969,RECOVERY,1933.195439233,0.9999244509999698,0.2517391530000168,9.232800039171707e-05,DISABLED,on,user_reported,36.55264663696289,54.8930778503418,1007.193359375,106312.2890625,True,True,True,176,0,0,109,178,101,2026-10-03T17:09:55.015877+07:00,396.62939530100084,0.18581485899994732,OK,,True,2026-10-03T17:09:55.201703+07:00,396.81521734499984,0.032962101000521216,OK,,True,1561,0.195125,,2026-10-03T17:09:55.234665+07:00,396.84818237200125,0.032856878999155015,OK,,True,2765,0.345625,
5f6a39ae4ae94318927b52b4009d4387,398,2026-10-03T17:09:56.015798+07:00,397.629305253,43.860670476999076,RECOVERY,1934.1954359799993,0.9999967469993862,0.25179317200127116,8.907499977794942e-05,DISABLED,on,user_reported,36.55328369140625,54.87398910522461,1007.242265625,106312.2890625,True,True,True,176,0,0,109,178,101,2026-10-03T17:09:56.015872+07:00,397.6293903630012,0.18581922999874223,OK,,True,2026-10-03T17:09:56.201702+07:00,397.8152173520011,0.03304341500006558,OK,,True,1556,0.1945,,2026-10-03T17:09:56.234748+07:00,397.8482646190005,0.0328256569991936,OK,,True,2758,0.34475,
5f6a39ae4ae94318927b52b4009d4387,399,2026-10-03T17:09:57.015798+07:00,398.62930540900015,44.860670632999245,RECOVERY,1935.1954361359994,1.0000001560001692,0.2524336480000784,8.923099994717631e-05,DISABLED,on,user_reported,36.55711364746094,54.86817169189453,1007.241640625,106444.90625,True,True,True,176,0,0,109,179,101,2026-10-03T17:09:57.015878+07:00,398.6293954829998,0.18581789600102638,OK,,True,2026-10-03T17:09:57.201708+07:00,398.81522169300115,0.033624169998802245,OK,,True,1554,0.19425,,2026-10-03T17:09:57.235337+07:00,398.8488510850002,0.032878861000426696,OK,,True,2761,0.345125,
5f6a39ae4ae94318927b52b4009d4387,400,2026-10-03T17:09:58.015795+07:00,399.62930184499965,45.86066706899874,RECOVERY,1936.195432571999,0.999996435999492,0.2516878770002222,8.566699943912681e-05,DISABLED,on,user_reported,36.55647659301758,54.861671447753906,1007.192734375,106911.671875,True,True,True,176,0,0,109,178,101,2026-10-03T17:09:58.015877+07:00,399.62939523299974,0.18581428500147013,OK,,True,2026-10-03T17:09:58.201704+07:00,399.81521779600007,0.03294432400070946,OK,,True,1553,0.194125,,2026-10-03T17:09:58.234648+07:00,399.84816487900025,0.0328161209999962,OK,,True,2759,0.344875,
5f6a39ae4ae94318927b52b4009d4387,401,2026-10-03T17:09:59.015843+07:00,400.6293408190013,46.86070604300039,RECOVERY,1937.1954715460006,1.0000389740016544,0.26455152399830695,0.00012464100109355059,DISABLED,on,user_reported,36.560302734375,54.85585403442383,1007.246953125,107180.2421875,True,True,True,176,0,0,109,178,101,2026-10-03T17:09:59.015986+07:00,400.62950283600003,0.19066800200016587,OK,,True,2026-10-03T17:09:59.206675+07:00,400.8201860420013,0.037044639999294304,OK,,True,1560,0.195,,2026-10-03T17:09:59.243724+07:00,400.8572383669998,0.0366361060005147,OK,,True,2768,0.34600000000000003,
5f6a39ae4ae94318927b52b4009d4387,402,2026-10-03T17:10:00.015865+07:00,401.6293634800004,47.860728703999484,RECOVERY,1938.1954942069997,1.0000226609990932,0.2624853199995414,0.00014730200018675532,DISABLED,on,user_reported,36.56157684326172,54.84965515136719,1007.24203125,106644.4453125,True,True,True,176,0,0,109,178,101,2026-10-03T17:10:00.016018+07:00,401.62953386700065,0.19178004899913503,OK,,True,2026-10-03T17:10:00.207820+07:00,401.8213301380001,0.03533641400099441,OK,,True,1561,0.195125,,2026-10-03T17:10:00.243158+07:00,401.85667414400086,0.035155526999005815,OK,,True,2773,0.346625,
5f6a39ae4ae94318927b52b4009d4387,403,2026-10-03T17:10:01.015874+07:00,402.6293720490012,48.86073727300027,RECOVERY,1939.1955027760005,1.0000085690007836,0.2624877660000493,0.00015587100097036455,DISABLED,on,user_reported,36.55647659301758,54.842491149902344,1007.192734375,106577.8515625,True,True,True,176,0,0,109,178,101,2026-10-03T17:10:01.016030+07:00,402.6295460849997,0.1917669009999372,OK,,True,2026-10-03T17:10:01.207819+07:00,402.8213296890008,0.03538148799998453,OK,,True,1556,0.1945,,2026-10-03T17:10:01.243205+07:00,402.8567192139999,0.03511847099980514,OK,,True,2773,0.346625,
5f6a39ae4ae94318927b52b4009d4387,404,2026-10-03T17:10:02.015856+07:00,403.6293561390012,49.860721363000266,RECOVERY,1940.1954868660005,0.9999840899999981,0.2627842639994924,0.0001399610009684693,DISABLED,on,user_reported,36.55966567993164,54.84297561645508,1007.170625,106577.8515625,True,True,True,176,0,0,109,178,101,2026-10-03T17:10:02.015994+07:00,403.6295102490003,0.1915844590002962,OK,,True,2026-10-03T17:10:02.207602+07:00,403.82111244800035,0.03569259600044461,OK,,True,1558,0.19475,,2026-10-03T17:10:02.243305+07:00,403.85681689600096,0.03530261800005974,OK,,True,2767,0.345875,
5f6a39ae4ae94318927b52b4009d4387,405,2026-10-03T17:10:03.015828+07:00,404.6293328419997,50.860698065998804,RECOVERY,1941.195463568999,0.9999767029985378,0.2616599770008179,0.00011666399950627238,DISABLED,on,user_reported,36.55902862548828,54.83009338378906,1007.217421875,106911.671875,True,True,True,176,0,0,109,178,101,2026-10-03T17:10:03.015924+07:00,404.6294412490006,0.19091346399909526,OK,,True,2026-10-03T17:10:03.206858+07:00,404.82036997199975,0.03543146900119609,OK,,True,1569,0.196125,,2026-10-03T17:10:03.242297+07:00,404.8558105150005,0.03516093399957754,OK,,True,2770,0.34625,
5f6a39ae4ae94318927b52b4009d4387,406,2026-10-03T17:10:04.015851+07:00,405.6293554900003,51.8607207139994,RECOVERY,1942.1954862169996,1.000022648000595,0.25269259299966507,0.00013931200010119937,DISABLED,on,user_reported,36.55455780029297,54.823036193847656,1007.1828125,107247.59375,True,True,True,176,0,0,109,178,101,2026-10-03T17:10:04.015934+07:00,405.6294512120003,0.18584432399984507,OK,,True,2026-10-03T17:10:04.201791+07:00,405.815304406,0.03386585299995204,OK,,True,1552,0.194,,2026-10-03T17:10:04.235662+07:00,405.84917544400014,0.03286287999981141,OK,,True,2765,0.345625,
5f6a39ae4ae94318927b52b4009d4387,407,2026-10-03T17:10:05.015795+07:00,406.6293030850011,52.860668309000175,RECOVERY,1943.1954338120004,0.9999475950007763,0.25176897199889936,8.690700087754522e-05,DISABLED,on,user_reported,36.558387756347656,54.817222595214844,1007.1821875,106577.8515625,True,True,True,176,0,0,109,178,101,2026-10-03T17:10:05.015878+07:00,406.6293961770007,0.1858126209990587,OK,,True,2026-10-03T17:10:05.201701+07:00,406.81521624200104,0.03299663799953123,OK,,True,1553,0.194125,,2026-10-03T17:10:05.234700+07:00,406.84821662099966,0.03284714000074018,OK,,True,2758,0.34475,
5f6a39ae4ae94318927b52b4009d4387,408,2026-10-03T17:10:06.015797+07:00,407.6293052000001,53.86067042399918,RECOVERY,1944.1954359269994,1.0000021149990062,0.25169543500123837,8.90219998836983e-05,DISABLED,on,user_reported,36.55647659301758,54.816925048828125,1007.138046875,106312.2890625,True,True,True,176,0,0,109,179,101,2026-10-03T17:10:06.015874+07:00,407.62939216199993,0.1858046209999884,OK,,True,2026-10-03T17:10:06.201689+07:00,407.81520446800096,0.03296630499971798,OK,,True,1567,0.195875,,2026-10-03T17:10:06.234658+07:00,407.84817403300076,0.032817768998938845,OK,,True,2764,0.34550000000000003,
5f6a39ae4ae94318927b52b4009d4387,409,2026-10-03T17:10:07.015823+07:00,408.62932835300126,54.86069357700035,RECOVERY,1945.1954590800005,1.000023153001166,0.2521503389998543,0.00011217500104976352,DISABLED,on,user_reported,36.56157684326172,54.81769561767578,1007.105234375,106644.4453125,True,True,True,176,0,0,109,178,101,2026-10-03T17:10:07.015910+07:00,408.6294275190012,0.18580345400005172,OK,,True,2026-10-03T17:10:07.201724+07:00,408.8152384920013,0.03335007899841003,OK,,True,1556,0.1945,,2026-10-03T17:10:07.235080+07:00,408.84859490500094,0.0328750279986707,OK,,True,2759,0.344875,
5f6a39ae4ae94318927b52b4009d4387,410,2026-10-03T17:10:08.015790+07:00,409.6292996000011,55.860664824000196,RECOVERY,1946.1954303270004,0.9999712469998485,0.2517198069999722,8.342200089828111e-05,DISABLED,on,user_reported,36.562217712402344,54.81138610839844,1007.133671875,106911.671875,True,True,True,176,0,0,109,178,101,2026-10-03T17:10:08.015868+07:00,409.62938593299987,0.1858098990014696,OK,,True,2026-10-03T17:10:08.201689+07:00,409.8152040540008,0.03297924999969837,OK,,True,1560,0.195,,2026-10-03T17:10:08.234671+07:00,409.8481873590008,0.03282412199951068,OK,,True,2761,0.345125,
5f6a39ae4ae94318927b52b4009d4387,411,2026-10-03T17:10:09.017130+07:00,410.630623467001,56.86198869100008,RECOVERY,1947.1967541940003,1.0013238669998827,0.2530219250002119,0.0014072890007810201,DISABLED,on,user_reported,36.55328369140625,54.790889739990234,1007.139609375,106180.0078125,True,True,True,176,0,0,109,178,101,2026-10-03T17:10:09.017297+07:00,410.6308128540004,0.18700683399947593,OK,,True,2026-10-03T17:10:09.204314+07:00,410.81782757700057,0.03297760100031155,OK,,True,1553,0.194125,,2026-10-03T17:10:09.237293+07:00,410.85080897400076,0.03282790000048408,OK,,True,2762,0.34525,
5f6a39ae4ae94318927b52b4009d4387,412,2026-10-03T17:10:10.015866+07:00,411.6293683210006,57.860733544999675,RECOVERY,1948.1954990479999,0.9987448539995967,0.25351864299955196,0.00015214300037769135,DISABLED,on,user_reported,36.55902862548828,54.810916900634766,1007.244765625,106577.8515625,True,True,True,176,0,0,109,178,101,2026-10-03T17:10:10.015964+07:00,411.6294813940003,0.18584565899982408,OK,,True,2026-10-03T17:10:10.201822+07:00,411.8153355530012,0.034026313998765545,OK,,True,1565,0.195625,,2026-10-03T17:10:10.235855+07:00,411.84936814499997,0.03350674499961315,OK,,True,2759,0.344875,
5f6a39ae4ae94318927b52b4009d4387,413,2026-10-03T17:10:11.015829+07:00,412.62933353600056,58.86069875999965,RECOVERY,1949.1954642629998,0.9999652149999747,0.25173341799927584,0.00011735800035239663,DISABLED,on,user_reported,36.560302734375,54.79832458496094,1007.21953125,106911.671875,True,True,True,176,0,0,109,178,101,2026-10-03T17:10:11.015917+07:00,412.62943488699966,0.18581349200030672,OK,,True,2026-10-03T17:10:11.201742+07:00,412.8152564160009,0.032963879999442725,OK,,True,1559,0.194875,,2026-10-03T17:10:11.234708+07:00,412.8482238510005,0.032834343999638804,OK,,True,2765,0.345625,
5f6a39ae4ae94318927b52b4009d4387,414,2026-10-03T17:10:12.015803+07:00,413.62931191900134,59.86067714300043,RECOVERY,1950.1954426460006,0.99997838300078,0.25292188999992504,9.574100113241002e-05,DISABLED,on,user_reported,36.5628547668457,54.80509567260742,1007.257734375,106378.5546875,True,True,True,176,0,0,109,178,101,2026-10-03T17:10:12.015879+07:00,413.62939741800074,0.18581832599920745,OK,,True,2026-10-03T17:10:12.201709+07:00,413.81522352200045,0.033349358000123175,OK,,True,1558,0.19475,,2026-10-03T17:10:12.235064+07:00,413.84857811999973,0.03364263300136372,OK,,True,2759,0.344875,
5f6a39ae4ae94318927b52b4009d4387,415,2026-10-03T17:10:13.015802+07:00,414.6293091179996,0.8606743419986742,WAIT_FINISH,1951.1954398449989,0.9999971989982441,0.2517663080016064,9.293999937654007e-05,DISABLED,on,user_reported,36.560302734375,54.80471420288086,1007.2059375,106113.9921875,True,True,True,176,0,0,109,178,101,2026-10-03T17:10:13.015879+07:00,414.6293974319997,0.1858232520007732,OK,,True,2026-10-03T17:10:13.201715+07:00,414.815228888001,0.03299545299887541,OK,,True,1567,0.195875,,2026-10-03T17:10:13.234712+07:00,414.8482282670011,0.03283926999938558,OK,,True,2759,0.344875,
5f6a39ae4ae94318927b52b4009d4387,416,2026-10-03T17:10:14.015798+07:00,415.62930633700125,1.8606715610003448,WAIT_FINISH,1952.1954370640005,0.9999972190016706,0.253283461999672,9.015900104714092e-05,DISABLED,on,user_reported,36.56412887573242,54.8052978515625,1007.225703125,106511.3359375,True,True,True,176,0,0,109,178,101,2026-10-03T17:10:14.015874+07:00,415.6293920400003,0.18587266000031377,OK,,True,2026-10-03T17:10:14.201762+07:00,415.815275070001,0.03441286699853663,OK,,True,1548,0.1935,,2026-10-03T17:10:14.236179+07:00,415.8496936219999,0.032886861999941175,OK,,True,2765,0.345625,
5f6a39ae4ae94318927b52b4009d4387,417,2026-10-03T17:10:15.015833+07:00,416.6293385019999,2.860703725998974,WAIT_FINISH,1953.1954692289992,1.000032164998629,0.2517555310005264,0.00012232399967615493,DISABLED,on,user_reported,36.558387756347656,54.810829162597656,1007.1615625,106444.90625,True,True,True,176,0,0,109,179,101,2026-10-03T17:10:15.015921+07:00,416.629437556001,0.18581116099994688,OK,,True,2026-10-03T17:10:15.201742+07:00,416.8152566059998,0.03298802700010128,OK,,True,1549,0.193625,,2026-10-03T17:10:15.234733+07:00,416.8482483930002,0.032837287999427645,OK,,True,2764,0.34550000000000003,
5f6a39ae4ae94318927b52b4009d4387,418,2026-10-03T17:10:16.015796+07:00,417.6293037060004,3.8606689299995196,WAIT_FINISH,1954.1954344329997,0.9999652040005458,0.25240609899992705,8.752800022193696e-05,DISABLED,on,user_reported,36.55455780029297,54.816646575927734,1007.162265625,106312.2890625,True,True,True,176,0,0,109,179,101,2026-10-03T17:10:16.015874+07:00,417.6293922599998,0.18582790199980082,OK,,True,2026-10-03T17:10:16.201715+07:00,417.8152286430013,0.033233562999157584,OK,,True,1555,0.194375,,2026-10-03T17:10:16.234950+07:00,417.848466798001,0.03323069299949566,OK,,True,2758,0.34475,
5f6a39ae4ae94318927b52b4009d4387,419,2026-10-03T17:10:17.015808+07:00,418.6293148550012,4.8606800790003035,WAIT_FINISH,1955.1954455820005,1.000011149000784,0.2522737129984307,9.867700100585353e-05,DISABLED,on,user_reported,36.56476593017578,54.82455825805664,1007.1446875,106577.8515625,True,True,True,176,0,0,109,178,101,2026-10-03T17:10:17.015894+07:00,418.6294118910009,0.18581373499910114,OK,,True,2026-10-03T17:10:17.201720+07:00,418.8152339600001,0.03343983800004935,OK,,True,1555,0.194375,,2026-10-03T17:10:17.235165+07:00,418.8486796320012,0.032899305999308126,OK,,True,2764,0.34550000000000003,
5f6a39ae4ae94318927b52b4009d4387,420,2026-10-03T17:10:18.015795+07:00,419.6293022099999,5.8606674339989695,WAIT_FINISH,1956.1954329369992,0.999987354998666,0.25178803200105904,8.603199967183173e-05,DISABLED,on,user_reported,36.55966567993164,54.81101608276367,1007.163671875,106511.3359375,True,True,True,176,0,0,109,178,101,2026-10-03T17:10:18.015878+07:00,419.62939554200057,0.1858177539997996,OK,,True,2026-10-03T17:10:18.201707+07:00,419.8152211300003,0.032980861000396544,OK,,True,1553,0.194125,,2026-10-03T17:10:18.234688+07:00,419.84820526899966,0.032875917000637855,OK,,True,2769,0.346125,
5f6a39ae4ae94318927b52b4009d4387,421,2026-10-03T17:10:19.015804+07:00,420.62931010300053,6.860675326999626,WAIT_FINISH,1957.1954408299998,1.0000078930006566,0.25912867199986067,9.392500032845419e-05,DISABLED,on,user_reported,36.5628547668457,54.81148910522461,1007.175625,106577.8515625,True,True,True,176,0,0,109,178,101,2026-10-03T17:10:19.015887+07:00,420.62940465800057,0.1907710630002839,OK,,True,2026-10-03T17:10:19.206715+07:00,420.82019696099997,0.03545648799990886,OK,,True,1544,0.193,,2026-10-03T17:10:19.242151+07:00,420.8556622449996,0.03276338200157625,OK,,True,2741,0.342625,
5f6a39ae4ae94318927b52b4009d4387,422,2026-10-03T17:10:20.015812+07:00,421.6293199419997,7.860685165998802,WAIT_FINISH,1958.195450668999,1.0000098389991763,0.2518164950015489,0.0001037639995047357,DISABLED,on,user_reported,36.569236755371094,54.812435150146484,1007.151796875,106048.0546875,True,True,True,176,0,0,109,178,101,2026-10-03T17:10:20.015890+07:00,421.6294074039997,0.18582051400153432,OK,,True,2026-10-03T17:10:20.201722+07:00,421.8152359180003,0.0329997690005257,OK,,True,1552,0.194,,2026-10-03T17:10:20.234722+07:00,421.8482393530012,0.03288738099945476,OK,,True,2762,0.34525,
5f6a39ae4ae94318927b52b4009d4387,423,2026-10-03T17:10:21.015823+07:00,422.6293293380004,8.86069456199948,WAIT_FINISH,1959.1954600649997,1.000009396000678,0.25185860700003104,0.00011316000018268824,DISABLED,on,user_reported,36.5628547668457,54.798709869384766,1007.134609375,106777.890625,True,True,True,176,0,0,109,178,101,2026-10-03T17:10:21.015908+07:00,422.6294260040013,0.18581582899969362,OK,,True,2026-10-03T17:10:21.201737+07:00,422.8152505730013,0.03303139799936616,OK,,True,1562,0.19525,,2026-10-03T17:10:21.234769+07:00,422.84828563799965,0.0328917700007878,OK,,True,2758,0.34475,
5f6a39ae4ae94318927b52b4009d4387,424,2026-10-03T17:10:22.015807+07:00,423.629315477001,9.860680701000092,WAIT_FINISH,1960.1954462040003,0.9999861390006117,0.25226212199959264,9.929900079441722e-05,DISABLED,on,user_reported,36.55902862548828,54.791744232177734,1007.121640625,106312.2890625,True,True,True,176,0,0,109,179,101,2026-10-03T17:10:22.015885+07:00,423.6294030320005,0.18583543999920948,OK,,True,2026-10-03T17:10:22.201734+07:00,423.81524739700035,0.03338543199970445,OK,,True,1562,0.19525,,2026-10-03T17:10:22.235124+07:00,423.8486383850013,0.03292908399998851,OK,,True,2765,0.345625,
5f6a39ae4ae94318927b52b4009d4387,425,2026-10-03T17:10:23.016731+07:00,424.63023788600003,10.861603109999123,WAIT_FINISH,1961.1963686129993,1.0009224089990312,0.25188794099994993,0.001021707999825594,DISABLED,on,user_reported,36.5628547668457,54.80509567260742,1007.1209375,106777.890625,True,True,True,176,0,0,109,178,101,2026-10-03T17:10:23.016809+07:00,424.63032655200004,0.18588934699982929,OK,,True,2026-10-03T17:10:23.202710+07:00,424.81622436200087,0.03300484299870732,OK,,True,1554,0.19425,,2026-10-03T17:10:23.235716+07:00,424.84923268700004,0.032883584000956034,OK,,True,2763,0.345375,
