run_id,seq,timestamp,elapsed_s,phase_elapsed_s,phase,sensor_uptime_s,loop_interval_s,loop_duration_s,schedule_lag_s,pump_command,external_pump_state,external_pump_source,temperature_c,humidity_pct,pressure_hpa,gas_resistance_ohm,gas_valid,heater_stable,new_data,bme_status_bits,bme_meas_index,bme_gas_index,bme_res_heat,bme_idac,bme_gas_wait,bme_read_started_at,bme_read_elapsed_s,bme_read_duration_s,bme_status,bme_error,bme_fresh,mq135_read_started_at,mq135_read_elapsed_s,mq135_read_duration_s,mq135_status,mq135_error,mq135_fresh,mq135_adc_count,mq135_voltage_v,mq135_ao_voltage_v,mq3_read_started_at,mq3_read_elapsed_s,mq3_read_duration_s,mq3_status,mq3_error,mq3_fresh,mq3_adc_count,mq3_voltage_v,mq3_ao_voltage_v
c833c10214a84703b40edbdf1b2f16b1,1,2026-10-03T15:04:36.526740+07:00,0.047640316000070015,0.047640316000070015,MONITOR,0.20995228900005714,,0.2543001709998407,2.275900010317855e-05,DISABLED,unknown,not_reported,38.593055725097656,66.41886138916016,1009.206015625,25759.7109375,True,False,True,160,0,0,109,158,101,2026-10-03T15:04:36.526815+07:00,0.047722315999862985,0.18603631600012704,OK,,True,2026-10-03T15:04:36.712864+07:00,0.23376644699987992,0.03434098200000335,OK,,True,1269,0.15862500000000002,,2026-10-03T15:04:36.747212+07:00,0.2681147069999952,0.03381115000001955,OK,,True,2540,0.3175,
c833c10214a84703b40edbdf1b2f16b1,2,2026-10-03T15:04:37.526816+07:00,1.0477104510000572,1.0477104510000572,MONITOR,1.2100224240000443,1.0000701349999872,0.2568568859999232,9.289400009038218e-05,DISABLED,unknown,not_reported,38.71173095703125,66.30413818359375,1009.19234375,5684.84619140625,True,True,True,176,0,0,109,178,101,2026-10-03T15:04:37.526904+07:00,1.047807579999926,0.18777664499998536,OK,,True,2026-10-03T15:04:37.714696+07:00,1.235596520999934,0.0358718489999319,OK,,True,1286,0.16075,,2026-10-03T15:04:37.750573+07:00,1.271475277000036,0.03307609700004832,OK,,True,2543,0.317875,
c833c10214a84703b40edbdf1b2f16b1,3,2026-10-03T15:04:38.526818+07:00,2.0477145669999572,2.0477145669999572,MONITOR,2.2100265399999444,1.0000041159999,0.25186310300000514,9.700999999040505e-05,DISABLED,unknown,not_reported,38.857200622558594,66.03180694580078,1009.2084375,5684.84619140625,True,True,True,176,0,0,109,177,101,2026-10-03T15:04:38.526912+07:00,2.047818473999996,0.1858428539999295,OK,,True,2026-10-03T15:04:38.712774+07:00,2.233676087000049,0.03302324499986753,OK,,True,1282,0.16025,,2026-10-03T15:04:38.745801+07:00,2.2667060359999596,0.03286163400002806,OK,,True,2557,0.319625,
c833c10214a84703b40edbdf1b2f16b1,4,2026-10-03T15:04:39.526843+07:00,3.047737978999976,3.047737978999976,MONITOR,3.210049951999963,1.0000234120000187,0.252131769000016,0.00012042200000905723,DISABLED,unknown,not_reported,38.90888214111328,65.75701141357422,1009.216640625,5684.84619140625,True,True,True,176,0,0,109,177,101,2026-10-03T15:04:39.526935+07:00,3.047842219999893,0.18582372400010172,OK,,True,2026-10-03T15:04:39.712771+07:00,3.2336737399998583,0.03302593000012166,OK,,True,1289,0.161125,,2026-10-03T15:04:39.745800+07:00,3.2667041699999118,0.03315387400016334,OK,,True,2545,0.318125,
c833c10214a84703b40edbdf1b2f16b1,5,2026-10-03T15:04:40.526809+07:00,4.047706113999993,4.047706113999993,MONITOR,4.21001808699998,0.9999681350000174,0.2609682449999582,8.855700002641242e-05,DISABLED,unknown,not_reported,38.943336486816406,65.51325988769531,1009.224296875,5684.84619140625,True,True,True,176,0,0,109,177,101,2026-10-03T15:04:40.526884+07:00,4.047791595000035,0.18901032700000542,OK,,True,2026-10-03T15:04:40.715913+07:00,4.236813514999994,0.03562677500008249,OK,,True,1299,0.162375,,2026-10-03T15:04:40.751547+07:00,4.272448474999919,0.03620355099997141,OK,,True,2558,0.31975000000000003,
c833c10214a84703b40edbdf1b2f16b1,6,2026-10-03T15:04:41.526817+07:00,5.047714915999904,5.047714915999904,MONITOR,5.2100268889998915,1.0000088019999112,0.252394582000079,9.735899993756902e-05,DISABLED,unknown,not_reported,38.96949768066406,65.32898712158203,1009.23921875,5684.84619140625,True,True,True,176,0,0,109,177,101,2026-10-03T15:04:41.526889+07:00,5.047796156000004,0.1858136690000265,OK,,True,2026-10-03T15:04:41.712714+07:00,5.233617342999878,0.03349804000004042,OK,,True,1277,0.15962500000000002,,2026-10-03T15:04:41.746216+07:00,5.267119697999988,0.03297889300006318,OK,,True,2557,0.319625,
c833c10214a84703b40edbdf1b2f16b1,7,2026-10-03T15:04:42.526806+07:00,6.047702123999898,6.047702123999898,MONITOR,6.210014096999885,0.9999872079999932,0.253829579000012,8.456699993075745e-05,DISABLED,unknown,not_reported,38.98289489746094,65.16960906982422,1009.185390625,5709.18798828125,True,True,True,176,0,0,109,177,101,2026-10-03T15:04:42.526909+07:00,6.047816308999927,0.18582233500001166,OK,,True,2026-10-03T15:04:42.712744+07:00,6.233646495999892,0.03364137300013681,OK,,True,1295,0.161875,,2026-10-03T15:04:42.746395+07:00,6.267294832000061,0.03421705599998859,OK,,True,2541,0.317625,
c833c10214a84703b40edbdf1b2f16b1,8,2026-10-03T15:04:43.526811+07:00,7.04770570300002,7.04770570300002,MONITOR,7.210017676000007,1.000003579000122,0.25209304700001667,8.814600005280226e-05,DISABLED,unknown,not_reported,38.99565887451172,65.05061340332031,1009.206171875,6562.75634765625,True,True,True,176,0,0,109,177,101,2026-10-03T15:04:43.526885+07:00,7.047791739999866,0.18585453900004723,OK,,True,2026-10-03T15:04:43.712753+07:00,7.2336555940000835,0.03305752199980816,OK,,True,1296,0.162,,2026-10-03T15:04:43.745813+07:00,7.2667173939998975,0.033070299999963026,OK,,True,2555,0.319375,
c833c10214a84703b40edbdf1b2f16b1,9,2026-10-03T15:04:44.526814+07:00,8.047710244999962,8.047710244999962,MONITOR,8.21002221799995,1.0000045419999424,0.2521973430000344,9.268799999517796e-05,DISABLED,unknown,not_reported,39.005226135253906,64.95130157470703,1009.21484375,7239.81884765625,True,True,True,176,0,0,109,177,101,2026-10-03T15:04:44.526896+07:00,8.047802949000015,0.18586253900002703,OK,,True,2026-10-03T15:04:44.712773+07:00,8.23367446899988,0.033052208000071914,OK,,True,1279,0.15987500000000002,,2026-10-03T15:04:44.745827+07:00,8.266730824999968,0.033165170000074795,OK,,True,2555,0.319375,
c833c10214a84703b40edbdf1b2f16b1,10,2026-10-03T15:04:45.526807+07:00,9.047705547000078,9.047705547000078,MONITOR,9.210017520000065,0.9999953020001158,0.2527349149997917,8.799000011094904e-05,DISABLED,unknown,not_reported,39.01352310180664,64.87873077392578,1009.20078125,8103.3173828125,True,True,True,176,0,0,109,177,101,2026-10-03T15:04:45.526882+07:00,9.04778913899986,0.1858740760001183,OK,,True,2026-10-03T15:04:45.712770+07:00,9.233672436999996,0.03383418699991125,OK,,True,1294,0.16175,,2026-10-03T15:04:45.746608+07:00,9.26751205000005,0.032913763999886214,OK,,True,2557,0.319625,
c833c10214a84703b40edbdf1b2f16b1,11,2026-10-03T15:04:46.526858+07:00,10.047748274000014,10.047748274000014,MONITOR,10.210060247000001,1.0000427269999363,0.26056089400003657,0.00013071700004729792,DISABLED,unknown,not_reported,39.02245330810547,64.81300354003906,1009.21515625,9021.7080078125,True,True,True,176,0,0,109,177,101,2026-10-03T15:04:46.527004+07:00,10.047909718000028,0.1901904530000138,OK,,True,2026-10-03T15:04:46.717215+07:00,10.238115318999917,0.03663247600002251,OK,,True,1297,0.162125,,2026-10-03T15:04:46.753858+07:00,10.274758295000083,0.03353794699978607,OK,,True,2556,0.3195,
c833c10214a84703b40edbdf1b2f16b1,12,2026-10-03T15:04:47.526816+07:00,11.047712186999888,11.047712186999888,MONITOR,11.210024159999875,0.9999639129998741,0.25309771000002,9.462999992138066e-05,DISABLED,unknown,not_reported,39.033939361572266,64.75446319580078,1009.185703125,9965.7431640625,True,True,True,176,0,0,109,177,101,2026-10-03T15:04:47.526896+07:00,11.047803574999989,0.1858212800000274,OK,,True,2026-10-03T15:04:47.712730+07:00,11.23363296599996,0.03344707700011895,OK,,True,1282,0.16025,,2026-10-03T15:04:47.746182+07:00,11.267085857999973,0.03370777999998609,OK,,True,2556,0.3195,
c833c10214a84703b40edbdf1b2f16b1,13,2026-10-03T15:04:48.526812+07:00,12.047710339999867,12.047710339999867,MONITOR,12.210022312999854,0.9999981529999786,0.25281350700015537,9.27829999000096e-05,DISABLED,unknown,not_reported,39.03968048095703,64.7218246459961,1009.222421875,10880.6533203125,True,True,True,176,0,0,109,177,101,2026-10-03T15:04:48.526888+07:00,12.047794894999925,0.18587103899994872,OK,,True,2026-10-03T15:04:48.712773+07:00,12.233675988999948,0.03377898400003687,OK,,True,1293,0.161625,,2026-10-03T15:04:48.746557+07:00,12.267460694999954,0.033051393000050666,OK,,True,2554,0.31925000000000003,
c833c10214a84703b40edbdf1b2f16b1,14,2026-10-03T15:04:49.526812+07:00,13.047708418999946,13.047708418999946,MONITOR,13.210020391999933,0.9999980790000791,0.2620673530000204,9.086199997909716e-05,DISABLED,unknown,not_reported,39.04669952392578,64.66255187988281,1009.22703125,12084.591796875,True,True,True,176,0,0,109,177,101,2026-10-03T15:04:49.526892+07:00,13.047799492999957,0.18679914700010158,OK,,True,2026-10-03T15:04:49.713716+07:00,13.234616991999928,0.040517651000072874,OK,,True,1267,0.15837500000000002,,2026-10-03T15:04:49.754239+07:00,13.275142161000076,0.03461553699980868,OK,,True,2534,0.31675000000000003,
c833c10214a84703b40edbdf1b2f16b1,15,2026-10-03T15:04:50.526811+07:00,14.047709202000078,14.047709202000078,MONITOR,14.210021175000065,1.0000007830001323,0.25415405899980215,9.164500011138443e-05,DISABLED,unknown,not_reported,39.053077697753906,64.63004302978516,1009.25796875,13157.89453125,True,True,True,176,0,0,109,177,101,2026-10-03T15:04:50.526886+07:00,14.047792812999887,0.1858175200000005,OK,,True,2026-10-03T15:04:50.712715+07:00,14.23361786999999,0.034188019999874086,OK,,True,1294,0.16175,,2026-10-03T15:04:50.746908+07:00,14.267811259999917,0.034033686000157104,OK,,True,2552,0.319,
c833c10214a84703b40edbdf1b2f16b1,16,2026-10-03T15:04:51.526812+07:00,15.047710576999862,15.047710576999862,MONITOR,15.210022549999849,1.0000013749997834,0.2554880930001673,9.301999989475007e-05,DISABLED,unknown,not_reported,39.056270599365234,64.59027862548828,1009.194375,14171.8330078125,True,True,True,176,0,0,109,177,101,2026-10-03T15:04:51.526887+07:00,15.047794205999935,0.18580533599993032,OK,,True,2026-10-03T15:04:51.712704+07:00,15.233607207999967,0.035792997000044124,OK,,True,1272,0.159,,2026-10-03T15:04:51.748507+07:00,15.269408501000044,0.033760038999844255,OK,,True,2522,0.31525000000000003,
c833c10214a84703b40edbdf1b2f16b1,17,2026-10-03T15:04:52.526823+07:00,16.047720730000037,16.047720730000037,MONITOR,16.210032703000024,1.0000101530001757,0.25337785800002166,0.0001031730000704556,DISABLED,unknown,not_reported,39.06201171875,64.57111358642578,1009.244921875,15212.740234375,True,True,True,176,0,0,109,177,101,2026-10-03T15:04:52.526901+07:00,16.04780863699989,0.1858264100001179,OK,,True,2026-10-03T15:04:52.712741+07:00,16.233644269000024,0.03436127800000577,OK,,True,1294,0.16175,,2026-10-03T15:04:52.747108+07:00,16.268011194999872,0.03307587500012232,OK,,True,2558,0.31975000000000003,
c833c10214a84703b40edbdf1b2f16b1,18,2026-10-03T15:04:53.526814+07:00,17.04771016099994,17.04771016099994,MONITOR,17.210022133999928,0.9999894309999036,0.26003983999999036,9.260399997401692e-05,DISABLED,unknown,not_reported,39.06520462036133,64.55821228027344,1009.20890625,16256.0322265625,True,True,True,176,0,0,109,177,101,2026-10-03T15:04:53.526896+07:00,17.047803493999936,0.1858318730000974,OK,,True,2026-10-03T15:04:53.712742+07:00,17.233645014999865,0.03935667200016724,OK,,True,1280,0.16,,2026-10-03T15:04:53.752104+07:00,17.273007150000012,0.03472946199985927,OK,,True,2548,0.3185,
c833c10214a84703b40edbdf1b2f16b1,19,2026-10-03T15:04:54.526811+07:00,18.04770818499992,18.04770818499992,MONITOR,18.210020157999907,0.9999980239999786,0.2543715220001559,9.062799995263049e-05,DISABLED,unknown,not_reported,39.06903076171875,64.5454330444336,1009.228984375,17467.248046875,True,True,True,176,0,0,109,177,101,2026-10-03T15:04:54.526887+07:00,18.047794480999983,0.18581646500001625,OK,,True,2026-10-03T15:04:54.712714+07:00,18.23361798299993,0.03312998499995956,OK,,True,1293,0.161625,,2026-10-03T15:04:54.745850+07:00,18.266753820000076,0.03530671999988044,OK,,True,2540,0.3175,
c833c10214a84703b40edbdf1b2f16b1,20,2026-10-03T15:04:55.526818+07:00,19.04771557899994,19.04771557899994,MONITOR,19.21002755199993,1.000007394000022,0.2546469100000195,9.802199997466232e-05,DISABLED,unknown,not_reported,39.07285690307617,64.50579833984375,1009.22125,18481.0859375,True,True,True,176,0,0,109,177,101,2026-10-03T15:04:55.526895+07:00,19.04780248599991,0.1858116500000051,OK,,True,2026-10-03T15:04:55.712718+07:00,19.23362165399999,0.0342783529999906,OK,,True,1282,0.16025,,2026-10-03T15:04:55.747002+07:00,19.26790502499989,0.03444409300004736,OK,,True,2552,0.319,
c833c10214a84703b40edbdf1b2f16b1,21,2026-10-03T15:04:56.526814+07:00,20.047711731999925,20.047711731999925,MONITOR,20.210023704999912,0.9999961529999837,0.2585603990000891,9.417499995834078e-05,DISABLED,unknown,not_reported,39.08306884765625,64.5075454711914,1009.224140625,19583.84375,True,True,True,176,0,0,109,177,101,2026-10-03T15:04:56.526889+07:00,20.047795898000004,0.18581548399993153,OK,,True,2026-10-03T15:04:56.712714+07:00,20.233617715000037,0.0328386710000359,OK,,True,1287,0.160875,,2026-10-03T15:04:56.745557+07:00,20.266460941999867,0.03979450400015594,OK,,True,2560,0.32,
c833c10214a84703b40edbdf1b2f16b1,22,2026-10-03T15:04:57.526875+07:00,21.047763273999863,21.047763273999863,MONITOR,21.21007524699985,1.0000515419999374,0.2757228899999973,0.00014571699989573972,DISABLED,unknown,not_reported,39.08562088012695,64.48112487792969,1009.21453125,20725.388671875,True,True,True,176,0,0,109,177,101,2026-10-03T15:04:57.527031+07:00,21.047936402999994,0.19174746699991374,OK,,True,2026-10-03T15:04:57.718800+07:00,21.239699982000047,0.03675797500000044,OK,,True,1298,0.16225,,2026-10-03T15:04:57.755569+07:00,21.276468346,0.04699692999997751,OK,,True,2570,0.32125,
c833c10214a84703b40edbdf1b2f16b1,23,2026-10-03T15:04:58.526822+07:00,22.04771755699994,22.04771755699994,MONITOR,22.21002952999993,0.9999542830000792,0.25227084199991623,9.999999997489795e-05,DISABLED,unknown,not_reported,39.088809967041016,64.47494506835938,1009.212890625,21872.86328125,True,True,True,176,0,0,109,177,101,2026-10-03T15:04:58.526904+07:00,22.047810222999942,0.18580868699996245,OK,,True,2026-10-03T15:04:58.712722+07:00,22.233626207000043,0.03303159600000072,OK,,True,1293,0.161625,,2026-10-03T15:04:58.745758+07:00,22.26666215499995,0.03331013299998631,OK,,True,2549,0.318625,
c833c10214a84703b40edbdf1b2f16b1,24,2026-10-03T15:04:59.526815+07:00,23.047713801999862,23.047713801999862,MONITOR,23.21002577499985,0.9999962449999202,0.2562307210000654,9.624499989513424e-05,DISABLED,unknown,not_reported,39.095191955566406,64.46260070800781,1009.243671875,22980.251953125,True,True,True,176,0,0,109,177,101,2026-10-03T15:04:59.526892+07:00,23.047799005999877,0.18581307600015862,OK,,True,2026-10-03T15:04:59.712716+07:00,23.233619266999995,0.03308394900000167,OK,,True,1307,0.163375,,2026-10-03T15:04:59.745800+07:00,23.26670630800004,0.03722310399984963,OK,,True,2557,0.319625,
c833c10214a84703b40edbdf1b2f16b1,25,2026-10-03T15:05:00.526818+07:00,24.047714641000084,24.047714641000084,MONITOR,24.21002661400007,1.0000008390002222,0.25175949199979186,9.70840001173201e-05,DISABLED,unknown,not_reported,39.096466064453125,64.44939422607422,1009.1840625,24530.470703125,True,True,True,176,0,0,109,177,101,2026-10-03T15:05:00.526904+07:00,24.047811195999884,0.18581894600015403,OK,,True,2026-10-03T15:05:00.712734+07:00,24.23363756799995,0.03295330100013416,OK,,True,1283,0.160375,,2026-10-03T15:05:00.745687+07:00,24.266593720999936,0.03287085600004502,OK,,True,2561,0.320125,
c833c10214a84703b40edbdf1b2f16b1,26,2026-10-03T15:05:01.526812+07:00,25.047710423999888,25.047710423999888,MONITOR,25.210022396999875,0.9999957829998039,0.25187202799997976,9.286699992117065e-05,DISABLED,unknown,not_reported,39.10157012939453,64.42340850830078,1009.219765625,25713.138671875,True,True,True,176,0,0,109,177,101,2026-10-03T15:05:01.526881+07:00,25.047788330999992,0.18582007600002726,OK,,True,2026-10-03T15:05:01.712713+07:00,25.233615665999878,0.03295519000016611,OK,,True,1297,0.162125,,2026-10-03T15:05:01.745667+07:00,25.266573652000034,0.032998873999986245,OK,,True,2557,0.319625,
c833c10214a84703b40edbdf1b2f16b1,27,2026-10-03T15:05:02.526808+07:00,26.047705225000072,26.047705225000072,MONITOR,26.21001719800006,0.9999948010001845,0.25184349199980716,8.766800010562292e-05,DISABLED,unknown,not_reported,39.1073112487793,64.42438507080078,1009.201640625,26896.40625,True,True,True,176,0,0,109,177,101,2026-10-03T15:05:02.526886+07:00,26.047793447000004,0.18580755800007864,OK,,True,2026-10-03T15:05:02.712705+07:00,26.233609004000073,0.033047764000002644,OK,,True,1292,0.1615,,2026-10-03T15:05:02.745755+07:00,26.266660193999996,0.03287976299998263,OK,,True,2561,0.320125,
c833c10214a84703b40edbdf1b2f16b1,28,2026-10-03T15:05:03.526803+07:00,27.047700359999908,27.047700359999908,MONITOR,27.210012332999895,0.9999951349998355,0.25180778799995096,8.280299994112283e-05,DISABLED,unknown,not_reported,39.10540008544922,64.4039306640625,1009.225859375,27972.02734375,True,True,True,176,0,0,109,177,101,2026-10-03T15:05:03.526873+07:00,27.047780415000034,0.1858034089998455,OK,,True,2026-10-03T15:05:03.712687+07:00,27.233591027999864,0.0329883190001965,OK,,True,1301,0.162625,,2026-10-03T15:05:03.745678+07:00,27.266583069000035,0.032916116000023976,OK,,True,2555,0.319375,
c833c10214a84703b40edbdf1b2f16b1,29,2026-10-03T15:05:04.526812+07:00,28.047708049999983,28.047708049999983,MONITOR,28.21002002299997,1.000007690000075,0.2519466020000891,9.049300001606753e-05,DISABLED,unknown,not_reported,39.11241912841797,64.3917007446289,1009.22359375,28978.9453125,True,True,True,176,0,0,109,177,101,2026-10-03T15:05:04.526894+07:00,28.047801456999878,0.18581100200003675,OK,,True,2026-10-03T15:05:04.712716+07:00,28.23361984799999,0.03313087399988035,OK,,True,1301,0.162625,,2026-10-03T15:05:04.745848+07:00,28.266753721999976,0.032892152999920654,OK,,True,2556,0.3195,
c833c10214a84703b40edbdf1b2f16b1,30,2026-10-03T15:05:05.526847+07:00,29.047742296000024,29.047742296000024,MONITOR,29.21005426900001,1.000034246000041,0.2518381759998647,0.00012473900005716132,DISABLED,unknown,not_reported,39.11560821533203,64.38553619384766,1009.215078125,30231.458984375,True,True,True,176,0,0,109,177,101,2026-10-03T15:05:05.526936+07:00,29.047843129000057,0.1858192979998421,OK,,True,2026-10-03T15:05:05.712766+07:00,29.23366935299987,0.03296307800019349,OK,,True,1296,0.162,,2026-10-03T15:05:05.745730+07:00,29.266635635000057,0.0329346710000209,OK,,True,2562,0.32025,
c833c10214a84703b40edbdf1b2f16b1,31,2026-10-03T15:05:06.526805+07:00,30.04770346700002,30.04770346700002,MONITOR,30.210015440000006,0.9999611709999954,0.2517887699998482,8.59100000525359e-05,DISABLED,unknown,not_reported,39.118160247802734,64.3792495727539,1009.20546875,31181.486328125,True,True,True,176,0,0,109,177,101,2026-10-03T15:05:06.526876+07:00,30.04778313399993,0.1858077609999782,OK,,True,2026-10-03T15:05:06.712694+07:00,30.233597506000024,0.03298642999993717,OK,,True,1296,0.162,,2026-10-03T15:05:06.745680+07:00,30.26658686199994,0.03289489300004789,OK,,True,2563,0.320375,
c833c10214a84703b40edbdf1b2f16b1,32,2026-10-03T15:05:07.526813+07:00,31.04770991700002,31.04770991700002,MONITOR,31.210021890000007,1.0000064500000008,0.2517663439998614,9.236000005330425e-05,DISABLED,unknown,not_reported,39.12326431274414,64.35328674316406,1009.206796875,32339.56640625,True,True,True,176,0,0,109,177,101,2026-10-03T15:05:07.526892+07:00,31.04779832400004,0.1858135200000106,OK,,True,2026-10-03T15:05:07.712715+07:00,31.23361871499992,0.03296591100001933,OK,,True,1296,0.162,,2026-10-03T15:05:07.745682+07:00,31.266587533999882,0.032880338000040865,OK,,True,2562,0.32025,
c833c10214a84703b40edbdf1b2f16b1,33,2026-10-03T15:05:08.526811+07:00,32.04770914400001,32.04770914400001,MONITOR,32.210021117,0.9999992269999893,0.2517137699999239,9.158700004263665e-05,DISABLED,unknown,not_reported,39.121986389160156,64.35306549072266,1009.204609375,33402.921875,True,True,True,176,0,0,109,177,101,2026-10-03T15:05:08.526880+07:00,32.04778751399999,0.18581150199997865,OK,,True,2026-10-03T15:05:08.712702+07:00,32.233606349999945,0.03296479999994517,OK,,True,1298,0.16225,,2026-10-03T15:05:08.745668+07:00,32.266573982999944,0.03284063499995682,OK,,True,2561,0.320125,
c833c10214a84703b40edbdf1b2f16b1,34,2026-10-03T15:05:09.526809+07:00,33.04770735300008,33.04770735300008,MONITOR,33.210019326000065,0.9999982090000685,0.2517176209998979,8.979600011116418e-05,DISABLED,unknown,not_reported,39.1239013671875,64.36009979248047,1009.187265625,34371.64453125,True,True,True,176,0,0,109,177,101,2026-10-03T15:05:09.526878+07:00,33.04778522299989,0.18582970600004955,OK,,True,2026-10-03T15:05:09.712720+07:00,33.23362255799998,0.032961004000071625,OK,,True,1303,0.162875,,2026-10-03T15:05:09.745680+07:00,33.266586395999866,0.03283020800017766,OK,,True,2562,0.32025,
c833c10214a84703b40edbdf1b2f16b1,35,2026-10-03T15:05:10.526813+07:00,34.04770900599988,34.04770900599988,MONITOR,34.210020978999864,1.0000016529997993,0.2519473620000099,9.144899991042621e-05,DISABLED,unknown,not_reported,39.12709426879883,64.33380126953125,1009.192421875,35545.68359375,True,True,True,176,0,0,109,177,101,2026-10-03T15:05:10.526895+07:00,34.047801932000084,0.18582131599987406,OK,,True,2026-10-03T15:05:10.712729+07:00,34.23363130400003,0.033121818999916286,OK,,True,1299,0.162375,,2026-10-03T15:05:10.745849+07:00,34.26675569700001,0.03289068899994163,OK,,True,2558,0.31975000000000003,
c833c10214a84703b40edbdf1b2f16b1,36,2026-10-03T15:05:11.526808+07:00,35.04770699200003,35.04770699200003,MONITOR,35.21001896500002,0.9999979860001531,0.25177328899985696,8.943500006353133e-05,DISABLED,unknown,not_reported,39.1353874206543,64.32179260253906,1009.212578125,36519.2578125,True,True,True,176,0,0,109,177,101,2026-10-03T15:05:11.526877+07:00,35.04778397399991,0.1858110390001002,OK,,True,2026-10-03T15:05:11.712699+07:00,35.23360260499999,0.03297324499999377,OK,,True,1307,0.163375,,2026-10-03T15:05:11.745672+07:00,35.26657877599996,0.03289272699998946,OK,,True,2563,0.320375,
c833c10214a84703b40edbdf1b2f16b1,37,2026-10-03T15:05:12.526804+07:00,36.047703016000014,36.047703016000014,MONITOR,36.210014989,0.9999960239999837,0.2517785840000215,8.545900004719442e-05,DISABLED,unknown,not_reported,39.136024475097656,64.32190704345703,1009.206875,37481.69921875,True,True,True,176,0,0,109,177,101,2026-10-03T15:05:12.526874+07:00,36.04778097899998,0.1858000939998874,OK,,True,2026-10-03T15:05:12.712684+07:00,36.23358740699996,0.0330356889999166,OK,,True,1300,0.1625,,2026-10-03T15:05:12.745720+07:00,36.26662603999989,0.03284609800016369,OK,,True,2557,0.319625,
c833c10214a84703b40edbdf1b2f16b1,38,2026-10-03T15:05:13.526802+07:00,37.04770113199993,37.04770113199993,MONITOR,37.210013104999916,0.9999981159999152,0.25180541800000356,8.357499996236584e-05,DISABLED,unknown,not_reported,39.143043518066406,64.31639099121094,1009.21828125,38461.5390625,True,True,True,176,0,0,109,177,101,2026-10-03T15:05:13.526870+07:00,37.04777691000004,0.18581827899993186,OK,,True,2026-10-03T15:05:13.712699+07:00,37.23360261499988,0.032991690000017115,OK,,True,1296,0.162,,2026-10-03T15:05:13.745691+07:00,37.26659735999988,0.03290039400008027,OK,,True,2553,0.319125,
c833c10214a84703b40edbdf1b2f16b1,39,2026-10-03T15:05:14.526807+07:00,38.04770587799999,38.04770587799999,MONITOR,38.210017850999975,1.0000047460000587,0.2518229550000797,8.832100002109655e-05,DISABLED,unknown,not_reported,39.14623260498047,64.30350494384766,1009.223359375,39603.9609375,True,True,True,176,0,0,109,177,101,2026-10-03T15:05:14.526877+07:00,38.04778393299989,0.18580816899998354,OK,,True,2026-10-03T15:05:14.712695+07:00,38.233599139000034,0.03301078200001939,OK,,True,1300,0.1625,,2026-10-03T15:05:14.745707+07:00,38.26661292099993,0.03290672599996469,OK,,True,2560,0.32,
c833c10214a84703b40edbdf1b2f16b1,40,2026-10-03T15:05:15.526810+07:00,39.04770608700005,39.04770608700005,MONITOR,39.21001806000004,1.0000002090000635,0.2529774509998788,8.853000008457457e-05,DISABLED,unknown,not_reported,39.14942169189453,64.29063415527344,1009.214765625,40429.5625,True,True,True,176,0,0,109,177,101,2026-10-03T15:05:15.526891+07:00,39.047798419999936,0.186020297000141,OK,,True,2026-10-03T15:05:15.712927+07:00,39.23382832800007,0.033708187999991424,OK,,True,1296,0.162,,2026-10-03T15:05:15.746639+07:00,39.267542219999996,0.03313103999994382,OK,,True,2558,0.31975000000000003,
c833c10214a84703b40edbdf1b2f16b1,41,2026-10-03T15:05:16.526807+07:00,40.04770590599992,40.04770590599992,MONITOR,40.210017878999906,0.9999998189998678,0.251864937000164,8.834899995235901e-05,DISABLED,unknown,not_reported,39.152610778808594,64.30459594726562,1009.22,41370.39453125,True,True,True,176,0,0,109,177,101,2026-10-03T15:05:16.526877+07:00,40.047783868999886,0.18580142800010435,OK,,True,2026-10-03T15:05:16.712688+07:00,40.23359185300001,0.03310992899992016,OK,,True,1297,0.162125,,2026-10-03T15:05:16.745799+07:00,40.266705152999975,0.03285733799998525,OK,,True,2562,0.32025,
c833c10214a84703b40edbdf1b2f16b1,42,2026-10-03T15:05:17.526808+07:00,41.04770731899998,41.04770731899998,MONITOR,41.21001929199997,1.0000014130000636,0.2520406579999417,8.976200001598045e-05,DISABLED,unknown,not_reported,39.15516662597656,64.29832458496094,1009.217265625,42272.125,True,True,True,176,0,0,109,177,101,2026-10-03T15:05:17.526875+07:00,41.047782336999944,0.18580998400011595,OK,,True,2026-10-03T15:05:17.712695+07:00,41.23359954300008,0.03318578099992919,OK,,True,1289,0.161125,,2026-10-03T15:05:17.745886+07:00,41.266789379999864,0.03294868900002257,OK,,True,2561,0.320125,
c833c10214a84703b40edbdf1b2f16b1,43,2026-10-03T15:05:18.526809+07:00,42.04770793500006,42.04770793500006,MONITOR,42.21001990800005,1.0000006160000794,0.25175402899981236,9.037800009537023e-05,DISABLED,unknown,not_reported,39.157081604003906,64.27851867675781,1009.199609375,43214.04296875,True,True,True,176,0,0,109,177,101,2026-10-03T15:05:18.526876+07:00,42.04778356399993,0.18581792800000585,OK,,True,2026-10-03T15:05:18.712707+07:00,42.23360991799996,0.032980411999915304,OK,,True,1296,0.162,,2026-10-03T15:05:18.745687+07:00,42.26659331099995,0.032859949000112465,OK,,True,2564,0.3205,
c833c10214a84703b40edbdf1b2f16b1,44,2026-10-03T15:05:19.526808+07:00,43.04770668099991,43.04770668099991,MONITOR,43.210018653999896,0.9999987459998465,0.25195023200012656,8.912399994187581e-05,DISABLED,unknown,not_reported,39.16027069091797,64.27235412597656,1009.2459375,44198.89453125,True,True,True,176,0,0,109,177,101,2026-10-03T15:05:19.526876+07:00,43.047783106,0.1858122060000369,OK,,True,2026-10-03T15:05:19.712699+07:00,43.233602534000056,0.03320254099980957,OK,,True,1301,0.162625,,2026-10-03T15:05:19.745907+07:00,43.26681053800007,0.03283713399991939,OK,,True,2561,0.320125,
c833c10214a84703b40edbdf1b2f16b1,45,2026-10-03T15:05:20.526814+07:00,44.047712778000005,44.047712778000005,MONITOR,44.21002475099999,1.000006097000096,0.2517886959999487,9.522100003778178e-05,DISABLED,unknown,not_reported,39.165374755859375,64.26651000976562,1009.213125,44896.52734375,True,True,True,176,0,0,109,177,101,2026-10-03T15:05:20.526881+07:00,44.04778816699991,0.18581733500013797,OK,,True,2026-10-03T15:05:20.712711+07:00,44.23361352100005,0.03300878200002444,OK,,True,1291,0.161375,,2026-10-03T15:05:20.745720+07:00,44.26662583999996,0.03286631900004977,OK,,True,2566,0.32075,
c833c10214a84703b40edbdf1b2f16b1,46,2026-10-03T15:05:21.526814+07:00,45.04771193099987,45.04771193099987,MONITOR,45.210023903999854,0.9999991529998624,0.252465083000061,9.437399990019912e-05,DISABLED,unknown,not_reported,39.16728973388672,64.2601318359375,1009.23,45616.53515625,True,True,True,176,0,0,109,177,101,2026-10-03T15:05:21.526880+07:00,45.047786764999955,0.18583048300001792,OK,,True,2026-10-03T15:05:21.712724+07:00,45.233626062999974,0.033625539000013305,OK,,True,1302,0.16275,,2026-10-03T15:05:21.746354+07:00,45.2672576949999,0.03290870800015,OK,,True,2564,0.3205,
c833c10214a84703b40edbdf1b2f16b1,47,2026-10-03T15:05:22.526811+07:00,46.04770843599999,46.04770843599999,MONITOR,46.21002040899998,0.9999965050001265,0.25217130600003657,9.087900002668903e-05,DISABLED,unknown,not_reported,39.16792678833008,64.26023864746094,1009.231015625,46613.25390625,True,True,True,176,0,0,109,177,101,2026-10-03T15:05:22.526891+07:00,46.047798250999904,0.18584822399998302,OK,,True,2026-10-03T15:05:22.712753+07:00,46.233655993999946,0.03332311400004073,OK,,True,1296,0.162,,2026-10-03T15:05:22.746081+07:00,46.26698421900005,0.03288737499997296,OK,,True,2570,0.32125,
c833c10214a84703b40edbdf1b2f16b1,48,2026-10-03T15:05:23.526838+07:00,47.047730237999986,47.047730237999986,MONITOR,47.21004221099997,1.000021801999992,0.26237772199988285,0.00011268100001871062,DISABLED,unknown,not_reported,39.172393798828125,64.2542953491211,1009.2040625,47904.19140625,True,True,True,176,0,0,109,177,101,2026-10-03T15:05:23.526968+07:00,47.04787370000008,0.19136141299986775,OK,,True,2026-10-03T15:05:23.718348+07:00,47.23924776099989,0.03545744200005174,OK,,True,1305,0.163125,,2026-10-03T15:05:23.753809+07:00,47.27471323999998,0.035375072000078944,OK,,True,2563,0.320375,
c833c10214a84703b40edbdf1b2f16b1,49,2026-10-03T15:05:24.526877+07:00,48.047765002000006,48.047765002000006,MONITOR,48.21007697499999,1.00003476400002,0.2625647590000426,0.00014744500003871508,DISABLED,unknown,not_reported,39.17813491821289,64.23514556884766,1009.185703125,49032.75390625,True,True,True,176,0,0,109,177,101,2026-10-03T15:05:24.527031+07:00,48.04793640899993,0.1917645779999475,OK,,True,2026-10-03T15:05:24.718816+07:00,48.23971480199998,0.03538116499998978,OK,,True,1305,0.163125,,2026-10-03T15:05:24.754201+07:00,48.27510413300001,0.035206684000058885,OK,,True,2567,0.320875,
c833c10214a84703b40edbdf1b2f16b1,50,2026-10-03T15:05:25.526897+07:00,49.04778222899995,49.04778222899995,MONITOR,49.21009420199994,1.0000172269999439,0.25864617699994596,0.00016467199998260185,DISABLED,unknown,not_reported,39.17940902709961,64.22195434570312,1009.228984375,49921.99609375,True,True,True,176,0,0,109,177,101,2026-10-03T15:05:25.527064+07:00,49.0479702099999,0.18796944100017754,OK,,True,2026-10-03T15:05:25.715050+07:00,49.235950798999966,0.0367141609999635,OK,,True,1283,0.160375,,2026-10-03T15:05:25.751771+07:00,49.27267344100005,0.033739075999847046,OK,,True,2549,0.318625,
c833c10214a84703b40edbdf1b2f16b1,51,2026-10-03T15:05:26.526876+07:00,50.047765992999985,50.047765992999985,MONITOR,50.21007796599997,0.9999837640000351,0.26248026000007485,0.0001484360000176821,DISABLED,unknown,not_reported,39.180686950683594,64.23558044433594,1009.2175,50483.140625,True,True,True,176,0,0,109,177,101,2026-10-03T15:05:26.527034+07:00,50.047939197000005,0.19173328199985917,OK,,True,2026-10-03T15:05:26.718786+07:00,50.23968557199987,0.035359979000077146,OK,,True,1302,0.16275,,2026-10-03T15:05:26.754148+07:00,50.27505310599986,0.03517440600012378,OK,,True,2569,0.321125,
c833c10214a84703b40edbdf1b2f16b1,52,2026-10-03T15:05:27.526900+07:00,51.04778816499993,51.04778816499993,MONITOR,51.210100137999916,1.0000221719999445,0.2624054259999866,0.00017060799996215792,DISABLED,unknown,not_reported,39.183876037597656,64.23612976074219,1009.215703125,51179.52734375,True,True,True,176,0,0,109,177,101,2026-10-03T15:05:27.527044+07:00,51.047950293999975,0.19153848699988885,OK,,True,2026-10-03T15:05:27.718603+07:00,51.23950250300004,0.035458237999819175,OK,,True,1300,0.1625,,2026-10-03T15:05:27.754064+07:00,51.27496838899992,0.03520788800005903,OK,,True,2576,0.322,
c833c10214a84703b40edbdf1b2f16b1,53,2026-10-03T15:05:28.526828+07:00,52.047724077999874,52.047724077999874,MONITOR,52.21003605099986,0.9999359129999448,0.25171499200018843,0.00010652099990693387,DISABLED,unknown,not_reported,39.18515396118164,64.2296371459961,1009.210859375,52181.00390625,True,True,True,176,0,0,109,177,101,2026-10-03T15:05:28.526912+07:00,52.047819150999885,0.18581190999998398,OK,,True,2026-10-03T15:05:28.712733+07:00,52.23363637600005,0.03295991100003448,OK,,True,1279,0.15987500000000002,,2026-10-03T15:05:28.745693+07:00,52.266599454000016,0.032830967999871064,OK,,True,2568,0.321,
c833c10214a84703b40edbdf1b2f16b1,54,2026-10-03T15:05:29.526807+07:00,53.04770585999995,53.04770585999995,MONITOR,53.21001783299994,0.9999817820000771,0.2516688810001142,8.830299998408009e-05,DISABLED,unknown,not_reported,39.19025802612305,64.22380065917969,1009.2121875,52827.07421875,True,True,True,176,0,0,109,177,101,2026-10-03T15:05:29.526882+07:00,53.047789433999924,0.18579646500006675,OK,,True,2026-10-03T15:05:29.712687+07:00,53.23359117699988,0.03292743000019982,OK,,True,1290,0.16125,,2026-10-03T15:05:29.745635+07:00,53.26654192199999,0.032824041999901965,OK,,True,2566,0.32075,
c833c10214a84703b40edbdf1b2f16b1,55,2026-10-03T15:05:30.526810+07:00,54.04770814299991,54.04770814299991,MONITOR,54.210020115999896,1.000002282999958,0.2522427690000768,9.058599994204997e-05,DISABLED,unknown,not_reported,39.19217300415039,64.22412109375,1009.2290625,53556.484375,True,True,True,176,0,0,109,177,101,2026-10-03T15:05:30.526885+07:00,54.047792272999914,0.18581890900009057,OK,,True,2026-10-03T15:05:30.712716+07:00,54.23361881200003,0.03322833599986552,OK,,True,1297,0.162125,,2026-10-03T15:05:30.745944+07:00,54.26685029700002,0.03308996600003411,OK,,True,2562,0.32025,
c833c10214a84703b40edbdf1b2f16b1,56,2026-10-03T15:05:31.526811+07:00,55.047709037000004,55.047709037000004,MONITOR,55.21002100999999,1.0000008940000953,0.25210786100001314,9.148000003733614e-05,DISABLED,unknown,not_reported,39.19536209106445,64.20454406738281,1009.21359375,54202.8359375,True,True,True,176,0,0,109,177,101,2026-10-03T15:05:31.526890+07:00,55.047797258999935,0.18584042800011957,OK,,True,2026-10-03T15:05:31.712744+07:00,55.2336470759999,0.03326683700015565,OK,,True,1298,0.16225,,2026-10-03T15:05:31.746015+07:00,55.266918598000075,0.0328876709997985,OK,,True,2566,0.32075,
c833c10214a84703b40edbdf1b2f16b1,57,2026-10-03T15:05:32.526812+07:00,56.04770939399987,56.04770939399987,MONITOR,56.210021366999854,1.0000003569998626,0.25358608000010463,9.183699989989691e-05,DISABLED,unknown,not_reported,39.2023811340332,64.20573425292969,1009.21125,54584.22265625,True,True,True,176,0,0,109,177,101,2026-10-03T15:05:32.526891+07:00,56.04779820899989,0.18582013100012773,OK,,True,2026-10-03T15:05:32.712723+07:00,56.23362608100001,0.034160094000071695,OK,,True,1302,0.16275,,2026-10-03T15:05:32.746887+07:00,56.26779102599994,0.033493873999987045,OK,,True,2557,0.319625,
c833c10214a84703b40edbdf1b2f16b1,58,2026-10-03T15:05:33.526928+07:00,57.04781341700004,57.04781341700004,MONITOR,57.21012539000003,1.0001040230001763,0.25302493300000606,0.00019586000007620896,DISABLED,unknown,not_reported,39.204933166503906,64.19947052001953,1009.2221875,55471.2890625,True,True,True,176,0,0,109,177,101,2026-10-03T15:05:33.527097+07:00,57.048002602,0.18678549900005237,OK,,True,2026-10-03T15:05:33.713891+07:00,57.23479476800003,0.03298037499985185,OK,,True,1307,0.163375,,2026-10-03T15:05:33.746872+07:00,57.26777814299999,0.03304889199989702,OK,,True,2560,0.32,
c833c10214a84703b40edbdf1b2f16b1,59,2026-10-03T15:05:34.526804+07:00,58.04770208900004,58.04770208900004,MONITOR,58.21001406200003,0.9998886719999973,0.251706380999849,8.45320000735228e-05,DISABLED,unknown,not_reported,39.204933166503906,64.1860580444336,1009.215390625,55980.7578125,True,True,True,176,0,0,109,177,101,2026-10-03T15:05:34.526879+07:00,58.04778594100003,0.18579927999985557,OK,,True,2026-10-03T15:05:34.712688+07:00,58.233590924000055,0.03297181899984025,OK,,True,1290,0.16125,,2026-10-03T15:05:34.745659+07:00,58.26656589200002,0.032834577999892645,OK,,True,2565,0.320625,
c833c10214a84703b40edbdf1b2f16b1,60,2026-10-03T15:05:35.526803+07:00,59.047701594000046,59.047701594000046,MONITOR,59.21001356700003,0.9999995050000052,0.25195549199997913,8.403700007875159e-05,DISABLED,unknown,not_reported,39.208763122558594,64.20681762695312,1009.207890625,56537.1015625,True,True,True,176,0,0,109,177,101,2026-10-03T15:05:35.526880+07:00,59.047787724000045,0.18579448299988144,OK,,True,2026-10-03T15:05:35.712683+07:00,59.233587096000065,0.033199373999877935,OK,,True,1308,0.1635,,2026-10-03T15:05:35.745884+07:00,59.26679002600008,0.032858207999879596,OK,,True,2567,0.320875,
c833c10214a84703b40edbdf1b2f16b1,61,2026-10-03T15:05:36.526802+07:00,60.04770097000005,60.04770097000005,MONITOR,60.21001294300004,0.9999993760000052,0.2517266949998884,8.341300008396502e-05,DISABLED,unknown,not_reported,39.212589263916016,64.19406127929688,1009.2278125,57104.6171875,True,True,True,176,0,0,109,177,101,2026-10-03T15:05:36.526879+07:00,60.04778589500006,0.18579903899990313,OK,,True,2026-10-03T15:05:36.712686+07:00,60.23359004500003,0.0329647449998447,OK,,True,1305,0.163125,,2026-10-03T15:05:36.745652+07:00,60.26655821600002,0.03286070900003324,OK,,True,2567,0.320875,
c833c10214a84703b40edbdf1b2f16b1,62,2026-10-03T15:05:37.526809+07:00,61.04770667799994,61.04770667799994,MONITOR,61.21001865099993,1.0000057079998896,0.2516793629999938,8.912099997360201e-05,DISABLED,unknown,not_reported,39.213226318359375,64.18746185302734,1009.208125,58115.77734375,True,True,True,176,0,0,109,177,101,2026-10-03T15:05:37.526885+07:00,61.047792067000046,0.18579903899990313,OK,,True,2026-10-03T15:05:37.712692+07:00,61.233596198999976,0.03295761499998662,OK,,True,1295,0.161875,,2026-10-03T15:05:37.745650+07:00,61.26655660999995,0.03282113499994921,OK,,True,2562,0.32025,
c833c10214a84703b40edbdf1b2f16b1,63,2026-10-03T15:05:38.526873+07:00,62.04776760899995,62.04776760899995,MONITOR,62.210079581999935,1.0000609310000073,0.25914556499992614,0.00015005199998086027,DISABLED,unknown,not_reported,39.213863372802734,64.16073608398438,1009.202421875,58434.1484375,True,True,True,176,0,0,109,177,101,2026-10-03T15:05:38.526967+07:00,62.04787423800008,0.18721644299989748,OK,,True,2026-10-03T15:05:38.714195+07:00,62.23509769999987,0.036520476000077906,OK,,True,1306,0.16325,,2026-10-03T15:05:38.750722+07:00,62.271626193999964,0.03526620200000252,OK,,True,2580,0.3225,
c833c10214a84703b40edbdf1b2f16b1,64,2026-10-03T15:05:39.526859+07:00,63.04774796599986,63.04774796599986,MONITOR,63.21005993899985,0.9999803569999131,0.2631567210000867,0.0001304089998939162,DISABLED,unknown,not_reported,39.214500427246094,64.17426300048828,1009.23078125,59040.58984375,True,True,True,176,0,0,109,177,101,2026-10-03T15:05:39.527006+07:00,63.04791204000003,0.1915215049998551,OK,,True,2026-10-03T15:05:39.718545+07:00,63.23944565600004,0.036202995999929044,OK,,True,1244,0.1555,,2026-10-03T15:05:39.754753+07:00,63.27565692899998,0.035228980000056254,OK,,True,2576,0.322,
c833c10214a84703b40edbdf1b2f16b1,65,2026-10-03T15:05:40.526821+07:00,64.04772032300002,64.04772032300002,MONITOR,64.21003229600001,0.9999723570001606,0.2517449179999858,0.00010276600005454384,DISABLED,unknown,not_reported,39.21769332885742,64.16809844970703,1009.2153125,59451.92578125,True,True,True,176,0,0,109,177,101,2026-10-03T15:05:40.526901+07:00,64.04780780400006,0.18580894699994133,OK,,True,2026-10-03T15:05:40.712720+07:00,64.23362415799988,0.03299161500012815,OK,,True,1303,0.162875,,2026-10-03T15:05:40.745714+07:00,64.26661914400006,0.032837986000004094,OK,,True,2567,0.320875,
c833c10214a84703b40edbdf1b2f16b1,66,2026-10-03T15:05:41.526806+07:00,65.04770492099988,65.04770492099988,MONITOR,65.21001689399986,0.9999845979998554,0.2518864910000502,8.73639999099396e-05,DISABLED,unknown,not_reported,39.22216033935547,64.16215515136719,1009.202109375,60420.109375,True,True,True,176,0,0,109,177,101,2026-10-03T15:05:41.526878+07:00,65.04778555000007,0.18579842799999824,OK,,True,2026-10-03T15:05:41.712688+07:00,65.2335916259999,0.03316511499997432,OK,,True,1302,0.16275,,2026-10-03T15:05:41.745854+07:00,65.26675990800004,0.03282328199998119,OK,,True,2569,0.321125,
c833c10214a84703b40edbdf1b2f16b1,67,2026-10-03T15:05:42.526804+07:00,66.04770309199989,66.04770309199989,MONITOR,66.21001506499988,0.9999981710000156,0.25174349200005963,8.5534999925585e-05,DISABLED,unknown,not_reported,39.22534942626953,64.142578125,1009.2140625,60937.87109375,True,True,True,176,0,0,109,177,101,2026-10-03T15:05:42.526880+07:00,66.04778742500002,0.18580737299998873,OK,,True,2026-10-03T15:05:42.712700+07:00,66.23360285299987,0.03296569000008276,OK,,True,1280,0.16,,2026-10-03T15:05:42.745665+07:00,66.26657150599999,0.032866689000002225,OK,,True,2565,0.320625,
c833c10214a84703b40edbdf1b2f16b1,68,2026-10-03T15:05:43.529759+07:00,67.050652163,67.050652163,MONITOR,67.21296413599998,1.0029490710001028,0.252131861999942,0.0030346060000283614,DISABLED,unknown,not_reported,39.221519470214844,64.14863586425781,1009.21484375,61244.01953125,True,True,True,176,0,0,109,177,101,2026-10-03T15:05:43.529850+07:00,67.05075703400007,0.18588859399983448,OK,,True,2026-10-03T15:05:43.715750+07:00,67.23665320200007,0.03325009599984696,OK,,True,1287,0.160875,,2026-10-03T15:05:43.749001+07:00,67.26990683500003,0.03286809699989135,OK,,True,2558,0.31975000000000003,
c833c10214a84703b40edbdf1b2f16b1,69,2026-10-03T15:05:44.526801+07:00,68.047700695,68.047700695,MONITOR,68.21001266799999,0.997048532000008,0.25177454699996815,8.313800003634242e-05,DISABLED,unknown,not_reported,39.22917938232422,64.14994049072266,1009.1928125,61642.1875,True,True,True,176,0,0,109,177,101,2026-10-03T15:05:44.526877+07:00,68.04778462099989,0.18580424200013113,OK,,True,2026-10-03T15:05:44.712692+07:00,68.23359617799997,0.03298968900003274,OK,,True,1298,0.16225,,2026-10-03T15:05:44.745682+07:00,68.26658875599992,0.03287780100004056,OK,,True,2567,0.320875,
c833c10214a84703b40edbdf1b2f16b1,70,2026-10-03T15:05:45.526810+07:00,69.047707274,69.047707274,MONITOR,69.21001924699999,1.0000065790000008,0.251783918000001,8.971700003712613e-05,DISABLED,unknown,not_reported,39.2310905456543,64.1502685546875,1009.209609375,62317.4296875,True,True,True,176,0,0,109,177,101,2026-10-03T15:05:45.526892+07:00,69.04779949599993,0.18581307600015862,OK,,True,2026-10-03T15:05:45.712716+07:00,69.23361979399988,0.032972190000009505,OK,,True,1300,0.1625,,2026-10-03T15:05:45.745689+07:00,69.26659489100007,0.032887801000015315,OK,,True,2570,0.32125,
c833c10214a84703b40edbdf1b2f16b1,71,2026-10-03T15:05:46.526805+07:00,70.04770375999988,70.04770375999988,MONITOR,70.21001573299986,0.9999964859998727,0.25174625200020273,8.620299990980129e-05,DISABLED,unknown,not_reported,39.235557556152344,64.13090515136719,1009.23078125,62822.0859375,True,True,True,176,0,0,109,177,101,2026-10-03T15:05:46.526879+07:00,70.04778607499998,0.1858056870000837,OK,,True,2026-10-03T15:05:46.712696+07:00,70.23359935500002,0.032994318999953975,OK,,True,1308,0.1635,,2026-10-03T15:05:46.745690+07:00,70.26659691400005,0.032844820000036634,OK,,True,2565,0.320625,
c833c10214a84703b40edbdf1b2f16b1,72,2026-10-03T15:05:47.526805+07:00,71.047702802,71.047702802,MONITOR,71.21001477499999,0.9999990420001268,0.25169153000001643,8.524500003659341e-05,DISABLED,unknown,not_reported,39.23810958862305,64.13805389404297,1009.193671875,63429.13671875,True,True,True,176,0,0,109,177,101,2026-10-03T15:05:47.526878+07:00,71.04778554299992,0.18581298300000526,OK,,True,2026-10-03T15:05:47.712703+07:00,71.23360600799992,0.03295891200014012,OK,,True,1297,0.162125,,2026-10-03T15:05:47.745661+07:00,71.26656778999995,0.032818467999959466,OK,,True,2564,0.3205,
c833c10214a84703b40edbdf1b2f16b1,73,2026-10-03T15:05:48.526805+07:00,72.04770414099994,72.04770414099994,MONITOR,72.21001611399993,1.0000013389999367,0.25202508400002444,8.65839999732998e-05,DISABLED,unknown,not_reported,39.23810958862305,64.12464141845703,1009.214296875,64048.03515625,True,True,True,176,0,0,109,177,101,2026-10-03T15:05:48.526878+07:00,72.04778560399996,0.18583566799998152,OK,,True,2026-10-03T15:05:48.712727+07:00,72.23362949400007,0.03325302199982616,OK,,True,1304,0.163,,2026-10-03T15:05:48.745981+07:00,72.26688636799986,0.03283383800021511,OK,,True,2566,0.32075,
c833c10214a84703b40edbdf1b2f16b1,74,2026-10-03T15:05:49.526810+07:00,73.04770823800004,73.04770823800004,MONITOR,73.21002021100003,1.000004097000101,0.2516712330000246,9.068100007425528e-05,DISABLED,unknown,not_reported,39.238746643066406,64.13145446777344,1009.201484375,64289.30078125,True,True,True,176,0,0,109,177,101,2026-10-03T15:05:49.526885+07:00,73.04779222000002,0.18580101999987164,OK,,True,2026-10-03T15:05:49.712696+07:00,73.233600518,0.03295129999992241,OK,,True,1302,0.16275,,2026-10-03T15:05:49.745648+07:00,73.26655504099995,0.032816541000102006,OK,,True,2573,0.321625,
c833c10214a84703b40edbdf1b2f16b1,75,2026-10-03T15:05:50.526863+07:00,74.04775311399999,74.04775311399999,MONITOR,74.21006508699998,1.0000448759999472,0.26223372300000847,0.00013555700002143567,DISABLED,unknown,not_reported,39.24385452270508,64.12561798095703,1009.1890625,64679.1328125,True,True,True,176,0,0,109,177,101,2026-10-03T15:05:50.526997+07:00,74.04790292799998,0.19134320900002422,OK,,True,2026-10-03T15:05:50.718359+07:00,74.23926000799997,0.03545777499994074,OK,,True,1306,0.16325,,2026-10-03T15:05:50.753821+07:00,74.27472524599989,0.03524260900007903,OK,,True,2577,0.322125,
c833c10214a84703b40edbdf1b2f16b1,76,2026-10-03T15:05:51.526867+07:00,75.047757822,75.047757822,MONITOR,75.21006979499998,1.0000047080000058,0.2622254460000022,0.00014026500002728426,DISABLED,unknown,not_reported,39.245765686035156,64.11923217773438,1009.2334375,65123.37890625,True,True,True,176,0,0,109,177,101,2026-10-03T15:05:51.527004+07:00,75.04790995200005,0.19153333799999928,OK,,True,2026-10-03T15:05:51.718557+07:00,75.23945764199993,0.03537890500001595,OK,,True,1319,0.164875,,2026-10-03T15:05:51.753940+07:00,75.27484417699998,0.03512277599998015,OK,,True,2575,0.321875,
c833c10214a84703b40edbdf1b2f16b1,77,2026-10-03T15:05:52.526849+07:00,76.04774119800004,76.04774119800004,MONITOR,76.21005317100003,0.9999833760000456,0.2621203159999368,0.0001236410000728938,DISABLED,unknown,not_reported,39.24895477294922,64.11978149414062,1009.24546875,65573.7734375,True,True,True,176,0,0,109,177,101,2026-10-03T15:05:52.526971+07:00,76.04787743799989,0.19123672800014901,OK,,True,2026-10-03T15:05:52.718229+07:00,76.23912901799986,0.03536796100001993,OK,,True,1284,0.1605,,2026-10-03T15:05:52.753601+07:00,76.27450494200002,0.035337682999852404,OK,,True,2580,0.3225,
c833c10214a84703b40edbdf1b2f16b1,78,2026-10-03T15:05:53.526866+07:00,77.04775718399992,77.04775718399992,MONITOR,77.21006915699991,1.0000159859998803,0.2591223429999445,0.00013962699995317962,DISABLED,unknown,not_reported,39.252784729003906,64.11373138427734,1009.203515625,65979.3828125,True,True,True,176,0,0,109,177,101,2026-10-03T15:05:53.527006+07:00,77.04791149900007,0.18718960899991544,OK,,True,2026-10-03T15:05:53.714219+07:00,77.23511744100006,0.03614695900000697,OK,,True,1288,0.161,,2026-10-03T15:05:53.750370+07:00,77.27127189999987,0.0355907930002104,OK,,True,2549,0.318625,
c833c10214a84703b40edbdf1b2f16b1,79,2026-10-03T15:05:54.526815+07:00,78.04771192999988,78.04771192999988,MONITOR,78.21002390299986,0.9999547459999576,0.25174754800013943,9.437299991077452e-05,DISABLED,unknown,not_reported,39.25597381591797,64.11427307128906,1009.229453125,66493.5078125,True,True,True,176,0,0,109,177,101,2026-10-03T15:05:54.526895+07:00,78.0478020779999,0.18579400199996599,OK,,True,2026-10-03T15:05:54.712699+07:00,78.23360283900001,0.03298667099988961,OK,,True,1303,0.162875,,2026-10-03T15:05:54.745687+07:00,78.26659286199992,0.03285856000002241,OK,,True,2569,0.321125,
c833c10214a84703b40edbdf1b2f16b1,80,2026-10-03T15:05:55.526910+07:00,79.047786546,79.047786546,MONITOR,79.21009851899998,1.00007461600012,0.25179015799994886,0.00016898900003070594,DISABLED,unknown,not_reported,39.25852584838867,64.09458923339844,1009.212890625,66649.3125,True,True,True,176,0,0,109,177,101,2026-10-03T15:05:55.527005+07:00,79.04791163799996,0.1858365949999552,OK,,True,2026-10-03T15:05:55.712853+07:00,79.23375567699986,0.03296931900013078,OK,,True,1289,0.161125,,2026-10-03T15:05:55.745822+07:00,79.26672818099996,0.03284052399999382,OK,,True,2565,0.320625,
c833c10214a84703b40edbdf1b2f16b1,81,2026-10-03T15:05:56.526810+07:00,80.04770725499998,80.04770725499998,MONITOR,80.21001922799996,0.99992070899998,0.2523360089999187,8.969800001068506e-05,DISABLED,unknown,not_reported,39.2591667175293,64.10810089111328,1009.18640625,67386.15625,True,True,True,176,0,0,109,177,101,2026-10-03T15:05:56.526893+07:00,80.04780034700002,0.1858079280000311,OK,,True,2026-10-03T15:05:56.712713+07:00,80.23361605299988,0.03339679900000192,OK,,True,1289,0.161125,,2026-10-03T15:05:56.746115+07:00,80.26701838899999,0.033015411999940625,OK,,True,2570,0.32125,
c833c10214a84703b40edbdf1b2f16b1,82,2026-10-03T15:05:57.526842+07:00,81.047737482,81.047737482,MONITOR,81.21004945499999,1.0000302270000248,0.25169147399992653,0.00011992500003543682,DISABLED,unknown,not_reported,39.25852584838867,64.1012954711914,1009.2196875,67439.40625,True,True,True,176,0,0,109,177,101,2026-10-03T15:05:57.526928+07:00,81.04783472300005,0.18580801999996766,OK,,True,2026-10-03T15:05:57.712747+07:00,81.23365037300005,0.03295598499994412,OK,,True,1299,0.162375,,2026-10-03T15:05:57.745703+07:00,81.26660922899987,0.03281183800004328,OK,,True,2568,0.321,
c833c10214a84703b40edbdf1b2f16b1,83,2026-10-03T15:05:58.526803+07:00,82.04770219099987,82.04770219099987,MONITOR,82.21001416399986,0.9999647089998689,0.2635423490000903,8.463399990432663e-05,DISABLED,unknown,not_reported,39.263633728027344,64.11557006835938,1009.234765625,67922.5234375,True,True,True,176,0,0,109,177,101,2026-10-03T15:05:58.526880+07:00,82.0477873939999,0.18984971400004724,OK,,True,2026-10-03T15:05:58.716760+07:00,82.23765853400005,0.03718497399995613,OK,,True,1296,0.162,,2026-10-03T15:05:58.753956+07:00,82.2748549339999,0.03636405099996409,OK,,True,2562,0.32025,
c833c10214a84703b40edbdf1b2f16b1,84,2026-10-03T15:05:59.526829+07:00,83.04772704800007,83.04772704800007,MONITOR,83.21003902100006,1.0000248570001986,0.25167880699996203,0.00010949100010293478,DISABLED,unknown,not_reported,39.26618194580078,64.08918762207031,1009.2184375,68248.46875,True,True,True,176,0,0,109,177,101,2026-10-03T15:05:59.526909+07:00,83.04781617699996,0.18581090900011077,OK,,True,2026-10-03T15:05:59.712732+07:00,83.23363477199996,0.03294905899997502,OK,,True,1299,0.162375,,2026-10-03T15:05:59.745680+07:00,83.26658685000007,0.03281096799992156,OK,,True,2571,0.321375,
c833c10214a84703b40edbdf1b2f16b1,85,2026-10-03T15:06:00.526813+07:00,84.04771240399987,84.04771240399987,MONITOR,84.21002437699985,0.9999853559997973,0.2516589740000654,9.484699990025547e-05,DISABLED,unknown,not_reported,39.267459869384766,64.08268737792969,1009.19296875,68687.953125,True,True,True,176,0,0,109,177,101,2026-10-03T15:06:00.526890+07:00,84.0477974779999,0.1858018909999828,OK,,True,2026-10-03T15:06:00.712704+07:00,84.23360736900008,0.03295980099983353,OK,,True,1297,0.162125,,2026-10-03T15:06:00.745664+07:00,84.26657072500007,0.03279261599982419,OK,,True,2560,0.32,
c833c10214a84703b40edbdf1b2f16b1,86,2026-10-03T15:06:01.526829+07:00,85.04772677999995,85.04772677999995,MONITOR,85.21003875299994,1.000014376000081,0.2517256579999412,0.00010922299998128437,DISABLED,unknown,not_reported,39.27256393432617,64.08356475830078,1009.194375,69301.5703125,True,True,True,176,0,0,109,177,101,2026-10-03T15:06:01.526911+07:00,85.04781757599994,0.18581014999995205,OK,,True,2026-10-03T15:06:01.712732+07:00,85.23363530000006,0.032997855999838066,OK,,True,1287,0.160875,,2026-10-03T15:06:01.745733+07:00,85.26663715599989,0.032806671000116694,OK,,True,2566,0.32075,
c833c10214a84703b40edbdf1b2f16b1,87,2026-10-03T15:06:02.526811+07:00,86.04770809999991,86.04770809999991,MONITOR,86.2100200729999,0.9999813199999608,0.2516898440001114,9.054299994204484e-05,DISABLED,unknown,not_reported,39.275115966796875,64.08399963378906,1009.21921875,69640.9140625,True,True,True,176,0,0,109,177,101,2026-10-03T15:06:02.526895+07:00,86.04780193300007,0.1858107049999944,OK,,True,2026-10-03T15:06:02.712717+07:00,86.23361999000008,0.03295857899979637,OK,,True,1299,0.162375,,2026-10-03T15:06:02.745675+07:00,86.26658158700002,0.03280876400003763,OK,,True,2573,0.321625,
c833c10214a84703b40edbdf1b2f16b1,88,2026-10-03T15:06:03.526844+07:00,87.04773921600008,87.04773921600008,MONITOR,87.21005118900007,1.000031116000173,0.2520447869999316,0.00012165900011495978,DISABLED,unknown,not_reported,39.28022003173828,64.07146453857422,1009.22734375,69470.828125,True,True,True,176,0,0,109,177,101,2026-10-03T15:06:03.526930+07:00,87.04783721500007,0.18581548399993153,OK,,True,2026-10-03T15:06:03.712758+07:00,87.23366080999995,0.03328028100008851,OK,,True,1291,0.161375,,2026-10-03T15:06:03.746040+07:00,87.26694477599995,0.03283057900011954,OK,,True,2568,0.321,
c833c10214a84703b40edbdf1b2f16b1,89,2026-10-03T15:06:04.526876+07:00,88.04776929500008,88.04776929500008,MONITOR,88.21008126800007,1.0000300789999983,0.252317008999853,0.0001517380001132551,DISABLED,unknown,not_reported,39.27894592285156,64.07794952392578,1009.191015625,70041.0390625,True,True,True,176,0,0,109,177,101,2026-10-03T15:06:04.526973+07:00,88.04787983100005,0.18646583399981864,OK,,True,2026-10-03T15:06:04.713451+07:00,88.23435305399994,0.0329157999999552,OK,,True,1286,0.16075,,2026-10-03T15:06:04.746365+07:00,88.26727189200005,0.032806355999809966,OK,,True,2562,0.32025,
c833c10214a84703b40edbdf1b2f16b1,90,2026-10-03T15:06:05.526880+07:00,89.04777498499993,89.04777498499993,MONITOR,89.21008695799992,1.0000056899998526,0.2517352879999635,0.00015742799996587564,DISABLED,unknown,not_reported,39.28596496582031,64.07244110107422,1009.216171875,70329.671875,True,True,True,176,0,0,109,177,101,2026-10-03T15:06:05.526978+07:00,89.04788450299998,0.18586339099988436,OK,,True,2026-10-03T15:06:05.712853+07:00,89.23375559700003,0.032942726999863226,OK,,True,1289,0.161125,,2026-10-03T15:06:05.745795+07:00,89.26670134200003,0.03280139399998916,OK,,True,2569,0.321125,
c833c10214a84703b40edbdf1b2f16b1,91,2026-10-03T15:06:06.526970+07:00,90.04786395199994,90.04786395199994,MONITOR,90.21017592499993,1.0000889670000106,0.25176906599995164,0.00024639499997647363,DISABLED,unknown,not_reported,39.28468704223633,64.06552124023438,1009.227890625,70973.109375,True,True,True,176,0,0,109,177,101,2026-10-03T15:06:06.527076+07:00,90.04798228499999,0.18587835399989672,OK,,True,2026-10-03T15:06:06.712965+07:00,90.23386815799995,0.03294155999992654,OK,,True,1307,0.163375,,2026-10-03T15:06:06.745906+07:00,90.26681238399988,0.03281248600001163,OK,,True,2572,0.3215,
c833c10214a84703b40edbdf1b2f16b1,92,2026-10-03T15:06:07.528043+07:00,91.04893680600003,91.04893680600003,MONITOR,91.21124877900002,1.0010728540000855,0.25171869599989805,0.0013192490000619728,DISABLED,unknown,not_reported,39.28404998779297,64.0654067993164,1009.1990625,71269.484375,True,True,True,176,0,0,109,177,101,2026-10-03T15:06:07.528134+07:00,91.04904110200005,0.18586613200000102,OK,,True,2026-10-03T15:06:07.714012+07:00,91.23491490099991,0.032954967000023316,OK,,True,1287,0.160875,,2026-10-03T15:06:07.746968+07:00,91.2678738489999,0.032772394000176064,OK,,True,2557,0.319625,
c833c10214a84703b40edbdf1b2f16b1,93,2026-10-03T15:06:08.526829+07:00,92.04772685199987,92.04772685199987,MONITOR,92.21003882499986,0.99879004599984,0.2516499920000115,0.00010929499990197655,DISABLED,unknown,not_reported,39.29106903076172,64.05989837646484,1009.196796875,71091.3671875,True,True,True,176,0,0,109,177,101,2026-10-03T15:06:08.526905+07:00,92.04781161100004,0.18581259400002637,OK,,True,2026-10-03T15:06:08.712729+07:00,92.23363220500005,0.03294093099998463,OK,,True,1294,0.16175,,2026-10-03T15:06:08.745669+07:00,92.26657582100006,0.032792911999877106,OK,,True,2562,0.32025,
c833c10214a84703b40edbdf1b2f16b1,94,2026-10-03T15:06:09.526869+07:00,93.04775993099997,93.04775993099997,MONITOR,93.21007190399996,1.0000330790001044,0.2520476199999848,0.00014237400000638445,DISABLED,unknown,not_reported,39.296810150146484,64.06087493896484,1009.20609375,71508.3828125,True,True,True,176,0,0,109,177,101,2026-10-03T15:06:09.526972+07:00,93.047878782,0.18583748399987599,OK,,True,2026-10-03T15:06:09.712821+07:00,93.23372380299998,0.03325215099994239,OK,,True,1302,0.16275,,2026-10-03T15:06:09.746075+07:00,93.26698004700006,0.032818448999933025,OK,,True,2567,0.320875,
c833c10214a84703b40edbdf1b2f16b1,95,2026-10-03T15:06:10.527151+07:00,94.04804550900008,94.04804550900008,MONITOR,94.21035748200006,1.0002855780001028,0.2517102699998759,0.00042795200010914414,DISABLED,unknown,not_reported,39.294898986816406,64.05384063720703,1009.22359375,72112.6796875,True,True,True,176,0,0,109,177,101,2026-10-03T15:06:10.527239+07:00,94.04814604600006,0.18581346499991014,OK,,True,2026-10-03T15:06:10.713064+07:00,94.2339672139999,0.03298089300005813,OK,,True,1283,0.160375,,2026-10-03T15:06:10.746045+07:00,94.26695090399994,0.03279513400002543,OK,,True,2563,0.320375,
c833c10214a84703b40edbdf1b2f16b1,96,2026-10-03T15:06:11.527218+07:00,95.0481150139999,95.0481150139999,MONITOR,95.21042698699989,1.0000695049998285,0.251669788000072,0.0004974569999376399,DISABLED,unknown,not_reported,39.29872512817383,64.04779052734375,1009.22984375,72234.765625,True,True,True,176,0,0,109,177,101,2026-10-03T15:06:11.527285+07:00,95.04819166199991,0.18580863100009992,OK,,True,2026-10-03T15:06:11.713105+07:00,95.23400758999992,0.03295102200013389,OK,,True,1298,0.16225,,2026-10-03T15:06:11.746056+07:00,95.26696237200008,0.032813503999932436,OK,,True,2564,0.3205,
c833c10214a84703b40edbdf1b2f16b1,97,2026-10-03T15:06:12.526805+07:00,96.04770211200002,96.04770211200002,MONITOR,96.21001408500001,0.99958709800012,0.25232091699990633,8.455500005766226e-05,DISABLED,unknown,not_reported,39.296810150146484,64.04747009277344,1009.19921875,72480.1796875,True,True,True,176,0,0,109,177,101,2026-10-03T15:06:12.526884+07:00,96.04779114899998,0.18580800199993064,OK,,True,2026-10-03T15:06:12.712704+07:00,96.23360726200008,0.033240614999840545,OK,,True,1293,0.161625,,2026-10-03T15:06:12.745951+07:00,96.26685385799988,0.033158097000068665,OK,,True,2563,0.320375,
c833c10214a84703b40edbdf1b2f16b1,98,2026-10-03T15:06:13.526805+07:00,97.04770207999991,97.04770207999991,MONITOR,97.2100140529999,0.9999999679998837,0.2519463620001261,8.452299994132773e-05,DISABLED,unknown,not_reported,39.30127716064453,64.0482177734375,1009.227109375,72851.453125,True,True,True,176,0,0,109,177,101,2026-10-03T15:06:13.526883+07:00,97.04779061699992,0.18583116900003915,OK,,True,2026-10-03T15:06:13.712728+07:00,97.23363067499986,0.033003708000023835,OK,,True,1302,0.16275,,2026-10-03T15:06:13.745732+07:00,97.26663795700006,0.033001003999970635,OK,,True,2569,0.321125,
c833c10214a84703b40edbdf1b2f16b1,99,2026-10-03T15:06:14.526812+07:00,98.04770869599997,98.04770869599997,MONITOR,98.21002066899996,1.0000066160000642,0.2520278810000036,9.113900000556896e-05,DISABLED,unknown,not_reported,39.303829193115234,64.04196166992188,1009.224375,73038.515625,True,True,True,176,0,0,109,177,101,2026-10-03T15:06:14.526892+07:00,98.04779880699994,0.18581546500013246,OK,,True,2026-10-03T15:06:14.712719+07:00,98.23362223499998,0.03323967000005723,OK,,True,1304,0.163,,2026-10-03T15:06:14.745960+07:00,98.26686531299993,0.03286156000012852,OK,,True,2570,0.32125,
c833c10214a84703b40edbdf1b2f16b1,100,2026-10-03T15:06:15.526812+07:00,99.04770818299994,99.04770818299994,MONITOR,99.21002015599993,0.9999994869999682,0.25176349200000914,9.062599997378129e-05,DISABLED,unknown,not_reported,39.303829193115234,64.03526306152344,1009.224375,73478.7578125,True,True,True,176,0,0,109,177,101,2026-10-03T15:06:15.526892+07:00,99.04779920099986,0.18583235400001286,OK,,True,2026-10-03T15:06:15.712738+07:00,99.23364122199996,0.03297698500000479,OK,,True,1296,0.162,,2026-10-03T15:06:15.745715+07:00,99.26662113299994,0.03284032000010484,OK,,True,2570,0.32125,
c833c10214a84703b40edbdf1b2f16b1,101,2026-10-03T15:06:16.526812+07:00,100.04770854000003,100.04770854000003,MONITOR,100.21002051300002,1.00000035700009,0.25203567599987764,9.098300006371574e-05,DISABLED,unknown,not_reported,39.30893325805664,64.03612518310547,1009.23953125,73605.5234375,True,True,True,176,0,0,109,177,101,2026-10-03T15:06:16.526890+07:00,100.04779759500002,0.18583655799989174,OK,,True,2026-10-03T15:06:16.712739+07:00,100.23364180099998,0.033216743999901155,OK,,True,1289,0.161125,,2026-10-03T15:06:16.745960+07:00,100.26686391499993,0.032869653000034305,OK,,True,2567,0.320875,
c833c10214a84703b40edbdf1b2f16b1,102,2026-10-03T15:06:17.526851+07:00,101.04774522999992,101.04774522999992,MONITOR,101.2100572029999,1.000036689999888,0.2531817100000353,0.00012767299995175563,DISABLED,unknown,not_reported,39.31531524658203,64.0372085571289,1009.23609375,73924.34375,True,True,True,176,0,0,109,177,101,2026-10-03T15:06:17.526939+07:00,101.047846359,0.1858202240000537,OK,,True,2026-10-03T15:06:17.712771+07:00,101.23367443500001,0.03366398399998616,OK,,True,1285,0.160625,,2026-10-03T15:06:17.746440+07:00,101.26734301200008,0.0335697989999062,OK,,True,2561,0.320125,
c833c10214a84703b40edbdf1b2f16b1,103,2026-10-03T15:06:18.526813+07:00,102.04770945699988,102.04770945699988,MONITOR,102.21002142999987,0.999964226999964,0.2518181220000315,9.18999999157677e-05,DISABLED,unknown,not_reported,39.31658935546875,64.03742218017578,1009.25875,74310.59375,True,True,True,176,0,0,109,177,101,2026-10-03T15:06:18.526889+07:00,102.04779651199988,0.18581263200007925,OK,,True,2026-10-03T15:06:18.712714+07:00,102.23361688499995,0.03302793000011661,OK,,True,1289,0.161125,,2026-10-03T15:06:18.745744+07:00,102.26664920400003,0.03286826299995482,OK,,True,2569,0.321125,
c833c10214a84703b40edbdf1b2f16b1,104,2026-10-03T15:06:19.526810+07:00,103.04770725799995,103.04770725799995,MONITOR,103.21001923099993,0.9999978010000632,0.2526254900001277,8.970099997895886e-05,DISABLED,unknown,not_reported,39.31531524658203,64.01709747314453,1009.22234375,74310.59375,True,True,True,176,0,0,109,177,101,2026-10-03T15:06:19.526889+07:00,103.04779664700004,0.18580727999983537,OK,,True,2026-10-03T15:06:19.712708+07:00,103.233611871,0.03322122600002331,OK,,True,1290,0.16125,,2026-10-03T15:06:19.745931+07:00,103.2668366339999,0.0334847809999701,OK,,True,2559,0.319875,
c833c10214a84703b40edbdf1b2f16b1,105,2026-10-03T15:06:20.526806+07:00,104.04770306,104.04770306,MONITOR,104.21001503299999,0.9999958020000577,0.251773010000079,8.550300003662414e-05,DISABLED,unknown,not_reported,39.31722640991211,64.03082275390625,1009.232421875,74505.2421875,True,True,True,176,0,0,109,177,101,2026-10-03T15:06:20.526886+07:00,104.04779374500004,0.18583302000001822,OK,,True,2026-10-03T15:06:20.712733+07:00,104.23363533899987,0.03297807800004193,OK,,True,1296,0.162,,2026-10-03T15:06:20.745711+07:00,104.26661660299987,0.03284963400005836,OK,,True,2564,0.3205,
c833c10214a84703b40edbdf1b2f16b1,106,2026-10-03T15:06:21.526804+07:00,105.04770061999989,105.04770061999989,MONITOR,105.21001259299987,0.9999975599998834,0.2521116020000136,8.306299992000277e-05,DISABLED,unknown,not_reported,39.31977844238281,64.03126525878906,1009.243359375,74831.921875,True,True,True,176,0,0,109,177,101,2026-10-03T15:06:21.526882+07:00,105.04778923100002,0.1858328349999283,OK,,True,2026-10-03T15:06:21.712727+07:00,105.23363041800008,0.03304605999983323,OK,,True,1304,0.163,,2026-10-03T15:06:21.745775+07:00,105.26668051499996,0.03311920700002702,OK,,True,2567,0.320875,
c833c10214a84703b40edbdf1b2f16b1,107,2026-10-03T15:06:22.526804+07:00,106.04770097699998,106.04770097699998,MONITOR,106.21001294999996,1.00000035700009,0.25215593500001887,8.342000000993721e-05,DISABLED,unknown,not_reported,39.3236083984375,64.03191375732422,1009.215078125,74963.3984375,True,True,True,176,0,0,109,177,101,2026-10-03T15:06:22.526883+07:00,106.04779003199997,0.18581261400004223,OK,,True,2026-10-03T15:06:22.712708+07:00,106.23361075699995,0.03317941099999189,OK,,True,1296,0.162,,2026-10-03T15:06:22.745892+07:00,106.26679555700002,0.03304572599995481,OK,,True,2564,0.3205,
c833c10214a84703b40edbdf1b2f16b1,108,2026-10-03T15:06:23.526815+07:00,107.04771198200001,107.04771198200001,MONITOR,107.210023955,1.000011005000033,0.2532443949999106,9.442500004297472e-05,DISABLED,unknown,not_reported,39.3236083984375,64.01850891113281,1009.221953125,75227.7421875,True,True,True,176,0,0,109,177,101,2026-10-03T15:06:23.526895+07:00,107.04780187100005,0.18630172299981496,OK,,True,2026-10-03T15:06:23.713211+07:00,107.23411383400003,0.03379426199990121,OK,,True,1304,0.163,,2026-10-03T15:06:23.747010+07:00,107.26791292899998,0.033028560000047946,OK,,True,2563,0.320375,
c833c10214a84703b40edbdf1b2f16b1,109,2026-10-03T15:06:24.526819+07:00,108.047714283,108.047714283,MONITOR,108.21002625599999,1.000002300999995,0.2530836549999549,9.672600003796106e-05,DISABLED,unknown,not_reported,39.3236083984375,64.02520751953125,1009.208203125,75360.609375,True,True,True,176,0,0,109,177,101,2026-10-03T15:06:24.526899+07:00,108.04780589400002,0.18744055299998763,OK,,True,2026-10-03T15:06:24.714358+07:00,108.23526007700002,0.03262170899984085,OK,,True,1301,0.162625,,2026-10-03T15:06:24.746984+07:00,108.26788760099998,0.032898356000032436,OK,,True,2566,0.32075,
c833c10214a84703b40edbdf1b2f16b1,110,2026-10-03T15:06:25.526816+07:00,109.04771226999992,109.04771226999992,MONITOR,109.2100242429999,0.9999979869999152,0.2517188619999615,9.47129999531171e-05,DISABLED,unknown,not_reported,39.32743453979492,64.01245880126953,1009.22140625,75694.8515625,True,True,True,176,0,0,109,177,101,2026-10-03T15:06:25.526895+07:00,109.04780228799996,0.1858248169999115,OK,,True,2026-10-03T15:06:25.712732+07:00,109.23363488299992,0.03284068900006787,OK,,True,1280,0.16,,2026-10-03T15:06:25.745579+07:00,109.26648127599992,0.0329387270001007,OK,,True,2561,0.320125,
c833c10214a84703b40edbdf1b2f16b1,111,2026-10-03T15:06:26.526806+07:00,110.04770271899997,110.04770271899997,MONITOR,110.21001469199996,0.9999904490000517,0.2521400650000487,8.516200000485696e-05,DISABLED,unknown,not_reported,39.33190155029297,64.01322174072266,1009.21484375,75627.7734375,True,True,True,176,0,0,109,177,101,2026-10-03T15:06:26.526889+07:00,110.04779612599987,0.18581839100011166,OK,,True,2026-10-03T15:06:26.712719+07:00,110.23362177700005,0.03317994799999724,OK,,True,1283,0.160375,,2026-10-03T15:06:26.745903+07:00,110.26680650200001,0.03302496700007396,OK,,True,2567,0.320875,
c833c10214a84703b40edbdf1b2f16b1,112,2026-10-03T15:06:27.526807+07:00,111.047703576,111.047703576,MONITOR,111.21001554899999,1.0000008570000318,0.2528372669999044,8.601900003668561e-05,DISABLED,unknown,not_reported,39.33445358276367,64.0069580078125,1009.218984375,75829.3828125,True,True,True,176,0,0,109,177,101,2026-10-03T15:06:27.526886+07:00,111.04779361300007,0.18607894599995234,OK,,True,2026-10-03T15:06:27.713006+07:00,111.23389776199997,0.03334174399992662,OK,,True,1315,0.164375,,2026-10-03T15:06:27.746342+07:00,111.26724534000004,0.0332835399999567,OK,,True,2562,0.32025,
c833c10214a84703b40edbdf1b2f16b1,113,2026-10-03T15:06:28.526836+07:00,112.0477317289999,112.0477317289999,MONITOR,112.2100437019999,1.0000281529999029,0.25394987499998933,0.00011417199993957183,DISABLED,unknown,not_reported,39.33892059326172,64.01441192626953,1009.246875,76440.7265625,True,True,True,176,0,0,109,177,101,2026-10-03T15:06:28.526922+07:00,112.0478295989999,0.18627000100013902,OK,,True,2026-10-03T15:06:28.713208+07:00,112.23410910000007,0.03395638999995754,OK,,True,1299,0.162375,,2026-10-03T15:06:28.747171+07:00,112.26807321299998,0.033591335999972216,OK,,True,2566,0.32075,
c833c10214a84703b40edbdf1b2f16b1,114,2026-10-03T15:06:29.526919+07:00,113.04781227099988,113.04781227099988,MONITOR,113.21012424399987,1.0000805419999779,0.25581653700010065,0.00019471399991743965,DISABLED,unknown,not_reported,39.33381652832031,64.01353454589844,1009.225,76304.0234375,True,True,True,176,0,0,109,177,101,2026-10-03T15:06:29.527022+07:00,113.04792825200002,0.18694825800002945,OK,,True,2026-10-03T15:06:29.713986+07:00,113.23488762099987,0.03496811000013622,OK,,True,1290,0.16125,,2026-10-03T15:06:29.748962+07:00,113.26986469400003,0.033749873000033404,OK,,True,2555,0.319375,
c833c10214a84703b40edbdf1b2f16b1,115,2026-10-03T15:06:30.526811+07:00,114.047708091,114.047708091,MONITOR,114.21002006399999,0.9998958200001198,0.25283711899987793,9.053400003722345e-05,DISABLED,unknown,not_reported,39.336368560791016,63.993865966796875,1009.1809375,76853.796875,True,True,True,176,0,0,109,177,101,2026-10-03T15:06:30.526890+07:00,114.04779684999994,0.18588231700005053,OK,,True,2026-10-03T15:06:30.712784+07:00,114.23368740699993,0.03290869000011298,OK,,True,1299,0.162375,,2026-10-03T15:06:30.745697+07:00,114.26660089300003,0.03392753899993295,OK,,True,2554,0.31925000000000003,
c833c10214a84703b40edbdf1b2f16b1,116,2026-10-03T15:06:31.526818+07:00,115.04771409599994,115.04771409599994,MONITOR,115.21002606899992,1.000006004999932,0.2527501189999839,9.65389999691979e-05,DISABLED,unknown,not_reported,39.33892059326172,64.00100708007812,1009.219375,76853.796875,True,True,True,176,0,0,109,177,101,2026-10-03T15:06:31.526897+07:00,115.04780415100004,0.18581359499989958,OK,,True,2026-10-03T15:06:31.712723+07:00,115.23362569000005,0.03358316999992894,OK,,True,1287,0.160875,,2026-10-03T15:06:31.746311+07:00,115.26721459999999,0.033237671000051705,OK,,True,2560,0.32,
c833c10214a84703b40edbdf1b2f16b1,117,2026-10-03T15:06:32.526813+07:00,116.04770832300005,116.04770832300005,MONITOR,116.21002029600004,0.9999942270001156,0.25526855699990847,9.076600008484093e-05,DISABLED,unknown,not_reported,39.34083557128906,64.00132751464844,1009.215703125,77062.0078125,True,True,True,176,0,0,109,177,101,2026-10-03T15:06:32.526895+07:00,116.04780200799996,0.1858221689999482,OK,,True,2026-10-03T15:06:32.712728+07:00,116.23363132500003,0.034712592000005316,OK,,True,1305,0.163125,,2026-10-03T15:06:32.747453+07:00,116.26835199099992,0.03460453699995014,OK,,True,2522,0.31525000000000003,
c833c10214a84703b40edbdf1b2f16b1,118,2026-10-03T15:06:33.526823+07:00,117.04771864300005,117.04771864300005,MONITOR,117.21003061600004,1.0000103200000012,0.2539740049999182,0.00010108600008607027,DISABLED,unknown,not_reported,39.343387603759766,63.99506378173828,1009.233515625,77201.4453125,True,True,True,176,0,0,109,177,101,2026-10-03T15:06:33.526906+07:00,117.04781323499992,0.185818799000117,OK,,True,2026-10-03T15:06:33.712736+07:00,117.23363925600006,0.0336517239998102,OK,,True,1288,0.161,,2026-10-03T15:06:33.746393+07:00,117.26729642500004,0.03438174099983371,OK,,True,2555,0.319375,
c833c10214a84703b40edbdf1b2f16b1,119,2026-10-03T15:06:34.526986+07:00,118.04786509199994,118.04786509199994,MONITOR,118.21017706499993,1.0001464489998853,0.2552005200000167,0.00024753499997132167,DISABLED,unknown,not_reported,39.34593963623047,63.98878479003906,1009.25140625,77552.2578125,True,True,True,176,0,0,109,177,101,2026-10-03T15:06:34.527164+07:00,118.04806946200006,0.1868409989999691,OK,,True,2026-10-03T15:06:34.714016+07:00,118.23491903500008,0.035227238999823385,OK,,True,1292,0.1615,,2026-10-03T15:06:34.749248+07:00,118.27015153299999,0.03290157900005397,OK,,True,2559,0.319875,
c833c10214a84703b40edbdf1b2f16b1,120,2026-10-03T15:06:35.526816+07:00,119.04771204200006,119.04771204200006,MONITOR,119.21002401500004,0.9998469500001193,0.2530421919998389,9.44850000905717e-05,DISABLED,unknown,not_reported,39.34721755981445,63.989013671875,1009.2121875,77622.8046875,True,True,True,176,0,0,109,177,101,2026-10-03T15:06:35.526894+07:00,119.04780135700003,0.18581076099985694,OK,,True,2026-10-03T15:06:35.712716+07:00,119.23361891399986,0.032948986000064906,OK,,True,1306,0.16325,,2026-10-03T15:06:35.745665+07:00,119.26657077000004,0.03416722299994035,OK,,True,2555,0.319375,
c833c10214a84703b40edbdf1b2f16b1,121,2026-10-03T15:06:36.526811+07:00,120.0477071769999,120.0477071769999,MONITOR,120.21001914999988,0.9999951349998355,0.25926706400014154,8.961999992607161e-05,DISABLED,unknown,not_reported,39.349769592285156,63.996150970458984,1009.18890625,77835.2109375,True,True,True,176,0,0,109,177,101,2026-10-03T15:06:36.526889+07:00,120.04779645400004,0.18580644700000448,OK,,True,2026-10-03T15:06:36.712707+07:00,120.23361045599995,0.0331058369999937,OK,,True,1299,0.162375,,2026-10-03T15:06:36.745814+07:00,120.26672031199996,0.04023928099991281,OK,,True,2554,0.31925000000000003,
c833c10214a84703b40edbdf1b2f16b1,122,2026-10-03T15:06:37.526813+07:00,121.04770899599998,121.04770899599998,MONITOR,121.21002096899997,1.00000181900009,0.25179243699994913,9.143900001618022e-05,DISABLED,unknown,not_reported,39.34912872314453,63.9759407043457,1009.2153125,78048.78125,True,True,True,176,0,0,109,177,101,2026-10-03T15:06:37.526891+07:00,121.04779810700006,0.18580614999996214,OK,,True,2026-10-03T15:06:37.712707+07:00,121.23361081300004,0.03309528199997658,OK,,True,1301,0.162625,,2026-10-03T15:06:37.745803+07:00,121.26670926099996,0.03277626399994915,OK,,True,2562,0.32025,
c833c10214a84703b40edbdf1b2f16b1,123,2026-10-03T15:06:38.526814+07:00,122.04771140899993,122.04771140899993,MONITOR,122.21002338199992,1.0000024129999474,0.2543673919999492,9.385199996359006e-05,DISABLED,unknown,not_reported,39.356788635253906,63.99063491821289,1009.220703125,78263.53125,True,True,True,176,0,0,109,177,101,2026-10-03T15:06:38.526893+07:00,122.04780066800004,0.1858135569998467,OK,,True,2026-10-03T15:06:38.712718+07:00,122.23362100300005,0.03295611499993356,OK,,True,1301,0.162625,,2026-10-03T15:06:38.745674+07:00,122.26658015499993,0.03548666500000763,OK,,True,2566,0.32075,
c833c10214a84703b40edbdf1b2f16b1,124,2026-10-03T15:06:39.526809+07:00,123.04770570999995,123.04770570999995,MONITOR,123.21001768299993,0.9999943010000152,0.25719262500001605,8.815299997877446e-05,DISABLED,unknown,not_reported,39.35614776611328,63.97712326049805,1009.240390625,78335.375,True,True,True,176,0,0,109,177,101,2026-10-03T15:06:39.526892+07:00,123.04779959899997,0.18597905699994044,OK,,True,2026-10-03T15:06:39.712894+07:00,123.233795526,0.03472525899996981,OK,,True,1289,0.161125,,2026-10-03T15:06:39.747623+07:00,123.26852650699993,0.036357458000111365,OK,,True,2555,0.319375,
c833c10214a84703b40edbdf1b2f16b1,125,2026-10-03T15:06:40.526816+07:00,124.04771193700003,124.04771193700003,MONITOR,124.21002391000002,1.0000062270000853,0.25173521399983656,9.43800000641204e-05,DISABLED,unknown,not_reported,39.355506896972656,63.99042510986328,1009.211875,78624.078125,True,True,True,176,0,0,109,177,101,2026-10-03T15:06:40.526896+07:00,124.04780353000001,0.18580744599989885,OK,,True,2026-10-03T15:06:40.712714+07:00,124.23361780899995,0.03298389299993687,OK,,True,1295,0.161875,,2026-10-03T15:06:40.745699+07:00,124.26660512800004,0.03283417199986616,OK,,True,2568,0.321,
c833c10214a84703b40edbdf1b2f16b1,126,2026-10-03T15:06:41.526810+07:00,125.04770588699989,125.04770588699989,MONITOR,125.21001785999988,0.9999939499998618,0.2516824550000365,8.832999992591795e-05,DISABLED,unknown,not_reported,39.36061477661133,63.9711799621582,1009.247578125,78624.078125,True,True,True,176,0,0,109,177,101,2026-10-03T15:06:41.526889+07:00,125.04779645999997,0.1858137799999895,OK,,True,2026-10-03T15:06:41.712714+07:00,125.23361733299998,0.03295150400003877,OK,,True,1296,0.162,,2026-10-03T15:06:41.745665+07:00,125.26657180000007,0.03280870799994773,OK,,True,2563,0.320375,
c833c10214a84703b40edbdf1b2f16b1,127,2026-10-03T15:06:42.526805+07:00,126.04770139199991,126.04770139199991,MONITOR,126.2100133649999,0.9999955050000153,0.25194673200007855,8.383499994124577e-05,DISABLED,unknown,not_reported,39.362525939941406,63.97150421142578,1009.216328125,78914.921875,True,True,True,176,0,0,109,177,101,2026-10-03T15:06:42.526883+07:00,126.04779007699995,0.18581444599999486,OK,,True,2026-10-03T15:06:42.712708+07:00,126.23361161599996,0.03322774399998707,OK,,True,1295,0.161875,,2026-10-03T15:06:42.745938+07:00,126.26684250800008,0.032797800999787796,OK,,True,2563,0.320375,
c833c10214a84703b40edbdf1b2f16b1,128,2026-10-03T15:06:43.526807+07:00,127.0477031559999,127.0477031559999,MONITOR,127.21001512899988,1.0000017639999896,0.25171184400005586,8.559899993088038e-05,DISABLED,unknown,not_reported,39.36188888549805,63.984798431396484,1009.2015625,79281.5078125,True,True,True,176,0,0,109,177,101,2026-10-03T15:06:43.526887+07:00,127.04779334099999,0.18581201999995756,OK,,True,2026-10-03T15:06:43.712708+07:00,127.23361206499999,0.032959966999897006,OK,,True,1310,0.16375,,2026-10-03T15:06:43.745668+07:00,127.26657473599994,0.032833116000119844,OK,,True,2566,0.32075,
c833c10214a84703b40edbdf1b2f16b1,129,2026-10-03T15:06:44.526807+07:00,128.04770310499998,128.04770310499998,MONITOR,128.21001507799997,0.9999999490000846,0.2616133730000456,8.554800001547846e-05,DISABLED,unknown,not_reported,39.365081787109375,63.978641510009766,1009.186171875,79281.5078125,True,True,True,176,0,0,109,177,101,2026-10-03T15:06:44.526885+07:00,128.04779206800004,0.19087482199984152,OK,,True,2026-10-03T15:06:44.717791+07:00,128.2386873339999,0.03609453300009591,OK,,True,1309,0.163625,,2026-10-03T15:06:44.753886+07:00,128.2747883489999,0.034513037000124314,OK,,True,2542,0.31775000000000003,
c833c10214a84703b40edbdf1b2f16b1,130,2026-10-03T15:06:45.526817+07:00,129.04771366599994,129.04771366599994,MONITOR,129.21002563899992,1.0000105609999537,0.2517439920000015,9.610899996914668e-05,DISABLED,unknown,not_reported,39.366355895996094,63.97886657714844,1009.215703125,79503.109375,True,True,True,176,0,0,109,177,101,2026-10-03T15:06:45.526897+07:00,129.04780375799987,0.1858026500001415,OK,,True,2026-10-03T15:06:45.712709+07:00,129.23361353799987,0.033004226000002745,OK,,True,1287,0.160875,,2026-10-03T15:06:45.745718+07:00,129.26662187500006,0.0328275979998125,OK,,True,2558,0.31975000000000003,
c833c10214a84703b40edbdf1b2f16b1,131,2026-10-03T15:06:46.526808+07:00,130.04770574500003,130.04770574500003,MONITOR,130.21001771800002,0.9999920790000942,0.2517089919999762,8.818800006338279e-05,DISABLED,unknown,not_reported,39.36827087402344,63.965782165527344,1009.177578125,79355.2421875,True,True,True,176,0,0,109,177,101,2026-10-03T15:06:46.526878+07:00,130.047785041,0.18580757599988829,OK,,True,2026-10-03T15:06:46.712696+07:00,130.23359952400006,0.03297546799990414,OK,,True,1299,0.162375,,2026-10-03T15:06:46.745673+07:00,130.266578621,0.03282831999990776,OK,,True,2556,0.3195,
c833c10214a84703b40edbdf1b2f16b1,132,2026-10-03T15:06:47.526810+07:00,131.04770811999992,131.04770811999992,MONITOR,131.2100200929999,1.0000023749998945,0.25170795500002896,9.05629999579105e-05,DISABLED,unknown,not_reported,39.37018585205078,63.95941162109375,1009.228671875,80477.8359375,True,True,True,176,0,0,109,177,101,2026-10-03T15:06:47.526883+07:00,131.04778976800003,0.18580146499994044,OK,,True,2026-10-03T15:06:47.712694+07:00,131.23359721499992,0.032978558999957386,OK,,True,1298,0.16225,,2026-10-03T15:06:47.745674+07:00,131.26657910799986,0.03282902300020396,OK,,True,2562,0.32025,
c833c10214a84703b40edbdf1b2f16b1,133,2026-10-03T15:06:48.526812+07:00,132.04770882899993,132.04770882899993,MONITOR,132.21002080199992,1.0000007090000054,0.25193510300005073,9.127199996328272e-05,DISABLED,unknown,not_reported,39.37528991699219,63.966976165771484,1009.22328125,79725.9453125,True,True,True,176,0,0,109,177,101,2026-10-03T15:06:48.526884+07:00,132.04779123599997,0.1858002060000672,OK,,True,2026-10-03T15:06:48.712693+07:00,132.23359708999988,0.0332454660001531,OK,,True,1291,0.161375,,2026-10-03T15:06:48.745940+07:00,132.26684577900005,0.03278991199999837,OK,,True,2561,0.320125,
c833c10214a84703b40edbdf1b2f16b1,134,2026-10-03T15:06:49.526813+07:00,133.04771046399992,133.04771046399992,MONITOR,133.2100224369999,1.0000016349999896,0.25381005999997797,9.290699995290197e-05,DISABLED,unknown,not_reported,39.37465286254883,63.95345687866211,1009.20171875,80175.3828125,True,True,True,176,0,0,109,177,101,2026-10-03T15:06:49.526886+07:00,133.04779370400001,0.18579563200000848,OK,,True,2026-10-03T15:06:49.712690+07:00,133.233594132,0.033002429999896776,OK,,True,1286,0.16075,,2026-10-03T15:06:49.745695+07:00,133.266600358,0.0348796850000781,OK,,True,2558,0.31975000000000003,
c833c10214a84703b40edbdf1b2f16b1,135,2026-10-03T15:06:50.526831+07:00,134.04772869099997,134.04772869099997,MONITOR,134.21004066399996,1.000018227000055,0.2517292319998887,0.00011113400000795082,DISABLED,unknown,not_reported,39.376564025878906,63.96049118041992,1009.2115625,80553.8046875,True,True,True,176,0,0,109,177,101,2026-10-03T15:06:50.526900+07:00,134.0478071529999,0.18579876200010403,OK,,True,2026-10-03T15:06:50.712707+07:00,134.23361073,0.033015225999861286,OK,,True,1290,0.16125,,2026-10-03T15:06:50.745725+07:00,134.26663006700005,0.03281965299993317,OK,,True,2560,0.32,
c833c10214a84703b40edbdf1b2f16b1,136,2026-10-03T15:06:51.526825+07:00,135.047720992,135.047720992,MONITOR,135.21003296499998,0.9999923010000202,0.2517447699999593,0.00010343500002818473,DISABLED,unknown,not_reported,39.376564025878906,63.94709014892578,1009.2046875,80250.78125,True,True,True,176,0,0,109,177,101,2026-10-03T15:06:51.526906+07:00,135.04781308399993,0.18580537299999378,OK,,True,2026-10-03T15:06:51.712720+07:00,135.23362443799988,0.03298106000011103,OK,,True,1300,0.1625,,2026-10-03T15:06:51.745704+07:00,135.26660903499987,0.03284828200003176,OK,,True,2559,0.319875,
c833c10214a84703b40edbdf1b2f16b1,137,2026-10-03T15:06:52.526811+07:00,136.04770953399998,136.04770953399998,MONITOR,136.21002150699996,0.9999885419999828,0.2517744730000686,9.197700001095654e-05,DISABLED,unknown,not_reported,39.38422393798828,63.95509719848633,1009.2446875,80553.8046875,True,True,True,176,0,0,109,177,101,2026-10-03T15:06:52.526883+07:00,136.04779031199996,0.1857952610000666,OK,,True,2026-10-03T15:06:52.712687+07:00,136.23359133200006,0.032998893000012686,OK,,True,1302,0.16275,,2026-10-03T15:06:52.745688+07:00,136.26659415099994,0.032881115999998656,OK,,True,2561,0.320125,
c833c10214a84703b40edbdf1b2f16b1,138,2026-10-03T15:06:53.526816+07:00,137.04771346500002,137.04771346500002,MONITOR,137.210025438,1.0000039310000375,0.2519351949999873,9.590800004843913e-05,DISABLED,unknown,not_reported,39.383583068847656,63.94158172607422,1009.20921875,80175.3828125,True,True,True,176,0,0,109,177,101,2026-10-03T15:06:53.526888+07:00,137.0477955199999,0.1858035390000623,OK,,True,2026-10-03T15:06:53.712701+07:00,137.23360474399988,0.03321661500012851,OK,,True,1303,0.162875,,2026-10-03T15:06:53.745920+07:00,137.26682546999996,0.03281394900000123,OK,,True,2560,0.32,
c833c10214a84703b40edbdf1b2f16b1,139,2026-10-03T15:06:54.526814+07:00,138.04771091399994,138.04771091399994,MONITOR,138.21002288699992,0.9999974489999204,0.2517428070000278,9.335699996881885e-05,DISABLED,unknown,not_reported,39.38868713378906,63.94244384765625,1009.217421875,81399.046875,True,True,True,176,0,0,109,177,101,2026-10-03T15:06:54.526892+07:00,138.047798822,0.18580113100006201,OK,,True,2026-10-03T15:06:54.712700+07:00,138.23360489800007,0.03304618899983325,OK,,True,1297,0.162125,,2026-10-03T15:06:54.745750+07:00,138.26665547599987,0.03278931900013049,OK,,True,2565,0.320625,
c833c10214a84703b40edbdf1b2f16b1,140,2026-10-03T15:06:55.526862+07:00,139.04776001200003,139.04776001200003,MONITOR,139.210071985,1.0000490980000905,0.2517091209999762,0.0001424550000592717,DISABLED,unknown,not_reported,39.387413024902344,63.94223403930664,1009.236015625,80859.125,True,True,True,176,0,0,109,177,101,2026-10-03T15:06:55.526936+07:00,139.04784286299991,0.18579957600013586,OK,,True,2026-10-03T15:06:55.712744+07:00,139.23364827299997,0.032960337000076834,OK,,True,1299,0.162375,,2026-10-03T15:06:55.745707+07:00,139.26661207300003,0.03284794899991539,OK,,True,2560,0.32,
c833c10214a84703b40edbdf1b2f16b1,141,2026-10-03T15:06:56.526812+07:00,140.04770966499996,140.04770966499996,MONITOR,140.21002163799994,0.9999496529999305,0.2516857880000316,9.210799998982111e-05,DISABLED,unknown,not_reported,39.38932418823242,63.949256896972656,1009.2459375,80859.125,True,True,True,176,0,0,109,177,101,2026-10-03T15:06:56.526881+07:00,140.04778825699987,0.18579565100003492,OK,,True,2026-10-03T15:06:56.712684+07:00,140.23358864800002,0.03296606000003521,OK,,True,1304,0.163,,2026-10-03T15:06:56.745652+07:00,140.26655798599995,0.03282857900012459,OK,,True,2559,0.319875,
c833c10214a84703b40edbdf1b2f16b1,142,2026-10-03T15:06:57.526943+07:00,141.04783981800006,141.04783981800006,MONITOR,141.21015179100004,1.0001301530001,0.251692065999805,0.00022226100008992944,DISABLED,unknown,not_reported,39.387413024902344,63.94223403930664,1009.222265625,81166.7734375,True,True,True,176,0,0,109,177,101,2026-10-03T15:06:57.527020+07:00,141.047927114,0.18579813199994533,OK,,True,2026-10-03T15:06:57.712827+07:00,141.23373137499993,0.03296339300004547,OK,,True,1283,0.160375,,2026-10-03T15:06:57.745793+07:00,141.26669800900004,0.032825152999976126,OK,,True,2562,0.32025,
c833c10214a84703b40edbdf1b2f16b1,143,2026-10-03T15:06:58.526825+07:00,142.04772161899996,142.04772161899996,MONITOR,142.21003359199995,0.9998818009999013,0.2517376589999003,0.0001040619999912451,DISABLED,unknown,not_reported,39.39315414428711,63.9297981262207,1009.231640625,81554.6328125,True,True,True,176,0,0,109,177,101,2026-10-03T15:06:58.526906+07:00,142.04781347099993,0.1858012980001149,OK,,True,2026-10-03T15:06:58.712716+07:00,142.233619825,0.03297239299990906,OK,,True,1293,0.161625,,2026-10-03T15:06:58.745690+07:00,142.26659553299987,0.03285415200002717,OK,,True,2559,0.319875,
c833c10214a84703b40edbdf1b2f16b1,144,2026-10-03T15:06:59.526815+07:00,143.0477114759999,143.0477114759999,MONITOR,143.2100234489999,0.9999898569999459,0.2519350840000243,9.391899993715924e-05,DISABLED,unknown,not_reported,39.39570617675781,63.943634033203125,1009.256328125,81476.765625,True,True,True,176,0,0,109,177,101,2026-10-03T15:06:59.526899+07:00,143.04780634600002,0.18580207599984533,OK,,True,2026-10-03T15:06:59.712709+07:00,143.23361340399993,0.033235354999987976,OK,,True,1294,0.16175,,2026-10-03T15:06:59.745947+07:00,143.26685251799995,0.032786152999960905,OK,,True,2567,0.320875,
c833c10214a84703b40edbdf1b2f16b1,145,2026-10-03T15:07:00.526806+07:00,144.04770231499992,144.04770231499992,MONITOR,144.2100142879999,0.9999908390000201,0.2518044360001568,8.4757999957219e-05,DISABLED,unknown,not_reported,39.398895263671875,63.9374885559082,1009.2478125,81554.6328125,True,True,True,176,0,0,109,177,101,2026-10-03T15:07:00.526890+07:00,144.04779720300007,0.18580452099990907,OK,,True,2026-10-03T15:07:00.712704+07:00,144.23360752000008,0.033063096999967456,OK,,True,1284,0.1605,,2026-10-03T15:07:00.745769+07:00,144.26667444999998,0.03282387500007644,OK,,True,2564,0.3205,
c833c10214a84703b40edbdf1b2f16b1,146,2026-10-03T15:07:01.526810+07:00,145.04770670800008,145.04770670800008,MONITOR,145.21001868100007,1.0000043930001539,0.25173199199980445,8.915100011108734e-05,DISABLED,unknown,not_reported,39.40399932861328,63.951744079589844,1009.214765625,81789.140625,True,True,True,176,0,0,109,177,101,2026-10-03T15:07:01.526890+07:00,145.04779706,0.18580359499992483,OK,,True,2026-10-03T15:07:01.712702+07:00,145.23360615499996,0.03299235600002248,OK,,True,1294,0.16175,,2026-10-03T15:07:01.745697+07:00,145.26660202900007,0.03282891200001359,OK,,True,2558,0.31975000000000003,
c833c10214a84703b40edbdf1b2f16b1,147,2026-10-03T15:07:02.526811+07:00,146.0477077129999,146.0477077129999,MONITOR,146.2100196859999,1.000001004999831,0.25169427000014366,9.015599994199874e-05,DISABLED,unknown,not_reported,39.40399932861328,63.93164825439453,1009.2284375,81710.8203125,True,True,True,176,0,0,109,177,101,2026-10-03T15:07:02.526894+07:00,146.04780060200005,0.18579803900001934,OK,,True,2026-10-03T15:07:02.712701+07:00,146.23360512299996,0.03296670700001414,OK,,True,1280,0.16,,2026-10-03T15:07:02.745670+07:00,146.26657616400007,0.032817855999837775,OK,,True,2562,0.32025,
c833c10214a84703b40edbdf1b2f16b1,148,2026-10-03T15:07:03.526815+07:00,147.04771170000004,147.04771170000004,MONITOR,147.21002367300002,1.0000039870001274,0.2516932139999426,9.414300006937992e-05,DISABLED,unknown,not_reported,39.40399932861328,63.91824722290039,1009.2078125,81946.2265625,True,True,True,176,0,0,109,177,101,2026-10-03T15:07:03.526899+07:00,147.04780592199995,0.18579676100011966,OK,,True,2026-10-03T15:07:03.712705+07:00,147.23360829400008,0.0329686339998716,OK,,True,1283,0.160375,,2026-10-03T15:07:03.745676+07:00,147.26658089099988,0.03281546800008073,OK,,True,2557,0.319625,
c833c10214a84703b40edbdf1b2f16b1,149,2026-10-03T15:07:04.526812+07:00,148.04770853800005,148.04770853800005,MONITOR,148.21002051100004,0.9999968380000155,0.2516877329999261,9.098100008486654e-05,DISABLED,unknown,not_reported,39.404640197753906,63.925052642822266,1009.22953125,81946.2265625,True,True,True,176,0,0,109,177,101,2026-10-03T15:07:04.526895+07:00,148.047801575,0.18579983499989794,OK,,True,2026-10-03T15:07:04.712703+07:00,148.23360685500006,0.032970818999956464,OK,,True,1290,0.16125,,2026-10-03T15:07:04.745676+07:00,148.26658096999995,0.032806671000116694,OK,,True,2560,0.32,
c833c10214a84703b40edbdf1b2f16b1,150,2026-10-03T15:07:05.526878+07:00,149.0477647099999,149.0477647099999,MONITOR,149.2100766829999,1.0000561719998586,0.2631405720001112,0.00014715299994350062,DISABLED,unknown,not_reported,39.407188415527344,63.92548751831055,1009.226953125,81946.2265625,True,True,True,176,0,0,109,177,101,2026-10-03T15:07:05.527037+07:00,149.047942357,0.19171917199992095,OK,,True,2026-10-03T15:07:05.718771+07:00,149.239672917,0.036043051999968156,OK,,True,1294,0.16175,,2026-10-03T15:07:05.754822+07:00,149.2757244689999,0.035162979999995514,OK,,True,2579,0.322375,
c833c10214a84703b40edbdf1b2f16b1,151,2026-10-03T15:07:06.526886+07:00,150.04777225199996,150.04777225199996,MONITOR,150.21008422499995,1.0000075420000485,0.2626122399999531,0.00015469499999198888,DISABLED,unknown,not_reported,39.405914306640625,63.925270080566406,1009.2315625,82103.9140625,True,True,True,176,0,0,109,177,101,2026-10-03T15:07:06.527053+07:00,150.0479582139999,0.1917282829999749,OK,,True,2026-10-03T15:07:06.718800+07:00,150.239699534,0.035498312000072474,OK,,True,1268,0.1585,,2026-10-03T15:07:06.754304+07:00,150.27520684599995,0.03516099800003758,OK,,True,2573,0.321625,
c833c10214a84703b40edbdf1b2f16b1,152,2026-10-03T15:07:07.526823+07:00,151.04771944200002,151.04771944200002,MONITOR,151.210031415,0.9999471900000572,0.2519273249999969,0.00010188500004915113,DISABLED,unknown,not_reported,39.412933349609375,63.91977310180664,1009.215625,82500.8046875,True,True,True,176,0,0,109,177,101,2026-10-03T15:07:07.526907+07:00,151.04781395999998,0.1857957610000085,OK,,True,2026-10-03T15:07:07.712712+07:00,151.23361566599988,0.033188374000019394,OK,,True,1296,0.162,,2026-10-03T15:07:07.745904+07:00,151.26680826200004,0.032830041999886816,OK,,True,2559,0.319875,
c833c10214a84703b40edbdf1b2f16b1,153,2026-10-03T15:07:08.526815+07:00,152.04771087299991,152.04771087299991,MONITOR,152.2100228459999,0.9999914309998985,0.2517270099999678,9.331599994766293e-05,DISABLED,unknown,not_reported,39.411659240722656,63.932952880859375,1009.247734375,82580.6484375,True,True,True,176,0,0,109,177,101,2026-10-03T15:07:08.526897+07:00,152.04780435399994,0.18580115000008846,OK,,True,2026-10-03T15:07:08.712707+07:00,152.23361048599986,0.03298767100000077,OK,,True,1302,0.16275,,2026-10-03T15:07:08.745696+07:00,152.26660187900006,0.03282763399988653,OK,,True,2568,0.321,
c833c10214a84703b40edbdf1b2f16b1,154,2026-10-03T15:07:09.526806+07:00,153.04770323000002,153.04770323000002,MONITOR,153.210015203,0.9999923570001101,0.25170058399999107,8.567300005779543e-05,DISABLED,unknown,not_reported,39.41484832763672,63.913387298583984,1009.239296875,82500.8046875,True,True,True,176,0,0,109,177,101,2026-10-03T15:07:09.526888+07:00,153.04779545199995,0.1857917790000556,OK,,True,2026-10-03T15:07:09.712689+07:00,153.2335925089999,0.03297902300005262,OK,,True,1294,0.16175,,2026-10-03T15:07:09.745670+07:00,153.266575032,0.03282067100008135,OK,,True,2557,0.319625,
c833c10214a84703b40edbdf1b2f16b1,155,2026-10-03T15:07:10.526820+07:00,154.04771591999997,154.04771591999997,MONITOR,154.21002789299996,1.0000126899999486,0.25168447300006846,9.83630000064295e-05,DISABLED,unknown,not_reported,39.41484832763672,63.92008972167969,1009.225546875,82740.7890625,True,True,True,176,0,0,109,177,101,2026-10-03T15:07:10.526903+07:00,154.047810475,0.1857891130000553,OK,,True,2026-10-03T15:07:10.712700+07:00,154.23360468099986,0.03296720800017283,OK,,True,1300,0.1625,,2026-10-03T15:07:10.745670+07:00,154.26657542599992,0.03281774500010215,OK,,True,2567,0.320875,
c833c10214a84703b40edbdf1b2f16b1,156,2026-10-03T15:07:11.526812+07:00,155.0477088319999,155.0477088319999,MONITOR,155.21002080499989,0.9999929119999251,0.25167690000012044,9.127499993155652e-05,DISABLED,unknown,not_reported,39.418678283691406,63.91403579711914,1009.22484375,82821.09375,True,True,True,176,0,0,109,177,101,2026-10-03T15:07:11.526895+07:00,155.047802628,0.1857916500000556,OK,,True,2026-10-03T15:07:11.712696+07:00,155.233599853,0.03295511500004977,OK,,True,1311,0.163875,,2026-10-03T15:07:11.745654+07:00,155.26655887499987,0.032818079000207945,OK,,True,2560,0.32,
c833c10214a84703b40edbdf1b2f16b1,157,2026-10-03T15:07:12.526852+07:00,156.04773835600008,156.04773835600008,MONITOR,156.21005032900007,1.0000295240001833,0.2620779079998101,0.00012079900011485734,DISABLED,unknown,not_reported,39.41740036010742,63.907127380371094,1009.2021875,82821.09375,True,True,True,176,0,0,109,177,101,2026-10-03T15:07:12.527014+07:00,156.04791981800008,0.19173935699996036,OK,,True,2026-10-03T15:07:12.718771+07:00,156.23967135999987,0.036039477000031184,OK,,True,1297,0.162125,,2026-10-03T15:07:12.754817+07:00,156.2757203189999,0.03407940800002507,OK,,True,2572,0.3215,
c833c10214a84703b40edbdf1b2f16b1,158,2026-10-03T15:07:13.526913+07:00,157.04780119399993,157.04780119399993,MONITOR,157.21011316699992,1.0000628379998489,0.2653572510000686,0.00018363699996370997,DISABLED,unknown,not_reported,39.41803741455078,63.90723419189453,1009.223828125,82821.09375,True,True,True,176,0,0,109,177,101,2026-10-03T15:07:13.527069+07:00,157.04797497100003,0.1907075999999961,OK,,True,2026-10-03T15:07:13.717797+07:00,157.2386969229999,0.03678167900011431,OK,,True,1294,0.16175,,2026-10-03T15:07:13.754584+07:00,157.275487139,0.03765306600007534,OK,,True,2570,0.32125,
c833c10214a84703b40edbdf1b2f16b1,159,2026-10-03T15:07:14.526886+07:00,158.04777245800005,158.04777245800005,MONITOR,158.21008443100004,0.9999712640001235,0.2622566860000006,0.0001549010000871931,DISABLED,unknown,not_reported,39.420589447021484,63.90095901489258,1009.2003125,82982.171875,True,True,True,176,0,0,109,177,101,2026-10-03T15:07:14.527045+07:00,158.04795066099996,0.19172206000007463,OK,,True,2026-10-03T15:07:14.718784+07:00,158.2396842579999,0.035552294000126494,OK,,True,1311,0.163875,,2026-10-03T15:07:14.754341+07:00,158.27524507099997,0.034766295000054015,OK,,True,2574,0.32175,
c833c10214a84703b40edbdf1b2f16b1,160,2026-10-03T15:07:15.526825+07:00,159.04772055600006,159.04772055600006,MONITOR,159.21003252900005,0.9999480980000044,0.2517470289999437,0.00010299900009158591,DISABLED,unknown,not_reported,39.421226501464844,63.90106964111328,1009.23578125,83879.421875,True,True,True,176,0,0,109,177,101,2026-10-03T15:07:15.526907+07:00,159.04781427800003,0.1858006679999562,OK,,True,2026-10-03T15:07:15.712718+07:00,159.2336205019999,0.03297000400016259,OK,,True,1295,0.161875,,2026-10-03T15:07:15.745689+07:00,159.26659411700007,0.0328645229999438,OK,,True,2560,0.32,
c833c10214a84703b40edbdf1b2f16b1,161,2026-10-03T15:07:16.526813+07:00,160.0477084869999,160.0477084869999,MONITOR,160.2100204599999,0.9999879309998505,0.2516651030000503,9.092999994209094e-05,DISABLED,unknown,not_reported,39.419315338134766,63.907447814941406,1009.20515625,82982.171875,True,True,True,176,0,0,109,177,101,2026-10-03T15:07:16.526894+07:00,160.04780139399986,0.18579837200013571,OK,,True,2026-10-03T15:07:16.712701+07:00,160.2336050629999,0.032938559000058376,OK,,True,1289,0.161125,,2026-10-03T15:07:16.745641+07:00,160.26654695599996,0.03281719000005978,OK,,True,2562,0.32025,
c833c10214a84703b40edbdf1b2f16b1,162,2026-10-03T15:07:17.526810+07:00,161.04770730699988,161.04770730699988,MONITOR,161.21001927999987,0.9999988199999734,0.25177145400016343,8.974999991551158e-05,DISABLED,unknown,not_reported,39.427608489990234,63.90886306762695,1009.21171875,83550.9140625,True,True,True,176,0,0,109,177,101,2026-10-03T15:07:17.526893+07:00,161.04780021400006,0.18579792799982897,OK,,True,2026-10-03T15:07:17.712699+07:00,161.23360325299996,0.032968597000035516,OK,,True,1298,0.16225,,2026-10-03T15:07:17.745669+07:00,161.26657457200008,0.03289504099984697,OK,,True,2556,0.3195,
c833c10214a84703b40edbdf1b2f16b1,163,2026-10-03T15:07:18.526823+07:00,162.047719163,162.047719163,MONITOR,162.210031136,1.0000118560001283,0.25193438099995547,0.00010160600004383014,DISABLED,unknown,not_reported,39.42888641357422,63.88897705078125,1009.23453125,83469.1875,True,True,True,176,0,0,109,177,101,2026-10-03T15:07:18.526906+07:00,162.0478129779999,0.18579144600016662,OK,,True,2026-10-03T15:07:18.712706+07:00,162.23360970199997,0.03320891099997425,OK,,True,1293,0.161625,,2026-10-03T15:07:18.745917+07:00,162.26682202000006,0.03282209799999691,OK,,True,2560,0.32,
c833c10214a84703b40edbdf1b2f16b1,164,2026-10-03T15:07:19.526813+07:00,163.04770903899998,163.04770903899998,MONITOR,163.21002101199997,0.9999898759999724,0.25194725000005747,9.148200001618534e-05,DISABLED,unknown,not_reported,39.431434631347656,63.89610290527344,1009.238515625,83550.9140625,True,True,True,176,0,0,109,177,101,2026-10-03T15:07:19.526896+07:00,163.04780364999988,0.1857916500000556,OK,,True,2026-10-03T15:07:19.712697+07:00,163.2336012809999,0.0332121520000328,OK,,True,1302,0.16275,,2026-10-03T15:07:19.745911+07:00,163.26681672900008,0.0328313199997865,OK,,True,2560,0.32,
c833c10214a84703b40edbdf1b2f16b1,165,2026-10-03T15:07:20.526819+07:00,164.047714284,164.047714284,MONITOR,164.21002625699998,1.0000052450000112,0.2516895480000585,9.672700002738566e-05,DISABLED,unknown,not_reported,39.43207550048828,63.902915954589844,1009.239765625,83550.9140625,True,True,True,176,0,0,109,177,101,2026-10-03T15:07:20.526901+07:00,164.04780811699993,0.18578859500007638,OK,,True,2026-10-03T15:07:20.712697+07:00,164.23360152700002,0.03295085599984304,OK,,True,1278,0.15975,,2026-10-03T15:07:20.745650+07:00,164.266555939,0.03283955999995669,OK,,True,2561,0.320125,
c833c10214a84703b40edbdf1b2f16b1,166,2026-10-03T15:07:21.526822+07:00,165.0477183999999,165.0477183999999,MONITOR,165.21003037299988,1.0000041159999,0.25168675200006874,0.00010084299992740853,DISABLED,unknown,not_reported,39.433349609375,63.88972854614258,1009.22796875,83550.9140625,True,True,True,176,0,0,109,177,101,2026-10-03T15:07:21.526904+07:00,165.04781078899987,0.18578829800003405,OK,,True,2026-10-03T15:07:21.712701+07:00,165.23360454999988,0.032911468000065724,OK,,True,1300,0.1625,,2026-10-03T15:07:21.745628+07:00,165.26651875800007,0.03287744899989775,OK,,True,2563,0.320375,
c833c10214a84703b40edbdf1b2f16b1,167,2026-10-03T15:07:22.526816+07:00,166.04771292400005,166.04771292400005,MONITOR,166.21002489700004,0.999994524000158,0.2517067510000288,9.536700008538901e-05,DISABLED,unknown,not_reported,39.435264587402344,63.869956970214844,1009.20359375,83879.421875,True,True,True,176,0,0,109,177,101,2026-10-03T15:07:22.526897+07:00,166.04780479400006,0.1857944469998074,OK,,True,2026-10-03T15:07:22.712700+07:00,166.23360424099997,0.03296470700001919,OK,,True,1295,0.161875,,2026-10-03T15:07:22.745666+07:00,166.26657207800008,0.032838763999961884,OK,,True,2558,0.31975000000000003,
c833c10214a84703b40edbdf1b2f16b1,168,2026-10-03T15:07:23.526812+07:00,167.04770835499994,167.04770835499994,MONITOR,167.21002032799993,0.9999954309998884,0.2516533990001335,9.079799997380178e-05,DISABLED,unknown,not_reported,39.43717956542969,63.87029266357422,1009.22046875,84210.5234375,True,True,True,176,0,0,109,177,101,2026-10-03T15:07:23.526895+07:00,167.04780268800005,0.18578987199998664,OK,,True,2026-10-03T15:07:23.712694+07:00,167.23359783799992,0.032917449000024135,OK,,True,1297,0.162125,,2026-10-03T15:07:23.745628+07:00,167.26651854600004,0.03283398600001419,OK,,True,2559,0.319875,
c833c10214a84703b40edbdf1b2f16b1,169,2026-10-03T15:07:24.526843+07:00,168.04773971200007,168.04773971200007,MONITOR,168.21005168500005,1.0000313570001254,0.2519123239999317,0.00012215500009915559,DISABLED,unknown,not_reported,39.43654251098633,63.87688064575195,1009.185,84127.5078125,True,True,True,176,0,0,109,177,101,2026-10-03T15:07:24.526923+07:00,168.04783078499986,0.18579015100021934,OK,,True,2026-10-03T15:07:24.712722+07:00,168.23362628699988,0.033184856000161744,OK,,True,1288,0.161,,2026-10-03T15:07:24.745909+07:00,168.26681488400004,0.032827708000013445,OK,,True,2563,0.320375,
c833c10214a84703b40edbdf1b2f16b1,170,2026-10-03T15:07:25.526814+07:00,169.04771058699998,169.04771058699998,MONITOR,169.21002255999997,0.9999708749999172,0.257138273999999,9.303000001636974e-05,DISABLED,unknown,not_reported,39.43973159790039,63.870723724365234,1009.20390625,84127.5078125,True,True,True,176,0,0,109,177,101,2026-10-03T15:07:25.526901+07:00,169.04780679100008,0.18685505399980684,OK,,True,2026-10-03T15:07:25.713771+07:00,169.23467310399997,0.03568364600005225,OK,,True,1281,0.160125,,2026-10-03T15:07:25.749465+07:00,169.27036573100008,0.03447016699988126,OK,,True,2544,0.318,
c833c10214a84703b40edbdf1b2f16b1,171,2026-10-03T15:07:26.526814+07:00,170.04770998100003,170.04770998100003,MONITOR,170.210021954,0.9999993940000422,0.25181065799984026,9.242400005859963e-05,DISABLED,unknown,not_reported,39.43909454345703,63.863914489746094,1009.196015625,84044.6484375,True,True,True,176,0,0,109,177,101,2026-10-03T15:07:26.526897+07:00,170.04780437,0.18582115000003796,OK,,True,2026-10-03T15:07:26.712730+07:00,170.23363274200005,0.033004355999992185,OK,,True,1304,0.163,,2026-10-03T15:07:26.745736+07:00,170.26664109800004,0.03287052299992865,OK,,True,2564,0.3205,
c833c10214a84703b40edbdf1b2f16b1,172,2026-10-03T15:07:27.529747+07:00,171.05064107099997,171.05064107099997,MONITOR,171.21295304399996,1.0029310899999473,0.25246472999992875,0.003023514000005889,DISABLED,unknown,not_reported,39.442283630371094,63.87114715576172,1009.20796875,83961.953125,True,True,True,176,0,0,109,177,101,2026-10-03T15:07:27.529842+07:00,171.05074945899992,0.18587989100001323,OK,,True,2026-10-03T15:07:27.715735+07:00,171.23663835000002,0.033540114000061294,OK,,True,1306,0.16325,,2026-10-03T15:07:27.749280+07:00,171.27018381599987,0.0329115780000393,OK,,True,2560,0.32,
c833c10214a84703b40edbdf1b2f16b1,173,2026-10-03T15:07:28.526814+07:00,172.04771004600002,172.04771004600002,MONITOR,172.210022019,0.9970689750000474,0.2517862699999114,9.248900005331961e-05,DISABLED,unknown,not_reported,39.445472717285156,63.864990234375,1009.19953125,84210.5234375,True,True,True,176,0,0,109,177,101,2026-10-03T15:07:28.526897+07:00,172.04780436099986,0.1858099650000895,OK,,True,2026-10-03T15:07:28.712718+07:00,172.233622104,0.03298722599993198,OK,,True,1302,0.16275,,2026-10-03T15:07:28.745707+07:00,172.26661282999999,0.03287419000002956,OK,,True,2561,0.320125,
c833c10214a84703b40edbdf1b2f16b1,174,2026-10-03T15:07:29.526807+07:00,173.04770410700007,173.04770410700007,MONITOR,173.21001608000006,0.9999940610000522,0.2519679729998643,8.655000010548974e-05,DISABLED,unknown,not_reported,39.4499397277832,63.85905838012695,1009.234140625,84880.6328125,True,True,True,176,0,0,109,177,101,2026-10-03T15:07:29.526890+07:00,173.047797662,0.18580370599988782,OK,,True,2026-10-03T15:07:29.712705+07:00,173.23360862699997,0.03317722599990702,OK,,True,1289,0.161125,,2026-10-03T15:07:29.745884+07:00,173.26678959399987,0.03287283800000296,OK,,True,2555,0.319375,
c833c10214a84703b40edbdf1b2f16b1,175,2026-10-03T15:07:30.526837+07:00,174.04772703799995,174.04772703799995,MONITOR,174.21003901099994,1.0000229309998758,0.25335487600000306,0.00010948099998131511,DISABLED,unknown,not_reported,39.452491760253906,63.87288284301758,1009.252109375,84377.0625,True,True,True,176,0,0,109,177,101,2026-10-03T15:07:30.526922+07:00,174.04782918599994,0.18580868699996245,OK,,True,2026-10-03T15:07:30.712742+07:00,174.23364518800008,0.03325011399988398,OK,,True,1295,0.161875,,2026-10-03T15:07:30.745993+07:00,174.2668987279999,0.034163075000151366,OK,,True,2552,0.319,
c833c10214a84703b40edbdf1b2f16b1,176,2026-10-03T15:07:31.526863+07:00,175.04775717200005,175.04775717200005,MONITOR,175.21006914500003,1.0000301340000988,0.25175425199995516,0.00013961500008008443,DISABLED,unknown,not_reported,39.4499397277832,63.845664978027344,1009.22734375,84460.5703125,True,True,True,176,0,0,109,177,101,2026-10-03T15:07:31.526955+07:00,175.04786222799999,0.1858287239999754,OK,,True,2026-10-03T15:07:31.712795+07:00,175.23369841499994,0.032979633999957514,OK,,True,1294,0.16175,,2026-10-03T15:07:31.745775+07:00,175.26668132600003,0.03282207899997047,OK,,True,2554,0.31925000000000003,
c833c10214a84703b40edbdf1b2f16b1,177,2026-10-03T15:07:32.526813+07:00,176.0477098629999,176.0477098629999,MONITOR,176.2100218359999,0.9999526909998622,0.25175073200011866,9.230599994225486e-05,DISABLED,unknown,not_reported,39.43590545654297,63.836578369140625,1007.198125,84796.2890625,True,True,True,176,0,0,109,177,101,2026-10-03T15:07:32.526896+07:00,176.047802973,0.18581731699987358,OK,,True,2026-10-03T15:07:32.712725+07:00,176.23362767899994,0.032997615000113,OK,,True,1307,0.163375,,2026-10-03T15:07:32.745723+07:00,176.26662823900006,0.03282450400001835,OK,,True,2540,0.3175,
c833c10214a84703b40edbdf1b2f16b1,178,2026-10-03T15:07:33.526814+07:00,177.04771053399986,177.04771053399986,MONITOR,177.21002250699985,1.0000006709999525,0.25175601099999767,9.297699989474495e-05,DISABLED,unknown,not_reported,39.44356155395508,63.59688949584961,1007.21046875,85647.375,True,True,True,176,0,0,109,177,101,2026-10-03T15:07:33.526899+07:00,177.04780581199998,0.18581900200001655,OK,,True,2026-10-03T15:07:33.712729+07:00,177.23363203600002,0.032998540999869874,OK,,True,1298,0.16225,,2026-10-03T15:07:33.745729+07:00,177.266633984,0.03282402399986495,OK,,True,2528,0.316,
c833c10214a84703b40edbdf1b2f16b1,179,2026-10-03T15:07:34.526816+07:00,178.04771063199996,178.04771063199996,MONITOR,178.21002260499995,1.0000000980001005,0.2517542880000292,9.307499999522406e-05,DISABLED,on,user_reported,39.41484832763672,62.944053649902344,1007.17109375,86603.515625,True,True,True,176,0,0,109,177,101,2026-10-03T15:07:34.526900+07:00,178.047806798,0.18583150199992815,OK,,True,2026-10-03T15:07:34.712744+07:00,178.23364628199988,0.03299094800013336,OK,,True,1287,0.160875,,2026-10-03T15:07:34.745735+07:00,178.26664106399994,0.032814134000091144,OK,,True,2514,0.31425000000000003,
c833c10214a84703b40edbdf1b2f16b1,180,2026-10-03T15:07:35.528927+07:00,179.04981464999992,179.04981464999992,MONITOR,179.2121266229999,1.0021040179999545,0.26322229400011565,0.0021970929999497457,DISABLED,on,user_reported,39.38422393798828,61.99385452270508,1007.169765625,87671.234375,True,True,True,176,0,0,109,177,101,2026-10-03T15:07:35.529088+07:00,179.04999305699994,0.19158385600007932,OK,,True,2026-10-03T15:07:35.720694+07:00,179.24159283900008,0.036144810999985566,OK,,True,1286,0.16075,,2026-10-03T15:07:35.756844+07:00,179.27774674199986,0.03526886900021964,OK,,True,2509,0.313625,
c833c10214a84703b40edbdf1b2f16b1,181,2026-10-03T15:07:36.526858+07:00,180.04775319700002,180.04775319700002,MONITOR,180.21006517,0.9979385470001034,0.25523177900004157,0.00013564000005317212,DISABLED,on,user_reported,39.337005615234375,60.932804107666016,1007.141484375,89510.4921875,True,True,True,176,0,0,109,177,101,2026-10-03T15:07:36.526947+07:00,180.04785432599988,0.18595166900013282,OK,,True,2026-10-03T15:07:36.712913+07:00,180.23381512399988,0.03461592600001495,OK,,True,1282,0.16025,,2026-10-03T15:07:36.747534+07:00,180.26843747599992,0.03453403699995761,OK,,True,2491,0.311375,
c833c10214a84703b40edbdf1b2f16b1,182,2026-10-03T15:07:37.526808+07:00,181.04770473899998,181.04770473899998,MONITOR,181.21001671199997,0.9999515419999625,0.2517509740000605,8.718200001567311e-05,DISABLED,on,user_reported,39.303829193115234,59.80708694458008,1007.1840625,91921.0078125,True,True,True,176,0,0,109,177,101,2026-10-03T15:07:37.526891+07:00,181.04779866500007,0.18582214999992175,OK,,True,2026-10-03T15:07:37.712727+07:00,181.23362920399995,0.03300885599992398,OK,,True,1296,0.162,,2026-10-03T15:07:37.745735+07:00,181.26664137500006,0.03280592999999499,OK,,True,2493,0.311625,
c833c10214a84703b40edbdf1b2f16b1,183,2026-10-03T15:07:38.526841+07:00,182.04773687400007,182.04773687400007,MONITOR,182.21004884700005,1.0000321350000831,0.25183454699981667,0.00011931700009881752,DISABLED,on,user_reported,39.26490783691406,58.686500549316406,1007.148671875,95061.2734375,True,True,True,176,0,0,109,177,101,2026-10-03T15:07:38.526930+07:00,182.04783650299987,0.18586020600014308,OK,,True,2026-10-03T15:07:38.712801+07:00,182.23370428299995,0.032990078000011636,OK,,True,1297,0.162125,,2026-10-03T15:07:38.745792+07:00,182.26669771299999,0.03286533799996505,OK,,True,2481,0.310125,
c833c10214a84703b40edbdf1b2f16b1,184,2026-10-03T15:07:39.526815+07:00,183.04771113800007,183.04771113800007,MONITOR,183.21002311100005,0.9999742640000022,0.2520287129998451,9.358100010103954e-05,DISABLED,on,user_reported,39.233646392822266,57.59922409057617,1007.118671875,96458.1796875,True,True,True,176,0,0,109,177,101,2026-10-03T15:07:39.526901+07:00,183.04780854499995,0.18581933499990555,OK,,True,2026-10-03T15:07:39.712733+07:00,183.2336359179999,0.03324122499998339,OK,,True,1285,0.160625,,2026-10-03T15:07:39.745975+07:00,183.26688067999999,0.03285037499995269,OK,,True,2477,0.309625,
c833c10214a84703b40edbdf1b2f16b1,185,2026-10-03T15:07:40.526847+07:00,184.04774229100008,184.04774229100008,MONITOR,184.21005426400006,1.000031153000009,0.2517342699998153,0.00012473400011003832,DISABLED,on,user_reported,39.1972770690918,56.60103225708008,1007.073671875,97728.5703125,True,True,True,176,0,0,109,177,101,2026-10-03T15:07:40.526937+07:00,184.0478441979999,0.18582011300009071,OK,,True,2026-10-03T15:07:40.712769+07:00,184.23367175599992,0.03298200400013229,OK,,True,1296,0.162,,2026-10-03T15:07:40.745750+07:00,184.26665635199993,0.03281146800009083,OK,,True,2477,0.309625,
c833c10214a84703b40edbdf1b2f16b1,186,2026-10-03T15:07:41.526808+07:00,185.04770435199998,185.04770435199998,MONITOR,185.21001632499997,0.9999620609999056,0.25176930599991465,8.679500001562701e-05,DISABLED,on,user_reported,39.16090774536133,55.678627014160156,1007.234609375,99552.7890625,True,True,True,176,0,0,109,177,101,2026-10-03T15:07:41.526890+07:00,185.04779696299988,0.18581198300012147,OK,,True,2026-10-03T15:07:41.712714+07:00,185.233616557,0.03298202299993136,OK,,True,1300,0.1625,,2026-10-03T15:07:41.745696+07:00,185.26660154299998,0.03286324500004412,OK,,True,2473,0.309125,
c833c10214a84703b40edbdf1b2f16b1,187,2026-10-03T15:07:42.526845+07:00,186.04774063399987,186.04774063399987,MONITOR,186.21005260699985,1.0000362819998827,0.2518092140001045,0.00012307699989833054,DISABLED,on,user_reported,39.1353874206543,54.845497131347656,1007.255234375,101325.9453125,True,True,True,176,0,0,109,177,101,2026-10-03T15:07:42.526933+07:00,186.04784019,0.18581489000007423,OK,,True,2026-10-03T15:07:42.712760+07:00,186.23366282100005,0.03300818999991861,OK,,True,1298,0.16225,,2026-10-03T15:07:42.745768+07:00,186.26667408499998,0.03286711500004458,OK,,True,2462,0.30775,
c833c10214a84703b40edbdf1b2f16b1,188,2026-10-03T15:07:43.526905+07:00,187.04779358399992,187.04779358399992,MONITOR,187.2101055569999,1.000052950000054,0.2518609539999943,0.00017602699995222792,DISABLED,on,user_reported,39.11369323730469,54.08031463623047,1007.22015625,102481.984375,True,True,True,176,0,0,109,177,101,2026-10-03T15:07:43.527037+07:00,187.04794354599994,0.1859094650001225,OK,,True,2026-10-03T15:07:43.712957+07:00,187.23386063999988,0.032947449000175766,OK,,True,1287,0.160875,,2026-10-03T15:07:43.745904+07:00,187.2668109409999,0.03283531900001435,OK,,True,2468,0.3085,
c833c10214a84703b40edbdf1b2f16b1,189,2026-10-03T15:07:44.526819+07:00,188.04771636700002,188.04771636700002,MONITOR,188.21002834,0.9999227830001018,0.25199573199984115,9.881000005407259e-05,DISABLED,on,user_reported,39.097103118896484,53.40800094604492,1007.1865625,103727.7109375,True,True,True,176,0,0,109,177,101,2026-10-03T15:07:44.526897+07:00,188.04780336599993,0.1858091130000048,OK,,True,2026-10-03T15:07:44.712717+07:00,188.2336200719999,0.03323089200011964,OK,,True,1289,0.161125,,2026-10-03T15:07:44.745948+07:00,188.26685401999998,0.032848690000037095,OK,,True,2458,0.30725,
c833c10214a84703b40edbdf1b2f16b1,190,2026-10-03T15:07:45.526878+07:00,189.04776887100002,189.04776887100002,MONITOR,189.210080844,1.0000525039999957,0.25178760299991154,0.00015131400004975148,DISABLED,on,user_reported,39.07285690307617,52.79399871826172,1007.2090625,104617.8984375,True,True,True,176,0,0,109,177,101,2026-10-03T15:07:45.526996+07:00,189.047902001,0.1858203899998898,OK,,True,2026-10-03T15:07:45.712827+07:00,189.23373018799998,0.03297126300003583,OK,,True,1286,0.16075,,2026-10-03T15:07:45.745799+07:00,189.26670446999992,0.03284342999995715,OK,,True,2462,0.30775,
c833c10214a84703b40edbdf1b2f16b1,191,2026-10-03T15:07:46.526817+07:00,190.04771263599991,190.04771263599991,MONITOR,190.2100246089999,0.9999437649998981,0.25184999099997185,9.507899994787294e-05,DISABLED,on,user_reported,39.05435562133789,52.26506805419922,1007.179296875,106246.109375,True,True,True,176,0,0,109,177,101,2026-10-03T15:07:46.526902+07:00,190.04780830200002,0.18584678000001986,OK,,True,2026-10-03T15:07:46.712761+07:00,190.23366415600003,0.03300852200004556,OK,,True,1300,0.1625,,2026-10-03T15:07:46.745772+07:00,190.26667732700002,0.03287596699988171,OK,,True,2456,0.307,
c833c10214a84703b40edbdf1b2f16b1,192,2026-10-03T15:07:47.526854+07:00,191.04774799200004,191.04774799200004,MONITOR,191.21005996500003,1.0000353560001258,0.2518816029999016,0.00013043500007370312,DISABLED,on,user_reported,39.040958404541016,51.76990509033203,1007.178203125,107112.96875,True,True,True,176,0,0,109,176,101,2026-10-03T15:07:47.526940+07:00,191.0478468629999,0.18583003900016593,OK,,True,2026-10-03T15:07:47.712782+07:00,191.23368441999992,0.033058671000162576,OK,,True,1298,0.16225,,2026-10-03T15:07:47.745840+07:00,191.26674623899999,0.032874745000071925,OK,,True,2457,0.307125,
c833c10214a84703b40edbdf1b2f16b1,193,2026-10-03T15:07:48.526856+07:00,192.04775005300007,192.04775005300007,MONITOR,192.21006202600006,1.000002061000032,0.2517982319998282,0.0001324960001056752,DISABLED,on,user_reported,39.019901275634766,51.36941909790039,1007.171640625,107247.59375,True,True,True,176,0,0,109,177,101,2026-10-03T15:07:48.526940+07:00,192.04784731199993,0.1858341869999549,OK,,True,2026-10-03T15:07:48.712786+07:00,192.23368942499997,0.03298804099995323,OK,,True,1289,0.161125,,2026-10-03T15:07:48.745774+07:00,192.26668028099994,0.03285920799999076,OK,,True,2457,0.307125,
c833c10214a84703b40edbdf1b2f16b1,194,2026-10-03T15:07:49.528161+07:00,193.0490562949999,193.0490562949999,MONITOR,193.2113682679999,1.0013062419998278,0.25276176700003816,0.001438737999933437,DISABLED,on,user_reported,38.99629592895508,50.98199462890625,1007.1334375,108820.40625,True,True,True,176,0,0,109,176,101,2026-10-03T15:07:49.528250+07:00,193.04915672099992,0.18680538800003887,OK,,True,2026-10-03T15:07:49.715066+07:00,193.235969609,0.0329606339998918,OK,,True,1275,0.15937500000000002,,2026-10-03T15:07:49.748027+07:00,193.26893320599993,0.032874875000061365,OK,,True,2458,0.30725,
c833c10214a84703b40edbdf1b2f16b1,195,2026-10-03T15:07:50.526871+07:00,194.04776334100006,194.04776334100006,MONITOR,194.21007531400005,0.9987070460001632,0.2520996019998165,0.00014578400009668258,DISABLED,on,user_reported,38.97523880004883,50.65850830078125,1007.113203125,109308.28125,True,True,True,176,0,0,109,177,101,2026-10-03T15:07:50.526978+07:00,194.04788446999987,0.18586403900008008,OK,,True,2026-10-03T15:07:50.712853+07:00,194.23375610099993,0.03325911499996437,OK,,True,1297,0.162125,,2026-10-03T15:07:50.746113+07:00,194.26701864200004,0.032834782000009,OK,,True,2456,0.307,
c833c10214a84703b40edbdf1b2f16b1,196,2026-10-03T15:07:51.527122+07:00,195.04801219699993,195.04801219699993,MONITOR,195.21032416999992,1.000248855999871,0.2529938590000711,0.00039463999996769417,DISABLED,on,user_reported,38.95354461669922,50.37937927246094,1007.12609375,110511.546875,True,True,True,176,0,0,109,176,101,2026-10-03T15:07:51.527273+07:00,195.04817864100005,0.18699679499991362,OK,,True,2026-10-03T15:07:51.714281+07:00,195.23518339899988,0.032971819000067626,OK,,True,1299,0.162375,,2026-10-03T15:07:51.747253+07:00,195.26815873600003,0.03283713499990881,OK,,True,2460,0.3075,
c833c10214a84703b40edbdf1b2f16b1,197,2026-10-03T15:07:52.526812+07:00,196.04770864700004,196.04770864700004,MONITOR,196.21002062000002,0.9996964500001013,0.25176732499994614,9.109000006901624e-05,DISABLED,on,user_reported,38.93057632446289,50.150569915771484,1007.1234375,110012.890625,True,True,True,176,0,0,109,177,101,2026-10-03T15:07:52.526892+07:00,196.04779890600003,0.18582890899983795,OK,,True,2026-10-03T15:07:52.712732+07:00,196.2336357229999,0.033015021999972305,OK,,True,1296,0.162,,2026-10-03T15:07:52.745749+07:00,196.26665457900003,0.03281102300002203,OK,,True,2454,0.30675,
c833c10214a84703b40edbdf1b2f16b1,198,2026-10-03T15:07:53.526810+07:00,197.04770691099998,197.04770691099998,MONITOR,197.21001888399996,0.9999982639999416,0.2517682140000943,8.935400001064409e-05,DISABLED,on,user_reported,38.89676284790039,49.92678451538086,1007.13046875,111014.7421875,True,True,True,176,0,0,109,177,101,2026-10-03T15:07:53.526884+07:00,197.04779148500006,0.1858181869999953,OK,,True,2026-10-03T15:07:53.712714+07:00,197.23361717199987,0.03298363400017479,OK,,True,1284,0.1605,,2026-10-03T15:07:53.745698+07:00,197.26660402800007,0.03286017099981109,OK,,True,2457,0.307125,
c833c10214a84703b40edbdf1b2f16b1,199,2026-10-03T15:07:54.526825+07:00,198.047720583,198.047720583,MONITOR,198.210032556,1.0000136720000228,0.2517690289998882,0.00010302600003342377,DISABLED,on,user_reported,38.88208770751953,49.749698638916016,1007.113515625,112182.296875,True,True,True,176,0,0,109,177,101,2026-10-03T15:07:54.526901+07:00,198.047807916,0.18581748299993706,OK,,True,2026-10-03T15:07:54.712730+07:00,198.23363341799995,0.0329963740000494,OK,,True,1304,0.163,,2026-10-03T15:07:54.745728+07:00,198.26663386699988,0.03284498600010011,OK,,True,2455,0.306875,
c833c10214a84703b40edbdf1b2f16b1,200,2026-10-03T15:07:55.526917+07:00,199.04780319899987,199.04780319899987,MONITOR,199.21011517199986,1.0000826159998724,0.25232269399998586,0.00018564199990578345,DISABLED,on,user_reported,38.86486053466797,49.597389221191406,1007.09265625,112403.953125,True,True,True,176,0,0,109,177,101,2026-10-03T15:07:55.527039+07:00,199.047945884,0.18586144599998988,OK,,True,2026-10-03T15:07:55.712912+07:00,199.23381464499994,0.03341213199996673,OK,,True,1287,0.160875,,2026-10-03T15:07:55.746327+07:00,199.26723140700005,0.03288289299985081,OK,,True,2455,0.306875,
c833c10214a84703b40edbdf1b2f16b1,201,2026-10-03T15:07:56.526805+07:00,200.04770238900005,200.04770238900005,MONITOR,200.21001436200004,0.9998991900001784,0.25699592199998733,8.483200008413405e-05,DISABLED,on,user_reported,38.8450813293457,49.46358108520508,1007.136171875,112924.5703125,True,True,True,176,0,0,109,177,101,2026-10-03T15:07:56.526882+07:00,200.0477889629999,0.18755562700016526,OK,,True,2026-10-03T15:07:56.714455+07:00,200.23535607100007,0.03465981499994086,OK,,True,1304,0.163,,2026-10-03T15:07:56.749116+07:00,200.27002096,0.03466229599985127,OK,,True,2467,0.308375,
c833c10214a84703b40edbdf1b2f16b1,202,2026-10-03T15:07:57.526881+07:00,201.04776706100006,201.04776706100006,MONITOR,201.21007903400005,1.0000646720000077,0.25338950599984855,0.00014950400009183795,DISABLED,on,user_reported,38.82721710205078,49.34883117675781,1007.107265625,113074.203125,True,True,True,176,0,0,109,177,101,2026-10-03T15:07:57.527041+07:00,201.04794667099986,0.18699496200019894,OK,,True,2026-10-03T15:07:57.714048+07:00,201.23495057700006,0.03329629999984718,OK,,True,1275,0.15937500000000002,,2026-10-03T15:07:57.747349+07:00,201.26825196999994,0.03289339299999483,OK,,True,2450,0.30625,
c833c10214a84703b40edbdf1b2f16b1,203,2026-10-03T15:07:58.526805+07:00,202.047702844,202.047702844,MONITOR,202.210014817,0.9999357829999553,0.25376496800004134,8.528700004717393e-05,DISABLED,on,user_reported,38.79914093017578,49.25143814086914,1007.075703125,113149.171875,True,True,True,176,0,0,109,177,101,2026-10-03T15:07:58.526879+07:00,202.047786695,0.1871482209999158,OK,,True,2026-10-03T15:07:58.714051+07:00,202.23494471200001,0.03365266900004826,OK,,True,1300,0.1625,,2026-10-03T15:07:58.747700+07:00,202.26860284400004,0.03285361600001124,OK,,True,2456,0.307,
c833c10214a84703b40edbdf1b2f16b1,204,2026-10-03T15:07:59.526814+07:00,203.047710608,203.047710608,MONITOR,203.21002258099998,1.0000077639999745,0.2522784719999436,9.305100002166e-05,DISABLED,on,user_reported,38.77489471435547,49.2044677734375,1007.11203125,114515.765625,True,True,True,176,0,0,109,177,101,2026-10-03T15:07:59.526889+07:00,203.0477962739999,0.18583592800018778,OK,,True,2026-10-03T15:07:59.712738+07:00,203.23364092399993,0.03297865300010017,OK,,True,1299,0.162375,,2026-10-03T15:07:59.745717+07:00,203.26662281699987,0.03335417000016605,OK,,True,2452,0.3065,
c833c10214a84703b40edbdf1b2f16b1,205,2026-10-03T15:08:00.527710+07:00,204.0486009619999,204.0486009619999,MONITOR,204.2109129349999,1.000890353999921,0.2524530270000014,0.0009834049999426497,DISABLED,on,user_reported,38.754478454589844,49.133121490478516,1007.147421875,114515.765625,True,True,True,176,0,0,109,177,101,2026-10-03T15:08:00.527818+07:00,204.048725073,0.18600857499995982,OK,,True,2026-10-03T15:08:00.713839+07:00,204.2347422969999,0.03310870700011037,OK,,True,1302,0.16275,,2026-10-03T15:08:00.746952+07:00,204.26785568900004,0.03318700399995578,OK,,True,2459,0.307375,
c833c10214a84703b40edbdf1b2f16b1,206,2026-10-03T15:08:01.526804+07:00,205.04770089599992,205.04770089599992,MONITOR,205.2100128689999,0.9990999340000144,0.2528007290000005,8.333899995704996e-05,DISABLED,on,user_reported,38.747459411621094,49.09478759765625,1007.143046875,115133.796875,True,True,True,176,0,0,109,177,101,2026-10-03T15:08:01.526881+07:00,205.04778822899993,0.18581703900008506,OK,,True,2026-10-03T15:08:01.712711+07:00,205.23361350799996,0.03397053899993807,OK,,True,1318,0.16475,,2026-10-03T15:08:01.746686+07:00,205.26758893600004,0.03290174499989007,OK,,True,2457,0.307125,
c833c10214a84703b40edbdf1b2f16b1,207,2026-10-03T15:08:02.526810+07:00,206.04770716000007,206.04770716000007,MONITOR,206.21001913300006,1.0000062640001488,0.26557621399979325,8.960300010585343e-05,DISABLED,on,user_reported,38.73725128173828,49.049808502197266,1007.1128125,114823.953125,True,True,True,176,0,0,109,177,101,2026-10-03T15:08:02.526889+07:00,206.04779658500001,0.1919699299999138,OK,,True,2026-10-03T15:08:02.718884+07:00,206.23978366300003,0.036812697999948796,OK,,True,1293,0.161625,,2026-10-03T15:08:02.755706+07:00,206.2766067309999,0.036654661000056876,OK,,True,2469,0.308625,
c833c10214a84703b40edbdf1b2f16b1,208,2026-10-03T15:08:03.526875+07:00,207.04776438699992,207.04776438699992,MONITOR,207.2100763599999,1.000057226999843,0.263204887000029,0.0001468299999487499,DISABLED,on,user_reported,38.730873107910156,49.00535583496094,1007.17109375,115523.46875,True,True,True,176,0,0,109,177,101,2026-10-03T15:08:03.527023+07:00,207.04792884900007,0.19294026099987605,OK,,True,2026-10-03T15:08:03.719981+07:00,207.24088255399988,0.03596290400014368,OK,,True,1303,0.162875,,2026-10-03T15:08:03.755955+07:00,207.2768552729999,0.03409207499998956,OK,,True,2464,0.308,
c833c10214a84703b40edbdf1b2f16b1,209,2026-10-03T15:08:04.526861+07:00,208.04774926200002,208.04774926200002,MONITOR,208.210061235,0.9999848750001092,0.26329771999985496,0.00013170500005799113,DISABLED,on,user_reported,38.70343780517578,48.970455169677734,1007.099296875,115680.0703125,True,True,True,176,0,0,109,177,101,2026-10-03T15:08:04.527013+07:00,208.0479182429999,0.19209446700006083,OK,,True,2026-10-03T15:08:04.719133+07:00,208.24003113599997,0.0351300719999017,OK,,True,1271,0.15887500000000002,,2026-10-03T15:08:04.754270+07:00,208.27517109699988,0.03584829300007186,OK,,True,2466,0.30825,
c833c10214a84703b40edbdf1b2f16b1,210,2026-10-03T15:08:05.526910+07:00,209.04780347099995,209.04780347099995,MONITOR,209.21011544399994,1.0000542089999271,0.25272563699991224,0.00018591399998513225,DISABLED,on,user_reported,38.699607849121094,48.9388313293457,1007.127421875,115994.5625,True,True,True,176,0,0,109,177,101,2026-10-03T15:08:05.527007+07:00,209.04791389599995,0.1859272060000876,OK,,True,2026-10-03T15:08:05.712949+07:00,209.23385078699994,0.03342792900002678,OK,,True,1299,0.162375,,2026-10-03T15:08:05.746381+07:00,209.267283808,0.03322954100008246,OK,,True,2463,0.307875,
c833c10214a84703b40edbdf1b2f16b1,211,2026-10-03T15:08:06.526814+07:00,210.047711939,210.047711939,MONITOR,210.210023912,0.9999084680000578,0.2529705809999996,9.43820000429696e-05,DISABLED,on,user_reported,38.67472457885742,48.922950744628906,1007.1078125,115680.0703125,True,True,True,176,0,0,109,177,101,2026-10-03T15:08:06.526887+07:00,210.0477944019999,0.18592542700002923,OK,,True,2026-10-03T15:08:06.712822+07:00,210.23372543999994,0.033804910000071686,OK,,True,1281,0.160125,,2026-10-03T15:08:06.746635+07:00,210.26753786799986,0.03312731900018662,OK,,True,2447,0.305875,
c833c10214a84703b40edbdf1b2f16b1,212,2026-10-03T15:08:07.526811+07:00,211.047708092,211.047708092,MONITOR,211.21002006499998,0.9999961529999837,0.25358552400007284,9.053500002664805e-05,DISABLED,on,user_reported,38.66643142700195,48.90937042236328,1007.0875,116469.515625,True,True,True,176,0,0,109,177,101,2026-10-03T15:08:07.526892+07:00,211.04779868399987,0.18581387300014285,OK,,True,2026-10-03T15:08:07.712717+07:00,211.23362003800003,0.033209744000032515,OK,,True,1290,0.16125,,2026-10-03T15:08:07.745935+07:00,211.26683622699989,0.03443796300007307,OK,,True,2444,0.3055,
c833c10214a84703b40edbdf1b2f16b1,213,2026-10-03T15:08:08.526820+07:00,212.04771670800005,212.04771670800005,MONITOR,212.21002868100004,1.0000086160000592,0.25356550599985894,9.915100008583977e-05,DISABLED,on,user_reported,38.65749740600586,48.91434860229492,1007.114140625,116231.5546875,True,True,True,176,0,0,109,177,101,2026-10-03T15:08:08.526893+07:00,212.04780009699994,0.18581696499995815,OK,,True,2026-10-03T15:08:08.712722+07:00,212.233625136,0.03423442600001181,OK,,True,1282,0.16025,,2026-10-03T15:08:08.746962+07:00,212.267865025,0.033401539999886154,OK,,True,2447,0.305875,
c833c10214a84703b40edbdf1b2f16b1,214,2026-10-03T15:08:09.526818+07:00,213.04771439799993,213.04771439799993,MONITOR,213.2100263709999,0.9999976899998728,0.25432180000007065,9.684099995865836e-05,DISABLED,on,user_reported,38.64728927612305,48.88807678222656,1007.091015625,117350.4453125,True,True,True,176,0,0,109,177,101,2026-10-03T15:08:09.526902+07:00,213.04780900900005,0.18582898299996486,OK,,True,2026-10-03T15:08:09.712742+07:00,213.23364556599995,0.035575441999981194,OK,,True,1307,0.163375,,2026-10-03T15:08:09.748322+07:00,213.26922587900003,0.03279305999990356,OK,,True,2440,0.305,
c833c10214a84703b40edbdf1b2f16b1,215,2026-10-03T15:08:10.526823+07:00,214.0477190879999,214.0477190879999,MONITOR,214.21003106099988,1.0000046899999688,0.25892286199996306,0.00010153099992749048,DISABLED,on,user_reported,38.63261413574219,48.86739730834961,1007.0946875,116948.375,True,True,True,176,0,0,109,177,101,2026-10-03T15:08:10.526907+07:00,214.0478136249999,0.18774671900018802,OK,,True,2026-10-03T15:08:10.714669+07:00,214.23557102900008,0.0326412279998749,OK,,True,1283,0.160375,,2026-10-03T15:08:10.747315+07:00,214.26821833100007,0.038409933999901114,OK,,True,2448,0.306,
c833c10214a84703b40edbdf1b2f16b1,216,2026-10-03T15:08:11.526817+07:00,215.047713445,215.047713445,MONITOR,215.210025418,0.9999943570001051,0.2528062300000329,9.588800003257347e-05,DISABLED,on,user_reported,38.60645294189453,48.876216888427734,1007.024921875,117755.2890625,True,True,True,176,0,0,109,177,101,2026-10-03T15:08:11.526902+07:00,215.04780881500005,0.18582598399984818,OK,,True,2026-10-03T15:08:11.712739+07:00,215.23364261300003,0.032992429999922024,OK,,True,1286,0.16075,,2026-10-03T15:08:11.745732+07:00,215.26663776600003,0.03386896400002115,OK,,True,2460,0.3075,
c833c10214a84703b40edbdf1b2f16b1,217,2026-10-03T15:08:12.526878+07:00,216.04777256099987,216.04777256099987,MONITOR,216.21008453399986,1.0000591159998748,0.25181099200017343,0.00015500399990742153,DISABLED,on,user_reported,38.59050369262695,48.86158752441406,1007.08140625,117999.5390625,True,True,True,176,0,0,109,177,101,2026-10-03T15:08:12.526970+07:00,216.04787698699988,0.1858470010001838,OK,,True,2026-10-03T15:08:12.712829+07:00,216.233731433,0.03298268899993673,OK,,True,1293,0.161625,,2026-10-03T15:08:12.745811+07:00,216.266717104,0.03285726399985833,OK,,True,2464,0.308,
c833c10214a84703b40edbdf1b2f16b1,218,2026-10-03T15:08:13.526809+07:00,217.04770499200004,217.04770499200004,MONITOR,217.21001696500002,0.9999324310001612,0.2520088799999485,8.743500006858085e-05,DISABLED,on,user_reported,38.58667755126953,48.86105728149414,1007.0203125,118081.1796875,True,True,True,176,0,0,109,177,101,2026-10-03T15:08:13.526886+07:00,217.04779352900005,0.18582040899991625,OK,,True,2026-10-03T15:08:13.712718+07:00,217.23362145700003,0.033250280999936876,OK,,True,1305,0.163125,,2026-10-03T15:08:13.745969+07:00,217.26687496,0.032831190000024435,OK,,True,2459,0.307375,
c833c10214a84703b40edbdf1b2f16b1,219,2026-10-03T15:08:14.526808+07:00,218.04770545999986,218.04770545999986,MONITOR,218.21001743299985,1.0000004679998256,0.2517373990001488,8.790299989414052e-05,DISABLED,on,user_reported,38.571998596191406,48.859031677246094,1007.05140625,117836.59375,True,True,True,176,0,0,109,177,101,2026-10-03T15:08:14.526886+07:00,218.04779331200007,0.18581820499980495,OK,,True,2026-10-03T15:08:14.712716+07:00,218.23361836899994,0.03298231899998427,OK,,True,1296,0.162,,2026-10-03T15:08:14.745697+07:00,218.26660348399992,0.03283089399997152,OK,,True,2465,0.308125,
c833c10214a84703b40edbdf1b2f16b1,220,2026-10-03T15:08:15.526810+07:00,219.04770579799992,219.04770579799992,MONITOR,219.2100177709999,1.0000003380000635,0.2528587110000444,8.82409999576339e-05,DISABLED,on,user_reported,38.55796432495117,48.85709762573242,1007.0425,118491.09375,True,True,True,176,0,0,109,177,101,2026-10-03T15:08:15.526893+07:00,219.04780027900006,0.1858399279999503,OK,,True,2026-10-03T15:08:15.712746+07:00,219.23364911499993,0.03399138999998286,OK,,True,1294,0.16175,,2026-10-03T15:08:15.746746+07:00,219.26764807900008,0.032900596999979825,OK,,True,2451,0.306375,
c833c10214a84703b40edbdf1b2f16b1,221,2026-10-03T15:08:16.526815+07:00,220.04771047000008,220.04771047000008,MONITOR,220.21002244300007,1.0000046720001592,0.25302808099991125,9.291300011682324e-05,DISABLED,on,user_reported,38.54328918457031,48.861289978027344,1007.046171875,118903.8515625,True,True,True,176,0,0,109,177,101,2026-10-03T15:08:16.526895+07:00,220.04780233999986,0.18581174300015846,OK,,True,2026-10-03T15:08:16.712718+07:00,220.23362047199998,0.0339873529999295,OK,,True,1287,0.160875,,2026-10-03T15:08:16.746710+07:00,220.26761338000006,0.033113003999915236,OK,,True,2462,0.30775,
c833c10214a84703b40edbdf1b2f16b1,222,2026-10-03T15:08:17.526818+07:00,221.04771323399996,221.04771323399996,MONITOR,221.21002520699994,1.0000027639998734,0.25173802900008013,9.567699999024626e-05,DISABLED,on,user_reported,38.52350997924805,48.85857009887695,1007.117265625,119152.8984375,True,True,True,176,0,0,109,177,101,2026-10-03T15:08:17.526905+07:00,221.04781262300003,0.18582948299990676,OK,,True,2026-10-03T15:08:17.712746+07:00,221.23364958699995,0.03294952300007026,OK,,True,1281,0.160125,,2026-10-03T15:08:17.745695+07:00,221.26660188799997,0.0328401340000255,OK,,True,2467,0.308375,
c833c10214a84703b40edbdf1b2f16b1,223,2026-10-03T15:08:18.529782+07:00,222.05066308300002,222.05066308300002,MONITOR,222.212975056,1.0029498490000606,0.2538433199999872,0.0030455260000508133,DISABLED,on,user_reported,38.5356330871582,48.860233306884766,1007.171171875,118903.8515625,True,True,True,176,0,0,109,177,101,2026-10-03T15:08:18.529952+07:00,222.05085517499992,0.18650750000006155,OK,,True,2026-10-03T15:08:18.716467+07:00,222.23736965700004,0.03425614799994037,OK,,True,1291,0.161375,,2026-10-03T15:08:18.750727+07:00,222.27163087999998,0.032866448000049786,OK,,True,2461,0.307625,
c833c10214a84703b40edbdf1b2f16b1,224,2026-10-03T15:08:19.526815+07:00,223.04771178099986,223.04771178099986,MONITOR,223.21002375399985,0.9970486979998441,0.2519014540000626,9.42239998948935e-05,DISABLED,on,user_reported,38.54073715209961,48.87337112426758,1007.11078125,118655.8515625,True,True,True,176,0,0,109,177,101,2026-10-03T15:08:19.526893+07:00,223.04780074399991,0.18580877900012638,OK,,True,2026-10-03T15:08:19.712714+07:00,223.23361726400003,0.0329726339998615,OK,,True,1290,0.16125,,2026-10-03T15:08:19.745687+07:00,223.26659261999998,0.03301076399998237,OK,,True,2468,0.3085,
c833c10214a84703b40edbdf1b2f16b1,225,2026-10-03T15:08:20.526820+07:00,224.047715767,224.047715767,MONITOR,224.21002774,1.000003986000138,0.2542236709998633,9.821000003285008e-05,DISABLED,on,user_reported,38.54265213012695,48.8612060546875,1007.10015625,119069.765625,True,True,True,176,0,0,109,177,101,2026-10-03T15:08:20.526907+07:00,224.047813786,0.18607339000004686,OK,,True,2026-10-03T15:08:20.712993+07:00,224.23389606499995,0.03350913200006289,OK,,True,1287,0.160875,,2026-10-03T15:08:20.746507+07:00,224.26741032699988,0.03451137000001836,OK,,True,2458,0.30725,
c833c10214a84703b40edbdf1b2f16b1,226,2026-10-03T15:08:21.526821+07:00,225.04771743900005,225.04771743900005,MONITOR,225.21002941200004,1.000001672000053,0.2517612699998608,9.988200008592685e-05,DISABLED,on,user_reported,38.53371810913086,48.853763580322266,1007.085625,119486.578125,True,True,True,176,0,0,109,177,101,2026-10-03T15:08:21.526905+07:00,225.04781212400007,0.1858235939998849,OK,,True,2026-10-03T15:08:21.712740+07:00,225.23364327399986,0.032959597000171925,OK,,True,1291,0.161375,,2026-10-03T15:08:21.745699+07:00,225.26660581500005,0.032864745999859224,OK,,True,2464,0.308,
c833c10214a84703b40edbdf1b2f16b1,227,2026-10-03T15:08:22.526811+07:00,226.047707555,226.047707555,MONITOR,226.21001952799998,0.9999901159999354,0.251698511000086,8.999800002129632e-05,DISABLED,on,user_reported,38.517127990722656,48.83903503417969,1007.093203125,118986.75,True,True,True,176,0,0,109,177,101,2026-10-03T15:08:22.526894+07:00,226.04780153599995,0.18581429899995783,OK,,True,2026-10-03T15:08:22.712720+07:00,226.23362311200003,0.03296217100000831,OK,,True,1285,0.160625,,2026-10-03T15:08:22.745683+07:00,226.266588468,0.032809356999905503,OK,,True,2470,0.30875,
c833c10214a84703b40edbdf1b2f16b1,228,2026-10-03T15:08:23.526810+07:00,227.04770720800002,227.04770720800002,MONITOR,227.210019181,0.9999996530000317,0.2522648429999208,8.965100005298154e-05,DISABLED,on,user_reported,38.504371643066406,48.84349822998047,1007.113671875,120244.25,True,True,True,176,0,0,109,177,101,2026-10-03T15:08:23.526892+07:00,227.047799726,0.18581937299995843,OK,,True,2026-10-03T15:08:23.712724+07:00,227.23362670999995,0.03321363300005942,OK,,True,1289,0.161125,,2026-10-03T15:08:23.745942+07:00,227.266845417,0.033115040999973644,OK,,True,2458,0.30725,
c833c10214a84703b40edbdf1b2f16b1,229,2026-10-03T15:08:24.526815+07:00,228.0477110459999,228.0477110459999,MONITOR,228.2100230189999,1.0000038379998841,0.2520967689999907,9.348899993710802e-05,DISABLED,on,user_reported,38.490333557128906,48.83534622192383,1007.13203125,119402.984375,True,True,True,176,0,0,109,177,101,2026-10-03T15:08:24.526897+07:00,228.0478047869999,0.18582377999996424,OK,,True,2026-10-03T15:08:24.712733+07:00,228.23363649299995,0.033263243999954284,OK,,True,1297,0.162125,,2026-10-03T15:08:24.745998+07:00,228.2669031999999,0.03289587400013261,OK,,True,2469,0.308625,
c833c10214a84703b40edbdf1b2f16b1,230,2026-10-03T15:08:25.526946+07:00,229.0478380699999,229.0478380699999,MONITOR,229.21015004299989,1.000127023999994,0.258283252000183,0.00022051299993108842,DISABLED,on,user_reported,38.450775146484375,48.842323303222656,1007.102421875,119319.5078125,True,True,True,176,0,0,109,177,101,2026-10-03T15:08:25.527086+07:00,229.04799255099988,0.18648422199999004,OK,,True,2026-10-03T15:08:25.713590+07:00,229.234489662,0.03656277200002478,OK,,True,1282,0.16025,,2026-10-03T15:08:25.750157+07:00,229.2710591749999,0.03504931300017233,OK,,True,2460,0.3075,
c833c10214a84703b40edbdf1b2f16b1,231,2026-10-03T15:08:26.526816+07:00,230.04771372300002,230.04771372300002,MONITOR,230.210025696,0.9998756530001174,0.25170584399984364,9.616600004846987e-05,DISABLED,on,user_reported,38.451412200927734,48.848628997802734,1007.04859375,119654.125,True,True,True,176,0,0,109,177,101,2026-10-03T15:08:26.526885+07:00,230.047791834,0.1858071320000363,OK,,True,2026-10-03T15:08:26.712703+07:00,230.23360639099997,0.03297720799992021,OK,,True,1292,0.1615,,2026-10-03T15:08:26.745681+07:00,230.26658693299987,0.03282443000011881,OK,,True,2463,0.307875,
c833c10214a84703b40edbdf1b2f16b1,232,2026-10-03T15:08:27.526809+07:00,231.04770743199992,231.04770743199992,MONITOR,231.2100194049999,0.9999937089999094,0.2517199179999352,8.987499995782855e-05,DISABLED,on,user_reported,38.44567108154297,48.85404968261719,1007.073671875,119738.0703125,True,True,True,176,0,0,109,177,101,2026-10-03T15:08:27.526877+07:00,231.04778417199987,0.1858211690000644,OK,,True,2026-10-03T15:08:27.712709+07:00,231.23361215599994,0.03296255999998721,OK,,True,1299,0.162375,,2026-10-03T15:08:27.745671+07:00,231.26657738199992,0.032841208000036204,OK,,True,2467,0.308375,
c833c10214a84703b40edbdf1b2f16b1,233,2026-10-03T15:08:28.526809+07:00,232.04770723299998,232.04770723299998,MONITOR,232.21001920599997,0.9999998010000581,0.25202295400004004,8.96760000159702e-05,DISABLED,on,user_reported,38.43099594116211,48.87067794799805,1007.104765625,120159.5859375,True,True,True,176,0,0,109,177,101,2026-10-03T15:08:28.526883+07:00,232.04778915899988,0.1858215760000803,OK,,True,2026-10-03T15:08:28.712716+07:00,232.2336184379999,0.033232893000104013,OK,,True,1297,0.162125,,2026-10-03T15:08:28.745952+07:00,232.26685542299992,0.032865783000033844,OK,,True,2461,0.307625,
c833c10214a84703b40edbdf1b2f16b1,234,2026-10-03T15:08:29.526806+07:00,233.047704479,233.047704479,MONITOR,233.210016452,0.9999972460000208,0.2519425279999723,8.692200003679318e-05,DISABLED,on,user_reported,38.4258918762207,48.88240051269531,1007.123984375,119906.3203125,True,True,True,176,0,0,109,177,101,2026-10-03T15:08:29.526876+07:00,233.0477834599999,0.18581483499997375,OK,,True,2026-10-03T15:08:29.712703+07:00,233.2336056659999,0.033236707000014576,OK,,True,1292,0.1615,,2026-10-03T15:08:29.745940+07:00,233.266845891,0.03279293099990355,OK,,True,2473,0.309125,
c833c10214a84703b40edbdf1b2f16b1,235,2026-10-03T15:08:30.526805+07:00,234.04770322500008,234.04770322500008,MONITOR,234.21001519800006,0.9999987460000739,0.2604850049999641,8.566800011067244e-05,DISABLED,on,user_reported,38.41504669189453,48.86848449707031,1007.12015625,120413.921875,True,True,True,176,0,0,109,177,101,2026-10-03T15:08:30.526877+07:00,234.0477840389999,0.19006989800004703,OK,,True,2026-10-03T15:08:30.716975+07:00,234.237873326,0.03444790799994735,OK,,True,1300,0.1625,,2026-10-03T15:08:30.751426+07:00,234.27232799299986,0.035841700000219134,OK,,True,2447,0.305875,
c833c10214a84703b40edbdf1b2f16b1,236,2026-10-03T15:08:31.526850+07:00,235.04774535899992,235.04774535899992,MONITOR,235.2100573319999,1.000042133999841,0.2517190290000144,0.000127801999951771,DISABLED,on,user_reported,38.39909362792969,48.891136169433594,1007.108046875,120498.9375,True,True,True,176,0,0,109,177,101,2026-10-03T15:08:31.526937+07:00,235.04784413700008,0.1858251129999644,OK,,True,2026-10-03T15:08:31.712773+07:00,235.23367660100007,0.032948893999900974,OK,,True,1295,0.161875,,2026-10-03T15:08:31.745722+07:00,235.26662864299988,0.032827393000161464,OK,,True,2467,0.308375,
c833c10214a84703b40edbdf1b2f16b1,237,2026-10-03T15:08:32.526812+07:00,236.04770779,236.04770779,MONITOR,236.210019763,0.9999624310000854,0.25177356599988343,9.02330000371876e-05,DISABLED,on,user_reported,38.381866455078125,48.90119552612305,1007.0734375,121097.4453125,True,True,True,176,0,0,109,177,101,2026-10-03T15:08:32.526896+07:00,236.04780280799991,0.1858242060000066,OK,,True,2026-10-03T15:08:32.712731+07:00,236.23363445799987,0.03298176400016928,OK,,True,1292,0.1615,,2026-10-03T15:08:32.745714+07:00,236.26661972199986,0.032852560000037556,OK,,True,2471,0.308875,
c833c10214a84703b40edbdf1b2f16b1,238,2026-10-03T15:08:33.526960+07:00,237.047858035,237.047858035,MONITOR,237.21017000799998,1.0001502449999862,0.25202704699995593,0.00024047800002335862,DISABLED,on,user_reported,38.37102127075195,48.91835021972656,1007.09015625,121011.578125,True,True,True,176,0,0,109,177,101,2026-10-03T15:08:33.527028+07:00,237.047934683,0.1858096129999467,OK,,True,2026-10-03T15:08:33.712848+07:00,237.23375172200008,0.03304022699990128,OK,,True,1291,0.161375,,2026-10-03T15:08:33.745893+07:00,237.26679659699994,0.03307798500009085,OK,,True,2468,0.3085,
c833c10214a84703b40edbdf1b2f16b1,239,2026-10-03T15:08:34.526813+07:00,238.0477100779999,238.0477100779999,MONITOR,238.2100220509999,0.9998520429999189,0.2516784550000466,9.252099994228047e-05,DISABLED,on,user_reported,38.36463928222656,48.94232940673828,1007.18265625,120754.71875,True,True,True,176,0,0,109,177,101,2026-10-03T15:08:34.526892+07:00,238.04779935500005,0.1858117609999681,OK,,True,2026-10-03T15:08:34.712716+07:00,238.23361854199993,0.032952690000001894,OK,,True,1296,0.162,,2026-10-03T15:08:34.745667+07:00,238.26657395400002,0.03280644899996332,OK,,True,2473,0.309125,
c833c10214a84703b40edbdf1b2f16b1,240,2026-10-03T15:08:35.526815+07:00,239.047712027,239.047712027,MONITOR,239.21002399999998,1.0000019490000795,0.25746142100001634,9.447000002182904e-05,DISABLED,on,user_reported,38.36846923828125,48.94286346435547,1007.147734375,121097.4453125,True,True,True,176,0,0,109,177,101,2026-10-03T15:08:35.526896+07:00,239.04780337900002,0.18581550199996855,OK,,True,2026-10-03T15:08:35.712722+07:00,239.2336258989999,0.03506005400004142,OK,,True,1287,0.160875,,2026-10-03T15:08:35.747798+07:00,239.26869749000002,0.03645034700002725,OK,,True,2466,0.30825,
c833c10214a84703b40edbdf1b2f16b1,241,2026-10-03T15:08:36.526833+07:00,240.04772873599995,240.04772873599995,MONITOR,240.21004070899994,1.000016708999965,0.2517889359999117,0.00011117899998680514,DISABLED,on,user_reported,38.37102127075195,48.974308013916016,1007.13125,121183.4296875,True,True,True,176,0,0,109,177,101,2026-10-03T15:08:36.526917+07:00,240.0478237729999,0.18581963100018584,OK,,True,2026-10-03T15:08:36.712747+07:00,240.23365027399996,0.03298378199997387,OK,,True,1288,0.161,,2026-10-03T15:08:36.745731+07:00,240.2666368529999,0.03287220800007162,OK,,True,2465,0.308125,
c833c10214a84703b40edbdf1b2f16b1,242,2026-10-03T15:08:37.526806+07:00,241.04770314799998,241.04770314799998,MONITOR,241.21001512099997,0.9999744120000287,0.2517745109998941,8.559100001548359e-05,DISABLED,on,user_reported,38.37867736816406,48.98158264160156,1007.13671875,121962.8359375,True,True,True,176,0,0,109,177,101,2026-10-03T15:08:37.526885+07:00,241.04779183300002,0.1858144650000213,OK,,True,2026-10-03T15:08:37.712711+07:00,241.23361437199992,0.033011170999998285,OK,,True,1291,0.161375,,2026-10-03T15:08:37.745723+07:00,241.26662909800007,0.032840135000014925,OK,,True,2478,0.30975,
c833c10214a84703b40edbdf1b2f16b1,243,2026-10-03T15:08:38.526811+07:00,242.04770844900008,242.04770844900008,MONITOR,242.21002042200007,1.000005301000101,0.25168815899996844,9.08920001165825e-05,DISABLED,on,user_reported,38.3780403137207,48.987709045410156,1007.080859375,121183.4296875,True,True,True,176,0,0,109,177,101,2026-10-03T15:08:38.526886+07:00,242.04779357899997,0.1858126130000528,OK,,True,2026-10-03T15:08:38.712710+07:00,242.2336134699999,0.03295257800004947,OK,,True,1306,0.16325,,2026-10-03T15:08:38.745662+07:00,242.26656897399994,0.03281924499992783,OK,,True,2469,0.308625,
c833c10214a84703b40edbdf1b2f16b1,244,2026-10-03T15:08:39.526816+07:00,243.047712306,243.047712306,MONITOR,243.21002427899998,1.0000038569999106,0.2517670659999567,9.474900002715003e-05,DISABLED,on,user_reported,38.374210357666016,48.98096466064453,1007.16390625,121183.4296875,True,True,True,176,0,0,109,177,101,2026-10-03T15:08:39.526897+07:00,243.04780428699996,0.18581528000004255,OK,,True,2026-10-03T15:08:39.712723+07:00,243.23362606699993,0.032957671000076516,OK,,True,1294,0.16175,,2026-10-03T15:08:39.745681+07:00,243.26658679399998,0.03288235600007283,OK,,True,2472,0.309,
c833c10214a84703b40edbdf1b2f16b1,245,2026-10-03T15:08:40.526814+07:00,244.04771131100006,244.04771131100006,MONITOR,244.21002328400004,0.9999990050000633,0.25193769499992413,9.375400009048462e-05,DISABLED,on,user_reported,38.36974334716797,48.97412872314453,1007.08125,120754.71875,True,True,True,176,0,0,109,177,101,2026-10-03T15:08:40.526894+07:00,244.04780125499997,0.1858166130000427,OK,,True,2026-10-03T15:08:40.712722+07:00,244.23362520199998,0.03322892899996077,OK,,True,1297,0.162125,,2026-10-03T15:08:40.745951+07:00,244.266857502,0.03278335599998172,OK,,True,2469,0.308625,
c833c10214a84703b40edbdf1b2f16b1,246,2026-10-03T15:08:41.526813+07:00,245.04770881600007,245.04770881600007,MONITOR,245.21002078900005,0.9999975050000103,0.2517436399998587,9.125900010076293e-05,DISABLED,on,user_reported,38.356346130371094,48.97227096557617,1007.15546875,121615.203125,True,True,True,176,0,0,109,177,101,2026-10-03T15:08:41.526899+07:00,245.04780564899988,0.18581589100017482,OK,,True,2026-10-03T15:08:41.712725+07:00,245.2336282619999,0.03296811600012006,OK,,True,1291,0.161375,,2026-10-03T15:08:41.745693+07:00,245.26659952599994,0.0328444120000313,OK,,True,2471,0.308875,
c833c10214a84703b40edbdf1b2f16b1,247,2026-10-03T15:08:42.526803+07:00,246.0477012839999,246.0477012839999,MONITOR,246.2100132569999,0.9999924679998458,0.25174508500003867,8.372699994652066e-05,DISABLED,on,user_reported,38.34996795654297,48.97139358520508,1007.131484375,121528.6015625,True,True,True,176,0,0,109,177,101,2026-10-03T15:08:42.526880+07:00,246.04778733900002,0.18580433600004653,OK,,True,2026-10-03T15:08:42.712694+07:00,246.23359767500006,0.032980095999846526,OK,,True,1287,0.160875,,2026-10-03T15:08:42.745674+07:00,246.26658075299997,0.032857004000106826,OK,,True,2469,0.308625,
c833c10214a84703b40edbdf1b2f16b1,248,2026-10-03T15:08:43.526806+07:00,247.04770419600004,247.04770419600004,MONITOR,247.21001616900003,1.0000029120001273,0.25172034399997756,8.663900007377379e-05,DISABLED,on,user_reported,38.342308044433594,48.97655487060547,1007.119140625,121615.203125,True,True,True,176,0,0,109,177,101,2026-10-03T15:08:43.526884+07:00,247.0477913069999,0.18581161300016902,OK,,True,2026-10-03T15:08:43.712706+07:00,247.23360942,0.032964781999908155,OK,,True,1290,0.16125,,2026-10-03T15:08:43.745671+07:00,247.266577073,0.0328390600000148,OK,,True,2472,0.309,
c833c10214a84703b40edbdf1b2f16b1,249,2026-10-03T15:08:44.526808+07:00,248.0477049609999,248.0477049609999,MONITOR,248.2100169339999,1.000000764999868,0.2516867510000793,8.740399994167092e-05,DISABLED,on,user_reported,38.33848190307617,49.00090789794922,1007.106171875,121875.7421875,True,True,True,176,0,0,109,177,101,2026-10-03T15:08:44.526889+07:00,248.04779640499987,0.18580713100004687,OK,,True,2026-10-03T15:08:44.712706+07:00,248.2336096659999,0.032957652000050075,OK,,True,1289,0.161125,,2026-10-03T15:08:44.745664+07:00,248.26657017000002,0.03281365299994832,OK,,True,2470,0.30875,
c833c10214a84703b40edbdf1b2f16b1,250,2026-10-03T15:08:45.526805+07:00,249.04770185400002,249.04770185400002,MONITOR,249.210013827,0.999996893000116,0.25169915900005435,8.429700005763152e-05,DISABLED,on,user_reported,38.319339752197266,48.99203872680664,1007.129921875,121962.8359375,True,True,True,176,0,0,109,177,101,2026-10-03T15:08:45.526885+07:00,249.04779242799987,0.1858092800000577,OK,,True,2026-10-03T15:08:45.712703+07:00,249.23360657800004,0.03295896800000264,OK,,True,1294,0.16175,,2026-10-03T15:08:45.745662+07:00,249.26656891599987,0.032824171000129354,OK,,True,2472,0.309,
c833c10214a84703b40edbdf1b2f16b1,251,2026-10-03T15:08:46.526817+07:00,250.0477134329999,250.0477134329999,MONITOR,250.2100254059999,1.0000115789998745,0.25198025100007726,9.58759999321046e-05,DISABLED,on,user_reported,38.30275344848633,48.989749908447266,1007.082578125,122488.0390625,True,True,True,176,0,0,109,177,101,2026-10-03T15:08:46.526902+07:00,250.04780946999995,0.185811706000095,OK,,True,2026-10-03T15:08:46.712723+07:00,250.23362667599986,0.03323744800013628,OK,,True,1289,0.161125,,2026-10-03T15:08:46.745961+07:00,250.266867328,0.032818912000038836,OK,,True,2473,0.309125,
c833c10214a84703b40edbdf1b2f16b1,252,2026-10-03T15:08:47.526815+07:00,251.04771158699987,251.04771158699987,MONITOR,251.21002355999985,0.999998153999968,0.2516999920001126,9.402999990015815e-05,DISABLED,on,user_reported,38.297645568847656,49.00770568847656,1007.156640625,121355.7734375,True,True,True,176,0,0,109,177,101,2026-10-03T15:08:47.526895+07:00,251.04780197500008,0.18581109499996273,OK,,True,2026-10-03T15:08:47.712715+07:00,251.2336180509999,0.032953744999986156,OK,,True,1284,0.1605,,2026-10-03T15:08:47.745668+07:00,251.26657483300005,0.032828263999817864,OK,,True,2473,0.309125,
c833c10214a84703b40edbdf1b2f16b1,253,2026-10-03T15:08:48.526811+07:00,252.04770846199995,252.04770846199995,MONITOR,252.21002043499993,0.9999968750000789,0.251687585000127,9.090499997910229e-05,DISABLED,on,user_reported,38.290626525878906,49.01295852661133,1007.1521875,121962.8359375,True,True,True,176,0,0,109,177,101,2026-10-03T15:08:48.526888+07:00,252.0477952209999,0.18580857599999945,OK,,True,2026-10-03T15:08:48.712706+07:00,252.23360892699998,0.03295780000007653,OK,,True,1285,0.160625,,2026-10-03T15:08:48.745663+07:00,252.26656972699993,0.03281765299993822,OK,,True,2468,0.3085,
c833c10214a84703b40edbdf1b2f16b1,254,2026-10-03T15:08:49.526806+07:00,253.04770222599996,253.04770222599996,MONITOR,253.21001419899994,0.9999937640000098,0.2516991960001178,8.466899998893496e-05,DISABLED,on,user_reported,38.287437438964844,49.02495574951172,1007.167421875,122488.0390625,True,True,True,176,0,0,109,177,101,2026-10-03T15:08:49.526886+07:00,253.0477932629999,0.1858057980000467,OK,,True,2026-10-03T15:08:49.712701+07:00,253.233604024,0.03296242999999777,OK,,True,1289,0.161125,,2026-10-03T15:08:49.745663+07:00,253.2665693429999,0.0328238010001769,OK,,True,2472,0.309,
c833c10214a84703b40edbdf1b2f16b1,255,2026-10-03T15:08:50.526807+07:00,254.047702694,254.047702694,MONITOR,254.210014667,1.000000468000053,0.25175847299988163,8.51370000418683e-05,DISABLED,on,user_reported,38.29190444946289,49.04422378540039,1007.133515625,122400.1875,True,True,True,176,0,0,109,177,101,2026-10-03T15:08:50.526890+07:00,254.04779699000005,0.18581870599996364,OK,,True,2026-10-03T15:08:50.712721+07:00,254.23362384400002,0.03299696699991728,OK,,True,1291,0.161375,,2026-10-03T15:08:50.745719+07:00,254.2666244039999,0.03282883800011405,OK,,True,2476,0.3095,
c833c10214a84703b40edbdf1b2f16b1,256,2026-10-03T15:08:51.526868+07:00,255.04775508800003,255.04775508800003,MONITOR,255.21006706100002,1.000052394000022,0.2632787569998527,0.0001375310000639729,DISABLED,on,user_reported,38.29828643798828,49.03266525268555,1007.1028125,122752.3359375,True,True,True,176,0,0,109,177,101,2026-10-03T15:08:51.527025+07:00,255.04793001300004,0.19176765299994258,OK,,True,2026-10-03T15:08:51.718813+07:00,255.23971283299988,0.03610497700015003,OK,,True,1297,0.162125,,2026-10-03T15:08:51.754924+07:00,255.27582658799997,0.03518868299988753,OK,,True,2482,0.31025,
c833c10214a84703b40edbdf1b2f16b1,257,2026-10-03T15:08:52.526819+07:00,256.04771514799995,256.04771514799995,MONITOR,256.21002712099994,0.9999600599999212,0.2517605289999665,9.75909999851865e-05,DISABLED,on,user_reported,38.29254150390625,49.050533294677734,1007.0865625,122929.171875,True,True,True,176,0,0,109,177,101,2026-10-03T15:08:52.526898+07:00,256.0478052220001,0.18581170599986763,OK,,True,2026-10-03T15:08:52.712721+07:00,256.2336239649999,0.03295074500010742,OK,,True,1297,0.162125,,2026-10-03T15:08:52.745671+07:00,256.266577525,0.03289015199993628,OK,,True,2468,0.3085,
c833c10214a84703b40edbdf1b2f16b1,258,2026-10-03T15:08:53.526813+07:00,257.0477097830001,257.0477097830001,MONITOR,257.21002175600006,0.999994635000121,0.25175678799996604,9.222600010616588e-05,DISABLED,on,user_reported,38.28998947143555,49.0439567565918,1007.10984375,123106.515625,True,True,True,176,0,0,109,177,101,2026-10-03T15:08:53.526891+07:00,257.04779843100005,0.18582411299985324,OK,,True,2026-10-03T15:08:53.712727+07:00,257.23363024800005,0.032957318999933705,OK,,True,1292,0.1615,,2026-10-03T15:08:53.745684+07:00,257.26659034499994,0.03286756000011337,OK,,True,2467,0.308375,
c833c10214a84703b40edbdf1b2f16b1,259,2026-10-03T15:08:54.526829+07:00,258.04772497299996,258.04772497299996,MONITOR,258.21003694599995,1.0000151899998855,0.2517433069999697,0.00010741599999164464,DISABLED,on,user_reported,38.278507232666016,49.04237747192383,1007.132421875,122576.0078125,True,True,True,176,0,0,109,177,101,2026-10-03T15:08:54.526909+07:00,258.04781636200005,0.18581635399982588,OK,,True,2026-10-03T15:08:54.712737+07:00,258.23363988200003,0.032959578999907535,OK,,True,1294,0.16175,,2026-10-03T15:08:54.745696+07:00,258.2666021089999,0.03285772599997472,OK,,True,2478,0.30975,
c833c10214a84703b40edbdf1b2f16b1,260,2026-10-03T15:08:55.526856+07:00,259.047748922,259.047748922,MONITOR,259.21006089499997,1.000023949000024,0.2534094879999884,0.00013136500001564855,DISABLED,on,user_reported,38.2682991027832,49.04718780517578,1007.122734375,123017.78125,True,True,True,176,0,0,109,177,101,2026-10-03T15:08:55.526948+07:00,259.047855496,0.18591707599989604,OK,,True,2026-10-03T15:08:55.712879+07:00,259.233782109,0.03376290999995035,OK,,True,1282,0.16025,,2026-10-03T15:08:55.746647+07:00,259.26755062999996,0.03359496500002024,OK,,True,2467,0.308375,
c833c10214a84703b40edbdf1b2f16b1,261,2026-10-03T15:08:56.526853+07:00,260.04774827899996,260.04774827899996,MONITOR,260.21006025199995,0.9999993569999788,0.2519689920000019,0.0001307219999944209,DISABLED,on,user_reported,38.263832092285156,49.04656982421875,1007.115625,123017.78125,True,True,True,176,0,0,109,177,101,2026-10-03T15:08:56.526940+07:00,260.04784674200005,0.18583385399983854,OK,,True,2026-10-03T15:08:56.712785+07:00,260.233688411,0.03314807700007805,OK,,True,1267,0.15837500000000002,,2026-10-03T15:08:56.745938+07:00,260.2668415809999,0.032866301000012754,OK,,True,2471,0.308875,
c833c10214a84703b40edbdf1b2f16b1,262,2026-10-03T15:08:57.526858+07:00,261.04774396900007,261.04774396900007,MONITOR,261.21005594200005,0.9999956900001052,0.2634816279999086,0.0001264120000996627,DISABLED,on,user_reported,38.25298309326172,49.06995391845703,1007.091171875,122840.6875,True,True,True,176,0,0,109,177,101,2026-10-03T15:08:57.527023+07:00,261.04792843199994,0.1917308930001127,OK,,True,2026-10-03T15:08:57.718774+07:00,261.2396743439999,0.036119810999935,OK,,True,1314,0.16425,,2026-10-03T15:08:57.754899+07:00,261.27580274699994,0.035398813000028895,OK,,True,2495,0.311875,
c833c10214a84703b40edbdf1b2f16b1,263,2026-10-03T15:08:58.526824+07:00,262.047720345,262.047720345,MONITOR,262.210032318,0.9999763759999496,0.2520842320000156,0.0001027880000492587,DISABLED,on,user_reported,38.251708984375,49.06355285644531,1007.07546875,123373.4921875,True,True,True,176,0,0,109,177,101,2026-10-03T15:08:58.526908+07:00,262.047815011,0.18581279899990477,OK,,True,2026-10-03T15:08:58.712732+07:00,262.233635458,0.03327607699998225,OK,,True,1298,0.16225,,2026-10-03T15:08:58.746012+07:00,262.266916109,0.032879005000040706,OK,,True,2478,0.30975,
c833c10214a84703b40edbdf1b2f16b1,264,2026-10-03T15:08:59.526806+07:00,263.047702331,263.047702331,MONITOR,263.21001430399997,0.9999819859999661,0.2516987890001019,8.477400001538626e-05,DISABLED,on,user_reported,38.23703384399414,49.06774139404297,1007.037890625,123373.4921875,True,True,True,176,0,0,109,177,101,2026-10-03T15:08:59.526887+07:00,263.0477944239999,0.18580115000008846,OK,,True,2026-10-03T15:08:59.712700+07:00,263.233603852,0.03296185599992896,OK,,True,1298,0.16225,,2026-10-03T15:08:59.745662+07:00,263.26656846700007,0.032824505000007775,OK,,True,2473,0.309125,
c833c10214a84703b40edbdf1b2f16b1,265,2026-10-03T15:09:00.526816+07:00,264.0477115399999,264.0477115399999,MONITOR,264.2100235129999,1.000009208999927,0.2517506960000446,9.398299994245463e-05,DISABLED,on,user_reported,38.24213790893555,49.09333419799805,1007.1696875,123462.7421875,True,True,True,176,0,0,109,177,101,2026-10-03T15:09:00.526900+07:00,264.047807466,0.1858101870000155,OK,,True,2026-10-03T15:09:00.712721+07:00,264.2336250599999,0.032960930000172084,OK,,True,1299,0.162375,,2026-10-03T15:09:00.745683+07:00,264.26658904600004,0.03286509700001261,OK,,True,2474,0.30925,
c833c10214a84703b40edbdf1b2f16b1,266,2026-10-03T15:09:01.526839+07:00,265.04773423000006,265.04773423000006,MONITOR,265.21004620300005,1.0000226900001508,0.2517309549998572,0.0001166730000932148,DISABLED,on,user_reported,38.23703384399414,49.09262466430664,1007.133984375,123373.4921875,True,True,True,176,0,0,109,177,101,2026-10-03T15:09:01.526925+07:00,265.04783191499996,0.18580994600006306,OK,,True,2026-10-03T15:09:01.712746+07:00,265.2336489909999,0.03296317100011947,OK,,True,1295,0.161875,,2026-10-03T15:09:01.745709+07:00,265.2666151430001,0.032842059999893536,OK,,True,2475,0.309375,
c833c10214a84703b40edbdf1b2f16b1,267,2026-10-03T15:09:02.526806+07:00,266.0477027909999,266.0477027909999,MONITOR,266.2100147639999,0.9999685609998323,0.2519428059999882,8.523399992554914e-05,DISABLED,on,user_reported,38.230655670166016,49.11040115356445,1007.144140625,123284.375,True,True,True,176,0,0,109,177,101,2026-10-03T15:09:02.526886+07:00,266.0477933269999,0.18581020600004194,OK,,True,2026-10-03T15:09:02.712707+07:00,266.233610515,0.033206151000058526,OK,,True,1297,0.162125,,2026-10-03T15:09:02.745913+07:00,266.266819963,0.03281748599988532,OK,,True,2475,0.309375,
c833c10214a84703b40edbdf1b2f16b1,268,2026-10-03T15:09:03.526850+07:00,267.0477406289999,267.0477406289999,MONITOR,267.2100526019999,1.0000378380000257,0.26218390799999725,0.00012307199995120754,DISABLED,on,user_reported,38.2376708984375,49.11137771606445,1007.16921875,122929.171875,True,True,True,176,0,0,109,177,101,2026-10-03T15:09:03.526984+07:00,267.04789005399994,0.19137748699995427,OK,,True,2026-10-03T15:09:03.718383+07:00,267.2392822269999,0.03544381200003954,OK,,True,1292,0.1615,,2026-10-03T15:09:03.753831+07:00,267.27473465,0.03517227599991202,OK,,True,2476,0.3095,
c833c10214a84703b40edbdf1b2f16b1,269,2026-10-03T15:09:04.526820+07:00,268.047715615,268.047715615,MONITOR,268.210027588,0.9999749860000975,0.2516912329999741,9.805800004869525e-05,DISABLED,on,user_reported,38.235755920410156,49.11111831665039,1007.159296875,123641.6328125,True,True,True,176,0,0,109,177,101,2026-10-03T15:09:04.526900+07:00,268.04780718899997,0.18580653899994104,OK,,True,2026-10-03T15:09:04.712719+07:00,268.233622062,0.03296085600004517,OK,,True,1299,0.162375,,2026-10-03T15:09:04.745680+07:00,268.26658578799993,0.032813449000059336,OK,,True,2480,0.31,
c833c10214a84703b40edbdf1b2f16b1,270,2026-10-03T15:09:05.526818+07:00,269.0477139540001,269.0477139540001,MONITOR,269.21002592700006,0.999998339000058,0.25175126899989664,9.639700010666274e-05,DISABLED,on,user_reported,38.22809982299805,49.12249755859375,1007.13328125,122929.171875,True,True,True,176,0,0,109,177,101,2026-10-03T15:09:05.526903+07:00,269.047810435,0.1858166130000427,OK,,True,2026-10-03T15:09:05.712732+07:00,269.2336346029999,0.03297226400013642,OK,,True,1295,0.161875,,2026-10-03T15:09:05.745704+07:00,269.26661040399995,0.03284615300003679,OK,,True,2479,0.309875,
c833c10214a84703b40edbdf1b2f16b1,271,2026-10-03T15:09:06.526815+07:00,270.0477105140001,270.0477105140001,MONITOR,270.21002248700006,0.9999965599999996,0.2517413989999113,9.295700010625296e-05,DISABLED,on,user_reported,38.224273681640625,49.115745544433594,1007.140703125,123462.7421875,True,True,True,176,0,0,109,177,101,2026-10-03T15:09:06.526900+07:00,270.0478073659999,0.18581870499997422,OK,,True,2026-10-03T15:09:06.712731+07:00,270.23363384899994,0.032967819000077725,OK,,True,1301,0.162625,,2026-10-03T15:09:06.745698+07:00,270.26660455699994,0.03283933800003069,OK,,True,2468,0.3085,
c833c10214a84703b40edbdf1b2f16b1,272,2026-10-03T15:09:07.526838+07:00,271.0477323150001,271.0477323150001,MONITOR,271.21004428800006,1.0000218010000026,0.25172867699984636,0.00011475800010884996,DISABLED,on,user_reported,38.2204475402832,49.121437072753906,1007.120859375,123731.2734375,True,True,True,176,0,0,109,177,101,2026-10-03T15:09:07.526933+07:00,271.047839778,0.18583248300001287,OK,,True,2026-10-03T15:09:07.712778+07:00,271.23368053900003,0.03295930099989164,OK,,True,1296,0.162,,2026-10-03T15:09:07.745736+07:00,271.2666430249999,0.03281037500005368,OK,,True,2472,0.309,
c833c10214a84703b40edbdf1b2f16b1,273,2026-10-03T15:09:08.526814+07:00,272.04771070900006,272.04771070900006,MONITOR,272.21002268200004,0.9999783939999816,0.2519348619998709,9.315200009041291e-05,DISABLED,on,user_reported,38.21342849731445,49.1204719543457,1007.075234375,123106.515625,True,True,True,176,0,0,109,177,101,2026-10-03T15:09:08.526894+07:00,272.0478015609999,0.1858092800000577,OK,,True,2026-10-03T15:09:08.712715+07:00,272.233618581,0.0332311889999346,OK,,True,1305,0.163125,,2026-10-03T15:09:08.745947+07:00,272.266852752,0.03278437499989195,OK,,True,2470,0.30875,
c833c10214a84703b40edbdf1b2f16b1,274,2026-10-03T15:09:09.526876+07:00,273.04776121400005,273.04776121400005,MONITOR,273.21007318700003,1.0000505049999902,0.26252088899991577,0.00014365700008056592,DISABLED,on,user_reported,38.21215057373047,49.14518356323242,1007.073203125,123821.0390625,True,True,True,176,0,0,109,177,101,2026-10-03T15:09:09.527039+07:00,273.04794438,0.19175017099996694,OK,,True,2026-10-03T15:09:09.718810+07:00,273.23971010700006,0.03538134999985232,OK,,True,1295,0.161875,,2026-10-03T15:09:09.754196+07:00,273.275099512,0.03516470199997457,OK,,True,2481,0.310125,
c833c10214a84703b40edbdf1b2f16b1,275,2026-10-03T15:09:10.526907+07:00,274.04779664500006,274.04779664500006,MONITOR,274.21010861800005,1.0000354310000148,0.2619410379998044,0.00017908800009536208,DISABLED,on,user_reported,38.210872650146484,49.1387825012207,1007.084765625,123910.9375,True,True,True,176,0,0,109,177,101,2026-10-03T15:09:10.527032+07:00,274.04793707,0.19113295099987226,OK,,True,2026-10-03T15:09:10.718187+07:00,274.239085465,0.03537633199994161,OK,,True,1336,0.167,,2026-10-03T15:09:10.753566+07:00,274.27446935199987,0.03525066500014873,OK,,True,2491,0.311375,
c833c10214a84703b40edbdf1b2f16b1,276,2026-10-03T15:09:11.526859+07:00,275.0477528910001,275.0477528910001,MONITOR,275.21006486400006,0.9999562460000107,0.2517045289998805,0.00013533400010601326,DISABLED,on,user_reported,38.205772399902344,49.13185501098633,1007.055859375,123552.125,True,True,True,176,0,0,109,177,101,2026-10-03T15:09:11.526945+07:00,275.04785211299986,0.1858228160001545,OK,,True,2026-10-03T15:09:11.712779+07:00,275.23368228100003,0.03298905999986346,OK,,True,1294,0.16175,,2026-10-03T15:09:11.745770+07:00,275.266674748,0.0327743200000441,OK,,True,2472,0.309,
c833c10214a84703b40edbdf1b2f16b1,277,2026-10-03T15:09:12.526845+07:00,276.047739933,276.047739933,MONITOR,276.210051906,0.9999870419999297,0.2517151949998606,0.0001223760000357288,DISABLED,on,user_reported,38.19364929199219,49.15507507324219,1007.104921875,123552.125,True,True,True,176,0,0,109,177,101,2026-10-03T15:09:12.526932+07:00,276.04783911799996,0.18582026100011717,OK,,True,2026-10-03T15:09:12.712764+07:00,276.2336669900001,0.03298489299982066,OK,,True,1290,0.16125,,2026-10-03T15:09:12.745750+07:00,276.26665566099996,0.03279076400008307,OK,,True,2472,0.309,
c833c10214a84703b40edbdf1b2f16b1,278,2026-10-03T15:09:13.526828+07:00,277.04772265999986,277.04772265999986,MONITOR,277.21003463299985,0.9999827269998605,0.2520300280000356,0.00010510299989618943,DISABLED,on,user_reported,38.191734313964844,49.142356872558594,1007.081171875,123731.2734375,True,True,True,176,0,0,109,177,101,2026-10-03T15:09:13.526912+07:00,277.04781891900006,0.18581927999980508,OK,,True,2026-10-03T15:09:13.712742+07:00,277.23364504999995,0.03325002199994742,OK,,True,1305,0.163125,,2026-10-03T15:09:13.745994+07:00,277.266898887,0.032845597000005,OK,,True,2478,0.30975,
c833c10214a84703b40edbdf1b2f16b1,279,2026-10-03T15:09:14.526838+07:00,278.04773431299986,278.04773431299986,MONITOR,278.21004628599985,1.0000116530000014,0.25178486200002226,0.00011675599989757757,DISABLED,on,user_reported,38.19109344482422,49.16094207763672,1007.093828125,124091.1328125,True,True,True,176,0,0,109,177,101,2026-10-03T15:09:14.526925+07:00,278.04783201600003,0.18581665099986822,OK,,True,2026-10-03T15:09:14.712753+07:00,278.2336558699999,0.033012208000172905,OK,,True,1282,0.16025,,2026-10-03T15:09:14.745766+07:00,278.2666713189999,0.032839541000157624,OK,,True,2476,0.3095,
c833c10214a84703b40edbdf1b2f16b1,280,2026-10-03T15:09:15.526871+07:00,279.04776542900004,279.04776542900004,MONITOR,279.210077402,1.000031116000173,0.25188965799998186,0.0001478720000704925,DISABLED,on,user_reported,38.176422119140625,49.158905029296875,1007.131953125,125000.0,True,True,True,176,0,0,109,177,101,2026-10-03T15:09:15.526968+07:00,279.0478751139999,0.18587366800011296,OK,,True,2026-10-03T15:09:15.712853+07:00,279.2337565789999,0.03302102200018453,OK,,True,1296,0.162,,2026-10-03T15:09:15.745875+07:00,279.26678080500005,0.03286585599994396,OK,,True,2474,0.30925,
c833c10214a84703b40edbdf1b2f16b1,281,2026-10-03T15:09:16.526812+07:00,280.0477082489999,280.0477082489999,MONITOR,280.2100202219999,0.9999428199998874,0.25185189900003024,9.069199995792587e-05,DISABLED,on,user_reported,38.169403076171875,49.15793991088867,1007.12734375,124271.84375,True,True,True,176,0,0,109,177,101,2026-10-03T15:09:16.526892+07:00,280.0477997119999,0.18581431600000542,OK,,True,2026-10-03T15:09:16.712718+07:00,280.23362145400006,0.033062096999856294,OK,,True,1284,0.1605,,2026-10-03T15:09:16.745783+07:00,280.266687199,0.03286500400008663,OK,,True,2480,0.31,
c833c10214a84703b40edbdf1b2f16b1,282,2026-10-03T15:09:17.526838+07:00,281.047735569,281.047735569,MONITOR,281.210047542,1.000027320000072,0.25182615800008534,0.00011801200002992118,DISABLED,on,user_reported,38.177696228027344,49.17152786254883,1007.140859375,123910.9375,True,True,True,176,0,0,109,177,101,2026-10-03T15:09:17.526914+07:00,281.04782134599986,0.18582609500003855,OK,,True,2026-10-03T15:09:17.712751+07:00,281.2336547919999,0.033018208000157756,OK,,True,1307,0.163375,,2026-10-03T15:09:17.745771+07:00,281.26667644500003,0.0328770229998554,OK,,True,2483,0.310375,
c833c10214a84703b40edbdf1b2f16b1,283,2026-10-03T15:09:18.526853+07:00,282.047748148,282.047748148,MONITOR,282.21006012099997,1.0000125789999856,0.2522755089999009,0.00013059100001555635,DISABLED,on,user_reported,38.173866271972656,49.17721939086914,1007.1415625,124362.3984375,True,True,True,176,0,0,109,177,101,2026-10-03T15:09:18.526948+07:00,282.0478543689999,0.18630850099998497,OK,,True,2026-10-03T15:09:18.713268+07:00,282.23417100000006,0.032978799999909825,OK,,True,1289,0.161125,,2026-10-03T15:09:18.746248+07:00,282.26715307799986,0.03286111600004915,OK,,True,2474,0.30925,
c833c10214a84703b40edbdf1b2f16b1,284,2026-10-03T15:09:19.528589+07:00,283.0494873150001,283.0494873150001,MONITOR,283.21179928800007,1.0017391670000961,0.252003527999932,0.0018697580001116876,DISABLED,on,user_reported,38.175148010253906,49.17740249633789,1007.1365625,124725.9453125,True,True,True,176,0,0,109,177,101,2026-10-03T15:09:19.528659+07:00,283.0495658699999,0.1858355389999815,OK,,True,2026-10-03T15:09:19.714507+07:00,283.2354096869999,0.033263132999991285,OK,,True,1290,0.16125,,2026-10-03T15:09:19.747772+07:00,283.268676764,0.032804170999952476,OK,,True,2477,0.309625,
c833c10214a84703b40edbdf1b2f16b1,285,2026-10-03T15:09:20.528869+07:00,284.0497622999999,284.0497622999999,MONITOR,284.21207427299987,1.0002749849998054,0.2518808810000337,0.002144742999917071,DISABLED,on,user_reported,38.173866271972656,49.189666748046875,1007.107265625,124091.1328125,True,True,True,176,0,0,109,177,101,2026-10-03T15:09:20.528963+07:00,284.0498700779999,0.18584939100014708,OK,,True,2026-10-03T15:09:20.714824+07:00,284.2357268569999,0.03306667100014238,OK,,True,1286,0.16075,,2026-10-03T15:09:20.747892+07:00,284.268797232,0.0328358560000197,OK,,True,2470,0.30875,
c833c10214a84703b40edbdf1b2f16b1,286,2026-10-03T15:09:21.532352+07:00,285.053238944,285.053238944,MONITOR,285.215550917,1.0034766440001022,0.2534399690000555,0.00562138700001924,DISABLED,on,user_reported,38.17131805419922,49.18309783935547,1007.103203125,124634.859375,True,True,True,176,0,0,109,177,101,2026-10-03T15:09:21.532535+07:00,285.0534399989999,0.1873745160000908,OK,,True,2026-10-03T15:09:21.719919+07:00,285.24082160800003,0.033009225999876435,OK,,True,1310,0.16375,,2026-10-03T15:09:21.752930+07:00,285.273834242,0.03283430099986617,OK,,True,2477,0.309625,
c833c10214a84703b40edbdf1b2f16b1,287,2026-10-03T15:09:22.526808+07:00,286.04770620499994,286.04770620499994,MONITOR,286.2100181779999,0.9944672609999543,0.2517566030001035,8.864799997354567e-05,DISABLED,on,user_reported,38.16685104370117,49.182472229003906,1007.136875,125091.6171875,True,True,True,176,0,0,109,177,101,2026-10-03T15:09:22.526884+07:00,286.04779087099996,0.18582181700003275,OK,,True,2026-10-03T15:09:22.712718+07:00,286.2336206319999,0.032998134000081336,OK,,True,1289,0.161125,,2026-10-03T15:09:22.745717+07:00,286.26662256200007,0.03283011600001373,OK,,True,2476,0.3095,
c833c10214a84703b40edbdf1b2f16b1,288,2026-10-03T15:09:23.526813+07:00,287.047709728,287.047709728,MONITOR,287.21002170099996,1.0000035230000321,0.2517595290000827,9.21710000056919e-05,DISABLED,on,user_reported,38.156002044677734,49.19342041015625,1007.078203125,124908.515625,True,True,True,176,0,0,109,177,101,2026-10-03T15:09:23.526895+07:00,287.0478016909999,0.18581170500010558,OK,,True,2026-10-03T15:09:23.712718+07:00,287.23362111899996,0.03302155899996251,OK,,True,1284,0.1605,,2026-10-03T15:09:23.745742+07:00,287.2666468079999,0.03281241200011209,OK,,True,2482,0.31025,
c833c10214a84703b40edbdf1b2f16b1,289,2026-10-03T15:09:24.526804+07:00,288.04770195499987,288.04770195499987,MONITOR,288.21001392799985,0.9999922269998933,0.2521365650000007,8.439799989901076e-05,DISABLED,on,user_reported,38.156002044677734,49.199642181396484,1007.071328125,125091.6171875,True,True,True,176,0,0,109,177,101,2026-10-03T15:09:24.526875+07:00,288.0477820660001,0.18583752099993944,OK,,True,2026-10-03T15:09:24.712725+07:00,288.2336286980001,0.03331576199980191,OK,,True,1302,0.16275,,2026-10-03T15:09:24.746044+07:00,288.266948682,0.03287991199999851,OK,,True,2480,0.31,
c833c10214a84703b40edbdf1b2f16b1,290,2026-10-03T15:09:25.526806+07:00,289.0477044049999,289.0477044049999,MONITOR,289.21001637799986,1.0000024500000109,0.25185562100000425,8.684799990987813e-05,DISABLED,on,user_reported,38.136863708496094,49.203216552734375,1007.033515625,125183.375,True,True,True,176,0,0,109,177,101,2026-10-03T15:09:25.526882+07:00,289.04778882999994,0.18582024300008015,OK,,True,2026-10-03T15:09:25.712714+07:00,289.233616814,0.033045393000065815,OK,,True,1294,0.16175,,2026-10-03T15:09:25.745761+07:00,289.2666661139999,0.03288352300000952,OK,,True,2473,0.309125,
c833c10214a84703b40edbdf1b2f16b1,291,2026-10-03T15:09:26.526807+07:00,290.04770550199987,290.04770550199987,MONITOR,290.21001747499986,1.0000010969999948,0.2568580340000608,8.794499990472104e-05,DISABLED,on,user_reported,38.126014709472656,49.207942962646484,1007.063984375,124543.90625,True,True,True,176,0,0,109,177,101,2026-10-03T15:09:26.526882+07:00,290.04778920600006,0.1875615149999703,OK,,True,2026-10-03T15:09:26.714461+07:00,290.2353626469999,0.03472138900019672,OK,,True,1299,0.162375,,2026-10-03T15:09:26.749185+07:00,290.27008970199995,0.03445992699994349,OK,,True,2473,0.309125,
c833c10214a84703b40edbdf1b2f16b1,292,2026-10-03T15:09:27.526863+07:00,291.047754081,291.047754081,MONITOR,291.210066054,1.0000485790001221,0.25596442500000194,0.00013652400002683862,DISABLED,on,user_reported,38.11134338378906,49.224578857421875,1007.156953125,124453.0859375,True,True,True,176,0,0,109,177,101,2026-10-03T15:09:27.527015+07:00,291.047920599,0.1895016769999529,OK,,True,2026-10-03T15:09:27.716528+07:00,291.237430999,0.03339054000002761,OK,,True,1306,0.16325,,2026-10-03T15:09:27.749923+07:00,291.27082633500004,0.03288137499998811,OK,,True,2475,0.309375,
c833c10214a84703b40edbdf1b2f16b1,293,2026-10-03T15:09:28.526809+07:00,292.0477076970001,292.0477076970001,MONITOR,292.21001967000007,0.9999536160000844,0.2533753949999209,9.014000011120515e-05,DISABLED,on,user_reported,38.121551513671875,49.23221969604492,1007.111640625,125183.375,True,True,True,176,0,0,109,177,101,2026-10-03T15:09:28.526882+07:00,292.04778960399995,0.18581274300004225,OK,,True,2026-10-03T15:09:28.712707+07:00,292.2336099209999,0.03458338900009039,OK,,True,1294,0.16175,,2026-10-03T15:09:28.747295+07:00,292.26819860599994,0.032873059999928955,OK,,True,2477,0.309625,
c833c10214a84703b40edbdf1b2f16b1,294,2026-10-03T15:09:29.526810+07:00,293.04770851700005,293.04770851700005,MONITOR,293.21002049000003,1.0000008199999684,0.2520402869999998,9.096000007957628e-05,DISABLED,on,user_reported,38.11198043823242,49.237125396728516,1007.109921875,124271.84375,True,True,True,176,0,0,109,177,101,2026-10-03T15:09:29.526886+07:00,293.0477929609999,0.1858141320001323,OK,,True,2026-10-03T15:09:29.712711+07:00,293.23361449999993,0.03323502200009898,OK,,True,1289,0.161125,,2026-10-03T15:09:29.745952+07:00,293.26685494799995,0.03288261600005171,OK,,True,2474,0.30925,
c833c10214a84703b40edbdf1b2f16b1,295,2026-10-03T15:09:30.526809+07:00,294.04770768899994,294.04770768899994,MONITOR,294.2100196619999,0.9999991719998889,0.25240387899998495,9.013199996843468e-05,DISABLED,on,user_reported,38.108787536621094,49.267799377441406,1007.070546875,125000.0,True,True,True,176,0,0,109,177,101,2026-10-03T15:09:30.526884+07:00,294.04779120700005,0.18583494599988626,OK,,True,2026-10-03T15:09:30.712732+07:00,294.2336345419999,0.033260133000112546,OK,,True,1286,0.16075,,2026-10-03T15:09:30.745995+07:00,294.26689939699986,0.03320059700013189,OK,,True,2478,0.30975,
c833c10214a84703b40edbdf1b2f16b1,296,2026-10-03T15:09:31.526804+07:00,295.0477022119999,295.0477022119999,MONITOR,295.21001418499986,0.9999945229999412,0.2522278430001279,8.465499990961689e-05,DISABLED,on,user_reported,38.106876373291016,49.26130676269531,1007.1015625,124362.3984375,True,True,True,176,0,0,109,177,101,2026-10-03T15:09:31.526880+07:00,295.047786953,0.18584918700003072,OK,,True,2026-10-03T15:09:31.712742+07:00,295.233645047,0.033207115000095655,OK,,True,1305,0.163125,,2026-10-03T15:09:31.745953+07:00,295.266856532,0.03305757799989806,OK,,True,2473,0.309125,
c833c10214a84703b40edbdf1b2f16b1,297,2026-10-03T15:09:32.526813+07:00,296.0477120129999,296.0477120129999,MONITOR,296.2100239859999,1.000009801000033,0.25883649200000036,9.445599994251097e-05,DISABLED,on,user_reported,38.100494384765625,49.279109954833984,1007.111875,125459.4453125,True,True,True,176,0,0,109,177,101,2026-10-03T15:09:32.526889+07:00,296.047795791,0.18594659399991542,OK,,True,2026-10-03T15:09:32.712849+07:00,296.23375156999987,0.03575155300018196,OK,,True,1306,0.16325,,2026-10-03T15:09:32.748611+07:00,296.26951203,0.036988548999943305,OK,,True,2484,0.3105,
c833c10214a84703b40edbdf1b2f16b1,298,2026-10-03T15:09:33.526880+07:00,297.04776940700003,297.04776940700003,MONITOR,297.21008138,1.0000573940001232,0.26324964599984924,0.00015185000006567861,DISABLED,on,user_reported,38.08582305908203,49.29574966430664,1007.067578125,124091.1328125,True,True,True,176,0,0,109,177,101,2026-10-03T15:09:33.527029+07:00,297.04793438799993,0.19471092300000237,OK,,True,2026-10-03T15:09:33.721763+07:00,297.24266260700006,0.03545860899998843,OK,,True,1284,0.1605,,2026-10-03T15:09:33.757223+07:00,297.27812677099996,0.03288024500011488,OK,,True,2486,0.31075,
c833c10214a84703b40edbdf1b2f16b1,299,2026-10-03T15:09:34.526806+07:00,298.0477041899999,298.0477041899999,MONITOR,298.21001616299986,0.9999347829998442,0.2531134140001541,8.663299990985251e-05,DISABLED,on,user_reported,38.07880401611328,49.31968307495117,1007.076875,124453.0859375,True,True,True,176,0,0,109,177,101,2026-10-03T15:09:34.526882+07:00,298.04778955999996,0.1858511319999252,OK,,True,2026-10-03T15:09:34.712748+07:00,298.233650784,0.03340415100001337,OK,,True,1287,0.160875,,2026-10-03T15:09:34.746158+07:00,298.267060917,0.03374326099992686,OK,,True,2478,0.30975,
c833c10214a84703b40edbdf1b2f16b1,300,2026-10-03T15:09:35.526811+07:00,299.04770962099997,299.04770962099997,MONITOR,299.21002159399995,1.0000054310000905,0.25387248600009116,9.206400000039139e-05,DISABLED,on,user_reported,38.08646011352539,49.35187911987305,1007.08234375,125459.4453125,True,True,True,176,0,0,109,177,101,2026-10-03T15:09:35.526884+07:00,299.0477912869999,0.18580892800014226,OK,,True,2026-10-03T15:09:35.712704+07:00,299.23360725199996,0.03396655699998519,OK,,True,1289,0.161125,,2026-10-03T15:09:35.746677+07:00,299.267579995,0.033990094000046156,OK,,True,2467,0.308375,
c833c10214a84703b40edbdf1b2f16b1,301,2026-10-03T15:09:36.526812+07:00,300.04771103300004,300.04771103300004,MONITOR,300.21002300600003,1.0000014120000742,0.2545977810000295,9.347600007458823e-05,DISABLED,on,user_reported,38.074337005615234,49.35020446777344,1007.090078125,125000.0,True,True,True,176,0,0,109,177,101,2026-10-03T15:09:36.526888+07:00,300.0477956259999,0.18587168700014445,OK,,True,2026-10-03T15:09:36.712774+07:00,300.2336757379999,0.03457761200002096,OK,,True,1299,0.162375,,2026-10-03T15:09:36.747356+07:00,300.268259016,0.034031556999934764,OK,,True,2471,0.308875,
c833c10214a84703b40edbdf1b2f16b1,302,2026-10-03T15:09:37.526811+07:00,301.047709723,301.047709723,MONITOR,301.210021696,0.999998689999984,0.2521806390000165,9.21660000585689e-05,DISABLED,on,user_reported,38.065406799316406,49.38010025024414,1007.082578125,125091.6171875,True,True,True,176,0,0,109,177,101,2026-10-03T15:09:37.526884+07:00,301.04779144500003,0.1858362059999763,OK,,True,2026-10-03T15:09:37.712734+07:00,301.2336367989999,0.033528540000133944,OK,,True,1296,0.162,,2026-10-03T15:09:37.746271+07:00,301.267172931,0.03270487600002525,OK,,True,2472,0.309,
c833c10214a84703b40edbdf1b2f16b1,303,2026-10-03T15:09:38.526809+07:00,302.0477075250001,302.0477075250001,MONITOR,302.21001949800007,0.9999978020000526,0.2568061629999647,8.996800011118467e-05,DISABLED,on,user_reported,38.0488166809082,49.390262603759766,1007.09015625,124908.515625,True,True,True,176,0,0,109,177,101,2026-10-03T15:09:38.526881+07:00,302.0477880619999,0.1859223160001875,OK,,True,2026-10-03T15:09:38.712817+07:00,302.23371934099987,0.03549849700016239,OK,,True,1307,0.163375,,2026-10-03T15:09:38.748329+07:00,302.26922846799994,0.03523659100005716,OK,,True,2468,0.3085,
c833c10214a84703b40edbdf1b2f16b1,304,2026-10-03T15:09:39.526854+07:00,303.04775195499997,303.04775195499997,MONITOR,303.21006392799995,1.000044429999889,0.2542969109999831,0.00013439800000014657,DISABLED,on,user_reported,38.04051971435547,49.39534378051758,1007.0353125,125459.4453125,True,True,True,176,0,0,109,177,101,2026-10-03T15:09:39.526924+07:00,303.04783132600005,0.18580057600001965,OK,,True,2026-10-03T15:09:39.712735+07:00,303.23363895700004,0.035054720999823985,OK,,True,1298,0.16225,,2026-10-03T15:09:39.747798+07:00,303.26870047400007,0.03333176299997831,OK,,True,2467,0.308375,
c833c10214a84703b40edbdf1b2f16b1,305,2026-10-03T15:09:40.526812+07:00,304.047710479,304.047710479,MONITOR,304.210022452,0.9999585240000215,0.2561543879999135,9.292200002164464e-05,DISABLED,on,user_reported,38.037330627441406,49.41358184814453,1007.0234375,124543.90625,True,True,True,176,0,0,109,177,101,2026-10-03T15:09:40.526886+07:00,304.047793145,0.18579463199989732,OK,,True,2026-10-03T15:09:40.712692+07:00,304.233595036,0.03626188499993077,OK,,True,1301,0.162625,,2026-10-03T15:09:40.748962+07:00,304.26986408699986,0.03398392799999783,OK,,True,2478,0.30975,
c833c10214a84703b40edbdf1b2f16b1,306,2026-10-03T15:09:41.526813+07:00,305.04771107700003,305.04771107700003,MONITOR,305.21002305,1.0000005980000424,0.2542428550000295,9.352000006401795e-05,DISABLED,on,user_reported,38.02648162841797,49.44322967529297,1007.163515625,123910.9375,True,True,True,176,0,0,109,177,101,2026-10-03T15:09:41.526885+07:00,305.04779246499993,0.18580341000006229,OK,,True,2026-10-03T15:09:41.712698+07:00,305.23360267099997,0.03415644500000781,OK,,True,1288,0.161,,2026-10-03T15:09:41.746867+07:00,305.267767542,0.034169020000035744,OK,,True,2458,0.30725,
c833c10214a84703b40edbdf1b2f16b1,307,2026-10-03T15:09:42.526809+07:00,306.04770798899995,306.04770798899995,MONITOR,306.21001996199993,0.999996911999915,0.2547060019999208,9.043199997904594e-05,DISABLED,on,user_reported,38.02457046508789,49.45542907714844,1007.181015625,125367.2890625,True,True,True,176,0,0,109,177,101,2026-10-03T15:09:42.526881+07:00,306.0477885810001,0.18580833599980906,OK,,True,2026-10-03T15:09:42.712702+07:00,306.2336046569999,0.03520707300003778,OK,,True,1296,0.162,,2026-10-03T15:09:42.747913+07:00,306.268816841,0.03358018699987042,OK,,True,2467,0.308375,
c833c10214a84703b40edbdf1b2f16b1,308,2026-10-03T15:09:43.526849+07:00,307.0477447159999,307.0477447159999,MONITOR,307.2100566889999,1.0000367269999515,0.25309119200005625,0.00012715899993054336,DISABLED,on,user_reported,38.02074432373047,49.46735382080078,1007.140546875,124725.9453125,True,True,True,176,0,0,109,177,101,2026-10-03T15:09:43.526937+07:00,307.047843845,0.18581718699988414,OK,,True,2026-10-03T15:09:43.712766+07:00,307.233668977,0.03295646700007637,OK,,True,1305,0.163125,,2026-10-03T15:09:43.745723+07:00,307.2666287029999,0.03418989000010697,OK,,True,2475,0.309375,
c833c10214a84703b40edbdf1b2f16b1,309,2026-10-03T15:09:44.526864+07:00,308.047754017,308.047754017,MONITOR,308.21006599,1.000009301000091,0.2642046070000106,0.00013646000002154324,DISABLED,on,user_reported,38.02265548706055,49.47385025024414,1007.05453125,123195.3828125,True,True,True,176,0,0,109,177,101,2026-10-03T15:09:44.527009+07:00,308.04791409099994,0.19181394900010673,OK,,True,2026-10-03T15:09:44.718842+07:00,308.23974187299996,0.035347405000038634,OK,,True,1285,0.160625,,2026-10-03T15:09:44.754193+07:00,308.2750973709999,0.03683112299995628,OK,,True,2489,0.311125,
c833c10214a84703b40edbdf1b2f16b1,310,2026-10-03T15:09:45.526891+07:00,309.04777881799987,309.04777881799987,MONITOR,309.21009079099986,1.0000248009998813,0.2608225790002052,0.00016126099990287912,DISABLED,on,user_reported,38.01882553100586,49.473323822021484,1007.09625,125091.6171875,True,True,True,176,0,0,109,177,101,2026-10-03T15:09:45.527045+07:00,309.0479503920001,0.19393994299980477,OK,,True,2026-10-03T15:09:45.721005+07:00,309.24190605700005,0.033303132999890295,OK,,True,1293,0.161625,,2026-10-03T15:09:45.754307+07:00,309.2752123569999,0.03337644700013698,OK,,True,2476,0.3095,
c833c10214a84703b40edbdf1b2f16b1,311,2026-10-03T15:09:46.526853+07:00,310.0477484339999,310.0477484339999,MONITOR,310.2100604069999,0.999969616000044,0.2517852519999906,0.00013087699994684954,DISABLED,on,user_reported,38.004791259765625,49.483829498291016,1007.114765625,125459.4453125,True,True,True,176,0,0,109,177,101,2026-10-03T15:09:46.526939+07:00,310.047846379,0.1858189089998632,OK,,True,2026-10-03T15:09:46.712770+07:00,310.23367328799986,0.032975171000089176,OK,,True,1296,0.162,,2026-10-03T15:09:46.745745+07:00,310.2666516259999,0.032873208000182785,OK,,True,2482,0.31025,
c833c10214a84703b40edbdf1b2f16b1,312,2026-10-03T15:09:47.526810+07:00,311.0477069209999,311.0477069209999,MONITOR,311.21001889399986,0.999958486999958,0.25182064000000537,8.936399990489008e-05,DISABLED,on,user_reported,38.004154205322266,49.496212005615234,1007.093125,125091.6171875,True,True,True,176,0,0,109,177,101,2026-10-03T15:09:47.526889+07:00,311.047796606,0.18580237199989824,OK,,True,2026-10-03T15:09:47.712702+07:00,311.23360560800006,0.033084615000007034,OK,,True,1288,0.161,,2026-10-03T15:09:47.745787+07:00,311.26669375999995,0.032824615999970774,OK,,True,2490,0.31125,
c833c10214a84703b40edbdf1b2f16b1,313,2026-10-03T15:09:48.526814+07:00,312.047710889,312.047710889,MONITOR,312.21002286199996,1.000003968000101,0.25171677000003,9.33320000058302e-05,DISABLED,on,user_reported,37.997135162353516,49.49523162841797,1007.102421875,125367.2890625,True,True,True,176,0,0,109,177,101,2026-10-03T15:09:48.526889+07:00,312.0477959069999,0.185804391000147,OK,,True,2026-10-03T15:09:48.712703+07:00,312.23360655700003,0.03296509699998751,OK,,True,1302,0.16275,,2026-10-03T15:09:48.745668+07:00,312.26657463599986,0.032844763000184685,OK,,True,2471,0.308875,
c833c10214a84703b40edbdf1b2f16b1,314,2026-10-03T15:09:49.526805+07:00,313.04770276399995,313.04770276399995,MONITOR,313.21001473699994,0.9999918749999779,0.2517466960000547,8.520699998371128e-05,DISABLED,on,user_reported,37.982460021972656,49.499427795410156,1007.04421875,126388.546875,True,True,True,176,0,0,109,177,101,2026-10-03T15:09:49.526881+07:00,313.04778796799997,0.18580840899994655,OK,,True,2026-10-03T15:09:49.712700+07:00,313.2336031729999,0.032967171000109374,OK,,True,1298,0.16225,,2026-10-03T15:09:49.745667+07:00,313.2665733629999,0.03286665200016614,OK,,True,2479,0.309875,
c833c10214a84703b40edbdf1b2f16b1,315,2026-10-03T15:09:50.526812+07:00,314.047710028,314.047710028,MONITOR,314.21002200099997,1.0000072640000326,0.2568930529998852,9.247100001630315e-05,DISABLED,on,user_reported,37.96906280517578,49.510032653808594,1007.12546875,125275.265625,True,True,True,176,0,0,109,177,101,2026-10-03T15:09:50.526888+07:00,314.04779539900005,0.18580687199983004,OK,,True,2026-10-03T15:09:50.712705+07:00,314.23360912299995,0.03440014800003155,OK,,True,1290,0.16125,,2026-10-03T15:09:50.747112+07:00,314.2680167159999,0.036569105000126,OK,,True,2485,0.310625,
c833c10214a84703b40edbdf1b2f16b1,316,2026-10-03T15:09:51.526827+07:00,315.047722885,315.047722885,MONITOR,315.210034858,1.0000128570000015,0.25172486300016317,0.00010532799979046104,DISABLED,on,user_reported,37.96331787109375,49.5341682434082,1007.081796875,124271.84375,True,True,True,176,0,0,109,177,101,2026-10-03T15:09:51.526911+07:00,315.0478184409999,0.18581163099997866,OK,,True,2026-10-03T15:09:51.712733+07:00,315.23363685000004,0.03294518899974719,OK,,True,1291,0.161375,,2026-10-03T15:09:51.745678+07:00,315.26658494699996,0.032854448999842134,OK,,True,2483,0.310375,
c833c10214a84703b40edbdf1b2f16b1,317,2026-10-03T15:09:52.526814+07:00,316.04771007499994,316.04771007499994,MONITOR,316.2100220479999,0.9999871899999562,0.25440342999991117,9.2517999746633e-05,DISABLED,on,user_reported,37.956939697265625,49.54574966430664,1007.078359375,125183.375,True,True,True,176,0,0,109,177,101,2026-10-03T15:09:52.526897+07:00,316.04780383399975,0.18602161300032094,OK,,True,2026-10-03T15:09:52.712941+07:00,316.23383898400016,0.03492031399991902,OK,,True,1304,0.163,,2026-10-03T15:09:52.747864+07:00,316.26876622400005,0.03333622499985722,OK,,True,2468,0.3085,
c833c10214a84703b40edbdf1b2f16b1,318,2026-10-03T15:09:53.526813+07:00,317.04771045100006,317.04771045100006,MONITOR,317.21002242400004,1.0000003760001164,0.2519557129999157,9.28939998630085e-05,DISABLED,on,user_reported,37.950557708740234,49.563560485839844,1007.07484375,125829.4453125,True,True,True,176,0,0,109,177,101,2026-10-03T15:09:53.526889+07:00,317.047796673,0.18581861299981028,OK,,True,2026-10-03T15:09:53.712719+07:00,317.2336218780001,0.03314439299992955,OK,,True,1299,0.162375,,2026-10-03T15:09:53.745867+07:00,317.26677099300014,0.032884763999845745,OK,,True,2483,0.310375,
c833c10214a84703b40edbdf1b2f16b1,319,2026-10-03T15:09:54.526811+07:00,318.04770786300014,318.04770786300014,MONITOR,318.21001983600013,0.9999974120000843,0.25171482499990816,9.030599994730437e-05,DISABLED,on,user_reported,37.943538665771484,49.55635070800781,1007.15265625,126015.2578125,True,True,True,176,0,0,109,177,101,2026-10-03T15:09:54.526885+07:00,318.0477921219999,0.18580342799987193,OK,,True,2026-10-03T15:09:54.712699+07:00,318.23360234599977,0.03296113400028844,OK,,True,1290,0.16125,,2026-10-03T15:09:54.745661+07:00,318.2665665909999,0.03284628300025361,OK,,True,2479,0.309875,
c833c10214a84703b40edbdf1b2f16b1,320,2026-10-03T15:09:55.526815+07:00,319.04771214599987,319.04771214599987,MONITOR,319.21002411899985,1.0000042829997255,0.2526646000001165,9.458899967285106e-05,DISABLED,on,user_reported,37.94673156738281,49.56926345825195,1007.13046875,125736.7421875,True,True,True,176,0,0,109,177,101,2026-10-03T15:09:55.526892+07:00,319.047799553,0.1858087800001158,OK,,True,2026-10-03T15:09:55.712712+07:00,319.2336152029998,0.03295422700011841,OK,,True,1294,0.16175,,2026-10-03T15:09:55.745666+07:00,319.26657243,0.033791038999879675,OK,,True,2476,0.3095,
c833c10214a84703b40edbdf1b2f16b1,321,2026-10-03T15:09:56.526869+07:00,320.04776163199995,320.04776163199995,MONITOR,320.21007360499993,1.00004948600008,0.2618957429999682,0.0001440749997527746,DISABLED,on,user_reported,37.94736862182617,49.57557678222656,1007.104140625,124453.0859375,True,True,True,176,0,0,109,177,101,2026-10-03T15:09:56.526979+07:00,320.0478853169998,0.19093959900010304,OK,,True,2026-10-03T15:09:56.717940+07:00,320.2388394159998,0.035450683000362915,OK,,True,1295,0.161875,,2026-10-03T15:09:56.753396+07:00,320.27429930300013,0.0353381269997044,OK,,True,2486,0.31075,
c833c10214a84703b40edbdf1b2f16b1,322,2026-10-03T15:09:57.526854+07:00,321.0477450630001,321.0477450630001,MONITOR,321.2100570360001,0.9999834310001461,0.2623782599998776,0.00012750599989885814,DISABLED,on,user_reported,37.948646545410156,49.588233947753906,1007.140390625,125644.171875,True,True,True,176,0,0,109,177,101,2026-10-03T15:09:57.526977+07:00,321.04788356300014,0.19124124599966308,OK,,True,2026-10-03T15:09:57.718241+07:00,321.2391401240002,0.03560662699965178,OK,,True,1278,0.15975,,2026-10-03T15:09:57.753854+07:00,321.2747559549998,0.035348497000086354,OK,,True,2490,0.31125,
c833c10214a84703b40edbdf1b2f16b1,323,2026-10-03T15:09:58.526822+07:00,322.0477194939999,322.0477194939999,MONITOR,322.2100314669999,0.9999744309998277,0.251732992000143,0.00010193699972660397,DISABLED,on,user_reported,37.941627502441406,49.58102035522461,1007.1015625,125275.265625,True,True,True,176,0,0,109,177,101,2026-10-03T15:09:58.526889+07:00,322.04779593800004,0.18581291000009514,OK,,True,2026-10-03T15:09:58.712714+07:00,322.2336169959999,0.03297463399985645,OK,,True,1292,0.1615,,2026-10-03T15:09:58.745688+07:00,322.26659466699994,0.032849597000222275,OK,,True,2473,0.309125,
c833c10214a84703b40edbdf1b2f16b1,324,2026-10-03T15:09:59.526804+07:00,323.047702332,323.047702332,MONITOR,323.21001430499996,0.9999828380000508,0.25185284400004093,8.477499977743719e-05,DISABLED,on,user_reported,37.93779754638672,49.599185943603516,1007.157109375,126388.546875,True,True,True,176,0,0,109,177,101,2026-10-03T15:09:59.526874+07:00,323.04778088800003,0.1858063529998617,OK,,True,2026-10-03T15:09:59.712690+07:00,323.2335936300001,0.03310665199978757,OK,,True,1297,0.162125,,2026-10-03T15:09:59.745797+07:00,323.2667030050002,0.032844485999703465,OK,,True,2477,0.309625,
c833c10214a84703b40edbdf1b2f16b1,325,2026-10-03T15:10:00.526803+07:00,324.0477017819999,324.0477017819999,MONITOR,324.21001375499986,0.9999994499999048,0.25175825099995564,8.422499968219199e-05,DISABLED,on,user_reported,37.92631149291992,49.59135818481445,1007.07671875,125922.28125,True,True,True,176,0,0,109,177,101,2026-10-03T15:10:00.526875+07:00,324.0477822070002,0.18580844699999943,OK,,True,2026-10-03T15:10:00.712694+07:00,324.233597506,0.03300496700012445,OK,,True,1299,0.162375,,2026-10-03T15:10:00.745699+07:00,324.266605325,0.032847059999767225,OK,,True,2483,0.310375,
c833c10214a84703b40edbdf1b2f16b1,326,2026-10-03T15:10:01.526918+07:00,325.0478104160002,325.0478104160002,MONITOR,325.21012238900016,1.0001086340002985,0.2554798149999442,0.0001928589999806718,DISABLED,on,user_reported,37.91865921020508,49.602760314941406,1007.098671875,126858.2734375,True,True,True,176,0,0,109,177,101,2026-10-03T15:10:01.527038+07:00,325.04794447099994,0.1895588070001395,OK,,True,2026-10-03T15:10:01.716608+07:00,325.2375107779999,0.03295650400013983,OK,,True,1296,0.162,,2026-10-03T15:10:01.749564+07:00,325.27047050400006,0.03280972699985796,OK,,True,2478,0.30975,
c833c10214a84703b40edbdf1b2f16b1,327,2026-10-03T15:10:02.526817+07:00,326.047715662,326.047715662,MONITOR,326.21002763499996,0.9999052459997984,0.2517000289999487,9.810499977902509e-05,DISABLED,on,user_reported,37.91419219970703,49.63331604003906,1007.0640625,126015.2578125,True,True,True,176,0,0,109,177,101,2026-10-03T15:10:02.526886+07:00,326.0477934209998,0.18581190900022193,OK,,True,2026-10-03T15:10:02.712708+07:00,326.23361183,0.03295641200020327,OK,,True,1300,0.1625,,2026-10-03T15:10:02.745665+07:00,326.2665717609998,0.032835504000104265,OK,,True,2475,0.309375,
c833c10214a84703b40edbdf1b2f16b1,328,2026-10-03T15:10:03.526839+07:00,327.0477297970001,327.0477297970001,MONITOR,327.2100417700001,1.0000141350001286,0.26184250100004647,0.00011223999990761513,DISABLED,on,user_reported,37.90525817871094,49.61959457397461,1007.035859375,126015.2578125,True,True,True,176,0,0,109,177,101,2026-10-03T15:10:03.526970+07:00,327.04787590700016,0.19137219100002767,OK,,True,2026-10-03T15:10:03.718362+07:00,327.2392616719999,0.03552708999995957,OK,,True,1305,0.163125,,2026-10-03T15:10:03.753895+07:00,327.274798077,0.03475614699982543,OK,,True,2493,0.311625,
c833c10214a84703b40edbdf1b2f16b1,329,2026-10-03T15:10:04.526825+07:00,328.0477215609999,328.0477215609999,MONITOR,328.2100335339999,0.9999917639997875,0.25174671400009174,0.00010400399969512364,DISABLED,on,user_reported,37.895687103271484,49.63074493408203,1007.061484375,125551.7421875,True,True,True,176,0,0,109,177,101,2026-10-03T15:10:04.526905+07:00,328.0478118010001,0.18581528000004255,OK,,True,2026-10-03T15:10:04.712731+07:00,328.23363378500017,0.03297646700002588,OK,,True,1294,0.16175,,2026-10-03T15:10:04.745707+07:00,328.26661325199984,0.03284731900021143,OK,,True,2480,0.31,
c833c10214a84703b40edbdf1b2f16b1,330,2026-10-03T15:10:05.526808+07:00,329.0477064920001,329.0477064920001,MONITOR,329.2100184650001,0.9999849310001991,0.251837974999944,8.893499989426346e-05,DISABLED,on,user_reported,37.888668060302734,49.6359977722168,1007.022734375,125922.28125,True,True,True,176,0,0,109,177,101,2026-10-03T15:10:05.526874+07:00,329.04778112099984,0.18581492100020114,OK,,True,2026-10-03T15:10:05.712700+07:00,329.2336036900001,0.03310448999991422,OK,,True,1284,0.1605,,2026-10-03T15:10:05.745805+07:00,329.2667116060002,0.032824360999711644,OK,,True,2473,0.309125,
c833c10214a84703b40edbdf1b2f16b1,331,2026-10-03T15:10:06.526820+07:00,330.04771586100014,330.04771586100014,MONITOR,330.21002783400013,1.000009369000054,0.251870881999821,9.830399994825711e-05,DISABLED,on,user_reported,37.881011962890625,49.659881591796875,1007.085703125,126108.375,True,True,True,176,0,0,109,177,101,2026-10-03T15:10:06.526907+07:00,330.04781461799985,0.1858215150000433,OK,,True,2026-10-03T15:10:06.712741+07:00,330.23364379999975,0.033042451000255824,OK,,True,1295,0.161875,,2026-10-03T15:10:06.745786+07:00,330.26669043599986,0.03288715899998351,OK,,True,2479,0.309875,
c833c10214a84703b40edbdf1b2f16b1,332,2026-10-03T15:10:07.526846+07:00,331.04774193899993,331.04774193899993,MONITOR,331.2100539119999,1.0000260779997916,0.25171250499988673,0.0001243819997398532,DISABLED,on,user_reported,37.86442565917969,49.65756607055664,1007.07953125,124725.9453125,True,True,True,176,0,0,109,177,101,2026-10-03T15:10:07.526932+07:00,331.04783954799996,0.18581528100003197,OK,,True,2026-10-03T15:10:07.712758+07:00,331.23366199600014,0.03295136199994886,OK,,True,1277,0.15962500000000002,,2026-10-03T15:10:07.745710+07:00,331.26661656099986,0.03282964300024105,OK,,True,2477,0.309625,
c833c10214a84703b40edbdf1b2f16b1,333,2026-10-03T15:10:08.526818+07:00,332.0477142740001,332.0477142740001,MONITOR,332.2100262470001,0.9999723350001659,0.25168712499998946,9.671699990576599e-05,DISABLED,on,user_reported,37.85995864868164,49.694366455078125,1007.106484375,125644.171875,True,True,True,176,0,0,109,177,101,2026-10-03T15:10:08.526900+07:00,332.04780730899984,0.18581052800027464,OK,,True,2026-10-03T15:10:08.712722+07:00,332.2336251329998,0.03295314100023461,OK,,True,1287,0.160875,,2026-10-03T15:10:08.745675+07:00,332.26658144099974,0.0328120700000909,OK,,True,2476,0.3095,
c833c10214a84703b40edbdf1b2f16b1,334,2026-10-03T15:10:09.529980+07:00,333.0508701660001,333.0508701660001,MONITOR,333.2131821390001,1.0031558919999952,0.25320106399976794,0.0032526089999009855,DISABLED,on,user_reported,37.85293960571289,49.71834182739258,1007.143125,126015.2578125,True,True,True,176,0,0,109,177,101,2026-10-03T15:10:09.530118+07:00,333.051024459,0.18700654499980374,OK,,True,2026-10-03T15:10:09.717135+07:00,333.23803848499983,0.03297775300006833,OK,,True,1298,0.16225,,2026-10-03T15:10:09.750113+07:00,333.27101920099994,0.03303960299990649,OK,,True,2474,0.30925,
c833c10214a84703b40edbdf1b2f16b1,335,2026-10-03T15:10:10.526808+07:00,334.04770457799987,334.04770457799987,MONITOR,334.21001655099985,0.996834411999771,0.2517521590002616,8.702099967194954e-05,DISABLED,on,user_reported,37.851661682128906,49.72439956665039,1007.168515625,124362.3984375,True,True,True,176,0,0,109,177,101,2026-10-03T15:10:10.526890+07:00,334.04779700200015,0.18580809599961867,OK,,True,2026-10-03T15:10:10.712710+07:00,334.23361259800004,0.032980011999825365,OK,,True,1285,0.160625,,2026-10-03T15:10:10.745689+07:00,334.26659562899977,0.03285275600001114,OK,,True,2479,0.309875,
c833c10214a84703b40edbdf1b2f16b1,336,2026-10-03T15:10:11.526849+07:00,335.0477441019998,335.0477441019998,MONITOR,335.2100560749998,1.0000395239999307,0.251713853000183,0.0001265449996026291,DISABLED,on,user_reported,37.845924377441406,49.729835510253906,1007.14546875,125000.0,True,True,True,176,0,0,109,177,101,2026-10-03T15:10:11.526938+07:00,335.04784504500003,0.18582395299972632,OK,,True,2026-10-03T15:10:11.712773+07:00,335.23367625699984,0.03296395899997151,OK,,True,1286,0.16075,,2026-10-03T15:10:11.745737+07:00,335.26664354900004,0.03280614699997386,OK,,True,2480,0.31,
c833c10214a84703b40edbdf1b2f16b1,337,2026-10-03T15:10:12.526812+07:00,336.04770842000016,336.04770842000016,MONITOR,336.21002039300015,0.9999643180003659,0.251877838999917,9.086299996852176e-05,DISABLED,on,user_reported,37.83826446533203,49.74125289916992,1007.09203125,124817.1640625,True,True,True,176,0,0,109,177,101,2026-10-03T15:10:12.526894+07:00,336.0478009180001,0.18581907099996897,OK,,True,2026-10-03T15:10:12.712723+07:00,336.23362656300014,0.03312169699984224,OK,,True,1287,0.160875,,2026-10-03T15:10:12.745846+07:00,336.26675142700014,0.03282712899999751,OK,,True,2477,0.309625,
c833c10214a84703b40edbdf1b2f16b1,338,2026-10-03T15:10:13.526813+07:00,337.04770888099983,337.04770888099983,MONITOR,337.2100208539998,1.0000004609996722,0.25168357400025343,9.132399964073556e-05,DISABLED,on,user_reported,37.839542388916016,49.76638412475586,1007.12140625,126669.96875,True,True,True,176,0,0,109,177,101,2026-10-03T15:10:13.526898+07:00,337.04780441599996,0.18579944700013584,OK,,True,2026-10-03T15:10:13.712706+07:00,337.23361012299983,0.032948979000138934,OK,,True,1281,0.160125,,2026-10-03T15:10:13.745656+07:00,337.2665621020001,0.03282142699981705,OK,,True,2476,0.3095,
c833c10214a84703b40edbdf1b2f16b1,339,2026-10-03T15:10:14.526813+07:00,338.0477092450001,338.0477092450001,MONITOR,338.21002121800007,1.0000003640002433,0.26132331999997405,9.168799988401588e-05,DISABLED,on,user_reported,37.832523345947266,49.771644592285156,1007.137421875,126201.625,True,True,True,176,0,0,109,177,101,2026-10-03T15:10:14.526893+07:00,338.0478001319998,0.19058064700038813,OK,,True,2026-10-03T15:10:14.717494+07:00,338.238393612,0.03542087300002095,OK,,True,1270,0.15875,,2026-10-03T15:10:14.752918+07:00,338.2738223729998,0.03519287700009954,OK,,True,2477,0.309625,
c833c10214a84703b40edbdf1b2f16b1,340,2026-10-03T15:10:15.526826+07:00,339.047722066,339.047722066,MONITOR,339.210034039,1.0000128209999275,0.2517555330000505,0.00010450899981151451,DISABLED,on,user_reported,37.832523345947266,49.78411865234375,1007.089375,125459.4453125,True,True,True,176,0,0,109,177,101,2026-10-03T15:10:15.526909+07:00,339.0478161010001,0.18582062599989513,OK,,True,2026-10-03T15:10:15.712740+07:00,339.233643431,0.0329749620000257,OK,,True,1299,0.162375,,2026-10-03T15:10:15.745715+07:00,339.266621319,0.03284822499972506,OK,,True,2476,0.3095,
c833c10214a84703b40edbdf1b2f16b1,341,2026-10-03T15:10:16.526842+07:00,340.0477356430001,340.0477356430001,MONITOR,340.2100476160001,1.000013577000118,0.25185938999993596,0.00011808599992946256,DISABLED,on,user_reported,37.82422637939453,49.801692962646484,1007.1103125,124725.9453125,True,True,True,176,0,0,109,177,101,2026-10-03T15:10:16.526953+07:00,340.0478603249999,0.1858649460000379,OK,,True,2026-10-03T15:10:16.712829+07:00,340.23373243700007,0.03301624100004119,OK,,True,1283,0.160375,,2026-10-03T15:10:16.745845+07:00,340.26675164100016,0.03283474399995612,OK,,True,2481,0.310125,
c833c10214a84703b40edbdf1b2f16b1,342,2026-10-03T15:10:17.526815+07:00,341.0477103630001,341.0477103630001,MONITOR,341.21002233600007,0.9999747199999547,0.25187732399990637,9.280599988414906e-05,DISABLED,on,user_reported,37.817848205566406,49.80078887939453,1007.106796875,125091.6171875,True,True,True,176,0,0,109,177,101,2026-10-03T15:10:17.526900+07:00,341.04780708299995,0.1858193600000959,OK,,True,2026-10-03T15:10:17.712731+07:00,341.2336337390002,0.033085332999689854,OK,,True,1289,0.161125,,2026-10-03T15:10:17.745818+07:00,341.266722757,0.03285607899988463,OK,,True,2479,0.309875,
c833c10214a84703b40edbdf1b2f16b1,343,2026-10-03T15:10:18.526805+07:00,342.047701856,342.047701856,MONITOR,342.210013829,0.999991492999925,0.2518177970000579,8.429899980910704e-05,DISABLED,on,user_reported,37.800621032714844,49.81711959838867,1007.08578125,126295.015625,True,True,True,176,0,0,109,177,101,2026-10-03T15:10:18.526886+07:00,342.0477927249999,0.18580021800016766,OK,,True,2026-10-03T15:10:18.712694+07:00,342.2335980170001,0.03307874099982655,OK,,True,1293,0.161625,,2026-10-03T15:10:18.745773+07:00,342.2666794249999,0.032831747000273026,OK,,True,2482,0.31025,
c833c10214a84703b40edbdf1b2f16b1,344,2026-10-03T15:10:19.526805+07:00,343.0477004559998,343.0477004559998,MONITOR,343.2100124289998,0.9999985999997989,0.25169702900029733,8.28989996080054e-05,DISABLED,on,user_reported,37.78913497924805,49.8342399597168,1007.1084375,126576.0234375,True,True,True,176,0,0,109,177,101,2026-10-03T15:10:19.526890+07:00,343.04779726800007,0.18580316899988247,OK,,True,2026-10-03T15:10:19.712702+07:00,343.23360636300004,0.03295924499980174,OK,,True,1276,0.1595,,2026-10-03T15:10:19.745662+07:00,343.2665684230001,0.03282122900009199,OK,,True,2483,0.310375,
c833c10214a84703b40edbdf1b2f16b1,345,2026-10-03T15:10:20.526863+07:00,344.0477498270002,344.0477498270002,MONITOR,344.2100618000002,1.0000493710003866,0.26266702699967936,0.00013226999999460531,DISABLED,on,user_reported,37.791053771972656,49.85947036743164,1007.0978125,126482.2109375,True,True,True,176,0,0,109,177,101,2026-10-03T15:10:20.527026+07:00,344.04793126699997,0.19175845600011598,OK,,True,2026-10-03T15:10:20.718801+07:00,344.23970105599983,0.035437101000297844,OK,,True,1275,0.15937500000000002,,2026-10-03T15:10:20.754243+07:00,344.27514697200013,0.035251196999979584,OK,,True,2491,0.311375,
c833c10214a84703b40edbdf1b2f16b1,346,2026-10-03T15:10:21.526880+07:00,345.0477725820001,345.0477725820001,MONITOR,345.2100845550001,1.000022754999918,0.25242136399992887,0.0001550249999127118,DISABLED,on,user_reported,37.79551696777344,49.878822326660156,1007.139375,126576.0234375,True,True,True,176,0,0,109,177,101,2026-10-03T15:10:21.527002+07:00,345.0479085050001,0.1863615759998538,OK,,True,2026-10-03T15:10:21.713375+07:00,345.23427747000005,0.033026690000042436,OK,,True,1281,0.160125,,2026-10-03T15:10:21.746404+07:00,345.26730856799986,0.032876619000035134,OK,,True,2472,0.309,
c833c10214a84703b40edbdf1b2f16b1,347,2026-10-03T15:10:22.526812+07:00,346.04770861199995,346.04770861199995,MONITOR,346.21002058499994,0.9999360299998443,0.2525320549998469,9.105499975703424e-05,DISABLED,on,user_reported,37.791690826416016,49.890777587890625,1007.153671875,125183.375,True,True,True,176,0,0,109,178,101,2026-10-03T15:10:22.526896+07:00,346.04780325799993,0.1858128349999788,OK,,True,2026-10-03T15:10:22.712720+07:00,346.2336228700001,0.03350136700009898,OK,,True,1298,0.16225,,2026-10-03T15:10:22.746228+07:00,346.2671303289999,0.033093153000208986,OK,,True,2461,0.307625,
c833c10214a84703b40edbdf1b2f16b1,348,2026-10-03T15:10:23.526822+07:00,347.04771852500016,347.04771852500016,MONITOR,347.21003049800015,1.0000099130002127,0.2519215939996684,0.0001009679999697255,DISABLED,on,user_reported,37.784671783447266,49.9272575378418,1007.094375,125367.2890625,True,True,True,176,0,0,109,178,101,2026-10-03T15:10:23.526906+07:00,347.0478128189998,0.18580463700027394,OK,,True,2026-10-03T15:10:23.712719+07:00,347.23362314099995,0.03315963400018518,OK,,True,1304,0.163,,2026-10-03T15:10:23.745882+07:00,347.2667867750001,0.03284530699966126,OK,,True,2475,0.309375,
c833c10214a84703b40edbdf1b2f16b1,349,2026-10-03T15:10:24.526811+07:00,348.04770732099996,348.04770732099996,MONITOR,348.21001929399995,0.9999887959997977,0.25173386599999503,8.976399976745597e-05,DISABLED,on,user_reported,37.785945892333984,49.9461669921875,1007.08265625,127712.6484375,True,True,True,176,0,0,109,177,101,2026-10-03T15:10:24.526893+07:00,348.0477998189999,0.1858091429999149,OK,,True,2026-10-03T15:10:24.712711+07:00,348.2336150169999,0.03297578699994119,OK,,True,1280,0.16,,2026-10-03T15:10:24.745689+07:00,348.26659432299994,0.03283886400004121,OK,,True,2476,0.3095,
c833c10214a84703b40edbdf1b2f16b1,350,2026-10-03T15:10:25.526813+07:00,349.04770968599996,349.04770968599996,MONITOR,349.21002165899995,1.0000023650000003,0.25188970399995014,9.21289997677377e-05,DISABLED,on,user_reported,37.78275680541992,49.970706939697266,1007.138984375,124817.1640625,True,True,True,176,0,0,109,178,101,2026-10-03T15:10:25.526895+07:00,349.04780240699984,0.1858171300000322,OK,,True,2026-10-03T15:10:25.712723+07:00,349.23362694399975,0.033129803000065294,OK,,True,1276,0.1595,,2026-10-03T15:10:25.745855+07:00,349.2667605060001,0.032830198999818094,OK,,True,2477,0.309625,
c833c10214a84703b40edbdf1b2f16b1,351,2026-10-03T15:10:26.526813+07:00,350.0477091759999,350.0477091759999,MONITOR,350.2100211489999,0.9999994899999365,0.2594018680001682,9.161899970422382e-05,DISABLED,on,user_reported,37.78339385986328,49.97703552246094,1007.106015625,126015.2578125,True,True,True,176,0,0,109,177,101,2026-10-03T15:10:26.526895+07:00,350.04780237800014,0.19180174999974042,OK,,True,2026-10-03T15:10:26.718711+07:00,350.23961394299977,0.03450283100028173,OK,,True,1264,0.158,,2026-10-03T15:10:26.753220+07:00,350.274122626,0.03297734499983562,OK,,True,2477,0.309625,
c833c10214a84703b40edbdf1b2f16b1,352,2026-10-03T15:10:27.526852+07:00,351.0477449,351.0477449,MONITOR,351.210056873,1.0000357240000994,0.2530039550001675,0.00012734299980365904,DISABLED,on,user_reported,37.769996643066406,49.981414794921875,1007.125390625,126669.96875,True,True,True,176,0,0,109,177,101,2026-10-03T15:10:27.526955+07:00,351.0478621940001,0.18590739899991604,OK,,True,2026-10-03T15:10:27.712878+07:00,351.2337797959999,0.03375903300002392,OK,,True,1273,0.15912500000000002,,2026-10-03T15:10:27.746642+07:00,351.267545014,0.033193470999776764,OK,,True,2472,0.309,
c833c10214a84703b40edbdf1b2f16b1,353,2026-10-03T15:10:28.526812+07:00,352.047708435,352.047708435,MONITOR,352.210020408,0.9999635350000062,0.25194381900018925,9.087799980989075e-05,DISABLED,on,user_reported,37.77318572998047,50.01308059692383,1007.075625,125459.4453125,True,True,True,176,0,0,109,177,101,2026-10-03T15:10:28.526893+07:00,352.047800155,0.1858113329999469,OK,,True,2026-10-03T15:10:28.712713+07:00,352.2336170990002,0.033073344999593246,OK,,True,1278,0.15975,,2026-10-03T15:10:28.745791+07:00,352.26669524,0.03294834700000138,OK,,True,2480,0.31,
c833c10214a84703b40edbdf1b2f16b1,354,2026-10-03T15:10:29.526807+07:00,353.04770279700006,353.04770279700006,MONITOR,353.21001477000004,0.9999943620000522,0.2536382919997777,8.523999986209674e-05,DISABLED,on,user_reported,37.76871871948242,50.012454986572266,1007.05484375,124817.1640625,True,True,True,176,0,0,109,177,101,2026-10-03T15:10:29.526890+07:00,353.04779692500006,0.18614255400007096,OK,,True,2026-10-03T15:10:29.713046+07:00,353.23394838600007,0.03346474499994656,OK,,True,1277,0.15962500000000002,,2026-10-03T15:10:29.746517+07:00,353.26741983500006,0.0339006609997341,OK,,True,2455,0.306875,
c833c10214a84703b40edbdf1b2f16b1,355,2026-10-03T15:10:30.526820+07:00,354.0477161529998,354.0477161529998,MONITOR,354.21002812599977,1.0000133559997266,0.2517557650003255,9.859599958872423e-05,DISABLED,on,user_reported,37.75723648071289,50.01084899902344,1007.043046875,124725.9453125,True,True,True,176,0,0,109,178,101,2026-10-03T15:10:30.526903+07:00,354.047810263,0.18580232600015734,OK,,True,2026-10-03T15:10:30.712715+07:00,354.23361851499976,0.03297758899998371,OK,,True,1286,0.16075,,2026-10-03T15:10:30.745693+07:00,354.26659936299984,0.03286451800022405,OK,,True,2474,0.30925,
c833c10214a84703b40edbdf1b2f16b1,356,2026-10-03T15:10:31.526805+07:00,355.04770181999993,355.04770181999993,MONITOR,355.2100137929999,0.9999856670001463,0.2576017800001864,8.426299973507412e-05,DISABLED,on,user_reported,37.752769470214844,50.035213470458984,1007.056328125,125551.7421875,True,True,True,176,0,0,109,177,101,2026-10-03T15:10:31.526888+07:00,355.0477953730001,0.18581153600007383,OK,,True,2026-10-03T15:10:31.712711+07:00,355.2336143530001,0.034381968999696255,OK,,True,1285,0.160625,,2026-10-03T15:10:31.747110+07:00,355.26800895099996,0.03726785300023039,OK,,True,2468,0.3085,
c833c10214a84703b40edbdf1b2f16b1,357,2026-10-03T15:10:32.526851+07:00,356.047743997,356.047743997,MONITOR,356.21005597,1.0000421770000685,0.25236686100015504,0.00012643999980355147,DISABLED,on,user_reported,37.74766540527344,50.03450393676758,1007.1440625,125183.375,True,True,True,176,0,0,109,177,101,2026-10-03T15:10:32.526969+07:00,356.0478755869999,0.18633325300015713,OK,,True,2026-10-03T15:10:32.713315+07:00,356.23421733999976,0.03302001600013682,OK,,True,1287,0.160875,,2026-10-03T15:10:32.746337+07:00,356.26724141199975,0.03286033500035046,OK,,True,2469,0.308625,
c833c10214a84703b40edbdf1b2f16b1,358,2026-10-03T15:10:33.526822+07:00,357.047717726,357.047717726,MONITOR,357.21002969899996,0.9999737289999757,0.25168519799990463,0.00010016899977927096,DISABLED,on,user_reported,37.75341033935547,50.035308837890625,1007.17390625,125000.0,True,True,True,176,0,0,109,177,101,2026-10-03T15:10:33.526904+07:00,357.0478114839998,0.18578686199998629,OK,,True,2026-10-03T15:10:33.712700+07:00,357.23360406799975,0.03297076000035304,OK,,True,1278,0.15975,,2026-10-03T15:10:33.745672+07:00,357.26657793899994,0.03281683700015492,OK,,True,2475,0.309375,
c833c10214a84703b40edbdf1b2f16b1,359,2026-10-03T15:10:34.526811+07:00,358.04770737499985,358.04770737499985,MONITOR,358.21001934799983,0.9999896489998719,0.2516657060000398,8.981799965113169e-05,DISABLED,on,user_reported,37.74958038330078,50.03477096557617,1007.106171875,125459.4453125,True,True,True,176,0,0,109,177,101,2026-10-03T15:10:34.526895+07:00,358.0478016510001,0.1857923499997014,OK,,True,2026-10-03T15:10:34.712695+07:00,358.23359948200005,0.032963427000140655,OK,,True,1292,0.1615,,2026-10-03T15:10:34.745660+07:00,358.26656609400015,0.032799467999666376,OK,,True,2472,0.309,
c833c10214a84703b40edbdf1b2f16b1,360,2026-10-03T15:10:35.526817+07:00,359.0477124250001,359.0477124250001,MONITOR,359.2100243980001,1.0000050500002544,0.25163993599971946,9.486799990554573e-05,DISABLED,on,user_reported,37.74702835083008,50.04066848754883,1007.143046875,125551.7421875,True,True,True,176,0,0,109,177,101,2026-10-03T15:10:35.526902+07:00,359.0478091089999,0.1857945770002516,OK,,True,2026-10-03T15:10:35.712706+07:00,359.2336102969998,0.0329389850003281,OK,,True,1281,0.160125,,2026-10-03T15:10:35.745646+07:00,359.2665526699998,0.032791599000120186,OK,,True,2472,0.309,
c833c10214a84703b40edbdf1b2f16b1,361,2026-10-03T15:10:36.526807+07:00,360.04770372899975,360.04770372899975,MONITOR,360.21001570199974,0.99999130399965,0.25231104100021184,8.617199955551769e-05,DISABLED,on,user_reported,37.74639129638672,50.04057312011719,1007.087109375,125736.7421875,True,True,True,176,0,0,109,177,101,2026-10-03T15:10:36.526890+07:00,360.0477966899998,0.18583352700034084,OK,,True,2026-10-03T15:10:36.712736+07:00,360.23363916100016,0.03308459399977437,OK,,True,1267,0.15837500000000002,,2026-10-03T15:10:36.745823+07:00,360.2667276070001,0.03327197799990245,OK,,True,2474,0.30925,
c833c10214a84703b40edbdf1b2f16b1,362,2026-10-03T15:10:37.526805+07:00,361.0477010079999,361.0477010079999,MONITOR,361.21001298099986,0.9999972790001266,0.2645824250002988,8.345099968209979e-05,DISABLED,on,user_reported,37.75021743774414,50.028621673583984,1007.09328125,125275.265625,True,True,True,176,0,0,109,177,101,2026-10-03T15:10:37.526888+07:00,361.04779504299995,0.19383640500018373,OK,,True,2026-10-03T15:10:37.720750+07:00,361.24164909599995,0.03516557000011744,OK,,True,1300,0.1625,,2026-10-03T15:10:37.755923+07:00,361.27682409199997,0.03543782299993836,OK,,True,2469,0.308625,
c833c10214a84703b40edbdf1b2f16b1,363,2026-10-03T15:10:38.526821+07:00,362.047717077,362.047717077,MONITOR,362.21002905,1.0000160690001394,0.2520009149998259,9.951999982149573e-05,DISABLED,on,user_reported,37.74128341674805,50.04610824584961,1007.12,126669.96875,True,True,True,176,0,0,109,177,101,2026-10-03T15:10:38.526998+07:00,362.0479047399999,0.18581320600014806,OK,,True,2026-10-03T15:10:38.712821+07:00,362.23372403799976,0.03313318700020318,OK,,True,1268,0.1585,,2026-10-03T15:10:38.745957+07:00,362.2668617250001,0.03284773099994709,OK,,True,2470,0.30875,
c833c10214a84703b40edbdf1b2f16b1,364,2026-10-03T15:10:39.526807+07:00,363.04770375199996,363.04770375199996,MONITOR,363.21001572499995,0.9999866749999455,0.2517191880001519,8.619499976703082e-05,DISABLED,on,user_reported,37.73299026489258,50.03870391845703,1007.099609375,125275.265625,True,True,True,176,0,0,109,177,101,2026-10-03T15:10:39.526895+07:00,363.04780202799975,0.18580002600037915,OK,,True,2026-10-03T15:10:39.712703+07:00,363.2336073319998,0.0329586730003939,OK,,True,1284,0.1605,,2026-10-03T15:10:39.745663+07:00,363.26656907899996,0.03284573100017951,OK,,True,2466,0.30825,
c833c10214a84703b40edbdf1b2f16b1,365,2026-10-03T15:10:40.526806+07:00,364.0477021050001,364.0477021050001,MONITOR,364.2100140780001,0.9999983530001373,0.25176084299982904,8.454799990431638e-05,DISABLED,on,user_reported,37.72788619995117,50.04423522949219,1007.0709375,126858.2734375,True,True,True,176,0,0,109,177,101,2026-10-03T15:10:40.526889+07:00,364.04779595499986,0.18581577300028584,OK,,True,2026-10-03T15:10:40.712714+07:00,364.2336178390001,0.032988709999699495,OK,,True,1296,0.162,,2026-10-03T15:10:40.745703+07:00,364.2666099570001,0.032845269000063126,OK,,True,2459,0.307375,
c833c10214a84703b40edbdf1b2f16b1,366,2026-10-03T15:10:41.526808+07:00,365.04770384099993,365.04770384099993,MONITOR,365.2100158139999,1.000001735999831,0.2536479790001067,8.628399973531486e-05,DISABLED,on,user_reported,37.72788619995117,50.03798294067383,1007.0709375,125183.375,True,True,True,176,0,0,109,177,101,2026-10-03T15:10:41.526891+07:00,365.04779867299976,0.18615064200002962,OK,,True,2026-10-03T15:10:41.713055+07:00,365.23395768499995,0.03448234699999375,OK,,True,1283,0.160375,,2026-10-03T15:10:41.747543+07:00,365.2684459769998,0.03289649099997405,OK,,True,2477,0.309625,
c833c10214a84703b40edbdf1b2f16b1,367,2026-10-03T15:10:42.526805+07:00,366.047701812,366.047701812,MONITOR,366.210013785,0.9999979710000844,0.25171422999983406,8.425499981967732e-05,DISABLED,on,user_reported,37.71767807006836,50.03656005859375,1007.116015625,125275.265625,True,True,True,176,0,0,109,177,101,2026-10-03T15:10:42.526886+07:00,366.0477932919998,0.18579404299998714,OK,,True,2026-10-03T15:10:42.712689+07:00,366.23359303899997,0.03295538000020315,OK,,True,1280,0.16,,2026-10-03T15:10:42.745645+07:00,366.26655134500015,0.03285662300004333,OK,,True,2469,0.308625,
c833c10214a84703b40edbdf1b2f16b1,368,2026-10-03T15:10:43.526831+07:00,367.0477272019998,367.0477272019998,MONITOR,367.2100391749998,1.0000253899997915,0.2516571640003349,0.00010964499961119145,DISABLED,on,user_reported,37.71576690673828,50.04878616333008,1007.03078125,125367.2890625,True,True,True,176,0,0,109,177,101,2026-10-03T15:10:43.526918+07:00,367.04782499600014,0.18579810499977611,OK,,True,2026-10-03T15:10:43.712725+07:00,367.23362850800004,0.03293728900007409,OK,,True,1278,0.15975,,2026-10-03T15:10:43.745663+07:00,367.2665692229998,0.032807514000069204,OK,,True,2468,0.3085,
c833c10214a84703b40edbdf1b2f16b1,369,2026-10-03T15:10:44.526846+07:00,368.0477390289998,368.0477390289998,MONITOR,368.2100510019998,1.0000118269999803,0.25188450100040427,0.00012147199959144928,DISABLED,on,user_reported,37.70236587524414,50.05316162109375,1007.14609375,125644.171875,True,True,True,176,0,0,109,177,101,2026-10-03T15:10:44.526932+07:00,368.04783898999995,0.18580561099997794,OK,,True,2026-10-03T15:10:44.712747+07:00,368.2336505449998,0.03314534100036326,OK,,True,1278,0.15975,,2026-10-03T15:10:44.745894+07:00,368.26679934899994,0.03281592199982697,OK,,True,2477,0.309625,
c833c10214a84703b40edbdf1b2f16b1,370,2026-10-03T15:10:45.526842+07:00,369.04773701800013,369.04773701800013,MONITOR,369.2100489910001,0.9999979890003488,0.2517139749998023,0.00011946099994020187,DISABLED,on,user_reported,37.701087951660156,50.084224700927734,1007.1303125,126201.625,True,True,True,176,0,0,109,177,101,2026-10-03T15:10:45.526934+07:00,369.04784109,0.18582917100002305,OK,,True,2026-10-03T15:10:45.712772+07:00,369.23367592800014,0.03292977199998859,OK,,True,1290,0.16125,,2026-10-03T15:10:45.745702+07:00,369.26660873699984,0.03283383000007234,OK,,True,2472,0.309,
c833c10214a84703b40edbdf1b2f16b1,371,2026-10-03T15:10:46.526808+07:00,370.0477037229998,370.0477037229998,MONITOR,370.2100156959998,0.9999667049996788,0.25491695400023673,8.616599961897009e-05,DISABLED,on,user_reported,37.69917678833008,50.077701568603516,1007.10671875,125275.265625,True,True,True,176,0,0,109,178,101,2026-10-03T15:10:46.526893+07:00,370.04780068399987,0.1858788980002828,OK,,True,2026-10-03T15:10:46.712788+07:00,370.23368973000015,0.03526018899992778,OK,,True,1274,0.15925,,2026-10-03T15:10:46.748053+07:00,370.2689557150002,0.03365462900001148,OK,,True,2467,0.308375,
c833c10214a84703b40edbdf1b2f16b1,372,2026-10-03T15:10:47.526808+07:00,371.04770364299975,371.04770364299975,MONITOR,371.21001561599974,0.9999999199999365,0.25167780500032677,8.608599955550744e-05,DISABLED,on,user_reported,37.704917907714844,50.09100341796875,1007.1021875,126015.2578125,True,True,True,176,0,0,109,178,101,2026-10-03T15:10:47.526892+07:00,371.04779867800016,0.1857997939996494,OK,,True,2026-10-03T15:10:47.712700+07:00,371.2336040639998,0.03296101500018267,OK,,True,1279,0.15987500000000002,,2026-10-03T15:10:47.745661+07:00,371.266568172,0.03280522099976224,OK,,True,2479,0.309875,
c833c10214a84703b40edbdf1b2f16b1,373,2026-10-03T15:10:48.526849+07:00,372.04774564699983,372.04774564699983,MONITOR,372.2100576199998,1.000042004000079,0.25164731500035487,0.0001280899996345397,DISABLED,on,user_reported,37.70683288574219,50.09751892089844,1007.1121875,125922.28125,True,True,True,176,0,0,109,178,101,2026-10-03T15:10:48.526938+07:00,372.04784470100003,0.1858074110000416,OK,,True,2026-10-03T15:10:48.712754+07:00,372.23365807499977,0.03292840500034799,OK,,True,1276,0.1595,,2026-10-03T15:10:48.745683+07:00,372.26658931300017,0.03279546399971878,OK,,True,2475,0.309375,
c833c10214a84703b40edbdf1b2f16b1,374,2026-10-03T15:10:49.526807+07:00,373.04770377700015,373.04770377700015,MONITOR,373.21001575000014,0.9999581300003229,0.25168680299975676,8.621999995739316e-05,DISABLED,on,user_reported,37.697261810302734,50.0961799621582,1007.10359375,125551.7421875,True,True,True,176,0,0,109,178,101,2026-10-03T15:10:49.526890+07:00,373.04779720099987,0.18580117600004087,OK,,True,2026-10-03T15:10:49.712700+07:00,373.23360389499976,0.03295949900029882,OK,,True,1285,0.160625,,2026-10-03T15:10:49.745660+07:00,373.2665662640002,0.032816352999816445,OK,,True,2473,0.309125,
c833c10214a84703b40edbdf1b2f16b1,375,2026-10-03T15:10:50.528331+07:00,374.04922875700004,374.04922875700004,MONITOR,374.21154073,1.0015249799998855,0.2538214709998101,0.0016111999998429383,DISABLED,on,user_reported,37.68769073486328,50.08858871459961,1007.060625,125922.28125,True,True,True,176,0,0,109,178,101,2026-10-03T15:10:50.528406+07:00,374.04931321799995,0.18585038499986695,OK,,True,2026-10-03T15:10:50.714269+07:00,374.23517201000004,0.03443039500007217,OK,,True,1284,0.1605,,2026-10-03T15:10:50.748704+07:00,374.269607664,0.033428156999889325,OK,,True,2468,0.3085,
c833c10214a84703b40edbdf1b2f16b1,376,2026-10-03T15:10:51.526854+07:00,375.04774930999974,375.04774930999974,MONITOR,375.21006128299973,0.9985205529997074,0.25526357800026744,0.0001317529995503719,DISABLED,on,user_reported,37.690879821777344,50.114036560058594,1007.0659375,125459.4453125,True,True,True,176,0,0,109,178,101,2026-10-03T15:10:51.526943+07:00,375.0478501409998,0.18603360800034352,OK,,True,2026-10-03T15:10:51.712992+07:00,375.233894768,0.03375526199988599,OK,,True,1271,0.15887500000000002,,2026-10-03T15:10:51.746754+07:00,375.2676569370001,0.03533806299992648,OK,,True,2454,0.30675,
c833c10214a84703b40edbdf1b2f16b1,377,2026-10-03T15:10:52.526819+07:00,376.04771553,376.04771553,MONITOR,376.210027503,0.9999662200002604,0.2517109169998548,9.797299981073593e-05,DISABLED,on,user_reported,37.67748260498047,50.11216354370117,1007.044140625,126295.015625,True,True,True,176,0,0,109,178,101,2026-10-03T15:10:52.526903+07:00,376.04781047200004,0.1858052489997135,OK,,True,2026-10-03T15:10:52.712717+07:00,376.23362090599994,0.03296048199990764,OK,,True,1275,0.15937500000000002,,2026-10-03T15:10:52.745679+07:00,376.2665847960002,0.032831225999871094,OK,,True,2465,0.308125,
c833c10214a84703b40edbdf1b2f16b1,378,2026-10-03T15:10:53.527803+07:00,377.04869862999976,377.04869862999976,MONITOR,377.21101060299975,1.0009830999997575,0.25197960500008776,0.0010810729995682777,DISABLED,on,user_reported,37.674293518066406,50.12420654296875,1007.073203125,126015.2578125,True,True,True,176,0,0,109,178,101,2026-10-03T15:10:53.527896+07:00,377.0488030910001,0.185892603999946,OK,,True,2026-10-03T15:10:53.713801+07:00,377.2347045649999,0.03311892500005342,OK,,True,1281,0.160125,,2026-10-03T15:10:53.746924+07:00,377.267828175,0.03283972700000959,OK,,True,2474,0.30925,
c833c10214a84703b40edbdf1b2f16b1,379,2026-10-03T15:10:54.526844+07:00,378.04773976199976,378.04773976199976,MONITOR,378.21005173499975,0.9990411320000021,0.2517422650003027,0.00012220499957038555,DISABLED,on,user_reported,37.66535949707031,50.14170837402344,1007.045,126108.375,True,True,True,176,0,0,109,178,101,2026-10-03T15:10:54.526932+07:00,378.0478395559999,0.18580472300027395,OK,,True,2026-10-03T15:10:54.712747+07:00,378.2336503339998,0.03294498500008558,OK,,True,1279,0.15987500000000002,,2026-10-03T15:10:54.745692+07:00,378.2665985409999,0.03287496800021472,OK,,True,2471,0.308875,
c833c10214a84703b40edbdf1b2f16b1,380,2026-10-03T15:10:55.526847+07:00,379.047742276,379.047742276,MONITOR,379.210054249,1.0000025140002435,0.2518569740000203,0.00012471899981392198,DISABLED,on,user_reported,37.66153335571289,50.12868118286133,1007.086796875,126858.2734375,True,True,True,176,0,0,109,178,101,2026-10-03T15:10:55.526932+07:00,379.0478382000001,0.18582391199970516,OK,,True,2026-10-03T15:10:55.712764+07:00,379.2336681490001,0.033094075999997585,OK,,True,1280,0.16,,2026-10-03T15:10:55.745859+07:00,379.26676509499976,0.03282582200017714,OK,,True,2473,0.309125,
c833c10214a84703b40edbdf1b2f16b1,381,2026-10-03T15:10:56.528029+07:00,380.04892679500017,380.04892679500017,MONITOR,380.21123876800016,1.0011845190001623,0.2545235759998832,0.001309237999976176,DISABLED,on,user_reported,37.65132522583008,50.152252197265625,1007.118203125,126482.2109375,True,True,True,176,0,0,109,178,101,2026-10-03T15:10:56.528112+07:00,380.0490191079998,0.1859182680000231,OK,,True,2026-10-03T15:10:56.714046+07:00,380.23494833899986,0.03328585000008388,OK,,True,1274,0.15925,,2026-10-03T15:10:56.747339+07:00,380.2682414669998,0.03519357100003617,OK,,True,2461,0.307625,
c833c10214a84703b40edbdf1b2f16b1,382,2026-10-03T15:10:57.526876+07:00,381.0477690580001,381.0477690580001,MONITOR,381.2100810310001,0.998842262999915,0.2528884690000268,0.00015150099989114096,DISABLED,on,user_reported,37.6525993347168,50.14617919921875,1007.099765625,126388.546875,True,True,True,176,0,0,109,177,101,2026-10-03T15:10:57.526981+07:00,381.04788679600006,0.1870369190000929,OK,,True,2026-10-03T15:10:57.714027+07:00,381.23492989999977,0.03293702500013751,OK,,True,1284,0.1605,,2026-10-03T15:10:57.746964+07:00,381.26786986900015,0.03277763899995989,OK,,True,2470,0.30875,
c833c10214a84703b40edbdf1b2f16b1,383,2026-10-03T15:10:58.533753+07:00,382.05464317099995,382.05464317099995,MONITOR,382.21695514399994,1.006874112999867,0.25349216799986607,0.007025613999758207,DISABLED,on,user_reported,37.64940643310547,50.16447830200195,1007.12203125,126108.375,True,True,True,176,0,0,109,177,101,2026-10-03T15:10:58.533897+07:00,382.0548021129998,0.18756354200013448,OK,,True,2026-10-03T15:10:58.721468+07:00,382.2423712479999,0.032918841000082466,OK,,True,1295,0.161875,,2026-10-03T15:10:58.754387+07:00,382.2752932190001,0.03283202800002982,OK,,True,2474,0.30925,
c833c10214a84703b40edbdf1b2f16b1,384,2026-10-03T15:10:59.526816+07:00,383.04771273899996,383.04771273899996,MONITOR,383.21002471199995,0.9930695680000099,0.2517305999999735,9.518199976810138e-05,DISABLED,on,user_reported,37.65897750854492,50.184574127197266,1007.07578125,126015.2578125,True,True,True,176,0,0,109,177,101,2026-10-03T15:10:59.526894+07:00,383.04780071899995,0.1858036200001152,OK,,True,2026-10-03T15:10:59.712706+07:00,383.2336096539998,0.03297871100039629,OK,,True,1282,0.16025,,2026-10-03T15:10:59.745687+07:00,383.26659216200005,0.032840287999988504,OK,,True,2465,0.308125,
c833c10214a84703b40edbdf1b2f16b1,385,2026-10-03T15:11:00.526811+07:00,384.04770784599987,384.04770784599987,MONITOR,384.21001981899985,0.9999951069999042,0.25175655100019867,9.028899967233883e-05,DISABLED,on,user_reported,37.65451431274414,50.18394470214844,1007.1165625,127712.6484375,True,True,True,176,0,0,109,177,101,2026-10-03T15:11:00.526887+07:00,384.0477943820001,0.18581062499970358,OK,,True,2026-10-03T15:11:00.712706+07:00,384.233610452,0.03296202699993955,OK,,True,1285,0.160625,,2026-10-03T15:11:00.745670+07:00,384.2665753309998,0.03287893700007771,OK,,True,2470,0.30875,
c833c10214a84703b40edbdf1b2f16b1,386,2026-10-03T15:11:01.526812+07:00,385.047708909,385.047708909,MONITOR,385.210020882,1.000001063000127,0.25249519099997997,9.13519997993717e-05,DISABLED,on,user_reported,37.64111328125,50.20082473754883,1007.074375,126201.625,True,True,True,176,0,0,109,177,101,2026-10-03T15:11:01.526893+07:00,385.0477998329998,0.18581157600010556,OK,,True,2026-10-03T15:11:01.712714+07:00,385.233617334,0.033379965000222,OK,,True,1295,0.161875,,2026-10-03T15:11:01.746107+07:00,385.26700776200005,0.033177004999743076,OK,,True,2454,0.30675,
c833c10214a84703b40edbdf1b2f16b1,387,2026-10-03T15:11:02.526844+07:00,386.04774051899994,386.04774051899994,MONITOR,386.21005249199993,1.0000316099999509,0.25174369500018656,0.00012296199975025957,DISABLED,on,user_reported,37.634735107421875,50.20618438720703,1007.08453125,126201.625,True,True,True,176,0,0,109,177,101,2026-10-03T15:11:02.526924+07:00,386.047831332,0.18584000600003492,OK,,True,2026-10-03T15:11:02.712777+07:00,386.23368009700016,0.03298536299962507,OK,,True,1282,0.16025,,2026-10-03T15:11:02.745763+07:00,386.26666860800015,0.03280464399995253,OK,,True,2462,0.30775,
c833c10214a84703b40edbdf1b2f16b1,388,2026-10-03T15:11:03.526813+07:00,387.047709252,387.047709252,MONITOR,387.210021225,0.9999687330000597,0.2636286890001429,9.169499980998808e-05,DISABLED,on,user_reported,37.6238899230957,50.217159271240234,1007.07375,125736.7421875,True,True,True,176,0,0,109,177,101,2026-10-03T15:11:03.526892+07:00,387.04779938,0.1905951769999774,OK,,True,2026-10-03T15:11:03.717507+07:00,387.23840720499993,0.03585693600007289,OK,,True,1267,0.15837500000000002,,2026-10-03T15:11:03.753375+07:00,387.27427423300014,0.037043430999801785,OK,,True,2478,0.30975,
c833c10214a84703b40edbdf1b2f16b1,389,2026-10-03T15:11:04.526877+07:00,388.0477656610001,388.0477656610001,MONITOR,388.2100776340001,1.0000564090000807,0.2577983870000935,0.0001481039998907363,DISABLED,on,user_reported,37.628353118896484,50.23029327392578,1007.06046875,127331.5078125,True,True,True,176,0,0,109,177,101,2026-10-03T15:11:04.527027+07:00,388.047931695,0.18834022700002606,OK,,True,2026-10-03T15:11:04.715377+07:00,388.23627934800015,0.034004973999799404,OK,,True,1312,0.164,,2026-10-03T15:11:04.749389+07:00,388.2702913590001,0.03525650399978986,OK,,True,2483,0.310375,
c833c10214a84703b40edbdf1b2f16b1,390,2026-10-03T15:11:05.526869+07:00,389.0477565460001,389.0477565460001,MONITOR,389.21006851900006,0.9999908849999883,0.25918851400001586,0.00013898899987907498,DISABLED,on,user_reported,37.616233825683594,50.23484802246094,1007.05453125,125644.171875,True,True,True,176,0,0,109,178,101,2026-10-03T15:11:05.527024+07:00,389.04792948700015,0.18997197799990317,OK,,True,2026-10-03T15:11:05.717014+07:00,389.23791477999976,0.03457805500011091,OK,,True,1285,0.160625,,2026-10-03T15:11:05.751599+07:00,389.2725002799998,0.03442481800038877,OK,,True,2476,0.3095,
c833c10214a84703b40edbdf1b2f16b1,391,2026-10-03T15:11:06.526884+07:00,390.04777088499986,390.04777088499986,MONITOR,390.21008285799985,1.0000143389997902,0.2595862550001584,0.00015332799966927269,DISABLED,on,user_reported,37.61368179321289,50.228233337402344,1007.023046875,125736.7421875,True,True,True,176,0,0,109,178,101,2026-10-03T15:11:06.527039+07:00,390.0479451219999,0.18949388200007888,OK,,True,2026-10-03T15:11:06.716551+07:00,390.237451467,0.03566872100009277,OK,,True,1284,0.1605,,2026-10-03T15:11:06.752225+07:00,390.2731273730001,0.03420178599981227,OK,,True,2474,0.30925,
c833c10214a84703b40edbdf1b2f16b1,392,2026-10-03T15:11:07.526844+07:00,391.04773934700006,391.04773934700006,MONITOR,391.21005132000005,0.9999684620001972,0.25416331399992487,0.00012178999986645067,DISABLED,on,user_reported,37.6047477722168,50.2394905090332,1007.138671875,126108.375,True,True,True,176,0,0,109,177,101,2026-10-03T15:11:07.526928+07:00,391.0478351410002,0.18596908699964843,OK,,True,2026-10-03T15:11:07.712910+07:00,391.233813284,0.03500166000003446,OK,,True,1276,0.1595,,2026-10-03T15:11:07.747917+07:00,391.26882029599983,0.03306914299992059,OK,,True,2475,0.309375,
c833c10214a84703b40edbdf1b2f16b1,393,2026-10-03T15:11:08.526812+07:00,392.04770939399987,392.04770939399987,MONITOR,392.21002136699985,0.9999700469998061,0.25240983799994865,9.183699967252323e-05,DISABLED,on,user_reported,37.60857391357422,50.258792877197266,1007.145,125736.7421875,True,True,True,176,0,0,109,177,101,2026-10-03T15:11:08.526889+07:00,392.0477959660002,0.1858448729999509,OK,,True,2026-10-03T15:11:08.712747+07:00,392.23364981999975,0.03358370800015109,OK,,True,1287,0.160875,,2026-10-03T15:11:08.746335+07:00,392.26723854700003,0.03287035199991806,OK,,True,2473,0.309125,
c833c10214a84703b40edbdf1b2f16b1,394,2026-10-03T15:11:09.526808+07:00,393.04770480299976,393.04770480299976,MONITOR,393.21001677599975,0.9999954089998937,0.2563015090004228,8.724599956622114e-05,DISABLED,on,user_reported,37.602195739746094,50.27666091918945,1007.05234375,126295.015625,True,True,True,176,0,0,109,177,101,2026-10-03T15:11:09.526886+07:00,393.04779319,0.18822201600005428,OK,,True,2026-10-03T15:11:09.715125+07:00,393.23602681700004,0.03507921699974759,OK,,True,1285,0.160625,,2026-10-03T15:11:09.750209+07:00,393.2711119229998,0.032883073999983026,OK,,True,2479,0.309875,
c833c10214a84703b40edbdf1b2f16b1,395,2026-10-03T15:11:10.526813+07:00,394.04771018500014,394.04771018500014,MONITOR,394.21002215800013,1.0000053820003814,0.2528864729997622,9.262799994758097e-05,DISABLED,on,user_reported,37.60857391357422,50.30257034301758,1007.09015625,125829.4453125,True,True,True,176,0,0,109,177,101,2026-10-03T15:11:10.526891+07:00,394.0477985530001,0.1858149949998733,OK,,True,2026-10-03T15:11:10.712717+07:00,394.2336201590001,0.03405162699982611,OK,,True,1271,0.15887500000000002,,2026-10-03T15:11:10.746774+07:00,394.26767780499995,0.03290714900003877,OK,,True,2468,0.3085,
c833c10214a84703b40edbdf1b2f16b1,396,2026-10-03T15:11:11.526813+07:00,395.0477091140001,395.0477091140001,MONITOR,395.2100210870001,0.9999989289999576,0.2534993939998458,9.155699990515132e-05,DISABLED,on,user_reported,37.60793685913086,50.308738708496094,1007.1028125,126201.625,True,True,True,176,0,0,109,177,101,2026-10-03T15:11:11.526890+07:00,395.04779752000013,0.18612241999971957,OK,,True,2026-10-03T15:11:11.713029+07:00,395.233930588,0.034334733999912714,OK,,True,1286,0.16075,,2026-10-03T15:11:11.747368+07:00,395.2682713029999,0.03292678000025262,OK,,True,2473,0.309125,
c833c10214a84703b40edbdf1b2f16b1,397,2026-10-03T15:11:12.526815+07:00,396.04771166599994,396.04771166599994,MONITOR,396.2100236389999,1.0000025519998417,0.2532595540001239,9.410899974682252e-05,DISABLED,on,user_reported,37.59453582763672,50.313106536865234,1007.081171875,125736.7421875,True,True,True,176,0,0,109,177,101,2026-10-03T15:11:12.526898+07:00,396.04780481199987,0.18589668999993592,OK,,True,2026-10-03T15:11:12.712807+07:00,396.23371027899975,0.033921984000244265,OK,,True,1279,0.15987500000000002,,2026-10-03T15:11:12.746734+07:00,396.26763750300006,0.03332143999978143,OK,,True,2469,0.308625,
c833c10214a84703b40edbdf1b2f16b1,398,2026-10-03T15:11:13.526809+07:00,397.04770696900005,397.04770696900005,MONITOR,397.21001894200003,0.9999953030001052,0.25519485699987854,8.94119998520182e-05,DISABLED,on,user_reported,37.59389877319336,50.325523376464844,1007.066484375,126015.2578125,True,True,True,176,0,0,109,177,101,2026-10-03T15:11:13.526885+07:00,397.04779248600016,0.18717585499962297,OK,,True,2026-10-03T15:11:13.714073+07:00,397.2349758219998,0.03534129000036046,OK,,True,1277,0.15962500000000002,,2026-10-03T15:11:13.749423+07:00,397.27032525999994,0.03256332499995551,OK,,True,2467,0.308375,
c833c10214a84703b40edbdf1b2f16b1,399,2026-10-03T15:11:14.526848+07:00,398.04774374399994,398.04774374399994,MONITOR,398.21005571699993,1.0000367749998986,0.25713141899996117,0.00012618699975064374,DISABLED,on,user_reported,37.586246490478516,50.33070755004883,1007.101875,125644.171875,True,True,True,176,0,0,109,178,101,2026-10-03T15:11:14.526934+07:00,398.0478409090001,0.18700325200006773,OK,,True,2026-10-03T15:11:14.713948+07:00,398.2348507349998,0.03499363100036135,OK,,True,1287,0.160875,,2026-10-03T15:11:14.748947+07:00,398.26985025500016,0.03500779699970735,OK,,True,2455,0.306875,
c833c10214a84703b40edbdf1b2f16b1,400,2026-10-03T15:11:15.526825+07:00,399.04772136400015,399.04772136400015,MONITOR,399.21003333700014,0.9999776200002088,0.2533412969996789,0.00010380699995948817,DISABLED,on,user_reported,37.584327697753906,50.324188232421875,1007.037109375,126201.625,True,True,True,176,0,0,109,178,101,2026-10-03T15:11:15.526911+07:00,399.0478182319998,0.18586857700029213,OK,,True,2026-10-03T15:11:15.712792+07:00,399.2336956240001,0.03446421599983296,OK,,True,1280,0.16,,2026-10-03T15:11:15.747261+07:00,399.2681645439998,0.03288693200011039,OK,,True,2474,0.30925,
c833c10214a84703b40edbdf1b2f16b1,401,2026-10-03T15:11:16.526815+07:00,400.04771175299993,400.04771175299993,MONITOR,400.2100237259999,0.9999903889997768,0.2570102700001371,9.419599973625736e-05,DISABLED,on,user_reported,37.58369064331055,50.33660125732422,1007.029296875,126295.015625,True,True,True,176,0,0,109,178,101,2026-10-03T15:11:16.526889+07:00,400.0477961040001,0.18857197299985273,OK,,True,2026-10-03T15:11:16.715472+07:00,400.236374651,0.035089039000013145,OK,,True,1285,0.160625,,2026-10-03T15:11:16.750567+07:00,400.27146965300017,0.03323364799962292,OK,,True,2462,0.30775,
c833c10214a84703b40edbdf1b2f16b1,402,2026-10-03T15:11:17.526885+07:00,401.0477701519999,401.0477701519999,MONITOR,401.2100821249999,1.000058398999954,0.26255335399991964,0.0001525949996903364,DISABLED,on,user_reported,37.579227447509766,50.33597946166992,1007.02890625,126388.546875,True,True,True,176,0,0,109,178,101,2026-10-03T15:11:17.527043+07:00,401.04794831499976,0.18909032100009426,OK,,True,2026-10-03T15:11:17.716147+07:00,401.23704876500005,0.038905816999886156,OK,,True,1289,0.161125,,2026-10-03T15:11:17.755064+07:00,401.2759641749999,0.03433575799999744,OK,,True,2468,0.3085,
c833c10214a84703b40edbdf1b2f16b1,403,2026-10-03T15:11:18.526844+07:00,402.0477339700001,402.0477339700001,MONITOR,402.21004594300007,0.9999638180001966,0.26619999400008965,0.00011641299988696119,DISABLED,on,user_reported,37.565189361572266,50.340267181396484,1007.136328125,126576.0234375,True,True,True,176,0,0,109,178,101,2026-10-03T15:11:18.526975+07:00,402.04788155899996,0.19133933800003433,OK,,True,2026-10-03T15:11:18.718337+07:00,402.2392366009999,0.037689674999910494,OK,,True,1302,0.16275,,2026-10-03T15:11:18.756046+07:00,402.2769422199999,0.03696300399997199,OK,,True,2474,0.30925,
c833c10214a84703b40edbdf1b2f16b1,404,2026-10-03T15:11:19.526833+07:00,403.0477301860001,403.0477301860001,MONITOR,403.21004215900007,0.9999962159999995,0.25222293999968315,0.00011262899988651043,DISABLED,on,user_reported,37.57029342651367,50.353492736816406,1007.1309375,126388.546875,True,True,True,176,0,0,109,178,101,2026-10-03T15:11:19.526910+07:00,403.0478168139998,0.1857969510001567,OK,,True,2026-10-03T15:11:19.712717+07:00,403.2336213389999,0.032567960000051244,OK,,True,1274,0.15925,,2026-10-03T15:11:19.745289+07:00,403.26619329899995,0.033743716000117274,OK,,True,2460,0.3075,
c833c10214a84703b40edbdf1b2f16b1,405,2026-10-03T15:11:20.526816+07:00,404.0477123380001,404.0477123380001,MONITOR,404.2100243110001,0.9999821520000296,0.251800584999728,9.478099991611089e-05,DISABLED,on,user_reported,37.56901931762695,50.353309631347656,1007.0809375,126482.2109375,True,True,True,176,0,0,109,178,101,2026-10-03T15:11:20.526895+07:00,404.0478026139999,0.18581623399995806,OK,,True,2026-10-03T15:11:20.712724+07:00,404.23362623699995,0.032971749999887834,OK,,True,1291,0.161375,,2026-10-03T15:11:20.745694+07:00,404.2666006899999,0.03289862200017524,OK,,True,2464,0.308,
c833c10214a84703b40edbdf1b2f16b1,406,2026-10-03T15:11:21.526816+07:00,405.047713167,405.047713167,MONITOR,405.21002513999997,1.0000008289998732,0.254651628999909,9.56099997893034e-05,DISABLED,on,user_reported,37.561363220214844,50.358497619628906,1007.1028125,126482.2109375,True,True,True,176,0,0,109,178,101,2026-10-03T15:11:21.526891+07:00,405.047798091,0.1859597920001761,OK,,True,2026-10-03T15:11:21.712861+07:00,405.23376519700014,0.03295751099994959,OK,,True,1280,0.16,,2026-10-03T15:11:21.745819+07:00,405.26672568999993,0.03561864399989645,OK,,True,2454,0.30675,
c833c10214a84703b40edbdf1b2f16b1,407,2026-10-03T15:11:22.526821+07:00,406.04771682,406.04771682,MONITOR,406.210028793,1.0000036530000216,0.25303692799980126,9.92629998108896e-05,DISABLED,on,user_reported,37.55817413330078,50.35804748535156,1007.09765625,126576.0234375,True,True,True,176,0,0,109,178,101,2026-10-03T15:11:22.526900+07:00,406.047807466,0.1857935789998919,OK,,True,2026-10-03T15:11:22.712703+07:00,406.233607526,0.03306680600007894,OK,,True,1274,0.15925,,2026-10-03T15:11:22.745771+07:00,406.26667744299994,0.034061527000176284,OK,,True,2468,0.3085,
c833c10214a84703b40edbdf1b2f16b1,408,2026-10-03T15:11:23.526816+07:00,407.047712391,407.047712391,MONITOR,407.210024364,0.9999955709999995,0.2529118809998181,9.4833999810362e-05,DISABLED,on,user_reported,37.55306625366211,50.3760986328125,1007.061875,126669.96875,True,True,True,176,0,0,109,178,101,2026-10-03T15:11:23.526894+07:00,407.04780092600004,0.18579950899993491,OK,,True,2026-10-03T15:11:23.712705+07:00,407.23360815700016,0.03293984699985231,OK,,True,1288,0.161,,2026-10-03T15:11:23.745645+07:00,407.26655124399986,0.03406051000001753,OK,,True,2477,0.309625,
c833c10214a84703b40edbdf1b2f16b1,409,2026-10-03T15:11:24.526817+07:00,408.0477128419998,408.0477128419998,MONITOR,408.21002481499977,1.000000450999778,0.2517659469999671,9.528499958832981e-05,DISABLED,on,user_reported,37.55242919921875,50.363502502441406,1007.095078125,126388.546875,True,True,True,176,0,0,109,178,101,2026-10-03T15:11:24.526899+07:00,408.0478060249998,0.18581047700035924,OK,,True,2026-10-03T15:11:24.712722+07:00,408.2336247059998,0.03300745700016705,OK,,True,1285,0.160625,,2026-10-03T15:11:24.745729+07:00,408.2666353290001,0.03283481299968116,OK,,True,2471,0.308875,
c833c10214a84703b40edbdf1b2f16b1,410,2026-10-03T15:11:25.526812+07:00,409.0477087280001,409.0477087280001,MONITOR,409.2100207010001,0.9999958860003062,0.25208185699966634,9.117099989452981e-05,DISABLED,on,user_reported,37.54477310180664,50.38119888305664,1007.0828125,126669.96875,True,True,True,176,0,0,109,177,101,2026-10-03T15:11:25.526893+07:00,409.04780070800007,0.18587235199993302,OK,,True,2026-10-03T15:11:25.712779+07:00,409.2336816520001,0.033211639000001014,OK,,True,1297,0.162125,,2026-10-03T15:11:25.745995+07:00,409.2668983650001,0.032882237999729114,OK,,True,2472,0.309,
c833c10214a84703b40edbdf1b2f16b1,411,2026-10-03T15:11:26.526810+07:00,410.04770797599986,410.04770797599986,MONITOR,410.21001994899984,0.9999992479997672,0.25164133499993113,9.04189996617788e-05,DISABLED,on,user_reported,37.54541015625,50.387535095214844,1007.090625,126015.2578125,True,True,True,176,0,0,109,178,101,2026-10-03T15:11:26.526881+07:00,410.04778840100016,0.1858003579995966,OK,,True,2026-10-03T15:11:26.712693+07:00,410.2335959809998,0.03293918300005316,OK,,True,1296,0.162,,2026-10-03T15:11:26.745632+07:00,410.26653855199993,0.032802147999973386,OK,,True,2477,0.309625,
c833c10214a84703b40edbdf1b2f16b1,412,2026-10-03T15:11:27.526802+07:00,411.04769879000014,411.04769879000014,MONITOR,411.2100107630001,0.9999908140002844,0.25167976700004147,8.123299994622357e-05,DISABLED,on,user_reported,37.54413604736328,50.4061279296875,1007.068046875,126482.2109375,True,True,True,176,0,0,109,178,101,2026-10-03T15:11:27.526881+07:00,411.04778810300013,0.18579499299994495,OK,,True,2026-10-03T15:11:27.712687+07:00,411.2335908929999,0.032960553000066284,OK,,True,1287,0.160875,,2026-10-03T15:11:27.745648+07:00,411.26655453800004,0.03281574199991155,OK,,True,2470,0.30875,
c833c10214a84703b40edbdf1b2f16b1,413,2026-10-03T15:11:28.526805+07:00,412.04770196499976,412.04770196499976,MONITOR,412.21001393799975,1.0000031749996197,0.2517559760003678,8.440799956588307e-05,DISABLED,on,user_reported,37.53520202636719,50.404876708984375,1007.0809375,126764.046875,True,True,True,176,0,0,109,178,101,2026-10-03T15:11:28.526886+07:00,412.0477928700002,0.18579118399975414,OK,,True,2026-10-03T15:11:28.712688+07:00,412.2335917390001,0.03307712600008017,OK,,True,1285,0.160625,,2026-10-03T15:11:28.745766+07:00,412.2666723839998,0.03277742800037231,OK,,True,2474,0.30925,
c833c10214a84703b40edbdf1b2f16b1,414,2026-10-03T15:11:29.526845+07:00,413.0477339260001,413.0477339260001,MONITOR,413.2100458990001,1.0000319610003316,0.26246551999975054,0.00011636899989753147,DISABLED,on,user_reported,37.523719787597656,50.409523010253906,1007.028125,126764.046875,True,True,True,176,0,0,109,178,101,2026-10-03T15:11:29.526996+07:00,413.0479014970001,0.19171694599981493,OK,,True,2026-10-03T15:11:29.718733+07:00,413.2396325909999,0.03540295299990248,OK,,True,1281,0.160125,,2026-10-03T15:11:29.754140+07:00,413.2750440069999,0.03513714300015636,OK,,True,2488,0.311,
c833c10214a84703b40edbdf1b2f16b1,415,2026-10-03T15:11:30.526820+07:00,414.0477165279999,414.0477165279999,MONITOR,414.2100285009999,0.9999826019998181,0.2536884910000481,9.897099971567513e-05,DISABLED,on,user_reported,37.520530700683594,50.42158508300781,1007.153203125,126764.046875,True,True,True,176,0,0,109,178,101,2026-10-03T15:11:30.526904+07:00,414.04781146999994,0.18581197200001043,OK,,True,2026-10-03T15:11:30.712729+07:00,414.2336318120001,0.03301133299964931,OK,,True,1281,0.160125,,2026-10-03T15:11:30.745741+07:00,414.2666464969998,0.03473457800009783,OK,,True,2465,0.308125,
c833c10214a84703b40edbdf1b2f16b1,416,2026-10-03T15:11:31.526822+07:00,415.0477206569999,415.0477206569999,MONITOR,415.2100326299999,1.00000412899999,0.251664258999881,0.00010309999970559147,DISABLED,on,user_reported,37.517337799072266,50.43990707397461,1007.13421875,126764.046875,True,True,True,176,0,0,109,177,101,2026-10-03T15:11:31.526895+07:00,415.0478026740002,0.18579612499979703,OK,,True,2026-10-03T15:11:31.712703+07:00,415.2336062989998,0.032960075000119105,OK,,True,1271,0.15887500000000002,,2026-10-03T15:11:31.745663+07:00,415.2665691709999,0.032807948000026954,OK,,True,2474,0.30925,
c833c10214a84703b40edbdf1b2f16b1,417,2026-10-03T15:11:32.526808+07:00,416.04770533300007,416.04770533300007,MONITOR,416.21001730600005,0.9999846760001674,0.2516720250000617,8.777599987297435e-05,DISABLED,on,user_reported,37.517337799072266,50.45242691040039,1007.11359375,126764.046875,True,True,True,176,0,0,109,177,101,2026-10-03T15:11:32.526883+07:00,416.04779046099975,0.18579511200005072,OK,,True,2026-10-03T15:11:32.712689+07:00,416.23359307300007,0.032974334999835264,OK,,True,1290,0.16125,,2026-10-03T15:11:32.745664+07:00,416.2665703339999,0.03279933900012111,OK,,True,2475,0.309375,
c833c10214a84703b40edbdf1b2f16b1,418,2026-10-03T15:11:33.526808+07:00,417.04770605500016,417.04770605500016,MONITOR,417.21001802800015,1.0000007220000953,0.2517539929999657,8.849799996824004e-05,DISABLED,on,user_reported,37.52116775512695,50.465492248535156,1007.11296875,126576.0234375,True,True,True,176,0,0,109,178,101,2026-10-03T15:11:33.526883+07:00,417.04779046099975,0.1857933020000928,OK,,True,2026-10-03T15:11:33.712687+07:00,417.23359029999983,0.03302978000010626,OK,,True,1282,0.16025,,2026-10-03T15:11:33.745718+07:00,417.2666237829999,0.032827747000283125,OK,,True,2473,0.309125,
c833c10214a84703b40edbdf1b2f16b1,419,2026-10-03T15:11:34.526806+07:00,418.04770489700013,418.04770489700013,MONITOR,418.2100168700001,0.9999988419999681,0.2517014269997162,8.733999993637553e-05,DISABLED,on,user_reported,37.52116775512695,50.47800827026367,1007.058203125,126388.546875,True,True,True,176,0,0,109,178,101,2026-10-03T15:11:34.526875+07:00,418.04778271099985,0.1857975660000193,OK,,True,2026-10-03T15:11:34.712684+07:00,418.2335877400001,0.03300548500010336,OK,,True,1283,0.160375,,2026-10-03T15:11:34.745690+07:00,418.26659655799995,0.03280093300008957,OK,,True,2475,0.309375,
c833c10214a84703b40edbdf1b2f16b1,420,2026-10-03T15:11:35.527734+07:00,419.0486182499999,419.0486182499999,MONITOR,419.2109302229999,1.0009133529997598,0.25201798400030384,0.0010006929996961844,DISABLED,on,user_reported,37.50776672363281,50.494903564453125,1007.09140625,126669.96875,True,True,True,176,0,0,109,178,101,2026-10-03T15:11:35.527879+07:00,419.048786025,0.18589110699986122,OK,,True,2026-10-03T15:11:35.713781+07:00,419.234684132,0.03311142800021116,OK,,True,1284,0.1605,,2026-10-03T15:11:35.746894+07:00,419.2677998559998,0.03282760000001872,OK,,True,2468,0.3085,
c833c10214a84703b40edbdf1b2f16b1,421,2026-10-03T15:11:36.526816+07:00,420.0477119430002,420.0477119430002,MONITOR,420.2100239160002,0.9990936930003045,0.2517261259999941,9.438600000066799e-05,DISABLED,on,user_reported,37.509681701660156,50.501426696777344,1007.07390625,126576.0234375,True,True,True,176,0,0,109,178,101,2026-10-03T15:11:36.526900+07:00,420.04780736700013,0.1858085209996716,OK,,True,2026-10-03T15:11:36.712719+07:00,420.2336228700001,0.03299063499980548,OK,,True,1294,0.16175,,2026-10-03T15:11:36.745710+07:00,420.26661619000015,0.032813304999763204,OK,,True,2477,0.309625,
c833c10214a84703b40edbdf1b2f16b1,422,2026-10-03T15:11:37.526810+07:00,421.04770805399994,421.04770805399994,MONITOR,421.2100200269999,0.9999961109997457,0.2517174099998556,9.049699974639225e-05,DISABLED,on,user_reported,37.49883270263672,50.5186882019043,1007.056328125,126764.046875,True,True,True,176,0,0,109,177,101,2026-10-03T15:11:37.526882+07:00,421.04778901500003,0.18579984100006186,OK,,True,2026-10-03T15:11:37.712693+07:00,421.23359643000003,0.032981913999719836,OK,,True,1275,0.15937500000000002,,2026-10-03T15:11:37.745675+07:00,421.2665814000002,0.032835674999660114,OK,,True,2467,0.308375,
c833c10214a84703b40edbdf1b2f16b1,423,2026-10-03T15:11:38.526808+07:00,422.04770506199975,422.04770506199975,MONITOR,422.21001703499974,0.9999970079998093,0.25168149300043297,8.750499955567648e-05,DISABLED,on,user_reported,37.50202560424805,50.51287841796875,1007.061484375,126388.546875,True,True,True,176,0,0,109,178,101,2026-10-03T15:11:38.526878+07:00,422.0477850789998,0.18579590200033635,OK,,True,2026-10-03T15:11:38.712684+07:00,422.233588092,0.03297530400004689,OK,,True,1287,0.160875,,2026-10-03T15:11:38.745660+07:00,422.266566452,0.032811583999773575,OK,,True,2482,0.31025,
c833c10214a84703b40edbdf1b2f16b1,424,2026-10-03T15:11:39.526805+07:00,423.04770250599995,423.04770250599995,MONITOR,423.21001447899994,0.9999974440002006,0.25166614799991294,8.494899975630688e-05,DISABLED,on,user_reported,37.49819564819336,50.537376403808594,1007.089453125,126576.0234375,True,True,True,176,0,0,109,178,101,2026-10-03T15:11:39.526875+07:00,423.04778248599996,0.1857968700001038,OK,,True,2026-10-03T15:11:39.712683+07:00,423.2335865599998,0.03293082400023195,OK,,True,1290,0.16125,,2026-10-03T15:11:39.745634+07:00,423.2665399570001,0.032820363999690016,OK,,True,2474,0.30925,
c833c10214a84703b40edbdf1b2f16b1,425,2026-10-03T15:11:40.526868+07:00,424.04775651299997,424.04775651299997,MONITOR,424.21006848599995,1.000054007000017,0.25895025799991345,0.00013895599977331585,DISABLED,on,user_reported,37.49373245239258,50.5367546081543,1007.01375,126669.96875,True,True,True,176,0,0,109,177,101,2026-10-03T15:11:40.527012+07:00,424.04791799199984,0.18941349200031254,OK,,True,2026-10-03T15:11:40.716445+07:00,424.23734576100014,0.03567132899979697,OK,,True,1290,0.16125,,2026-10-03T15:11:40.752122+07:00,424.27302442300015,0.033669459999600804,OK,,True,2474,0.30925,
c833c10214a84703b40edbdf1b2f16b1,426,2026-10-03T15:11:41.526861+07:00,425.0477500669999,425.0477500669999,MONITOR,425.2100620399999,0.9999935539999569,0.26274702799992156,0.0001325099997302459,DISABLED,on,user_reported,37.47969436645508,50.5347785949707,1007.16234375,126576.0234375,True,True,True,176,0,0,109,178,101,2026-10-03T15:11:41.527001+07:00,425.04790662000005,0.19154516099979446,OK,,True,2026-10-03T15:11:41.718567+07:00,425.2394674289999,0.03575821699996595,OK,,True,1299,0.162375,,2026-10-03T15:11:41.754331+07:00,425.2752332760001,0.03524615199967229,OK,,True,2482,0.31025,
c833c10214a84703b40edbdf1b2f16b1,427,2026-10-03T15:11:42.526828+07:00,426.04772403800007,426.04772403800007,MONITOR,426.21003601100006,0.999973971000145,0.2516778350000095,0.00010648099987520254,DISABLED,on,user_reported,37.47522735595703,50.54667282104492,1007.107109375,126295.015625,True,True,True,176,0,0,109,178,101,2026-10-03T15:11:42.526910+07:00,426.047816796,0.18580723700006274,OK,,True,2026-10-03T15:11:42.712728+07:00,426.2336311429999,0.03295612300007633,OK,,True,1286,0.16075,,2026-10-03T15:11:42.745684+07:00,426.2665903960001,0.032803328999762016,OK,,True,2474,0.30925,
c833c10214a84703b40edbdf1b2f16b1,428,2026-10-03T15:11:43.526810+07:00,427.0477084250001,427.0477084250001,MONITOR,427.2100203980001,0.9999843870000404,0.2517599699999664,9.086799991564476e-05,DISABLED,on,user_reported,37.47203826904297,50.55874252319336,1007.0678125,126669.96875,True,True,True,176,0,0,109,178,101,2026-10-03T15:11:43.526878+07:00,427.0477853120001,0.18579955699988204,OK,,True,2026-10-03T15:11:43.712689+07:00,427.23359247999997,0.03302828899995802,OK,,True,1273,0.15912500000000002,,2026-10-03T15:11:43.745719+07:00,427.266624417,0.032835384999998496,OK,,True,2477,0.309625,
c833c10214a84703b40edbdf1b2f16b1,429,2026-10-03T15:11:44.526813+07:00,428.04770976500004,428.04770976500004,MONITOR,428.210021738,1.0000013399999261,0.25170284800014997,9.220799984177575e-05,DISABLED,on,user_reported,37.4809684753418,50.56627655029297,1007.0684375,126576.0234375,True,True,True,176,0,0,109,178,101,2026-10-03T15:11:44.526889+07:00,428.04779616999986,0.185788340000272,OK,,True,2026-10-03T15:11:44.712685+07:00,428.233589899,0.03299229100002776,OK,,True,1298,0.16225,,2026-10-03T15:11:44.745680+07:00,428.26658515200006,0.03281938700001774,OK,,True,2476,0.3095,
c833c10214a84703b40edbdf1b2f16b1,430,2026-10-03T15:11:45.526808+07:00,429.047706113,429.047706113,MONITOR,429.210018086,0.9999963479999678,0.2542090490001101,8.855599980961415e-05,DISABLED,on,user_reported,37.47459030151367,50.56536865234375,1007.112890625,127047.1484375,True,True,True,176,0,0,109,178,101,2026-10-03T15:11:45.526882+07:00,429.0477891300002,0.18580241899962857,OK,,True,2026-10-03T15:11:45.712695+07:00,429.2335982710001,0.03490882899995995,OK,,True,1276,0.1595,,2026-10-03T15:11:45.747617+07:00,429.26851656300005,0.03337865499997861,OK,,True,2455,0.306875,
c833c10214a84703b40edbdf1b2f16b1,431,2026-10-03T15:11:46.526812+07:00,430.0477103590001,430.0477103590001,MONITOR,430.2100223320001,1.0000042460001168,0.25174741599994377,9.280199992645066e-05,DISABLED,on,user_reported,37.475868225097656,50.55929183959961,1007.0534375,126388.546875,True,True,True,176,0,0,109,178,101,2026-10-03T15:11:46.526889+07:00,430.04779635700015,0.18579335000003994,OK,,True,2026-10-03T15:11:46.712693+07:00,430.23359689200015,0.03302777299995796,OK,,True,1281,0.160125,,2026-10-03T15:11:46.745723+07:00,430.26662825799986,0.03282142500029295,OK,,True,2473,0.309125,
c833c10214a84703b40edbdf1b2f16b1,432,2026-10-03T15:11:47.526821+07:00,431.0477175199999,431.0477175199999,MONITOR,431.21002949299987,1.0000071609997576,0.25193441999999777,9.996299968406674e-05,DISABLED,on,user_reported,37.481605529785156,50.553829193115234,1007.06953125,127047.1484375,True,True,True,176,0,0,109,178,101,2026-10-03T15:11:47.526902+07:00,431.0478088519999,0.1858028730002843,OK,,True,2026-10-03T15:11:47.712715+07:00,431.2336186140001,0.033198325999819644,OK,,True,1273,0.15912500000000002,,2026-10-03T15:11:47.745917+07:00,431.266821014,0.03282237099983831,OK,,True,2477,0.309625,
c833c10214a84703b40edbdf1b2f16b1,433,2026-10-03T15:11:48.526804+07:00,432.0477011359999,432.0477011359999,MONITOR,432.2100131089999,0.9999836160000086,0.25171343000010893,8.357899969269056e-05,DISABLED,on,user_reported,37.48288345336914,50.57280349731445,1007.04421875,126952.640625,True,True,True,176,0,0,109,178,101,2026-10-03T15:11:48.526883+07:00,432.04778974500005,0.18579549000014595,OK,,True,2026-10-03T15:11:48.712689+07:00,432.23359208600004,0.03299359099992216,OK,,True,1276,0.1595,,2026-10-03T15:11:48.745684+07:00,432.266589028,0.03281776099993294,OK,,True,2474,0.30925,
c833c10214a84703b40edbdf1b2f16b1,434,2026-10-03T15:11:49.526807+07:00,433.047705166,433.047705166,MONITOR,433.210017139,1.0000040300001274,0.2517580479998287,8.760899982007686e-05,DISABLED,on,user_reported,37.47459030151367,50.559104919433594,1007.058203125,126669.96875,True,True,True,176,0,0,109,178,101,2026-10-03T15:11:49.526883+07:00,433.0477904979998,0.18579764300011448,OK,,True,2026-10-03T15:11:49.712692+07:00,433.2335952889998,0.03300857200019891,OK,,True,1274,0.15925,,2026-10-03T15:11:49.745702+07:00,433.26660769399996,0.03284715000017968,OK,,True,2475,0.309375,
c833c10214a84703b40edbdf1b2f16b1,435,2026-10-03T15:11:50.526806+07:00,434.0477042050002,434.0477042050002,MONITOR,434.21001617800016,0.9999990390001585,0.2517473699999755,8.664799997859518e-05,DISABLED,on,user_reported,37.4662971496582,50.55167770385742,1007.07203125,126669.96875,True,True,True,176,0,0,109,178,101,2026-10-03T15:11:50.526882+07:00,434.04778933299986,0.18579324100028316,OK,,True,2026-10-03T15:11:50.712685+07:00,434.2335891849998,0.032981925000058254,OK,,True,1298,0.16225,,2026-10-03T15:11:50.745669+07:00,434.2665749070002,0.03286714999967444,OK,,True,2476,0.3095,
c833c10214a84703b40edbdf1b2f16b1,436,2026-10-03T15:11:51.526813+07:00,435.04771236399984,435.04771236399984,MONITOR,435.2100243369998,1.0000081589996626,0.25168776600003184,9.480699964115047e-05,DISABLED,on,user_reported,37.463741302490234,50.570106506347656,1007.020078125,126482.2109375,True,True,True,176,0,0,109,178,101,2026-10-03T15:11:51.526891+07:00,435.047797788,0.18579893100013578,OK,,True,2026-10-03T15:11:51.712699+07:00,435.23360245899994,0.03297303799990914,OK,,True,1295,0.161875,,2026-10-03T15:11:51.745674+07:00,435.2665794039999,0.032812023000133195,OK,,True,2471,0.308875,
c833c10214a84703b40edbdf1b2f16b1,437,2026-10-03T15:11:52.526930+07:00,436.047818473,436.047818473,MONITOR,436.210130446,1.0001061090001713,0.2626091639999686,0.00020091599981242325,DISABLED,on,user_reported,37.45736312866211,50.56295394897461,1007.0165625,126764.046875,True,True,True,176,0,0,109,178,101,2026-10-03T15:11:52.527064+07:00,436.0479703599999,0.19176195399995777,OK,,True,2026-10-03T15:11:52.718846+07:00,436.2397456099998,0.035508380999999645,OK,,True,1293,0.161625,,2026-10-03T15:11:52.754360+07:00,436.2752624720001,0.035147258000051806,OK,,True,2479,0.309875,
c833c10214a84703b40edbdf1b2f16b1,438,2026-10-03T15:11:53.526831+07:00,437.04772670600005,437.04772670600005,MONITOR,437.21003867900004,0.999908233000042,0.25172350100001495,0.00010914899985436932,DISABLED,on,user_reported,37.45289611816406,50.58736801147461,1007.0640625,126858.2734375,True,True,True,176,0,0,109,178,101,2026-10-03T15:11:53.526912+07:00,437.0478195380001,0.18579247699972257,OK,,True,2026-10-03T15:11:53.712714+07:00,437.23361775600006,0.03298303900010069,OK,,True,1283,0.160375,,2026-10-03T15:11:53.745699+07:00,437.26660435099984,0.03283796799996708,OK,,True,2462,0.30775,
c833c10214a84703b40edbdf1b2f16b1,439,2026-10-03T15:11:54.526827+07:00,438.04772283400007,438.04772283400007,MONITOR,438.21003480700006,0.9999961280000207,0.25186802400003216,0.00010527699987505912,DISABLED,on,user_reported,37.44843292236328,50.58673095703125,1006.97453125,127141.7890625,True,True,True,176,0,0,109,178,101,2026-10-03T15:11:54.526907+07:00,438.04781396199996,0.18578761199978544,OK,,True,2026-10-03T15:11:54.712703+07:00,438.23360685199987,0.033107649000157835,OK,,True,1279,0.15987500000000002,,2026-10-03T15:11:54.745813+07:00,438.26671800099984,0.03286357900014991,OK,,True,2468,0.3085,
c833c10214a84703b40edbdf1b2f16b1,440,2026-10-03T15:11:55.526811+07:00,439.04770815599977,439.04770815599977,MONITOR,439.21002012899976,0.9999853219997021,0.25192186300000685,9.059899957719608e-05,DISABLED,on,user_reported,37.43503189086914,50.59736633300781,1006.994140625,127047.1484375,True,True,True,176,0,0,109,177,101,2026-10-03T15:11:55.526888+07:00,439.0477956169998,0.1857985430001463,OK,,True,2026-10-03T15:11:55.712696+07:00,439.23359936399993,0.0331668339999851,OK,,True,1280,0.16,,2026-10-03T15:11:55.745865+07:00,439.2667697339998,0.03285165500028597,OK,,True,2468,0.3085,
c833c10214a84703b40edbdf1b2f16b1,441,2026-10-03T15:11:56.526814+07:00,440.04771074400014,440.04771074400014,MONITOR,440.21002271700013,1.0000025880003705,0.25170528099988587,9.318699994764756e-05,DISABLED,on,user_reported,37.43503189086914,50.603633880615234,1007.158515625,126764.046875,True,True,True,176,0,0,109,178,101,2026-10-03T15:11:56.526890+07:00,440.0477967050001,0.18577947499989023,OK,,True,2026-10-03T15:11:56.712677+07:00,440.233580994,0.0330077829999027,OK,,True,1279,0.15987500000000002,,2026-10-03T15:11:56.745688+07:00,440.26659285100004,0.03281469300009121,OK,,True,2470,0.30875,
c833c10214a84703b40edbdf1b2f16b1,442,2026-10-03T15:11:57.526818+07:00,441.04771346999996,441.04771346999996,MONITOR,441.21002544299995,1.0000027259998205,0.25173515799997404,9.591299976818846e-05,DISABLED,on,user_reported,37.437583923339844,50.610260009765625,1007.093984375,126576.0234375,True,True,True,176,0,0,109,178,101,2026-10-03T15:11:57.526900+07:00,441.0478074130001,0.18579729399971256,OK,,True,2026-10-03T15:11:57.712707+07:00,441.23361033599986,0.03299211700004889,OK,,True,1286,0.16075,,2026-10-03T15:11:57.745700+07:00,441.2666058599998,0.03283389800026271,OK,,True,2479,0.309875,
c833c10214a84703b40edbdf1b2f16b1,443,2026-10-03T15:11:58.526849+07:00,442.04773905599995,442.04773905599995,MONITOR,442.21005102899994,1.0000255859999925,0.26215314000000944,0.00012149899976066081,DISABLED,on,user_reported,37.44013595581055,50.641937255859375,1007.08453125,126669.96875,True,True,True,176,0,0,109,178,101,2026-10-03T15:11:58.526977+07:00,442.0478820530002,0.19132914199963125,OK,,True,2026-10-03T15:11:58.718322+07:00,442.239222232,0.03547236799977327,OK,,True,1281,0.160125,,2026-10-03T15:11:58.753802+07:00,442.27470426599984,0.035169300000234216,OK,,True,2480,0.31,
c833c10214a84703b40edbdf1b2f16b1,444,2026-10-03T15:11:59.526865+07:00,443.0477551680001,443.0477551680001,MONITOR,443.2100671410001,1.0000161120001394,0.2627065439996841,0.00013761099990006187,DISABLED,on,user_reported,37.44396209716797,50.636207580566406,1007.07703125,126669.96875,True,True,True,176,0,0,109,178,101,2026-10-03T15:11:59.527022+07:00,443.0479272759999,0.19173852800031455,OK,,True,2026-10-03T15:11:59.718781+07:00,443.23968076699975,0.035444147000362136,OK,,True,1272,0.159,,2026-10-03T15:11:59.754233+07:00,443.27513428500015,0.03530905699972209,OK,,True,2486,0.31075,
c833c10214a84703b40edbdf1b2f16b1,445,2026-10-03T15:12:00.526895+07:00,444.047782566,444.047782566,MONITOR,444.210094539,1.0000273979999292,0.26284654799974305,0.00016500899982929695,DISABLED,on,user_reported,37.4471549987793,50.636661529541016,1007.041171875,126764.046875,True,True,True,176,0,0,109,178,101,2026-10-03T15:12:00.527055+07:00,444.04795993300013,0.19171471899971948,OK,,True,2026-10-03T15:12:00.718788+07:00,444.23968879999984,0.035710681000182376,OK,,True,1276,0.1595,,2026-10-03T15:12:00.754508+07:00,444.2754089250002,0.03520207899964589,OK,,True,2476,0.3095,
c833c10214a84703b40edbdf1b2f16b1,446,2026-10-03T15:12:01.526875+07:00,445.0477628240001,445.0477628240001,MONITOR,445.21007479700006,0.9999802580000505,0.26281855599972914,0.00014526699987982283,DISABLED,on,user_reported,37.43184280395508,50.640769958496094,1007.036875,126764.046875,True,True,True,176,0,0,109,178,101,2026-10-03T15:12:01.527042+07:00,445.047947303,0.1917434269998921,OK,,True,2026-10-03T15:12:01.718805+07:00,445.23970417400005,0.03566584899999725,OK,,True,1283,0.160375,,2026-10-03T15:12:01.754478+07:00,445.2753792819999,0.035180821000267315,OK,,True,2485,0.310625,
c833c10214a84703b40edbdf1b2f16b1,447,2026-10-03T15:12:02.526821+07:00,446.0477175729998,446.0477175729998,MONITOR,446.21002954599976,0.9999547489996985,0.2517616340001041,0.00010001599957831786,DISABLED,on,user_reported,37.42609786987305,50.63995361328125,1007.08234375,127236.578125,True,True,True,176,0,0,109,178,101,2026-10-03T15:12:02.526903+07:00,446.04781051500004,0.18580094799972358,OK,,True,2026-10-03T15:12:02.712715+07:00,446.23361844400006,0.03299869500006025,OK,,True,1281,0.160125,,2026-10-03T15:12:02.745716+07:00,446.2666210279999,0.03284908700015876,OK,,True,2478,0.30975,
c833c10214a84703b40edbdf1b2f16b1,448,2026-10-03T15:12:03.526820+07:00,447.04771532799987,447.04771532799987,MONITOR,447.21002730099985,0.9999977550000949,0.25184358400019846,9.777099967323011e-05,DISABLED,on,user_reported,37.42035675048828,50.66420364379883,1007.045703125,127047.1484375,True,True,True,176,0,0,109,178,101,2026-10-03T15:12:03.526904+07:00,447.0478111409998,0.18580876700025328,OK,,True,2026-10-03T15:12:03.712724+07:00,447.2336273709998,0.0330533800001831,OK,,True,1280,0.16,,2026-10-03T15:12:03.745780+07:00,447.2666848429999,0.03286532800029818,OK,,True,2476,0.3095,
c833c10214a84703b40edbdf1b2f16b1,449,2026-10-03T15:12:04.526810+07:00,448.0477070349998,448.0477070349998,MONITOR,448.2100190079998,0.9999917069999356,0.2517566110000189,8.94779996087891e-05,DISABLED,on,user_reported,37.41780471801758,50.65132141113281,1007.0140625,127141.7890625,True,True,True,176,0,0,109,178,101,2026-10-03T15:12:04.526893+07:00,448.0478000150001,0.1857925129997966,OK,,True,2026-10-03T15:12:04.712695+07:00,448.23359936099996,0.03298225199978333,OK,,True,1293,0.161625,,2026-10-03T15:12:04.745680+07:00,448.2665851319998,0.032869810000192956,OK,,True,2468,0.3085,
c833c10214a84703b40edbdf1b2f16b1,450,2026-10-03T15:12:05.526809+07:00,449.04770634199986,449.04770634199986,MONITOR,449.21001831499984,0.9999993070000528,0.25174002499989,8.878499966158415e-05,DISABLED,on,user_reported,37.41270065307617,50.66939926147461,1007.046953125,127236.578125,True,True,True,176,0,0,109,178,101,2026-10-03T15:12:05.526893+07:00,449.0478004329998,0.18581561000019065,OK,,True,2026-10-03T15:12:05.712721+07:00,449.23362389500016,0.03297364199988806,OK,,True,1287,0.160875,,2026-10-03T15:12:05.745696+07:00,449.2666014450001,0.03283607100001973,OK,,True,2480,0.31,
c833c10214a84703b40edbdf1b2f16b1,451,2026-10-03T15:12:06.526811+07:00,450.04770762,450.04770762,MONITOR,450.21001959299997,1.000001278000127,0.2520352860001367,9.006299978864263e-05,DISABLED,on,user_reported,37.41908264160156,50.68282699584961,1007.0025,126764.046875,True,True,True,176,0,0,109,178,101,2026-10-03T15:12:06.526892+07:00,450.0477996929999,0.185798504000104,OK,,True,2026-10-03T15:12:06.712701+07:00,450.23360527099976,0.03296734700006709,OK,,True,1288,0.161,,2026-10-03T15:12:06.745671+07:00,450.26657632199976,0.03315764000035415,OK,,True,2472,0.309,
c833c10214a84703b40edbdf1b2f16b1,452,2026-10-03T15:12:07.526814+07:00,451.04770960899987,451.04770960899987,MONITOR,451.21002158199985,1.000001988999884,0.2518779810002343,9.205199967254885e-05,DISABLED,on,user_reported,37.415252685546875,50.68854522705078,1007.085390625,126669.96875,True,True,True,176,0,0,109,178,101,2026-10-03T15:12:07.526898+07:00,451.0478049039998,0.18580858300038017,OK,,True,2026-10-03T15:12:07.712717+07:00,451.233620728,0.03313223399982235,OK,,True,1278,0.15975,,2026-10-03T15:12:07.745852+07:00,451.26675677599997,0.03282212900012382,OK,,True,2472,0.309,
c833c10214a84703b40edbdf1b2f16b1,453,2026-10-03T15:12:08.526844+07:00,452.0477386980001,452.0477386980001,MONITOR,452.2100506710001,1.0000290890002361,0.25181256199994095,0.00012114099990867544,DISABLED,on,user_reported,37.41780471801758,50.69517517089844,1007.12375,126764.046875,True,True,True,176,0,0,109,178,101,2026-10-03T15:12:08.526933+07:00,452.04783978900014,0.1858082169997033,OK,,True,2026-10-03T15:12:08.712751+07:00,452.233655173,0.03307180999991033,OK,,True,1281,0.160125,,2026-10-03T15:12:08.745825+07:00,452.2667303899998,0.03281237000010151,OK,,True,2474,0.30925,
c833c10214a84703b40edbdf1b2f16b1,454,2026-10-03T15:12:09.526812+07:00,453.04770792499994,453.04770792499994,MONITOR,453.2100198979999,0.9999692269998377,0.2519401029999244,9.036799974637688e-05,DISABLED,on,user_reported,37.40951156616211,50.7065315246582,1007.076015625,126764.046875,True,True,True,176,0,0,109,178,101,2026-10-03T15:12:09.526896+07:00,453.04780327499975,0.18581096300022182,OK,,True,2026-10-03T15:12:09.712718+07:00,453.2336216079998,0.03314434699996127,OK,,True,1275,0.15937500000000002,,2026-10-03T15:12:09.745865+07:00,453.266769973,0.03286916700017173,OK,,True,2466,0.30825,
c833c10214a84703b40edbdf1b2f16b1,455,2026-10-03T15:12:10.526812+07:00,454.0477080840001,454.0477080840001,MONITOR,454.21002005700007,1.0000001590001375,0.2517458729998907,9.052699988387758e-05,DISABLED,on,user_reported,37.408233642578125,50.712623596191406,1007.1425,127426.578125,True,True,True,176,0,0,109,177,101,2026-10-03T15:12:10.526895+07:00,454.0478024529998,0.18580483799996728,OK,,True,2026-10-03T15:12:10.712711+07:00,454.233614625,0.0329847019997942,OK,,True,1275,0.15937500000000002,,2026-10-03T15:12:10.745699+07:00,454.2666038080001,0.032841759999882925,OK,,True,2473,0.309125,
c833c10214a84703b40edbdf1b2f16b1,456,2026-10-03T15:12:11.526812+07:00,455.04770847400005,455.04770847400005,MONITOR,455.21002044700003,1.0000003899999683,0.2517548599998918,9.091699985219748e-05,DISABLED,on,user_reported,37.407596588134766,50.725074768066406,1007.059140625,126482.2109375,True,True,True,176,0,0,109,178,101,2026-10-03T15:12:11.526895+07:00,455.04780162,0.1858054730000731,OK,,True,2026-10-03T15:12:11.712711+07:00,455.2336148889999,0.0329481849998956,OK,,True,1272,0.159,,2026-10-03T15:12:11.745659+07:00,455.2665660739999,0.032888557000205765,OK,,True,2472,0.309,
c833c10214a84703b40edbdf1b2f16b1,457,2026-10-03T15:12:12.526809+07:00,456.0477055000001,456.0477055000001,MONITOR,456.2100174730001,0.9999970260000737,0.25182930999972086,8.794299992587185e-05,DISABLED,on,user_reported,37.410789489746094,50.71925354003906,1007.050703125,126952.640625,True,True,True,176,0,0,109,178,101,2026-10-03T15:12:12.526894+07:00,456.0478013689999,0.18579977399986092,OK,,True,2026-10-03T15:12:12.712704+07:00,456.23360766099995,0.0329870740001752,OK,,True,1280,0.16,,2026-10-03T15:12:12.745691+07:00,456.2665975680002,0.03292929799999911,OK,,True,2475,0.309375,
c833c10214a84703b40edbdf1b2f16b1,458,2026-10-03T15:12:13.526807+07:00,457.04770384799986,457.04770384799986,MONITOR,457.21001582099984,0.9999983479997354,0.2518505940001887,8.629099966128706e-05,DISABLED,on,user_reported,37.4044075012207,50.73088836669922,1007.03359375,127236.578125,True,True,True,176,0,0,109,178,101,2026-10-03T15:12:13.526892+07:00,457.0477993469999,0.18580794499985132,OK,,True,2026-10-03T15:12:13.712712+07:00,457.23361531,0.033068628999899374,OK,,True,1277,0.15962500000000002,,2026-10-03T15:12:13.745782+07:00,457.26668688400014,0.032858909999958996,OK,,True,2478,0.30975,
c833c10214a84703b40edbdf1b2f16b1,459,2026-10-03T15:12:14.526816+07:00,458.0477123149999,458.0477123149999,MONITOR,458.2100242879999,1.0000084670000433,0.2517566199999237,9.475799970459775e-05,DISABLED,on,user_reported,37.399940490722656,50.73652648925781,1007.05375,126858.2734375,True,True,True,176,0,0,109,178,101,2026-10-03T15:12:14.526902+07:00,458.04780948000007,0.18580361599970274,OK,,True,2026-10-03T15:12:14.712716+07:00,458.23362020700006,0.03295192899986432,OK,,True,1286,0.16075,,2026-10-03T15:12:14.745668+07:00,458.266574969,0.032885207000163064,OK,,True,2476,0.3095,
c833c10214a84703b40edbdf1b2f16b1,460,2026-10-03T15:12:15.526816+07:00,459.0477123249998,459.0477123249998,MONITOR,459.2100242979998,1.0000000099998942,0.25174351700025,9.476799959884374e-05,DISABLED,on,user_reported,37.392921447753906,50.748069763183594,1007.056171875,127047.1484375,True,True,True,176,0,0,109,178,101,2026-10-03T15:12:15.526901+07:00,459.047808453,0.18580991799990443,OK,,True,2026-10-03T15:12:15.712722+07:00,459.23362533399995,0.03294146600001113,OK,,True,1279,0.15987500000000002,,2026-10-03T15:12:15.745663+07:00,459.2665696889999,0.032876820000183216,OK,,True,2475,0.309375,
c833c10214a84703b40edbdf1b2f16b1,461,2026-10-03T15:12:16.526811+07:00,460.047707492,460.047707492,MONITOR,460.21001946499996,0.9999951670001792,0.2517432069998904,8.993499977805186e-05,DISABLED,on,user_reported,37.380802154541016,50.746360778808594,1007.070546875,126669.96875,True,True,True,176,0,0,109,178,101,2026-10-03T15:12:16.526895+07:00,460.0478024160002,0.18580927399989378,OK,,True,2026-10-03T15:12:16.712715+07:00,460.23361830099975,0.03294833700010713,OK,,True,1288,0.161,,2026-10-03T15:12:16.745663+07:00,460.26656950899996,0.032872357000087504,OK,,True,2474,0.30925,
c833c10214a84703b40edbdf1b2f16b1,462,2026-10-03T15:12:17.526964+07:00,461.0478428470001,461.0478428470001,MONITOR,461.21015482000007,1.0001353550001113,0.2622407869998824,0.00022528999988935539,DISABLED,on,user_reported,37.37123107910156,50.75126647949219,1006.99359375,126858.2734375,True,True,True,176,0,0,109,178,101,2026-10-03T15:12:17.527171+07:00,461.0480765839998,0.19180841300021712,OK,,True,2026-10-03T15:12:17.719001+07:00,461.23990051500004,0.03541101600012553,OK,,True,1284,0.1605,,2026-10-03T15:12:17.754415+07:00,461.275318902,0.03474763900021571,OK,,True,2484,0.3105,
c833c10214a84703b40edbdf1b2f16b1,463,2026-10-03T15:12:18.526815+07:00,462.0477116960001,462.0477116960001,MONITOR,462.21002366900007,0.999868848999995,0.2517368499998156,9.413899988430785e-05,DISABLED,on,user_reported,37.366764068603516,50.75690841674805,1007.143828125,127236.578125,True,True,True,176,0,0,109,178,101,2026-10-03T15:12:18.526898+07:00,462.0478053239999,0.1858045620001576,OK,,True,2026-10-03T15:12:18.712715+07:00,462.233617978,0.03297185700012051,OK,,True,1285,0.160625,,2026-10-03T15:12:18.745687+07:00,462.2665929089999,0.032846914999936416,OK,,True,2474,0.30925,
c833c10214a84703b40edbdf1b2f16b1,464,2026-10-03T15:12:19.526817+07:00,463.0477131419998,463.0477131419998,MONITOR,463.2100251149998,1.0000014459997146,0.2517723930000102,9.558499959894107e-05,DISABLED,on,user_reported,37.360382080078125,50.7685432434082,1007.11984375,127331.5078125,True,True,True,176,0,0,109,177,101,2026-10-03T15:12:19.526903+07:00,463.04780984399986,0.18580615900009434,OK,,True,2026-10-03T15:12:19.712720+07:00,463.23362320700016,0.03299541299975317,OK,,True,1282,0.16025,,2026-10-03T15:12:19.745716+07:00,463.266621749,0.032854748999852745,OK,,True,2477,0.309625,
c833c10214a84703b40edbdf1b2f16b1,465,2026-10-03T15:12:20.526810+07:00,464.0477069469998,464.0477069469998,MONITOR,464.2100189199998,0.999993805000031,0.25186295399998926,8.938999962992966e-05,DISABLED,on,user_reported,37.368038177490234,50.76335525512695,1007.097890625,126669.96875,True,True,True,176,0,0,109,177,101,2026-10-03T15:12:20.526894+07:00,464.0478009079998,0.18581334900000002,OK,,True,2026-10-03T15:12:20.712719+07:00,464.233622405,0.03310533800004123,OK,,True,1287,0.160875,,2026-10-03T15:12:20.745825+07:00,464.2667309650001,0.03282978800007186,OK,,True,2465,0.308125,
c833c10214a84703b40edbdf1b2f16b1,466,2026-10-03T15:12:21.526811+07:00,465.04770781399975,465.04770781399975,MONITOR,465.21001978699974,1.000000866999926,0.2517178700004479,9.02569995560043e-05,DISABLED,on,user_reported,37.362937927246094,50.79397201538086,1007.13765625,126764.046875,True,True,True,176,0,0,109,178,101,2026-10-03T15:12:21.526897+07:00,465.04780468299987,0.18581394600005297,OK,,True,2026-10-03T15:12:21.712723+07:00,465.2336262580002,0.03296115699959046,OK,,True,1293,0.161625,,2026-10-03T15:12:21.745684+07:00,465.26659024799983,0.03282630700005029,OK,,True,2468,0.3085,
c833c10214a84703b40edbdf1b2f16b1,467,2026-10-03T15:12:22.526815+07:00,466.047711188,466.047711188,MONITOR,466.210023161,1.0000033740002436,0.25175052399981723,9.363099979964318e-05,DISABLED,on,user_reported,37.366764068603516,50.79451370239258,1007.088984375,127047.1484375,True,True,True,176,0,0,109,178,101,2026-10-03T15:12:22.526899+07:00,466.04780594600015,0.18581904299981034,OK,,True,2026-10-03T15:12:22.712730+07:00,466.2336328219999,0.03294082399997933,OK,,True,1296,0.162,,2026-10-03T15:12:22.745670+07:00,466.2665767389999,0.03287550999993982,OK,,True,2465,0.308125,
c833c10214a84703b40edbdf1b2f16b1,468,2026-10-03T15:12:23.526853+07:00,467.04774166100015,467.04774166100015,MONITOR,467.21005363400013,1.0000304730001517,0.2624026939997748,0.00012410399995133048,DISABLED,on,user_reported,37.368038177490234,50.78216552734375,1007.03625,127141.7890625,True,True,True,176,0,0,109,178,101,2026-10-03T15:12:23.526999+07:00,467.0479051030002,0.19153883499984659,OK,,True,2026-10-03T15:12:23.718560+07:00,467.2394590680001,0.03535026400004426,OK,,True,1280,0.16,,2026-10-03T15:12:23.753912+07:00,467.27481731299986,0.035308376000102726,OK,,True,2484,0.3105,
c833c10214a84703b40edbdf1b2f16b1,469,2026-10-03T15:12:24.526914+07:00,468.04780427000014,468.04780427000014,MONITOR,468.21011624300013,1.0000626089999969,0.2581064239998341,0.0001867129999482131,DISABLED,on,user_reported,37.36484909057617,50.78797912597656,1007.04484375,126858.2734375,True,True,True,176,0,0,109,178,101,2026-10-03T15:12:24.527046+07:00,468.0479516559999,0.19006027400018866,OK,,True,2026-10-03T15:12:24.717119+07:00,468.2380214479999,0.03455359400004454,OK,,True,1295,0.161875,,2026-10-03T15:12:24.751677+07:00,468.27258009800016,0.033317966999675264,OK,,True,2467,0.308375,
c833c10214a84703b40edbdf1b2f16b1,470,2026-10-03T15:12:25.526858+07:00,469.047752554,469.047752554,MONITOR,469.210064527,0.9999482839998564,0.2517231729998457,0.0001349969998045708,DISABLED,on,user_reported,37.35846710205078,50.80588150024414,1007.061875,127331.5078125,True,True,True,176,0,0,109,178,101,2026-10-03T15:12:25.526947+07:00,469.0478542000001,0.1858209829997577,OK,,True,2026-10-03T15:12:25.712779+07:00,469.233682479,0.032955568000033963,OK,,True,1281,0.160125,,2026-10-03T15:12:25.745735+07:00,469.26664091700013,0.032825050999690575,OK,,True,2480,0.31,
c833c10214a84703b40edbdf1b2f16b1,471,2026-10-03T15:12:26.526864+07:00,470.04775936199985,470.04775936199985,MONITOR,470.21007133499984,1.0000068079998528,0.2519955080001637,0.00014180499965732452,DISABLED,on,user_reported,37.35400390625,50.80524444580078,1007.061484375,127236.578125,True,True,True,176,0,0,109,178,101,2026-10-03T15:12:26.526965+07:00,470.047871878,0.18586063600014313,OK,,True,2026-10-03T15:12:26.712837+07:00,470.23373993899986,0.033107418000327016,OK,,True,1283,0.160375,,2026-10-03T15:12:26.745944+07:00,470.26685054200016,0.03289597599996341,OK,,True,2472,0.309,
c833c10214a84703b40edbdf1b2f16b1,472,2026-10-03T15:12:27.526807+07:00,471.04770306599994,471.04770306599994,MONITOR,471.2100150389999,0.9999437040000885,0.2581416100001661,8.550899974579806e-05,DISABLED,on,user_reported,37.35336685180664,50.81770706176758,1007.02609375,126952.640625,True,True,True,176,0,0,109,178,101,2026-10-03T15:12:27.526895+07:00,471.04780173100016,0.19087156999967192,OK,,True,2026-10-03T15:12:27.717780+07:00,471.23868246799975,0.033643186000063,OK,,True,1269,0.15862500000000002,,2026-10-03T15:12:27.751428+07:00,471.2723313020001,0.03350194799986639,OK,,True,2466,0.30825,
c833c10214a84703b40edbdf1b2f16b1,473,2026-10-03T15:12:28.526805+07:00,472.0477025539999,472.0477025539999,MONITOR,472.2100145269999,0.9999994879999576,0.2517810429999372,8.4996999703435e-05,DISABLED,on,user_reported,37.348899841308594,50.81707000732422,1007.012109375,127141.7890625,True,True,True,176,0,0,109,178,101,2026-10-03T15:12:28.526887+07:00,472.04779418199996,0.18580792300008397,OK,,True,2026-10-03T15:12:28.712706+07:00,472.23360914199975,0.032969236000099045,OK,,True,1282,0.16025,,2026-10-03T15:12:28.745675+07:00,472.26658152599975,0.03289314500034379,OK,,True,2471,0.308875,
c833c10214a84703b40edbdf1b2f16b1,474,2026-10-03T15:12:29.526811+07:00,473.0477072519998,473.0477072519998,MONITOR,473.21001922499977,1.0000046979998842,0.26261569200005397,8.969499958766392e-05,DISABLED,on,user_reported,37.345069885253906,50.816524505615234,1007.1565625,127141.7890625,True,True,True,176,0,0,109,178,101,2026-10-03T15:12:29.526894+07:00,473.0478008619998,0.18982980100008717,OK,,True,2026-10-03T15:12:29.716748+07:00,473.23764727399976,0.036072053000225424,OK,,True,1299,0.162375,,2026-10-03T15:12:29.752831+07:00,473.2737315489999,0.036557469999934256,OK,,True,2470,0.30875,
c833c10214a84703b40edbdf1b2f16b1,475,2026-10-03T15:12:30.526863+07:00,474.04775941900016,474.04775941900016,MONITOR,474.21007139200015,1.0000521670003764,0.25211325299960663,0.00014186199996402138,DISABLED,on,user_reported,37.34762191772461,50.835697174072266,1007.106015625,127141.7890625,True,True,True,176,0,0,109,178,101,2026-10-03T15:12:30.526951+07:00,474.04785795399994,0.1858207099999163,OK,,True,2026-10-03T15:12:30.712783+07:00,474.2336859779998,0.033269306999955006,OK,,True,1279,0.15987500000000002,,2026-10-03T15:12:30.746053+07:00,474.2669585069998,0.03290353500005949,OK,,True,2476,0.3095,
c833c10214a84703b40edbdf1b2f16b1,476,2026-10-03T15:12:31.526901+07:00,475.04779625799983,475.04779625799983,MONITOR,475.2101082309998,1.0000368389996765,0.25186617100007425,0.00017870099964056863,DISABLED,on,user_reported,37.345069885253906,50.847877502441406,1007.136015625,127047.1484375,True,True,True,176,0,0,109,178,101,2026-10-03T15:12:31.526988+07:00,475.047894627,0.18584623200013084,OK,,True,2026-10-03T15:12:31.712846+07:00,475.2337488590001,0.03302268199968239,OK,,True,1285,0.160625,,2026-10-03T15:12:31.745869+07:00,475.2667747999999,0.03287638900019374,OK,,True,2474,0.30925,
c833c10214a84703b40edbdf1b2f16b1,477,2026-10-03T15:12:32.526844+07:00,476.04773938300013,476.04773938300013,MONITOR,476.2100513560001,0.9999431250002999,0.2518791039997268,0.0001218259999404836,DISABLED,on,user_reported,37.34762191772461,50.84196472167969,1007.07859375,126858.2734375,True,True,True,176,0,0,109,178,101,2026-10-03T15:12:32.526930+07:00,476.04783653000004,0.1858428850000564,OK,,True,2026-10-03T15:12:32.712785+07:00,476.233687767,0.03299316499987981,OK,,True,1283,0.160375,,2026-10-03T15:12:32.745779+07:00,476.2666841360001,0.032923128999755136,OK,,True,2472,0.309,
c833c10214a84703b40edbdf1b2f16b1,478,2026-10-03T15:12:33.526808+07:00,477.0477066069998,477.0477066069998,MONITOR,477.21001857999977,0.9999672239996471,0.2518166480003856,8.904999958758708e-05,DISABLED,on,user_reported,37.34825897216797,50.84833526611328,1007.093203125,127047.1484375,True,True,True,176,0,0,109,178,101,2026-10-03T15:12:33.526878+07:00,477.0477853470002,0.18581944599964118,OK,,True,2026-10-03T15:12:33.712709+07:00,477.23361199600004,0.03301316599981874,OK,,True,1286,0.16075,,2026-10-03T15:12:33.745724+07:00,477.26662888400006,0.032883000999845535,OK,,True,2472,0.309,
c833c10214a84703b40edbdf1b2f16b1,479,2026-10-03T15:12:34.526809+07:00,478.04770722600006,478.04770722600006,MONITOR,478.21001919900004,1.000000619000275,0.25182791199995336,8.966899986262433e-05,DISABLED,on,user_reported,37.345069885253906,50.854148864746094,1007.03328125,126669.96875,True,True,True,176,0,0,109,178,101,2026-10-03T15:12:34.526880+07:00,478.0477876320001,0.18582050599979993,OK,,True,2026-10-03T15:12:34.712713+07:00,478.2336158789999,0.03299962900018727,OK,,True,1303,0.162875,,2026-10-03T15:12:34.745713+07:00,478.2666186189999,0.03290587199990114,OK,,True,2470,0.30875,
c833c10214a84703b40edbdf1b2f16b1,480,2026-10-03T15:12:35.526803+07:00,479.0477015729998,479.0477015729998,MONITOR,479.2100135459998,0.9999943469997561,0.25195625000014843,8.401599961871398e-05,DISABLED,on,user_reported,37.33869171142578,50.84697341918945,1007.05046875,127426.578125,True,True,True,176,0,0,109,178,101,2026-10-03T15:12:35.526877+07:00,479.0477846079998,0.1858118810000633,OK,,True,2026-10-03T15:12:35.712701+07:00,479.2336041190001,0.03311464699982025,OK,,True,1273,0.15912500000000002,,2026-10-03T15:12:35.745816+07:00,479.26672215400004,0.03292337299990322,OK,,True,2472,0.309,
c833c10214a84703b40edbdf1b2f16b1,481,2026-10-03T15:12:36.526803+07:00,480.04770164799993,480.04770164799993,MONITOR,480.2100136209999,1.0000000750001163,0.2537587619999613,8.409099973505363e-05,DISABLED,on,user_reported,37.3399658203125,50.84089279174805,1007.05234375,126764.046875,True,True,True,176,0,0,109,178,101,2026-10-03T15:12:36.526877+07:00,480.04778416499994,0.18583353299982264,OK,,True,2026-10-03T15:12:36.712724+07:00,480.2336274569998,0.03299333500035573,OK,,True,1280,0.16,,2026-10-03T15:12:36.745719+07:00,480.26662456999975,0.034821192000435985,OK,,True,2461,0.307625,
c833c10214a84703b40edbdf1b2f16b1,482,2026-10-03T15:12:37.526869+07:00,481.0477570429998,0.7498517750000246,BASELINE,481.2100690159998,1.0000553949998903,0.25207187100022566,0.0001394859996253217,DISABLED,on,user_reported,37.33358383178711,50.85252380371094,1007.0353125,127331.5078125,True,True,True,176,0,0,109,178,101,2026-10-03T15:12:37.526959+07:00,481.04786598500004,0.1858316120001291,OK,,True,2026-10-03T15:12:37.712803+07:00,481.2337053749998,0.03318548000015653,OK,,True,1281,0.160125,,2026-10-03T15:12:37.746000+07:00,481.26689639200004,0.032920706999902904,OK,,True,2479,0.309875,
c833c10214a84703b40edbdf1b2f16b1,483,2026-10-03T15:12:38.526806+07:00,482.0477050929999,1.749799825000082,BASELINE,482.21001706599986,0.9999480500000573,0.25276032900001155,8.753599968258641e-05,DISABLED,on,user_reported,37.32465362548828,50.851261138916016,1007.034453125,126669.96875,True,True,True,176,0,0,109,178,101,2026-10-03T15:12:38.526878+07:00,482.047785277,0.18580430300016815,OK,,True,2026-10-03T15:12:38.712694+07:00,482.23359685700007,0.033772268000120675,OK,,True,1290,0.16125,,2026-10-03T15:12:38.746471+07:00,482.2673744580002,0.033079186999657395,OK,,True,2471,0.308875,
c833c10214a84703b40edbdf1b2f16b1,484,2026-10-03T15:12:39.526805+07:00,483.047703575,2.749798307000219,BASELINE,483.210015548,0.9999984820001373,0.2521706970001105,8.601799981988734e-05,DISABLED,on,user_reported,37.320823669433594,50.85699462890625,1007.007734375,127331.5078125,True,True,True,176,0,0,109,178,101,2026-10-03T15:12:39.526875+07:00,483.04778220399976,0.1858098250004332,OK,,True,2026-10-03T15:12:39.712697+07:00,483.23359997399984,0.03334675599990078,OK,,True,1267,0.15837500000000002,,2026-10-03T15:12:39.746048+07:00,483.2669520640002,0.03290933799962659,OK,,True,2470,0.30875,
c833c10214a84703b40edbdf1b2f16b1,485,2026-10-03T15:12:40.526839+07:00,484.04773378499976,3.749828516999969,BASELINE,484.21004575799975,1.0000302099997498,0.2522182950001479,0.00011622799956967356,DISABLED,on,user_reported,37.320823669433594,50.869537353515625,1007.11734375,127141.7890625,True,True,True,176,0,0,109,178,101,2026-10-03T15:12:40.526927+07:00,484.0478331720001,0.18583740399981252,OK,,True,2026-10-03T15:12:40.712776+07:00,484.23367881600007,0.03340281300006609,OK,,True,1270,0.15875,,2026-10-03T15:12:40.746183+07:00,484.2670865549999,0.032855322000159504,OK,,True,2471,0.308875,
c833c10214a84703b40edbdf1b2f16b1,486,2026-10-03T15:12:41.526811+07:00,485.04770689099996,4.749801623000167,BASELINE,485.21001886399995,0.9999731060001977,0.2520854330000475,8.933399976740475e-05,DISABLED,on,user_reported,37.30678939819336,50.886356353759766,1007.09453125,127236.578125,True,True,True,176,0,0,109,178,101,2026-10-03T15:12:41.526893+07:00,485.0478000369999,0.18581603800021185,OK,,True,2026-10-03T15:12:41.712721+07:00,485.2336239269998,0.03326007500027117,OK,,True,1292,0.1615,,2026-10-03T15:12:41.745986+07:00,485.2668888909998,0.03289141400000517,OK,,True,2479,0.309875,
c833c10214a84703b40edbdf1b2f16b1,487,2026-10-03T15:12:42.526849+07:00,486.04774405599983,5.749838788000034,BASELINE,486.2100560289998,1.000037164999867,0.2541893840002558,0.00012649899963435018,DISABLED,on,user_reported,37.311256408691406,50.886993408203125,1007.08125,127236.578125,True,True,True,176,0,0,109,178,101,2026-10-03T15:12:42.526936+07:00,486.04784260999986,0.18728320300033374,OK,,True,2026-10-03T15:12:42.714255+07:00,486.2351528119998,0.0335694590003186,OK,,True,1267,0.15837500000000002,,2026-10-03T15:12:42.747824+07:00,486.2687277340001,0.033193669999945996,OK,,True,2468,0.3085,
c833c10214a84703b40edbdf1b2f16b1,488,2026-10-03T15:12:43.526809+07:00,487.0477048769999,6.7497996090000925,BASELINE,487.2100168499999,0.9999608210000588,0.2531868519999989,8.73199996931362e-05,DISABLED,on,user_reported,37.31636047363281,50.91280746459961,1007.062109375,127236.578125,True,True,True,176,0,0,109,178,101,2026-10-03T15:12:43.526890+07:00,487.0477976349998,0.1858305650002876,OK,,True,2026-10-03T15:12:43.712733+07:00,487.2336358849998,0.03419578300008652,OK,,True,1267,0.15837500000000002,,2026-10-03T15:12:43.746934+07:00,487.2678372790001,0.033042173000012554,OK,,True,2470,0.30875,
c833c10214a84703b40edbdf1b2f16b1,489,2026-10-03T15:12:44.526804+07:00,488.0477025179998,7.749797250000029,BASELINE,488.2100144909998,0.9999976409999363,0.25222054100004243,8.496099962940207e-05,DISABLED,on,user_reported,37.304874420166016,50.88609313964844,1007.02984375,127426.578125,True,True,True,176,0,0,109,178,101,2026-10-03T15:12:44.526875+07:00,488.04778210899985,0.18585182900005748,OK,,True,2026-10-03T15:12:44.712741+07:00,488.2336433820001,0.03320378199987317,OK,,True,1286,0.16075,,2026-10-03T15:12:44.745949+07:00,488.26685236799995,0.03305585799989785,OK,,True,2471,0.308875,
c833c10214a84703b40edbdf1b2f16b1,490,2026-10-03T15:12:45.526848+07:00,489.04774271899987,8.749837451000076,BASELINE,489.21005469199986,1.000040201000047,0.2532599740002297,0.000125161999676493,DISABLED,on,user_reported,37.312530517578125,50.887176513671875,1007.069609375,127236.578125,True,True,True,176,0,0,109,178,101,2026-10-03T15:12:45.526934+07:00,489.0478411989998,0.1859406830003536,OK,,True,2026-10-03T15:12:45.712889+07:00,489.2337918819999,0.03433426399988093,OK,,True,1282,0.16025,,2026-10-03T15:12:45.747229+07:00,489.26813207099985,0.03285980800001198,OK,,True,2478,0.30975,
c833c10214a84703b40edbdf1b2f16b1,491,2026-10-03T15:12:46.526810+07:00,490.0477085749999,9.749803307000093,BASELINE,490.2100205479999,0.9999658560000171,0.2524182729998756,9.101799969357671e-05,DISABLED,on,user_reported,37.30997848510742,50.89936447143555,1007.038046875,126952.640625,True,True,True,176,0,0,109,178,101,2026-10-03T15:12:46.526886+07:00,490.0477930000002,0.18634510699985185,OK,,True,2026-10-03T15:12:46.713246+07:00,490.23414740299995,0.03284960500013767,OK,,True,1295,0.161875,,2026-10-03T15:12:46.746100+07:00,490.2670028409998,0.03311241500023243,OK,,True,2469,0.308625,
c833c10214a84703b40edbdf1b2f16b1,492,2026-10-03T15:12:47.526932+07:00,491.04782219399976,10.749916925999969,BASELINE,491.21013416699975,1.000113618999876,0.2533247440001105,0.00020463699956962955,DISABLED,on,user_reported,37.30359649658203,50.91099548339844,1007.07578125,126858.2734375,True,True,True,176,0,0,109,178,101,2026-10-03T15:12:47.527038+07:00,491.0479445619999,0.1860672650000197,OK,,True,2026-10-03T15:12:47.713129+07:00,491.234026826,0.034407727000143495,OK,,True,1263,0.15787500000000002,,2026-10-03T15:12:47.747540+07:00,491.268441534,0.032691219999833265,OK,,True,2461,0.307625,
c833c10214a84703b40edbdf1b2f16b1,493,2026-10-03T15:12:48.526806+07:00,492.0477044889999,11.749799221000103,BASELINE,492.2100164619999,0.999882295000134,0.2539281290000872,8.69319997036655e-05,DISABLED,on,user_reported,37.30359649658203,50.90472412109375,1007.068984375,127047.1484375,True,True,True,176,0,0,109,178,101,2026-10-03T15:12:48.526881+07:00,492.047788802,0.18619754400015154,OK,,True,2026-10-03T15:12:48.713091+07:00,492.23399341999993,0.03337707899981979,OK,,True,1294,0.16175,,2026-10-03T15:12:48.746472+07:00,492.26737603599986,0.034242378000271856,OK,,True,2463,0.307875,
c833c10214a84703b40edbdf1b2f16b1,494,2026-10-03T15:12:49.526805+07:00,493.0477037679998,12.749798499999997,BASELINE,493.2100157409998,0.9999992789998942,0.2551390410003478,8.621099959782441e-05,DISABLED,on,user_reported,37.2895622253418,50.9152946472168,1007.03921875,127047.1484375,True,True,True,176,0,0,109,178,101,2026-10-03T15:12:49.526878+07:00,493.04778511899985,0.18712255099990216,OK,,True,2026-10-03T15:12:49.714015+07:00,493.2349169849999,0.03369716699990022,OK,,True,1284,0.1605,,2026-10-03T15:12:49.747721+07:00,493.2686225399998,0.03420499200001359,OK,,True,2460,0.3075,
c833c10214a84703b40edbdf1b2f16b1,495,2026-10-03T15:12:50.526860+07:00,494.04774996000015,13.749844692000352,BASELINE,494.21006193300013,1.0000461920003545,0.267527668999719,0.00013240299995231908,DISABLED,on,user_reported,37.2895622253418,50.9152946472168,1007.03921875,127047.1484375,True,True,True,176,0,0,109,178,101,2026-10-03T15:12:50.527003+07:00,494.04790799400007,0.1924939649998123,OK,,True,2026-10-03T15:12:50.719513+07:00,494.24041288499984,0.03857102900019527,OK,,True,1283,0.160375,,2026-10-03T15:12:50.758096+07:00,494.27899528399985,0.036253623999982665,OK,,True,2477,0.309625,
c833c10214a84703b40edbdf1b2f16b1,496,2026-10-03T15:12:51.526885+07:00,495.04777363899984,14.749868371000048,BASELINE,495.21008561199983,1.0000236789996961,0.2599635639999178,0.0001560819996484497,DISABLED,on,user_reported,37.28126907348633,50.92665481567383,1006.96421875,126952.640625,True,True,True,176,0,0,109,178,101,2026-10-03T15:12:51.527034+07:00,495.0479392289999,0.19101436500022828,OK,,True,2026-10-03T15:12:51.718064+07:00,495.2389649460001,0.03482757399979164,OK,,True,1274,0.15925,,2026-10-03T15:12:51.752901+07:00,495.27380200200014,0.03391383099960876,OK,,True,2457,0.307125,
c833c10214a84703b40edbdf1b2f16b1,497,2026-10-03T15:12:52.529769+07:00,496.0506601819998,15.75275491399998,BASELINE,496.21297215499976,1.0028865429999314,0.2546831040003781,0.003042624999579857,DISABLED,on,user_reported,37.27680206298828,50.9260368347168,1007.011796875,126764.046875,True,True,True,176,0,0,109,178,101,2026-10-03T15:12:52.529890+07:00,496.0507955879998,0.18585812300034377,OK,,True,2026-10-03T15:12:52.715758+07:00,496.23666145200013,0.03415888299969083,OK,,True,1293,0.161625,,2026-10-03T15:12:52.749927+07:00,496.2708277789998,0.03449967400001697,OK,,True,2451,0.306375,
c833c10214a84703b40edbdf1b2f16b1,498,2026-10-03T15:12:53.526879+07:00,497.04777258800004,16.74986732000025,BASELINE,497.21008456100003,0.9971124060002694,0.25593725499993525,0.0001550309998492594,DISABLED,on,user_reported,37.276161193847656,50.925941467285156,1007.072265625,127331.5078125,True,True,True,176,0,0,109,178,101,2026-10-03T15:12:53.526970+07:00,497.0478770310001,0.1858571650000158,OK,,True,2026-10-03T15:12:53.712838+07:00,497.2337413810001,0.03451335999989169,OK,,True,1273,0.15912500000000002,,2026-10-03T15:12:53.747358+07:00,497.26826068499986,0.03543243700005405,OK,,True,2451,0.306375,
c833c10214a84703b40edbdf1b2f16b1,499,2026-10-03T15:12:54.526826+07:00,498.0477222290001,17.749816961000306,BASELINE,498.2100342020001,0.9999496410000575,0.25919124299980467,0.00010467199990671361,DISABLED,on,user_reported,37.2755241394043,50.93838882446289,1007.112421875,127141.7890625,True,True,True,176,0,0,109,178,101,2026-10-03T15:12:54.526905+07:00,498.0478120050002,0.18580907799969282,OK,,True,2026-10-03T15:12:54.712724+07:00,498.23362871200015,0.03298294199976226,OK,,True,1280,0.16,,2026-10-03T15:12:54.745708+07:00,498.26661476499976,0.04028415200036761,OK,,True,2461,0.307625,
c833c10214a84703b40edbdf1b2f16b1,500,2026-10-03T15:12:55.526808+07:00,499.04770709600007,18.749801828000273,BASELINE,499.21001906900005,0.9999848669999665,0.2518003929999395,8.953899987318437e-05,DISABLED,on,user_reported,37.265316009521484,50.94949722290039,1007.102734375,126576.0234375,True,True,True,176,0,0,109,178,101,2026-10-03T15:12:55.526876+07:00,499.047783039,0.1858155079999051,OK,,True,2026-10-03T15:12:55.712703+07:00,499.233605936,0.03302551600017978,OK,,True,1282,0.16025,,2026-10-03T15:12:55.745730+07:00,499.26663502600013,0.03285818599988488,OK,,True,2469,0.308625,
c833c10214a84703b40edbdf1b2f16b1,501,2026-10-03T15:12:56.526808+07:00,500.04770650599994,19.749801238000146,BASELINE,500.2100184789999,0.999999409999873,0.25243066500024725,8.894899974620785e-05,DISABLED,on,user_reported,37.2608528137207,50.95512771606445,1007.047578125,127426.578125,True,True,True,176,0,0,109,178,101,2026-10-03T15:12:56.526880+07:00,500.04778741200016,0.1858086600000206,OK,,True,2026-10-03T15:12:56.712699+07:00,500.23360275699997,0.03300120299991249,OK,,True,1279,0.15987500000000002,,2026-10-03T15:12:56.745701+07:00,500.2666069779998,0.03352112000038687,OK,,True,2474,0.30925,
c833c10214a84703b40edbdf1b2f16b1,502,2026-10-03T15:12:57.526862+07:00,501.0477525299998,20.749847262000003,BASELINE,501.2100645029998,1.0000460239998574,0.2571237040001506,0.00013497299960363307,DISABLED,on,user_reported,37.26659393310547,50.96221923828125,1007.084296875,126952.640625,True,True,True,176,0,0,109,178,101,2026-10-03T15:12:57.527010+07:00,501.0479154909999,0.18873304099997767,OK,,True,2026-10-03T15:12:57.715758+07:00,501.23665918000006,0.03408016699995642,OK,,True,1285,0.160625,,2026-10-03T15:12:57.749843+07:00,501.27074556900016,0.03411299899971709,OK,,True,2473,0.309125,
c833c10214a84703b40edbdf1b2f16b1,503,2026-10-03T15:12:58.526812+07:00,502.04771022800014,21.749804960000347,BASELINE,502.21002220100013,0.999957698000344,0.2516897460000109,9.26709999475861e-05,DISABLED,on,user_reported,37.264041900634766,50.961856842041016,1007.100625,127426.578125,True,True,True,176,0,0,109,178,101,2026-10-03T15:12:58.526882+07:00,502.04778941199993,0.18580563300020003,OK,,True,2026-10-03T15:12:58.712698+07:00,502.233601767,0.03296442700002444,OK,,True,1279,0.15987500000000002,,2026-10-03T15:12:58.745663+07:00,502.2665694530001,0.03282198499982769,OK,,True,2473,0.309125,
c833c10214a84703b40edbdf1b2f16b1,504,2026-10-03T15:12:59.526807+07:00,503.047705338,22.74980007000022,BASELINE,503.210017311,0.9999951099998725,0.25169006699979946,8.778099982009735e-05,DISABLED,on,user_reported,37.264041900634766,50.974403381347656,1007.05953125,127426.578125,True,True,True,176,0,0,109,178,101,2026-10-03T15:12:59.526877+07:00,503.047783985,0.18580754399999933,OK,,True,2026-10-03T15:12:59.712695+07:00,503.23359888100003,0.032968278999760514,OK,,True,1284,0.1605,,2026-10-03T15:12:59.745664+07:00,503.26657043800014,0.03281646699997509,OK,,True,2470,0.30875,
c833c10214a84703b40edbdf1b2f16b1,505,2026-10-03T15:13:00.526807+07:00,504.04770593500007,23.749800667000272,BASELINE,504.21001790800005,1.000000597000053,0.2518870499998229,8.837799987304606e-05,DISABLED,on,user_reported,37.26276397705078,50.97422409057617,1007.071171875,127617.1484375,True,True,True,176,0,0,109,178,101,2026-10-03T15:13:00.526884+07:00,504.047790952,0.18580895600007352,OK,,True,2026-10-03T15:13:00.712704+07:00,504.2336070370002,0.033143110999844794,OK,,True,1284,0.1605,,2026-10-03T15:13:00.745849+07:00,504.2667544249998,0.03282985700025165,OK,,True,2475,0.309375,
c833c10214a84703b40edbdf1b2f16b1,506,2026-10-03T15:13:01.526803+07:00,505.04770246199996,24.749797194000166,BASELINE,505.21001443499995,0.9999965269998938,0.2516980229997898,8.490499976687715e-05,DISABLED,on,user_reported,37.25893783569336,50.97996139526367,1007.03078125,127617.1484375,True,True,True,176,0,0,109,178,101,2026-10-03T15:13:01.526877+07:00,505.0477841090001,0.18580823799993595,OK,,True,2026-10-03T15:13:01.712696+07:00,505.23359945799984,0.03296702100033144,OK,,True,1279,0.15987500000000002,,2026-10-03T15:13:01.745664+07:00,505.2665694789998,0.032823487000314344,OK,,True,2473,0.309125,
c833c10214a84703b40edbdf1b2f16b1,507,2026-10-03T15:13:02.526806+07:00,506.04770449399984,25.74979922600005,BASELINE,506.21001646699983,1.000002031999884,0.2565230770001108,8.69369996507885e-05,DISABLED,on,user_reported,37.26276397705078,50.980491638183594,1007.036875,127331.5078125,True,True,True,176,0,0,109,178,101,2026-10-03T15:13:02.526881+07:00,506.04778856699977,0.18593911000016305,OK,,True,2026-10-03T15:13:02.712834+07:00,506.23373697299985,0.03381495300027382,OK,,True,1287,0.160875,,2026-10-03T15:13:02.746662+07:00,506.26756218499986,0.03664947900006155,OK,,True,2471,0.308875,
c833c10214a84703b40edbdf1b2f16b1,508,2026-10-03T15:13:03.526855+07:00,507.04774547499983,26.749840207000034,BASELINE,507.2100574479998,1.0000409809999837,0.26258292600005007,0.00012791799963451922,DISABLED,on,user_reported,37.25893783569336,50.99250793457031,1007.085546875,126952.640625,True,True,True,176,0,0,109,178,101,2026-10-03T15:13:03.527000+07:00,507.0479055830001,0.191764239999884,OK,,True,2026-10-03T15:13:03.718784+07:00,507.2396839520002,0.035439444999610714,OK,,True,1271,0.15887500000000002,,2026-10-03T15:13:03.754229+07:00,507.27513174900014,0.035178300999632484,OK,,True,2477,0.309625,
c833c10214a84703b40edbdf1b2f16b1,509,2026-10-03T15:13:04.526861+07:00,508.04775092299997,27.749845655000172,BASELINE,508.21006289599995,1.0000054480001381,0.26242328799980896,0.00013336599977264996,DISABLED,on,user_reported,37.24107360839844,50.9899787902832,1007.07703125,127047.1484375,True,True,True,176,0,0,109,178,101,2026-10-03T15:13:04.527007+07:00,508.0479126619998,0.19171568900037528,OK,,True,2026-10-03T15:13:04.718741+07:00,508.2396418879998,0.03537589100005789,OK,,True,1295,0.161875,,2026-10-03T15:13:04.754122+07:00,508.2750259640002,0.035129932000018016,OK,,True,2485,0.310625,
c833c10214a84703b40edbdf1b2f16b1,510,2026-10-03T15:13:05.526820+07:00,509.04771854499995,28.749813277000158,BASELINE,509.21003051799994,0.9999676219999856,0.2518472470001143,0.00010098799975821748,DISABLED,on,user_reported,37.24043655395508,51.00243377685547,1007.117265625,127331.5078125,True,True,True,176,0,0,109,178,101,2026-10-03T15:13:05.526895+07:00,509.0478024690001,0.18581416300003184,OK,,True,2026-10-03T15:13:05.712721+07:00,509.23362433500006,0.03307415299968852,OK,,True,1290,0.16125,,2026-10-03T15:13:05.745798+07:00,509.2667026170002,0.0328547859999162,OK,,True,2480,0.31,
c833c10214a84703b40edbdf1b2f16b1,511,2026-10-03T15:13:06.526801+07:00,510.04770000300005,29.74979473500025,BASELINE,510.21001197600003,0.999981458000093,0.25175218100002894,8.244599985118839e-05,DISABLED,on,user_reported,37.23341751098633,51.03281784057617,1007.07859375,126952.640625,True,True,True,176,0,0,109,178,101,2026-10-03T15:13:06.526869+07:00,510.04777550200015,0.18579412999997658,OK,,True,2026-10-03T15:13:06.712673+07:00,510.23357650299977,0.03308169000001726,OK,,True,1291,0.161375,,2026-10-03T15:13:06.745756+07:00,510.266661785,0.032782639999823004,OK,,True,2473,0.309125,
c833c10214a84703b40edbdf1b2f16b1,512,2026-10-03T15:13:07.526805+07:00,511.04770341099993,30.749798143000135,BASELINE,511.2100153839999,1.000003407999884,0.2530224619999899,8.585399973526364e-05,DISABLED,on,user_reported,37.23341751098633,51.02653884887695,1007.071640625,126952.640625,True,True,True,176,0,0,109,178,101,2026-10-03T15:13:07.526875+07:00,511.04778240999985,0.18586659600032363,OK,,True,2026-10-03T15:13:07.712755+07:00,511.2336575979998,0.032602218000192806,OK,,True,1282,0.16025,,2026-10-03T15:13:07.745363+07:00,511.26626546399984,0.034449964000032196,OK,,True,2469,0.308625,
c833c10214a84703b40edbdf1b2f16b1,513,2026-10-03T15:13:08.526804+07:00,512.0477038419999,31.749798574000124,BASELINE,512.2100158149999,1.0000004309999895,0.25165917499998613,8.628499972473946e-05,DISABLED,on,user_reported,37.23660659790039,51.052093505859375,1007.111015625,127521.796875,True,True,True,176,0,0,109,178,101,2026-10-03T15:13:08.526871+07:00,512.04777784,0.18579934299987144,OK,,True,2026-10-03T15:13:08.712680+07:00,512.2335841459999,0.03295930500007671,OK,,True,1288,0.161,,2026-10-03T15:13:08.745642+07:00,512.2665474320002,0.03280732599978364,OK,,True,2480,0.31,
c833c10214a84703b40edbdf1b2f16b1,514,2026-10-03T15:13:09.526842+07:00,513.0477401469998,32.74983487899999,BASELINE,513.2100521199998,1.0000363049998668,0.25165008900012253,0.00012258999959158245,DISABLED,on,user_reported,37.23341751098633,51.04536819458008,1007.07859375,126669.96875,True,True,True,176,0,0,109,178,101,2026-10-03T15:13:09.526912+07:00,513.0478195340002,0.18579527299971232,OK,,True,2026-10-03T15:13:09.712718+07:00,513.2336220289999,0.03295171299987487,OK,,True,1286,0.16075,,2026-10-03T15:13:09.745671+07:00,513.266577076,0.03280488200016407,OK,,True,2472,0.309,
c833c10214a84703b40edbdf1b2f16b1,515,2026-10-03T15:13:10.526810+07:00,514.04770792,33.7498026520002,BASELINE,514.210019893,0.9999677730002077,0.25174087100003817,9.036299979925388e-05,DISABLED,on,user_reported,37.223209381103516,51.04392623901367,1007.061953125,127236.578125,True,True,True,176,0,0,109,178,101,2026-10-03T15:13:10.526881+07:00,514.0477881040001,0.18581435099986265,OK,,True,2026-10-03T15:13:10.712708+07:00,514.2336102700001,0.0329635469997811,OK,,True,1284,0.1605,,2026-10-03T15:13:10.745671+07:00,514.2665771689999,0.032862974000181566,OK,,True,2475,0.309375,
c833c10214a84703b40edbdf1b2f16b1,516,2026-10-03T15:13:11.526940+07:00,515.047835807,34.74993053900016,BASELINE,515.2101477799999,1.0001278869999624,0.25161674899982245,0.00021824999976161052,DISABLED,on,user_reported,37.223209381103516,51.069026947021484,1007.0003125,127236.578125,True,True,True,176,0,0,109,178,101,2026-10-03T15:13:11.527022+07:00,515.0479291940001,0.185802558999967,OK,,True,2026-10-03T15:13:11.712836+07:00,515.233738976,0.032948122000107105,OK,,True,1282,0.16025,,2026-10-03T15:13:11.745784+07:00,515.266690338,0.03275416299993594,OK,,True,2473,0.309125,
c833c10214a84703b40edbdf1b2f16b1,517,2026-10-03T15:13:12.526807+07:00,516.0477052759998,35.749800007999966,BASELINE,516.2100172489997,0.9998694689998047,0.25525149200029773,8.771899956627749e-05,DISABLED,on,user_reported,37.22576141357422,51.075660705566406,1007.07296875,127236.578125,True,True,True,176,0,0,109,178,101,2026-10-03T15:13:12.526874+07:00,516.0477810339999,0.18703598799993415,OK,,True,2026-10-03T15:13:12.713925+07:00,516.2348272620002,0.03271816400001626,OK,,True,1268,0.1585,,2026-10-03T15:13:12.746648+07:00,516.2675509259998,0.03538930500008064,OK,,True,2457,0.307125,
c833c10214a84703b40edbdf1b2f16b1,518,2026-10-03T15:13:13.526808+07:00,517.047706711,36.74980144300025,BASELINE,517.210018684,1.0000014350002857,0.25185292300011497,8.915399985198746e-05,DISABLED,on,user_reported,37.21874237060547,51.074676513671875,1007.034140625,127426.578125,True,True,True,176,0,0,109,178,101,2026-10-03T15:13:13.526875+07:00,517.0477825429998,0.18580649300020013,OK,,True,2026-10-03T15:13:13.712694+07:00,517.2335962399998,0.03311062100010531,OK,,True,1273,0.15912500000000002,,2026-10-03T15:13:13.745805+07:00,517.2667099350001,0.03284173699967141,OK,,True,2467,0.308375,
c833c10214a84703b40edbdf1b2f16b1,519,2026-10-03T15:13:14.526805+07:00,518.0477040569999,37.749798789000124,BASELINE,518.2100160299999,0.9999973459998728,0.2517411720000382,8.649999972476508e-05,DISABLED,on,user_reported,37.21491241455078,51.08668518066406,1007.00734375,127141.7890625,True,True,True,176,0,0,109,178,101,2026-10-03T15:13:14.526874+07:00,518.0477814820001,0.18581157199969311,OK,,True,2026-10-03T15:13:14.712696+07:00,518.2335995349999,0.03296179100016161,OK,,True,1281,0.160125,,2026-10-03T15:13:14.745658+07:00,518.266564085,0.03287355199972808,OK,,True,2469,0.308625,
c833c10214a84703b40edbdf1b2f16b1,520,2026-10-03T15:13:15.526807+07:00,519.0477049820001,38.749799714000346,BASELINE,519.2100169550001,1.0000009250002222,0.25216441099973963,8.742499994696118e-05,DISABLED,on,user_reported,37.22193145751953,51.087677001953125,1007.087265625,127426.578125,True,True,True,176,0,0,109,178,101,2026-10-03T15:13:15.526874+07:00,519.0477808330002,0.18581264999966152,OK,,True,2026-10-03T15:13:15.712697+07:00,519.2336005940001,0.03296586499982368,OK,,True,1287,0.160875,,2026-10-03T15:13:15.745663+07:00,519.2665690889999,0.03328758199995718,OK,,True,2473,0.309125,
c833c10214a84703b40edbdf1b2f16b1,521,2026-10-03T15:13:16.526817+07:00,520.0477133179998,39.749808049999956,BASELINE,520.2100252909997,1.0000083359996097,0.251658203000261,9.576099955665995e-05,DISABLED,on,user_reported,37.212364196777344,51.098873138427734,1007.092265625,127236.578125,True,True,True,176,0,0,109,178,101,2026-10-03T15:13:16.526900+07:00,520.047807594,0.18581004399993617,OK,,True,2026-10-03T15:13:16.712721+07:00,520.233624471,0.03294149600014862,OK,,True,1280,0.16,,2026-10-03T15:13:16.745662+07:00,520.2665688749998,0.032794646000184,OK,,True,2473,0.309125,
c833c10214a84703b40edbdf1b2f16b1,522,2026-10-03T15:13:17.526809+07:00,521.04770577,40.7498005020002,BASELINE,521.210017743,0.9999924520002423,0.2549580810000407,8.821299979899777e-05,DISABLED,on,user_reported,37.21874237060547,51.10606384277344,1007.10265625,126952.640625,True,True,True,176,0,0,109,178,101,2026-10-03T15:13:17.526889+07:00,521.0477964910001,0.18596713699980683,OK,,True,2026-10-03T15:13:17.712873+07:00,521.233774665,0.03362420799976462,OK,,True,1273,0.15912500000000002,,2026-10-03T15:13:17.746509+07:00,521.2674078539999,0.03523905200017907,OK,,True,2464,0.308,
c833c10214a84703b40edbdf1b2f16b1,523,2026-10-03T15:13:18.526820+07:00,522.0477156699999,41.749810402000094,BASELINE,522.2100276429999,1.0000098999998954,0.2517998600001192,9.811299969442189e-05,DISABLED,on,user_reported,37.21427536010742,51.111690521240234,1007.1090625,127141.7890625,True,True,True,176,0,0,109,178,101,2026-10-03T15:13:18.526899+07:00,522.047806002,0.18581427399976747,OK,,True,2026-10-03T15:13:18.712724+07:00,522.2336272379998,0.032958850000341045,OK,,True,1280,0.16,,2026-10-03T15:13:18.745682+07:00,522.26658894,0.0329189240001142,OK,,True,2470,0.30875,
c833c10214a84703b40edbdf1b2f16b1,524,2026-10-03T15:13:19.526813+07:00,523.0477093519999,42.74980408400006,BASELINE,523.2100213249998,0.9999936819999675,0.2518867720000344,9.179499966194271e-05,DISABLED,on,user_reported,37.212364196777344,51.10514831542969,1007.07171875,127236.578125,True,True,True,176,0,0,109,178,101,2026-10-03T15:13:19.526894+07:00,523.047801536,0.18581307400017977,OK,,True,2026-10-03T15:13:19.712719+07:00,523.2336224430001,0.033130291999896144,OK,,True,1296,0.162,,2026-10-03T15:13:19.745849+07:00,523.2667556239999,0.032831722000082664,OK,,True,2474,0.30925,
c833c10214a84703b40edbdf1b2f16b1,525,2026-10-03T15:13:20.526950+07:00,524.0478062030002,43.74990093500037,BASELINE,524.2101181760002,1.0000968510003077,0.2535339920000297,0.0001886459999695944,DISABLED,on,user_reported,37.208534240722656,51.11088943481445,1007.065625,126858.2734375,True,True,True,176,0,0,109,178,101,2026-10-03T15:13:20.527136+07:00,524.0480417919998,0.18683615400004783,OK,,True,2026-10-03T15:13:20.713982+07:00,524.234885631,0.03350434200001473,OK,,True,1294,0.16175,,2026-10-03T15:13:20.747492+07:00,524.2683953619999,0.032935481000095024,OK,,True,2471,0.308875,
c833c10214a84703b40edbdf1b2f16b1,526,2026-10-03T15:13:21.526811+07:00,525.0477076540001,44.74980238600028,BASELINE,525.2100196270001,0.9999014509999142,0.2517560629999025,9.009699988382636e-05,DISABLED,on,user_reported,37.21172332763672,51.1238899230957,1007.07078125,127331.5078125,True,True,True,176,0,0,109,178,101,2026-10-03T15:13:21.526891+07:00,525.0477977639998,0.18580819399994652,OK,,True,2026-10-03T15:13:21.712710+07:00,525.2336134940001,0.03298009299987825,OK,,True,1276,0.1595,,2026-10-03T15:13:21.745691+07:00,525.2665970120001,0.032858168999609916,OK,,True,2477,0.309625,
c833c10214a84703b40edbdf1b2f16b1,527,2026-10-03T15:13:22.526809+07:00,526.0477058299998,45.74980056200002,BASELINE,526.2100178029998,0.9999981759997354,0.25351524400002745,8.827299961922108e-05,DISABLED,on,user_reported,37.211082458496094,51.1237907409668,1007.01484375,127331.5078125,True,True,True,176,0,0,109,178,101,2026-10-03T15:13:22.526893+07:00,526.0477989770002,0.1858138089996828,OK,,True,2026-10-03T15:13:22.712717+07:00,526.2336203780001,0.03443925400006265,OK,,True,1275,0.15937500000000002,,2026-10-03T15:13:22.747171+07:00,526.2680670209998,0.033132331000160775,OK,,True,2460,0.3075,
c833c10214a84703b40edbdf1b2f16b1,528,2026-10-03T15:13:23.526855+07:00,527.047748768,46.749843500000225,BASELINE,527.210060741,1.000042938000206,0.2517767039998944,0.00013121099982527085,DISABLED,on,user_reported,37.20087432861328,51.122352600097656,1007.053203125,127047.1484375,True,True,True,176,0,0,109,178,101,2026-10-03T15:13:23.526948+07:00,527.0478549519999,0.18583759000011923,OK,,True,2026-10-03T15:13:23.712797+07:00,527.2337002270001,0.0329770749999625,OK,,True,1275,0.15937500000000002,,2026-10-03T15:13:23.745774+07:00,527.2666803020002,0.03283681799985061,OK,,True,2474,0.30925,
c833c10214a84703b40edbdf1b2f16b1,529,2026-10-03T15:13:24.526807+07:00,528.0477038409999,47.749798573000135,BASELINE,528.2100158139999,0.99995507299991,0.2517643760002102,8.628399973531486e-05,DISABLED,on,user_reported,37.208534240722656,51.11716842651367,1007.038203125,127141.7890625,True,True,True,176,0,0,109,178,101,2026-10-03T15:13:24.526889+07:00,528.0477961359998,0.18580007700029455,OK,,True,2026-10-03T15:13:24.712698+07:00,528.2336016009999,0.033000798000102805,OK,,True,1284,0.1605,,2026-10-03T15:13:24.745699+07:00,528.266605714,0.03285361500002182,OK,,True,2476,0.3095,
c833c10214a84703b40edbdf1b2f16b1,530,2026-10-03T15:13:25.526814+07:00,529.047710028,48.74980476000019,BASELINE,529.210022001,1.0000061870000536,0.2580621130000509,9.247099978892948e-05,DISABLED,on,user_reported,37.19704818725586,51.12809371948242,1007.060625,126858.2734375,True,True,True,176,0,0,109,178,101,2026-10-03T15:13:25.526893+07:00,529.0478006009998,0.1898813660000087,OK,,True,2026-10-03T15:13:25.716799+07:00,529.237698374,0.034189927999705105,OK,,True,1274,0.15925,,2026-10-03T15:13:25.750999+07:00,529.2718979309998,0.0338541549999718,OK,,True,2470,0.30875,
c833c10214a84703b40edbdf1b2f16b1,531,2026-10-03T15:13:26.526896+07:00,530.0477813110001,49.74987604300031,BASELINE,530.2100932840001,1.0000712830001248,0.26289341099982266,0.0001637539999137516,DISABLED,on,user_reported,37.19002914428711,51.12709045410156,1007.1109375,126858.2734375,True,True,True,176,0,0,109,178,101,2026-10-03T15:13:26.527061+07:00,530.0479661599998,0.19175822900024286,OK,,True,2026-10-03T15:13:26.718837+07:00,530.239737759,0.035688978000052884,OK,,True,1291,0.161375,,2026-10-03T15:13:26.754531+07:00,530.2754349219999,0.03522198500013474,OK,,True,2477,0.309625,
c833c10214a84703b40edbdf1b2f16b1,532,2026-10-03T15:13:27.526853+07:00,531.0477410059998,50.749835738,BASELINE,531.2100529789998,0.9999596949996885,0.2632072640003571,0.0001234489996022603,DISABLED,on,user_reported,37.18939208984375,51.139564514160156,1007.137265625,127047.1484375,True,True,True,176,0,0,109,178,101,2026-10-03T15:13:27.527001+07:00,531.04790667,0.19154681200006962,OK,,True,2026-10-03T15:13:27.718567+07:00,531.239467074,0.03552372200010723,OK,,True,1283,0.160375,,2026-10-03T15:13:27.754096+07:00,531.2749993699999,0.03592627099988022,OK,,True,2465,0.308125,
c833c10214a84703b40edbdf1b2f16b1,533,2026-10-03T15:13:28.526824+07:00,532.0477191310001,51.74981386300033,BASELINE,532.2100311040001,0.9999781250003252,0.25168638199966153,0.0001015739999274956,DISABLED,on,user_reported,37.18939208984375,51.13328552246094,1007.075625,126858.2734375,True,True,True,176,0,0,109,178,101,2026-10-03T15:13:28.526903+07:00,532.0478100559999,0.1858104450002429,OK,,True,2026-10-03T15:13:28.712722+07:00,532.2336254819998,0.03295570900036182,OK,,True,1279,0.15987500000000002,,2026-10-03T15:13:28.745678+07:00,532.2665838759999,0.03281358200001705,OK,,True,2474,0.30925,
c833c10214a84703b40edbdf1b2f16b1,534,2026-10-03T15:13:29.526813+07:00,533.0477083709998,52.74980310299998,BASELINE,533.2100203439998,0.9999892399996497,0.2516749430001255,9.08139995772217e-05,DISABLED,on,user_reported,37.191307067871094,51.14611053466797,1007.09234375,127331.5078125,True,True,True,176,0,0,109,178,101,2026-10-03T15:13:29.526892+07:00,533.047799684,0.1858086900001581,OK,,True,2026-10-03T15:13:29.712711+07:00,533.2336142069998,0.03294713600007526,OK,,True,1286,0.16075,,2026-10-03T15:13:29.745658+07:00,533.2665642870002,0.032810822999636,OK,,True,2471,0.308875,
c833c10214a84703b40edbdf1b2f16b1,535,2026-10-03T15:13:30.526810+07:00,534.0477061880001,53.749800920000325,BASELINE,534.2100181610001,0.9999978170003487,0.25166485599993393,8.86309999259538e-05,DISABLED,on,user_reported,37.187477111816406,51.15184020996094,1007.086328125,126764.046875,True,True,True,176,0,0,109,178,101,2026-10-03T15:13:30.526888+07:00,534.0477954829998,0.18579763900015678,OK,,True,2026-10-03T15:13:30.712694+07:00,534.2335982139998,0.0329499700001179,OK,,True,1284,0.1605,,2026-10-03T15:13:30.745644+07:00,534.2665510349998,0.03281167600016488,OK,,True,2474,0.30925,
c833c10214a84703b40edbdf1b2f16b1,536,2026-10-03T15:13:31.526816+07:00,535.0477118419999,54.749806574000104,BASELINE,535.2100238149999,1.0000056539997786,0.2531116899999688,9.42849997045414e-05,DISABLED,on,user_reported,37.18492889404297,51.14521026611328,1007.116328125,127426.578125,True,True,True,176,0,0,109,178,101,2026-10-03T15:13:31.526896+07:00,535.0478033959998,0.18584614200017313,OK,,True,2026-10-03T15:13:31.712755+07:00,535.2336579080002,0.033977638999658666,OK,,True,1269,0.15862500000000002,,2026-10-03T15:13:31.746741+07:00,535.2676425660002,0.033164947999921424,OK,,True,2459,0.307375,
c833c10214a84703b40edbdf1b2f16b1,537,2026-10-03T15:13:32.526816+07:00,536.0477117219998,55.74980645400001,BASELINE,536.2100236949998,0.9999998799999048,0.2519339740001669,9.416499960934743e-05,DISABLED,on,user_reported,37.18811798095703,51.151939392089844,1007.066796875,127141.7890625,True,True,True,176,0,0,109,178,101,2026-10-03T15:13:32.526898+07:00,536.0478053309998,0.18580014700000902,OK,,True,2026-10-03T15:13:32.712707+07:00,536.2336109600001,0.033135300999674655,OK,,True,1276,0.1595,,2026-10-03T15:13:32.745845+07:00,536.2667500759999,0.03288695299988831,OK,,True,2473,0.309125,
c833c10214a84703b40edbdf1b2f16b1,538,2026-10-03T15:13:33.526809+07:00,537.0477054019998,56.749800134,BASELINE,537.2100173749998,0.9999936799999887,0.2517567230001987,8.784499959801906e-05,DISABLED,on,user_reported,37.18109893798828,51.16350173950195,1007.110078125,127521.796875,True,True,True,176,0,0,109,178,101,2026-10-03T15:13:33.526896+07:00,537.0478026780002,0.18580353999959698,OK,,True,2026-10-03T15:13:33.712708+07:00,537.2336117539999,0.03297128700023677,OK,,True,1277,0.15962500000000002,,2026-10-03T15:13:33.745682+07:00,537.266586578,0.0328672320001715,OK,,True,2478,0.30975,
c833c10214a84703b40edbdf1b2f16b1,539,2026-10-03T15:13:34.526813+07:00,538.0477085110001,57.749803243000315,BASELINE,538.2100204840001,1.0000031090003176,0.25171930299984524,9.0953999915655e-05,DISABLED,on,user_reported,37.17790985107422,51.15677261352539,1007.050078125,126764.046875,True,True,True,176,0,0,109,178,101,2026-10-03T15:13:34.526892+07:00,538.0477991389998,0.18580308100035836,OK,,True,2026-10-03T15:13:34.712703+07:00,538.2336066829998,0.03296634200023618,OK,,True,1291,0.161375,,2026-10-03T15:13:34.745670+07:00,538.2665765249999,0.0328431590000946,OK,,True,2470,0.30875,
c833c10214a84703b40edbdf1b2f16b1,540,2026-10-03T15:13:35.526808+07:00,539.0477040299997,58.749798761999955,BASELINE,539.2100160029997,0.9999955189996399,0.2517691420002848,8.647299955555354e-05,DISABLED,on,user_reported,37.17089080810547,51.16204833984375,1007.08671875,126576.0234375,True,True,True,176,0,0,109,178,101,2026-10-03T15:13:35.526889+07:00,539.0477958810002,0.1858206959996096,OK,,True,2026-10-03T15:13:35.712721+07:00,539.2336244839998,0.03299876900018717,OK,,True,1292,0.1615,,2026-10-03T15:13:35.745722+07:00,539.2666270670002,0.032837122999808344,OK,,True,2472,0.309,
c833c10214a84703b40edbdf1b2f16b1,541,2026-10-03T15:13:36.526811+07:00,540.0477066829999,59.74980141500009,BASELINE,540.2100186559999,1.0000026530001378,0.25186749700014843,8.912599969335133e-05,DISABLED,on,user_reported,37.168338775634766,51.1805305480957,1007.021015625,127236.578125,True,True,True,176,0,0,109,178,101,2026-10-03T15:13:36.526891+07:00,540.0477981260001,0.18580038599975524,OK,,True,2026-10-03T15:13:36.712701+07:00,540.2336056230001,0.033023786999820004,OK,,True,1293,0.161625,,2026-10-03T15:13:36.745727+07:00,540.2666328360001,0.03293245599979855,OK,,True,2471,0.308875,
c833c10214a84703b40edbdf1b2f16b1,542,2026-10-03T15:13:37.526822+07:00,541.0477167469999,0.7498114790000727,WAIT_EXPOSURE,541.2100287199999,1.00001006399998,0.2517704669999148,9.918999967339914e-05,DISABLED,on,user_reported,37.15876770019531,51.18545150756836,1007.121796875,127236.578125,True,True,True,176,0,0,109,178,101,2026-10-03T15:13:37.526908+07:00,541.0478155599999,0.185825480999938,OK,,True,2026-10-03T15:13:37.712746+07:00,541.233648726,0.03297895600007905,OK,,True,1280,0.16,,2026-10-03T15:13:37.745725+07:00,541.266631293,0.032846736000010424,OK,,True,2469,0.308625,
c833c10214a84703b40edbdf1b2f16b1,543,2026-10-03T15:13:38.526846+07:00,542.0477366280002,1.7498313600003712,WAIT_EXPOSURE,542.2100486010002,1.0000198810002985,0.2628683889997774,0.00011907099997188197,DISABLED,on,user_reported,37.15813064575195,51.19163513183594,1007.11390625,127047.1484375,True,True,True,176,0,0,109,178,101,2026-10-03T15:13:38.526977+07:00,542.047883015,0.19136273000003712,OK,,True,2026-10-03T15:13:38.718361+07:00,542.239261227,0.0360184629998912,OK,,True,1285,0.160625,,2026-10-03T15:13:38.754386+07:00,542.2752886160001,0.035295641999709915,OK,,True,2486,0.31075,
c833c10214a84703b40edbdf1b2f16b1,544,2026-10-03T15:13:39.526819+07:00,543.0477162359998,2.74981096800002,WAIT_EXPOSURE,543.2100282089998,0.9999796079996486,0.2517714590003379,9.867899962046067e-05,DISABLED,on,user_reported,37.160682678222656,51.21084213256836,1007.0221875,127047.1484375,True,True,True,176,0,0,109,178,101,2026-10-03T15:13:39.526924+07:00,543.047830734,0.18580163800015725,OK,,True,2026-10-03T15:13:39.712736+07:00,543.2336393159999,0.03296903199998269,OK,,True,1278,0.15975,,2026-10-03T15:13:39.745705+07:00,543.2666116619998,0.03286708900031954,OK,,True,2470,0.30875,
c833c10214a84703b40edbdf1b2f16b1,545,2026-10-03T15:13:40.526805+07:00,544.0477018830002,3.7497966150003776,WAIT_EXPOSURE,544.2100138560002,0.9999856470003579,0.25176472399971317,8.432599997831858e-05,DISABLED,on,user_reported,37.16004180908203,51.2044677734375,1007.0896875,127236.578125,True,True,True,176,0,0,109,178,101,2026-10-03T15:13:40.526884+07:00,544.0477911960002,0.18579595799974413,OK,,True,2026-10-03T15:13:40.712690+07:00,544.233594024,0.033002401999965514,OK,,True,1279,0.15987500000000002,,2026-10-03T15:13:40.745693+07:00,544.266599481,0.032858792999832076,OK,,True,2472,0.309,
c833c10214a84703b40edbdf1b2f16b1,546,2026-10-03T15:13:41.526807+07:00,545.0477031629998,4.749797895000029,WAIT_EXPOSURE,545.2100151359998,1.0000012799996512,0.25195839400021214,8.56059996294789e-05,DISABLED,on,user_reported,37.15940475463867,51.2295036315918,1007.081796875,127141.7890625,True,True,True,176,0,0,109,178,101,2026-10-03T15:13:41.526886+07:00,545.0477931619998,0.18580057200006195,OK,,True,2026-10-03T15:13:41.712697+07:00,545.2336002709999,0.0330088099999557,OK,,True,1286,0.16075,,2026-10-03T15:13:41.745708+07:00,545.2666126919999,0.03304027200010751,OK,,True,2470,0.30875,
c833c10214a84703b40edbdf1b2f16b1,547,2026-10-03T15:13:42.526806+07:00,546.0477027430002,5.749797475000378,WAIT_EXPOSURE,546.2100147160002,0.9999995800003489,0.2517144029998235,8.518599997842102e-05,DISABLED,on,user_reported,37.15238571166992,51.2159423828125,1007.03625,127236.578125,True,True,True,176,0,0,109,178,101,2026-10-03T15:13:42.526890+07:00,546.0477970010002,0.18580426099970282,OK,,True,2026-10-03T15:13:42.712705+07:00,546.2336086320001,0.03296325599967531,OK,,True,1291,0.161375,,2026-10-03T15:13:42.745668+07:00,546.266574962,0.03283375799992427,OK,,True,2472,0.309,
c833c10214a84703b40edbdf1b2f16b1,548,2026-10-03T15:13:43.526806+07:00,547.0477019549999,6.749796687000071,WAIT_EXPOSURE,547.2100139279999,0.9999992119996932,0.25168231599991486,8.439799967163708e-05,DISABLED,on,user_reported,37.14536666870117,51.233795166015625,1006.99734375,126669.96875,True,True,True,176,0,0,109,178,101,2026-10-03T15:13:43.526890+07:00,547.0477966570002,0.18580270999973436,OK,,True,2026-10-03T15:13:43.712703+07:00,547.233606663,0.03295083100010743,OK,,True,1290,0.16125,,2026-10-03T15:13:43.745654+07:00,547.266560476,0.03281522099996437,OK,,True,2466,0.30825,
c833c10214a84703b40edbdf1b2f16b1,549,2026-10-03T15:13:44.526872+07:00,548.0477579660001,7.749852698000268,WAIT_EXPOSURE,548.210069939,1.000056011000197,0.26208019399973637,0.00014040899986866862,DISABLED,on,user_reported,37.14154052734375,51.233245849609375,1007.0734375,126858.2734375,True,True,True,176,0,0,109,178,101,2026-10-03T15:13:44.527031+07:00,548.0479367970001,0.19171991599978355,OK,,True,2026-10-03T15:13:44.718769+07:00,548.23967038,0.03572184299991932,OK,,True,1275,0.15937500000000002,,2026-10-03T15:13:44.754497+07:00,548.2754007409999,0.03442073399992296,OK,,True,2486,0.31075,
c833c10214a84703b40edbdf1b2f16b1,550,2026-10-03T15:13:45.526838+07:00,549.0477338139999,8.749828546000117,WAIT_EXPOSURE,549.2100457869999,0.9999758479998491,0.2517215299999407,0.00011625699971773429,DISABLED,on,user_reported,37.143455505371094,51.23979949951172,1007.0490625,127236.578125,True,True,True,176,0,0,109,178,101,2026-10-03T15:13:45.526925+07:00,549.047831757,0.18581636599992635,OK,,True,2026-10-03T15:13:45.712752+07:00,549.233655771,0.0329725349997716,OK,,True,1288,0.161,,2026-10-03T15:13:45.745726+07:00,549.2666317879998,0.03281514900027105,OK,,True,2473,0.309125,
c833c10214a84703b40edbdf1b2f16b1,551,2026-10-03T15:13:46.526812+07:00,550.0477084620002,9.749803194000378,WAIT_EXPOSURE,550.2100204350002,0.9999746480002614,0.2516836099998727,9.090499997910229e-05,DISABLED,on,user_reported,37.14217758178711,51.25218200683594,1007.033359375,127521.796875,True,True,True,176,0,0,109,178,101,2026-10-03T15:13:46.526894+07:00,550.0478008489999,0.1857942780002304,OK,,True,2026-10-03T15:13:46.712697+07:00,550.2336009599999,0.032958314000097744,OK,,True,1274,0.15925,,2026-10-03T15:13:46.745658+07:00,550.266563404,0.03282024200007072,OK,,True,2473,0.309125,
c833c10214a84703b40edbdf1b2f16b1,552,2026-10-03T15:13:47.526815+07:00,551.0477116120001,10.749806344000262,WAIT_EXPOSURE,551.210023585,1.000003149999884,0.25179785399996035,9.40549998631468e-05,DISABLED,on,user_reported,37.13324737548828,51.25090789794922,1007.01890625,126482.2109375,True,True,True,176,0,0,109,178,101,2026-10-03T15:13:47.526896+07:00,551.0478035739998,0.1858164840000427,OK,,True,2026-10-03T15:13:47.712726+07:00,551.233628725,0.03299901799982763,OK,,True,1272,0.159,,2026-10-03T15:13:47.745727+07:00,551.2666316129998,0.032867686999907164,OK,,True,2473,0.309125,
c833c10214a84703b40edbdf1b2f16b1,553,2026-10-03T15:13:48.526814+07:00,552.0477107279999,11.749805460000061,WAIT_EXPOSURE,552.2100227009998,0.999999115999799,0.25165526999990107,9.317099966210662e-05,DISABLED,on,user_reported,37.132606506347656,51.257102966308594,1006.997265625,127047.1484375,True,True,True,176,0,0,109,178,101,2026-10-03T15:13:48.526894+07:00,552.0478013749998,0.1857907480002723,OK,,True,2026-10-03T15:13:48.712694+07:00,552.2335980490002,0.03296312999964357,OK,,True,1272,0.159,,2026-10-03T15:13:48.745658+07:00,552.2665640499999,0.032793724999919505,OK,,True,2468,0.3085,
c833c10214a84703b40edbdf1b2f16b1,554,2026-10-03T15:13:49.526845+07:00,553.0477405689999,12.749835301000076,WAIT_EXPOSURE,553.2100525419999,1.0000298410000141,0.25170068099987475,0.00012301199967623688,DISABLED,on,user_reported,37.127506256103516,51.27522659301758,1007.105390625,127236.578125,True,True,True,176,0,0,109,178,101,2026-10-03T15:13:49.526934+07:00,553.0478411409999,0.18581466000023283,OK,,True,2026-10-03T15:13:49.712760+07:00,553.2336630039999,0.032942483000169887,OK,,True,1280,0.16,,2026-10-03T15:13:49.745702+07:00,553.2666083579998,0.03282418900016637,OK,,True,2470,0.30875,
c833c10214a84703b40edbdf1b2f16b1,555,2026-10-03T15:13:50.526851+07:00,554.0477415239998,13.74983625599998,WAIT_EXPOSURE,554.2100534969998,1.000000954999905,0.2715245980002692,0.00012396699958117097,DISABLED,on,user_reported,37.12367630004883,51.274688720703125,1007.1128125,126482.2109375,True,True,True,176,0,0,109,178,101,2026-10-03T15:13:50.526986+07:00,554.0478921690001,0.19136665099995298,OK,,True,2026-10-03T15:13:50.718373+07:00,554.2392730789998,0.03911351700025989,OK,,True,1287,0.160875,,2026-10-03T15:13:50.757497+07:00,554.2783972990001,0.040848193999863724,OK,,True,2482,0.31025,
c833c10214a84703b40edbdf1b2f16b1,556,2026-10-03T15:13:51.526914+07:00,555.0478017949999,14.749896527000146,WAIT_EXPOSURE,555.2101137679999,1.0000602710001658,0.26228145300001415,0.0001842379997469834,DISABLED,on,user_reported,37.12431335449219,51.28105163574219,1007.18234375,127141.7890625,True,True,True,176,0,0,109,178,101,2026-10-03T15:13:51.527071+07:00,555.0479765519999,0.19154005900008997,OK,,True,2026-10-03T15:13:51.718633+07:00,555.2395327589998,0.035358965000341414,OK,,True,1269,0.15862500000000002,,2026-10-03T15:13:51.753997+07:00,555.2749009089998,0.03516335800031811,OK,,True,2478,0.30975,
c833c10214a84703b40edbdf1b2f16b1,557,2026-10-03T15:13:52.526826+07:00,556.0477207200001,0.11534993900022528,EXPOSURE,556.2100326930001,0.9999189250002019,0.2520103779997953,0.00010316299994883593,DISABLED,on,user_reported,37.12431335449219,51.293617248535156,1007.10015625,127141.7890625,True,True,True,176,0,0,109,178,101,2026-10-03T15:13:52.526909+07:00,556.0478160150001,0.18580957799986209,OK,,True,2026-10-03T15:13:52.712731+07:00,556.2336340010002,0.03319361099966045,OK,,True,1273,0.15912500000000002,,2026-10-03T15:13:52.745929+07:00,556.266833186,0.03288583799985645,OK,,True,2469,0.308625,
c833c10214a84703b40edbdf1b2f16b1,558,2026-10-03T15:13:53.526813+07:00,557.0477084419999,1.1153376610000123,EXPOSURE,557.2100204149999,0.999987721999787,0.2518917369998235,9.088499973586295e-05,DISABLED,on,user_reported,37.125587463378906,51.29380416870117,1007.11609375,127426.578125,True,True,True,176,0,0,109,178,101,2026-10-03T15:13:53.526897+07:00,557.047804367,0.1858128230001057,OK,,True,2026-10-03T15:13:53.712722+07:00,557.2336251900001,0.03314040899977044,OK,,True,1292,0.1615,,2026-10-03T15:13:53.745863+07:00,557.2667689139998,0.0328230430000076,OK,,True,2478,0.30975,
c833c10214a84703b40edbdf1b2f16b1,559,2026-10-03T15:13:54.526822+07:00,558.0477170559998,2.1153462749998653,EXPOSURE,558.2100290289998,1.000008613999853,0.25168811599996843,9.94989995888318e-05,DISABLED,on,user_reported,37.127506256103516,51.312923431396484,1007.050546875,127141.7890625,True,True,True,176,0,0,109,178,101,2026-10-03T15:13:54.526901+07:00,558.0478079439999,0.18580682699985118,OK,,True,2026-10-03T15:13:54.712718+07:00,558.2336217520001,0.03295256100000188,OK,,True,1290,0.16125,,2026-10-03T15:13:54.745671+07:00,558.266577165,0.03281995099996493,OK,,True,2463,0.307875,
c833c10214a84703b40edbdf1b2f16b1,560,2026-10-03T15:13:55.526812+07:00,559.047707487,3.1153367060001074,EXPOSURE,559.21001946,0.9999904310002421,0.2517454720000387,8.992999983092886e-05,DISABLED,on,user_reported,37.12495040893555,51.30628204345703,1007.067109375,127047.1484375,True,True,True,176,0,0,109,178,101,2026-10-03T15:13:55.526896+07:00,559.0478030230001,0.1858043499996711,OK,,True,2026-10-03T15:13:55.712711+07:00,559.2336141320002,0.032982523999635305,OK,,True,1291,0.161375,,2026-10-03T15:13:55.745694+07:00,559.2665997479999,0.03284526700008428,OK,,True,2476,0.3095,
c833c10214a84703b40edbdf1b2f16b1,561,2026-10-03T15:13:56.526815+07:00,560.0477106990002,4.115339918000245,EXPOSURE,560.2100226720002,1.0000032120001379,0.25176812499967127,9.314199996879324e-05,DISABLED,on,user_reported,37.12622833251953,51.306461334228516,1007.04171875,126482.2109375,True,True,True,176,0,0,109,178,101,2026-10-03T15:13:56.526899+07:00,560.0478063269998,0.18580413100016813,OK,,True,2026-10-03T15:13:56.712714+07:00,560.233617329,0.03298746900009064,OK,,True,1284,0.1605,,2026-10-03T15:13:56.745703+07:00,560.2666089270001,0.032861359999969864,OK,,True,2479,0.309875,
c833c10214a84703b40edbdf1b2f16b1,562,2026-10-03T15:13:57.528423+07:00,561.0493077400001,5.116936959000213,EXPOSURE,561.2116197130001,1.0015970409999682,0.25647972399974606,0.001690182999936951,DISABLED,on,user_reported,37.11602020263672,51.30501174926758,1007.059453125,126764.046875,True,True,True,176,0,0,109,178,101,2026-10-03T15:13:57.528581+07:00,561.0494872190002,0.18824572699986675,OK,,True,2026-10-03T15:13:57.716841+07:00,561.2377428899999,0.03380606800010355,OK,,True,1290,0.16125,,2026-10-03T15:13:57.750650+07:00,561.2715545319998,0.03421428400042714,OK,,True,2477,0.309625,
c833c10214a84703b40edbdf1b2f16b1,563,2026-10-03T15:13:58.526854+07:00,562.0477491470001,6.115378366000186,EXPOSURE,562.2100611200001,0.998441406999973,0.2517270630000894,0.00013158999990992015,DISABLED,on,user_reported,37.11091613769531,51.29800033569336,1007.02375,127236.578125,True,True,True,176,0,0,109,178,101,2026-10-03T15:13:58.526941+07:00,562.047848535,0.18582349100006468,OK,,True,2026-10-03T15:13:58.712776+07:00,562.2336797110001,0.03295976699973835,OK,,True,1289,0.161125,,2026-10-03T15:13:58.745736+07:00,562.2666423850001,0.0328257510000185,OK,,True,2467,0.308375,
c833c10214a84703b40edbdf1b2f16b1,564,2026-10-03T15:13:59.526859+07:00,563.0477544219998,7.11538364099988,EXPOSURE,563.2100663949998,1.000005274999694,0.25187158400012777,0.00013686499960385845,DISABLED,on,user_reported,37.105812072753906,51.30984878540039,1007.00171875,126669.96875,True,True,True,176,0,0,109,178,101,2026-10-03T15:13:59.526947+07:00,563.0478544389998,0.1858217720000539,OK,,True,2026-10-03T15:13:59.712781+07:00,563.2336840819999,0.033098173000325914,OK,,True,1278,0.15975,,2026-10-03T15:13:59.745879+07:00,563.2667854769998,0.03283260300031543,OK,,True,2469,0.308625,
c833c10214a84703b40edbdf1b2f16b1,565,2026-10-03T15:14:00.526849+07:00,564.0477437909999,8.115373009999985,EXPOSURE,564.2100557639999,0.9999893690001045,0.2517325730000266,0.00012623399970834726,DISABLED,on,user_reported,37.102622985839844,51.328243255615234,1007.133515625,127047.1484375,True,True,True,176,0,0,109,178,101,2026-10-03T15:14:00.526940+07:00,564.0478466230002,0.18582781399982196,OK,,True,2026-10-03T15:14:00.712777+07:00,564.2336812140002,0.032952638999631745,OK,,True,1281,0.160125,,2026-10-03T15:14:00.745731+07:00,564.2666373530001,0.03283030700004019,OK,,True,2468,0.3085,
c833c10214a84703b40edbdf1b2f16b1,566,2026-10-03T15:14:01.526838+07:00,565.047733423,9.115362642000036,EXPOSURE,565.2100453959999,0.9999896320000516,0.25173626300011165,0.00011586599975998979,DISABLED,on,user_reported,37.1032600402832,51.32832336425781,1007.100390625,126858.2734375,True,True,True,176,0,0,109,178,101,2026-10-03T15:14:01.526925+07:00,565.047832273,0.18581028100015828,OK,,True,2026-10-03T15:14:01.712747+07:00,565.2336499419998,0.032954103000065516,OK,,True,1284,0.1605,,2026-10-03T15:14:01.745702+07:00,565.2666074519998,0.03285325200022271,OK,,True,2463,0.307875,
c833c10214a84703b40edbdf1b2f16b1,567,2026-10-03T15:14:02.526840+07:00,566.0477363340001,10.115365553000174,EXPOSURE,566.2100483070001,1.0000029110001378,0.25285312100004376,0.00011877699989781831,DISABLED,on,user_reported,37.10389709472656,51.32841873168945,1007.101484375,127047.1484375,True,True,True,176,0,0,109,178,101,2026-10-03T15:14:02.526926+07:00,566.0478335920002,0.18606546499995602,OK,,True,2026-10-03T15:14:02.713014+07:00,566.233913131,0.03348224299998037,OK,,True,1257,0.15712500000000001,,2026-10-03T15:14:02.746507+07:00,566.2674068189999,0.0331685070000276,OK,,True,2458,0.30725,
c833c10214a84703b40edbdf1b2f16b1,568,2026-10-03T15:14:03.526847+07:00,567.0477422280001,11.115371447000143,EXPOSURE,567.210054201,1.000005893999969,0.25179681000008713,0.00012467099986679386,DISABLED,on,user_reported,37.09943389892578,51.327781677246094,1007.066796875,126764.046875,True,True,True,176,0,0,109,178,101,2026-10-03T15:14:03.526941+07:00,567.0478479120002,0.18582897299984324,OK,,True,2026-10-03T15:14:03.712781+07:00,567.23368433,0.03299717700019755,OK,,True,1281,0.160125,,2026-10-03T15:14:03.745779+07:00,567.2666849510001,0.032846308999978646,OK,,True,2468,0.3085,
c833c10214a84703b40edbdf1b2f16b1,569,2026-10-03T15:14:04.526846+07:00,568.0477398479998,12.115369066999847,EXPOSURE,568.2100518209998,0.9999976199997036,0.2517197050001414,0.0001222909995703958,DISABLED,on,user_reported,37.107723236083984,51.34152603149414,1007.073359375,127426.578125,True,True,True,176,0,0,109,178,101,2026-10-03T15:14:04.526931+07:00,568.0478375869998,0.18582757000012862,OK,,True,2026-10-03T15:14:04.712769+07:00,568.2336726939998,0.03296771500026807,OK,,True,1286,0.16075,,2026-10-03T15:14:04.745738+07:00,568.2666433720001,0.03280745899974136,OK,,True,2474,0.30925,
c833c10214a84703b40edbdf1b2f16b1,570,2026-10-03T15:14:05.526855+07:00,569.047750451,13.115379670000038,EXPOSURE,569.210062424,1.0000106030001916,0.2518102449998878,0.0001328939997620182,DISABLED,on,user_reported,37.107723236083984,51.34781265258789,1007.0528125,126764.046875,True,True,True,176,0,0,109,178,101,2026-10-03T15:14:05.526953+07:00,569.047860616,0.18583757299984427,OK,,True,2026-10-03T15:14:05.712803+07:00,569.2337056329998,0.03297614200027965,OK,,True,1284,0.1605,,2026-10-03T15:14:05.745779+07:00,569.2666852570001,0.032865477000086685,OK,,True,2471,0.308875,
c833c10214a84703b40edbdf1b2f16b1,571,2026-10-03T15:14:06.526926+07:00,570.0478217579998,14.11545097699991,EXPOSURE,570.2101337309998,1.000071306999871,0.2527037750001,0.00020420099963303073,DISABLED,on,user_reported,37.10517120361328,51.347450256347656,1007.04875,126952.640625,True,True,True,176,0,0,109,178,101,2026-10-03T15:14:06.527009+07:00,570.047916387,0.1866219540002021,OK,,True,2026-10-03T15:14:06.713644+07:00,570.234547174,0.0331011779999244,OK,,True,1281,0.160125,,2026-10-03T15:14:06.746745+07:00,570.267651351,0.032864810999853944,OK,,True,2472,0.309,
c833c10214a84703b40edbdf1b2f16b1,572,2026-10-03T15:14:07.526877+07:00,571.0477706070001,15.115399826000157,EXPOSURE,571.2100825800001,0.9999488490002477,0.2533029739997801,0.00015304999988074997,DISABLED,on,user_reported,37.09049987792969,51.345367431640625,1007.04546875,126952.640625,True,True,True,176,0,0,109,178,101,2026-10-03T15:14:07.526968+07:00,571.0478744940001,0.18734952099976,OK,,True,2026-10-03T15:14:07.714329+07:00,571.2352317,0.03298538399985773,OK,,True,1284,0.1605,,2026-10-03T15:14:07.747314+07:00,571.2682202139999,0.03284362600015811,OK,,True,2472,0.309,
c833c10214a84703b40edbdf1b2f16b1,573,2026-10-03T15:14:08.527361+07:00,572.0482529309998,16.115882149999834,EXPOSURE,572.2105649039997,1.0004823239996767,0.26095152900006724,0.000635373999557487,DISABLED,on,user_reported,37.08922576904297,51.34518814086914,1006.99546875,126764.046875,True,True,True,176,0,0,109,178,101,2026-10-03T15:14:08.527481+07:00,572.0483870590001,0.19017501799999081,OK,,True,2026-10-03T15:14:08.717681+07:00,572.2385788359998,0.03541910700005246,OK,,True,1294,0.16175,,2026-10-03T15:14:08.753104+07:00,572.274007517,0.03517559200008691,OK,,True,2473,0.309125,
c833c10214a84703b40edbdf1b2f16b1,574,2026-10-03T15:14:09.526865+07:00,573.0477538649998,17.11538308399986,EXPOSURE,573.2100658379998,0.9995009340000252,0.25304454400020404,0.00013630799958264106,DISABLED,on,user_reported,37.088584899902344,51.36394500732422,1007.03546875,126858.2734375,True,True,True,176,0,0,109,178,101,2026-10-03T15:14:09.527013+07:00,573.047918066,0.18699670100022558,OK,,True,2026-10-03T15:14:09.714020+07:00,573.234922952,0.03301847700004146,OK,,True,1287,0.160875,,2026-10-03T15:14:09.747040+07:00,573.2679449470002,0.0328431099997033,OK,,True,2471,0.308875,
c833c10214a84703b40edbdf1b2f16b1,575,2026-10-03T15:14:10.526814+07:00,574.0477106640001,18.11533988300016,EXPOSURE,574.2100226370001,0.9999567990003015,0.25176516100009394,9.310699988418492e-05,DISABLED,on,user_reported,37.07901382446289,51.350013732910156,1007.074765625,127331.5078125,True,True,True,176,0,0,109,178,101,2026-10-03T15:14:10.526893+07:00,574.0477996629998,0.18581759200014858,OK,,True,2026-10-03T15:14:10.712722+07:00,574.2336248289998,0.033003553000071406,OK,,True,1278,0.15975,,2026-10-03T15:14:10.745727+07:00,574.266632326,0.03283298099995591,OK,,True,2473,0.309125,
c833c10214a84703b40edbdf1b2f16b1,576,2026-10-03T15:14:11.526823+07:00,575.0477188529999,19.11534807199996,EXPOSURE,575.2100308259999,1.0000081889998,0.2518707019999056,0.00010129599968422554,DISABLED,on,user_reported,37.07837677001953,51.36878204345703,1007.094296875,127331.5078125,True,True,True,176,0,0,109,178,101,2026-10-03T15:14:11.526902+07:00,575.0478097219998,0.18584159600004568,OK,,True,2026-10-03T15:14:11.712758+07:00,575.2336605770001,0.03303166399973634,OK,,True,1283,0.160375,,2026-10-03T15:14:11.745792+07:00,575.2666965560002,0.0328830729999936,OK,,True,2469,0.308625,
c833c10214a84703b40edbdf1b2f16b1,577,2026-10-03T15:14:12.526814+07:00,576.047709859,20.115339078000034,EXPOSURE,576.2100218319999,0.999991006000073,0.2521215179999672,9.230199975718278e-05,DISABLED,on,user_reported,37.07582473754883,51.38098907470703,1007.131328125,126482.2109375,True,True,True,176,0,0,109,178,101,2026-10-03T15:14:12.526891+07:00,576.0477985799998,0.1858156000002964,OK,,True,2026-10-03T15:14:12.712718+07:00,576.233621032,0.033333807999952114,OK,,True,1279,0.15987500000000002,,2026-10-03T15:14:12.746056+07:00,576.2669598030002,0.032861573999980465,OK,,True,2465,0.308125,
c833c10214a84703b40edbdf1b2f16b1,578,2026-10-03T15:14:13.526817+07:00,577.0477124959998,21.115341714999886,EXPOSURE,577.2100244689998,1.0000026369998523,0.2520320250000623,9.493899960943963e-05,DISABLED,on,user_reported,37.080928802490234,51.37543487548828,1007.105390625,126669.96875,True,True,True,176,0,0,109,178,101,2026-10-03T15:14:13.526897+07:00,577.0478039210002,0.1858167149998735,OK,,True,2026-10-03T15:14:13.712725+07:00,577.2336280250001,0.033198680999703356,OK,,True,1270,0.15875,,2026-10-03T15:14:13.745928+07:00,577.2668317980001,0.032902278999699774,OK,,True,2468,0.3085,
c833c10214a84703b40edbdf1b2f16b1,579,2026-10-03T15:14:14.526814+07:00,578.047709988,22.115339207000034,EXPOSURE,578.2100219609999,0.9999974920001478,0.2594419540000672,9.243099975719815e-05,DISABLED,on,user_reported,37.081565856933594,51.39437484741211,1007.065390625,126669.96875,True,True,True,176,0,0,109,178,101,2026-10-03T15:14:14.526892+07:00,578.0477998199999,0.19276009500026703,OK,,True,2026-10-03T15:14:14.719678+07:00,578.2405765809999,0.03369280400011121,OK,,True,1274,0.15925,,2026-10-03T15:14:14.753371+07:00,578.274274459,0.032866223999917565,OK,,True,2469,0.308625,
c833c10214a84703b40edbdf1b2f16b1,580,2026-10-03T15:14:15.526817+07:00,579.0477123139999,23.11534153299999,EXPOSURE,579.2100242869999,1.000002325999958,0.25429429599989817,9.475699971517315e-05,DISABLED,on,user_reported,37.073909759521484,51.39329147338867,1007.0596875,126952.640625,True,True,True,176,0,0,109,178,101,2026-10-03T15:14:15.526893+07:00,579.0477997379999,0.18584024100027818,OK,,True,2026-10-03T15:14:15.712746+07:00,579.2336491830001,0.03509994999967603,OK,,True,1259,0.15737500000000001,,2026-10-03T15:14:15.747852+07:00,579.2687547989999,0.03324019999990924,OK,,True,2462,0.30775,
c833c10214a84703b40edbdf1b2f16b1,581,2026-10-03T15:14:16.526819+07:00,580.0477142529999,24.11534347199995,EXPOSURE,580.2100262259999,1.000001938999958,0.25325100200007,9.669599967310205e-05,DISABLED,on,user_reported,37.07837677001953,51.406497955322266,1007.032734375,126669.96875,True,True,True,176,0,0,109,178,101,2026-10-03T15:14:16.526898+07:00,580.047805399,0.18631077500003812,OK,,True,2026-10-03T15:14:16.713223+07:00,580.2341251550001,0.03354206699987117,OK,,True,1278,0.15975,,2026-10-03T15:14:16.746769+07:00,580.2676719629999,0.03327766300026269,OK,,True,2471,0.308875,
c833c10214a84703b40edbdf1b2f16b1,582,2026-10-03T15:14:17.526819+07:00,581.047714971,25.115344190000087,EXPOSURE,581.210026944,1.0000007180001376,0.2526199059998362,9.741399981066934e-05,DISABLED,on,user_reported,37.06880569458008,51.39255142211914,1007.0309375,126764.046875,True,True,True,176,0,0,109,178,101,2026-10-03T15:14:17.526898+07:00,581.047804803,0.18589483999994627,OK,,True,2026-10-03T15:14:17.712806+07:00,581.2337084579999,0.033738564000032056,OK,,True,1281,0.160125,,2026-10-03T15:14:17.746549+07:00,581.2674524479999,0.03287148500021431,OK,,True,2469,0.308625,
c833c10214a84703b40edbdf1b2f16b1,583,2026-10-03T15:14:18.526820+07:00,582.0477158580002,26.115345077000256,EXPOSURE,582.2100278310002,1.0000008870001693,0.25364226599958783,9.830099997998332e-05,DISABLED,on,user_reported,37.072635650634766,51.42454147338867,1007.071328125,126482.2109375,True,True,True,176,0,0,109,178,101,2026-10-03T15:14:18.526901+07:00,582.0478079670002,0.1858218819998001,OK,,True,2026-10-03T15:14:18.712733+07:00,582.2336367749999,0.03480373399997916,OK,,True,1274,0.15925,,2026-10-03T15:14:18.747542+07:00,582.2684457320001,0.03290052199963611,OK,,True,2475,0.309375,
c833c10214a84703b40edbdf1b2f16b1,584,2026-10-03T15:14:19.526807+07:00,583.0477036540001,27.11533287300017,EXPOSURE,583.2100156270001,0.9999877959999139,0.25885224800003925,8.609699989392539e-05,DISABLED,on,user_reported,37.061790466308594,51.416709899902344,1006.9921875,127141.7890625,True,True,True,176,0,0,109,178,101,2026-10-03T15:14:19.526890+07:00,583.047797448,0.18611519700016288,OK,,True,2026-10-03T15:14:19.713022+07:00,583.2339222,0.035521631999927195,OK,,True,1286,0.16075,,2026-10-03T15:14:19.748552+07:00,583.2694530170002,0.0370466449999185,OK,,True,2467,0.308375,
c833c10214a84703b40edbdf1b2f16b1,585,2026-10-03T15:14:20.526861+07:00,584.0477493210001,28.115378540000165,EXPOSURE,584.2100612940001,1.0000456669999949,0.26290489599978173,0.00013176399988878984,DISABLED,on,user_reported,37.05731964111328,51.428646087646484,1007.115,127047.1484375,True,True,True,176,0,0,109,178,101,2026-10-03T15:14:20.527011+07:00,584.047917077,0.1922614780000913,OK,,True,2026-10-03T15:14:20.719294+07:00,584.2401931660002,0.03570761099990705,OK,,True,1267,0.15837500000000002,,2026-10-03T15:14:20.755008+07:00,584.2759094069997,0.03472664400032954,OK,,True,2475,0.309375,
c833c10214a84703b40edbdf1b2f16b1,586,2026-10-03T15:14:21.526855+07:00,585.0477458979999,29.115375116999985,EXPOSURE,585.2100578709999,0.9999965769998198,0.26377372200022364,0.00012834099970859825,DISABLED,on,user_reported,37.05349349975586,51.428096771240234,1007.115625,126952.640625,True,True,True,176,0,0,109,178,101,2026-10-03T15:14:21.526988+07:00,585.0478940990001,0.1928811949996998,OK,,True,2026-10-03T15:14:21.719891+07:00,585.2407908119999,0.03675139200004196,OK,,True,1278,0.15975,,2026-10-03T15:14:21.756648+07:00,585.277549852,0.0339458610001202,OK,,True,2473,0.309125,
c833c10214a84703b40edbdf1b2f16b1,587,2026-10-03T15:14:22.526878+07:00,586.0477657900001,30.115395009000167,EXPOSURE,586.2100777630001,1.0000198920001822,0.2762221150001096,0.00014823299989075167,DISABLED,on,user_reported,37.059871673583984,51.45414733886719,1007.050625,127047.1484375,True,True,True,176,0,0,109,178,101,2026-10-03T15:14:22.527036+07:00,586.0479412509999,0.19185747300025469,OK,,True,2026-10-03T15:14:22.718919+07:00,586.2398176860002,0.046185492999939015,OK,,True,1280,0.16,,2026-10-03T15:14:22.765111+07:00,586.2860120669998,0.03794696800014208,OK,,True,2467,0.308375,
c833c10214a84703b40edbdf1b2f16b1,588,2026-10-03T15:14:23.526828+07:00,587.04772413,31.115353349000088,EXPOSURE,587.210036103,0.999958339999921,0.2535426260001259,0.00010657299981176038,DISABLED,on,user_reported,37.06242752075195,51.4608039855957,1007.082109375,126669.96875,True,True,True,176,0,0,109,178,101,2026-10-03T15:14:23.526909+07:00,587.0478167400001,0.18585369599986734,OK,,True,2026-10-03T15:14:23.712776+07:00,587.2336789360002,0.03414319199964666,OK,,True,1298,0.16225,,2026-10-03T15:14:23.746924+07:00,587.2678272950002,0.033424868999645696,OK,,True,2474,0.30925,
c833c10214a84703b40edbdf1b2f16b1,589,2026-10-03T15:14:24.526808+07:00,588.0477062109999,32.11533542999996,EXPOSURE,588.2100181839999,0.999982080999871,0.25416506700003083,8.865399968271959e-05,DISABLED,on,user_reported,37.06370162963867,51.44841766357422,1007.07734375,126669.96875,True,True,True,176,0,0,109,178,101,2026-10-03T15:14:24.526879+07:00,588.047786099,0.18578875699995478,OK,,True,2026-10-03T15:14:24.712676+07:00,588.2335802439998,0.03516912200029765,OK,,True,1274,0.15925,,2026-10-03T15:14:24.747854+07:00,588.268756811,0.033101614999850426,OK,,True,2462,0.30775,
c833c10214a84703b40edbdf1b2f16b1,590,2026-10-03T15:14:25.526817+07:00,589.0477134419998,33.115342660999886,EXPOSURE,589.2100254149998,1.0000072309999268,0.25499566999997114,9.588499960955232e-05,DISABLED,on,user_reported,37.059871673583984,51.44785690307617,1007.078046875,126764.046875,True,True,True,176,0,0,109,178,101,2026-10-03T15:14:25.526901+07:00,589.0478076989998,0.1858098720003909,OK,,True,2026-10-03T15:14:25.712719+07:00,589.2336228670001,0.0335450170000513,OK,,True,1281,0.160125,,2026-10-03T15:14:25.746270+07:00,589.2671730880002,0.03551846899972588,OK,,True,2467,0.308375,
c833c10214a84703b40edbdf1b2f16b1,591,2026-10-03T15:14:26.526819+07:00,590.0477153769998,34.115344595999886,EXPOSURE,590.2100273499998,1.0000019350000002,0.2554777980003564,9.781999960978283e-05,DISABLED,on,user_reported,37.061790466308594,51.46700668334961,1007.08796875,126295.015625,True,True,True,176,0,0,109,178,101,2026-10-03T15:14:26.526896+07:00,590.0478034130001,0.18584155899998223,OK,,True,2026-10-03T15:14:26.712750+07:00,590.2336531199999,0.03598818599994047,OK,,True,1283,0.160375,,2026-10-03T15:14:26.748747+07:00,590.269648768,0.03352659299980587,OK,,True,2446,0.30575,
c833c10214a84703b40edbdf1b2f16b1,592,2026-10-03T15:14:27.526839+07:00,591.0477344249998,35.1153636439999,EXPOSURE,591.2100463979998,1.0000190480000128,0.2537317360001907,0.0001168679996226274,DISABLED,on,user_reported,37.059234619140625,51.466644287109375,1007.0565625,126576.0234375,True,True,True,176,0,0,109,178,101,2026-10-03T15:14:27.526924+07:00,591.0478311090001,0.1858134340000106,OK,,True,2026-10-03T15:14:27.712746+07:00,591.2336493570001,0.03457194799966601,OK,,True,1276,0.1595,,2026-10-03T15:14:27.747322+07:00,591.2682257870001,0.03322365199983324,OK,,True,2457,0.307125,
c833c10214a84703b40edbdf1b2f16b1,593,2026-10-03T15:14:28.526811+07:00,592.0477079560001,36.11533717500015,EXPOSURE,592.210019929,0.9999735310002507,0.25264342499986014,9.039899987328681e-05,DISABLED,on,user_reported,37.059871673583984,51.4604377746582,1007.050625,127236.578125,True,True,True,176,0,0,109,178,101,2026-10-03T15:14:28.526895+07:00,592.0478018809999,0.18581515999994735,OK,,True,2026-10-03T15:14:28.712722+07:00,592.2336246149998,0.033194505000210484,OK,,True,1289,0.161125,,2026-10-03T15:14:28.745923+07:00,592.2668262130001,0.03349498299985498,OK,,True,2449,0.306125,
c833c10214a84703b40edbdf1b2f16b1,594,2026-10-03T15:14:29.526817+07:00,593.04771471,37.11534392900012,EXPOSURE,593.210026683,1.000006753999969,0.25428159000011874,9.71529998423648e-05,DISABLED,on,user_reported,37.04902648925781,51.47776794433594,1007.005625,126295.015625,True,True,True,176,0,0,109,178,101,2026-10-03T15:14:29.526890+07:00,593.04779732,0.18580708999979834,OK,,True,2026-10-03T15:14:29.712707+07:00,593.2336109100002,0.033080100000006496,OK,,True,1286,0.16075,,2026-10-03T15:14:29.745788+07:00,593.2666944729999,0.03528891999985717,OK,,True,2464,0.308,
c833c10214a84703b40edbdf1b2f16b1,595,2026-10-03T15:14:30.526815+07:00,594.0477120400001,38.11534125900016,EXPOSURE,594.2100240130001,0.999997330000042,0.2520458320000216,9.448299988434883e-05,DISABLED,on,user_reported,37.047752380371094,51.48387145996094,1007.085703125,127426.578125,True,True,True,176,0,0,109,178,101,2026-10-03T15:14:30.526888+07:00,594.0477950200002,0.18580692699970314,OK,,True,2026-10-03T15:14:30.712706+07:00,594.2336091689999,0.033113934000084555,OK,,True,1291,0.161375,,2026-10-03T15:14:30.745824+07:00,594.2667279359998,0.033016158000009455,OK,,True,2472,0.309,
c833c10214a84703b40edbdf1b2f16b1,596,2026-10-03T15:14:31.526850+07:00,595.0477454249999,39.115374643999985,EXPOSURE,595.2100573979999,1.0000333849998242,0.25308600700009265,0.0001278679997085419,DISABLED,on,user_reported,37.047752380371094,51.48387145996094,1007.10625,126764.046875,True,True,True,176,0,0,109,178,101,2026-10-03T15:14:31.526937+07:00,595.0478443870002,0.1858228189998954,OK,,True,2026-10-03T15:14:31.712771+07:00,595.23367465,0.03405303199997434,OK,,True,1287,0.160875,,2026-10-03T15:14:31.746831+07:00,595.2677337750001,0.03308697199963717,OK,,True,2465,0.308125,
c833c10214a84703b40edbdf1b2f16b1,597,2026-10-03T15:14:32.526809+07:00,596.0477054620001,40.11533468100015,EXPOSURE,596.210017435,0.9999600370001644,0.25192925100009234,8.790499987298972e-05,DISABLED,on,user_reported,37.05030059814453,51.49052429199219,1007.069375,126669.96875,True,True,True,176,0,0,109,178,101,2026-10-03T15:14:32.526890+07:00,596.0477969230001,0.1858128779999788,OK,,True,2026-10-03T15:14:32.712714+07:00,596.2336174870002,0.03311738000002151,OK,,True,1285,0.160625,,2026-10-03T15:14:32.745833+07:00,596.2667379039999,0.03288797599998361,OK,,True,2469,0.308625,
c833c10214a84703b40edbdf1b2f16b1,598,2026-10-03T15:14:33.526878+07:00,597.0477678490001,41.11539706800022,EXPOSURE,597.2100798220001,1.0000623870000709,0.25253246900001614,0.00015029199994387454,DISABLED,on,user_reported,37.04456329345703,51.49599838256836,1007.025703125,126764.046875,True,True,True,176,0,0,109,178,101,2026-10-03T15:14:33.527003+07:00,597.0479091430002,0.18635783699983222,OK,,True,2026-10-03T15:14:33.713372+07:00,597.2342747950001,0.03304999299962219,OK,,True,1265,0.15812500000000002,,2026-10-03T15:14:33.746425+07:00,597.267329491,0.03296134599986544,OK,,True,2473,0.309125,
c833c10214a84703b40edbdf1b2f16b1,599,2026-10-03T15:14:34.526806+07:00,598.0477040729997,42.11533329199983,EXPOSURE,598.2100160459997,0.9999362239996117,0.25176296700010425,8.651599955555866e-05,DISABLED,on,user_reported,37.05030059814453,51.50310134887695,1007.048828125,126952.640625,True,True,True,176,0,0,109,178,101,2026-10-03T15:14:34.526879+07:00,598.047785794,0.18580505199997788,OK,,True,2026-10-03T15:14:34.712694+07:00,598.233597976,0.03299830900004963,OK,,True,1274,0.15925,,2026-10-03T15:14:34.745694+07:00,598.266599692,0.032858014999874285,OK,,True,2472,0.309,
c833c10214a84703b40edbdf1b2f16b1,600,2026-10-03T15:14:35.526809+07:00,599.0477071109999,43.11533632999999,EXPOSURE,599.2100190839999,1.000003038000159,0.2517638799999986,8.955399971455336e-05,DISABLED,on,user_reported,37.04264831542969,51.489437103271484,1007.022578125,126764.046875,True,True,True,176,0,0,109,178,101,2026-10-03T15:14:35.526876+07:00,599.0477829249999,0.1858114450001267,OK,,True,2026-10-03T15:14:35.712698+07:00,599.2336014439998,0.03299256900027103,OK,,True,1288,0.161,,2026-10-03T15:14:35.745692+07:00,599.266597587,0.03286483000010776,OK,,True,2471,0.308875,
c833c10214a84703b40edbdf1b2f16b1,601,2026-10-03T15:14:36.526808+07:00,600.0477060950002,44.115335314000276,EXPOSURE,600.2100180680002,0.9999989840002854,0.25188756799980183,8.853799999997136e-05,DISABLED,on,user_reported,37.038818359375,51.495174407958984,1007.037109375,127331.5078125,True,True,True,176,0,0,109,178,101,2026-10-03T15:14:36.526876+07:00,600.047783427,0.18580456000017875,OK,,True,2026-10-03T15:14:36.712690+07:00,600.2335947460001,0.03311808699982066,OK,,True,1281,0.160125,,2026-10-03T15:14:36.745811+07:00,600.2667163689998,0.032868739000150526,OK,,True,2470,0.30875,
c833c10214a84703b40edbdf1b2f16b1,602,2026-10-03T15:14:37.526808+07:00,601.0477047099998,45.11533392899992,EXPOSURE,601.2100166829998,0.9999986149996403,0.2517797780001274,8.71529996402387e-05,DISABLED,on,user_reported,37.04456329345703,51.50228500366211,1007.053203125,126576.0234375,True,True,True,176,0,0,109,178,101,2026-10-03T15:14:37.526893+07:00,601.0478006530002,0.18580815599989364,OK,,True,2026-10-03T15:14:37.712712+07:00,601.233615957,0.033006143999955384,OK,,True,1286,0.16075,,2026-10-03T15:14:37.745719+07:00,601.2666252119998,0.03284970200002135,OK,,True,2474,0.30925,
c833c10214a84703b40edbdf1b2f16b1,603,2026-10-03T15:14:38.526849+07:00,602.047743658,46.11537287700003,EXPOSURE,602.2100556309999,1.0000389480001104,0.2582445580001149,0.0001261009997506335,DISABLED,on,user_reported,37.033714294433594,51.50702667236328,1007.001484375,126482.2109375,True,True,True,176,0,0,109,178,101,2026-10-03T15:14:38.526939+07:00,602.0478456750002,0.18777444499983176,OK,,True,2026-10-03T15:14:38.714735+07:00,602.2356361389998,0.034558344000288344,OK,,True,1281,0.160125,,2026-10-03T15:14:38.749308+07:00,602.2702076679998,0.03576767800041125,OK,,True,2475,0.309375,
c833c10214a84703b40edbdf1b2f16b1,604,2026-10-03T15:14:39.526862+07:00,603.047752293,47.11538151200011,EXPOSURE,603.210064266,1.0000086350000856,0.26262923900003443,0.00013473599983626627,DISABLED,on,user_reported,37.03052520751953,51.51285934448242,1007.030546875,126669.96875,True,True,True,176,0,0,109,178,101,2026-10-03T15:14:39.527003+07:00,603.0479089760001,0.1917610569998942,OK,,True,2026-10-03T15:14:39.718785+07:00,603.2396850320001,0.0357512539999334,OK,,True,1290,0.16125,,2026-10-03T15:14:39.754541+07:00,603.275444934,0.034918986999855406,OK,,True,2487,0.310875,
c833c10214a84703b40edbdf1b2f16b1,605,2026-10-03T15:14:40.526815+07:00,604.0477136139998,48.115342832999886,EXPOSURE,604.2100255869998,0.9999613209997733,0.2517633669999668,9.605699960957281e-05,DISABLED,on,user_reported,37.02924728393555,51.51896667480469,1007.076328125,127331.5078125,True,True,True,176,0,0,109,178,101,2026-10-03T15:14:40.526881+07:00,604.047788113,0.18580231499981892,OK,,True,2026-10-03T15:14:40.712693+07:00,604.233597594,0.032984868999847095,OK,,True,1286,0.16075,,2026-10-03T15:14:40.745679+07:00,604.2665856479998,0.03288235200034251,OK,,True,2477,0.309625,
c833c10214a84703b40edbdf1b2f16b1,606,2026-10-03T15:14:41.526803+07:00,605.0477018430001,49.11533106200022,EXPOSURE,605.2100138160001,0.999988229000337,0.2517677979999462,8.428599994658725e-05,DISABLED,on,user_reported,37.02924728393555,51.52526092529297,1007.13796875,126858.2734375,True,True,True,176,0,0,109,178,101,2026-10-03T15:14:41.526869+07:00,605.0477761010002,0.18581383699984144,OK,,True,2026-10-03T15:14:41.712694+07:00,605.2335969189999,0.032990388000143867,OK,,True,1286,0.16075,,2026-10-03T15:14:41.745685+07:00,605.266590529,0.03286907499978042,OK,,True,2470,0.30875,
c833c10214a84703b40edbdf1b2f16b1,607,2026-10-03T15:14:42.526805+07:00,606.0477039429998,50.11533316199984,EXPOSURE,606.2100159159997,1.0000020999996195,0.25195330000042304,8.63859995661187e-05,DISABLED,on,user_reported,37.02924728393555,51.537837982177734,1007.0421875,126295.015625,True,True,True,176,0,0,109,178,101,2026-10-03T15:14:42.526874+07:00,606.0477811269998,0.18581213700008448,OK,,True,2026-10-03T15:14:42.712698+07:00,606.2336008379998,0.03317453399995429,OK,,True,1284,0.1605,,2026-10-03T15:14:42.745873+07:00,606.2667785570002,0.0328697789996113,OK,,True,2474,0.30925,
c833c10214a84703b40edbdf1b2f16b1,608,2026-10-03T15:14:43.526904+07:00,607.0477915609999,51.11542078000002,EXPOSURE,607.2101035339999,1.0000876180001796,0.25418740199984313,0.0001740039997457643,DISABLED,on,user_reported,37.02733612060547,51.52498245239258,1007.038828125,126576.0234375,True,True,True,176,0,0,109,178,101,2026-10-03T15:14:43.527030+07:00,607.0479369109999,0.18586134299994228,OK,,True,2026-10-03T15:14:43.712903+07:00,607.2338058280002,0.03299385199989047,OK,,True,1280,0.16,,2026-10-03T15:14:43.745897+07:00,607.266802606,0.03515681999988374,OK,,True,2468,0.3085,
c833c10214a84703b40edbdf1b2f16b1,609,2026-10-03T15:14:44.526830+07:00,608.0477263490002,52.11535556800027,EXPOSURE,608.2100383220002,0.999934788000246,0.25180168199995023,0.00010879199999180855,DISABLED,on,user_reported,37.03052520751953,51.53172302246094,1007.023671875,126482.2109375,True,True,True,176,0,0,109,178,101,2026-10-03T15:14:44.526903+07:00,608.0478101439999,0.18581088400014778,OK,,True,2026-10-03T15:14:44.712724+07:00,608.233627991,0.03296388999979172,OK,,True,1277,0.15962500000000002,,2026-10-03T15:14:44.745688+07:00,608.2665950289997,0.03292353900042144,OK,,True,2470,0.30875,
c833c10214a84703b40edbdf1b2f16b1,610,2026-10-03T15:14:45.526806+07:00,609.0477053210002,53.115334540000276,EXPOSURE,609.2100172940002,0.9999789720000081,0.25187398199977906,8.776399999987916e-05,DISABLED,on,user_reported,37.03116226196289,51.544403076171875,1007.03828125,126669.96875,True,True,True,176,0,0,109,178,101,2026-10-03T15:14:45.526872+07:00,609.0477789679999,0.18582014799994795,OK,,True,2026-10-03T15:14:45.712703+07:00,609.233606282,0.03297890900012135,OK,,True,1281,0.160125,,2026-10-03T15:14:45.745682+07:00,609.2665881909998,0.032981335000386025,OK,,True,2476,0.3095,
c833c10214a84703b40edbdf1b2f16b1,611,2026-10-03T15:14:46.526807+07:00,610.0477062199998,54.115335438999864,EXPOSURE,610.2100181929998,1.0000008989995877,0.2519526900000528,8.866299958754098e-05,DISABLED,on,user_reported,37.029884338378906,51.55051040649414,1007.022578125,126952.640625,True,True,True,176,0,0,109,178,101,2026-10-03T15:14:46.526875+07:00,610.0477812190002,0.18580574399993566,OK,,True,2026-10-03T15:14:46.712690+07:00,610.233593981,0.033021834999999555,OK,,True,1286,0.16075,,2026-10-03T15:14:46.745712+07:00,610.266618871,0.033030964999852586,OK,,True,2479,0.309875,
c833c10214a84703b40edbdf1b2f16b1,612,2026-10-03T15:14:47.526809+07:00,611.0477072680001,55.11533648700015,EXPOSURE,611.210019241,1.0000010480002857,0.2517962889996852,8.971099987320486e-05,DISABLED,on,user_reported,37.02159118652344,51.54932403564453,1007.043359375,126764.046875,True,True,True,176,0,0,109,178,101,2026-10-03T15:14:47.526877+07:00,611.0477843959998,0.18581182100024307,OK,,True,2026-10-03T15:14:47.712700+07:00,611.2336033649999,0.032981262000248535,OK,,True,1296,0.162,,2026-10-03T15:14:47.745681+07:00,611.266587183,0.03290694799989069,OK,,True,2473,0.309125,
c833c10214a84703b40edbdf1b2f16b1,613,2026-10-03T15:14:48.526811+07:00,612.0477080380001,56.11533725700019,EXPOSURE,612.2100200110001,1.0000007700000424,0.2519617359998847,9.048099991559866e-05,DISABLED,on,user_reported,37.017765045166016,51.55506896972656,1007.009765625,126482.2109375,True,True,True,176,0,0,109,178,101,2026-10-03T15:14:48.526894+07:00,612.047801185,0.18582247199992707,OK,,True,2026-10-03T15:14:48.712729+07:00,612.2336314720001,0.03311926099968332,OK,,True,1291,0.161375,,2026-10-03T15:14:48.745847+07:00,612.266753547,0.032905171000038536,OK,,True,2472,0.309,
c833c10214a84703b40edbdf1b2f16b1,614,2026-10-03T15:14:49.526816+07:00,613.04771192,57.115341139000066,EXPOSURE,613.210023893,1.0000038819998736,0.2518118540001524,9.436299978915486e-05,DISABLED,on,user_reported,37.01329803466797,51.5544319152832,1007.14640625,126669.96875,True,True,True,176,0,0,109,178,101,2026-10-03T15:14:49.526901+07:00,613.0478076959998,0.18581982800014885,OK,,True,2026-10-03T15:14:49.712733+07:00,613.233635691,0.03296665200014104,OK,,True,1278,0.15975,,2026-10-03T15:14:49.745699+07:00,613.2666051759998,0.03290835699999661,OK,,True,2469,0.308625,
c833c10214a84703b40edbdf1b2f16b1,615,2026-10-03T15:14:50.526865+07:00,614.04775432,58.11538353900005,EXPOSURE,614.210066293,1.000042399999984,0.2627427379998153,0.00013676299977305462,DISABLED,on,user_reported,37.01457595825195,51.57978820800781,1007.114140625,126482.2109375,True,True,True,176,0,0,109,178,101,2026-10-03T15:14:50.527006+07:00,614.0479118919998,0.19175389400015774,OK,,True,2026-10-03T15:14:50.718780+07:00,614.2396801740001,0.03541533999987223,OK,,True,1307,0.163375,,2026-10-03T15:14:50.754200+07:00,614.2751033660002,0.035373821999655775,OK,,True,2474,0.30925,
c833c10214a84703b40edbdf1b2f16b1,616,2026-10-03T15:14:51.526865+07:00,615.0477537950001,59.115383014000145,EXPOSURE,615.210065768,0.9999994750000951,0.2627986869997585,0.00013623799986817176,DISABLED,on,user_reported,37.024147033691406,51.55598068237305,1007.1159375,126669.96875,True,True,True,176,0,0,109,178,101,2026-10-03T15:14:51.527016+07:00,615.0479218300002,0.19175230499968166,OK,,True,2026-10-03T15:14:51.718789+07:00,615.2396883380002,0.03544289599994954,OK,,True,1281,0.160125,,2026-10-03T15:14:51.754235+07:00,615.275139197,0.03536921099976098,OK,,True,2474,0.30925,
c833c10214a84703b40edbdf1b2f16b1,617,2026-10-03T15:14:52.526824+07:00,616.047720049,60.115349268000045,EXPOSURE,616.210032022,0.9999662539999008,0.2517537949997859,0.00010249199976897216,DISABLED,on,user_reported,37.012657165527344,51.573219299316406,1007.042578125,127047.1484375,True,True,True,176,0,0,109,178,101,2026-10-03T15:14:52.526902+07:00,616.0478096410002,0.1858184119996622,OK,,True,2026-10-03T15:14:52.712732+07:00,616.233634923,0.03295967299982294,OK,,True,1286,0.16075,,2026-10-03T15:14:52.745692+07:00,616.2665976519997,0.032866729000033956,OK,,True,2472,0.309,
c833c10214a84703b40edbdf1b2f16b1,618,2026-10-03T15:14:53.526815+07:00,617.0477111179998,61.11534033699991,EXPOSURE,617.2100230909998,0.9999910689998615,0.2517721330000313,9.356099963042652e-05,DISABLED,on,user_reported,37.01648712158203,51.580055236816406,1007.062421875,126952.640625,True,True,True,176,0,0,109,178,101,2026-10-03T15:14:53.526899+07:00,617.0478059309999,0.1858270090001497,OK,,True,2026-10-03T15:14:53.712738+07:00,617.2336404399998,0.03296254399992904,OK,,True,1277,0.15962500000000002,,2026-10-03T15:14:53.745699+07:00,617.2666059459998,0.032866546000150265,OK,,True,2468,0.3085,
c833c10214a84703b40edbdf1b2f16b1,619,2026-10-03T15:14:54.526820+07:00,618.0477160390001,62.11534525800016,EXPOSURE,618.2100280120001,1.0000049210002544,0.25172143400004643,9.84819998848252e-05,DISABLED,on,user_reported,37.017127990722656,51.567562103271484,1007.063515625,126764.046875,True,True,True,176,0,0,109,178,101,2026-10-03T15:14:54.526900+07:00,618.0478075370002,0.18580578999990394,OK,,True,2026-10-03T15:14:54.712716+07:00,618.2336194939999,0.03295426700015014,OK,,True,1284,0.1605,,2026-10-03T15:14:54.745671+07:00,618.266576686,0.032851786999799515,OK,,True,2467,0.308375,
c833c10214a84703b40edbdf1b2f16b1,620,2026-10-03T15:14:55.526809+07:00,619.0477069039998,63.115336122999906,EXPOSURE,619.2100188769998,0.9999908649997451,0.2519528249999894,8.934699962992454e-05,DISABLED,on,user_reported,37.01648712158203,51.59263610839844,1007.02828125,126952.640625,True,True,True,176,0,0,109,178,101,2026-10-03T15:14:55.526885+07:00,619.0477925690002,0.185812182999598,OK,,True,2026-10-03T15:14:55.712709+07:00,619.2336119739998,0.033096987000135414,OK,,True,1290,0.16125,,2026-10-03T15:14:55.745806+07:00,619.266711832,0.03293785999994725,OK,,True,2470,0.30875,
c833c10214a84703b40edbdf1b2f16b1,621,2026-10-03T15:14:56.526807+07:00,620.0477043249998,64.1153335439999,EXPOSURE,620.2100162979998,0.9999974209999891,0.2517589990002307,8.67679996190418e-05,DISABLED,on,user_reported,37.00819396972656,51.59144973754883,1007.0421875,127047.1484375,True,True,True,176,0,0,109,178,101,2026-10-03T15:14:56.526882+07:00,620.0477896940001,0.18580727899961857,OK,,True,2026-10-03T15:14:56.712700+07:00,620.2336040280002,0.03296865699985574,OK,,True,1284,0.1605,,2026-10-03T15:14:56.745669+07:00,620.266575611,0.032879082999897946,OK,,True,2476,0.3095,
c833c10214a84703b40edbdf1b2f16b1,622,2026-10-03T15:14:57.526866+07:00,621.0477512080001,65.11538042700022,EXPOSURE,621.2100631810001,1.0000468830003229,0.26289427099982277,0.00013365099994189222,DISABLED,on,user_reported,37.00436782836914,51.60349655151367,1007.015390625,126295.015625,True,True,True,176,0,0,109,178,101,2026-10-03T15:14:57.527025+07:00,621.0479299099998,0.1917603820002114,OK,,True,2026-10-03T15:14:57.718804+07:00,621.2397035879999,0.0353911780002818,OK,,True,1288,0.161,,2026-10-03T15:14:57.754199+07:00,621.2751024879999,0.035522472000138805,OK,,True,2474,0.30925,
c833c10214a84703b40edbdf1b2f16b1,623,2026-10-03T15:14:58.526854+07:00,622.0477488709998,66.11537808999992,EXPOSURE,622.2100608439998,0.9999976629997036,0.2517117870002039,0.00013131399964549928,DISABLED,on,user_reported,36.99925994873047,51.60275650024414,1007.03453125,126669.96875,True,True,True,176,0,0,109,178,101,2026-10-03T15:14:58.526940+07:00,622.047846943,0.18582430400010708,OK,,True,2026-10-03T15:14:58.712777+07:00,622.2336794140001,0.032974768999793014,OK,,True,1276,0.1595,,2026-10-03T15:14:58.745751+07:00,622.2666570339998,0.03279547600004662,OK,,True,2476,0.3095,
c833c10214a84703b40edbdf1b2f16b1,624,2026-10-03T15:14:59.526925+07:00,623.0478131059999,67.115442325,EXPOSURE,623.2101250789999,1.0000642350000817,0.25183616000003894,0.00019554899972717976,DISABLED,on,user_reported,36.99671173095703,51.602394104003906,1007.146875,127047.1484375,True,True,True,176,0,0,109,178,101,2026-10-03T15:14:59.527061+07:00,623.0479675299998,0.1858795100001771,OK,,True,2026-10-03T15:14:59.712950+07:00,623.2338533359998,0.03296025100007682,OK,,True,1277,0.15962500000000002,,2026-10-03T15:14:59.745910+07:00,623.2668165499999,0.03282441999999719,OK,,True,2462,0.30775,
c833c10214a84703b40edbdf1b2f16b1,625,2026-10-03T15:15:00.526804+07:00,624.0477007139998,68.11532993299988,EXPOSURE,624.2100126869998,0.9998876079998809,0.25171918500018364,8.315699960803613e-05,DISABLED,on,user_reported,36.992881774902344,51.60814666748047,1007.11328125,126669.96875,True,True,True,176,0,0,109,178,101,2026-10-03T15:15:00.526881+07:00,624.0477887319998,0.18580482900006245,OK,,True,2026-10-03T15:15:00.712695+07:00,624.233598413,0.032982065999931365,OK,,True,1279,0.15987500000000002,,2026-10-03T15:15:00.745677+07:00,624.2665832379998,0.03282867999996597,OK,,True,2472,0.309,
c833c10214a84703b40edbdf1b2f16b1,626,2026-10-03T15:15:01.526802+07:00,625.0476997649998,69.11532898399992,EXPOSURE,625.2100117379998,0.9999990510000316,0.25170767200006594,8.220799963964964e-05,DISABLED,on,user_reported,36.99734878540039,51.62137222290039,1007.093125,126669.96875,True,True,True,176,0,0,109,178,101,2026-10-03T15:15:01.526878+07:00,625.047785709,0.18580605499982994,OK,,True,2026-10-03T15:15:01.712694+07:00,625.2335976159998,0.03297371500002555,OK,,True,1276,0.1595,,2026-10-03T15:15:01.745668+07:00,625.266574534,0.032825198999944405,OK,,True,2469,0.308625,
c833c10214a84703b40edbdf1b2f16b1,627,2026-10-03T15:15:02.526810+07:00,626.0477061870001,70.11533540600021,EXPOSURE,626.2100181600001,1.0000064220002969,0.25183782199974303,8.86299999365292e-05,DISABLED,on,user_reported,36.99671173095703,51.6275634765625,1007.0921875,126669.96875,True,True,True,176,0,0,109,178,101,2026-10-03T15:15:02.526887+07:00,626.0477947039999,0.18580329999986134,OK,,True,2026-10-03T15:15:02.712699+07:00,626.2336029110002,0.03310665799972412,OK,,True,1293,0.161625,,2026-10-03T15:15:02.745807+07:00,626.266713088,0.03282260600008158,OK,,True,2470,0.30875,
c833c10214a84703b40edbdf1b2f16b1,628,2026-10-03T15:15:03.526892+07:00,627.0477852919998,71.11541451099993,EXPOSURE,627.2100972649998,1.0000791049997133,0.25184079000018755,0.00016773499964983785,DISABLED,on,user_reported,36.99862289428711,51.627838134765625,1007.0540625,126482.2109375,True,True,True,176,0,0,109,178,101,2026-10-03T15:15:03.526992+07:00,627.047898883,0.1858793390001665,OK,,True,2026-10-03T15:15:03.712882+07:00,627.233785981,0.032984235000185436,OK,,True,1284,0.1605,,2026-10-03T15:15:03.745869+07:00,627.2667739379999,0.03284418100020048,OK,,True,2471,0.308875,
c833c10214a84703b40edbdf1b2f16b1,629,2026-10-03T15:15:04.526809+07:00,628.0477057150001,72.1153349340002,EXPOSURE,628.2100176880001,0.9999204230002761,0.2517576109999027,8.815799992589746e-05,DISABLED,on,user_reported,36.99734878540039,51.63395690917969,1007.058828125,126108.375,True,True,True,176,0,0,109,178,101,2026-10-03T15:15:04.526891+07:00,628.0477984919999,0.1858139169999049,OK,,True,2026-10-03T15:15:04.712716+07:00,628.233619094,0.032973661000141874,OK,,True,1282,0.16025,,2026-10-03T15:15:04.745690+07:00,628.2665961439998,0.032858571000360826,OK,,True,2474,0.30925,
c833c10214a84703b40edbdf1b2f16b1,630,2026-10-03T15:15:05.526812+07:00,629.0477085809998,73.1153377999999,EXPOSURE,629.2100205539998,1.0000028659997042,0.2517089120001401,9.102399963012431e-05,DISABLED,on,user_reported,36.99862289428711,51.63413619995117,1007.081484375,127141.7890625,True,True,True,176,0,0,109,178,101,2026-10-03T15:15:05.526895+07:00,629.047802302,0.1858042169997134,OK,,True,2026-10-03T15:15:05.712708+07:00,629.233611352,0.03295643999990716,OK,,True,1282,0.16025,,2026-10-03T15:15:05.745664+07:00,629.266570533,0.032838403999903676,OK,,True,2467,0.308375,
c833c10214a84703b40edbdf1b2f16b1,631,2026-10-03T15:15:06.526808+07:00,630.0477050579998,74.11533427699987,EXPOSURE,630.2100170309998,0.9999964769999679,0.251704527000129,8.750099959797808e-05,DISABLED,on,user_reported,36.99224090576172,51.652099609375,1007.030078125,126576.0234375,True,True,True,176,0,0,109,178,101,2026-10-03T15:15:06.526886+07:00,630.0477933900002,0.18579984999996668,OK,,True,2026-10-03T15:15:06.712695+07:00,630.233598499,0.03297484799986705,OK,,True,1278,0.15975,,2026-10-03T15:15:06.745670+07:00,630.2665763280002,0.03282579500000793,OK,,True,2471,0.308875,
c833c10214a84703b40edbdf1b2f16b1,632,2026-10-03T15:15:07.526810+07:00,631.0477067749998,75.1153359939999,EXPOSURE,631.2100187479998,1.000001717000032,0.2516781809999884,8.921799962990917e-05,DISABLED,on,user_reported,36.99224090576172,51.63321304321289,1007.01640625,126764.046875,True,True,True,176,0,0,109,178,101,2026-10-03T15:15:07.526891+07:00,631.047797792,0.18580379800005176,OK,,True,2026-10-03T15:15:07.712702+07:00,631.233606238,0.03295601499985423,OK,,True,1290,0.16125,,2026-10-03T15:15:07.745659+07:00,631.2665652350001,0.0328120169997419,OK,,True,2468,0.3085,
c833c10214a84703b40edbdf1b2f16b1,633,2026-10-03T15:15:08.526933+07:00,632.0478175829999,76.11544680199995,EXPOSURE,632.2101295559999,1.000110808000045,0.25341619800019544,0.00020002599967483548,DISABLED,on,user_reported,36.98139572143555,51.650550842285156,1007.183515625,126201.625,True,True,True,176,0,0,109,178,101,2026-10-03T15:15:08.527097+07:00,632.0480018210001,0.18682110200006719,OK,,True,2026-10-03T15:15:08.713928+07:00,632.234831015,0.033374583999830065,OK,,True,1271,0.15887500000000002,,2026-10-03T15:15:08.747309+07:00,632.2682116179999,0.033011644999987766,OK,,True,2477,0.309625,
c833c10214a84703b40edbdf1b2f16b1,634,2026-10-03T15:15:09.526816+07:00,633.0477120420001,77.11534126100014,EXPOSURE,633.210024015,0.9998944590001884,0.2542707650000011,9.448499986319803e-05,DISABLED,on,user_reported,36.98394775390625,51.63833236694336,1007.091875,126576.0234375,True,True,True,176,0,0,109,178,101,2026-10-03T15:15:09.526900+07:00,633.0478068739999,0.18584150800006682,OK,,True,2026-10-03T15:15:09.712754+07:00,633.2336571589999,0.03328549400021075,OK,,True,1281,0.160125,,2026-10-03T15:15:09.746049+07:00,633.2669503379998,0.03502209800035416,OK,,True,2463,0.307875,
c833c10214a84703b40edbdf1b2f16b1,635,2026-10-03T15:15:10.526810+07:00,634.0477069069998,78.11533612599987,EXPOSURE,634.2100188799998,0.999994864999735,0.2517565450002621,8.934999959819834e-05,DISABLED,on,user_reported,36.98331069946289,51.650814056396484,1007.0703125,126576.0234375,True,True,True,176,0,0,109,178,101,2026-10-03T15:15:10.526893+07:00,634.047800331,0.18581360400003177,OK,,True,2026-10-03T15:15:10.712718+07:00,634.2336208060001,0.03297112800009927,OK,,True,1281,0.160125,,2026-10-03T15:15:10.745690+07:00,634.2665953410001,0.03286003699986395,OK,,True,2471,0.308875,
c833c10214a84703b40edbdf1b2f16b1,636,2026-10-03T15:15:11.526812+07:00,635.0477088819998,79.1153381009999,EXPOSURE,635.2100208549998,1.000001975000032,0.25170294000008653,9.132499963016016e-05,DISABLED,on,user_reported,36.975013732910156,51.662227630615234,1007.07734375,126295.015625,True,True,True,176,0,0,109,178,101,2026-10-03T15:15:11.526892+07:00,635.04779951,0.18581090399993627,OK,,True,2026-10-03T15:15:11.712714+07:00,635.2336178209998,0.03294827800027633,OK,,True,1273,0.15912500000000002,,2026-10-03T15:15:11.745663+07:00,635.2665688950001,0.032834685999659996,OK,,True,2474,0.30925,
c833c10214a84703b40edbdf1b2f16b1,637,2026-10-03T15:15:12.526811+07:00,636.047707357,80.11533657600012,EXPOSURE,636.21001933,0.9999984750002113,0.2518698310000218,8.97999998414889e-05,DISABLED,on,user_reported,36.976295471191406,51.66240692138672,1007.079609375,126482.2109375,True,True,True,176,0,0,109,178,101,2026-10-03T15:15:12.526891+07:00,636.0477983559999,0.18580944399991495,OK,,True,2026-10-03T15:15:12.712710+07:00,636.2336147440001,0.03310477600007289,OK,,True,1273,0.15912500000000002,,2026-10-03T15:15:12.745818+07:00,636.26672302,0.03284561200007374,OK,,True,2477,0.309625,
c833c10214a84703b40edbdf1b2f16b1,638,2026-10-03T15:15:13.526812+07:00,637.047707276,81.11533649500007,EXPOSURE,637.210019249,0.9999999189999471,0.2595855230001689,8.971899978860165e-05,DISABLED,on,user_reported,36.976295471191406,51.65611267089844,1007.0659375,126669.96875,True,True,True,176,0,0,109,178,101,2026-10-03T15:15:13.526894+07:00,637.047801441,0.18993987199974072,OK,,True,2026-10-03T15:15:13.716858+07:00,637.2377570529998,0.03435601800038057,OK,,True,1276,0.1595,,2026-10-03T15:15:13.751219+07:00,637.2721215339998,0.035156432000349014,OK,,True,2471,0.308875,
c833c10214a84703b40edbdf1b2f16b1,639,2026-10-03T15:15:14.526851+07:00,638.0477450089998,82.11537422799984,EXPOSURE,638.2100569819997,1.0000377329997718,0.25175204500010295,0.00012745199956043507,DISABLED,on,user_reported,36.978206634521484,51.68157196044922,1007.06890625,126388.546875,True,True,True,176,0,0,109,178,101,2026-10-03T15:15:14.526942+07:00,638.047848748,0.18582321099984256,OK,,True,2026-10-03T15:15:14.712777+07:00,638.23367994,0.03294125999991593,OK,,True,1273,0.15912500000000002,,2026-10-03T15:15:14.745718+07:00,638.266624293,0.03286383600016052,OK,,True,2465,0.308125,
c833c10214a84703b40edbdf1b2f16b1,640,2026-10-03T15:15:15.526845+07:00,639.047738798,83.11536801700004,EXPOSURE,639.2100507709999,0.9999937890002002,0.251823345000048,0.00012124099976063007,DISABLED,on,user_reported,36.975013732910156,51.68111038208008,1007.056796875,126201.625,True,True,True,176,0,0,109,178,101,2026-10-03T15:15:15.526941+07:00,639.0478473889998,0.1858286390001922,OK,,True,2026-10-03T15:15:15.712781+07:00,639.2336838239999,0.033076204000280995,OK,,True,1275,0.15937500000000002,,2026-10-03T15:15:15.745857+07:00,639.2667632500002,0.03279109699997207,OK,,True,2472,0.309,
c833c10214a84703b40edbdf1b2f16b1,641,2026-10-03T15:15:16.526814+07:00,640.0477098830002,84.11533910200023,EXPOSURE,640.2100218560001,0.9999710850001975,0.2516668700000082,9.232599995812052e-05,DISABLED,on,user_reported,36.96736145019531,51.67372131347656,1007.058203125,127331.5078125,True,True,True,176,0,0,109,178,101,2026-10-03T15:15:16.526899+07:00,640.0478060109999,0.18580306900003052,OK,,True,2026-10-03T15:15:16.712712+07:00,640.233616043,0.03295357600018178,OK,,True,1285,0.160625,,2026-10-03T15:15:16.745666+07:00,640.2665724519998,0.0327964860002794,OK,,True,2476,0.3095,
c833c10214a84703b40edbdf1b2f16b1,642,2026-10-03T15:15:17.526811+07:00,641.0477074109999,85.11533663,EXPOSURE,641.2100193839999,0.999997527999767,0.2516787449999356,8.985399972516461e-05,DISABLED,on,user_reported,36.96672439575195,51.67362976074219,1007.08453125,126482.2109375,True,True,True,176,0,0,109,178,101,2026-10-03T15:15:17.526894+07:00,641.0478016870002,0.18580684999960795,OK,,True,2026-10-03T15:15:17.712713+07:00,641.2336165369998,0.03295854000043619,OK,,True,1296,0.162,,2026-10-03T15:15:17.745671+07:00,641.2665776509998,0.03280007900002602,OK,,True,2472,0.309,
c833c10214a84703b40edbdf1b2f16b1,643,2026-10-03T15:15:18.526807+07:00,642.0477034199998,86.11533263899992,EXPOSURE,642.2100153929998,0.9999960089999149,0.25145547500005705,8.586299964008504e-05,DISABLED,on,user_reported,36.96863555908203,51.68648910522461,1007.108203125,126388.546875,True,True,True,176,0,0,109,178,101,2026-10-03T15:15:18.526889+07:00,642.0477960120002,0.18581461199983096,OK,,True,2026-10-03T15:15:18.712715+07:00,642.2336184199999,0.03289894899990031,OK,,True,1276,0.1595,,2026-10-03T15:15:18.745658+07:00,642.2665600720002,0.03258585999992647,OK,,True,2459,0.307375,
c833c10214a84703b40edbdf1b2f16b1,644,2026-10-03T15:15:19.526987+07:00,643.047871019,87.1155002380001,EXPOSURE,643.210182992,1.0001675990001786,0.2574273219997849,0.00025346199981868267,DISABLED,on,user_reported,36.96672439575195,51.69881057739258,1007.105078125,126576.0234375,True,True,True,176,0,0,109,178,101,2026-10-03T15:15:19.527140+07:00,643.0480465169999,0.18784942000002047,OK,,True,2026-10-03T15:15:19.715004+07:00,643.2359055669999,0.03504991899990273,OK,,True,1290,0.16125,,2026-10-03T15:15:19.750060+07:00,643.2709633009999,0.034316021999984514,OK,,True,2474,0.30925,
c833c10214a84703b40edbdf1b2f16b1,645,2026-10-03T15:15:20.526822+07:00,644.0477188619998,88.11534808099987,EXPOSURE,644.2100308349998,0.9998478429997704,0.2517218880002474,0.00010130499958904693,DISABLED,on,user_reported,36.96736145019531,51.72407913208008,1007.133515625,126669.96875,True,True,True,176,0,0,109,178,101,2026-10-03T15:15:20.526905+07:00,644.0478116019999,0.18582076700022299,OK,,True,2026-10-03T15:15:20.712737+07:00,644.2336402020001,0.03297443099972952,OK,,True,1280,0.16,,2026-10-03T15:15:20.745712+07:00,644.2666175579998,0.032814914000027784,OK,,True,2469,0.308625,
c833c10214a84703b40edbdf1b2f16b1,646,2026-10-03T15:15:21.526815+07:00,645.047711055,89.11534027400012,EXPOSURE,645.210023028,0.9999921930002529,0.25168166999992536,9.349799984192941e-05,DISABLED,on,user_reported,36.956512451171875,51.741416931152344,1007.12265625,126388.546875,True,True,True,176,0,0,109,178,101,2026-10-03T15:15:21.526899+07:00,645.0478058130002,0.18580015999987154,OK,,True,2026-10-03T15:15:21.712709+07:00,645.233613028,0.03295665299992834,OK,,True,1270,0.15875,,2026-10-03T15:15:21.745666+07:00,645.2665724039998,0.032811210000090796,OK,,True,2473,0.309125,
c833c10214a84703b40edbdf1b2f16b1,647,2026-10-03T15:15:22.526811+07:00,646.0477078019999,90.11533702099996,EXPOSURE,646.2100197749999,0.999996746999841,0.25174343400021826,9.024499968290911e-05,DISABLED,on,user_reported,36.96544647216797,51.71751022338867,1007.06875,126201.625,True,True,True,176,0,0,109,178,101,2026-10-03T15:15:22.526893+07:00,646.0478004860001,0.18579871899964928,OK,,True,2026-10-03T15:15:22.712703+07:00,646.2336068710001,0.03307739299998502,OK,,True,1275,0.15937500000000002,,2026-10-03T15:15:22.745781+07:00,646.2666873009998,0.03275565700005245,OK,,True,2477,0.309625,
c833c10214a84703b40edbdf1b2f16b1,648,2026-10-03T15:15:23.526811+07:00,647.0477078270001,91.11533704600015,EXPOSURE,647.2100198,1.0000000250001904,0.2544744179999725,9.026999987327144e-05,DISABLED,on,user_reported,36.96736145019531,51.74296569824219,1007.10609375,126764.046875,True,True,True,176,0,0,109,178,101,2026-10-03T15:15:23.526895+07:00,647.0478025289999,0.18588523900007203,OK,,True,2026-10-03T15:15:23.712796+07:00,647.2336988050001,0.033956991999730235,OK,,True,1273,0.15912500000000002,,2026-10-03T15:15:23.746757+07:00,647.2676607970002,0.03450044799956231,OK,,True,2459,0.307375,
c833c10214a84703b40edbdf1b2f16b1,649,2026-10-03T15:15:24.526814+07:00,648.0477110349998,92.11534025399988,EXPOSURE,648.2100230079998,1.0000032079997254,0.25230034200012597,9.347799959869008e-05,DISABLED,on,user_reported,36.96672439575195,51.73657989501953,1007.077734375,126482.2109375,True,True,True,176,0,0,109,178,101,2026-10-03T15:15:24.526898+07:00,648.0478056259999,0.18599350100021184,OK,,True,2026-10-03T15:15:24.712909+07:00,648.233810275,0.03363914500005194,OK,,True,1268,0.1585,,2026-10-03T15:15:24.746554+07:00,648.2674564569998,0.032544142000006104,OK,,True,2463,0.307875,
c833c10214a84703b40edbdf1b2f16b1,650,2026-10-03T15:15:25.526895+07:00,649.0477821310001,93.11541135000016,EXPOSURE,649.2100941040001,1.0000710960002834,0.2634852099999989,0.00016457399988212273,DISABLED,on,user_reported,36.962257385253906,51.754825592041016,1007.04984375,126482.2109375,True,True,True,176,0,0,109,178,101,2026-10-03T15:15:25.527045+07:00,649.0479511099998,0.1906832160002523,OK,,True,2026-10-03T15:15:25.717748+07:00,649.238647789,0.03733804000012242,OK,,True,1276,0.1595,,2026-10-03T15:15:25.755090+07:00,649.2759941250001,0.035254678999990574,OK,,True,2476,0.3095,
c833c10214a84703b40edbdf1b2f16b1,651,2026-10-03T15:15:26.526904+07:00,650.0477943000001,94.11542351900016,EXPOSURE,650.2101062730001,1.0000121690000014,0.26235626800007594,0.00017674299988357234,DISABLED,on,user_reported,36.956512451171875,51.741416931152344,1007.074765625,126576.0234375,True,True,True,176,0,0,109,178,101,2026-10-03T15:15:26.527032+07:00,650.047937798,0.19032918799985055,OK,,True,2026-10-03T15:15:26.717379+07:00,650.2382798379999,0.03678734400000394,OK,,True,1265,0.15812500000000002,,2026-10-03T15:15:26.754169+07:00,650.2750742190001,0.03505807100009406,OK,,True,2496,0.312,
c833c10214a84703b40edbdf1b2f16b1,652,2026-10-03T15:15:27.526840+07:00,651.047732989,95.11536220800008,EXPOSURE,651.210044962,0.9999386889999187,0.2616656330001206,0.00011543199980224017,DISABLED,on,user_reported,36.955875396728516,51.747623443603516,1007.073671875,126482.2109375,True,True,True,176,0,0,109,178,101,2026-10-03T15:15:27.526950+07:00,651.047856913,0.19100934800007963,OK,,True,2026-10-03T15:15:27.717982+07:00,651.2388817800002,0.0353738269996029,OK,,True,1282,0.16025,,2026-10-03T15:15:27.753360+07:00,651.2742639590001,0.03511653399982606,OK,,True,2491,0.311375,
c833c10214a84703b40edbdf1b2f16b1,653,2026-10-03T15:15:28.526890+07:00,652.0477813789998,96.11541059799993,EXPOSURE,652.2100933519998,1.0000483899998471,0.26083487100004277,0.00016382199964937172,DISABLED,on,user_reported,36.9597053527832,51.75447082519531,1007.011484375,126388.546875,True,True,True,176,0,0,109,178,101,2026-10-03T15:15:28.527014+07:00,652.0479188029999,0.19207855900003779,OK,,True,2026-10-03T15:15:28.719110+07:00,652.2400103619998,0.03481194599999071,OK,,True,1273,0.15912500000000002,,2026-10-03T15:15:28.753932+07:00,652.274832475,0.033767145999718196,OK,,True,2465,0.308125,
c833c10214a84703b40edbdf1b2f16b1,654,2026-10-03T15:15:29.526902+07:00,653.0477883610001,97.11541758000021,EXPOSURE,653.2101003340001,1.0000069820002864,0.2630741599996327,0.00017080399993574247,DISABLED,on,user_reported,36.95268630981445,51.75975799560547,1007.150703125,126201.625,True,True,True,176,0,0,109,178,101,2026-10-03T15:15:29.527037+07:00,653.0479423400002,0.1912433519996739,OK,,True,2026-10-03T15:15:29.718301+07:00,653.2392002659999,0.035768933999861474,OK,,True,1282,0.16025,,2026-10-03T15:15:29.754075+07:00,653.274977607,0.03585822900004132,OK,,True,2486,0.31075,
c833c10214a84703b40edbdf1b2f16b1,655,2026-10-03T15:15:30.526865+07:00,654.047758916,98.1153881350001,EXPOSURE,654.210070889,0.9999705549998907,0.25177159799977744,0.0001413589998264797,DISABLED,on,user_reported,36.9405632019043,51.75173568725586,1007.165390625,126295.015625,True,True,True,176,0,0,109,178,101,2026-10-03T15:15:30.526954+07:00,654.0478614889998,0.1858154110000214,OK,,True,2026-10-03T15:15:30.712781+07:00,654.2336846029998,0.033007936000103655,OK,,True,1273,0.15912500000000002,,2026-10-03T15:15:30.745789+07:00,654.2666955209997,0.03282628900024065,OK,,True,2472,0.309,
c833c10214a84703b40edbdf1b2f16b1,656,2026-10-03T15:15:31.526856+07:00,655.0477418959999,99.11537111500002,EXPOSURE,655.2100538689999,0.9999829799999134,0.25214243099981104,0.00012433899973984808,DISABLED,on,user_reported,36.9456672668457,51.765052795410156,1007.098359375,126015.2578125,True,True,True,176,0,0,109,178,101,2026-10-03T15:15:31.526961+07:00,655.0478676170001,0.18617950199995903,OK,,True,2026-10-03T15:15:31.713152+07:00,655.2340548409998,0.032984103000217146,OK,,True,1280,0.16,,2026-10-03T15:15:31.746136+07:00,655.267042037,0.03283399400015696,OK,,True,2474,0.30925,
c833c10214a84703b40edbdf1b2f16b1,657,2026-10-03T15:15:32.526814+07:00,656.0477108199998,100.11534003899988,EXPOSURE,656.2100227929998,0.9999689239998588,0.25175671800025157,9.326299959866446e-05,DISABLED,on,user_reported,36.94694137573242,51.777828216552734,1007.134609375,125922.28125,True,True,True,176,0,0,109,178,101,2026-10-03T15:15:32.526898+07:00,656.047805578,0.18581550999988394,OK,,True,2026-10-03T15:15:32.712726+07:00,656.2336288289998,0.03298984399998517,OK,,True,1278,0.15975,,2026-10-03T15:15:32.745715+07:00,656.2666218029999,0.03283741999985068,OK,,True,2468,0.3085,
c833c10214a84703b40edbdf1b2f16b1,658,2026-10-03T15:15:33.526956+07:00,657.0478501289999,101.11547934800001,EXPOSURE,657.2101621019999,1.000139309000133,0.25637365900001896,0.00023257199973159004,DISABLED,on,user_reported,36.948219299316406,51.77800750732422,1007.0340625,126295.015625,True,True,True,176,0,0,109,178,101,2026-10-03T15:15:33.527045+07:00,657.0479520909998,0.18590360500002134,OK,,True,2026-10-03T15:15:33.712963+07:00,657.2338653070001,0.03538260799996351,OK,,True,1275,0.15937500000000002,,2026-10-03T15:15:33.748353+07:00,657.2692552109997,0.034956059000251116,OK,,True,2455,0.306875,
c833c10214a84703b40edbdf1b2f16b1,659,2026-10-03T15:15:34.526949+07:00,658.0478426619998,102.11547188099985,EXPOSURE,658.2101546349998,0.9999925329998405,0.25174067100033426,0.00022510499957206775,DISABLED,on,user_reported,36.943115234375,51.77728271484375,1007.107890625,126388.546875,True,True,True,176,0,0,109,178,101,2026-10-03T15:15:34.527043+07:00,658.0479504750001,0.18583288699983314,OK,,True,2026-10-03T15:15:34.712889+07:00,658.2337916759998,0.03295980900020368,OK,,True,1274,0.15925,,2026-10-03T15:15:34.745848+07:00,658.2667543369998,0.032820589000039035,OK,,True,2478,0.30975,
c833c10214a84703b40edbdf1b2f16b1,660,2026-10-03T15:15:35.526974+07:00,659.0478588589999,103.115488078,EXPOSURE,659.2101708319999,1.00001619700015,0.25281916099993396,0.00024130199972205446,DISABLED,on,user_reported,36.94184112548828,51.77080535888672,1007.0784375,125922.28125,True,True,True,176,0,0,109,178,101,2026-10-03T15:15:35.527127+07:00,659.0480325600001,0.18680317400003332,OK,,True,2026-10-03T15:15:35.713940+07:00,659.2348434370001,0.03297656899985668,OK,,True,1283,0.160375,,2026-10-03T15:15:35.746917+07:00,659.2678231350001,0.03284682999992583,OK,,True,2473,0.309125,
c833c10214a84703b40edbdf1b2f16b1,661,2026-10-03T15:15:36.526804+07:00,660.047701298,104.11533051700007,EXPOSURE,660.210013271,0.9998424390000764,0.25187080900013825,8.374099979846505e-05,DISABLED,on,user_reported,36.94630432128906,51.79033279418945,1007.085625,126201.625,True,True,True,176,0,0,109,178,101,2026-10-03T15:15:36.526886+07:00,660.0477935939998,0.18581431900020107,OK,,True,2026-10-03T15:15:36.712713+07:00,660.233615524,0.033114271000158624,OK,,True,1291,0.161375,,2026-10-03T15:15:36.745828+07:00,660.2667335169999,0.032830349000050774,OK,,True,2467,0.308375,
c833c10214a84703b40edbdf1b2f16b1,662,2026-10-03T15:15:37.526832+07:00,661.0477278819999,105.11535710099997,EXPOSURE,661.2100398549999,1.0000265839998974,0.25173901800008025,0.00011032499969587661,DISABLED,on,user_reported,36.93865203857422,51.80183410644531,1007.038984375,126952.640625,True,True,True,176,0,0,109,178,101,2026-10-03T15:15:37.526949+07:00,661.0478560840002,0.18581984100001137,OK,,True,2026-10-03T15:15:37.712781+07:00,661.233683555,0.03297299499990913,OK,,True,1279,0.15987500000000002,,2026-10-03T15:15:37.745753+07:00,661.2666597359998,0.03279872000030082,OK,,True,2477,0.309625,
c833c10214a84703b40edbdf1b2f16b1,663,2026-10-03T15:15:38.526837+07:00,662.0477337060001,106.11536292500023,EXPOSURE,662.2100456790001,1.0000058240002545,0.25436604199967405,0.00011614899995038286,DISABLED,on,user_reported,36.93354415893555,51.794803619384766,1006.9965625,126576.0234375,True,True,True,176,0,0,109,178,101,2026-10-03T15:15:38.526915+07:00,662.0478213900001,0.18596724899998662,OK,,True,2026-10-03T15:15:38.712898+07:00,662.2337995839998,0.03298188500002652,OK,,True,1276,0.1595,,2026-10-03T15:15:38.745885+07:00,662.2667883579998,0.035293020000153774,OK,,True,2462,0.30775,
c833c10214a84703b40edbdf1b2f16b1,664,2026-10-03T15:15:39.530053+07:00,663.0509483179999,107.11857753699996,EXPOSURE,663.2132602909999,1.0032146119997378,0.2518361920001553,0.0033307609996882093,DISABLED,on,user_reported,36.92780303955078,51.80657958984375,1007.083125,125829.4453125,True,True,True,176,0,0,109,178,101,2026-10-03T15:15:39.530141+07:00,663.0510480940002,0.18587493999984872,OK,,True,2026-10-03T15:15:39.716029+07:00,663.2369310519998,0.03301288500006194,OK,,True,1295,0.161875,,2026-10-03T15:15:39.749042+07:00,663.2699474000001,0.03282735099992351,OK,,True,2468,0.3085,
c833c10214a84703b40edbdf1b2f16b1,665,2026-10-03T15:15:40.526870+07:00,664.0477609039999,108.115390123,EXPOSURE,664.2100728769999,0.9968125860000328,0.2614621590000752,0.00014334699972096132,DISABLED,on,user_reported,36.927162170410156,51.806488037109375,1007.1778125,126201.625,True,True,True,176,0,0,109,178,101,2026-10-03T15:15:40.526973+07:00,664.0478804579998,0.19069056300031662,OK,,True,2026-10-03T15:15:40.717689+07:00,664.2385878350001,0.03540877899968109,OK,,True,1292,0.1615,,2026-10-03T15:15:40.753101+07:00,664.2740049290001,0.03519754099988859,OK,,True,2484,0.3105,
c833c10214a84703b40edbdf1b2f16b1,666,2026-10-03T15:15:41.526898+07:00,665.047787427,109.11541664600009,EXPOSURE,665.2100994,1.0000265230000878,0.26338030399983836,0.00016986999980872497,DISABLED,on,user_reported,36.92780303955078,51.80028533935547,1007.1515625,126295.015625,True,True,True,176,0,0,109,178,101,2026-10-03T15:15:41.527036+07:00,665.047941796,0.18985089099987817,OK,,True,2026-10-03T15:15:41.716905+07:00,665.2378054649998,0.036767410000265954,OK,,True,1282,0.16025,,2026-10-03T15:15:41.753677+07:00,665.2745807820002,0.03656783799988261,OK,,True,2476,0.3095,
c833c10214a84703b40edbdf1b2f16b1,667,2026-10-03T15:15:42.526877+07:00,666.0477647829998,110.1153940019999,EXPOSURE,666.2100767559998,0.9999773559998175,0.25932501100032823,0.00014722599962624372,DISABLED,on,user_reported,36.93354415893555,51.81370162963867,1007.174453125,126858.2734375,True,True,True,176,0,0,109,178,101,2026-10-03T15:15:42.527029+07:00,666.0479344290002,0.18959145399958288,OK,,True,2026-10-03T15:15:42.716637+07:00,666.237538068,0.0343503320000309,OK,,True,1290,0.16125,,2026-10-03T15:15:42.750995+07:00,666.2718972510002,0.03517156199995952,OK,,True,2485,0.310625,
c833c10214a84703b40edbdf1b2f16b1,668,2026-10-03T15:15:43.526860+07:00,667.0477493409999,111.11537855999995,EXPOSURE,667.2100613139999,0.999984558000051,0.2531530619999103,0.00013178399967728183,DISABLED,on,user_reported,36.92525100708008,51.83141326904297,1007.154296875,126388.546875,True,True,True,176,0,0,109,178,101,2026-10-03T15:15:43.527011+07:00,667.047917079,0.1869847339999069,OK,,True,2026-10-03T15:15:43.714007+07:00,667.2349097380002,0.03277650199970594,OK,,True,1272,0.159,,2026-10-03T15:15:43.746791+07:00,667.2676929439999,0.03318275499987067,OK,,True,2455,0.306875,
c833c10214a84703b40edbdf1b2f16b1,669,2026-10-03T15:15:44.526815+07:00,668.0477132309998,112.11534244999984,EXPOSURE,668.2100252039997,0.9999638899998899,0.25175973300019905,9.567399956722511e-05,DISABLED,on,user_reported,36.92461395263672,51.81241989135742,1007.118984375,126482.2109375,True,True,True,176,0,0,109,178,101,2026-10-03T15:15:44.526890+07:00,668.04779697,0.18583960399973876,OK,,True,2026-10-03T15:15:44.712743+07:00,668.2336459809999,0.03299525900001754,OK,,True,1268,0.1585,,2026-10-03T15:15:44.745739+07:00,668.2666446100002,0.03281776099993294,OK,,True,2479,0.309875,
c833c10214a84703b40edbdf1b2f16b1,670,2026-10-03T15:15:45.526801+07:00,669.047699193,113.11532841200005,EXPOSURE,669.210011166,0.9999859620002098,0.25195849300007467,8.163599977706326e-05,DISABLED,on,user_reported,36.922698974609375,51.82474899291992,1007.074765625,126108.375,True,True,True,176,0,0,109,178,101,2026-10-03T15:15:45.526876+07:00,669.0477833770001,0.18582058799984225,OK,,True,2026-10-03T15:15:45.712709+07:00,669.2336124469998,0.03314796099994055,OK,,True,1273,0.15912500000000002,,2026-10-03T15:15:45.745862+07:00,669.2667654440002,0.03288126099960209,OK,,True,2475,0.309375,
c833c10214a84703b40edbdf1b2f16b1,671,2026-10-03T15:15:46.526802+07:00,670.04770069,114.11532990900014,EXPOSURE,670.210012663,1.0000014970000848,0.2517730929998834,8.313299986184575e-05,DISABLED,on,user_reported,36.923973083496094,51.824928283691406,1007.138359375,126576.0234375,True,True,True,176,0,0,109,178,101,2026-10-03T15:15:46.526875+07:00,670.047782263,0.18583661000002394,OK,,True,2026-10-03T15:15:46.712725+07:00,670.2336277439999,0.033002110999859724,OK,,True,1287,0.160875,,2026-10-03T15:15:46.745727+07:00,670.2666334099999,0.03282992899994497,OK,,True,2477,0.309625,
c833c10214a84703b40edbdf1b2f16b1,672,2026-10-03T15:15:47.526806+07:00,671.047701853,115.11533107200012,EXPOSURE,671.210013826,1.000001162999979,0.25194979900015824,8.429599984083325e-05,DISABLED,on,user_reported,36.91950988769531,51.82429504394531,1007.138046875,126764.046875,True,True,True,176,0,0,109,178,101,2026-10-03T15:15:47.526890+07:00,671.0477974249998,0.18582178100041347,OK,,True,2026-10-03T15:15:47.712725+07:00,671.2336278719999,0.0331882579998819,OK,,True,1296,0.162,,2026-10-03T15:15:47.745917+07:00,671.2668212039998,0.032819985000060115,OK,,True,2465,0.308125,
c833c10214a84703b40edbdf1b2f16b1,673,2026-10-03T15:15:48.526803+07:00,672.0477006430001,116.11532986200018,EXPOSURE,672.2100126160001,0.9999987900000633,0.2586419909998767,8.308599990414223e-05,DISABLED,on,user_reported,36.92780303955078,51.82547378540039,1007.089921875,125922.28125,True,True,True,176,0,0,109,178,101,2026-10-03T15:15:48.526876+07:00,672.0477830129998,0.18973021200008588,OK,,True,2026-10-03T15:15:48.716627+07:00,672.2375272620002,0.03446866699960083,OK,,True,1261,0.15762500000000002,,2026-10-03T15:15:48.751101+07:00,672.272003558,0.03431004000003668,OK,,True,2452,0.3065,
c833c10214a84703b40edbdf1b2f16b1,674,2026-10-03T15:15:49.526872+07:00,673.0477612280001,117.11539044700021,EXPOSURE,673.2100732010001,1.0000605850000284,0.2597442950000186,0.0001436709999325103,DISABLED,on,user_reported,36.921424865722656,51.83086395263672,1007.079609375,127047.1484375,True,True,True,176,0,0,109,178,101,2026-10-03T15:15:49.527017+07:00,673.0479213180001,0.19092312599968864,OK,,True,2026-10-03T15:15:49.717958+07:00,673.2388585549998,0.03549283900019873,OK,,True,1291,0.161375,,2026-10-03T15:15:49.753453+07:00,673.274355949,0.033137241000076756,OK,,True,2458,0.30725,
c833c10214a84703b40edbdf1b2f16b1,675,2026-10-03T15:15:50.526806+07:00,674.0477024420002,118.11533166100025,EXPOSURE,674.2100144150002,0.9999412140000459,0.2535095309999633,8.488499997838517e-05,DISABLED,on,user_reported,36.908660888671875,51.829036712646484,1007.20953125,126295.015625,True,True,True,176,0,0,109,178,101,2026-10-03T15:15:50.526891+07:00,674.0477981630002,0.18583528899989687,OK,,True,2026-10-03T15:15:50.712740+07:00,674.233642489,0.03458538899985797,OK,,True,1256,0.157,,2026-10-03T15:15:50.747329+07:00,674.2682331179999,0.03296744799990847,OK,,True,2445,0.305625,
c833c10214a84703b40edbdf1b2f16b1,676,2026-10-03T15:15:51.526803+07:00,675.0477011899998,119.11533040899985,EXPOSURE,675.2100131629998,0.999998747999598,0.2524773280001682,8.363299957636627e-05,DISABLED,on,user_reported,36.9118537902832,51.84208679199219,1007.180390625,126108.375,True,True,True,176,0,0,109,178,101,2026-10-03T15:15:51.526876+07:00,675.0477829860001,0.18584258800001408,OK,,True,2026-10-03T15:15:51.712732+07:00,675.233634537,0.03317101999982697,OK,,True,1250,0.15625,,2026-10-03T15:15:51.745905+07:00,675.2668100569999,0.033356867999827955,OK,,True,2449,0.306125,
c833c10214a84703b40edbdf1b2f16b1,677,2026-10-03T15:15:52.526847+07:00,676.047738066,0.11536728500004756,WAIT_RECOVERY,676.210050039,1.0000368760001948,0.2523898700001155,0.0001205089997711184,DISABLED,on,user_reported,36.9118537902832,51.848384857177734,1007.194140625,126295.015625,True,True,True,176,0,0,109,178,101,2026-10-03T15:15:52.526939+07:00,676.0478461580001,0.1858699239996895,OK,,True,2026-10-03T15:15:52.712822+07:00,676.233724879,0.033508088999951724,OK,,True,1238,0.15475,,2026-10-03T15:15:52.746334+07:00,676.2672374499998,0.032880264000141324,OK,,True,2444,0.3055,
c833c10214a84703b40edbdf1b2f16b1,678,2026-10-03T15:15:53.526802+07:00,677.047700349,1.1153295680001065,WAIT_RECOVERY,677.210012322,0.999962283000059,0.25240935500005435,8.279199983007857e-05,DISABLED,on,user_reported,36.9093017578125,51.866920471191406,1007.169375,127141.7890625,True,True,True,176,0,0,109,178,101,2026-10-03T15:15:53.526876+07:00,677.0477835699999,0.18581109600017953,OK,,True,2026-10-03T15:15:53.712699+07:00,677.2336022579998,0.03364303300031679,OK,,True,1249,0.156125,,2026-10-03T15:15:53.746347+07:00,677.2672505310002,0.03284874699966167,OK,,True,2451,0.306375,
c833c10214a84703b40edbdf1b2f16b1,679,2026-10-03T15:15:54.526827+07:00,678.047723055,2.115352274000088,WAIT_RECOVERY,678.210035028,1.0000227059999816,0.25843427900008464,0.00010549799981163233,DISABLED,on,user_reported,36.908660888671875,51.873130798339844,1007.147890625,126576.0234375,True,True,True,176,0,0,109,178,101,2026-10-03T15:15:54.526903+07:00,678.0478106279998,0.18638373900012084,OK,,True,2026-10-03T15:15:54.713301+07:00,678.234203552,0.035322547999840026,OK,,True,1261,0.15762500000000002,,2026-10-03T15:15:54.748636+07:00,678.2695360809998,0.03660092000018267,OK,,True,2460,0.3075,
c833c10214a84703b40edbdf1b2f16b1,680,2026-10-03T15:15:55.526826+07:00,679.047722019,3.1153512380001303,WAIT_RECOVERY,679.210033992,0.9999989640000422,0.25321359300005497,0.000104461999853811,DISABLED,on,user_reported,36.90355682373047,51.87870407104492,1007.03703125,126201.625,True,True,True,176,0,0,109,178,101,2026-10-03T15:15:55.526910+07:00,679.0478176659999,0.18581769399997938,OK,,True,2026-10-03T15:15:55.712740+07:00,679.2336430259998,0.03440974600016489,OK,,True,1259,0.15737500000000001,,2026-10-03T15:15:55.747154+07:00,679.2680581049999,0.03286617399999159,OK,,True,2447,0.305875,
c833c10214a84703b40edbdf1b2f16b1,681,2026-10-03T15:15:56.526811+07:00,680.047708351,4.115337570000065,WAIT_RECOVERY,680.210020324,0.9999863319999349,0.2531184330000542,9.079399978872971e-05,DISABLED,on,user_reported,36.900367736816406,51.87194061279297,1007.10703125,126388.546875,True,True,True,176,0,0,109,178,101,2026-10-03T15:15:56.526886+07:00,680.0477937390001,0.1859775279999667,OK,,True,2026-10-03T15:15:56.712903+07:00,680.2337933409999,0.03379262499993274,OK,,True,1250,0.15625,,2026-10-03T15:15:56.746688+07:00,680.2675913359999,0.03322322600024563,OK,,True,2446,0.30575,
c833c10214a84703b40edbdf1b2f16b1,682,2026-10-03T15:15:57.526802+07:00,681.0477013660002,5.115330585000265,WAIT_RECOVERY,681.2100133390002,0.9999930150002001,0.25408809099963037,8.380899998883251e-05,DISABLED,on,user_reported,36.89973068237305,51.8907470703125,1007.106015625,126576.0234375,True,True,True,176,0,0,109,178,101,2026-10-03T15:15:57.526876+07:00,681.0477832359998,0.185853144000248,OK,,True,2026-10-03T15:15:57.712743+07:00,681.2336454729998,0.034780742000293685,OK,,True,1242,0.15525,,2026-10-03T15:15:57.747528+07:00,681.2684318810002,0.033346075999816094,OK,,True,2443,0.305375,
c833c10214a84703b40edbdf1b2f16b1,683,2026-10-03T15:15:58.526806+07:00,682.0477025099999,6.1153317289999904,WAIT_RECOVERY,682.2100144829999,1.0000011439997252,0.25632862000020395,8.495299971400527e-05,DISABLED,on,user_reported,36.89845275878906,51.8968620300293,1007.056015625,126669.96875,True,True,True,176,0,0,109,178,101,2026-10-03T15:15:58.526888+07:00,682.0477953599998,0.1881526360002681,OK,,True,2026-10-03T15:15:58.715059+07:00,682.235959829,0.03380595899989203,OK,,True,1256,0.157,,2026-10-03T15:15:58.748869+07:00,682.269772177,0.03423302800001693,OK,,True,2446,0.30575,
c833c10214a84703b40edbdf1b2f16b1,684,2026-10-03T15:15:59.526818+07:00,683.0477146509998,7.115343869999833,WAIT_RECOVERY,683.2100266239997,1.0000121409998428,0.25546963600027084,9.709399955681874e-05,DISABLED,on,user_reported,36.89908981323242,51.8969612121582,1007.06390625,126108.375,True,True,True,176,0,0,109,178,101,2026-10-03T15:15:59.526895+07:00,683.04780265,0.18591155700005402,OK,,True,2026-10-03T15:15:59.712820+07:00,683.2337220589998,0.03525192200004312,OK,,True,1251,0.15637500000000001,,2026-10-03T15:15:59.748077+07:00,683.268979944,0.03418913999985307,OK,,True,2432,0.304,
c833c10214a84703b40edbdf1b2f16b1,685,2026-10-03T15:16:00.529839+07:00,684.050723417,8.118352636000054,WAIT_RECOVERY,684.21303539,1.003008766000221,0.2553961970002092,0.003105859999777749,DISABLED,on,user_reported,36.90100860595703,51.88463592529297,1007.046484375,126576.0234375,True,True,True,176,0,0,109,178,101,2026-10-03T15:16:00.530004+07:00,684.0509098399998,0.18706324899994797,OK,,True,2026-10-03T15:16:00.717076+07:00,684.2379787929999,0.03377696100005778,OK,,True,1257,0.15712500000000001,,2026-10-03T15:16:00.750859+07:00,684.2717622529999,0.03433965700014596,OK,,True,2435,0.304375,
c833c10214a84703b40edbdf1b2f16b1,686,2026-10-03T15:16:01.526812+07:00,685.0477112240001,9.11534044300015,WAIT_RECOVERY,685.210023197,0.9969878070000959,0.2599453069997253,9.36669998736761e-05,DISABLED,on,user_reported,36.904197692871094,51.903987884521484,1007.078984375,126015.2578125,True,True,True,176,0,0,109,178,101,2026-10-03T15:16:01.526884+07:00,685.0477916300001,0.18580074999999852,OK,,True,2026-10-03T15:16:01.712695+07:00,685.233598972,0.03900931899988791,OK,,True,1254,0.15675,,2026-10-03T15:16:01.751713+07:00,685.272615679,0.03502227899980426,OK,,True,2426,0.30325,
c833c10214a84703b40edbdf1b2f16b1,687,2026-10-03T15:16:02.526813+07:00,686.0477110440002,10.115340263000235,WAIT_RECOVERY,686.2100230170001,0.9999998200000846,0.25404987100000653,9.348699995825882e-05,DISABLED,on,user_reported,36.8978157043457,51.88418197631836,1007.089140625,126108.375,True,True,True,176,0,0,109,178,101,2026-10-03T15:16:02.526887+07:00,686.047794265,0.18580986400002075,OK,,True,2026-10-03T15:16:02.712708+07:00,686.2336109809999,0.032778289999896515,OK,,True,1269,0.15862500000000002,,2026-10-03T15:16:02.745495+07:00,686.2663966780001,0.03532945999995718,OK,,True,2427,0.303375,
c833c10214a84703b40edbdf1b2f16b1,688,2026-10-03T15:16:03.526824+07:00,687.0477224729998,11.115351691999876,WAIT_RECOVERY,687.2100344459998,1.0000114289996418,0.2537518240001191,0.0001049159996000526,DISABLED,on,user_reported,36.89462661743164,51.890018463134766,1007.1525,126108.375,True,True,True,176,0,0,109,178,101,2026-10-03T15:16:03.526896+07:00,687.0478036949999,0.1858037370002421,OK,,True,2026-10-03T15:16:03.712711+07:00,687.2336143950001,0.03419132699991678,OK,,True,1230,0.15375,,2026-10-03T15:16:03.746908+07:00,687.267811537,0.03364711199992598,OK,,True,2423,0.302875,
c833c10214a84703b40edbdf1b2f16b1,689,2026-10-03T15:16:04.526820+07:00,688.04771579,12.115345009000066,WAIT_RECOVERY,688.210027763,0.9999933170001896,0.2538844179998705,9.823299978961586e-05,DISABLED,on,user_reported,36.89590072631836,51.871307373046875,1007.079296875,126482.2109375,True,True,True,176,0,0,109,178,101,2026-10-03T15:16:04.526903+07:00,688.047810307,0.18581627699995806,OK,,True,2026-10-03T15:16:04.712730+07:00,688.2336337689999,0.032982807000280445,OK,,True,1248,0.156,,2026-10-03T15:16:04.745713+07:00,688.2666197240001,0.03496300300002986,OK,,True,2422,0.30275,
c833c10214a84703b40edbdf1b2f16b1,690,2026-10-03T15:16:05.526810+07:00,689.047707622,13.115336841000044,WAIT_RECOVERY,689.210019595,0.9999918319999779,0.26350220399990576,9.006499976749183e-05,DISABLED,on,user_reported,36.88760757446289,51.870113372802734,1007.086328125,126388.546875,True,True,True,176,0,0,109,178,101,2026-10-03T15:16:05.526879+07:00,689.0477864909999,0.1905622740000581,OK,,True,2026-10-03T15:16:05.717465+07:00,689.2383647279999,0.03683883000030619,OK,,True,1244,0.1555,,2026-10-03T15:16:05.754316+07:00,689.2752152059998,0.035964861000138626,OK,,True,2422,0.30275,
c833c10214a84703b40edbdf1b2f16b1,691,2026-10-03T15:16:06.526812+07:00,690.0477100449998,14.115339263999886,WAIT_RECOVERY,690.2100220179998,1.0000024229998417,0.2537088550002409,9.248799960914766e-05,DISABLED,on,user_reported,36.88760757446289,51.882713317871094,1007.05203125,126669.96875,True,True,True,176,0,0,109,178,101,2026-10-03T15:16:06.526884+07:00,690.0477914140001,0.1858152469999368,OK,,True,2026-10-03T15:16:06.712710+07:00,690.2336133640001,0.034328197999911936,OK,,True,1249,0.156125,,2026-10-03T15:16:06.747044+07:00,690.2679469509999,0.033458135000273614,OK,,True,2441,0.305125,
c833c10214a84703b40edbdf1b2f16b1,692,2026-10-03T15:16:07.526808+07:00,691.047706114,0.9792392670001391,RECOVERY,691.210018087,0.9999960690001899,0.2518003840000347,8.855699979903875e-05,DISABLED,on,user_reported,36.89143753051758,51.86437225341797,1007.051484375,126295.015625,True,True,True,176,0,0,109,178,101,2026-10-03T15:16:07.526875+07:00,691.0477820020001,0.1858049160000519,OK,,True,2026-10-03T15:16:07.712691+07:00,691.2335942330001,0.03302371499967194,OK,,True,1246,0.15575,,2026-10-03T15:16:07.745717+07:00,691.2666222070002,0.03287523599965425,OK,,True,2446,0.30575,
c833c10214a84703b40edbdf1b2f16b1,693,2026-10-03T15:16:08.526806+07:00,692.0477042729999,1.9792374260000543,RECOVERY,692.2100162459999,0.9999981589999152,0.25185955500001,8.671599971421529e-05,DISABLED,on,user_reported,36.880592346191406,51.85021209716797,1007.075,125922.28125,True,True,True,176,0,0,109,178,101,2026-10-03T15:16:08.526880+07:00,692.0477870690002,0.1857998629998292,OK,,True,2026-10-03T15:16:08.712690+07:00,692.2335935249998,0.03311330700034887,OK,,True,1250,0.15625,,2026-10-03T15:16:08.745804+07:00,692.266710332,0.03284481099990444,OK,,True,2442,0.30525,
c833c10214a84703b40edbdf1b2f16b1,694,2026-10-03T15:16:09.526804+07:00,693.047702375,2.9792355280001175,RECOVERY,693.210014348,0.9999981020000632,0.2518679660001908,8.481799977744231e-05,DISABLED,on,user_reported,36.87995147705078,51.869022369384766,1007.101171875,125829.4453125,True,True,True,176,0,0,109,178,101,2026-10-03T15:16:09.526877+07:00,693.0477844289999,0.18580153399989285,OK,,True,2026-10-03T15:16:09.712689+07:00,693.2335931110001,0.03301980900005219,OK,,True,1253,0.15662500000000001,,2026-10-03T15:16:09.745713+07:00,693.2666167530001,0.032944347000011476,OK,,True,2438,0.30475,
c833c10214a84703b40edbdf1b2f16b1,695,2026-10-03T15:16:10.526809+07:00,694.047705252,3.97923840500016,RECOVERY,694.210017225,1.0000028770000426,0.25499928099998215,8.76949998200871e-05,DISABLED,on,user_reported,36.879310607910156,51.868919372558594,1007.06609375,126388.546875,True,True,True,176,0,0,109,178,101,2026-10-03T15:16:10.526893+07:00,694.0477998619999,0.18580774000020028,OK,,True,2026-10-03T15:16:10.712711+07:00,694.2336144159999,0.032988032000048406,OK,,True,1251,0.15637500000000001,,2026-10-03T15:16:10.745699+07:00,694.2666055039999,0.036083973000131664,OK,,True,2441,0.305125,
c833c10214a84703b40edbdf1b2f16b1,696,2026-10-03T15:16:11.526813+07:00,695.0477112369999,4.979244390000076,RECOVERY,695.2100232099999,1.000005984999916,0.25176038300014625,9.36799997361959e-05,DISABLED,on,user_reported,36.87229537963867,51.88052749633789,1007.0271875,126295.015625,True,True,True,176,0,0,109,178,101,2026-10-03T15:16:11.526886+07:00,695.047793662,0.1858058540001366,OK,,True,2026-10-03T15:16:11.712702+07:00,695.2336062200002,0.03300580999984959,OK,,True,1242,0.15525,,2026-10-03T15:16:11.745711+07:00,695.2666157519998,0.032848035000370146,OK,,True,2434,0.30425,
c833c10214a84703b40edbdf1b2f16b1,697,2026-10-03T15:16:12.526806+07:00,696.0477038499998,5.97923700299998,RECOVERY,696.2100158229998,0.9999926129999039,0.25172585100017386,8.629299964013626e-05,DISABLED,on,user_reported,36.87165832519531,51.88673400878906,1007.012578125,125829.4453125,True,True,True,176,0,0,109,178,101,2026-10-03T15:16:12.526878+07:00,696.0477848119999,0.1858067650000521,OK,,True,2026-10-03T15:16:12.712695+07:00,696.2335987249999,0.03298362600025939,OK,,True,1240,0.155,,2026-10-03T15:16:12.745679+07:00,696.2665854249999,0.03283583100028409,OK,,True,2433,0.304125,
c833c10214a84703b40edbdf1b2f16b1,698,2026-10-03T15:16:13.526806+07:00,697.0477043309997,6.979237483999896,RECOVERY,697.2100163039997,1.0000004809999155,0.25176292800006195,8.67739995555894e-05,DISABLED,on,user_reported,36.873573303222656,51.88070297241211,1007.104765625,125922.28125,True,True,True,176,0,0,109,178,101,2026-10-03T15:16:13.526878+07:00,697.0477855149998,0.1858086010001898,OK,,True,2026-10-03T15:16:13.712698+07:00,697.2336011719999,0.033018828999956895,OK,,True,1251,0.15637500000000001,,2026-10-03T15:16:13.745718+07:00,697.2666236310001,0.03283461000000898,OK,,True,2432,0.304,
c833c10214a84703b40edbdf1b2f16b1,699,2026-10-03T15:16:14.526806+07:00,698.047704698,7.979237851000107,RECOVERY,698.210016671,1.0000003670002116,0.25170010000010734,8.714099976714351e-05,DISABLED,on,user_reported,36.87676239013672,51.893768310546875,1007.123515625,126295.015625,True,True,True,176,0,0,109,178,101,2026-10-03T15:16:14.526877+07:00,698.0477842340001,0.18580862299995715,OK,,True,2026-10-03T15:16:14.712696+07:00,698.2335995600001,0.03297184999973979,OK,,True,1239,0.154875,,2026-10-03T15:16:14.745668+07:00,698.266574317,0.032822276999922906,OK,,True,2435,0.304375,
c833c10214a84703b40edbdf1b2f16b1,700,2026-10-03T15:16:15.526807+07:00,699.0477061369998,8.979239289999896,RECOVERY,699.2100181099997,1.0000014389997887,0.2519304160000502,8.857999955580453e-05,DISABLED,on,user_reported,36.874210357666016,51.893402099609375,1007.146796875,125736.7421875,True,True,True,176,0,0,109,178,101,2026-10-03T15:16:15.526878+07:00,699.0477847849997,0.18580892100044366,OK,,True,2026-10-03T15:16:15.712697+07:00,699.2336009279998,0.033155107000311546,OK,,True,1241,0.155125,,2026-10-03T15:16:15.745855+07:00,699.2667599609999,0.0328679250001187,OK,,True,2437,0.304625,
c833c10214a84703b40edbdf1b2f16b1,701,2026-10-03T15:16:16.526810+07:00,700.04770637,9.97923952300016,RECOVERY,700.210018343,1.0000002330002644,0.25169386700008545,8.881299982022028e-05,DISABLED,on,user_reported,36.87165832519531,51.899330139160156,1007.094765625,126108.375,True,True,True,176,0,0,109,178,101,2026-10-03T15:16:16.526895+07:00,700.0478021839999,0.18580881300022156,OK,,True,2026-10-03T15:16:16.712714+07:00,700.2336178669998,0.032955758000298374,OK,,True,1239,0.154875,,2026-10-03T15:16:16.745669+07:00,700.2665763659998,0.032816001000355755,OK,,True,2421,0.30262500000000003,
c833c10214a84703b40edbdf1b2f16b1,702,2026-10-03T15:16:17.526827+07:00,701.047724859,10.979258012000173,RECOVERY,701.210036832,1.0000184890000128,0.25243832399974053,0.00010730199983299826,DISABLED,on,user_reported,36.876121520996094,51.893672943115234,1007.11578125,125922.28125,True,True,True,176,0,0,109,178,101,2026-10-03T15:16:17.526900+07:00,701.0478077289999,0.1860834240001168,OK,,True,2026-10-03T15:16:17.712994+07:00,701.2338975779999,0.033247089000269625,OK,,True,1233,0.154125,,2026-10-03T15:16:17.746248+07:00,701.2671501109999,0.03300166500002888,OK,,True,2439,0.304875,
c833c10214a84703b40edbdf1b2f16b1,703,2026-10-03T15:16:18.526801+07:00,702.0476989949998,11.979232147999937,RECOVERY,702.2100109679998,0.9999741359997643,0.25181876200031184,8.143799959725584e-05,DISABLED,on,user_reported,36.87676239013672,51.893768310546875,1007.144140625,125922.28125,True,True,True,176,0,0,109,178,101,2026-10-03T15:16:18.526875+07:00,702.0477817709998,0.1858023940003477,OK,,True,2026-10-03T15:16:18.712688+07:00,702.2335912939998,0.03309583200007182,OK,,True,1236,0.1545,,2026-10-03T15:16:18.745783+07:00,702.2666899780002,0.03281983399983801,OK,,True,2433,0.304125,
c833c10214a84703b40edbdf1b2f16b1,704,2026-10-03T15:16:19.526802+07:00,703.0477005899997,12.979233742999895,RECOVERY,703.2100125629997,1.0000015949999579,0.2517633040001783,8.303299955514376e-05,DISABLED,on,user_reported,36.86974334716797,51.90536117553711,1007.036953125,126015.2578125,True,True,True,176,0,0,109,178,101,2026-10-03T15:16:19.526873+07:00,703.0477801450002,0.18580598899961842,OK,,True,2026-10-03T15:16:19.712689+07:00,703.2335924109998,0.033004926000103296,OK,,True,1227,0.153375,,2026-10-03T15:16:19.745697+07:00,703.26660167,0.032854056999894965,OK,,True,2427,0.303375,
c833c10214a84703b40edbdf1b2f16b1,705,2026-10-03T15:16:20.526802+07:00,704.0477009790002,13.979234132000329,RECOVERY,704.2100129520002,1.0000003890004336,0.25167940199980876,8.342199998878641e-05,DISABLED,on,user_reported,36.86974334716797,51.9179573059082,1007.0575,126015.2578125,True,True,True,176,0,0,109,178,101,2026-10-03T15:16:20.526872+07:00,704.047779126,0.18580754799995702,OK,,True,2026-10-03T15:16:20.712691+07:00,704.2335941000001,0.032964777999950456,OK,,True,1228,0.1535,,2026-10-03T15:16:20.745656+07:00,704.2665619519998,0.03281018799998492,OK,,True,2423,0.302875,
c833c10214a84703b40edbdf1b2f16b1,706,2026-10-03T15:16:21.526801+07:00,705.0476997729997,14.979232925999895,RECOVERY,705.2100117459997,0.9999987939995663,0.2517721080002957,8.221599955504644e-05,DISABLED,on,user_reported,36.869102478027344,51.911563873291016,1007.07015625,125736.7421875,True,True,True,176,0,0,109,178,101,2026-10-03T15:16:21.526872+07:00,705.047779253,0.18581134699979884,OK,,True,2026-10-03T15:16:21.712695+07:00,705.2335980439998,0.03301502000022083,OK,,True,1234,0.15425,,2026-10-03T15:16:21.745713+07:00,705.26661736,0.032845946999714215,OK,,True,2426,0.30325,
c833c10214a84703b40edbdf1b2f16b1,707,2026-10-03T15:16:22.526807+07:00,706.0477033050001,15.979236458000287,RECOVERY,706.2100152780001,1.0000035320003917,0.2517319270000371,8.574799994676141e-05,DISABLED,on,user_reported,36.86591339111328,51.91741180419922,1007.06484375,126201.625,True,True,True,176,0,0,109,178,101,2026-10-03T15:16:22.526882+07:00,706.0477887480001,0.18580468299978747,OK,,True,2026-10-03T15:16:22.712697+07:00,706.2336004119998,0.03297970600033295,OK,,True,1240,0.155,,2026-10-03T15:16:22.745677+07:00,706.2665832289999,0.03284394799993606,OK,,True,2426,0.30325,
c833c10214a84703b40edbdf1b2f16b1,708,2026-10-03T15:16:23.526804+07:00,707.047702797,16.979235950000202,RECOVERY,707.21001477,0.9999994919999153,0.2517738559999998,8.523999986209674e-05,DISABLED,on,user_reported,36.87038040161133,51.93065643310547,1007.09953125,126015.2578125,True,True,True,176,0,0,109,178,101,2026-10-03T15:16:23.526878+07:00,707.0477846660001,0.18580926000004183,OK,,True,2026-10-03T15:16:23.712697+07:00,707.233600519,0.03300939000018843,OK,,True,1213,0.151625,,2026-10-03T15:16:23.745708+07:00,707.2666137790002,0.03285498599962011,OK,,True,2431,0.303875,
c833c10214a84703b40edbdf1b2f16b1,709,2026-10-03T15:16:24.526805+07:00,708.0477036010002,17.97923675400034,RECOVERY,708.2100155740002,1.0000008040001376,0.2516777139999249,8.604399999967427e-05,DISABLED,on,user_reported,36.86208724975586,51.92946243286133,1007.07921875,126388.546875,True,True,True,176,0,0,109,178,101,2026-10-03T15:16:24.526874+07:00,708.0477811370001,0.18580268899995644,OK,,True,2026-10-03T15:16:24.712687+07:00,708.2335909180001,0.03296772499970757,OK,,True,1223,0.152875,,2026-10-03T15:16:24.745655+07:00,708.266561291,0.0328123939998477,OK,,True,2416,0.302,
c833c10214a84703b40edbdf1b2f16b1,710,2026-10-03T15:16:25.526807+07:00,709.0477054950002,18.97923864800032,RECOVERY,709.2100174680002,1.000001893999979,0.25184204899960605,8.793799997874885e-05,DISABLED,on,user_reported,36.859535217285156,51.92910385131836,1007.1778125,126015.2578125,True,True,True,176,0,0,109,178,101,2026-10-03T15:16:25.526876+07:00,709.0477836790001,0.185796320999998,OK,,True,2026-10-03T15:16:25.712682+07:00,709.2335865370001,0.03312137200009602,OK,,True,1230,0.15375,,2026-10-03T15:16:25.745807+07:00,709.2667118720001,0.0328275419997226,OK,,True,2416,0.302,
c833c10214a84703b40edbdf1b2f16b1,711,2026-10-03T15:16:26.526804+07:00,710.0477027010002,19.979235854000308,RECOVERY,710.2100146740001,0.9999972059999891,0.25319031299977723,8.51439999678405e-05,DISABLED,on,user_reported,36.85315704345703,51.94078826904297,1007.119375,126015.2578125,True,True,True,176,0,0,109,178,101,2026-10-03T15:16:26.526890+07:00,710.0477971249998,0.18581273200015858,OK,,True,2026-10-03T15:16:26.712714+07:00,710.2336168940001,0.032994392000091466,OK,,True,1221,0.152625,,2026-10-03T15:16:26.745708+07:00,710.266614268,0.034256413000093744,OK,,True,2414,0.30175,
c833c10214a84703b40edbdf1b2f16b1,712,2026-10-03T15:16:27.526815+07:00,711.0477140150001,20.979247168000256,RECOVERY,711.2100259880001,1.0000113139999485,0.2517697979997138,9.645799991631065e-05,DISABLED,on,user_reported,36.856346130371094,51.94124984741211,1007.16578125,125829.4453125,True,True,True,176,0,0,109,178,101,2026-10-03T15:16:27.526881+07:00,711.0477886250001,0.18580823499996768,OK,,True,2026-10-03T15:16:27.712700+07:00,711.2336038039998,0.03302192900036971,OK,,True,1224,0.153,,2026-10-03T15:16:27.745724+07:00,711.266629363,0.03284556100015834,OK,,True,2418,0.30225,
c833c10214a84703b40edbdf1b2f16b1,713,2026-10-03T15:16:28.526804+07:00,712.0477034559999,21.979236609000054,RECOVERY,712.2100154289999,0.9999894409997978,0.25170639599991773,8.589899971411796e-05,DISABLED,on,user_reported,36.85889434814453,51.96681594848633,1007.135625,126015.2578125,True,True,True,176,0,0,109,178,101,2026-10-03T15:16:28.526875+07:00,712.047782566,0.18580625599997802,OK,,True,2026-10-03T15:16:28.712692+07:00,712.2335960810001,0.03297487500003626,OK,,True,1213,0.151625,,2026-10-03T15:16:28.745667+07:00,712.2665741790001,0.03282785800001875,OK,,True,2422,0.30275,
c833c10214a84703b40edbdf1b2f16b1,714,2026-10-03T15:16:29.526802+07:00,713.0477014120002,22.979234565000297,RECOVERY,713.2100133850001,0.999997956000243,0.2517663809999249,8.385499995711143e-05,DISABLED,on,user_reported,36.859535217285156,51.9480094909668,1007.1025,125551.7421875,True,True,True,176,0,0,109,178,101,2026-10-03T15:16:29.526867+07:00,713.0477743000001,0.18580083400001968,OK,,True,2026-10-03T15:16:29.712677+07:00,713.2335818930001,0.032981763999941904,OK,,True,1220,0.1525,,2026-10-03T15:16:29.745662+07:00,713.2665676940001,0.03289159899986771,OK,,True,2416,0.302,
c833c10214a84703b40edbdf1b2f16b1,715,2026-10-03T15:16:30.526803+07:00,714.0477018850002,23.979235038000297,RECOVERY,714.2100138580001,1.000000473,0.2516997919997266,8.432799995716778e-05,DISABLED,on,user_reported,36.863365173339844,51.95485305786133,1007.122265625,126015.2578125,True,True,True,176,0,0,109,178,101,2026-10-03T15:16:30.526868+07:00,714.0477748100002,0.18580240999972375,OK,,True,2026-10-03T15:16:30.712680+07:00,714.2335842379998,0.03297722800016345,OK,,True,1223,0.152875,,2026-10-03T15:16:30.745658+07:00,714.2665643179998,0.03282950700031506,OK,,True,2422,0.30275,
c833c10214a84703b40edbdf1b2f16b1,716,2026-10-03T15:16:31.526901+07:00,715.0477856859998,24.979318838999916,RECOVERY,715.2100976589998,1.0000838009996187,0.25300166900024124,0.00016812899957585614,DISABLED,on,user_reported,36.86591339111328,51.96152114868164,1007.085390625,125736.7421875,True,True,True,176,0,0,109,178,101,2026-10-03T15:16:31.527056+07:00,715.0479602949999,0.18683338099981484,OK,,True,2026-10-03T15:16:31.713899+07:00,715.2348023609998,0.03309370900024078,OK,,True,1219,0.152375,,2026-10-03T15:16:31.746995+07:00,715.2679000510002,0.03287865599986617,OK,,True,2413,0.30162500000000003,
c833c10214a84703b40edbdf1b2f16b1,717,2026-10-03T15:16:32.529654+07:00,716.050552191,25.982085344000097,RECOVERY,716.2128641639999,1.0027665050001815,0.2518394469998384,0.0029346339997573523,DISABLED,on,user_reported,36.860172271728516,51.94809341430664,1007.1240625,125275.265625,True,True,True,176,0,0,109,178,101,2026-10-03T15:16:32.529728+07:00,716.0506350229998,0.18581617500012726,OK,,True,2026-10-03T15:16:32.715555+07:00,716.236458421,0.03310565299989321,OK,,True,1203,0.150375,,2026-10-03T15:16:32.748660+07:00,716.2695667960002,0.03281674899972131,OK,,True,2408,0.301,
c833c10214a84703b40edbdf1b2f16b1,718,2026-10-03T15:16:33.526812+07:00,717.0477109130002,26.97924406600032,RECOVERY,717.2100228860002,0.997158722000222,0.2517631369996707,9.335599997939426e-05,DISABLED,on,user_reported,36.85506820678711,51.96627426147461,1007.067890625,125644.171875,True,True,True,176,0,0,109,178,101,2026-10-03T15:16:33.526892+07:00,717.0477995410001,0.18580917799999952,OK,,True,2026-10-03T15:16:33.712712+07:00,717.233615441,0.03297032199998284,OK,,True,1214,0.15175,,2026-10-03T15:16:33.745684+07:00,717.266589504,0.03287530499983404,OK,,True,2413,0.30162500000000003,
c833c10214a84703b40edbdf1b2f16b1,719,2026-10-03T15:16:34.526818+07:00,718.0477166689998,27.97924982199993,RECOVERY,718.2100286419998,1.0000057559996094,0.2516893820002224,9.911199958878569e-05,DISABLED,on,user_reported,36.85443115234375,51.95987319946289,1007.025625,126201.625,True,True,True,176,0,0,109,178,101,2026-10-03T15:16:34.526893+07:00,718.0478001490001,0.18580368099992484,OK,,True,2026-10-03T15:16:34.712707+07:00,718.2336105149998,0.032964249000087875,OK,,True,1211,0.151375,,2026-10-03T15:16:34.745672+07:00,718.2665778380001,0.03282037999997556,OK,,True,2410,0.30125,
c833c10214a84703b40edbdf1b2f16b1,720,2026-10-03T15:16:35.526805+07:00,719.0477041999998,28.979237352999917,RECOVERY,719.2100161729998,0.9999875309999879,0.25175742300007187,8.664299957672483e-05,DISABLED,on,user_reported,36.85060119628906,51.97194290161133,1007.053671875,126764.046875,True,True,True,176,0,0,109,178,101,2026-10-03T15:16:35.526878+07:00,719.047784718,0.18581642399976772,OK,,True,2026-10-03T15:16:35.712704+07:00,719.2336076229999,0.032961435000288475,OK,,True,1212,0.1515,,2026-10-03T15:16:35.745666+07:00,719.2665720209998,0.032880972000384645,OK,,True,2411,0.301375,
c833c10214a84703b40edbdf1b2f16b1,721,2026-10-03T15:16:36.526802+07:00,720.0477008759999,29.979234029000054,RECOVERY,720.2100128489999,0.9999966760001371,0.2568425660001594,8.331899971381063e-05,DISABLED,on,user_reported,36.852516174316406,51.98481369018555,1007.022578125,126295.015625,True,True,True,176,0,0,109,178,101,2026-10-03T15:16:36.526875+07:00,720.0477825789999,0.18770645900031013,OK,,True,2026-10-03T15:16:36.714609+07:00,720.2355052970001,0.03469652399962797,OK,,True,1218,0.15225,,2026-10-03T15:16:36.749319+07:00,720.2702173580001,0.03431376899970928,OK,,True,2415,0.301875,
c833c10214a84703b40edbdf1b2f16b1,722,2026-10-03T15:16:37.526809+07:00,721.04770792,30.97924107300014,RECOVERY,721.210019893,1.0000070440000854,0.25184913200018855,9.036299979925388e-05,DISABLED,on,user_reported,36.847412109375,51.97777557373047,1007.144375,126108.375,True,True,True,176,0,0,109,178,101,2026-10-03T15:16:37.526882+07:00,721.0477892700001,0.18580944899986207,OK,,True,2026-10-03T15:16:37.712702+07:00,721.2336056079998,0.03295952799999213,OK,,True,1216,0.152,,2026-10-03T15:16:37.745662+07:00,721.2665682470001,0.03297999100004745,OK,,True,2415,0.301875,
c833c10214a84703b40edbdf1b2f16b1,723,2026-10-03T15:16:38.526809+07:00,722.047707145,31.97924029800015,RECOVERY,722.210019118,0.9999992250000105,0.25167545400017843,8.958799980973708e-05,DISABLED,on,user_reported,36.84804916381836,51.9715690612793,1007.1728125,125922.28125,True,True,True,176,0,0,109,178,101,2026-10-03T15:16:38.526882+07:00,722.0477892549998,0.1858111920000738,OK,,True,2026-10-03T15:16:38.712705+07:00,722.2336084660001,0.03295845399998143,OK,,True,1214,0.15175,,2026-10-03T15:16:38.745664+07:00,722.2665701420001,0.03280477199996312,OK,,True,2407,0.300875,
c833c10214a84703b40edbdf1b2f16b1,724,2026-10-03T15:16:39.526812+07:00,723.0477109779999,32.97924413100009,RECOVERY,723.2100229509999,1.000003832999937,0.25184260400010317,9.342099974674056e-05,DISABLED,on,user_reported,36.84166717529297,51.97695541381836,1007.107734375,126764.046875,True,True,True,176,0,0,109,178,101,2026-10-03T15:16:39.526887+07:00,723.047793829,0.18579534299988154,OK,,True,2026-10-03T15:16:39.712691+07:00,723.2335952459998,0.03308899100011331,OK,,True,1210,0.15125,,2026-10-03T15:16:39.745781+07:00,723.2666873110002,0.032857899999726214,OK,,True,2407,0.300875,
c833c10214a84703b40edbdf1b2f16b1,725,2026-10-03T15:16:40.526803+07:00,724.047700604,33.9792337570002,RECOVERY,724.210012577,0.9999896260001151,0.2517445159996896,8.30469998618355e-05,DISABLED,on,user_reported,36.85187530517578,51.991031646728516,1007.103828125,125459.4453125,True,True,True,176,0,0,109,178,101,2026-10-03T15:16:40.526885+07:00,724.0477919740001,0.1858088270000735,OK,,True,2026-10-03T15:16:40.712704+07:00,724.233607746,0.032986843999879056,OK,,True,1217,0.152125,,2026-10-03T15:16:40.745692+07:00,724.2665978300001,0.03283925400000953,OK,,True,2408,0.301,
c833c10214a84703b40edbdf1b2f16b1,726,2026-10-03T15:16:41.526837+07:00,725.0477338380001,34.97926699100026,RECOVERY,725.2100458110001,1.0000332340000568,0.2561500389997491,0.00011628099991867202,DISABLED,on,user_reported,36.84613800048828,51.99650955200195,1007.094375,126108.375,True,True,True,176,0,0,109,178,101,2026-10-03T15:16:41.526917+07:00,725.047824318,0.1858042200001364,OK,,True,2026-10-03T15:16:41.712732+07:00,725.23363526,0.03297219700016285,OK,,True,1218,0.15225,,2026-10-03T15:16:41.745705+07:00,725.26661079,0.03724293899995246,OK,,True,2416,0.302,
c833c10214a84703b40edbdf1b2f16b1,727,2026-10-03T15:16:42.526831+07:00,726.0477279209999,35.97926107400008,RECOVERY,726.2100398939999,0.9999940829998195,0.2517106350001086,0.00011036399973818334,DISABLED,on,user_reported,36.84868621826172,51.99687194824219,1007.06421875,125644.171875,True,True,True,176,0,0,109,178,101,2026-10-03T15:16:42.526910+07:00,726.0478176789998,0.18581205500004216,OK,,True,2026-10-03T15:16:42.712733+07:00,726.23363629,0.03294964199994865,OK,,True,1212,0.1515,,2026-10-03T15:16:42.745683+07:00,726.2665887469998,0.03284062400007315,OK,,True,2416,0.302,
c833c10214a84703b40edbdf1b2f16b1,728,2026-10-03T15:16:43.526814+07:00,727.0477110379998,36.97924419099991,RECOVERY,727.2100230109997,0.9999831169998288,0.25173628600032316,9.348099956696387e-05,DISABLED,on,user_reported,36.8448600769043,51.990028381347656,1007.064921875,126482.2109375,True,True,True,176,0,0,109,178,101,2026-10-03T15:16:43.526895+07:00,727.0478019249999,0.1858169289998841,OK,,True,2026-10-03T15:16:43.712722+07:00,727.233625502,0.03294819799975812,OK,,True,1209,0.151125,,2026-10-03T15:16:43.745670+07:00,727.2665765699999,0.03286095800012845,OK,,True,2408,0.301,
c833c10214a84703b40edbdf1b2f16b1,729,2026-10-03T15:16:44.526807+07:00,728.0477035019999,37.97923665500002,RECOVERY,728.2100154749999,0.9999924640001154,0.25176110600023094,8.594499968239688e-05,DISABLED,on,user_reported,36.842308044433594,51.9959602355957,1007.142890625,125829.4453125,True,True,True,176,0,0,109,178,101,2026-10-03T15:16:44.526887+07:00,728.0477936679999,0.1858060059998934,OK,,True,2026-10-03T15:16:44.712702+07:00,728.2336064699998,0.03300425299994458,OK,,True,1216,0.152,,2026-10-03T15:16:44.745708+07:00,728.266614056,0.03284210699985124,OK,,True,2399,0.299875,
c833c10214a84703b40edbdf1b2f16b1,730,2026-10-03T15:16:45.526812+07:00,729.0477083709998,38.97924152399992,RECOVERY,729.2100203439998,1.0000048689998948,0.25174168400008057,9.08139995772217e-05,DISABLED,on,user_reported,36.833377838134766,51.99467849731445,1007.080546875,126576.0234375,True,True,True,176,0,0,109,178,101,2026-10-03T15:16:45.526894+07:00,729.047800926,0.18581647099972542,OK,,True,2026-10-03T15:16:45.712720+07:00,729.2336235080002,0.0329526799996529,OK,,True,1205,0.150625,,2026-10-03T15:16:45.745673+07:00,729.2665794660002,0.03286105199958911,OK,,True,2400,0.3,
c833c10214a84703b40edbdf1b2f16b1,731,2026-10-03T15:16:46.526815+07:00,730.0477109039998,39.97924405699996,RECOVERY,730.2100228769998,1.0000025330000426,0.2518729070002337,9.334699961982551e-05,DISABLED,on,user_reported,36.831459045410156,52.000709533691406,1007.02265625,126015.2578125,True,True,True,176,0,0,109,178,101,2026-10-03T15:16:46.526895+07:00,730.0478024949998,0.18581340000037017,OK,,True,2026-10-03T15:16:46.712719+07:00,730.2336225989998,0.033087531000091985,OK,,True,1211,0.151375,,2026-10-03T15:16:46.745807+07:00,730.2667129810002,0.032861811999737256,OK,,True,2415,0.301875,
c833c10214a84703b40edbdf1b2f16b1,732,2026-10-03T15:16:47.526807+07:00,731.047701636,40.9792347890002,RECOVERY,731.210013609,0.9999907320002421,0.25175300599994443,8.407899986195844e-05,DISABLED,on,user_reported,36.83209991455078,51.988197326660156,1007.05796875,125459.4453125,True,True,True,176,0,0,109,178,101,2026-10-03T15:16:47.526892+07:00,731.047799209,0.18580499600011535,OK,,True,2026-10-03T15:16:47.712706+07:00,731.2336104639999,0.03296064400001342,OK,,True,1212,0.1515,,2026-10-03T15:16:47.745668+07:00,731.2665745149998,0.032871423000415234,OK,,True,2416,0.302,
c833c10214a84703b40edbdf1b2f16b1,733,2026-10-03T15:16:48.526812+07:00,732.0477078650001,41.979241018000266,RECOVERY,732.2100198380001,1.0000062290000642,0.25170784300007654,9.030799992615357e-05,DISABLED,on,user_reported,36.826995849609375,52.00006866455078,1007.02921875,125736.7421875,True,True,True,176,0,0,109,178,101,2026-10-03T15:16:48.526891+07:00,732.047798179,0.18579649799994513,OK,,True,2026-10-03T15:16:48.712696+07:00,732.2335996209999,0.03298057099982543,OK,,True,1217,0.152125,,2026-10-03T15:16:48.745678+07:00,732.266583821,0.03282338700000764,OK,,True,2408,0.301,
c833c10214a84703b40edbdf1b2f16b1,734,2026-10-03T15:16:49.526819+07:00,733.0477146829999,42.97924783600001,RECOVERY,733.2100266559999,1.000006817999747,0.2518818819999069,9.712599967315327e-05,DISABLED,on,user_reported,36.81806182861328,51.99247741699219,1007.083203125,125644.171875,True,True,True,176,0,0,109,178,101,2026-10-03T15:16:49.526900+07:00,733.0478071080001,0.185820037999747,OK,,True,2026-10-03T15:16:49.712731+07:00,733.2336342379999,0.03304288500021357,OK,,True,1226,0.15325,,2026-10-03T15:16:49.745776+07:00,733.2666808449999,0.032905942000070354,OK,,True,2407,0.300875,
c833c10214a84703b40edbdf1b2f16b1,735,2026-10-03T15:16:50.526811+07:00,734.0477063859998,43.97923953899999,RECOVERY,734.2100183589998,0.9999917029999779,0.25176246199998786,8.882899965101387e-05,DISABLED,on,user_reported,36.81806182861328,51.998779296875,1007.10375,125551.7421875,True,True,True,176,0,0,109,178,101,2026-10-03T15:16:50.526890+07:00,734.0477975700001,0.1858105969999997,OK,,True,2026-10-03T15:16:50.712711+07:00,734.2336147219999,0.03303568199999063,OK,,True,1217,0.152125,,2026-10-03T15:16:50.745750+07:00,734.2666544230001,0.032805979999920964,OK,,True,2403,0.300375,
c833c10214a84703b40edbdf1b2f16b1,736,2026-10-03T15:16:51.526814+07:00,735.047710586,44.97924373900014,RECOVERY,735.210022559,1.0000042000001486,0.25183431599998585,9.302899979957147e-05,DISABLED,on,user_reported,36.82380676269531,52.018524169921875,1007.09921875,125459.4453125,True,True,True,176,0,0,109,178,101,2026-10-03T15:16:51.526894+07:00,735.0478010299998,0.1858070799999041,OK,,True,2026-10-03T15:16:51.712711+07:00,735.2336147030001,0.03300581199982844,OK,,True,1201,0.150125,,2026-10-03T15:16:51.745720+07:00,735.2666242740002,0.032911164999859466,OK,,True,2406,0.30075,
c833c10214a84703b40edbdf1b2f16b1,737,2026-10-03T15:16:52.526815+07:00,736.0477114310002,45.9792445840003,RECOVERY,736.2100234040001,1.0000008450001587,0.25207977899981415,9.387399995830492e-05,DISABLED,on,user_reported,36.82954788208008,52.02564239501953,1007.095,126015.2578125,True,True,True,176,0,0,109,178,101,2026-10-03T15:16:52.526895+07:00,736.0478022070001,0.18581626900004267,OK,,True,2026-10-03T15:16:52.712724+07:00,736.2336267719998,0.033282106000115164,OK,,True,1213,0.151625,,2026-10-03T15:16:52.746009+07:00,736.2669126370001,0.032870183999875735,OK,,True,2405,0.30062500000000003,
c833c10214a84703b40edbdf1b2f16b1,738,2026-10-03T15:16:53.526806+07:00,737.0477022159998,46.97923536899998,RECOVERY,737.2100141889998,0.9999907849996816,0.2523183359999166,8.465899963994161e-05,DISABLED,on,user_reported,36.821250915527344,52.01816177368164,1007.115703125,125736.7421875,True,True,True,176,0,0,109,178,101,2026-10-03T15:16:53.526884+07:00,737.0477912329998,0.18580280900005164,OK,,True,2026-10-03T15:16:53.712697+07:00,737.2336010419999,0.03344397399996524,OK,,True,1218,0.15225,,2026-10-03T15:16:53.746145+07:00,737.2670491459999,0.032962054000108765,OK,,True,2415,0.301875,
c833c10214a84703b40edbdf1b2f16b1,739,2026-10-03T15:16:54.526814+07:00,738.0477098490001,47.9792430020002,RECOVERY,738.210021822,1.000007633000223,0.2517640510000092,9.229199986293679e-05,DISABLED,on,user_reported,36.81806182861328,52.01769256591797,1007.05578125,125922.28125,True,True,True,176,0,0,109,178,101,2026-10-03T15:16:54.526894+07:00,738.047801404,0.18580447800013644,OK,,True,2026-10-03T15:16:54.712708+07:00,738.2336123629998,0.033013721000315854,OK,,True,1213,0.151625,,2026-10-03T15:16:54.745725+07:00,738.2666297689998,0.032835594000061974,OK,,True,2402,0.30025,
c833c10214a84703b40edbdf1b2f16b1,740,2026-10-03T15:16:55.526806+07:00,739.047702368,48.97923552100019,RECOVERY,739.210014341,0.9999925189999885,0.2518718309997894,8.481099985147011e-05,DISABLED,on,user_reported,36.82316589355469,52.02473068237305,1007.070859375,125736.7421875,True,True,True,176,0,0,109,178,101,2026-10-03T15:16:55.526885+07:00,739.0477921080001,0.18580827699997826,OK,,True,2026-10-03T15:16:55.712704+07:00,739.2336072919998,0.03301866600031644,OK,,True,1197,0.149625,,2026-10-03T15:16:55.745726+07:00,739.2666302359999,0.03293462900001032,OK,,True,2397,0.29962500000000003,
c833c10214a84703b40edbdf1b2f16b1,741,2026-10-03T15:16:56.526812+07:00,740.0477090129998,49.97924216599995,RECOVERY,740.2100209859998,1.0000066449997576,0.25194996200025344,9.145599960902473e-05,DISABLED,on,user_reported,36.82252883911133,52.030941009521484,1007.056171875,125922.28125,True,True,True,176,0,0,109,178,101,2026-10-03T15:16:56.526893+07:00,740.0477998450001,0.18580638999992516,OK,,True,2026-10-03T15:16:56.712709+07:00,740.2336125319998,0.032990352000069834,OK,,True,1220,0.1525,,2026-10-03T15:16:56.745701+07:00,740.266606698,0.03304331499975888,OK,,True,2398,0.29975,
c833c10214a84703b40edbdf1b2f16b1,742,2026-10-03T15:16:57.526817+07:00,741.0477124119998,50.97924556499993,RECOVERY,741.2100243849998,1.0000033989999793,0.25489644900017083,9.485499958827859e-05,DISABLED,on,user_reported,36.819339752197266,52.030487060546875,1007.0234375,125829.4453125,True,True,True,176,0,0,109,178,101,2026-10-03T15:16:57.526897+07:00,741.0478047080001,0.18582115199978944,OK,,True,2026-10-03T15:16:57.712730+07:00,741.2336331189999,0.03348968000000241,OK,,True,1207,0.150875,,2026-10-03T15:16:57.746226+07:00,741.267128428,0.03546598899993114,OK,,True,2398,0.29975,
c833c10214a84703b40edbdf1b2f16b1,743,2026-10-03T15:16:58.526813+07:00,742.0477095679998,51.97924272099999,RECOVERY,742.2100215409998,0.9999971560000631,0.25170839900010833,9.201099965139292e-05,DISABLED,on,user_reported,36.819976806640625,52.02427673339844,1007.065703125,125644.171875,True,True,True,176,0,0,109,178,101,2026-10-03T15:16:58.526895+07:00,742.0478026219998,0.185801045000062,OK,,True,2026-10-03T15:16:58.712706+07:00,742.2336099449999,0.03297170499990898,OK,,True,1205,0.150625,,2026-10-03T15:16:58.745680+07:00,742.266585372,0.032824373000039486,OK,,True,2408,0.301,
c833c10214a84703b40edbdf1b2f16b1,744,2026-10-03T15:16:59.526813+07:00,743.047709257,52.9792424100001,RECOVERY,743.2100212299999,0.9999996890001057,0.2517868280001494,9.169999975711107e-05,DISABLED,on,user_reported,36.81423568725586,52.029754638671875,1007.056484375,126015.2578125,True,True,True,176,0,0,109,178,101,2026-10-03T15:16:59.526894+07:00,743.0478008300001,0.18580554699974527,OK,,True,2026-10-03T15:16:59.712709+07:00,743.2336131550001,0.03298001999974076,OK,,True,1215,0.151875,,2026-10-03T15:16:59.745691+07:00,743.266596767,0.03288965100000496,OK,,True,2413,0.30162500000000003,
c833c10214a84703b40edbdf1b2f16b1,745,2026-10-03T15:17:00.526810+07:00,744.047705294,53.97923844700017,RECOVERY,744.210017267,0.9999960370000736,0.25192455199976393,8.773699983066763e-05,DISABLED,on,user_reported,36.81678771972656,52.03642654418945,1007.060546875,126201.625,True,True,True,176,0,0,109,178,101,2026-10-03T15:17:00.526891+07:00,744.0477985329999,0.18581116099994688,OK,,True,2026-10-03T15:17:00.712712+07:00,744.233615824,0.03315590700003668,OK,,True,1206,0.15075,,2026-10-03T15:17:00.745871+07:00,744.2667755829998,0.03284541100038041,OK,,True,2408,0.301,
c833c10214a84703b40edbdf1b2f16b1,746,2026-10-03T15:17:01.526811+07:00,745.0477076409998,54.97924079399991,RECOVERY,745.2100196139997,1.000002346999736,0.2518499090001569,9.008399956655921e-05,DISABLED,on,user_reported,36.813594818115234,52.0485725402832,1007.062265625,125551.7421875,True,True,True,176,0,0,109,178,101,2026-10-03T15:17:01.526894+07:00,745.0478009919998,0.1858227010002338,OK,,True,2026-10-03T15:17:01.712728+07:00,745.2336314519998,0.03301737200035859,OK,,True,1215,0.151875,,2026-10-03T15:17:01.745749+07:00,745.26665288,0.03289424400009011,OK,,True,2402,0.30025,
c833c10214a84703b40edbdf1b2f16b1,747,2026-10-03T15:17:02.527624+07:00,746.04850579,55.98003894300018,RECOVERY,746.210817763,1.0007981490002749,0.25999357199998485,0.0008882329998414207,DISABLED,on,user_reported,36.80594253540039,52.04117202758789,1007.138828125,125551.7421875,True,True,True,176,0,0,109,178,101,2026-10-03T15:17:02.527782+07:00,746.0486883439999,0.18959341600020707,OK,,True,2026-10-03T15:17:02.717393+07:00,746.238293889,0.0352090319997842,OK,,True,1213,0.151625,,2026-10-03T15:17:02.752607+07:00,746.2735100499999,0.0349745339999572,OK,,True,2424,0.303,
c833c10214a84703b40edbdf1b2f16b1,748,2026-10-03T15:17:03.526854+07:00,747.0477437879999,56.97927694100008,RECOVERY,747.2100557609999,0.9992379979998987,0.26299535299995114,0.00012623099974007346,DISABLED,on,user_reported,36.81040573120117,52.07333755493164,1007.12546875,125551.7421875,True,True,True,176,0,0,109,178,101,2026-10-03T15:17:03.526988+07:00,747.0478938229999,0.1913875640002516,OK,,True,2026-10-03T15:17:03.718396+07:00,747.2392954050001,0.036031725999691844,OK,,True,1188,0.1485,,2026-10-03T15:17:03.754436+07:00,747.2753370750002,0.03538158499986821,OK,,True,2422,0.30275,
c833c10214a84703b40edbdf1b2f16b1,749,2026-10-03T15:17:04.526823+07:00,748.0477192349999,57.97925238800008,RECOVERY,748.2100312079999,0.9999754469999971,0.25173799499998495,0.00010167799973714864,DISABLED,on,user_reported,36.80785369873047,52.0666618347168,1007.121328125,125275.265625,True,True,True,176,0,0,109,178,101,2026-10-03T15:17:04.526900+07:00,748.0478073270001,0.18580418999999893,OK,,True,2026-10-03T15:17:04.712714+07:00,748.2336182579998,0.03297896700041747,OK,,True,1205,0.150625,,2026-10-03T15:17:04.745695+07:00,748.266600984,0.032847486999799,OK,,True,2410,0.30125,
c833c10214a84703b40edbdf1b2f16b1,750,2026-10-03T15:17:05.526813+07:00,749.047708994,58.97924214700015,RECOVERY,749.210020967,0.9999897590000728,0.25179160900006536,9.143699980995734e-05,DISABLED,on,user_reported,36.80913162231445,52.06684875488281,1007.1303125,125736.7421875,True,True,True,176,0,0,109,178,101,2026-10-03T15:17:05.526898+07:00,749.047804455,0.18581732299981013,OK,,True,2026-10-03T15:17:05.712725+07:00,749.233628852,0.03300644899991312,OK,,True,1208,0.151,,2026-10-03T15:17:05.745733+07:00,749.2666387449999,0.03285243200025434,OK,,True,2410,0.30125,
c833c10214a84703b40edbdf1b2f16b1,751,2026-10-03T15:17:06.526819+07:00,750.0477146919998,59.97924784499992,RECOVERY,750.2100266649998,1.000005697999768,0.2531628000001547,9.713499957797467e-05,DISABLED,on,user_reported,36.80785369873047,52.08557891845703,1007.114453125,125829.4453125,True,True,True,176,0,0,109,178,101,2026-10-03T15:17:06.526903+07:00,750.047810006,0.18585245399981432,OK,,True,2026-10-03T15:17:06.712768+07:00,750.2336712749998,0.03420965600025738,OK,,True,1218,0.15225,,2026-10-03T15:17:06.746986+07:00,750.2678880980002,0.03297761599969817,OK,,True,2405,0.30062500000000003,
c833c10214a84703b40edbdf1b2f16b1,752,2026-10-03T15:17:07.526817+07:00,751.0477119419998,0.9792450949998965,WAIT_FINISH,751.2100239149997,0.9999972499999785,0.2519589110002016,9.438499955649604e-05,DISABLED,on,user_reported,36.80402374267578,52.09134292602539,1007.10140625,126201.625,True,True,True,176,0,0,109,178,101,2026-10-03T15:17:07.526903+07:00,751.0478105890002,0.18586095699993166,OK,,True,2026-10-03T15:17:07.712776+07:00,751.233678953,0.03300061700019796,OK,,True,1200,0.15,,2026-10-03T15:17:07.745779+07:00,751.2666832360001,0.03297804299972995,OK,,True,2396,0.2995,
c833c10214a84703b40edbdf1b2f16b1,753,2026-10-03T15:17:08.526843+07:00,752.0477389100001,1.9792720630002805,WAIT_FINISH,752.2100508830001,1.000026968000384,0.2518049349996545,0.00012135299994042725,DISABLED,on,user_reported,36.81040573120117,52.09225845336914,1007.063828125,125829.4453125,True,True,True,176,0,0,109,178,101,2026-10-03T15:17:08.526928+07:00,752.047834983,0.18582582999988517,OK,,True,2026-10-03T15:17:08.712765+07:00,752.2336677210001,0.0330054129999553,OK,,True,1211,0.151375,,2026-10-03T15:17:08.745772+07:00,752.2666773189999,0.03285760000017035,OK,,True,2408,0.301,
c833c10214a84703b40edbdf1b2f16b1,754,2026-10-03T15:17:09.526849+07:00,753.047744078,2.9792772310001965,WAIT_FINISH,753.210056051,1.000005167999916,0.25184184499994444,0.00012652099985643872,DISABLED,on,user_reported,36.80402374267578,52.08504104614258,1007.10140625,125829.4453125,True,True,True,176,0,0,109,178,101,2026-10-03T15:17:09.526938+07:00,753.0478447619998,0.185819296000318,OK,,True,2026-10-03T15:17:09.712768+07:00,753.233671428,0.03298789600012242,OK,,True,1214,0.15175,,2026-10-03T15:17:09.745758+07:00,753.266663546,0.03291354400016644,OK,,True,2403,0.300375,
c833c10214a84703b40edbdf1b2f16b1,755,2026-10-03T15:17:10.526865+07:00,754.0477586669999,3.9792918200000713,WAIT_FINISH,754.2100706399999,1.0000145889998748,0.25181870100004744,0.00014110999973127036,DISABLED,on,user_reported,36.80083465576172,52.09718704223633,1007.089453125,126015.2578125,True,True,True,176,0,0,109,178,101,2026-10-03T15:17:10.526963+07:00,754.0478703509998,0.18585431700012123,OK,,True,2026-10-03T15:17:10.712829+07:00,754.2337323349998,0.032979581000290636,OK,,True,1214,0.15175,,2026-10-03T15:17:10.745810+07:00,754.266716008,0.032852583000021696,OK,,True,2399,0.299875,
c833c10214a84703b40edbdf1b2f16b1,756,2026-10-03T15:17:11.526804+07:00,755.0477006420001,4.979233795000255,WAIT_FINISH,755.2100126150001,0.9999419750001834,0.25586769299980006,8.308499991471763e-05,DISABLED,on,user_reported,36.797645568847656,52.109344482421875,1007.09109375,124725.9453125,True,True,True,176,0,0,109,178,101,2026-10-03T15:17:11.526887+07:00,755.0477946599999,0.18735378300016237,OK,,True,2026-10-03T15:17:11.714250+07:00,755.2351537199997,0.03386590400032219,OK,,True,1213,0.151625,,2026-10-03T15:17:11.748122+07:00,755.2690252910002,0.03453135899962945,OK,,True,2394,0.29925,
