run_id,seq,timestamp,elapsed_s,phase_elapsed_s,phase,sensor_uptime_s,loop_interval_s,loop_duration_s,schedule_lag_s,pump_command,external_pump_state,external_pump_source,temperature_c,humidity_pct,pressure_hpa,gas_resistance_ohm,gas_valid,heater_stable,new_data,bme_status_bits,bme_meas_index,bme_gas_index,bme_res_heat,bme_idac,bme_gas_wait,bme_read_started_at,bme_read_elapsed_s,bme_read_duration_s,bme_status,bme_error,bme_fresh,mq135_read_started_at,mq135_read_elapsed_s,mq135_read_duration_s,mq135_status,mq135_error,mq135_fresh,mq135_adc_count,mq135_voltage_v,mq135_ao_voltage_v,mq3_read_started_at,mq3_read_elapsed_s,mq3_read_duration_s,mq3_status,mq3_error,mq3_fresh,mq3_adc_count,mq3_voltage_v,mq3_ao_voltage_v
0bf084ef31f7482ebd09717ee53d72ed,1,2026-10-03T16:13:06.257951+07:00,0.6145871429998806,0.6145871429998806,MONITOR,1429.1930289350003,1.0000358209999831,0.25251631399987673,0.00012169599995104363,DISABLED,on,user_reported,36.606239318847656,53.785091400146484,1006.835625,115601.71875,True,True,True,176,0,0,109,178,101,2026-10-03T16:13:06.258043+07:00,0.6146948830000838,0.18581965199973638,OK,,True,2026-10-03T16:13:06.443876+07:00,0.8005230349999692,0.03352417299993249,OK,,True,1438,0.17975,,2026-10-03T16:13:06.477404+07:00,0.8340517999995427,0.03304176800065761,OK,,True,2646,0.33075,
0bf084ef31f7482ebd09717ee53d72ed,2,2026-10-03T16:13:07.257950+07:00,1.6145813169996472,1.6145813169996472,MONITOR,1430.193023109,0.9999941739997666,0.26308207900001435,0.00011586999971768819,DISABLED,on,user_reported,36.599220275878906,53.78404998779297,1006.8584375,115211.5234375,True,True,True,176,0,0,109,178,101,2026-10-03T16:13:07.258106+07:00,1.61475594500007,0.1895625540000765,OK,,True,2026-10-03T16:13:07.447685+07:00,1.804330721000042,0.03651830099988729,OK,,True,1447,0.180875,,2026-10-03T16:13:07.484215+07:00,1.8408596519993807,0.03678474400021514,OK,,True,2656,0.332,
0bf084ef31f7482ebd09717ee53d72ed,3,2026-10-03T16:13:08.257930+07:00,2.6145705279996037,2.6145705279996037,MONITOR,1431.19301232,0.9999892109999564,0.2522160389999044,0.0001050809996741009,DISABLED,on,user_reported,36.60432815551758,53.78479766845703,1006.805078125,115680.0703125,True,True,True,176,0,0,109,178,101,2026-10-03T16:13:08.258015+07:00,2.614666249000038,0.18581452299986267,OK,,True,2026-10-03T16:13:08.443842+07:00,2.80048927200005,0.03338435899968317,OK,,True,1444,0.1805,,2026-10-03T16:13:08.477231+07:00,2.833878908999395,0.03289812100047129,OK,,True,2647,0.33087500000000003,
0bf084ef31f7482ebd09717ee53d72ed,4,2026-10-03T16:13:09.257910+07:00,3.614550109999982,3.614550109999982,MONITOR,1432.1929919020004,0.9999795820003783,0.2522708540000167,8.466300005238736e-05,DISABLED,on,user_reported,36.60942840576172,53.80462646484375,1006.8203125,115680.0703125,True,True,True,176,0,0,109,178,101,2026-10-03T16:13:09.257990+07:00,3.6146417019999717,0.18581159699988348,OK,,True,2026-10-03T16:13:09.443815+07:00,3.8004621509999197,0.033045305000086955,OK,,True,1443,0.180375,,2026-10-03T16:13:09.476861+07:00,3.8335107160000916,0.03329883999958838,OK,,True,2646,0.33075,
0bf084ef31f7482ebd09717ee53d72ed,5,2026-10-03T16:13:10.257923+07:00,4.614562322999518,4.614562322999518,MONITOR,1433.193004115,1.0000122129995361,0.2521753170003649,9.687599958851933e-05,DISABLED,on,user_reported,36.608154296875,53.8108024597168,1006.852421875,115523.46875,True,True,True,176,0,0,109,178,101,2026-10-03T16:13:10.258004+07:00,4.614655784999741,0.18585235699993063,OK,,True,2026-10-03T16:13:10.443871+07:00,4.800517511999715,0.033016860999850906,OK,,True,1432,0.179,,2026-10-03T16:13:10.476888+07:00,4.833538131999376,0.03318839700023091,OK,,True,2649,0.331125,
0bf084ef31f7482ebd09717ee53d72ed,6,2026-10-03T16:13:11.257920+07:00,5.614560443999835,5.614560443999835,MONITOR,1434.1930022360002,0.999998121000317,0.2522452980001617,9.49969999055611e-05,DISABLED,on,user_reported,36.60879135131836,53.81089782714844,1006.8603125,115601.71875,True,True,True,176,0,0,109,178,101,2026-10-03T16:13:11.258003+07:00,5.614655035999931,0.18584022599952732,OK,,True,2026-10-03T16:13:11.443857+07:00,5.800504632999946,0.03296654599944304,OK,,True,1448,0.181,,2026-10-03T16:13:11.476825+07:00,5.833474993999516,0.03331761800018285,OK,,True,2649,0.331125,
0bf084ef31f7482ebd09717ee53d72ed,7,2026-10-03T16:13:12.257920+07:00,6.614560453999729,6.614560453999729,MONITOR,1435.193002246,1.0000000099998942,0.25256766700022126,9.500699979980709e-05,DISABLED,on,user_reported,36.6056022644043,53.80406188964844,1006.8003125,115994.5625,True,True,True,176,0,0,109,178,101,2026-10-03T16:13:12.258003+07:00,6.614655028000016,0.18585333699957118,OK,,True,2026-10-03T16:13:12.443871+07:00,6.800518605999969,0.03346019199943839,OK,,True,1454,0.18175,,2026-10-03T16:13:12.477337+07:00,6.833984389999387,0.033129823000308534,OK,,True,2643,0.33037500000000003,
0bf084ef31f7482ebd09717ee53d72ed,8,2026-10-03T16:13:13.257957+07:00,7.614595465000093,7.614595465000093,MONITOR,1436.1930372570005,1.0000350110003637,0.25324858800013317,0.00013001800016354537,DISABLED,on,user_reported,36.59986114501953,53.7968635559082,1006.75,116788.3203125,True,True,True,176,0,0,109,178,101,2026-10-03T16:13:13.258037+07:00,7.61468905699985,0.18590779999976803,OK,,True,2026-10-03T16:13:13.443961+07:00,7.800607690999641,0.03398652099986066,OK,,True,1445,0.180625,,2026-10-03T16:13:13.477951+07:00,7.834599785999671,0.03322986000057426,OK,,True,2652,0.3315,
0bf084ef31f7482ebd09717ee53d72ed,9,2026-10-03T16:13:14.257924+07:00,8.614563995000026,8.614563995000026,MONITOR,1437.1930057870004,0.9999685299999328,0.25280962899978476,9.854800009634346e-05,DISABLED,on,user_reported,36.610069274902344,53.79200744628906,1006.800703125,115680.0703125,True,True,True,176,0,0,109,178,101,2026-10-03T16:13:14.258010+07:00,8.614661976000207,0.18581100499977765,OK,,True,2026-10-03T16:13:14.443834+07:00,8.80048142600026,0.033492820999526884,OK,,True,1439,0.179875,,2026-10-03T16:13:14.477333+07:00,8.833980894999513,0.03338148800048657,OK,,True,2646,0.33075,
0bf084ef31f7482ebd09717ee53d72ed,10,2026-10-03T16:13:15.257910+07:00,9.614551488999496,9.614551488999496,MONITOR,1438.1929932809999,0.9999874939994697,0.25222746600047685,8.604199956607772e-05,DISABLED,on,user_reported,36.61134338378906,53.79218673706055,1006.809609375,116152.453125,True,True,True,176,0,0,109,178,101,2026-10-03T16:13:15.257994+07:00,9.614645507000205,0.1858060979993752,OK,,True,2026-10-03T16:13:15.443813+07:00,9.800460753000152,0.03340978500000347,OK,,True,1445,0.180625,,2026-10-03T16:13:15.477228+07:00,9.833876018999945,0.03289326899994194,OK,,True,2653,0.331625,
0bf084ef31f7482ebd09717ee53d72ed,11,2026-10-03T16:13:16.257920+07:00,10.614560021000216,10.614560021000216,MONITOR,1439.1930018130006,1.0000085320007202,0.2554066669999884,9.457400028622942e-05,DISABLED,on,user_reported,36.61198043823242,53.79864501953125,1006.74921875,115837.1015625,True,True,True,176,0,0,109,178,101,2026-10-03T16:13:16.258003+07:00,10.614654816999973,0.18818936000025133,OK,,True,2026-10-03T16:13:16.446210+07:00,10.80285700999957,0.034019059000456764,OK,,True,1447,0.180875,,2026-10-03T16:13:16.480234+07:00,10.83688229099971,0.03307249000044976,OK,,True,2651,0.33137500000000003,
0bf084ef31f7482ebd09717ee53d72ed,12,2026-10-03T16:13:17.257916+07:00,11.614555979000215,11.614555979000215,MONITOR,1440.1929977710006,0.9999959579999995,0.25558046299920534,9.053200028574793e-05,DISABLED,on,user_reported,36.61261749267578,53.78601837158203,1006.7775,115601.71875,True,True,True,176,0,0,109,178,101,2026-10-03T16:13:17.258000+07:00,11.614651978999973,0.18696772000021156,OK,,True,2026-10-03T16:13:17.444983+07:00,11.801629920999403,0.03537862400025915,OK,,True,1437,0.179625,,2026-10-03T16:13:17.480368+07:00,11.83701563700015,0.03310713900009432,OK,,True,2646,0.33075,
0bf084ef31f7482ebd09717ee53d72ed,13,2026-10-03T16:13:18.257936+07:00,12.614575456000239,12.614575456000239,MONITOR,1441.1930172480006,1.0000194770000235,0.25513466999927914,0.00011000900030921912,DISABLED,on,user_reported,36.61261749267578,53.779659271240234,1006.81859375,115523.46875,True,True,True,176,0,0,109,178,101,2026-10-03T16:13:18.258019+07:00,12.614670584999658,0.18622430000050372,OK,,True,2026-10-03T16:13:18.444260+07:00,12.800906235999719,0.034191947000181244,OK,,True,1436,0.1795,,2026-10-03T16:13:18.478455+07:00,12.83510377499988,0.03459422200012341,OK,,True,2646,0.33075,
0bf084ef31f7482ebd09717ee53d72ed,14,2026-10-03T16:13:19.257915+07:00,13.614555508999729,13.614555508999729,MONITOR,1442.192997301,0.99998005299949,0.2556502220004404,9.006199979921803e-05,DISABLED,on,user_reported,36.60688018798828,53.7788200378418,1006.781875,115211.5234375,True,True,True,176,0,0,109,178,101,2026-10-03T16:13:19.257996+07:00,13.614647470999444,0.18585506100043858,OK,,True,2026-10-03T16:13:19.443868+07:00,13.800514587999714,0.03560204800032807,OK,,True,1430,0.17875,,2026-10-03T16:13:19.479479+07:00,13.83612554299998,0.034068298999955005,OK,,True,2643,0.33037500000000003,
0bf084ef31f7482ebd09717ee53d72ed,15,2026-10-03T16:13:20.257938+07:00,14.614578116999837,14.614578116999837,MONITOR,1443.1930199090002,1.0000226080001084,0.2528992589996051,0.00011266999990766635,DISABLED,on,user_reported,36.60496520996094,53.77853775024414,1006.75828125,115367.28125,True,True,True,176,0,0,109,178,101,2026-10-03T16:13:20.258023+07:00,14.614675042000272,0.18584626499978185,OK,,True,2026-10-03T16:13:20.443883+07:00,14.800530806999632,0.03286823300004471,OK,,True,1437,0.179625,,2026-10-03T16:13:20.476757+07:00,14.833404928999698,0.03405940999982704,OK,,True,2649,0.331125,
0bf084ef31f7482ebd09717ee53d72ed,16,2026-10-03T16:13:21.257912+07:00,15.614551966999898,15.614551966999898,MONITOR,1444.1929937590003,0.9999738500000603,0.2531186460000754,8.651999996800441e-05,DISABLED,on,user_reported,36.60432815551758,53.7720832824707,1006.72984375,115680.0703125,True,True,True,176,0,0,109,178,101,2026-10-03T16:13:21.257993+07:00,15.61464481799976,0.18581835799977853,OK,,True,2026-10-03T16:13:21.443823+07:00,15.80047138000009,0.033389618000001065,OK,,True,1442,0.18025,,2026-10-03T16:13:21.477222+07:00,15.833867997999732,0.033784486000513425,OK,,True,2636,0.3295,
0bf084ef31f7482ebd09717ee53d72ed,17,2026-10-03T16:13:22.257920+07:00,16.61456098399958,16.61456098399958,MONITOR,1445.193002776,1.0000090169996838,0.2532411640004284,9.553699965181295e-05,DISABLED,on,user_reported,36.6056022644043,53.78498077392578,1006.84828125,115680.0703125,True,True,True,176,0,0,109,178,101,2026-10-03T16:13:22.258000+07:00,16.614651928000058,0.18580589500015776,OK,,True,2026-10-03T16:13:22.443818+07:00,16.80046628599939,0.032708919000469905,OK,,True,1433,0.179125,,2026-10-03T16:13:22.476534+07:00,16.833181963999778,0.0346049990002939,OK,,True,2639,0.32987500000000003,
0bf084ef31f7482ebd09717ee53d72ed,18,2026-10-03T16:13:23.257919+07:00,17.614560131999497,17.614560131999497,MONITOR,1446.1930019239999,0.9999991479999153,0.25419832400075393,9.46849995671073e-05,DISABLED,on,user_reported,36.60177230834961,53.784420013427734,1006.869375,116231.5546875,True,True,True,176,0,0,109,178,101,2026-10-03T16:13:23.258005+07:00,17.61465624199991,0.1858419509999294,OK,,True,2026-10-03T16:13:23.443859+07:00,17.800506617999417,0.033406711000679934,OK,,True,1432,0.179,,2026-10-03T16:13:23.477271+07:00,17.833919087999675,0.0348242019999816,OK,,True,2629,0.328625,
0bf084ef31f7482ebd09717ee53d72ed,19,2026-10-03T16:13:24.257923+07:00,18.614563797999836,18.614563797999836,MONITOR,1447.1930055900002,1.0000036660003389,0.25803209700006846,9.835099990596063e-05,DISABLED,on,user_reported,36.594757080078125,53.796112060546875,1006.8375,115915.78125,True,True,True,176,0,0,109,178,101,2026-10-03T16:13:24.257999+07:00,18.614650724000057,0.1858258759993987,OK,,True,2026-10-03T16:13:24.443837+07:00,18.80048523000005,0.034425814999849536,OK,,True,1443,0.180375,,2026-10-03T16:13:24.478269+07:00,18.834917137999582,0.03766607200032013,OK,,True,2643,0.33037500000000003,
0bf084ef31f7482ebd09717ee53d72ed,20,2026-10-03T16:13:25.257963+07:00,19.61460209500001,19.61460209500001,MONITOR,1448.1930438870004,1.0000382970001738,0.25271320499996364,0.000136648000079731,DISABLED,on,user_reported,36.596031188964844,53.79630661010742,1006.83953125,115601.71875,True,True,True,176,0,0,109,178,101,2026-10-03T16:13:25.258061+07:00,19.614711872000044,0.18583341399971687,OK,,True,2026-10-03T16:13:25.443906+07:00,19.800553729999592,0.032969232000141346,OK,,True,1437,0.179625,,2026-10-03T16:13:25.476875+07:00,19.83352627699969,0.03377769000053377,OK,,True,2640,0.33,
0bf084ef31f7482ebd09717ee53d72ed,21,2026-10-03T16:13:26.257918+07:00,20.61455828199996,20.61455828199996,MONITOR,1449.1930000740003,0.9999561869999525,0.2524005400000533,9.283500003220979e-05,DISABLED,on,user_reported,36.599220275878906,53.79676818847656,1006.796875,115680.0703125,True,True,True,176,0,0,109,178,101,2026-10-03T16:13:26.257994+07:00,20.614645263000057,0.18583911699988676,OK,,True,2026-10-03T16:13:26.443846+07:00,20.800493177000135,0.0329735459999938,OK,,True,1441,0.180125,,2026-10-03T16:13:26.476819+07:00,20.833469983000214,0.03347530199971516,OK,,True,2651,0.33137500000000003,
0bf084ef31f7482ebd09717ee53d72ed,22,2026-10-03T16:13:27.257925+07:00,21.61456445099975,21.61456445099975,MONITOR,1450.1930062430001,1.0000061689997892,0.2525033909996637,9.900399982143426e-05,DISABLED,on,user_reported,36.60113525390625,53.81612777709961,1006.799921875,115758.53125,True,True,True,176,0,0,109,178,101,2026-10-03T16:13:27.258011+07:00,21.61466246799955,0.18581972900028632,OK,,True,2026-10-03T16:13:27.443843+07:00,21.800490530999923,0.033059268000215525,OK,,True,1440,0.18,,2026-10-03T16:13:27.476907+07:00,21.8335553729994,0.03349761800018314,OK,,True,2649,0.331125,
0bf084ef31f7482ebd09717ee53d72ed,23,2026-10-03T16:13:28.257996+07:00,22.61462573100016,22.61462573100016,MONITOR,1451.1930675230005,1.0000612800004092,0.25370477299929917,0.00016028400023060385,DISABLED,on,user_reported,36.59347915649414,53.815006256103516,1006.82859375,115601.71875,True,True,True,176,0,0,109,178,101,2026-10-03T16:13:28.258159+07:00,22.61480891500014,0.18678624099993613,OK,,True,2026-10-03T16:13:28.444957+07:00,22.801604284999485,0.03317156499997509,OK,,True,1451,0.181375,,2026-10-03T16:13:28.478132+07:00,22.834780756999862,0.03353667299961671,OK,,True,2651,0.33137500000000003,
0bf084ef31f7482ebd09717ee53d72ed,24,2026-10-03T16:13:29.257911+07:00,23.614552068000194,23.614552068000194,MONITOR,1452.1929938600006,0.9999263370000335,0.25176548899980844,8.6621000264131e-05,DISABLED,on,user_reported,36.594757080078125,53.808834075927734,1006.87171875,115523.46875,True,True,True,176,0,0,109,178,101,2026-10-03T16:13:29.257982+07:00,23.614634122999632,0.1858095620000313,OK,,True,2026-10-03T16:13:29.443804+07:00,23.800451389000045,0.033007842999722925,OK,,True,1442,0.18025,,2026-10-03T16:13:29.476812+07:00,23.83346249099941,0.03284623300078238,OK,,True,2649,0.331125,
0bf084ef31f7482ebd09717ee53d72ed,25,2026-10-03T16:13:30.257967+07:00,24.61460020100003,24.61460020100003,MONITOR,1453.1930419930004,1.0000481329998365,0.25185674899967125,0.0001347540001006564,DISABLED,on,user_reported,36.596031188964844,53.84718704223633,1006.8190625,115211.5234375,True,True,True,176,0,0,109,178,101,2026-10-03T16:13:30.258084+07:00,24.614734144999602,0.18586846900052478,OK,,True,2026-10-03T16:13:30.443963+07:00,24.80061065100017,0.03298419499969896,OK,,True,1444,0.1805,,2026-10-03T16:13:30.476947+07:00,24.833598030999383,0.0328500300001906,OK,,True,2653,0.331625,
0bf084ef31f7482ebd09717ee53d72ed,26,2026-10-03T16:13:31.257910+07:00,25.61455116900015,25.61455116900015,MONITOR,1454.1929929610005,0.9999509680001211,0.2518305079993297,8.572200022172183e-05,DISABLED,on,user_reported,36.59986114501953,53.87955856323242,1006.79796875,115289.3515625,True,True,True,176,0,0,109,178,101,2026-10-03T16:13:31.257983+07:00,25.61463494599957,0.18581573000028584,OK,,True,2026-10-03T16:13:31.443812+07:00,25.800459526999475,0.033052417000362766,OK,,True,1437,0.179625,,2026-10-03T16:13:31.476867+07:00,25.83351640699948,0.032856548000381736,OK,,True,2656,0.332,
0bf084ef31f7482ebd09717ee53d72ed,27,2026-10-03T16:13:32.257909+07:00,26.614550045000215,26.614550045000215,MONITOR,1455.1929918370006,0.9999988760000633,0.25211650599976565,8.459800028504105e-05,DISABLED,on,user_reported,36.60049819946289,53.911460876464844,1006.839921875,114901.2578125,True,True,True,176,0,0,109,178,101,2026-10-03T16:13:32.257991+07:00,26.614642247999655,0.18581808100043418,OK,,True,2026-10-03T16:13:32.443822+07:00,26.800468587999603,0.03316410200022801,OK,,True,1450,0.18125,,2026-10-03T16:13:32.476989+07:00,26.83363794900015,0.03301902800012613,OK,,True,2655,0.33187500000000003,
0bf084ef31f7482ebd09717ee53d72ed,28,2026-10-03T16:13:33.257918+07:00,27.61455845799992,27.61455845799992,MONITOR,1456.1930002500003,1.0000084129997049,0.26349604499955603,9.301099998992868e-05,DISABLED,on,user_reported,36.6056022644043,53.96311950683594,1006.820859375,115915.78125,True,True,True,176,0,0,109,178,101,2026-10-03T16:13:33.258001+07:00,27.614653124000142,0.18993268499980331,OK,,True,2026-10-03T16:13:33.447965+07:00,27.80460834599944,0.03790701500020077,OK,,True,1446,0.18075,,2026-10-03T16:13:33.485886+07:00,27.842529028000172,0.03550495599938586,OK,,True,2635,0.32937500000000003,
0bf084ef31f7482ebd09717ee53d72ed,29,2026-10-03T16:13:34.257922+07:00,28.614563297999666,28.614563297999666,MONITOR,1457.19300509,1.0000048399997468,0.2517515090003144,9.785099973669276e-05,DISABLED,on,user_reported,36.60688018798828,54.020606994628906,1006.857109375,115289.3515625,True,True,True,176,0,0,109,178,101,2026-10-03T16:13:34.257996+07:00,28.614647667999634,0.1858255070001178,OK,,True,2026-10-03T16:13:34.443835+07:00,28.80048204600007,0.03298126899971976,OK,,True,1441,0.180125,,2026-10-03T16:13:34.476815+07:00,28.833466277999833,0.032839788000273984,OK,,True,2654,0.33175,
0bf084ef31f7482ebd09717ee53d72ed,30,2026-10-03T16:13:35.257911+07:00,29.614551879999453,29.614551879999453,MONITOR,1458.1929936719998,0.9999885819997871,0.251757935000569,8.643299952382222e-05,DISABLED,on,user_reported,36.60432815551758,54.052066802978516,1006.811953125,114823.953125,True,True,True,176,0,0,109,178,101,2026-10-03T16:13:35.257985+07:00,29.614636323999548,0.18582308100030787,OK,,True,2026-10-03T16:13:35.443821+07:00,29.800468293999984,0.03298817699942447,OK,,True,1441,0.180125,,2026-10-03T16:13:35.476808+07:00,29.8334592479996,0.0328416410002319,OK,,True,2653,0.331625,
0bf084ef31f7482ebd09717ee53d72ed,31,2026-10-03T16:13:36.257912+07:00,30.614553294999496,30.614553294999496,MONITOR,1459.1929950869999,1.0000014150000425,0.2517540460003147,8.784799956629286e-05,DISABLED,on,user_reported,36.60369110107422,54.109291076660156,1006.8315625,115133.796875,True,True,True,176,0,0,109,178,101,2026-10-03T16:13:36.257984+07:00,30.614635349999844,0.18580997099979868,OK,,True,2026-10-03T16:13:36.443805+07:00,30.80045311699996,0.03299600999980612,OK,,True,1436,0.1795,,2026-10-03T16:13:36.476802+07:00,30.833452459999535,0.03284571499989397,OK,,True,2651,0.33137500000000003,
0bf084ef31f7482ebd09717ee53d72ed,32,2026-10-03T16:13:37.257912+07:00,31.614553432999855,31.614553432999855,MONITOR,1460.1929952250002,1.0000001380003596,0.25187856499996997,8.798599992587697e-05,DISABLED,on,user_reported,36.60049819946289,54.13429260253906,1006.82625,114669.65625,True,True,True,176,0,0,109,178,101,2026-10-03T16:13:37.257992+07:00,31.61464322899974,0.1858164149998629,OK,,True,2026-10-03T16:13:37.443820+07:00,31.80046820000007,0.033011972999702266,OK,,True,1438,0.17975,,2026-10-03T16:13:37.476834+07:00,31.833484468999814,0.03293760300039139,OK,,True,2655,0.33187500000000003,
0bf084ef31f7482ebd09717ee53d72ed,33,2026-10-03T16:13:38.257914+07:00,32.614555145999475,32.614555145999475,MONITOR,1461.1929969379999,1.0000017129996195,0.25366533100077504,8.969899954536231e-05,DISABLED,on,user_reported,36.60688018798828,54.16709899902344,1006.80234375,114746.75,True,True,True,176,0,0,109,178,101,2026-10-03T16:13:38.257987+07:00,32.61463907199959,0.1858202479997999,OK,,True,2026-10-03T16:13:38.443820+07:00,32.80046737599969,0.033001288000377826,OK,,True,1442,0.18025,,2026-10-03T16:13:38.476820+07:00,32.833471441000256,0.03473149899946293,OK,,True,2657,0.332125,
0bf084ef31f7482ebd09717ee53d72ed,34,2026-10-03T16:13:39.257922+07:00,33.61456185999941,33.61456185999941,MONITOR,1462.1930036519998,1.0000067139999373,0.25200873000085267,9.641299948270898e-05,DISABLED,on,user_reported,36.606239318847656,54.211612701416016,1006.903984375,115133.796875,True,True,True,176,0,0,109,178,101,2026-10-03T16:13:39.258006+07:00,33.614656803999424,0.18581311900015862,OK,,True,2026-10-03T16:13:39.443830+07:00,33.80047847900005,0.03324080399943341,OK,,True,1448,0.181,,2026-10-03T16:13:39.477072+07:00,33.83372278299976,0.03283867800018925,OK,,True,2658,0.33225,
0bf084ef31f7482ebd09717ee53d72ed,35,2026-10-03T16:13:40.257911+07:00,34.614552815000025,34.614552815000025,MONITOR,1463.1929946070004,0.9999909550006123,0.25182712100013305,8.736800009501167e-05,DISABLED,on,user_reported,36.60942840576172,54.25669479370117,1006.90234375,113980.40625,True,True,True,176,0,0,109,178,101,2026-10-03T16:13:40.257986+07:00,34.614637740000035,0.18582623099973716,OK,,True,2026-10-03T16:13:40.443826+07:00,34.80047302599996,0.033036177000212774,OK,,True,1435,0.179375,,2026-10-03T16:13:40.476862+07:00,34.83351222100009,0.0328578809994724,OK,,True,2655,0.33187500000000003,
0bf084ef31f7482ebd09717ee53d72ed,36,2026-10-03T16:13:41.257909+07:00,35.614551697000024,35.614551697000024,MONITOR,1464.1929934890004,0.9999988819999999,0.251796769000066,8.625000009487849e-05,DISABLED,on,user_reported,36.61836242675781,54.289894104003906,1006.86890625,114592.65625,True,True,True,176,0,0,109,178,101,2026-10-03T16:13:41.257981+07:00,35.61463289999938,0.18581750800058217,OK,,True,2026-10-03T16:13:41.443811+07:00,35.800458666999475,0.03301589900002,OK,,True,1456,0.182,,2026-10-03T16:13:41.476827+07:00,35.833478085000024,0.032861306999620865,OK,,True,2652,0.3315,
0bf084ef31f7482ebd09717ee53d72ed,37,2026-10-03T16:13:42.257911+07:00,36.61455330099943,36.61455330099943,MONITOR,1465.1929950929998,1.000001603999408,0.2518990650005435,8.785399950284045e-05,DISABLED,on,user_reported,36.61581039428711,54.31501388549805,1006.864609375,114746.75,True,True,True,176,0,0,109,178,101,2026-10-03T16:13:42.257982+07:00,36.61463409699991,0.1858183790000112,OK,,True,2026-10-03T16:13:42.443813+07:00,36.80046071600009,0.03301176900004066,OK,,True,1439,0.179875,,2026-10-03T16:13:42.476827+07:00,36.83347679999952,0.032964159000584914,OK,,True,2650,0.33125,
0bf084ef31f7482ebd09717ee53d72ed,38,2026-10-03T16:13:43.257910+07:00,37.61455266499979,37.61455266499979,MONITOR,1466.1929944570002,0.9999993640003595,0.25180332499985525,8.721799986233236e-05,DISABLED,on,user_reported,36.61517333984375,54.32767868041992,1006.82265625,114056.5859375,True,True,True,176,0,0,109,178,101,2026-10-03T16:13:43.257980+07:00,37.61463210900001,0.18582250899999053,OK,,True,2026-10-03T16:13:43.443815+07:00,37.800463044000026,0.03301210199970228,OK,,True,1443,0.180375,,2026-10-03T16:13:43.476827+07:00,37.83347792399945,0.032869326000763976,OK,,True,2655,0.33187500000000003,
0bf084ef31f7482ebd09717ee53d72ed,39,2026-10-03T16:13:44.257916+07:00,38.61455571599981,38.61455571599981,MONITOR,1467.1929975080002,1.0000030510000215,0.2517657689995758,9.026899988384685e-05,DISABLED,on,user_reported,36.61517333984375,54.334049224853516,1006.829453125,114669.65625,True,True,True,176,0,0,109,178,101,2026-10-03T16:13:44.257997+07:00,38.614648751999994,0.18583374900026683,OK,,True,2026-10-03T16:13:44.443843+07:00,38.800491019999754,0.03297043600014149,OK,,True,1441,0.180125,,2026-10-03T16:13:44.476814+07:00,38.83346501199958,0.03284673300004215,OK,,True,2657,0.332125,
0bf084ef31f7482ebd09717ee53d72ed,40,2026-10-03T16:13:45.257920+07:00,39.61456117399939,39.61456117399939,MONITOR,1468.1930029659998,1.0000054579995776,0.2520247680004104,9.572699946147623e-05,DISABLED,on,user_reported,36.61389923095703,54.32110595703125,1006.820625,114978.6640625,True,True,True,176,0,0,109,178,101,2026-10-03T16:13:45.257996+07:00,39.614647655000226,0.18583556399971712,OK,,True,2026-10-03T16:13:45.443844+07:00,39.8004921820002,0.033247618999666884,OK,,True,1448,0.181,,2026-10-03T16:13:45.477092+07:00,39.83374276399991,0.03283336299955408,OK,,True,2650,0.33125,
0bf084ef31f7482ebd09717ee53d72ed,41,2026-10-03T16:13:46.257911+07:00,40.614553595999496,40.614553595999496,MONITOR,1469.1929953879999,0.9999924220001049,0.2518116960000043,8.814899956632871e-05,DISABLED,on,user_reported,36.61453628540039,54.28932189941406,1006.801171875,114823.953125,True,True,True,176,0,0,109,178,101,2026-10-03T16:13:46.257985+07:00,40.61463618800008,0.18581445299969346,OK,,True,2026-10-03T16:13:46.443811+07:00,40.80045856699962,0.03305519500008813,OK,,True,1445,0.180625,,2026-10-03T16:13:46.476868+07:00,40.833517650999966,0.03283843699955469,OK,,True,2647,0.33087500000000003,
0bf084ef31f7482ebd09717ee53d72ed,42,2026-10-03T16:13:47.257925+07:00,41.614566888999434,41.614566888999434,MONITOR,1470.1930086809998,1.0000132929999381,0.25189234300069074,0.00010144199950445909,DISABLED,on,user_reported,36.61453628540039,54.27019500732422,1006.773828125,115133.796875,True,True,True,176,0,0,109,178,101,2026-10-03T16:13:47.257995+07:00,41.614645646999634,0.1858150839998416,OK,,True,2026-10-03T16:13:47.443821+07:00,41.800468730999455,0.03300543600016681,OK,,True,1437,0.179625,,2026-10-03T16:13:47.476828+07:00,41.83347751800011,0.03297091799959162,OK,,True,2654,0.33175,
0bf084ef31f7482ebd09717ee53d72ed,43,2026-10-03T16:13:48.257916+07:00,42.614556607999475,42.614556607999475,MONITOR,1471.1929983999999,0.9999897190000411,0.2520239909999873,9.116099954553647e-05,DISABLED,on,user_reported,36.613258361816406,54.21901321411133,1006.758125,115211.5234375,True,True,True,176,0,0,109,178,101,2026-10-03T16:13:48.257993+07:00,42.61464449699997,0.18604950699955225,OK,,True,2026-10-03T16:13:48.444055+07:00,42.80070252299993,0.033022786999936216,OK,,True,1437,0.179625,,2026-10-03T16:13:48.477080+07:00,42.83372932899965,0.032842215000528086,OK,,True,2656,0.332,
0bf084ef31f7482ebd09717ee53d72ed,44,2026-10-03T16:13:49.257920+07:00,43.61456225399979,43.61456225399979,MONITOR,1472.1930040460002,1.000005646000318,0.25184047400034615,9.680699986347463e-05,DISABLED,on,user_reported,36.61261749267578,54.19342803955078,1006.80484375,114901.2578125,True,True,True,176,0,0,109,178,101,2026-10-03T16:13:49.257987+07:00,43.614638494000246,0.18582097299986344,OK,,True,2026-10-03T16:13:49.443820+07:00,43.80046750400015,0.03307756499998504,OK,,True,1428,0.1785,,2026-10-03T16:13:49.476900+07:00,43.83354908699948,0.03284488200006308,OK,,True,2655,0.33187500000000003,
0bf084ef31f7482ebd09717ee53d72ed,45,2026-10-03T16:13:50.257925+07:00,44.61456532699958,44.61456532699958,MONITOR,1473.193007119,1.0000030729997889,0.2518332150002607,9.98799996523303e-05,DISABLED,on,user_reported,36.60496520996094,54.13496017456055,1006.840234375,114209.234375,True,True,True,176,0,0,109,178,101,2026-10-03T16:13:50.258005+07:00,44.61465651100025,0.18583337999916694,OK,,True,2026-10-03T16:13:50.443851+07:00,44.800498612999945,0.033036398999684025,OK,,True,1439,0.179875,,2026-10-03T16:13:50.476890+07:00,44.83353940100005,0.03284951099976752,OK,,True,2650,0.33125,
0bf084ef31f7482ebd09717ee53d72ed,46,2026-10-03T16:13:51.258038+07:00,45.614677343999574,45.614677343999574,MONITOR,1474.193119136,1.0001120169999922,0.25205575000018143,0.00021189699964452302,DISABLED,on,user_reported,36.6056022644043,54.115936279296875,1006.793515625,114978.6640625,True,True,True,176,0,0,109,178,101,2026-10-03T16:13:51.258121+07:00,45.61477275099969,0.1858180649996939,OK,,True,2026-10-03T16:13:51.443951+07:00,45.80059909299962,0.033272415999817895,OK,,True,1441,0.180125,,2026-10-03T16:13:51.477226+07:00,45.83387536099963,0.03284806700048648,OK,,True,2651,0.33137500000000003,
0bf084ef31f7482ebd09717ee53d72ed,47,2026-10-03T16:13:52.257921+07:00,46.614561065999624,46.614561065999624,MONITOR,1475.193002858,0.9998837220000496,0.2519621780002126,9.56189996941248e-05,DISABLED,on,user_reported,36.61134338378906,54.09130096435547,1006.7959375,115367.28125,True,True,True,176,0,0,109,178,101,2026-10-03T16:13:52.258002+07:00,46.61465315799978,0.1858209550000538,OK,,True,2026-10-03T16:13:52.443834+07:00,46.80048222400001,0.033026231999429,OK,,True,1441,0.180125,,2026-10-03T16:13:52.476863+07:00,46.833512492999944,0.03299947300001804,OK,,True,2648,0.331,
0bf084ef31f7482ebd09717ee53d72ed,48,2026-10-03T16:13:53.257917+07:00,47.614557289000004,47.614557289000004,MONITOR,1476.1929990810004,0.9999962230003803,0.2518060490001517,9.184200007439358e-05,DISABLED,on,user_reported,36.61261749267578,54.053287506103516,1006.811796875,114901.2578125,True,True,True,176,0,0,109,178,101,2026-10-03T16:13:53.257992+07:00,47.61464336300014,0.18582074999994802,OK,,True,2026-10-03T16:13:53.443825+07:00,47.80047231699973,0.0330300100004024,OK,,True,1451,0.181375,,2026-10-03T16:13:53.476856+07:00,47.83350627100026,0.03284751199953462,OK,,True,2652,0.3315,
0bf084ef31f7482ebd09717ee53d72ed,49,2026-10-03T16:13:54.257933+07:00,48.61457229000007,48.61457229000007,MONITOR,1477.1930140820004,1.0000150010000652,0.25205980699956854,0.00010684300013963366,DISABLED,on,user_reported,36.61198043823242,54.034088134765625,1006.7559375,115289.3515625,True,True,True,176,0,0,109,178,101,2026-10-03T16:13:54.258014+07:00,48.61466608599949,0.1858227689999694,OK,,True,2026-10-03T16:13:54.443851+07:00,48.800497632999395,0.033009158000822936,OK,,True,1441,0.180125,,2026-10-03T16:13:54.476861+07:00,48.83351058700009,0.03311028799998894,OK,,True,2652,0.3315,
0bf084ef31f7482ebd09717ee53d72ed,50,2026-10-03T16:13:55.257908+07:00,49.61454914400019,49.61454914400019,MONITOR,1478.1929909360006,0.9999768540001241,0.25215806500000326,8.369700026378268e-05,DISABLED,on,user_reported,36.60879135131836,54.0145263671875,1006.778203125,115367.28125,True,True,True,176,0,0,109,178,101,2026-10-03T16:13:55.257989+07:00,49.61464082800012,0.18585689900010038,OK,,True,2026-10-03T16:13:55.443860+07:00,49.80050746799952,0.03326684200055752,OK,,True,1455,0.181875,,2026-10-03T16:13:55.477131+07:00,49.83377906900023,0.03291880699998728,OK,,True,2653,0.331625,
0bf084ef31f7482ebd09717ee53d72ed,51,2026-10-03T16:13:56.257945+07:00,50.61458407200007,50.61458407200007,MONITOR,1479.1930258640004,1.0000349279998773,0.2521348800000851,0.00011862500014103716,DISABLED,on,user_reported,36.60496520996094,54.001224517822266,1006.853984375,115133.796875,True,True,True,176,0,0,109,178,101,2026-10-03T16:13:56.258030+07:00,50.61468179300027,0.1858237509995888,OK,,True,2026-10-03T16:13:56.443866+07:00,50.80051391500001,0.03333100799954991,OK,,True,1442,0.18025,,2026-10-03T16:13:56.477200+07:00,50.833849052000005,0.0328603629995996,OK,,True,2649,0.331125,
0bf084ef31f7482ebd09717ee53d72ed,52,2026-10-03T16:13:57.257916+07:00,51.61455624199971,51.61455624199971,MONITOR,1480.192998034,0.9999721699996371,0.2520128260002821,9.07949997781543e-05,DISABLED,on,user_reported,36.59794616699219,53.99382781982422,1006.87,115367.28125,True,True,True,176,0,0,109,178,101,2026-10-03T16:13:57.258001+07:00,51.61465294499976,0.18581584300045506,OK,,True,2026-10-03T16:13:57.443828+07:00,51.80047613999977,0.03303578800023388,OK,,True,1429,0.178625,,2026-10-03T16:13:57.476867+07:00,51.833516446999965,0.03304150999974809,OK,,True,2646,0.33075,
0bf084ef31f7482ebd09717ee53d72ed,53,2026-10-03T16:13:58.257915+07:00,52.614556282000194,52.614556282000194,MONITOR,1481.1929980740006,1.0000000400004865,0.25183303099947807,9.083500026463298e-05,DISABLED,on,user_reported,36.60113525390625,54.00065612792969,1006.8684375,115758.53125,True,True,True,176,0,0,109,178,101,2026-10-03T16:13:58.257990+07:00,52.614641799999845,0.18581936200007476,OK,,True,2026-10-03T16:13:58.443820+07:00,52.800468087999434,0.03304330700029823,OK,,True,1434,0.17925,,2026-10-03T16:13:58.476867+07:00,52.83351626500007,0.03286410399960005,OK,,True,2652,0.3315,
0bf084ef31f7482ebd09717ee53d72ed,54,2026-10-03T16:13:59.258062+07:00,53.61468595199949,53.61468595199949,MONITOR,1482.1931277439999,1.0001296699992963,0.25326250400030403,0.00022050499956094427,DISABLED,on,user_reported,36.60113525390625,53.98793029785156,1006.82046875,115445.3203125,True,True,True,176,0,0,109,178,101,2026-10-03T16:13:59.258261+07:00,53.61491046899937,0.1868928000003507,OK,,True,2026-10-03T16:13:59.445166+07:00,53.80181287999949,0.03323541700046917,OK,,True,1438,0.17975,,2026-10-03T16:13:59.478406+07:00,53.835053797,0.03288430700013123,OK,,True,2651,0.33137500000000003,
0bf084ef31f7482ebd09717ee53d72ed,55,2026-10-03T16:14:00.257917+07:00,54.614556605999496,54.614556605999496,MONITOR,1483.1929983979999,0.9998706540000057,0.25416166500053805,9.115899956668727e-05,DISABLED,on,user_reported,36.596031188964844,54.019012451171875,1006.8053125,115133.796875,True,True,True,176,0,0,109,178,101,2026-10-03T16:14:00.258002+07:00,54.6146536239994,0.18604628700086323,OK,,True,2026-10-03T16:14:00.444065+07:00,54.80071142899942,0.034980368000105955,OK,,True,1444,0.1805,,2026-10-03T16:14:00.479051+07:00,54.83569822299978,0.03300923300048453,OK,,True,2647,0.33087500000000003,
0bf084ef31f7482ebd09717ee53d72ed,56,2026-10-03T16:14:01.257915+07:00,55.614555833999475,55.614555833999475,MONITOR,1484.1929976259999,0.9999992279999788,0.25196580800002266,9.038699954544427e-05,DISABLED,on,user_reported,36.60432815551758,54.02022933959961,1006.873515625,115837.1015625,True,True,True,176,0,0,109,178,101,2026-10-03T16:14:01.258001+07:00,55.614652277999994,0.18580519599981926,OK,,True,2026-10-03T16:14:01.443816+07:00,55.80046404799941,0.03321165700072015,OK,,True,1437,0.179625,,2026-10-03T16:14:01.477031+07:00,55.83367970499967,0.03283204800027306,OK,,True,2655,0.33187500000000003,
0bf084ef31f7482ebd09717ee53d72ed,57,2026-10-03T16:14:02.257917+07:00,56.61455711799954,56.61455711799954,MONITOR,1485.19299891,1.0000012840000636,0.2526302480000595,9.167099960905034e-05,DISABLED,on,user_reported,36.60240936279297,54.02631759643555,1006.822578125,115056.1796875,True,True,True,176,0,0,109,178,101,2026-10-03T16:14:02.258001+07:00,56.61465230199974,0.18584310400001414,OK,,True,2026-10-03T16:14:02.443858+07:00,56.800505571999565,0.033523877999869,OK,,True,1446,0.18075,,2026-10-03T16:14:02.477387+07:00,56.834034857000006,0.0331385469999077,OK,,True,2650,0.33125,
0bf084ef31f7482ebd09717ee53d72ed,58,2026-10-03T16:14:03.257920+07:00,57.61455890199977,0.8841178239999863,BASELINE,1486.1930006940001,1.0000017840002329,0.25175058799959515,9.345499984192429e-05,DISABLED,on,user_reported,36.610069274902344,54.052913665771484,1006.82125,114978.6640625,True,True,True,176,0,0,109,178,101,2026-10-03T16:14:03.258000+07:00,57.61465169799976,0.18580045599992445,OK,,True,2026-10-03T16:14:03.443810+07:00,57.80045870899994,0.03299963999961619,OK,,True,1447,0.180875,,2026-10-03T16:14:03.476813+07:00,57.83346262699979,0.03283736299999873,OK,,True,2654,0.33175,
0bf084ef31f7482ebd09717ee53d72ed,59,2026-10-03T16:14:04.257912+07:00,58.61455502099943,1.8841139429996474,BASELINE,1487.1929968129998,0.9999961189996611,0.25764316100048745,8.957399950304534e-05,DISABLED,on,user_reported,36.60688018798828,54.06517791748047,1006.8296875,114746.75,True,True,True,176,0,0,109,178,101,2026-10-03T16:14:04.257988+07:00,58.614639761000035,0.18792677500005084,OK,,True,2026-10-03T16:14:04.445941+07:00,58.80258625799979,0.03523533000043244,OK,,True,1454,0.18175,,2026-10-03T16:14:04.481187+07:00,58.837832125000205,0.0343546129997776,OK,,True,2650,0.33125,
0bf084ef31f7482ebd09717ee53d72ed,60,2026-10-03T16:14:05.257912+07:00,59.61455282499992,2.8841117470001336,BASELINE,1488.1929946170003,0.9999978040004862,0.25968394499977876,8.737799998925766e-05,DISABLED,on,user_reported,36.60942840576172,54.071922302246094,1006.868203125,114746.75,True,True,True,176,0,0,109,178,101,2026-10-03T16:14:05.257999+07:00,59.61465008399955,0.18580434400064405,OK,,True,2026-10-03T16:14:05.443812+07:00,59.80046014999971,0.039279434000491165,OK,,True,1433,0.179125,,2026-10-03T16:14:05.483099+07:00,59.83974589799982,0.03447692699955951,OK,,True,2647,0.33087500000000003,
0bf084ef31f7482ebd09717ee53d72ed,61,2026-10-03T16:14:06.257915+07:00,60.614557500000046,3.884116422000261,BASELINE,1489.1929992920004,1.0000046750001275,0.251763254999787,9.20530001167208e-05,DISABLED,on,user_reported,36.606239318847656,54.07782745361328,1006.842421875,115133.796875,True,True,True,176,0,0,109,178,101,2026-10-03T16:14:06.257995+07:00,60.61464709200027,0.18581632599943987,OK,,True,2026-10-03T16:14:06.443822+07:00,60.80047008499969,0.033004380999955174,OK,,True,1446,0.18075,,2026-10-03T16:14:06.476828+07:00,60.833478650999496,0.032832937000421225,OK,,True,2647,0.33087500000000003,
0bf084ef31f7482ebd09717ee53d72ed,62,2026-10-03T16:14:07.257949+07:00,61.6145878239995,4.884146745999715,BASELINE,1490.1930296159999,1.0000303239994537,0.2519540319999578,0.00012237699957040604,DISABLED,on,user_reported,36.59858322143555,54.08305358886719,1006.80953125,115211.5234375,True,True,True,176,0,0,109,178,101,2026-10-03T16:14:07.258038+07:00,61.614689731,0.18583147400022426,OK,,True,2026-10-03T16:14:07.443882+07:00,61.800529723999716,0.033041083999705734,OK,,True,1432,0.179,,2026-10-03T16:14:07.476927+07:00,61.83357562299989,0.032953603000350995,OK,,True,2649,0.331125,
0bf084ef31f7482ebd09717ee53d72ed,63,2026-10-03T16:14:08.257922+07:00,62.61455931599994,5.8841182380001555,BASELINE,1491.1930011080003,0.9999714920004408,0.25277009999990696,9.386900001118192e-05,DISABLED,on,user_reported,36.608154296875,54.09721374511719,1006.81140625,114978.6640625,True,True,True,176,0,0,109,178,101,2026-10-03T16:14:08.258010+07:00,62.614661333000186,0.18591378899964184,OK,,True,2026-10-03T16:14:08.443934+07:00,62.80058173299949,0.0338600420000148,OK,,True,1440,0.18,,2026-10-03T16:14:08.477800+07:00,62.83444709000014,0.03287071499926242,OK,,True,2649,0.331125,
0bf084ef31f7482ebd09717ee53d72ed,64,2026-10-03T16:14:09.257916+07:00,63.61455723299969,6.8841161549999015,BASELINE,1492.192999025,0.9999979169997459,0.25328985699979967,9.178599975712132e-05,DISABLED,on,user_reported,36.6056022644043,54.09046173095703,1006.813984375,115211.5234375,True,True,True,176,0,0,109,178,101,2026-10-03T16:14:09.257994+07:00,63.614645732999634,0.18582121500003268,OK,,True,2026-10-03T16:14:09.443828+07:00,63.80047557800026,0.03305115799958003,OK,,True,1431,0.178875,,2026-10-03T16:14:09.476883+07:00,63.8335320139995,0.03429537200008781,OK,,True,2648,0.331,
0bf084ef31f7482ebd09717ee53d72ed,65,2026-10-03T16:14:10.257928+07:00,64.61456837399965,7.8841272959998605,BASELINE,1493.193010166,1.000011140999959,0.25405814799978543,0.00010292699971614638,DISABLED,on,user_reported,36.61389923095703,54.078948974609375,1006.77953125,115056.1796875,True,True,True,176,0,0,109,178,101,2026-10-03T16:14:10.258011+07:00,64.61466211399966,0.18582225299996935,OK,,True,2026-10-03T16:14:10.443846+07:00,64.8004926069998,0.033013344000210054,OK,,True,1441,0.180125,,2026-10-03T16:14:10.476860+07:00,64.83350989599967,0.03508329299984325,OK,,True,2635,0.32937500000000003,
0bf084ef31f7482ebd09717ee53d72ed,66,2026-10-03T16:14:11.258009+07:00,65.61464258900014,8.884201511000356,BASELINE,1494.1930843810005,1.0000742150004953,0.25205517999984295,0.00017714200021146098,DISABLED,on,user_reported,36.60496520996094,54.090370178222656,1006.77875,115133.796875,True,True,True,176,0,0,109,178,101,2026-10-03T16:14:11.258116+07:00,65.61476732899973,0.18584830800045893,OK,,True,2026-10-03T16:14:11.443977+07:00,65.80062426599943,0.03318151000075886,OK,,True,1438,0.17975,,2026-10-03T16:14:11.477160+07:00,65.83380992399998,0.03287821499998245,OK,,True,2652,0.3315,
0bf084ef31f7482ebd09717ee53d72ed,67,2026-10-03T16:14:12.257917+07:00,66.61455708299945,9.884116004999669,BASELINE,1495.1929988749998,0.999914493999313,0.2522532900002261,9.163599952444201e-05,DISABLED,on,user_reported,36.60688018798828,54.08428955078125,1006.816015625,115133.796875,True,True,True,176,0,0,109,178,101,2026-10-03T16:14:12.257999+07:00,66.61465108299944,0.18581932600045548,OK,,True,2026-10-03T16:14:12.443831+07:00,66.80047905799984,0.03329130499969324,OK,,True,1445,0.180625,,2026-10-03T16:14:12.477125+07:00,66.83377430699966,0.03302595500008465,OK,,True,2655,0.33187500000000003,
0bf084ef31f7482ebd09717ee53d72ed,68,2026-10-03T16:14:13.257914+07:00,67.61455618899981,10.884115111000028,BASELINE,1496.1929979810002,0.9999991060003595,0.2518419959997118,9.074199988390319e-05,DISABLED,on,user_reported,36.59730911254883,54.09560775756836,1006.766328125,115211.5234375,True,True,True,176,0,0,109,178,101,2026-10-03T16:14:13.257996+07:00,67.61464781799987,0.18582508599956782,OK,,True,2026-10-03T16:14:13.443834+07:00,67.80048168199937,0.03302949200042349,OK,,True,1455,0.181875,,2026-10-03T16:14:13.476866+07:00,67.83351606199994,0.03287266000006639,OK,,True,2649,0.331125,
0bf084ef31f7482ebd09717ee53d72ed,69,2026-10-03T16:14:14.257920+07:00,68.61456007299967,11.88411899499988,BASELINE,1497.193001865,1.0000038839998524,0.2518107370005964,9.462599973630859e-05,DISABLED,on,user_reported,36.599220275878906,54.08951950073242,1006.8584375,115289.3515625,True,True,True,176,0,0,109,178,101,2026-10-03T16:14:14.258003+07:00,68.61465386799955,0.18582319800043479,OK,,True,2026-10-03T16:14:14.443838+07:00,68.80048552900007,0.03299115899972094,OK,,True,1432,0.179,,2026-10-03T16:14:14.476831+07:00,68.83348046499941,0.032880271000067296,OK,,True,2652,0.3315,
0bf084ef31f7482ebd09717ee53d72ed,70,2026-10-03T16:14:15.257952+07:00,69.6145879199994,12.884146841999609,BASELINE,1498.1930297119998,1.0000278469997284,0.26458328500029893,0.00012247299946466228,DISABLED,on,user_reported,36.59667205810547,54.095516204833984,1006.881640625,115056.1796875,True,True,True,176,0,0,109,178,101,2026-10-03T16:14:15.258064+07:00,69.61471460400026,0.19013148499925592,OK,,True,2026-10-03T16:14:15.448216+07:00,69.80486094099979,0.036830244999691786,OK,,True,1449,0.181125,,2026-10-03T16:14:15.485052+07:00,69.84169983399988,0.03744592699968052,OK,,True,2658,0.33225,
0bf084ef31f7482ebd09717ee53d72ed,71,2026-10-03T16:14:16.257976+07:00,70.6146080640001,13.88416698600031,BASELINE,1499.1930498560005,1.0000201440007004,0.2641458439993585,0.0001426170001650462,DISABLED,on,user_reported,36.606239318847656,54.09693145751953,1006.883515625,114978.6640625,True,True,True,176,0,0,109,178,101,2026-10-03T16:14:16.258123+07:00,70.61477276699952,0.19085822099987126,OK,,True,2026-10-03T16:14:16.449011+07:00,70.80565220999961,0.03593256600015593,OK,,True,1442,0.18025,,2026-10-03T16:14:16.484951+07:00,70.84159571999953,0.037137225000151375,OK,,True,2658,0.33225,
0bf084ef31f7482ebd09717ee53d72ed,72,2026-10-03T16:14:17.257929+07:00,71.6145702089998,14.884129131000009,BASELINE,1500.1930120010002,0.9999621449996994,0.2522394389998226,0.00010476199986442225,DISABLED,on,user_reported,36.60688018798828,54.097023010253906,1006.850234375,114978.6640625,True,True,True,176,0,0,109,178,101,2026-10-03T16:14:17.258014+07:00,71.614665264,0.1858339939999496,OK,,True,2026-10-03T16:14:17.443860+07:00,71.80050786899938,0.033274824000727676,OK,,True,1447,0.180875,,2026-10-03T16:14:17.477137+07:00,71.83378734100006,0.03301101099987136,OK,,True,2655,0.33187500000000003,
0bf084ef31f7482ebd09717ee53d72ed,73,2026-10-03T16:14:18.257916+07:00,72.61455611400015,15.884115036000367,BASELINE,1501.1929979060005,0.9999859050003579,0.2518470899995009,9.066700022231089e-05,DISABLED,on,user_reported,36.60688018798828,54.07154846191406,1006.87078125,114901.2578125,True,True,True,176,0,0,109,178,101,2026-10-03T16:14:18.258002+07:00,72.61465361399951,0.18581730900041293,OK,,True,2026-10-03T16:14:18.443832+07:00,72.80047920000015,0.033016084999871964,OK,,True,1441,0.180125,,2026-10-03T16:14:18.476849+07:00,72.83349921099943,0.03289393700015353,OK,,True,2658,0.33225,
0bf084ef31f7482ebd09717ee53d72ed,74,2026-10-03T16:14:19.257919+07:00,73.61455907500022,16.88411799700043,BASELINE,1502.1930008670006,1.0000029610000638,0.25181460899966623,9.362800028611673e-05,DISABLED,on,user_reported,36.61134338378906,54.07219696044922,1006.836953125,115211.5234375,True,True,True,176,0,0,109,178,101,2026-10-03T16:14:19.258002+07:00,73.61465390800004,0.18581766099941888,OK,,True,2026-10-03T16:14:19.443832+07:00,73.80047984700013,0.03302039899972442,OK,,True,1436,0.1795,,2026-10-03T16:14:19.476853+07:00,73.8335037830002,0.03286028999991686,OK,,True,2656,0.332,
0bf084ef31f7482ebd09717ee53d72ed,75,2026-10-03T16:14:20.257983+07:00,74.61461788799988,17.8841768100001,BASELINE,1503.1930596800003,1.0000588129996686,0.25188679399980174,0.00015244099995470606,DISABLED,on,user_reported,36.61963653564453,54.06705856323242,1006.836796875,115211.5234375,True,True,True,176,0,0,109,178,101,2026-10-03T16:14:20.258101+07:00,74.61475233199963,0.18586362400037615,OK,,True,2026-10-03T16:14:20.443977+07:00,74.80062434399952,0.03300191900052596,OK,,True,1443,0.180375,,2026-10-03T16:14:20.476979+07:00,74.83362955899975,0.03286471499995969,OK,,True,2654,0.33175,
0bf084ef31f7482ebd09717ee53d72ed,76,2026-10-03T16:14:21.257921+07:00,75.61456133199954,18.884120253999754,BASELINE,1504.193003124,0.9999434439996548,0.2524977709999803,9.588499960955232e-05,DISABLED,on,user_reported,36.62282943725586,54.05479431152344,1006.8078125,114978.6640625,True,True,True,176,0,0,109,178,101,2026-10-03T16:14:21.258009+07:00,75.61466022100012,0.18582323499958875,OK,,True,2026-10-03T16:14:21.443845+07:00,75.8004920479998,0.0330364550000013,OK,,True,1456,0.182,,2026-10-03T16:14:21.476880+07:00,75.8335314850001,0.03351063699938095,OK,,True,2648,0.331,
0bf084ef31f7482ebd09717ee53d72ed,77,2026-10-03T16:14:22.257974+07:00,76.61460427600014,19.88416319800035,BASELINE,1505.1930460680005,1.0000429440005973,0.2632205359996078,0.00013882900020689704,DISABLED,on,user_reported,36.620914459228516,54.04814910888672,1006.81140625,114285.7109375,True,True,True,176,0,0,109,178,101,2026-10-03T16:14:22.258134+07:00,76.61478453499967,0.19176977100050863,OK,,True,2026-10-03T16:14:22.449925+07:00,76.80657019499995,0.03586949199961964,OK,,True,1446,0.18075,,2026-10-03T16:14:22.485808+07:00,76.8424523169997,0.035350866000044334,OK,,True,2667,0.33337500000000003,
0bf084ef31f7482ebd09717ee53d72ed,78,2026-10-03T16:14:23.258006+07:00,77.6146379619995,20.88419688399972,BASELINE,1506.1930797539999,1.0000336859993695,0.263025204000769,0.00017251499957637861,DISABLED,on,user_reported,36.61453628540039,54.04083251953125,1006.862734375,115056.1796875,True,True,True,176,0,0,109,178,101,2026-10-03T16:14:23.258146+07:00,77.6147961279994,0.19141407000006438,OK,,True,2026-10-03T16:14:23.449583+07:00,77.80622716000016,0.036192193999340816,OK,,True,1431,0.178875,,2026-10-03T16:14:23.485783+07:00,77.84242961400014,0.035212052000133554,OK,,True,2663,0.33287500000000003,
0bf084ef31f7482ebd09717ee53d72ed,79,2026-10-03T16:14:24.257960+07:00,78.61459501900026,21.884153941000477,BASELINE,1507.1930368110006,0.9999570570007563,0.2625328179992721,0.00012957200033270055,DISABLED,on,user_reported,36.61836242675781,54.035037994384766,1006.848359375,115289.3515625,True,True,True,176,0,0,109,178,101,2026-10-03T16:14:24.258093+07:00,78.61474394400011,0.19137171799957287,OK,,True,2026-10-03T16:14:24.449488+07:00,78.80613286599964,0.03556229100013297,OK,,True,1433,0.179125,,2026-10-03T16:14:24.485057+07:00,78.84170456399988,0.03539980999994441,OK,,True,2663,0.33287500000000003,
0bf084ef31f7482ebd09717ee53d72ed,80,2026-10-03T16:14:25.258004+07:00,79.61463789000027,22.884196812000482,BASELINE,1508.1930796820006,1.000042871000005,0.2579379219996554,0.00017244300033780746,DISABLED,on,user_reported,36.61899948120117,54.035125732421875,1006.82203125,115056.1796875,True,True,True,176,0,0,109,178,101,2026-10-03T16:14:25.258135+07:00,79.6147859269995,0.1873368370006574,OK,,True,2026-10-03T16:14:25.445484+07:00,79.80213174500022,0.03556084599949827,OK,,True,1438,0.17975,,2026-10-03T16:14:25.481053+07:00,79.83769966499949,0.03486172200064175,OK,,True,2633,0.329125,
0bf084ef31f7482ebd09717ee53d72ed,81,2026-10-03T16:14:26.261667+07:00,80.61830111000017,23.88786003200039,BASELINE,1509.1967429020006,1.0036632199999076,0.2519138679999742,0.003835663000245404,DISABLED,on,user_reported,36.61963653564453,54.04795837402344,1006.788984375,114901.2578125,True,True,True,176,0,0,109,178,101,2026-10-03T16:14:26.261807+07:00,80.61845842399998,0.18589677199997823,OK,,True,2026-10-03T16:14:26.447716+07:00,80.80436354799986,0.03297445499993046,OK,,True,1431,0.178875,,2026-10-03T16:14:26.480691+07:00,80.83734135499981,0.03286373399987497,OK,,True,2652,0.3315,
0bf084ef31f7482ebd09717ee53d72ed,82,2026-10-03T16:14:27.257912+07:00,81.61455187799947,24.88411079999969,BASELINE,1510.1929936699999,0.9962507679992996,0.251900609000586,8.643099954497302e-05,DISABLED,on,user_reported,36.628570556640625,54.023799896240234,1006.844453125,115367.28125,True,True,True,176,0,0,109,178,101,2026-10-03T16:14:27.257995+07:00,81.61464613599946,0.1858146990007299,OK,,True,2026-10-03T16:14:27.443821+07:00,81.8004693719995,0.03300051099995471,OK,,True,1434,0.17925,,2026-10-03T16:14:27.476822+07:00,81.83347308700013,0.03296832599971822,OK,,True,2648,0.331,
0bf084ef31f7482ebd09717ee53d72ed,83,2026-10-03T16:14:28.257914+07:00,82.61455489899981,25.884113821000028,BASELINE,1511.1929966910002,1.0000030210003388,0.25206694200005586,8.945199988374952e-05,DISABLED,on,user_reported,36.62346649169922,54.02305603027344,1006.815625,115367.28125,True,True,True,176,0,0,109,178,101,2026-10-03T16:14:28.257995+07:00,82.61464699099997,0.18584121799995046,OK,,True,2026-10-03T16:14:28.443848+07:00,82.80049602399959,0.03324452700053371,OK,,True,1439,0.179875,,2026-10-03T16:14:28.477095+07:00,82.83374462600023,0.03286793699953705,OK,,True,2650,0.33125,
0bf084ef31f7482ebd09717ee53d72ed,84,2026-10-03T16:14:29.257948+07:00,83.61458758800018,26.88414651000039,BASELINE,1512.1930293800006,1.0000326890003635,0.2517469999993409,0.0001221410002472112,DISABLED,on,user_reported,36.61644744873047,54.02201461791992,1006.776875,115367.28125,True,True,True,176,0,0,109,178,101,2026-10-03T16:14:29.258038+07:00,83.61468877300013,0.1858294579997164,OK,,True,2026-10-03T16:14:29.443879+07:00,83.80052660199999,0.0329371039997568,OK,,True,1452,0.1815,,2026-10-03T16:14:29.476816+07:00,83.83346703899952,0.03285760400012805,OK,,True,2650,0.33125,
0bf084ef31f7482ebd09717ee53d72ed,85,2026-10-03T16:14:30.257954+07:00,84.61458590799975,27.88414482999997,BASELINE,1513.1930277000001,0.9999983199995768,0.25542969799971615,0.00012046099982399028,DISABLED,on,user_reported,36.61899948120117,53.99055862426758,1006.83578125,115211.5234375,True,True,True,176,0,0,109,178,101,2026-10-03T16:14:30.258098+07:00,84.61474861099941,0.1881620540007134,OK,,True,2026-10-03T16:14:30.446277+07:00,84.80292320199987,0.03419848500016087,OK,,True,1436,0.1795,,2026-10-03T16:14:30.480479+07:00,84.83712677899985,0.03287840099983441,OK,,True,2649,0.331125,
0bf084ef31f7482ebd09717ee53d72ed,86,2026-10-03T16:14:31.257916+07:00,85.61455717199988,28.884116094000092,BASELINE,1514.1929989640003,0.9999712640001235,0.2524379589995078,9.172499994747341e-05,DISABLED,on,user_reported,36.61644744873047,53.983821868896484,1006.797421875,115056.1796875,True,True,True,176,0,0,109,178,101,2026-10-03T16:14:31.257998+07:00,85.61464965300001,0.18583236599988595,OK,,True,2026-10-03T16:14:31.443844+07:00,85.80049094500009,0.03298028900007921,OK,,True,1444,0.1805,,2026-10-03T16:14:31.476825+07:00,85.83347515999958,0.033506785000099626,OK,,True,2643,0.33037500000000003,
0bf084ef31f7482ebd09717ee53d72ed,87,2026-10-03T16:14:32.257915+07:00,86.6145554929999,29.884114415000113,BASELINE,1515.1929972850003,0.999998321000021,0.25185957299981965,9.004599996842444e-05,DISABLED,on,user_reported,36.613258361816406,53.970611572265625,1006.888046875,114823.953125,True,True,True,176,0,0,109,178,101,2026-10-03T16:14:32.257995+07:00,86.61464625200006,0.18581410699971457,OK,,True,2026-10-03T16:14:32.443821+07:00,86.8004688029996,0.0329878809998263,OK,,True,1443,0.180375,,2026-10-03T16:14:32.476809+07:00,86.83345996200023,0.032944085999588424,OK,,True,2651,0.33137500000000003,
0bf084ef31f7482ebd09717ee53d72ed,88,2026-10-03T16:14:33.257911+07:00,87.6145504619999,30.884109384000112,BASELINE,1516.1929922540003,0.9999949689999994,0.25183240699971066,8.501499996782513e-05,DISABLED,on,user_reported,36.608154296875,53.95077133178711,1006.8796875,115211.5234375,True,True,True,176,0,0,109,178,101,2026-10-03T16:14:33.257995+07:00,87.61464666499978,0.18581312599962985,OK,,True,2026-10-03T16:14:33.443820+07:00,87.80046803200003,0.03302565899957699,OK,,True,1451,0.181375,,2026-10-03T16:14:33.476847+07:00,87.83349720899969,0.03287673399972846,OK,,True,2648,0.331,
0bf084ef31f7482ebd09717ee53d72ed,89,2026-10-03T16:14:34.257917+07:00,88.61455774699971,31.884116668999923,BASELINE,1517.192999539,1.0000072849998105,0.2520899789997202,9.229999977833359e-05,DISABLED,on,user_reported,36.606239318847656,53.96958923339844,1006.8903125,115445.3203125,True,True,True,176,0,0,109,178,101,2026-10-03T16:14:34.258000+07:00,88.61465183899963,0.18582768099986424,OK,,True,2026-10-03T16:14:34.443841+07:00,88.80048831600016,0.03325386199958302,OK,,True,1441,0.180125,,2026-10-03T16:14:34.477095+07:00,88.83374597399961,0.032892012000047544,OK,,True,2655,0.33187500000000003,
0bf084ef31f7482ebd09717ee53d72ed,90,2026-10-03T16:14:35.257950+07:00,89.61458860599942,32.88414752799963,BASELINE,1518.1930303979998,1.0000308589997076,0.25957289500001934,0.00012315899948589504,DISABLED,on,user_reported,36.60496520996094,53.969398498535156,1006.853984375,115367.28125,True,True,True,176,0,0,109,178,101,2026-10-03T16:14:35.258039+07:00,89.61469029099953,0.1858599770002911,OK,,True,2026-10-03T16:14:35.443913+07:00,89.80056015699938,0.036852116000773094,OK,,True,1426,0.17825,,2026-10-03T16:14:35.480777+07:00,89.83742217999952,0.036718062000545615,OK,,True,2655,0.33187500000000003,
0bf084ef31f7482ebd09717ee53d72ed,91,2026-10-03T16:14:36.257958+07:00,90.61458979999952,33.884148721999736,BASELINE,1519.193031592,1.000001194000106,0.26796356300019397,0.00012435299959179247,DISABLED,on,user_reported,36.60688018798828,53.95058822631836,1006.8365625,114746.75,True,True,True,176,0,0,109,178,101,2026-10-03T16:14:36.258100+07:00,90.61474976099998,0.19511462199989182,OK,,True,2026-10-03T16:14:36.453248+07:00,90.8098874389998,0.03728120600044349,OK,,True,1437,0.179625,,2026-10-03T16:14:36.490532+07:00,90.84717797800022,0.03534738500002277,OK,,True,2647,0.33087500000000003,
0bf084ef31f7482ebd09717ee53d72ed,92,2026-10-03T16:14:37.257931+07:00,91.61457069700009,34.884129619000305,BASELINE,1520.1930124890005,0.9999808970005688,0.25212392399953387,0.00010525000016059494,DISABLED,on,user_reported,36.60751724243164,53.96340560913086,1006.817109375,115445.3203125,True,True,True,176,0,0,109,178,101,2026-10-03T16:14:37.258015+07:00,91.61466641900006,0.18583536599999206,OK,,True,2026-10-03T16:14:37.443864+07:00,91.80051104499944,0.03307799200047157,OK,,True,1438,0.17975,,2026-10-03T16:14:37.476944+07:00,91.83359342499989,0.03308871500030364,OK,,True,2655,0.33187500000000003,
0bf084ef31f7482ebd09717ee53d72ed,93,2026-10-03T16:14:38.257943+07:00,92.61458148400015,35.88414040600037,BASELINE,1521.1930232760005,1.0000107870000647,0.25189501799923164,0.00011603700022533303,DISABLED,on,user_reported,36.60113525390625,53.937007904052734,1006.799921875,115445.3203125,True,True,True,176,0,0,109,178,101,2026-10-03T16:14:38.258032+07:00,92.6146835949994,0.1858476810002685,OK,,True,2026-10-03T16:14:38.443894+07:00,92.80054079399997,0.03303984499962098,OK,,True,1445,0.180625,,2026-10-03T16:14:38.476936+07:00,92.83358478699938,0.032880512000701856,OK,,True,2647,0.33087500000000003,
0bf084ef31f7482ebd09717ee53d72ed,94,2026-10-03T16:14:39.257949+07:00,93.61458780900011,36.88414673100033,BASELINE,1522.1930296010005,1.0000063249999585,0.2522142569996504,0.0001223620001837844,DISABLED,on,user_reported,36.60688018798828,53.94422149658203,1006.80921875,115837.1015625,True,True,True,176,0,0,109,178,101,2026-10-03T16:14:39.258037+07:00,93.61468823399991,0.1858370339996327,OK,,True,2026-10-03T16:14:39.443888+07:00,93.80053497100016,0.033340768000016396,OK,,True,1452,0.1815,,2026-10-03T16:14:39.477231+07:00,93.83388053599992,0.03291156700015563,OK,,True,2647,0.33087500000000003,
0bf084ef31f7482ebd09717ee53d72ed,95,2026-10-03T16:14:40.257932+07:00,94.61457141200026,37.884130334000474,BASELINE,1523.1930132040006,0.9999836030001461,0.2520706279992737,0.00010596500032988843,DISABLED,on,user_reported,36.60688018798828,53.92512893676758,1006.87078125,115915.78125,True,True,True,176,0,0,109,178,101,2026-10-03T16:14:40.258020+07:00,94.61467154099955,0.18609431000004406,OK,,True,2026-10-03T16:14:40.444129+07:00,94.80077635099951,0.032784031000119285,OK,,True,1439,0.179875,,2026-10-03T16:14:40.476919+07:00,94.83356619599999,0.033064029999877675,OK,,True,2653,0.331625,
0bf084ef31f7482ebd09717ee53d72ed,96,2026-10-03T16:14:41.258052+07:00,95.61469029299951,38.88424921499973,BASELINE,1524.193132085,1.0001188809992527,0.2519193880007151,0.00022484599958261242,DISABLED,on,user_reported,36.60177230834961,53.91801071166992,1006.81453125,114901.2578125,True,True,True,176,0,0,109,178,101,2026-10-03T16:14:41.258142+07:00,95.61479382899961,0.18588129300042056,OK,,True,2026-10-03T16:14:41.444037+07:00,95.80068425099944,0.033030474000042886,OK,,True,1449,0.181125,,2026-10-03T16:14:41.477069+07:00,95.8337186509998,0.032880716000363464,OK,,True,2649,0.331125,
0bf084ef31f7482ebd09717ee53d72ed,97,2026-10-03T16:14:42.258108+07:00,96.61471998900015,39.884278911000365,BASELINE,1525.1931617810005,1.000029696000638,0.25205786999958946,0.0002545420002206811,DISABLED,on,user_reported,36.60496520996094,53.92484664916992,1006.765,115211.5234375,True,True,True,176,0,0,109,178,101,2026-10-03T16:14:42.258255+07:00,96.61490632099958,0.18589805200008414,OK,,True,2026-10-03T16:14:42.444166+07:00,96.80081400299969,0.03298884400010138,OK,,True,1435,0.179375,,2026-10-03T16:14:42.477155+07:00,96.83380590300021,0.03295967799931532,OK,,True,2647,0.33087500000000003,
0bf084ef31f7482ebd09717ee53d72ed,98,2026-10-03T16:14:43.257959+07:00,97.61459753899999,40.8841564610002,BASELINE,1526.1930393310004,0.9998775499998374,0.25196364800012816,0.00013209200005803723,DISABLED,on,user_reported,36.60879135131836,53.91904830932617,1006.812421875,114746.75,True,True,True,176,0,0,109,178,101,2026-10-03T16:14:43.258045+07:00,97.61469659399972,0.18584079300035228,OK,,True,2026-10-03T16:14:43.443901+07:00,97.8005476090002,0.03300132599997596,OK,,True,1443,0.180375,,2026-10-03T16:14:43.476903+07:00,97.83355295399997,0.03299732599953131,OK,,True,2654,0.33175,
0bf084ef31f7482ebd09717ee53d72ed,99,2026-10-03T16:14:44.257927+07:00,98.61456684899986,41.88412577100007,BASELINE,1527.1930086410002,0.9999693099998694,0.251987573000406,0.00010140199992747512,DISABLED,on,user_reported,36.603050231933594,53.90546798706055,1006.789375,115445.3203125,True,True,True,176,0,0,109,178,101,2026-10-03T16:14:44.258011+07:00,98.61466201500025,0.18601006899916683,OK,,True,2026-10-03T16:14:44.444034+07:00,98.80068121400018,0.032944196999778796,OK,,True,1442,0.18025,,2026-10-03T16:14:44.476979+07:00,98.83362933700027,0.03291427099975408,OK,,True,2648,0.331,
0bf084ef31f7482ebd09717ee53d72ed,100,2026-10-03T16:14:45.258849+07:00,99.61548991200016,42.88504883400037,BASELINE,1528.1939317040005,1.0009230630003003,0.25217114699989907,0.0010244650002277922,DISABLED,on,user_reported,36.603050231933594,53.90546798706055,1006.782578125,115367.28125,True,True,True,176,0,0,109,178,101,2026-10-03T16:14:45.258926+07:00,99.61557781800002,0.18603697799971997,OK,,True,2026-10-03T16:14:45.444979+07:00,99.80162583299989,0.03282956699968054,OK,,True,1436,0.1795,,2026-10-03T16:14:45.477816+07:00,99.83446299299976,0.03318378800031496,OK,,True,2635,0.32937500000000003,
0bf084ef31f7482ebd09717ee53d72ed,101,2026-10-03T16:14:46.257977+07:00,100.61461270899963,43.884171630999845,BASELINE,1529.193054501,0.9991227969994725,0.2519187409998267,0.00014726199970027665,DISABLED,on,user_reported,36.59667205810547,53.91089630126953,1006.79953125,115445.3203125,True,True,True,176,0,0,109,178,101,2026-10-03T16:14:46.258090+07:00,100.61474030099998,0.18592353300027753,OK,,True,2026-10-03T16:14:46.444026+07:00,100.80067387100007,0.032955789999505214,OK,,True,1442,0.18025,,2026-10-03T16:14:46.476982+07:00,100.8336333090001,0.032886307999433484,OK,,True,2650,0.33125,
0bf084ef31f7482ebd09717ee53d72ed,102,2026-10-03T16:14:47.257950+07:00,101.61458883500018,44.88414775700039,BASELINE,1530.1930306270006,0.9999761260005471,0.25246166299984907,0.00012338800024735974,DISABLED,on,user_reported,36.59667205810547,53.90453338623047,1006.792578125,115367.28125,True,True,True,176,0,0,109,178,101,2026-10-03T16:14:47.258038+07:00,101.61468981500002,0.18585012699986692,OK,,True,2026-10-03T16:14:47.443902+07:00,101.80054908999955,0.03353908200006117,OK,,True,1442,0.18025,,2026-10-03T16:14:47.477444+07:00,101.83409241299978,0.032944900000074995,OK,,True,2649,0.331125,
0bf084ef31f7482ebd09717ee53d72ed,103,2026-10-03T16:14:48.257925+07:00,102.61456779399941,45.88412671599963,BASELINE,1531.1930095859998,0.9999789589992361,0.2519630380002127,0.00010234699948341586,DISABLED,on,user_reported,36.60240936279297,53.9053840637207,1006.774609375,115445.3203125,True,True,True,176,0,0,109,178,101,2026-10-03T16:14:48.257997+07:00,102.61464890499974,0.18582607100051973,OK,,True,2026-10-03T16:14:48.443836+07:00,102.80048345799969,0.03317217699986941,OK,,True,1446,0.18075,,2026-10-03T16:14:48.477013+07:00,102.83366059699983,0.03286110499993811,OK,,True,2650,0.33125,
0bf084ef31f7482ebd09717ee53d72ed,104,2026-10-03T16:14:49.257906+07:00,103.61454881000009,46.8841077320003,BASELINE,1532.1929906020005,0.9999810160006746,0.2518807229998856,8.33630001579877e-05,DISABLED,on,user_reported,36.59858322143555,53.904808044433594,1006.82328125,115133.796875,True,True,True,176,0,0,109,178,101,2026-10-03T16:14:49.257976+07:00,103.61462806899999,0.18581640499996865,OK,,True,2026-10-03T16:14:49.443805+07:00,103.80045306600005,0.033090363000155776,OK,,True,1434,0.17925,,2026-10-03T16:14:49.476900+07:00,103.83354829899963,0.03287179000017204,OK,,True,2652,0.3315,
0bf084ef31f7482ebd09717ee53d72ed,105,2026-10-03T16:14:50.257905+07:00,104.6145477709997,47.88410669299992,BASELINE,1533.192989563,0.9999989609996192,0.2534361580001132,8.232399977714522e-05,DISABLED,on,user_reported,36.59029006958008,53.90995788574219,1006.864453125,115056.1796875,True,True,True,176,0,0,109,178,101,2026-10-03T16:14:50.257980+07:00,104.61463062199982,0.1859503859996039,OK,,True,2026-10-03T16:14:50.443948+07:00,104.80059324800004,0.034500095000112196,OK,,True,1425,0.178125,,2026-10-03T16:14:50.478461+07:00,104.83510456499971,0.032860178999726486,OK,,True,2632,0.329,
0bf084ef31f7482ebd09717ee53d72ed,106,2026-10-03T16:14:51.257916+07:00,105.61455810200005,48.88411702400026,BASELINE,1534.1929998940004,1.0000103310003396,0.25190800099971966,9.265500011679251e-05,DISABLED,on,user_reported,36.594757080078125,53.92970657348633,1006.8375,115289.3515625,True,True,True,176,0,0,109,178,101,2026-10-03T16:14:51.257993+07:00,105.61464462000004,0.18583603499973833,OK,,True,2026-10-03T16:14:51.443843+07:00,105.8004903029996,0.03308951100007107,OK,,True,1435,0.179375,,2026-10-03T16:14:51.476937+07:00,105.83358447999944,0.03287210500002402,OK,,True,2647,0.33087500000000003,
0bf084ef31f7482ebd09717ee53d72ed,107,2026-10-03T16:14:52.257908+07:00,106.61454835999939,49.884107281999604,BASELINE,1535.1929901519998,0.9999902579993432,0.2520213160005369,8.291299945994979e-05,DISABLED,on,user_reported,36.59730911254883,53.93008041381836,1006.8484375,115211.5234375,True,True,True,176,0,0,109,178,101,2026-10-03T16:14:52.257992+07:00,106.61464321099993,0.18582538699956785,OK,,True,2026-10-03T16:14:52.443829+07:00,106.8004771169999,0.033100269999522425,OK,,True,1437,0.179625,,2026-10-03T16:14:52.476934+07:00,106.83358207199944,0.032976493000205664,OK,,True,2652,0.3315,
0bf084ef31f7482ebd09717ee53d72ed,108,2026-10-03T16:14:53.257913+07:00,107.61455517400009,50.8841140960003,BASELINE,1536.1929969660005,1.0000068140006988,0.2523076099996615,8.97270001587458e-05,DISABLED,on,user_reported,36.58454895019531,53.9345703125,1006.848359375,115056.1796875,True,True,True,176,0,0,109,178,101,2026-10-03T16:14:53.257990+07:00,107.61464171099942,0.18583664600009797,OK,,True,2026-10-03T16:14:53.443841+07:00,107.80048789400007,0.033467378999375796,OK,,True,1438,0.17975,,2026-10-03T16:14:53.477312+07:00,107.83396056899983,0.03289208600017446,OK,,True,2651,0.33137500000000003,
0bf084ef31f7482ebd09717ee53d72ed,109,2026-10-03T16:14:54.257918+07:00,108.61456024800009,51.884119170000304,BASELINE,1537.1930020400005,1.0000050740000006,0.2520542789998217,9.480100015935022e-05,DISABLED,on,user_reported,36.59029006958008,53.941776275634766,1006.85765625,115367.28125,True,True,True,176,0,0,109,178,101,2026-10-03T16:14:54.257996+07:00,108.61464732199966,0.18582273900028667,OK,,True,2026-10-03T16:14:54.443831+07:00,108.80047817200011,0.03324508300011075,OK,,True,1443,0.180375,,2026-10-03T16:14:54.477081+07:00,108.8337283109995,0.032876346000193735,OK,,True,2657,0.332125,
0bf084ef31f7482ebd09717ee53d72ed,110,2026-10-03T16:14:55.257915+07:00,109.61455745199964,52.88411637399986,BASELINE,1538.192999244,0.9999972039995555,0.2545775220005453,9.200499971484533e-05,DISABLED,on,user_reported,36.594120025634766,53.935977935791016,1006.836484375,115367.28125,True,True,True,176,0,0,109,178,101,2026-10-03T16:14:55.257989+07:00,109.61464034100027,0.1858211279995885,OK,,True,2026-10-03T16:14:55.443823+07:00,109.80047065399958,0.03537721800057625,OK,,True,1426,0.17825,,2026-10-03T16:14:55.479219+07:00,109.83586233499955,0.033256546999837155,OK,,True,2636,0.3295,
0bf084ef31f7482ebd09717ee53d72ed,111,2026-10-03T16:14:56.257910+07:00,110.61455211999964,53.88411104199986,BASELINE,1539.192993912,0.9999946679999994,0.2524896840004658,8.667299971421016e-05,DISABLED,on,user_reported,36.59347915649414,53.9422492980957,1006.821796875,115289.3515625,True,True,True,176,0,0,109,178,101,2026-10-03T16:14:56.257985+07:00,110.61463623100008,0.185818016999292,OK,,True,2026-10-03T16:14:56.443815+07:00,110.80046302499977,0.0336645999996108,OK,,True,1446,0.18075,,2026-10-03T16:14:56.477485+07:00,110.83413323599962,0.032899234000069555,OK,,True,2651,0.33137500000000003,
0bf084ef31f7482ebd09717ee53d72ed,112,2026-10-03T16:14:57.257912+07:00,111.61455432499952,54.88411324699973,BASELINE,1540.192996117,1.0000022049998734,0.2524262770002679,8.887799958756659e-05,DISABLED,on,user_reported,36.59029006958008,53.941776275634766,1006.878125,115056.1796875,True,True,True,176,0,0,109,178,101,2026-10-03T16:14:57.257993+07:00,111.6146439919994,0.18585003500083985,OK,,True,2026-10-03T16:14:57.443857+07:00,111.80050372999995,0.03315017800014175,OK,,True,1446,0.18075,,2026-10-03T16:14:57.477011+07:00,111.83365901900015,0.033308971999758796,OK,,True,2652,0.3315,
0bf084ef31f7482ebd09717ee53d72ed,113,2026-10-03T16:14:58.257910+07:00,112.61455267899964,55.88411160099986,BASELINE,1541.192994471,0.9999983540001267,0.25213261299995793,8.723199971427675e-05,DISABLED,on,user_reported,36.594120025634766,53.935977935791016,1006.85703125,114823.953125,True,True,True,176,0,0,109,178,101,2026-10-03T16:14:58.257988+07:00,112.6146391049997,0.1858594240002276,OK,,True,2026-10-03T16:14:58.443861+07:00,112.80050812199988,0.03314528800001426,OK,,True,1443,0.180375,,2026-10-03T16:14:58.477011+07:00,112.83365844699983,0.03301477100012562,OK,,True,2649,0.331125,
0bf084ef31f7482ebd09717ee53d72ed,114,2026-10-03T16:14:59.257911+07:00,113.61455353400015,56.884112456000366,BASELINE,1542.1929953260005,1.0000008550005077,0.2526508309993005,8.808700022200355e-05,DISABLED,on,user_reported,36.59667205810547,53.94908142089844,1006.77890625,115211.5234375,True,True,True,176,0,0,109,178,101,2026-10-03T16:14:59.257983+07:00,113.61463482999989,0.18615433000013581,OK,,True,2026-10-03T16:14:59.444152+07:00,113.80079928899977,0.03349571200033097,OK,,True,1444,0.1805,,2026-10-03T16:14:59.477653+07:00,113.834300816,0.03289397499975166,OK,,True,2651,0.33137500000000003,
0bf084ef31f7482ebd09717ee53d72ed,115,2026-10-03T16:15:00.257906+07:00,114.61454757399952,57.88410649599973,BASELINE,1543.192989366,0.9999940399993648,0.2554708320003556,8.21269995867624e-05,DISABLED,on,user_reported,36.60240936279297,53.943565368652344,1006.80203125,115289.3515625,True,True,True,176,0,0,109,178,101,2026-10-03T16:15:00.257977+07:00,114.61462881499938,0.18609158900017064,OK,,True,2026-10-03T16:15:00.444087+07:00,114.80073205200006,0.034142485999836936,OK,,True,1439,0.179875,,2026-10-03T16:15:00.478233+07:00,114.83488059299998,0.035118775999762875,OK,,True,2632,0.329,
0bf084ef31f7482ebd09717ee53d72ed,116,2026-10-03T16:15:01.257915+07:00,115.61455817099977,58.884117092999986,BASELINE,1544.1929999630001,1.000010597000255,0.252849126000001,9.272399984183721e-05,DISABLED,on,user_reported,36.58965301513672,53.95440673828125,1006.815546875,114978.6640625,True,True,True,176,0,0,109,178,101,2026-10-03T16:15:01.257989+07:00,115.61464050399991,0.18590653499995824,OK,,True,2026-10-03T16:15:01.443914+07:00,115.80056087199955,0.033981913000388886,OK,,True,1453,0.181625,,2026-10-03T16:15:01.477901+07:00,115.8345487659999,0.03284912399976747,OK,,True,2656,0.332,
0bf084ef31f7482ebd09717ee53d72ed,117,2026-10-03T16:15:02.258431+07:00,116.61506000499958,59.88461892699979,BASELINE,1545.193501797,1.000501833999806,0.2538916390003578,0.0005945579996478045,DISABLED,on,user_reported,36.59092712402344,53.96095657348633,1006.790234375,114592.65625,True,True,True,176,0,0,109,178,101,2026-10-03T16:15:02.258614+07:00,116.61526415200024,0.18696360299964,OK,,True,2026-10-03T16:15:02.445589+07:00,116.80223697699967,0.03317075100039801,OK,,True,1439,0.179875,,2026-10-03T16:15:02.478767+07:00,116.83541439500004,0.03352300799997465,OK,,True,2650,0.33125,
0bf084ef31f7482ebd09717ee53d72ed,118,2026-10-03T16:15:03.257974+07:00,117.6146149389997,0.8841738609999084,WAIT_EXPOSURE,1546.193056731,0.9995549340001162,0.25280677499995363,0.0001494919997639954,DISABLED,on,user_reported,36.60432815551758,53.96293640136719,1006.805078125,114592.65625,True,True,True,176,0,0,109,178,101,2026-10-03T16:15:03.258051+07:00,117.61470267899949,0.18595831299990095,OK,,True,2026-10-03T16:15:03.444022+07:00,117.80066915899988,0.03323782499955996,OK,,True,1446,0.18075,,2026-10-03T16:15:03.477264+07:00,117.83391227999982,0.03349949000039487,OK,,True,2652,0.3315,
0bf084ef31f7482ebd09717ee53d72ed,119,2026-10-03T16:15:04.257905+07:00,118.61454850100017,1.884107423000387,WAIT_EXPOSURE,1547.1929902930005,0.9999335620004786,0.2523157589994298,8.305400024255505e-05,DISABLED,on,user_reported,36.594757080078125,53.955162048339844,1006.816953125,115211.5234375,True,True,True,176,0,0,109,178,101,2026-10-03T16:15:04.257983+07:00,118.61463459300012,0.18659395699978631,OK,,True,2026-10-03T16:15:04.444594+07:00,118.80124040099963,0.033011123000505904,OK,,True,1434,0.17925,,2026-10-03T16:15:04.477643+07:00,118.83425809799974,0.03259234800043487,OK,,True,2642,0.33025,
0bf084ef31f7482ebd09717ee53d72ed,120,2026-10-03T16:15:05.257912+07:00,119.6145553209999,2.8841142430001128,WAIT_EXPOSURE,1548.1929971130003,1.0000068199997258,0.2537806769996678,8.987399996840395e-05,DISABLED,on,user_reported,36.587738037109375,53.97322082519531,1006.791875,115133.796875,True,True,True,176,0,0,109,178,101,2026-10-03T16:15:05.257987+07:00,119.61463894999997,0.18583485099952668,OK,,True,2026-10-03T16:15:05.443836+07:00,119.80048294900007,0.03377078499943309,OK,,True,1437,0.179625,,2026-10-03T16:15:05.477611+07:00,119.83425901200008,0.03406324499974289,OK,,True,2639,0.32987500000000003,
0bf084ef31f7482ebd09717ee53d72ed,121,2026-10-03T16:15:06.257913+07:00,120.61455545799981,3.884114380000028,WAIT_EXPOSURE,1549.1929972500002,1.0000001369999154,0.25235520400019595,9.001099988381611e-05,DISABLED,on,user_reported,36.592201232910156,53.96751022338867,1006.853828125,115523.46875,True,True,True,176,0,0,109,178,101,2026-10-03T16:15:06.257989+07:00,120.61464017900016,0.1858403879996331,OK,,True,2026-10-03T16:15:06.443842+07:00,120.8004895489994,0.033368842000527366,OK,,True,1441,0.180125,,2026-10-03T16:15:06.477215+07:00,120.83386366899958,0.033036585000445484,OK,,True,2648,0.331,
0bf084ef31f7482ebd09717ee53d72ed,122,2026-10-03T16:15:07.257909+07:00,121.61455059399941,0.9147039959998438,EXPOSURE,1550.1929923859998,0.9999951359995976,0.2596213250008077,8.514699948136695e-05,DISABLED,on,user_reported,36.59029006958008,53.96723556518555,1006.91921875,114823.953125,True,True,True,176,0,0,109,178,101,2026-10-03T16:15:07.257986+07:00,121.61463753799944,0.18998712100074044,OK,,True,2026-10-03T16:15:07.447997+07:00,121.80464136299997,0.03609730599964678,OK,,True,1450,0.18125,,2026-10-03T16:15:07.484101+07:00,121.84074753999994,0.03340315700006613,OK,,True,2636,0.3295,
0bf084ef31f7482ebd09717ee53d72ed,123,2026-10-03T16:15:08.257958+07:00,122.61460011999952,1.9147535219999554,EXPOSURE,1551.193041912,1.0000495260001117,0.2525873700005832,0.00013467299959302181,DISABLED,on,user_reported,36.59284210205078,53.97397232055664,1006.87546875,115211.5234375,True,True,True,176,0,0,109,178,101,2026-10-03T16:15:08.258030+07:00,122.61468160099957,0.18580914799986203,OK,,True,2026-10-03T16:15:08.443850+07:00,122.80049858199982,0.03355187899978773,OK,,True,1438,0.17975,,2026-10-03T16:15:08.477407+07:00,122.83405546099948,0.03312162200018065,OK,,True,2651,0.33137500000000003,
0bf084ef31f7482ebd09717ee53d72ed,124,2026-10-03T16:15:09.257911+07:00,123.61455412899977,2.9147075310002037,EXPOSURE,1552.1929959210001,0.9999540090002483,0.2560413110004447,8.868199984135572e-05,DISABLED,on,user_reported,36.59986114501953,53.98137664794922,1006.86625,115133.796875,True,True,True,176,0,0,109,178,101,2026-10-03T16:15:09.257985+07:00,123.61463685099989,0.18581772099969385,OK,,True,2026-10-03T16:15:09.443814+07:00,123.80046260899962,0.034544705999906,OK,,True,1436,0.1795,,2026-10-03T16:15:09.478367+07:00,123.83501427800002,0.03556129099979444,OK,,True,2630,0.32875,
0bf084ef31f7482ebd09717ee53d72ed,125,2026-10-03T16:15:10.257920+07:00,124.61456221200024,3.91471561400067,EXPOSURE,1553.1930040040006,1.0000080830004663,0.2542770069994731,9.676500030764146e-05,DISABLED,on,user_reported,36.59986114501953,53.97500991821289,1006.886796875,115211.5234375,True,True,True,176,0,0,109,178,101,2026-10-03T16:15:10.257995+07:00,124.6146468779998,0.1858216110003923,OK,,True,2026-10-03T16:15:10.443829+07:00,124.80047645200011,0.035458513999401475,OK,,True,1438,0.17975,,2026-10-03T16:15:10.479293+07:00,124.83594092899966,0.032884289999856264,OK,,True,2642,0.33025,
0bf084ef31f7482ebd09717ee53d72ed,126,2026-10-03T16:15:11.257918+07:00,125.61455929499971,4.914712697000141,EXPOSURE,1554.193001087,0.9999970829994709,0.2574975240004278,9.384799977851799e-05,DISABLED,on,user_reported,36.608154296875,53.98896408081055,1006.8796875,114746.75,True,True,True,176,0,0,109,178,101,2026-10-03T16:15:11.258000+07:00,125.61465075700016,0.185816555999736,OK,,True,2026-10-03T16:15:11.443827+07:00,125.80047503500009,0.033135584999399725,OK,,True,1438,0.17975,,2026-10-03T16:15:11.476968+07:00,125.83361558300021,0.038427494999268674,OK,,True,2649,0.331125,
0bf084ef31f7482ebd09717ee53d72ed,127,2026-10-03T16:15:12.257921+07:00,126.61456152699975,5.9147149290001835,EXPOSURE,1555.1930033190001,1.0000022320000426,0.2630023230003644,9.607999982108595e-05,DISABLED,on,user_reported,36.60432815551758,54.077537536621094,1006.839296875,114746.75,True,True,True,176,0,0,109,178,101,2026-10-03T16:15:12.258003+07:00,126.61465458200018,0.1858228329992926,OK,,True,2026-10-03T16:15:12.443838+07:00,126.80048593399988,0.03453468699990481,OK,,True,1446,0.18075,,2026-10-03T16:15:12.478387+07:00,126.83503225099957,0.04250193200005015,OK,,True,2661,0.332625,
0bf084ef31f7482ebd09717ee53d72ed,128,2026-10-03T16:15:13.257948+07:00,127.61458903699986,6.9147424390002925,EXPOSURE,1556.1930308290002,1.000027510000109,0.25169939500028704,0.0001235899999301182,DISABLED,on,user_reported,36.61198043823242,54.28256607055664,1006.845,113525.5,True,True,True,176,0,0,109,178,101,2026-10-03T16:15:13.258031+07:00,127.61468279600012,0.1858154450001166,OK,,True,2026-10-03T16:15:13.443859+07:00,127.8005069259998,0.03321019499981048,OK,,True,1432,0.179,,2026-10-03T16:15:13.477074+07:00,127.8337224729994,0.03252907000023697,OK,,True,2662,0.33275,
0bf084ef31f7482ebd09717ee53d72ed,129,2026-10-03T16:15:14.257920+07:00,128.61456032600017,7.914713728000606,EXPOSURE,1557.1930021180005,0.9999712890003138,0.2542673600000853,9.487900024396367e-05,DISABLED,on,user_reported,36.61581039428711,54.60215377807617,1006.81,112775.328125,True,True,True,176,0,0,109,178,101,2026-10-03T16:15:14.257998+07:00,128.6146493440001,0.18581387099948188,OK,,True,2026-10-03T16:15:14.443823+07:00,128.80047080700024,0.033303399000033096,OK,,True,1443,0.180375,,2026-10-03T16:15:14.477131+07:00,128.83377957599987,0.03503329599971039,OK,,True,2670,0.33375,
0bf084ef31f7482ebd09717ee53d72ed,130,2026-10-03T16:15:15.257944+07:00,129.6145837639997,8.914737166000123,EXPOSURE,1558.193025556,1.0000234379995163,0.252637278000293,0.00011831699976028176,DISABLED,on,user_reported,36.621551513671875,54.96092987060547,1006.839921875,112329.96875,True,True,True,176,0,0,109,178,101,2026-10-03T16:15:15.258030+07:00,129.6146810959999,0.1864964959995632,OK,,True,2026-10-03T16:15:15.444540+07:00,129.80118672200024,0.03313432599952648,OK,,True,1445,0.180625,,2026-10-03T16:15:15.477678+07:00,129.83432651099974,0.03288571600023715,OK,,True,2664,0.333,
0bf084ef31f7482ebd09717ee53d72ed,131,2026-10-03T16:15:16.257909+07:00,130.61454962799962,9.914703030000055,EXPOSURE,1559.19299142,0.9999658639999325,0.25205431900030817,8.418099969276227e-05,DISABLED,on,user_reported,36.629844665527344,55.3271369934082,1006.839609375,111159.359375,True,True,True,176,0,0,109,178,101,2026-10-03T16:15:16.257984+07:00,130.61463512699993,0.1858091300000524,OK,,True,2026-10-03T16:15:16.443804+07:00,130.80045144199994,0.03324021400021593,OK,,True,1451,0.181375,,2026-10-03T16:15:16.477049+07:00,130.83369641599984,0.03289754900015396,OK,,True,2670,0.33375,
0bf084ef31f7482ebd09717ee53d72ed,132,2026-10-03T16:15:17.257910+07:00,131.61455036299958,10.914703765000013,EXPOSURE,1560.192992155,1.0000007349999578,0.2521113740003784,8.491599965054775e-05,DISABLED,on,user_reported,36.624107360839844,55.70475387573242,1006.830390625,110440.03125,True,True,True,176,0,0,109,178,101,2026-10-03T16:15:17.257990+07:00,131.61464193600023,0.18581003799954487,OK,,True,2026-10-03T16:15:17.443813+07:00,131.80046017699988,0.03301523400023143,OK,,True,1443,0.180375,,2026-10-03T16:15:17.476830+07:00,131.83347993000007,0.033171232999848144,OK,,True,2665,0.333125,
0bf084ef31f7482ebd09717ee53d72ed,133,2026-10-03T16:15:18.257917+07:00,132.61455720899994,11.914710611000373,EXPOSURE,1561.1929990010003,1.0000068460003604,0.2518978939997396,9.176200001093093e-05,DISABLED,on,user_reported,36.627296447753906,56.0779914855957,1006.78765625,109729.9609375,True,True,True,176,0,0,109,178,101,2026-10-03T16:15:18.258000+07:00,132.61465133799993,0.18580975999975635,OK,,True,2026-10-03T16:15:18.443821+07:00,132.80046881999988,0.03299684499961586,OK,,True,1445,0.180625,,2026-10-03T16:15:18.476818+07:00,132.83346909099964,0.03297471600035351,OK,,True,2672,0.334,
0bf084ef31f7482ebd09717ee53d72ed,134,2026-10-03T16:15:19.257919+07:00,133.6145592969997,12.91471269900012,EXPOSURE,1562.193001089,1.0000020879997464,0.25197904200013,9.384999975736719e-05,DISABLED,on,user_reported,36.63303756713867,56.4007682800293,1006.810546875,109659.453125,True,True,True,176,0,0,109,178,101,2026-10-03T16:15:19.257998+07:00,133.61464981500012,0.18580590799956553,OK,,True,2026-10-03T16:15:19.443814+07:00,133.80046287099958,0.03311315900009504,OK,,True,1441,0.180125,,2026-10-03T16:15:19.476928+07:00,133.83357895599966,0.03294840099988505,OK,,True,2680,0.335,
0bf084ef31f7482ebd09717ee53d72ed,135,2026-10-03T16:15:20.257918+07:00,134.61455897799988,13.91471238000031,EXPOSURE,1563.1930007700003,0.9999996810001903,0.2518630980002854,9.353099994768854e-05,DISABLED,on,user_reported,36.634315490722656,56.710479736328125,1006.80578125,108889.8359375,True,True,True,176,0,0,109,178,101,2026-10-03T16:15:20.257993+07:00,134.61464419899949,0.185828075000245,OK,,True,2026-10-03T16:15:20.443833+07:00,134.80048042199996,0.03298484599963558,OK,,True,1434,0.17925,,2026-10-03T16:15:20.476818+07:00,134.8334683969997,0.03294273499977862,OK,,True,2677,0.334625,
0bf084ef31f7482ebd09717ee53d72ed,136,2026-10-03T16:15:21.257951+07:00,135.61458936300005,14.914742765000483,EXPOSURE,1564.1930311550004,1.0000303850001728,0.2518649309995453,0.0001239160001205164,DISABLED,on,user_reported,36.6394157409668,57.00184631347656,1006.827734375,108612.640625,True,True,True,176,0,0,109,178,101,2026-10-03T16:15:21.258039+07:00,135.61469058399962,0.18583655700058443,OK,,True,2026-10-03T16:15:21.443887+07:00,135.80053434399997,0.032959604999632575,OK,,True,1439,0.179875,,2026-10-03T16:15:21.476846+07:00,135.83349692999946,0.032945976000519295,OK,,True,2678,0.33475,
0bf084ef31f7482ebd09717ee53d72ed,137,2026-10-03T16:15:22.257916+07:00,136.61455652599943,15.914709927999866,EXPOSURE,1565.1929983179998,0.9999671629993827,0.25196367200078384,9.107899950322462e-05,DISABLED,on,user_reported,36.627296447753906,57.27804946899414,1006.84921875,107789.4765625,True,True,True,176,0,0,109,178,101,2026-10-03T16:15:22.257998+07:00,136.6146491919999,0.18581268700017972,OK,,True,2026-10-03T16:15:22.443821+07:00,136.80046934199981,0.03298112300035427,OK,,True,1452,0.1815,,2026-10-03T16:15:22.476803+07:00,136.83345364999968,0.033055363000130455,OK,,True,2674,0.33425,
0bf084ef31f7482ebd09717ee53d72ed,138,2026-10-03T16:15:23.258013+07:00,137.6146360599996,16.914789462000044,EXPOSURE,1566.193077852,1.0000795340001787,0.2519918570005757,0.00017061299968190724,DISABLED,on,user_reported,36.62665557861328,57.51751708984375,1006.807265625,107585.625,True,True,True,176,0,0,109,178,101,2026-10-03T16:15:23.258148+07:00,137.6147990039999,0.18588381500012474,OK,,True,2026-10-03T16:15:23.444044+07:00,137.8006915039996,0.03296084600060567,OK,,True,1439,0.179875,,2026-10-03T16:15:23.477006+07:00,137.8336559239997,0.032960679000098025,OK,,True,2679,0.33487500000000003,
0bf084ef31f7482ebd09717ee53d72ed,139,2026-10-03T16:15:24.257909+07:00,138.61455094699977,17.914704349000203,EXPOSURE,1567.1929927390001,0.9999148870001591,0.2519083770002908,8.549999984097667e-05,DISABLED,on,user_reported,36.620914459228516,57.72405242919922,1006.920859375,107247.59375,True,True,True,176,0,0,109,178,101,2026-10-03T16:15:24.257983+07:00,138.6146344279996,0.1858172789998207,OK,,True,2026-10-03T16:15:24.443812+07:00,138.80045996599983,0.033021919999555394,OK,,True,1448,0.181,,2026-10-03T16:15:24.476835+07:00,138.833485182,0.03296445700016193,OK,,True,2677,0.334625,
0bf084ef31f7482ebd09717ee53d72ed,140,2026-10-03T16:15:25.257907+07:00,139.61454829800005,18.914701700000478,EXPOSURE,1568.1929900900004,0.9999973510002746,0.25193330199999764,8.285100011562463e-05,DISABLED,on,user_reported,36.624107360839844,57.860774993896484,1006.891875,107721.4375,True,True,True,176,0,0,109,178,101,2026-10-03T16:15:25.257983+07:00,139.61463492700022,0.18581118599922775,OK,,True,2026-10-03T16:15:25.443806+07:00,139.80045403900021,0.03305095599989727,OK,,True,1444,0.1805,,2026-10-03T16:15:25.476859+07:00,139.83350890200018,0.03296186499937903,OK,,True,2679,0.33487500000000003,
0bf084ef31f7482ebd09717ee53d72ed,141,2026-10-03T16:15:26.257910+07:00,140.61455057399962,19.914703976000055,EXPOSURE,1569.192992366,1.0000022759995773,0.25199900600000547,8.512699969287496e-05,DISABLED,on,user_reported,36.620914459228516,57.964141845703125,1006.886640625,107045.7890625,True,True,True,176,0,0,109,178,101,2026-10-03T16:15:26.257994+07:00,140.61464529600016,0.18581003799954487,OK,,True,2026-10-03T16:15:26.443816+07:00,140.8004634079998,0.03311469700020098,OK,,True,1447,0.180875,,2026-10-03T16:15:26.476931+07:00,140.83358143799978,0.032957475000330305,OK,,True,2674,0.33425,
0bf084ef31f7482ebd09717ee53d72ed,142,2026-10-03T16:15:27.257910+07:00,141.61454988900005,20.914703291000478,EXPOSURE,1570.1929916810004,0.9999993150004229,0.2519166169995515,8.444200011581415e-05,DISABLED,on,user_reported,36.621551513671875,58.04216003417969,1006.8878125,107112.96875,True,True,True,176,0,0,109,178,101,2026-10-03T16:15:27.257996+07:00,141.6146471840002,0.18581053899924882,OK,,True,2026-10-03T16:15:27.443817+07:00,141.80046481499994,0.032989604999784206,OK,,True,1448,0.181,,2026-10-03T16:15:27.476806+07:00,141.83345749399996,0.03299760499976401,OK,,True,2681,0.335125,
0bf084ef31f7482ebd09717ee53d72ed,143,2026-10-03T16:15:28.257952+07:00,142.6145855730001,21.914738975000546,EXPOSURE,1571.1930273650005,1.0000356840000677,0.2614489279994814,0.00012012600018351804,DISABLED,on,user_reported,36.63112258911133,58.095619201660156,1006.855390625,106978.6875,True,True,True,176,0,0,109,178,101,2026-10-03T16:15:28.258083+07:00,142.61473383199973,0.19147248399985983,OK,,True,2026-10-03T16:15:28.449583+07:00,142.8062258529999,0.035349236999536515,OK,,True,1428,0.1785,,2026-10-03T16:15:28.484948+07:00,142.8415902759998,0.034429020999596105,OK,,True,2688,0.336,
0bf084ef31f7482ebd09717ee53d72ed,144,2026-10-03T16:15:29.257979+07:00,143.6146085370001,22.914761939000527,EXPOSURE,1572.1930503290005,1.0000229639999816,0.2630815279999297,0.00014309000016510254,DISABLED,on,user_reported,36.6394157409668,58.10989761352539,1006.8825,107382.546875,True,True,True,176,0,0,109,178,101,2026-10-03T16:15:29.258146+07:00,143.61479564699948,0.19175575999997818,OK,,True,2026-10-03T16:15:29.449921+07:00,143.80656636999993,0.03562836499986588,OK,,True,1443,0.180375,,2026-10-03T16:15:29.485556+07:00,143.84220397599984,0.035463236999930814,OK,,True,2686,0.33575,
0bf084ef31f7482ebd09717ee53d72ed,145,2026-10-03T16:15:30.257979+07:00,144.61461292700005,23.914766329000486,EXPOSURE,1573.1930547190004,1.0000043899999582,0.2623241989995222,0.0001474800001233234,DISABLED,on,user_reported,36.643245697021484,58.07151794433594,1006.86140625,107653.4921875,True,True,True,176,0,0,109,178,101,2026-10-03T16:15:30.258118+07:00,144.6147685369997,0.19179350000013073,OK,,True,2026-10-03T16:15:30.449937+07:00,144.8065806300001,0.035455366999485705,OK,,True,1423,0.177875,,2026-10-03T16:15:30.485396+07:00,144.8420443670002,0.03487083299933147,OK,,True,2687,0.33587500000000003,
0bf084ef31f7482ebd09717ee53d72ed,146,2026-10-03T16:15:31.257923+07:00,145.61456541000007,24.9147188120005,EXPOSURE,1574.1930072020004,0.9999524830000155,0.2518616369998199,9.99630001388141e-05,DISABLED,on,user_reported,36.647071838378906,58.007164001464844,1006.881328125,107789.4765625,True,True,True,176,0,0,109,178,101,2026-10-03T16:15:31.257991+07:00,145.61464287199942,0.1858075390000522,OK,,True,2026-10-03T16:15:31.443810+07:00,145.8004577820002,0.03299040099955164,OK,,True,1448,0.181,,2026-10-03T16:15:31.476801+07:00,145.83345147899945,0.03296399400005612,OK,,True,2676,0.3345,
0bf084ef31f7482ebd09717ee53d72ed,147,2026-10-03T16:15:32.257915+07:00,146.61455717099943,25.914710572999866,EXPOSURE,1575.1929989629998,0.9999917609993645,0.2520667280005,9.172399950330146e-05,DISABLED,on,user_reported,36.65473175048828,57.96939468383789,1006.89375,107653.4921875,True,True,True,176,0,0,109,178,101,2026-10-03T16:15:32.257983+07:00,146.61463359699974,0.18581753899979958,OK,,True,2026-10-03T16:15:32.443811+07:00,146.80045898699973,0.03309060399988084,OK,,True,1432,0.179,,2026-10-03T16:15:32.476902+07:00,146.83355283199944,0.033059530000173254,OK,,True,2675,0.33437500000000003,
0bf084ef31f7482ebd09717ee53d72ed,148,2026-10-03T16:15:33.257914+07:00,147.61455465499967,26.914708057000098,EXPOSURE,1576.192996447,0.9999974840002324,0.2522064679997129,8.920799973566318e-05,DISABLED,on,user_reported,36.650901794433594,57.936336517333984,1006.87359375,107994.09375,True,True,True,176,0,0,109,178,101,2026-10-03T16:15:33.257993+07:00,147.61464450699987,0.18581866800013813,OK,,True,2026-10-03T16:15:33.443823+07:00,147.80047098999967,0.03300766000029398,OK,,True,1439,0.179875,,2026-10-03T16:15:33.476832+07:00,147.83348203900005,0.033267121999415394,OK,,True,2670,0.33375,
0bf084ef31f7482ebd09717ee53d72ed,149,2026-10-03T16:15:34.257913+07:00,148.61455510299947,27.914708504999908,EXPOSURE,1577.1929968949999,1.0000004479998097,0.25186180400032754,8.965599954535719e-05,DISABLED,on,user_reported,36.65217971801758,57.91056442260742,1006.834921875,107789.4765625,True,True,True,176,0,0,109,178,101,2026-10-03T16:15:34.257982+07:00,148.61463389900018,0.18580468699929042,OK,,True,2026-10-03T16:15:34.443798+07:00,148.80044591899969,0.032985419999931764,OK,,True,1445,0.180625,,2026-10-03T16:15:34.476783+07:00,148.83343435699953,0.03297103100067034,OK,,True,2670,0.33375,
0bf084ef31f7482ebd09717ee53d72ed,150,2026-10-03T16:15:35.257915+07:00,149.61455703199954,28.91471043399997,EXPOSURE,1578.192998824,1.0000019290000637,0.25183745300000737,9.15849996090401e-05,DISABLED,on,user_reported,36.65473175048828,57.87202072143555,1006.85953125,107857.59375,True,True,True,176,0,0,109,178,101,2026-10-03T16:15:35.257983+07:00,149.61463442100012,0.18581414999971457,OK,,True,2026-10-03T16:15:35.443809+07:00,149.80045664499994,0.0329797160002272,OK,,True,1440,0.18,,2026-10-03T16:15:35.476788+07:00,149.83343945399974,0.03294527100024425,OK,,True,2677,0.334625,
0bf084ef31f7482ebd09717ee53d72ed,151,2026-10-03T16:15:36.257913+07:00,150.61455573999956,29.914709141999992,EXPOSURE,1579.192997532,0.999998708000021,0.2518366190006418,9.029299963003723e-05,DISABLED,on,user_reported,36.65473175048828,57.846065521240234,1006.886796875,107653.4921875,True,True,True,176,0,0,109,178,101,2026-10-03T16:15:36.257980+07:00,150.61463181399995,0.1858055949996924,OK,,True,2026-10-03T16:15:36.443797+07:00,150.80044494599952,0.03296030799992877,OK,,True,1443,0.180375,,2026-10-03T16:15:36.476758+07:00,150.83340842100006,0.0329733459993804,OK,,True,2670,0.33375,
0bf084ef31f7482ebd09717ee53d72ed,152,2026-10-03T16:15:37.257916+07:00,151.61455791200024,30.91471131400067,EXPOSURE,1580.1929997040006,1.000002172000677,0.2520598399996743,9.246500030712923e-05,DISABLED,on,user_reported,36.65983200073242,57.83388137817383,1006.86078125,108199.4921875,True,True,True,176,0,0,109,178,101,2026-10-03T16:15:37.257984+07:00,151.61463552199984,0.18580139200003032,OK,,True,2026-10-03T16:15:37.443795+07:00,151.80044404299952,0.03295816100035154,OK,,True,1438,0.17975,,2026-10-03T16:15:37.476755+07:00,151.83340549999957,0.03320110300046508,OK,,True,2674,0.33425,
0bf084ef31f7482ebd09717ee53d72ed,153,2026-10-03T16:15:38.261845+07:00,152.61847452099937,31.918627922999804,EXPOSURE,1581.1969163129997,1.003916608999134,0.2522941540000829,0.004009073999441171,DISABLED,on,user_reported,36.64834976196289,57.83209228515625,1006.856015625,107857.59375,True,True,True,176,0,0,109,178,101,2026-10-03T16:15:38.262014+07:00,152.61866431599992,0.18599189099950308,OK,,True,2026-10-03T16:15:38.448018+07:00,152.8046647989995,0.03308353000011266,OK,,True,1446,0.18075,,2026-10-03T16:15:38.481103+07:00,152.8377522740002,0.033005122999384184,OK,,True,2672,0.334,
0bf084ef31f7482ebd09717ee53d72ed,154,2026-10-03T16:15:39.257931+07:00,153.6145696630001,32.914723065000544,EXPOSURE,1582.1930114550005,0.9960951420007405,0.25207271099952777,0.0001042160001816228,DISABLED,on,user_reported,36.64643478393555,57.81233596801758,1006.81171875,107994.09375,True,True,True,176,0,0,109,178,101,2026-10-03T16:15:39.258022+07:00,153.61467303300014,0.1858283539995682,OK,,True,2026-10-03T16:15:39.443861+07:00,153.80050948000007,0.03313030699973751,OK,,True,1449,0.181125,,2026-10-03T16:15:39.476992+07:00,153.83364312100002,0.03298734500003775,OK,,True,2676,0.3345,
0bf084ef31f7482ebd09717ee53d72ed,155,2026-10-03T16:15:40.257919+07:00,154.61455916900013,33.914712571000564,EXPOSURE,1583.1930009610005,0.9999895060000199,0.2518657679993339,9.372200020152377e-05,DISABLED,on,user_reported,36.6394157409668,57.824214935302734,1006.916640625,108405.671875,True,True,True,176,0,0,109,178,101,2026-10-03T16:15:40.257999+07:00,154.61465035399942,0.18582568800047738,OK,,True,2026-10-03T16:15:40.443837+07:00,154.8004842270002,0.03297575299984601,OK,,True,1445,0.180625,,2026-10-03T16:15:40.476812+07:00,154.8334629989995,0.03295069700016029,OK,,True,2672,0.334,
0bf084ef31f7482ebd09717ee53d72ed,156,2026-10-03T16:15:41.257962+07:00,155.61459782400016,34.91475122600059,EXPOSURE,1584.1930396160005,1.0000386550000258,0.2618224640000335,0.0001323770002272795,DISABLED,on,user_reported,36.65154266357422,57.78718566894531,1006.9021875,108062.4765625,True,True,True,176,0,0,109,178,101,2026-10-03T16:15:41.258073+07:00,155.61472369399962,0.19101493200014374,OK,,True,2026-10-03T16:15:41.449109+07:00,155.8057535709995,0.035388496999985364,OK,,True,1451,0.181375,,2026-10-03T16:15:41.484502+07:00,155.84115047500018,0.03525025699946127,OK,,True,2688,0.336,
0bf084ef31f7482ebd09717ee53d72ed,157,2026-10-03T16:15:42.257927+07:00,156.61456727599943,35.91472067799987,EXPOSURE,1585.1930090679998,0.9999694519992772,0.25193998900067527,0.00010182899950450519,DISABLED,on,user_reported,36.64771270751953,57.78009033203125,1006.909609375,108336.859375,True,True,True,176,0,0,109,178,101,2026-10-03T16:15:42.258009+07:00,156.61466094200023,0.18581928099956713,OK,,True,2026-10-03T16:15:42.443841+07:00,156.80048835199977,0.03297501300039585,OK,,True,1432,0.179,,2026-10-03T16:15:42.476816+07:00,156.83346664199962,0.03302988300038123,OK,,True,2675,0.33437500000000003,
0bf084ef31f7482ebd09717ee53d72ed,158,2026-10-03T16:15:43.257919+07:00,157.61455870999998,36.914712112000416,EXPOSURE,1586.1930005020004,0.9999914340005489,0.2525306890001957,9.326300005341182e-05,DISABLED,on,user_reported,36.66046905517578,57.77558517456055,1006.92359375,107857.59375,True,True,True,176,0,0,109,178,101,2026-10-03T16:15:43.257999+07:00,157.61465011600012,0.18582918799984327,OK,,True,2026-10-03T16:15:43.443841+07:00,157.8004880640001,0.033059233999665594,OK,,True,1433,0.179125,,2026-10-03T16:15:43.476903+07:00,157.83355209399997,0.033523176000016974,OK,,True,2670,0.33375,
0bf084ef31f7482ebd09717ee53d72ed,159,2026-10-03T16:15:44.257923+07:00,158.61456293999981,37.91471634200025,EXPOSURE,1587.1930047320002,1.0000042299998313,0.251876027000435,9.749299988470739e-05,DISABLED,on,user_reported,36.66621398925781,57.80892562866211,1006.89171875,108199.4921875,True,True,True,176,0,0,109,178,101,2026-10-03T16:15:44.258003+07:00,158.61465443899942,0.18581963300039206,OK,,True,2026-10-03T16:15:44.443834+07:00,158.80048151600022,0.03297579099944414,OK,,True,1439,0.179875,,2026-10-03T16:15:44.476809+07:00,158.83346062199962,0.03296708600009879,OK,,True,2673,0.334125,
0bf084ef31f7482ebd09717ee53d72ed,160,2026-10-03T16:15:45.257922+07:00,159.61456194899984,38.91471535100027,EXPOSURE,1588.1930037410002,0.999999009000021,0.25200195199977315,9.650199990574038e-05,DISABLED,on,user_reported,36.67323303222656,57.84244155883789,1006.875703125,108474.578125,True,True,True,176,0,0,109,178,101,2026-10-03T16:15:45.258007+07:00,159.61465800399947,0.18582767000043532,OK,,True,2026-10-03T16:15:45.443845+07:00,159.80049302499992,0.03311717900032818,OK,,True,1442,0.18025,,2026-10-03T16:15:45.476962+07:00,159.8336133699995,0.0329375870005606,OK,,True,2681,0.335125,
0bf084ef31f7482ebd09717ee53d72ed,161,2026-10-03T16:15:46.257954+07:00,160.61459223600014,39.91474563800057,EXPOSURE,1589.1930340280005,1.0000302870002997,0.25183711999943625,0.0001267890002054628,DISABLED,on,user_reported,36.677696228027344,57.849632263183594,1006.951328125,107789.4765625,True,True,True,176,0,0,109,178,101,2026-10-03T16:15:46.258040+07:00,160.61469180899985,0.1858221330003289,OK,,True,2026-10-03T16:15:46.443874+07:00,160.80052164599965,0.03294406799977878,OK,,True,1446,0.18075,,2026-10-03T16:15:46.476818+07:00,160.83346862100007,0.03294866099986393,OK,,True,2673,0.334125,
0bf084ef31f7482ebd09717ee53d72ed,162,2026-10-03T16:15:47.257918+07:00,161.61455830100022,40.91471170300065,EXPOSURE,1590.1930000930006,0.9999660650000806,0.2520297490000303,9.285400028602453e-05,DISABLED,on,user_reported,36.67961120605469,57.843441009521484,1006.87234375,107925.8046875,True,True,True,176,0,0,109,178,101,2026-10-03T16:15:47.258000+07:00,161.6146517269999,0.1858154290002858,OK,,True,2026-10-03T16:15:47.443827+07:00,161.8004744709997,0.03299471599984827,OK,,True,1431,0.178875,,2026-10-03T16:15:47.476821+07:00,161.83347192699966,0.03310304900060146,OK,,True,2672,0.334,
0bf084ef31f7482ebd09717ee53d72ed,163,2026-10-03T16:15:48.257916+07:00,162.61455647799994,41.91470988000037,EXPOSURE,1591.1929982700003,0.9999981769997248,0.2556062080002448,9.103100001084385e-05,DISABLED,on,user_reported,36.67833709716797,57.82377624511719,1006.8634375,107925.8046875,True,True,True,176,0,0,109,178,101,2026-10-03T16:15:48.257997+07:00,162.6146484410001,0.18700993999937054,OK,,True,2026-10-03T16:15:48.445024+07:00,162.80167014000017,0.03351969399955124,OK,,True,1432,0.179,,2026-10-03T16:15:48.478557+07:00,162.83519994499966,0.034948723000525206,OK,,True,2653,0.331625,
0bf084ef31f7482ebd09717ee53d72ed,164,2026-10-03T16:15:49.257920+07:00,163.6145606559994,42.914714057999845,EXPOSURE,1592.1930024479998,1.0000041779994717,0.25174643600075797,9.520899948256556e-05,DISABLED,on,user_reported,36.68152618408203,57.75938415527344,1006.861875,108336.859375,True,True,True,176,0,0,109,178,101,2026-10-03T16:15:49.258001+07:00,163.61465274799957,0.18579217000024073,OK,,True,2026-10-03T16:15:49.443803+07:00,163.80045134400007,0.03293158699943888,OK,,True,1440,0.18,,2026-10-03T16:15:49.476735+07:00,163.83338600499974,0.03290932799973234,OK,,True,2674,0.33425,
0bf084ef31f7482ebd09717ee53d72ed,165,2026-10-03T16:15:50.257917+07:00,164.61455776000003,43.91471116200046,EXPOSURE,1593.1929995520004,0.999997104000613,0.251791583999875,9.231300009560073e-05,DISABLED,on,user_reported,36.69237518310547,57.72215270996094,1006.886171875,108474.578125,True,True,True,176,0,0,109,178,101,2026-10-03T16:15:50.257999+07:00,164.61465094399955,0.18581002200062358,OK,,True,2026-10-03T16:15:50.443821+07:00,164.80046902199956,0.03296405000037339,OK,,True,1440,0.18,,2026-10-03T16:15:50.476785+07:00,164.8334362939995,0.0328999390003446,OK,,True,2670,0.33375,
0bf084ef31f7482ebd09717ee53d72ed,166,2026-10-03T16:15:51.258098+07:00,165.614734881,44.91488828300044,EXPOSURE,1594.1931766730004,1.0001771209999788,0.251809602999856,0.00026943400007439777,DISABLED,on,user_reported,36.69556427001953,57.68374252319336,1006.8709375,107857.59375,True,True,True,176,0,0,109,178,101,2026-10-03T16:15:51.258203+07:00,165.61485399199955,0.1858408550006061,OK,,True,2026-10-03T16:15:51.444054+07:00,165.80070177299967,0.03291853100017761,OK,,True,1445,0.180625,,2026-10-03T16:15:51.476972+07:00,165.83362311899964,0.032910458000515064,OK,,True,2672,0.334,
0bf084ef31f7482ebd09717ee53d72ed,167,2026-10-03T16:15:52.257972+07:00,166.6146020059996,45.91475540800002,EXPOSURE,1595.193043798,0.9998671249995823,0.2635862309998629,0.0001365589996566996,DISABLED,on,user_reported,36.70003128051758,57.65202331542969,1006.837109375,107925.8046875,True,True,True,176,0,0,109,178,101,2026-10-03T16:15:52.258134+07:00,166.61478404099944,0.19174555900008272,OK,,True,2026-10-03T16:15:52.449900+07:00,166.80654402599976,0.03621608499997819,OK,,True,1462,0.18275,,2026-10-03T16:15:52.486127+07:00,166.84277188800024,0.03539327499947831,OK,,True,2679,0.33487500000000003,
0bf084ef31f7482ebd09717ee53d72ed,168,2026-10-03T16:15:53.258018+07:00,167.6146480739999,46.91480147600032,EXPOSURE,1596.1930898660003,1.0000460680003016,0.26464122499965015,0.0001826269999583019,DISABLED,on,user_reported,36.70003128051758,57.65202331542969,1006.830234375,107925.8046875,True,True,True,176,0,0,109,178,101,2026-10-03T16:15:53.258179+07:00,167.6148282209997,0.19174220700006117,OK,,True,2026-10-03T16:15:53.449940+07:00,167.80658418700023,0.03543446000003314,OK,,True,1454,0.18175,,2026-10-03T16:15:53.485381+07:00,167.8420282019997,0.037224077999781,OK,,True,2678,0.33475,
0bf084ef31f7482ebd09717ee53d72ed,169,2026-10-03T16:15:54.257942+07:00,168.6145817910001,47.914735193000524,EXPOSURE,1597.1930235830005,0.9999337170002036,0.25173091899978317,0.00011634400016191648,DISABLED,on,user_reported,36.705772399902344,57.67884063720703,1006.90109375,107925.8046875,True,True,True,176,0,0,109,178,101,2026-10-03T16:15:54.258022+07:00,168.61467336500027,0.18580363299952296,OK,,True,2026-10-03T16:15:54.443835+07:00,168.80048273899956,0.03295936500035168,OK,,True,1443,0.180375,,2026-10-03T16:15:54.476794+07:00,168.83344512199983,0.032858216999557044,OK,,True,2673,0.334125,
0bf084ef31f7482ebd09717ee53d72ed,170,2026-10-03T16:15:55.257917+07:00,169.61455650900007,48.9147099110005,EXPOSURE,1598.1929983010004,0.9999747179999758,0.2516508079997948,9.106200013775378e-05,DISABLED,on,user_reported,36.703857421875,57.65909194946289,1006.86375,107857.59375,True,True,True,176,0,0,109,178,101,2026-10-03T16:15:55.257996+07:00,169.6146478969995,0.18580465300055948,OK,,True,2026-10-03T16:15:55.443811+07:00,169.8004587159994,0.03293119800036948,OK,,True,1445,0.180625,,2026-10-03T16:15:55.476742+07:00,169.83339283999976,0.03280555099991034,OK,,True,2677,0.334625,
0bf084ef31f7482ebd09717ee53d72ed,171,2026-10-03T16:15:56.257952+07:00,170.61459065300005,49.91474405500048,EXPOSURE,1599.1930324450004,1.000034143999983,0.2517105669994635,0.00012520600012067007,DISABLED,on,user_reported,36.703857421875,57.633155822753906,1006.86375,108062.4765625,True,True,True,176,0,0,109,178,101,2026-10-03T16:15:56.258037+07:00,170.61468855899966,0.1858431529999507,OK,,True,2026-10-03T16:15:56.443890+07:00,170.80053772999963,0.03292005000002973,OK,,True,1449,0.181125,,2026-10-03T16:15:56.476810+07:00,170.83346068799983,0.032830438999553735,OK,,True,2668,0.3335,
0bf084ef31f7482ebd09717ee53d72ed,172,2026-10-03T16:15:57.257917+07:00,171.61455764899983,50.91471105100027,EXPOSURE,1600.1929994410002,0.9999669959997846,0.2517778259998522,9.220199990522815e-05,DISABLED,on,user_reported,36.70258331298828,57.60055160522461,1006.957578125,108062.4765625,True,True,True,176,0,0,109,178,101,2026-10-03T16:15:57.257999+07:00,171.61465101900012,0.18579565299933165,OK,,True,2026-10-03T16:15:57.443804+07:00,171.8004522829997,0.0329315310000311,OK,,True,1450,0.18125,,2026-10-03T16:15:57.476736+07:00,171.83338687000014,0.03293778999977803,OK,,True,2670,0.33375,
0bf084ef31f7482ebd09717ee53d72ed,173,2026-10-03T16:15:58.257921+07:00,172.61456105300022,51.91471445500065,EXPOSURE,1601.1930028450006,1.0000034040003811,0.25228263799999695,9.560600028635236e-05,DISABLED,on,user_reported,36.703857421875,57.56834411621094,1006.91171875,108268.1328125,True,True,True,176,0,0,109,178,101,2026-10-03T16:15:58.258000+07:00,172.61465108999982,0.18606820599961793,OK,,True,2026-10-03T16:15:58.444078+07:00,172.80072540699985,0.03325330799998483,OK,,True,1446,0.18075,,2026-10-03T16:15:58.477334+07:00,172.8339831409994,0.03285143900029652,OK,,True,2666,0.33325,
0bf084ef31f7482ebd09717ee53d72ed,174,2026-10-03T16:15:59.257918+07:00,173.61455790299988,52.91471130500031,EXPOSURE,1602.1929996950003,0.9999968499996612,0.2516657340001984,9.245599994756049e-05,DISABLED,on,user_reported,36.71151351928711,57.524166107177734,1006.91734375,108130.9375,True,True,True,176,0,0,109,178,101,2026-10-03T16:15:59.258002+07:00,173.61465330899955,0.18578913500005,OK,,True,2026-10-03T16:15:59.443801+07:00,173.80044927699964,0.03295008700024482,OK,,True,1432,0.179,,2026-10-03T16:15:59.476753+07:00,173.83340315999976,0.032811662000312936,OK,,True,2673,0.334125,
0bf084ef31f7482ebd09717ee53d72ed,175,2026-10-03T16:16:00.257913+07:00,174.61455319699962,53.914706599000056,EXPOSURE,1603.192994989,0.9999952939997456,0.25176132600063283,8.774999969318742e-05,DISABLED,on,user_reported,36.70832061767578,57.471839904785156,1006.925703125,107789.4765625,True,True,True,176,0,0,109,178,101,2026-10-03T16:16:00.257991+07:00,174.6146429370001,0.18580459699933272,OK,,True,2026-10-03T16:16:00.443807+07:00,174.80045527499988,0.033009548999871186,OK,,True,1437,0.179625,,2026-10-03T16:16:00.476819+07:00,174.83346912100023,0.032836364999639045,OK,,True,2677,0.334625,
0bf084ef31f7482ebd09717ee53d72ed,176,2026-10-03T16:16:01.257920+07:00,175.61455947299964,54.91471287500008,EXPOSURE,1604.193001265,1.000006276000022,0.2517391780002072,9.402599971508607e-05,DISABLED,on,user_reported,36.717254638671875,57.421417236328125,1006.885546875,108062.4765625,True,True,True,176,0,0,109,178,101,2026-10-03T16:16:01.258000+07:00,175.614651805,0.18580518999988271,OK,,True,2026-10-03T16:16:01.443817+07:00,175.80046393999964,0.032983920000333455,OK,,True,1431,0.178875,,2026-10-03T16:16:01.476801+07:00,175.83345154499966,0.0328379769998719,OK,,True,2669,0.333625,
0bf084ef31f7482ebd09717ee53d72ed,177,2026-10-03T16:16:02.257934+07:00,176.6145740080001,55.91472741000052,EXPOSURE,1605.1930158000005,1.000014535000446,0.25183852999998635,0.00010856100016098935,DISABLED,on,user_reported,36.71916961669922,57.39580535888672,1006.88171875,108268.1328125,True,True,True,176,0,0,109,178,101,2026-10-03T16:16:02.258022+07:00,176.6146732669995,0.1858045970002422,OK,,True,2026-10-03T16:16:02.443837+07:00,176.80048506799994,0.032958365000013146,OK,,True,1439,0.179875,,2026-10-03T16:16:02.476796+07:00,176.83344647000013,0.03295484599948395,OK,,True,2669,0.333625,
0bf084ef31f7482ebd09717ee53d72ed,178,2026-10-03T16:16:03.257916+07:00,177.61455591499998,56.914709317000415,EXPOSURE,1606.1929977070004,0.9999819069998921,0.2517663079997874,9.046800005307887e-05,DISABLED,on,user_reported,36.724273681640625,57.377159118652344,1006.889921875,108405.671875,True,True,True,176,0,0,109,178,101,2026-10-03T16:16:03.257996+07:00,177.61464793300001,0.18579907899948012,OK,,True,2026-10-03T16:16:03.443805+07:00,177.8004534009997,0.0329767350003749,OK,,True,1446,0.18075,,2026-10-03T16:16:03.476783+07:00,177.83343354299996,0.032879346999834524,OK,,True,2671,0.33387500000000003,
0bf084ef31f7482ebd09717ee53d72ed,179,2026-10-03T16:16:04.257924+07:00,178.61456334099967,57.9147167430001,EXPOSURE,1607.193005133,1.0000074259996836,0.25174241900003835,9.789399973669788e-05,DISABLED,on,user_reported,36.723636627197266,57.40296936035156,1006.916328125,108130.9375,True,True,True,176,0,0,109,178,101,2026-10-03T16:16:04.258005+07:00,178.61465708099968,0.18581133800034877,OK,,True,2026-10-03T16:16:04.443829+07:00,178.8004768639994,0.032975735000036366,OK,,True,1434,0.17925,,2026-10-03T16:16:04.476804+07:00,178.8334553579998,0.03284019900002022,OK,,True,2676,0.3345,
0bf084ef31f7482ebd09717ee53d72ed,180,2026-10-03T16:16:05.257917+07:00,179.61455723000017,58.914710632000606,EXPOSURE,1608.1929990220005,0.9999938890005069,0.25199647399949754,9.178300024359487e-05,DISABLED,on,user_reported,36.724273681640625,57.487266540527344,1006.91046875,108062.4765625,True,True,True,176,0,0,109,178,101,2026-10-03T16:16:05.257996+07:00,179.61464797000008,0.18580976500015822,OK,,True,2026-10-03T16:16:05.443817+07:00,179.80046541999945,0.033197880999978224,OK,,True,1445,0.180625,,2026-10-03T16:16:05.477016+07:00,179.83366681999996,0.03287742100019386,OK,,True,2672,0.334,
0bf084ef31f7482ebd09717ee53d72ed,181,2026-10-03T16:16:06.257911+07:00,180.6145519719994,59.91470537399982,EXPOSURE,1609.1929937639998,0.9999947419992168,0.2518080670006384,8.652499946038006e-05,DISABLED,on,user_reported,36.725547790527344,57.5522575378418,1006.85796875,107925.8046875,True,True,True,176,0,0,109,178,101,2026-10-03T16:16:06.257996+07:00,180.6146472119999,0.1858096719997775,OK,,True,2026-10-03T16:16:06.443818+07:00,180.80046558699996,0.03300493899951107,OK,,True,1438,0.17975,,2026-10-03T16:16:06.476824+07:00,180.83347437799966,0.032877069000278425,OK,,True,2673,0.334125,
0bf084ef31f7482ebd09717ee53d72ed,182,2026-10-03T16:16:07.257912+07:00,181.6145532139999,60.91470661600033,EXPOSURE,1610.1929950060003,1.0000012420005078,0.2519235480003772,8.776699996815296e-05,DISABLED,on,user_reported,36.72874069213867,57.57866668701172,1006.835625,108336.859375,True,True,True,176,0,0,109,178,101,2026-10-03T16:16:07.257994+07:00,181.61464549099946,0.18579945000055886,OK,,True,2026-10-03T16:16:07.443804+07:00,181.80045225499998,0.033027641999979096,OK,,True,1440,0.18,,2026-10-03T16:16:07.476832+07:00,181.83348306399967,0.032983254000100715,OK,,True,2670,0.33375,
0bf084ef31f7482ebd09717ee53d72ed,183,2026-10-03T16:16:08.257919+07:00,182.61455990000013,61.914713302000564,EXPOSURE,1611.1930016920005,1.0000066860002335,0.2517378649999955,9.445300020161085e-05,DISABLED,on,user_reported,36.73320770263672,57.59233093261719,1006.883984375,107382.546875,True,True,True,176,0,0,109,178,101,2026-10-03T16:16:08.258004+07:00,182.61465549199966,0.18580046900024172,OK,,True,2026-10-03T16:16:08.443814+07:00,182.8004630159994,0.032973160999972606,OK,,True,1433,0.179125,,2026-10-03T16:16:08.476790+07:00,182.83344025099996,0.032846772999619134,OK,,True,2673,0.334125,
0bf084ef31f7482ebd09717ee53d72ed,184,2026-10-03T16:16:09.257937+07:00,183.61457581000013,62.914729212000566,EXPOSURE,1612.1930176020005,1.000015910000002,0.2551688799994736,0.00011036300020350609,DISABLED,on,user_reported,36.731929779052734,57.58565902709961,1006.88875,108130.9375,True,True,True,176,0,0,109,178,101,2026-10-03T16:16:09.258022+07:00,183.6146736239998,0.1859826529998827,OK,,True,2026-10-03T16:16:09.444018+07:00,183.80066601699946,0.03486533400064218,OK,,True,1450,0.18125,,2026-10-03T16:16:09.478895+07:00,183.83554098100012,0.0341920979999486,OK,,True,2665,0.333125,
0bf084ef31f7482ebd09717ee53d72ed,185,2026-10-03T16:16:10.257914+07:00,184.61455527599992,63.91470867800035,EXPOSURE,1613.1929970680003,0.999979465999786,0.25169860499954666,8.982899998954963e-05,DISABLED,on,user_reported,36.731929779052734,57.56621551513672,1006.86828125,108130.9375,True,True,True,176,0,0,109,178,101,2026-10-03T16:16:10.257995+07:00,184.61464645999968,0.18580269100039004,OK,,True,2026-10-03T16:16:10.443808+07:00,184.80045594700005,0.03296421699997154,OK,,True,1442,0.18025,,2026-10-03T16:16:10.476773+07:00,184.83342349699979,0.03282195900010265,OK,,True,2671,0.33387500000000003,
0bf084ef31f7482ebd09717ee53d72ed,186,2026-10-03T16:16:11.257911+07:00,185.61455257499983,64.91470597700027,EXPOSURE,1614.1929943670002,0.9999972989999151,0.2520002889996249,8.712799990462372e-05,DISABLED,on,user_reported,36.73384475708008,57.53410339355469,1006.809765625,107857.59375,True,True,True,176,0,0,109,178,101,2026-10-03T16:16:11.257991+07:00,185.61464312999942,0.18581115400047565,OK,,True,2026-10-03T16:16:11.443815+07:00,185.80046256199967,0.03324728900042828,OK,,True,1448,0.181,,2026-10-03T16:16:11.477063+07:00,185.83371335099946,0.03283025400014594,OK,,True,2674,0.33425,
0bf084ef31f7482ebd09717ee53d72ed,187,2026-10-03T16:16:12.257910+07:00,186.61455093099994,65.91470433300037,EXPOSURE,1615.1929927230003,0.9999983560001056,0.25191293799980485,8.548400001018308e-05,DISABLED,on,user_reported,36.73320770263672,57.4886474609375,1006.82921875,108199.4921875,True,True,True,176,0,0,109,178,101,2026-10-03T16:16:12.257992+07:00,186.61464404100025,0.18579859900000883,OK,,True,2026-10-03T16:16:12.443802+07:00,186.80044973199983,0.032961623999653966,OK,,True,1441,0.180125,,2026-10-03T16:16:12.476764+07:00,186.83341456000016,0.033039031000043906,OK,,True,2668,0.3335,
0bf084ef31f7482ebd09717ee53d72ed,188,2026-10-03T16:16:13.257916+07:00,187.61455561999992,66.91470902200035,EXPOSURE,1616.1929974120003,1.0000046889999794,0.25175877199944807,9.017299998959061e-05,DISABLED,on,user_reported,36.72618865966797,57.39687728881836,1006.98890625,108336.859375,True,True,True,176,0,0,109,178,101,2026-10-03T16:16:13.257996+07:00,187.61464756399982,0.18580433900024218,OK,,True,2026-10-03T16:16:13.443810+07:00,187.8004585509998,0.033000569000250835,OK,,True,1452,0.1815,,2026-10-03T16:16:13.476812+07:00,187.8334627309996,0.032842458000232,OK,,True,2662,0.33275,
0bf084ef31f7482ebd09717ee53d72ed,189,2026-10-03T16:16:14.258031+07:00,188.61466299399945,67.91481639599988,EXPOSURE,1617.1931047859998,1.0001073739995263,0.25197490100072173,0.00019754699951590737,DISABLED,on,user_reported,36.731292724609375,57.332923889160156,1006.949296875,108268.1328125,True,True,True,176,0,0,109,178,101,2026-10-03T16:16:14.258170+07:00,188.6148199749996,0.18589495000014722,OK,,True,2026-10-03T16:16:14.444076+07:00,188.80072325799938,0.03301710499999899,OK,,True,1457,0.182125,,2026-10-03T16:16:14.477094+07:00,188.83374384499984,0.032884086999729334,OK,,True,2670,0.33375,
0bf084ef31f7482ebd09717ee53d72ed,190,2026-10-03T16:16:15.257915+07:00,189.61455535200002,68.91470875400046,EXPOSURE,1618.1929971440004,0.9998923580005794,0.2518072349994327,8.990500009531388e-05,DISABLED,on,user_reported,36.730655670166016,57.25516128540039,1006.955234375,108336.859375,True,True,True,176,0,0,109,178,101,2026-10-03T16:16:15.258000+07:00,189.61465198099995,0.18581522800013772,OK,,True,2026-10-03T16:16:15.443827+07:00,189.80047450599977,0.03301406799982942,OK,,True,1446,0.18075,,2026-10-03T16:16:15.476841+07:00,189.8334918519995,0.032861458000297716,OK,,True,2666,0.33325,
0bf084ef31f7482ebd09717ee53d72ed,191,2026-10-03T16:16:16.257918+07:00,190.61455678399943,69.91471018599987,EXPOSURE,1619.1929985759998,1.000001431999408,0.2522516770004586,9.133699950325536e-05,DISABLED,on,user_reported,36.72810363769531,57.15126037597656,1006.875703125,108543.5625,True,True,True,176,0,0,109,178,101,2026-10-03T16:16:16.258001+07:00,190.61465231999955,0.186027264000586,OK,,True,2026-10-03T16:16:16.444042+07:00,190.8006894729997,0.03322315900004469,OK,,True,1453,0.181625,,2026-10-03T16:16:16.477270+07:00,190.83391833599944,0.03287931000068056,OK,,True,2666,0.33325,
0bf084ef31f7482ebd09717ee53d72ed,192,2026-10-03T16:16:17.257917+07:00,191.61455717900026,70.91471058100069,EXPOSURE,1620.1929989710006,1.000000395000825,0.25188497499948426,9.173200032819295e-05,DISABLED,on,user_reported,36.738311767578125,57.081695556640625,1006.892265625,108268.1328125,True,True,True,176,0,0,109,178,101,2026-10-03T16:16:17.257999+07:00,191.61465091900027,0.1858096909991218,OK,,True,2026-10-03T16:16:17.443819+07:00,191.80046731399943,0.032979642000100284,OK,,True,1442,0.18025,,2026-10-03T16:16:17.476799+07:00,191.8334498819995,0.032981143000142765,OK,,True,2668,0.3335,
0bf084ef31f7482ebd09717ee53d72ed,193,2026-10-03T16:16:18.257919+07:00,192.6145581669998,71.91471156900025,EXPOSURE,1621.1929999590002,1.000000987999556,0.25198380799974984,9.271999988413882e-05,DISABLED,on,user_reported,36.731292724609375,57.00950241088867,1006.915078125,108681.8046875,True,True,True,176,0,0,109,178,101,2026-10-03T16:16:18.258002+07:00,192.614653611,0.1858060979993752,OK,,True,2026-10-03T16:16:18.443818+07:00,192.8004665239996,0.033233086000109324,OK,,True,1441,0.180125,,2026-10-03T16:16:18.477053+07:00,192.8337031279998,0.03283008800008247,OK,,True,2671,0.33387500000000003,
0bf084ef31f7482ebd09717ee53d72ed,194,2026-10-03T16:16:19.258013+07:00,193.61462463599946,72.9147780379999,EXPOSURE,1622.1930664279998,1.0000664689996484,0.25771001300017815,0.0001591889995324891,DISABLED,on,user_reported,36.73703384399414,56.958683013916016,1006.903828125,108543.5625,True,True,True,176,0,0,109,178,101,2026-10-03T16:16:19.258169+07:00,193.614819505,0.1909149189996242,OK,,True,2026-10-03T16:16:19.449100+07:00,193.80574634999994,0.033683026999824506,OK,,True,1440,0.18,,2026-10-03T16:16:19.482787+07:00,193.83943496899974,0.03288973600047029,OK,,True,2664,0.333,
0bf084ef31f7482ebd09717ee53d72ed,195,2026-10-03T16:16:20.257914+07:00,194.61455482899964,73.91470823100008,EXPOSURE,1623.192996621,0.999930193000182,0.2516957369998636,8.938199971453287e-05,DISABLED,on,user_reported,36.738948822021484,56.9589729309082,1006.91390625,108612.640625,True,True,True,176,0,0,109,178,101,2026-10-03T16:16:20.257998+07:00,194.6146494959994,0.18581337600062398,OK,,True,2026-10-03T16:16:20.443822+07:00,194.8004698169998,0.03296179100016161,OK,,True,1436,0.1795,,2026-10-03T16:16:20.476784+07:00,194.83343464500012,0.032806327999423956,OK,,True,2670,0.33375,
0bf084ef31f7482ebd09717ee53d72ed,196,2026-10-03T16:16:21.257916+07:00,195.61455594899962,74.91470935100006,EXPOSURE,1624.192997741,1.000001119999979,0.25396612900021864,9.050199969351524e-05,DISABLED,on,user_reported,36.75043487548828,56.954280853271484,1006.87765625,108474.578125,True,True,True,176,0,0,109,178,101,2026-10-03T16:16:21.258001+07:00,195.61465241099995,0.185984302000179,OK,,True,2026-10-03T16:16:21.444001+07:00,195.80064758299977,0.03474035399995046,OK,,True,1451,0.181375,,2026-10-03T16:16:21.478746+07:00,195.83539423299953,0.033115975000328035,OK,,True,2667,0.33337500000000003,
0bf084ef31f7482ebd09717ee53d72ed,197,2026-10-03T16:16:22.257916+07:00,196.61455617899992,75.91470958100035,EXPOSURE,1625.1929979710003,1.0000002300002961,0.2519163099996149,9.07319999896572e-05,DISABLED,on,user_reported,36.739585876464844,56.97846603393555,1006.873828125,108268.1328125,True,True,True,176,0,0,109,178,101,2026-10-03T16:16:22.258000+07:00,196.61465184499957,0.18581395100045484,OK,,True,2026-10-03T16:16:22.443826+07:00,196.8004730550001,0.03299493899976369,OK,,True,1440,0.18,,2026-10-03T16:16:22.476821+07:00,196.83347127199977,0.032989846000418765,OK,,True,2665,0.333125,
0bf084ef31f7482ebd09717ee53d72ed,198,2026-10-03T16:16:23.257919+07:00,197.6145583359994,76.91471173799982,EXPOSURE,1626.1930001279998,1.0000021569994715,0.25185073600005126,9.288899946113816e-05,DISABLED,on,user_reported,36.74213790893555,56.978858947753906,1006.857421875,108543.5625,True,True,True,176,0,0,109,178,101,2026-10-03T16:16:23.258004+07:00,197.6146556879994,0.18581708000056096,OK,,True,2026-10-03T16:16:23.443832+07:00,197.8004796389996,0.033022309000443784,OK,,True,1443,0.180375,,2026-10-03T16:16:23.476855+07:00,197.83350552199954,0.032894605999899795,OK,,True,2673,0.334125,
0bf084ef31f7482ebd09717ee53d72ed,199,2026-10-03T16:16:24.257949+07:00,198.61458815999958,77.91474156200002,EXPOSURE,1627.193029952,1.000029824000194,0.2596480390002398,0.00012271299965505023,DISABLED,on,user_reported,36.74851989746094,57.00569534301758,1006.8746875,108612.640625,True,True,True,176,0,0,109,178,101,2026-10-03T16:16:24.258036+07:00,198.61468793699987,0.18798954900012177,OK,,True,2026-10-03T16:16:24.446046+07:00,198.8026909119999,0.03534831300021324,OK,,True,1458,0.18225,,2026-10-03T16:16:24.481409+07:00,198.83805148400006,0.03614947400001256,OK,,True,2669,0.333625,
0bf084ef31f7482ebd09717ee53d72ed,200,2026-10-03T16:16:25.257980+07:00,199.6146180959995,78.91477149799994,EXPOSURE,1628.1930598879999,1.000029935999919,0.25185744000009436,0.00015264899957401212,DISABLED,on,user_reported,36.74788284301758,57.02497482299805,1006.8940625,108199.4921875,True,True,True,176,0,0,109,178,101,2026-10-03T16:16:25.258073+07:00,199.61472479900021,0.18583580299946334,OK,,True,2026-10-03T16:16:25.443922+07:00,199.80056952799987,0.03300386499995511,OK,,True,1447,0.180875,,2026-10-03T16:16:25.476926+07:00,199.83357693000016,0.032888679999814485,OK,,True,2669,0.333625,
0bf084ef31f7482ebd09717ee53d72ed,201,2026-10-03T16:16:26.257946+07:00,200.61458456899982,79.91473797100025,EXPOSURE,1629.1930263610002,0.9999664730003133,0.25530369599982805,0.00011912199988728389,DISABLED,on,user_reported,36.74851989746094,57.03154373168945,1006.826796875,108474.578125,True,True,True,176,0,0,109,178,101,2026-10-03T16:16:26.258032+07:00,200.6146838099994,0.1858182100004342,OK,,True,2026-10-03T16:16:26.443861+07:00,200.80050887200014,0.035086869999759074,OK,,True,1428,0.1785,,2026-10-03T16:16:26.478959+07:00,200.83560518600007,0.03426941299949249,OK,,True,2665,0.333125,
0bf084ef31f7482ebd09717ee53d72ed,202,2026-10-03T16:16:27.257968+07:00,201.61460626499957,80.914759667,EXPOSURE,1630.193048057,1.0000216959997488,0.251857922000454,0.0001408179996360559,DISABLED,on,user_reported,36.75553512573242,57.09081268310547,1006.865390625,107925.8046875,True,True,True,176,0,0,109,178,101,2026-10-03T16:16:27.258056+07:00,201.61470787599956,0.18582419199992728,OK,,True,2026-10-03T16:16:27.443891+07:00,201.80053879000025,0.032948012999440834,OK,,True,1437,0.179625,,2026-10-03T16:16:27.476839+07:00,201.83348989600017,0.032962586999929044,OK,,True,2671,0.33387500000000003,
0bf084ef31f7482ebd09717ee53d72ed,203,2026-10-03T16:16:28.257965+07:00,202.6146011840001,81.91475458600053,EXPOSURE,1631.1930429760005,0.9999949190005282,0.2519052179995924,0.00013573700016422663,DISABLED,on,user_reported,36.753623962402344,57.129310607910156,1006.910234375,108062.4765625,True,True,True,176,0,0,109,178,101,2026-10-03T16:16:28.258056+07:00,202.61470757200004,0.18585137799982476,OK,,True,2026-10-03T16:16:28.443919+07:00,202.80056654199961,0.03304653099985444,OK,,True,1440,0.18,,2026-10-03T16:16:28.476967+07:00,202.83361731399964,0.032878940000045986,OK,,True,2665,0.333125,
0bf084ef31f7482ebd09717ee53d72ed,204,2026-10-03T16:16:29.258083+07:00,203.61471589899975,82.91486930100018,EXPOSURE,1632.1931576910001,1.000114714999654,0.2517724219997035,0.0002504519998183241,DISABLED,on,user_reported,36.7542610168457,57.1488151550293,1006.8359375,108062.4765625,True,True,True,176,0,0,109,178,101,2026-10-03T16:16:29.258184+07:00,203.6148358419996,0.1858410080003523,OK,,True,2026-10-03T16:16:29.444037+07:00,203.80068458999995,0.032950031999462226,OK,,True,1441,0.180125,,2026-10-03T16:16:29.476987+07:00,203.8336377329997,0.032841866000126174,OK,,True,2669,0.333625,
0bf084ef31f7482ebd09717ee53d72ed,205,2026-10-03T16:16:30.257918+07:00,204.6145577819998,83.91471118400023,EXPOSURE,1633.1929995740002,0.9998418830000446,0.25175821900029405,9.233499986294191e-05,DISABLED,on,user_reported,36.75234603881836,57.167930603027344,1006.8534375,108062.4765625,True,True,True,176,0,0,109,178,101,2026-10-03T16:16:30.257995+07:00,204.61464670799978,0.18582132200026535,OK,,True,2026-10-03T16:16:30.443827+07:00,204.80047525200007,0.03298436499972013,OK,,True,1435,0.179375,,2026-10-03T16:16:30.476812+07:00,204.8334627839995,0.03284436500052834,OK,,True,2670,0.33375,
0bf084ef31f7482ebd09717ee53d72ed,206,2026-10-03T16:16:31.258060+07:00,205.61467425699993,84.91482765900037,EXPOSURE,1634.1931160490003,1.0001164750001408,0.253457263999735,0.00020881000000372296,DISABLED,on,user_reported,36.74851989746094,57.14793395996094,1006.888359375,107585.625,True,True,True,176,0,0,109,178,101,2026-10-03T16:16:31.258311+07:00,205.61495953299982,0.18589246999999887,OK,,True,2026-10-03T16:16:31.444212+07:00,205.80085978099942,0.0332196040008057,OK,,True,1442,0.18025,,2026-10-03T16:16:31.477432+07:00,205.8340832369995,0.034023043000161124,OK,,True,2656,0.332,
0bf084ef31f7482ebd09717ee53d72ed,207,2026-10-03T16:16:32.257949+07:00,206.61458840100022,85.91474180300065,EXPOSURE,1635.1930301930006,0.9999141440002859,0.25182062599924393,0.00012295400028961012,DISABLED,on,user_reported,36.751708984375,57.17428970336914,1006.941328125,107789.4765625,True,True,True,176,0,0,109,178,101,2026-10-03T16:16:32.258035+07:00,206.614686678,0.18581422900024336,OK,,True,2026-10-03T16:16:32.443860+07:00,206.80050822199973,0.032954958000118495,OK,,True,1453,0.181625,,2026-10-03T16:16:32.476816+07:00,206.83346642099968,0.03293167999981961,OK,,True,2669,0.333625,
0bf084ef31f7482ebd09717ee53d72ed,208,2026-10-03T16:16:33.261096+07:00,207.61773644999994,86.91788985200037,EXPOSURE,1636.1961782420003,1.0031480489997193,0.25182618199960416,0.003271003000008932,DISABLED,on,user_reported,36.75298309326172,57.19389724731445,1006.9365625,107925.8046875,True,True,True,176,0,0,109,178,101,2026-10-03T16:16:33.261177+07:00,207.61782904200027,0.18585702599921206,OK,,True,2026-10-03T16:16:33.447045+07:00,207.8036931050001,0.03301277199989272,OK,,True,1450,0.18125,,2026-10-03T16:16:33.480060+07:00,207.83670972900018,0.03284236599938595,OK,,True,2666,0.33325,
0bf084ef31f7482ebd09717ee53d72ed,209,2026-10-03T16:16:34.257972+07:00,208.61460855799942,87.91476195999985,EXPOSURE,1637.1930503499998,0.9968721079994793,0.2518380890005574,0.00014311099948827177,DISABLED,on,user_reported,36.753623962402344,57.200462341308594,1006.903359375,108130.9375,True,True,True,176,0,0,109,178,101,2026-10-03T16:16:34.258074+07:00,208.61472589000005,0.18584591499984526,OK,,True,2026-10-03T16:16:34.443933+07:00,208.80058043499957,0.03300627200042072,OK,,True,1453,0.181625,,2026-10-03T16:16:34.476942+07:00,208.83359116999964,0.03284608800004207,OK,,True,2662,0.33275,
0bf084ef31f7482ebd09717ee53d72ed,210,2026-10-03T16:16:35.257947+07:00,209.61458668399973,88.91474008600017,EXPOSURE,1638.193028476,0.9999781260003147,0.251838293000219,0.00012123699980293168,DISABLED,on,user_reported,36.75234603881836,57.154991149902344,1006.921875,107382.546875,True,True,True,176,0,0,109,178,101,2026-10-03T16:16:35.258035+07:00,209.61468590499953,0.18583045200011838,OK,,True,2026-10-03T16:16:35.443878+07:00,209.80052487600005,0.03304034599932493,OK,,True,1454,0.18175,,2026-10-03T16:16:35.476921+07:00,209.833569722,0.03284551399974589,OK,,True,2669,0.333625,
0bf084ef31f7482ebd09717ee53d72ed,211,2026-10-03T16:16:36.257964+07:00,210.61460101299963,89.91475441500006,EXPOSURE,1639.193042805,1.000014328999896,0.2519384409997656,0.0001355659996988834,DISABLED,on,user_reported,36.76319122314453,57.156654357910156,1006.891484375,108268.1328125,True,True,True,176,0,0,109,178,101,2026-10-03T16:16:36.258053+07:00,210.61470438299966,0.18584182300037355,OK,,True,2026-10-03T16:16:36.443907+07:00,210.80055459399955,0.03310367900030542,OK,,True,1447,0.180875,,2026-10-03T16:16:36.477014+07:00,210.83366249600022,0.03286730999934662,OK,,True,2668,0.3335,
0bf084ef31f7482ebd09717ee53d72ed,212,2026-10-03T16:16:37.257924+07:00,211.61456264000026,90.91471604200069,EXPOSURE,1640.1930044320006,0.99996162700063,0.25226971699976275,9.719300032884348e-05,DISABLED,on,user_reported,36.76128005981445,57.130496978759766,1006.915703125,107789.4765625,True,True,True,176,0,0,109,178,101,2026-10-03T16:16:37.258004+07:00,211.6146560289999,0.1858287670002028,OK,,True,2026-10-03T16:16:37.443846+07:00,211.8004933329994,0.033327918000395584,OK,,True,1440,0.18,,2026-10-03T16:16:37.477177+07:00,211.83382586199969,0.03299393900033465,OK,,True,2661,0.332625,
0bf084ef31f7482ebd09717ee53d72ed,213,2026-10-03T16:16:38.257921+07:00,212.61456160099988,91.91471500300031,EXPOSURE,1641.1930033930003,0.9999989609996192,0.2519335520000823,9.6153999948001e-05,DISABLED,on,user_reported,36.764469146728516,57.14391326904297,1006.907421875,108199.4921875,True,True,True,176,0,0,109,178,101,2026-10-03T16:16:38.257998+07:00,212.6146492299995,0.18582106300073065,OK,,True,2026-10-03T16:16:38.443832+07:00,212.80047899700003,0.03309308600000804,OK,,True,1432,0.179,,2026-10-03T16:16:38.476928+07:00,212.83357673199953,0.03290858699983801,OK,,True,2671,0.33387500000000003,
0bf084ef31f7482ebd09717ee53d72ed,214,2026-10-03T16:16:39.257917+07:00,213.61455811699943,92.91471151899987,EXPOSURE,1642.1929999089998,0.9999965159995554,0.25185425600011513,9.266999950341415e-05,DISABLED,on,user_reported,36.76702117919922,57.131378173828125,1006.8703125,107653.4921875,True,True,True,176,0,0,109,178,101,2026-10-03T16:16:39.257993+07:00,213.61464446799982,0.18582523100030812,OK,,True,2026-10-03T16:16:39.443831+07:00,213.800478569,0.033049179000045115,OK,,True,1441,0.180125,,2026-10-03T16:16:39.476882+07:00,213.83353147100024,0.032871531999262515,OK,,True,2669,0.333625,
0bf084ef31f7482ebd09717ee53d72ed,215,2026-10-03T16:16:40.257972+07:00,214.61460370799978,93.91475711000021,EXPOSURE,1643.1930455000002,1.0000455910003438,0.2614564360001168,0.0001382609998472617,DISABLED,on,user_reported,36.76638412475586,57.13127136230469,1006.924140625,107857.59375,True,True,True,176,0,0,109,178,101,2026-10-03T16:16:40.258117+07:00,214.61476767000022,0.19002298099985637,OK,,True,2026-10-03T16:16:40.448160+07:00,214.80480500300018,0.03429720899930544,OK,,True,1434,0.17925,,2026-10-03T16:16:40.482474+07:00,214.83911709999938,0.03692045200023131,OK,,True,2668,0.3335,
0bf084ef31f7482ebd09717ee53d72ed,216,2026-10-03T16:16:41.261722+07:00,215.6183498119999,94.91850321400034,EXPOSURE,1644.1967916040003,1.003746104000129,0.25288934299987886,0.003884364999976242,DISABLED,on,user_reported,36.76702117919922,57.16371154785156,1006.89078125,107789.4765625,True,True,True,176,0,0,109,178,101,2026-10-03T16:16:41.261859+07:00,215.6185095889996,0.18626624599983188,OK,,True,2026-10-03T16:16:41.448137+07:00,215.80478415000016,0.03323171600004571,OK,,True,1442,0.18025,,2026-10-03T16:16:41.481375+07:00,215.8380225689998,0.03320540099957725,OK,,True,2669,0.333625,
0bf084ef31f7482ebd09717ee53d72ed,217,2026-10-03T16:16:42.257917+07:00,216.61455677999948,95.91471018199991,EXPOSURE,1645.1929985719999,0.9962069679995693,0.2522620140007348,9.133299954555696e-05,DISABLED,on,user_reported,36.763832092285156,57.16969680786133,1006.87203125,107653.4921875,True,True,True,176,0,0,109,178,101,2026-10-03T16:16:42.257997+07:00,216.61464903900014,0.1858251929998005,OK,,True,2026-10-03T16:16:42.443836+07:00,216.80048297299982,0.03304343899981177,OK,,True,1453,0.181625,,2026-10-03T16:16:42.476882+07:00,216.8335309489994,0.03327495600024122,OK,,True,2668,0.3335,
0bf084ef31f7482ebd09717ee53d72ed,218,2026-10-03T16:16:43.257918+07:00,217.61455970599945,96.91471310799989,EXPOSURE,1646.1930014979998,1.0000029259999792,0.2524587710004198,9.425899952475447e-05,DISABLED,on,user_reported,36.75553512573242,57.187828063964844,1006.858671875,107857.59375,True,True,True,176,0,0,109,178,101,2026-10-03T16:16:43.257992+07:00,217.61464322400025,0.18584317499971803,OK,,True,2026-10-03T16:16:43.443849+07:00,217.80049562099975,0.03338447399983124,OK,,True,1442,0.18025,,2026-10-03T16:16:43.477237+07:00,217.83388494599967,0.033122013000138395,OK,,True,2673,0.334125,
0bf084ef31f7482ebd09717ee53d72ed,219,2026-10-03T16:16:44.257917+07:00,218.61455802099954,97.91471142299997,EXPOSURE,1647.192999813,0.9999983150000844,0.2520769030006704,9.257399960915791e-05,DISABLED,on,user_reported,36.76191711425781,57.18880844116211,1006.88265625,107585.625,True,True,True,176,0,0,109,178,101,2026-10-03T16:16:44.257993+07:00,218.61464494600023,0.18584291599927383,OK,,True,2026-10-03T16:16:44.443850+07:00,218.80049747300018,0.03307719799977349,OK,,True,1436,0.1795,,2026-10-03T16:16:44.476931+07:00,218.83357993000027,0.033042234999811626,OK,,True,2665,0.333125,
0bf084ef31f7482ebd09717ee53d72ed,220,2026-10-03T16:16:45.257927+07:00,219.61456629900022,98.91471970100065,EXPOSURE,1648.1930080910006,1.0000082780006778,0.252106403999278,0.00010085200028697727,DISABLED,on,user_reported,36.764469146728516,57.1827278137207,1006.852578125,107517.8515625,True,True,True,176,0,0,109,178,101,2026-10-03T16:16:45.258008+07:00,219.61465992800004,0.18583836000016163,OK,,True,2026-10-03T16:16:45.443859+07:00,219.80050689899963,0.033036253999853216,OK,,True,1431,0.178875,,2026-10-03T16:16:45.476899+07:00,219.83354789399982,0.0331130309996297,OK,,True,2660,0.3325,
0bf084ef31f7482ebd09717ee53d72ed,221,2026-10-03T16:16:46.257988+07:00,220.61462481800027,99.9147782200007,EXPOSURE,1649.1930666100006,1.0000585190000493,0.25632221099931485,0.0001593710003362503,DISABLED,on,user_reported,36.75872802734375,57.14303207397461,1006.849921875,108130.9375,True,True,True,176,0,0,109,178,101,2026-10-03T16:16:46.258106+07:00,220.6147575770001,0.1898328159995799,OK,,True,2026-10-03T16:16:46.447963+07:00,220.80460702300024,0.03332369599957019,OK,,True,1422,0.17775,,2026-10-03T16:16:46.481288+07:00,220.83793616399998,0.032994698000038625,OK,,True,2668,0.3335,
0bf084ef31f7482ebd09717ee53d72ed,222,2026-10-03T16:16:47.257919+07:00,221.61456004299998,100.91471344500042,EXPOSURE,1650.1930018350004,0.9999352249997173,0.25651467199986655,9.45960000535706e-05,DISABLED,on,user_reported,36.75745391845703,57.104042053222656,1006.9028125,107721.4375,True,True,True,176,0,0,109,178,101,2026-10-03T16:16:47.258001+07:00,221.61465191200023,0.18744544299988775,OK,,True,2026-10-03T16:16:47.445462+07:00,221.80210844799967,0.034589781000249786,OK,,True,1451,0.181375,,2026-10-03T16:16:47.480059+07:00,221.83670643200003,0.034354227000221726,OK,,True,2661,0.332625,
0bf084ef31f7482ebd09717ee53d72ed,223,2026-10-03T16:16:48.257912+07:00,222.61455285899956,101.91470626099999,EXPOSURE,1651.192994651,0.9999928159995761,0.2520012200002384,8.741199962969404e-05,DISABLED,on,user_reported,36.75936508178711,57.007354736328125,1006.85796875,107925.8046875,True,True,True,176,0,0,109,178,101,2026-10-03T16:16:48.257995+07:00,222.6146464329995,0.18601648900039436,OK,,True,2026-10-03T16:16:48.444027+07:00,222.8006736440002,0.03269131199976982,OK,,True,1444,0.1805,,2026-10-03T16:16:48.476723+07:00,222.8333706960002,0.03317049399993266,OK,,True,2665,0.333125,
0bf084ef31f7482ebd09717ee53d72ed,224,2026-10-03T16:16:49.257915+07:00,223.61455649100026,102.91470989300069,EXPOSURE,1652.1929982830006,1.0000036320006984,0.2527842329991472,9.1044000328111e-05,DISABLED,on,user_reported,36.75489807128906,56.87744140625,1006.816484375,108336.859375,True,True,True,176,0,0,109,178,101,2026-10-03T16:16:49.257990+07:00,223.61464176899972,0.18588104500031477,OK,,True,2026-10-03T16:16:49.443886+07:00,223.8005327029996,0.03343543600021803,OK,,True,1441,0.180125,,2026-10-03T16:16:49.477328+07:00,223.8339753250002,0.03335249199972168,OK,,True,2659,0.33237500000000003,
0bf084ef31f7482ebd09717ee53d72ed,225,2026-10-03T16:16:50.257959+07:00,224.61459573499997,103.9147491370004,EXPOSURE,1653.1930375270003,1.0000392439997086,0.25399248499979876,0.0001302880000366713,DISABLED,on,user_reported,36.75489807128906,56.72892761230469,1006.946484375,108681.8046875,True,True,True,176,0,0,109,178,101,2026-10-03T16:16:50.258054+07:00,224.61470532699968,0.1861332290000064,OK,,True,2026-10-03T16:16:50.444198+07:00,224.80084642600013,0.033986507000008714,OK,,True,1442,0.18025,,2026-10-03T16:16:50.478191+07:00,224.83483898899976,0.03373645299961936,OK,,True,2662,0.33275,
0bf084ef31f7482ebd09717ee53d72ed,226,2026-10-03T16:16:51.257915+07:00,225.61455618299988,104.91470958500031,EXPOSURE,1654.1929979750003,0.9999604479999107,0.25867373300025065,9.07359999473556e-05,DISABLED,on,user_reported,36.74532699584961,56.57261276245117,1006.9446875,108820.40625,True,True,True,176,0,0,109,178,101,2026-10-03T16:16:51.257994+07:00,225.6146454969994,0.1858314529999916,OK,,True,2026-10-03T16:16:51.443836+07:00,225.80048391299988,0.03550827599974582,OK,,True,1445,0.180625,,2026-10-03T16:16:51.479356+07:00,225.83600161399954,0.03720724600043468,OK,,True,2673,0.334125,
0bf084ef31f7482ebd09717ee53d72ed,227,2026-10-03T16:16:52.257969+07:00,226.61459966799976,105.91475307000019,EXPOSURE,1655.1930414600001,1.0000434849998783,0.26796991500032163,0.0001342209998256294,DISABLED,on,user_reported,36.74596405029297,56.46954345703125,1006.93890625,108336.859375,True,True,True,176,0,0,109,178,101,2026-10-03T16:16:52.258134+07:00,226.61478357399938,0.1946827490000942,OK,,True,2026-10-03T16:16:52.452841+07:00,226.8094847860002,0.03590290199917945,OK,,True,1443,0.180375,,2026-10-03T16:16:52.488753+07:00,226.84539850300007,0.0371456169996236,OK,,True,2660,0.3325,
0bf084ef31f7482ebd09717ee53d72ed,228,2026-10-03T16:16:53.257932+07:00,227.61457161699946,106.91472501899989,EXPOSURE,1656.1930134089998,0.9999719489997005,0.2526604930008034,0.00010616999952617334,DISABLED,on,user_reported,36.749794006347656,56.36701202392578,1006.9109375,108612.640625,True,True,True,176,0,0,109,178,101,2026-10-03T16:16:53.258015+07:00,227.61466633799955,0.1858488980005859,OK,,True,2026-10-03T16:16:53.443877+07:00,227.80052475499997,0.03370919400003913,OK,,True,1441,0.180125,,2026-10-03T16:16:53.477592+07:00,227.83423952300018,0.03298086499944475,OK,,True,2667,0.33337500000000003,
0bf084ef31f7482ebd09717ee53d72ed,229,2026-10-03T16:16:54.257910+07:00,228.61455126999954,107.91470467199997,EXPOSURE,1657.192993062,0.9999796530000822,0.2525861600006465,8.582299960835371e-05,DISABLED,on,user_reported,36.75107192993164,56.296356201171875,1006.906171875,109028.9609375,True,True,True,176,0,0,109,178,101,2026-10-03T16:16:54.257987+07:00,228.61463873199955,0.18583863900039432,OK,,True,2026-10-03T16:16:54.443835+07:00,228.80048342600003,0.03367502799937938,OK,,True,1444,0.1805,,2026-10-03T16:16:54.477517+07:00,228.83416489799947,0.03296045800016145,OK,,True,2662,0.33275,
0bf084ef31f7482ebd09717ee53d72ed,230,2026-10-03T16:16:55.257911+07:00,229.61455277499954,108.91470617699997,EXPOSURE,1658.192994567,1.0000015050000002,0.25389557800008333,8.732799960853299e-05,DISABLED,on,user_reported,36.7491569519043,56.250972747802734,1006.923671875,108959.3515625,True,True,True,176,0,0,109,178,101,2026-10-03T16:16:55.257987+07:00,229.61463849600023,0.18581793599969387,OK,,True,2026-10-03T16:16:55.443818+07:00,229.80046515399954,0.0343048570002793,OK,,True,1449,0.181125,,2026-10-03T16:16:55.478128+07:00,229.83477612200022,0.033657304999906046,OK,,True,2664,0.333,
0bf084ef31f7482ebd09717ee53d72ed,231,2026-10-03T16:16:56.257911+07:00,230.6145522429997,109.91470564500014,EXPOSURE,1659.192994035,0.9999994680001691,0.2578179980000641,8.679599977767793e-05,DISABLED,on,user_reported,36.75745391845703,56.28444290161133,1006.86171875,108062.4765625,True,True,True,176,0,0,109,178,101,2026-10-03T16:16:56.257986+07:00,230.61463729800016,0.18583843499982322,OK,,True,2026-10-03T16:16:56.443837+07:00,230.80048512199937,0.038499590000355965,OK,,True,1436,0.1795,,2026-10-03T16:16:56.482344+07:00,230.8389914899999,0.03336632599985023,OK,,True,2664,0.333,
0bf084ef31f7482ebd09717ee53d72ed,232,2026-10-03T16:16:57.257918+07:00,231.61455847100024,110.91471187300067,EXPOSURE,1660.1930002630006,1.0000062280005295,0.25428587299938954,9.302400030719582e-05,DISABLED,on,user_reported,36.75809097290039,56.34249496459961,1006.89,108474.578125,True,True,True,176,0,0,109,178,101,2026-10-03T16:16:57.258001+07:00,231.6146522299996,0.18581460200039146,OK,,True,2026-10-03T16:16:57.443827+07:00,231.800475258,0.03503531499973178,OK,,True,1442,0.18025,,2026-10-03T16:16:57.478872+07:00,231.8355179250002,0.033310196999991604,OK,,True,2652,0.3315,
0bf084ef31f7482ebd09717ee53d72ed,233,2026-10-03T16:16:58.257978+07:00,232.61460823699963,111.91476163900006,EXPOSURE,1661.193050029,1.0000497659993925,0.27366691600036575,0.00014278999969974393,DISABLED,on,user_reported,36.75936508178711,56.452247619628906,1006.905859375,108336.859375,True,True,True,176,0,0,109,178,101,2026-10-03T16:16:58.258134+07:00,232.61478401299973,0.19176112100012688,OK,,True,2026-10-03T16:16:58.449916+07:00,232.80656029999955,0.04254658300033043,OK,,True,1446,0.18075,,2026-10-03T16:16:58.492477+07:00,232.84912015999998,0.039120604999880015,OK,,True,2671,0.33387500000000003,
0bf084ef31f7482ebd09717ee53d72ed,234,2026-10-03T16:16:59.257940+07:00,233.61457944699941,112.91473284899985,EXPOSURE,1662.1930212389998,0.9999712099997851,0.25314849200003664,0.000113999999484804,DISABLED,on,user_reported,36.765743255615234,56.57573318481445,1006.91625,108062.4765625,True,True,True,176,0,0,109,178,101,2026-10-03T16:16:59.258022+07:00,233.61467376200017,0.18580432399994606,OK,,True,2026-10-03T16:16:59.443836+07:00,233.80048488299963,0.03336282600048435,OK,,True,1441,0.180125,,2026-10-03T16:16:59.477204+07:00,233.8338525600002,0.03385928599982435,OK,,True,2667,0.33337500000000003,
0bf084ef31f7482ebd09717ee53d72ed,235,2026-10-03T16:17:00.257921+07:00,234.61456130700026,113.91471470900069,EXPOSURE,1663.1930030990006,0.9999818600008439,0.2549179429997821,9.586000032868469e-05,DISABLED,on,user_reported,36.76702117919922,56.685604095458984,1006.82921875,107925.8046875,True,True,True,176,0,0,109,178,101,2026-10-03T16:17:00.258001+07:00,234.6146530469996,0.18593793499985622,OK,,True,2026-10-03T16:17:00.443962+07:00,234.80060603699985,0.033782194000195886,OK,,True,1441,0.180125,,2026-10-03T16:17:00.477754+07:00,234.834398342,0.035063888999502524,OK,,True,2653,0.331625,
0bf084ef31f7482ebd09717ee53d72ed,236,2026-10-03T16:17:01.257914+07:00,235.61455525899964,114.91470866100008,EXPOSURE,1664.192997051,0.9999939519993859,0.25463175999993837,8.981199971458409e-05,DISABLED,on,user_reported,36.7682991027832,56.81490707397461,1006.886171875,107450.15625,True,True,True,176,0,0,109,178,101,2026-10-03T16:17:01.257989+07:00,235.6146408329996,0.18595499000002746,OK,,True,2026-10-03T16:17:01.443962+07:00,235.80060826699992,0.03517168500002299,OK,,True,1437,0.179625,,2026-10-03T16:17:01.479138+07:00,235.83578595200015,0.03338636299940845,OK,,True,2668,0.3335,
0bf084ef31f7482ebd09717ee53d72ed,237,2026-10-03T16:17:02.257922+07:00,236.61456221200024,115.91471561400067,EXPOSURE,1665.1930040040006,1.000006953000593,0.2545259270000315,9.676500030764146e-05,DISABLED,on,user_reported,36.77404022216797,56.93206024169922,1006.854453125,106777.890625,True,True,True,176,0,0,109,178,101,2026-10-03T16:17:02.258004+07:00,236.61465576699993,0.18580947299960826,OK,,True,2026-10-03T16:17:02.443826+07:00,236.8004735730001,0.03300621699963813,OK,,True,1439,0.179875,,2026-10-03T16:17:02.476833+07:00,236.8334840489997,0.035590348999903654,OK,,True,2667,0.33337500000000003,
0bf084ef31f7482ebd09717ee53d72ed,238,2026-10-03T16:17:03.257921+07:00,237.61456159099998,116.91471499300042,EXPOSURE,1666.1930033830004,0.9999993789997461,0.2516974449999907,9.614400005375501e-05,DISABLED,on,user_reported,36.772125244140625,57.01578140258789,1006.83078125,107247.59375,True,True,True,176,0,0,109,178,101,2026-10-03T16:17:03.257995+07:00,237.6146462939996,0.18579332500030432,OK,,True,2026-10-03T16:17:03.443798+07:00,237.80044724799973,0.03297590300007869,OK,,True,1440,0.18,,2026-10-03T16:17:03.476777+07:00,237.83342731799985,0.03282318099991244,OK,,True,2667,0.33337500000000003,
0bf084ef31f7482ebd09717ee53d72ed,239,2026-10-03T16:17:04.257972+07:00,238.61460376600007,117.9147571680005,EXPOSURE,1667.1930455580004,1.0000421750000896,0.263008410999646,0.00013831900014338316,DISABLED,on,user_reported,36.76191711425781,57.0982551574707,1006.862109375,106978.6875,True,True,True,176,0,0,109,178,101,2026-10-03T16:17:04.258126+07:00,238.61477624599956,0.1917401400005474,OK,,True,2026-10-03T16:17:04.449887+07:00,238.80653192299997,0.035804532999463845,OK,,True,1446,0.18075,,2026-10-03T16:17:04.485701+07:00,238.8423473439998,0.03524351800024306,OK,,True,2672,0.334,
0bf084ef31f7482ebd09717ee53d72ed,240,2026-10-03T16:17:05.257995+07:00,239.61462446099995,118.91477786300038,EXPOSURE,1668.1930662530003,1.0000206949998756,0.2627632080002513,0.00015901400001894217,DISABLED,on,user_reported,36.76702117919922,57.16371154785156,1006.808671875,106711.1328125,True,True,True,176,0,0,109,178,101,2026-10-03T16:17:05.258158+07:00,239.61480847799976,0.19175239900050656,OK,,True,2026-10-03T16:17:05.449933+07:00,239.80657717299982,0.035377721000259044,OK,,True,1456,0.182,,2026-10-03T16:17:05.485316+07:00,239.84196378199977,0.035393295000176295,OK,,True,2680,0.335,
0bf084ef31f7482ebd09717ee53d72ed,241,2026-10-03T16:17:06.257935+07:00,240.614575693,119.91472909500044,EXPOSURE,1669.1930174850004,0.9999512320000576,0.2520435730002646,0.00011024600007658591,DISABLED,on,user_reported,36.763832092285156,57.22145080566406,1006.858359375,106844.7421875,True,True,True,176,0,0,109,178,101,2026-10-03T16:17:06.258013+07:00,240.61466409999957,0.18608898999991652,OK,,True,2026-10-03T16:17:06.444117+07:00,240.80076334899968,0.03330873400045675,OK,,True,1427,0.178375,,2026-10-03T16:17:06.477433+07:00,240.83407928699944,0.03252638699996169,OK,,True,2651,0.33137500000000003,
0bf084ef31f7482ebd09717ee53d72ed,242,2026-10-03T16:17:07.257922+07:00,241.61456088900013,0.9147142910005641,WAIT_RECOVERY,1670.1930026810005,0.9999851960001251,0.25190816599933896,9.544200020172866e-05,DISABLED,on,user_reported,36.75872802734375,57.259490966796875,1006.843203125,106577.8515625,True,True,True,176,0,0,109,178,101,2026-10-03T16:17:07.258004+07:00,241.6146555360001,0.18580441799986147,OK,,True,2026-10-03T16:17:07.443819+07:00,241.8004676390001,0.03299719899951015,OK,,True,1444,0.1805,,2026-10-03T16:17:07.476818+07:00,241.83346854199954,0.03298999500020727,OK,,True,2671,0.33387500000000003,
0bf084ef31f7482ebd09717ee53d72ed,243,2026-10-03T16:17:08.257909+07:00,242.6145499180002,1.9147033200006263,WAIT_RECOVERY,1671.1929917100006,0.9999890290000621,0.2517752419998942,8.447100026387488e-05,DISABLED,on,user_reported,36.74724578857422,57.26419448852539,1006.90671875,107180.2421875,True,True,True,176,0,0,109,178,101,2026-10-03T16:17:08.257987+07:00,242.6146381210001,0.18580458499945962,OK,,True,2026-10-03T16:17:08.443802+07:00,242.8004503359998,0.03295364299992798,OK,,True,1438,0.17975,,2026-10-03T16:17:08.476756+07:00,242.83340697899985,0.03290742199988017,OK,,True,2664,0.333,
0bf084ef31f7482ebd09717ee53d72ed,244,2026-10-03T16:17:09.257909+07:00,243.6145497259995,2.9147031279999283,WAIT_RECOVERY,1672.1929915179999,0.999999807999302,0.25168626100003166,8.427899956586771e-05,DISABLED,on,user_reported,36.75745391845703,57.2204704284668,1006.923359375,107315.03125,True,True,True,176,0,0,109,178,101,2026-10-03T16:17:09.257981+07:00,243.6146321139995,0.18579530700026226,OK,,True,2026-10-03T16:17:09.443786+07:00,243.80043544,0.03295169899956818,OK,,True,1437,0.179625,,2026-10-03T16:17:09.476739+07:00,243.83339019399955,0.0328366260000621,OK,,True,2663,0.33287500000000003,
0bf084ef31f7482ebd09717ee53d72ed,245,2026-10-03T16:17:10.257925+07:00,244.61456681100026,3.9147202130006917,WAIT_RECOVERY,1673.1930086030006,1.0000170850007635,0.252009129999351,0.00010136400032934034,DISABLED,on,user_reported,36.75745391845703,57.1751823425293,1006.93015625,106978.6875,True,True,True,176,0,0,109,178,101,2026-10-03T16:17:10.257997+07:00,244.6146487549995,0.18581971500043437,OK,,True,2026-10-03T16:17:10.443829+07:00,244.800476247,0.033233882999411435,OK,,True,1445,0.180625,,2026-10-03T16:17:10.477063+07:00,244.83371337100016,0.032853476999662234,OK,,True,2670,0.33375,
0bf084ef31f7482ebd09717ee53d72ed,246,2026-10-03T16:17:11.257934+07:00,245.61457484199946,4.914728243999889,WAIT_RECOVERY,1674.1930166339998,1.0000080309991972,0.2547866860004433,0.00010939499952655751,DISABLED,on,user_reported,36.75043487548828,57.128822326660156,1006.8571875,107180.2421875,True,True,True,176,0,0,109,178,101,2026-10-03T16:17:11.258024+07:00,245.61467565600014,0.18798158999925363,OK,,True,2026-10-03T16:17:11.446020+07:00,245.80266735700025,0.03356625099968369,OK,,True,1423,0.177875,,2026-10-03T16:17:11.479594+07:00,245.8362405150001,0.033103920000030485,OK,,True,2640,0.33,
0bf084ef31f7482ebd09717ee53d72ed,247,2026-10-03T16:17:12.257923+07:00,246.61456303999967,5.914716442000099,WAIT_RECOVERY,1675.193004832,0.9999881980002101,0.25204459199994744,9.759299973666202e-05,DISABLED,on,user_reported,36.75489807128906,57.0971794128418,1006.91921875,106911.671875,True,True,True,176,0,0,109,178,101,2026-10-03T16:17:12.258009+07:00,246.61466052099968,0.1858156959997359,OK,,True,2026-10-03T16:17:12.443837+07:00,246.80048427200018,0.032999957999891194,OK,,True,1441,0.180125,,2026-10-03T16:17:12.476837+07:00,246.83348797100007,0.03310901299937541,OK,,True,2664,0.333,
0bf084ef31f7482ebd09717ee53d72ed,248,2026-10-03T16:17:13.257908+07:00,247.61455053400005,6.914703936000478,WAIT_RECOVERY,1676.1929923260004,0.9999874940003792,0.2518188160001955,8.508700011589099e-05,DISABLED,on,user_reported,36.75872802734375,57.03957748413086,1006.904765625,107653.4921875,True,True,True,176,0,0,109,178,101,2026-10-03T16:17:13.257984+07:00,247.6146354599996,0.1858138620000318,OK,,True,2026-10-03T16:17:13.443810+07:00,247.80045772999983,0.033002680000208784,OK,,True,1442,0.18025,,2026-10-03T16:17:13.476813+07:00,247.83346359499956,0.03289627400044992,OK,,True,2663,0.33287500000000003,
0bf084ef31f7482ebd09717ee53d72ed,249,2026-10-03T16:17:14.257909+07:00,248.6145505659997,7.91470396800014,WAIT_RECOVERY,1677.192992358,1.0000000319996616,0.25305566000042745,8.511899977747817e-05,DISABLED,on,user_reported,36.76000213623047,56.9105224609375,1006.89328125,108474.578125,True,True,True,176,0,0,109,178,101,2026-10-03T16:17:14.257993+07:00,248.6146450469996,0.1858188810001593,OK,,True,2026-10-03T16:17:14.443825+07:00,248.80047233599998,0.03397272999973211,OK,,True,1434,0.17925,,2026-10-03T16:17:14.477802+07:00,248.83445030599978,0.033143216999633296,OK,,True,2657,0.332125,
0bf084ef31f7482ebd09717ee53d72ed,250,2026-10-03T16:17:15.257907+07:00,249.61454952500026,8.91470292700069,WAIT_RECOVERY,1678.1929913170006,0.9999989590005498,0.2543231889994786,8.407800032728119e-05,DISABLED,on,user_reported,36.75809097290039,56.78105545043945,1006.89,108062.4765625,True,True,True,176,0,0,109,178,101,2026-10-03T16:17:15.257984+07:00,249.614635506,0.18591280599957827,OK,,True,2026-10-03T16:17:15.443911+07:00,249.8005583489994,0.03503502000057779,OK,,True,1428,0.1785,,2026-10-03T16:17:15.478953+07:00,249.83559953500026,0.03326182699947822,OK,,True,2651,0.33137500000000003,
0bf084ef31f7482ebd09717ee53d72ed,251,2026-10-03T16:17:16.257919+07:00,250.61455866799952,0.8917852719996517,RECOVERY,1679.19300046,1.0000091429992608,0.2530679380006404,9.322099958808394e-05,DISABLED,on,user_reported,36.75489807128906,56.586978912353516,1006.878046875,108474.578125,True,True,True,176,0,0,109,178,101,2026-10-03T16:17:16.258002+07:00,250.61465331599993,0.1858373439999923,OK,,True,2026-10-03T16:17:16.443853+07:00,250.80050001200016,0.03369728699999541,OK,,True,1426,0.17825,,2026-10-03T16:17:16.477558+07:00,250.83420422499967,0.03340682599991851,OK,,True,2639,0.32987500000000003,
0bf084ef31f7482ebd09717ee53d72ed,252,2026-10-03T16:17:17.257915+07:00,251.6145553309998,1.8917819349999263,RECOVERY,1680.1929971230002,0.9999966630002746,0.2520082230003027,8.988399986264994e-05,DISABLED,on,user_reported,36.753623962402344,56.41913986206055,1006.882890625,108959.3515625,True,True,True,176,0,0,109,178,101,2026-10-03T16:17:17.258000+07:00,251.61465086799944,0.18580930700045428,OK,,True,2026-10-03T16:17:17.443820+07:00,251.80046800899981,0.03297812399978284,OK,,True,1448,0.181,,2026-10-03T16:17:17.476799+07:00,251.83344954099994,0.03310401299950172,OK,,True,2656,0.332,
0bf084ef31f7482ebd09717ee53d72ed,253,2026-10-03T16:17:18.257909+07:00,252.61455127199952,2.891777875999651,RECOVERY,1681.192993064,0.9999959409997246,0.2518508910006858,8.582499958720291e-05,DISABLED,on,user_reported,36.75043487548828,56.251163482666016,1006.8709375,108889.8359375,True,True,True,176,0,0,109,178,101,2026-10-03T16:17:18.257979+07:00,252.61463021599957,0.18582521500047733,OK,,True,2026-10-03T16:17:18.443816+07:00,252.80046341300022,0.03300180999940494,OK,,True,1443,0.180375,,2026-10-03T16:17:18.476818+07:00,252.83346853700004,0.03292386700013594,OK,,True,2658,0.33225,
0bf084ef31f7482ebd09717ee53d72ed,254,2026-10-03T16:17:19.257919+07:00,253.61455897299948,3.8917855769996095,RECOVERY,1682.1930007649999,1.0000077009999586,0.2517876689998957,9.35259995458182e-05,DISABLED,on,user_reported,36.75553512573242,56.084590911865234,1006.8859375,109168.4453125,True,True,True,176,0,0,109,178,101,2026-10-03T16:17:19.257999+07:00,253.61465065799985,0.18581910400007473,OK,,True,2026-10-03T16:17:19.443830+07:00,253.80047753899998,0.032988995999403414,OK,,True,1440,0.18,,2026-10-03T16:17:19.476819+07:00,253.83346962699943,0.03286683000078483,OK,,True,2655,0.33187500000000003,
0bf084ef31f7482ebd09717ee53d72ed,255,2026-10-03T16:17:20.257910+07:00,254.61455115599983,4.891777759999968,RECOVERY,1683.1929929480002,0.9999921830003586,0.25178692800000135,8.570899990445469e-05,DISABLED,on,user_reported,36.75553512573242,55.930233001708984,1006.8859375,109028.9609375,True,True,True,176,0,0,109,178,101,2026-10-03T16:17:20.257981+07:00,254.61463289599942,0.18581738200009568,OK,,True,2026-10-03T16:17:20.443811+07:00,254.8004580930001,0.0330025499997646,OK,,True,1458,0.18225,,2026-10-03T16:17:20.476813+07:00,254.8334636620002,0.03286460699928284,OK,,True,2657,0.332125,
0bf084ef31f7482ebd09717ee53d72ed,256,2026-10-03T16:17:21.257925+07:00,255.6145620239995,5.891788627999631,RECOVERY,1684.1930038159999,1.0000108679996629,0.26656950100004906,9.657699956733268e-05,DISABLED,on,user_reported,36.75234603881836,55.775508880615234,1006.82609375,109800.5546875,True,True,True,176,0,0,109,178,101,2026-10-03T16:17:21.258030+07:00,255.61468063400025,0.19101392299944564,OK,,True,2026-10-03T16:17:21.449067+07:00,255.8057108539997,0.03553042299972731,OK,,True,1447,0.180875,,2026-10-03T16:17:21.484610+07:00,255.84125424000013,0.03985382299924822,OK,,True,2660,0.3325,
0bf084ef31f7482ebd09717ee53d72ed,257,2026-10-03T16:17:22.257931+07:00,256.6145708189997,6.8917974229998435,RECOVERY,1685.193012611,1.0000087950002126,0.25231660999997985,0.00010537199977989076,DISABLED,on,user_reported,36.75234603881836,55.63422393798828,1006.8396875,109518.71875,True,True,True,176,0,0,109,178,101,2026-10-03T16:17:22.258014+07:00,256.6146654289996,0.18580788200051757,OK,,True,2026-10-03T16:17:22.443833+07:00,256.80048138500024,0.03328393799984042,OK,,True,1445,0.180625,,2026-10-03T16:17:22.477121+07:00,256.8337696009994,0.03310556800079212,OK,,True,2649,0.331125,
0bf084ef31f7482ebd09717ee53d72ed,258,2026-10-03T16:17:23.257917+07:00,257.61455878000015,7.891785384000286,RECOVERY,1686.1930005720005,0.9999879610004427,0.252813958999468,9.333300022262847e-05,DISABLED,on,user_reported,36.753623962402344,55.493221282958984,1006.903359375,109448.484375,True,True,True,176,0,0,109,178,101,2026-10-03T16:17:23.257991+07:00,257.61464248299944,0.18581151200032764,OK,,True,2026-10-03T16:17:23.443814+07:00,257.80046169900015,0.03335089999927732,OK,,True,1446,0.18075,,2026-10-03T16:17:23.477170+07:00,257.83381772899975,0.03354225099974428,OK,,True,2650,0.33125,
0bf084ef31f7482ebd09717ee53d72ed,259,2026-10-03T16:17:24.257921+07:00,258.61456305699994,8.891789661000075,RECOVERY,1687.1930048490003,1.000004276999789,0.2518090769999617,9.761000001162756e-05,DISABLED,on,user_reported,36.75043487548828,55.39012908935547,1006.78875,110440.03125,True,True,True,176,0,0,109,178,101,2026-10-03T16:17:24.257988+07:00,258.6146392599994,0.18581280800026434,OK,,True,2026-10-03T16:17:24.443813+07:00,258.8004604199996,0.032968772999993234,OK,,True,1444,0.1805,,2026-10-03T16:17:24.476781+07:00,258.83343245299966,0.03292905099988275,OK,,True,2655,0.33187500000000003,
0bf084ef31f7482ebd09717ee53d72ed,260,2026-10-03T16:17:25.257916+07:00,259.61455818600007,9.891784790000202,RECOVERY,1688.1929999780004,0.9999951290001263,0.25175574399963807,9.273900013795355e-05,DISABLED,on,user_reported,36.749794006347656,55.26824951171875,1006.849375,110440.03125,True,True,True,176,0,0,109,178,101,2026-10-03T16:17:25.257986+07:00,259.6146373900001,0.1858113999996931,OK,,True,2026-10-03T16:17:25.443810+07:00,259.8004566419995,0.032976699000755616,OK,,True,1448,0.181,,2026-10-03T16:17:25.476786+07:00,259.8334367489997,0.03286677400046756,OK,,True,2655,0.33187500000000003,
0bf084ef31f7482ebd09717ee53d72ed,261,2026-10-03T16:17:26.257916+07:00,260.6145583339994,10.891784937999546,RECOVERY,1689.1930001259998,1.0000001479993443,0.2516491340002176,9.288699948228896e-05,DISABLED,on,user_reported,36.74468994140625,55.164981842041016,1006.847890625,110798.53125,True,True,True,176,0,0,109,178,101,2026-10-03T16:17:26.257983+07:00,260.61463437099974,0.18580467900028452,OK,,True,2026-10-03T16:17:26.443798+07:00,260.8004461979999,0.03294634699977905,OK,,True,1449,0.181125,,2026-10-03T16:17:26.476745+07:00,260.83339613799944,0.0328026070001215,OK,,True,2651,0.33137500000000003,
0bf084ef31f7482ebd09717ee53d72ed,262,2026-10-03T16:17:27.257918+07:00,261.6145605009997,11.891787104999821,RECOVERY,1690.193002293,1.0000021670002752,0.2518447250004101,9.505399975751061e-05,DISABLED,on,user_reported,36.73639678955078,55.06769561767578,1006.9234375,110654.8515625,True,True,True,176,0,0,109,178,101,2026-10-03T16:17:27.257986+07:00,261.61463805699987,0.18581506699956662,OK,,True,2026-10-03T16:17:27.443814+07:00,261.8004609939999,0.03300271799980692,OK,,True,1446,0.18075,,2026-10-03T16:17:27.476816+07:00,261.83346697100023,0.03292803299973457,OK,,True,2649,0.331125,
0bf084ef31f7482ebd09717ee53d72ed,263,2026-10-03T16:17:28.257920+07:00,262.6145602429997,12.891786846999821,RECOVERY,1691.193002035,0.999999742,0.2517732619999151,9.479599975747988e-05,DISABLED,on,user_reported,36.735755920410156,54.977996826171875,1006.901875,110654.8515625,True,True,True,176,0,0,109,178,101,2026-10-03T16:17:28.258005+07:00,262.61465615,0.18581714099946112,OK,,True,2026-10-03T16:17:28.443834+07:00,262.8004816249995,0.03298118000020622,OK,,True,1443,0.180375,,2026-10-03T16:17:28.476816+07:00,262.83346634200007,0.03285666299962031,OK,,True,2656,0.332,
0bf084ef31f7482ebd09717ee53d72ed,264,2026-10-03T16:17:29.257914+07:00,263.6145549109997,13.89178151499982,RECOVERY,1692.192996703,0.9999946679999994,0.2518817990003299,8.946399975684471e-05,DISABLED,on,user_reported,36.735755920410156,54.907623291015625,1006.867734375,111449.71875,True,True,True,176,0,0,109,178,101,2026-10-03T16:17:29.257992+07:00,263.6146434100001,0.18580571599977702,OK,,True,2026-10-03T16:17:29.443808+07:00,263.8004566259997,0.033160734999910346,OK,,True,1450,0.18125,,2026-10-03T16:17:29.476970+07:00,263.83362112099985,0.03280738499961444,OK,,True,2654,0.33175,
0bf084ef31f7482ebd09717ee53d72ed,265,2026-10-03T16:17:30.257908+07:00,264.6145490049994,14.891775608999524,RECOVERY,1693.1929907969998,0.9999940939997032,0.2517451890007578,8.355799946002662e-05,DISABLED,on,user_reported,36.738948822021484,54.856929779052734,1006.8934375,111595.46875,True,True,True,176,0,0,109,178,101,2026-10-03T16:17:30.257991+07:00,264.61464257900025,0.18580923399986204,OK,,True,2026-10-03T16:17:30.443812+07:00,264.8004595169996,0.032984125000439235,OK,,True,1441,0.180125,,2026-10-03T16:17:30.476797+07:00,264.83344734599996,0.03283831099997769,OK,,True,2653,0.331625,
0bf084ef31f7482ebd09717ee53d72ed,266,2026-10-03T16:17:31.257908+07:00,265.6145496179997,15.891776221999862,RECOVERY,1694.19299141,1.0000006130003385,0.2516771709997556,8.417099979851628e-05,DISABLED,on,user_reported,36.73448181152344,54.81789779663086,1006.899765625,110726.640625,True,True,True,176,0,0,109,178,101,2026-10-03T16:17:31.257988+07:00,265.6146394139996,0.1858013460005168,OK,,True,2026-10-03T16:17:31.443801+07:00,265.80044883400024,0.032948532999398594,OK,,True,1443,0.180375,,2026-10-03T16:17:31.476750+07:00,265.83340084799966,0.03281740400052513,OK,,True,2648,0.331,
0bf084ef31f7482ebd09717ee53d72ed,267,2026-10-03T16:17:32.257979+07:00,266.61460917600016,16.891835780000292,RECOVERY,1695.1930509680005,1.0000595580004301,0.26261634200000117,0.00014372900022863178,DISABLED,on,user_reported,36.732566833496094,54.76007843017578,1006.848671875,111087.0,True,True,True,176,0,0,109,178,101,2026-10-03T16:17:32.258140+07:00,266.61478965599963,0.19176695700025448,OK,,True,2026-10-03T16:17:32.449930+07:00,266.80657365000025,0.03535742499934713,OK,,True,1437,0.179625,,2026-10-03T16:17:32.485292+07:00,266.84194000000025,0.035264295999695605,OK,,True,2671,0.33387500000000003,
0bf084ef31f7482ebd09717ee53d72ed,268,2026-10-03T16:17:33.257934+07:00,267.6145733639996,17.89179996799976,RECOVERY,1696.193015156,0.999964187999467,0.2517326150000372,0.00010791699969558977,DISABLED,on,user_reported,36.73703384399414,54.690452575683594,1006.869609375,111741.59375,True,True,True,176,0,0,109,178,101,2026-10-03T16:17:33.258017+07:00,267.61466849299995,0.18580956799996784,OK,,True,2026-10-03T16:17:33.443838+07:00,267.8004859319999,0.032970532000035746,OK,,True,1446,0.18075,,2026-10-03T16:17:33.476808+07:00,267.83345953800017,0.032836533999216044,OK,,True,2657,0.332125,
0bf084ef31f7482ebd09717ee53d72ed,269,2026-10-03T16:17:34.257913+07:00,268.61455468299937,18.891781286999503,RECOVERY,1697.1929964749997,0.999981318999744,0.25176457700035826,8.923599943955196e-05,DISABLED,on,user_reported,36.72874069213867,54.650882720947266,1006.9178125,111595.46875,True,True,True,176,0,0,109,178,101,2026-10-03T16:17:34.257991+07:00,268.61464258900014,0.1858161049995033,OK,,True,2026-10-03T16:17:34.443819+07:00,268.80046710199986,0.032994588000292424,OK,,True,1438,0.17975,,2026-10-03T16:17:34.476814+07:00,268.83346480099954,0.03284538500065537,OK,,True,2654,0.33175,
0bf084ef31f7482ebd09717ee53d72ed,270,2026-10-03T16:17:35.257915+07:00,269.61455576000026,19.89178236400039,RECOVERY,1698.1929975520006,1.0000010770008885,0.2519920209997508,9.031300032802392e-05,DISABLED,on,user_reported,36.725547790527344,54.6248664855957,1006.905859375,111668.484375,True,True,True,176,0,0,109,178,101,2026-10-03T16:17:35.257994+07:00,269.61464527799944,0.18580630900032702,OK,,True,2026-10-03T16:17:35.443812+07:00,269.8004595129996,0.03323471600015182,OK,,True,1439,0.179875,,2026-10-03T16:17:35.477047+07:00,269.83369726599994,0.03284119999989343,OK,,True,2646,0.33075,
0bf084ef31f7482ebd09717ee53d72ed,271,2026-10-03T16:17:36.257915+07:00,270.6145556350002,20.89178223900035,RECOVERY,1699.1929974270006,0.9999998749999577,0.2517516889993203,9.018800028570695e-05,DISABLED,on,user_reported,36.725547790527344,54.56739044189453,1006.919609375,111304.3515625,True,True,True,176,0,0,109,178,101,2026-10-03T16:17:36.257994+07:00,270.614645357,0.1858152529994186,OK,,True,2026-10-03T16:17:36.443821+07:00,270.80046918399967,0.032987329000206955,OK,,True,1438,0.17975,,2026-10-03T16:17:36.476808+07:00,270.8334594019998,0.03283871799976623,OK,,True,2649,0.331125,
0bf084ef31f7482ebd09717ee53d72ed,272,2026-10-03T16:17:37.257923+07:00,271.61456237999937,21.891788983999504,RECOVERY,1700.1930041719997,1.0000067449991548,0.25189794800007803,9.693299944046885e-05,DISABLED,on,user_reported,36.72810363769531,54.53584289550781,1006.8278125,111814.8046875,True,True,True,176,0,0,109,178,101,2026-10-03T16:17:37.258006+07:00,271.6146572870002,0.18581078999977763,OK,,True,2026-10-03T16:17:37.443828+07:00,271.8004752070001,0.032958643999336346,OK,,True,1432,0.179,,2026-10-03T16:17:37.476787+07:00,271.8334374619999,0.03301138400001946,OK,,True,2650,0.33125,
0bf084ef31f7482ebd09717ee53d72ed,273,2026-10-03T16:17:38.257981+07:00,272.61461240300014,22.89183900700027,RECOVERY,1701.1930541950005,1.0000500230007674,0.26253167699996993,0.00014695600020786515,DISABLED,on,user_reported,36.72618865966797,54.50363540649414,1006.85203125,111961.515625,True,True,True,176,0,0,109,178,101,2026-10-03T16:17:38.258135+07:00,272.6147838649995,0.1917525500002739,OK,,True,2026-10-03T16:17:38.449910+07:00,272.80655398899944,0.03538935000051424,OK,,True,1462,0.18275,,2026-10-03T16:17:38.485304+07:00,272.8419522469994,0.035172778000742255,OK,,True,2669,0.333625,
0bf084ef31f7482ebd09717ee53d72ed,274,2026-10-03T16:17:39.257932+07:00,273.6145709269995,23.89179753099961,RECOVERY,1702.1930127189999,0.9999585239993394,0.25174417100060964,0.00010547999954724219,DISABLED,on,user_reported,36.72937774658203,54.45943832397461,1006.857265625,111961.515625,True,True,True,176,0,0,109,178,101,2026-10-03T16:17:39.258019+07:00,273.6146701309999,0.18582151200007502,OK,,True,2026-10-03T16:17:39.443852+07:00,273.8004995319998,0.03296592199967563,OK,,True,1439,0.179875,,2026-10-03T16:17:39.476817+07:00,273.83346878700013,0.03283634799936408,OK,,True,2648,0.331,
0bf084ef31f7482ebd09717ee53d72ed,275,2026-10-03T16:17:40.257920+07:00,274.6145606,24.89178720400014,RECOVERY,1703.1930023920004,0.9999896730005275,0.25169146799999,9.5153000074788e-05,DISABLED,on,user_reported,36.72746276855469,54.439998626708984,1006.854140625,111961.515625,True,True,True,176,0,0,109,178,101,2026-10-03T16:17:40.257997+07:00,274.61464848800006,0.18581471699963004,OK,,True,2026-10-03T16:17:40.443823+07:00,274.8004711859994,0.03296438500001386,OK,,True,1434,0.17925,,2026-10-03T16:17:40.476788+07:00,274.8334385150001,0.03280488600012177,OK,,True,2653,0.331625,
0bf084ef31f7482ebd09717ee53d72ed,276,2026-10-03T16:17:41.257912+07:00,275.6145541619999,25.89178076600001,RECOVERY,1704.1929959540003,0.9999935619998723,0.25163682000038534,8.871499994711485e-05,DISABLED,on,user_reported,36.724273681640625,54.407623291015625,1006.883203125,112182.296875,True,True,True,176,0,0,109,178,101,2026-10-03T16:17:41.257990+07:00,275.6146416800002,0.18579156799933116,OK,,True,2026-10-03T16:17:41.443792+07:00,275.8004398409994,0.03293770000072982,OK,,True,1440,0.18,,2026-10-03T16:17:41.476729+07:00,275.8333802629995,0.03280240399999457,OK,,True,2650,0.33125,
0bf084ef31f7482ebd09717ee53d72ed,277,2026-10-03T16:17:42.257916+07:00,276.6145568719994,26.891783475999546,RECOVERY,1705.1929986639998,1.000002709999535,0.252033188000496,9.14249994821148e-05,DISABLED,on,user_reported,36.719810485839844,54.375057220458984,1006.85546875,111741.59375,True,True,True,176,0,0,109,178,101,2026-10-03T16:17:42.257998+07:00,276.6146492600001,0.1858044949995019,OK,,True,2026-10-03T16:17:42.443813+07:00,276.8004610329999,0.03316306800024904,OK,,True,1443,0.180375,,2026-10-03T16:17:42.476976+07:00,276.8336271010003,0.03295186599916633,OK,,True,2651,0.33137500000000003,
0bf084ef31f7482ebd09717ee53d72ed,278,2026-10-03T16:17:43.257908+07:00,277.61454982299983,27.891776426999968,RECOVERY,1706.1929916150002,0.9999929510004222,0.251670765000199,8.43759999042959e-05,DISABLED,on,user_reported,36.71342849731445,54.37411880493164,1006.8178125,112478.03125,True,True,True,176,0,0,109,178,101,2026-10-03T16:17:43.257989+07:00,277.6146405640002,0.18579866099935316,OK,,True,2026-10-03T16:17:43.443797+07:00,277.80044511399956,0.03293703300005291,OK,,True,1440,0.18,,2026-10-03T16:17:43.476734+07:00,277.8333852579999,0.03282638499968016,OK,,True,2645,0.330625,
0bf084ef31f7482ebd09717ee53d72ed,279,2026-10-03T16:17:44.257977+07:00,278.6146094420001,28.891836046000208,RECOVERY,1707.1930512340004,1.0000596190002398,0.26215969799977756,0.0001439950001440593,DISABLED,on,user_reported,36.71151351928711,54.348323822021484,1006.78046875,112182.296875,True,True,True,176,0,0,109,178,101,2026-10-03T16:17:44.258117+07:00,278.61476744099946,0.19134227400081727,OK,,True,2026-10-03T16:17:44.449479+07:00,278.8061235109999,0.03541544400013663,OK,,True,1465,0.183125,,2026-10-03T16:17:44.484900+07:00,278.84154826899976,0.03519950099962443,OK,,True,2669,0.333625,
0bf084ef31f7482ebd09717ee53d72ed,280,2026-10-03T16:17:45.257926+07:00,279.6145658380001,29.891792442000224,RECOVERY,1708.1930076300005,0.999956396000016,0.25168741299967223,0.00010039100016001612,DISABLED,on,user_reported,36.71151351928711,54.32918930053711,1006.835234375,111961.515625,True,True,True,176,0,0,109,178,101,2026-10-03T16:17:45.258011+07:00,279.6146626339996,0.18579840199981845,OK,,True,2026-10-03T16:17:45.443819+07:00,279.80046709199996,0.03296034799950576,OK,,True,1450,0.18125,,2026-10-03T16:17:45.476780+07:00,279.8334306249999,0.032814051999594085,OK,,True,2649,0.331125,
0bf084ef31f7482ebd09717ee53d72ed,281,2026-10-03T16:17:46.257909+07:00,280.6145509019998,30.891777505999926,RECOVERY,1709.1929926940002,0.9999850639997021,0.2516747279996707,8.545499986212235e-05,DISABLED,on,user_reported,36.705772399902344,54.32833480834961,1006.87375,112108.6015625,True,True,True,176,0,0,109,178,101,2026-10-03T16:17:46.257988+07:00,280.61463929099955,0.18580093899981875,OK,,True,2026-10-03T16:17:46.443799+07:00,280.8004466000002,0.03294794099929277,OK,,True,1436,0.1795,,2026-10-03T16:17:46.476747+07:00,280.83339796699966,0.032819589000609994,OK,,True,2648,0.331,
0bf084ef31f7482ebd09717ee53d72ed,282,2026-10-03T16:17:47.257910+07:00,281.6145505220002,31.891777126000306,RECOVERY,1710.1929923140005,0.9999996200003807,0.25179315299919836,8.50750002427958e-05,DISABLED,on,user_reported,36.701942443847656,54.31501388549805,1006.90171875,112182.296875,True,True,True,176,0,0,109,178,101,2026-10-03T16:17:47.257993+07:00,281.6146450770002,0.18579718000000867,OK,,True,2026-10-03T16:17:47.443800+07:00,281.80044849800015,0.03294638499937719,OK,,True,1439,0.179875,,2026-10-03T16:17:47.476747+07:00,281.8333979379995,0.03293664400007401,OK,,True,2650,0.33125,
0bf084ef31f7482ebd09717ee53d72ed,283,2026-10-03T16:17:48.257925+07:00,282.61456582699975,32.891792430999885,RECOVERY,1711.1930076190001,1.0000153049995788,0.25193750400012505,0.00010037999982159818,DISABLED,on,user_reported,36.708961486816406,54.3160514831543,1006.885859375,112329.96875,True,True,True,176,0,0,109,178,101,2026-10-03T16:17:48.258002+07:00,282.6146539929996,0.1857985880005799,OK,,True,2026-10-03T16:17:48.443811+07:00,282.80045902500024,0.033204587000000174,OK,,True,1443,0.180375,,2026-10-03T16:17:48.477017+07:00,282.833667205,0.0328265520001878,OK,,True,2652,0.3315,
0bf084ef31f7482ebd09717ee53d72ed,284,2026-10-03T16:17:49.257909+07:00,283.6145497440002,33.89177634800035,RECOVERY,1712.1929915360006,0.9999839170004634,0.2517274689998885,8.42970002850052e-05,DISABLED,on,user_reported,36.71342849731445,54.31033706665039,1006.899921875,112403.953125,True,True,True,176,0,0,109,178,101,2026-10-03T16:17:49.257989+07:00,283.6146402249997,0.1857960510005796,OK,,True,2026-10-03T16:17:49.443796+07:00,283.80044427600023,0.03299229200001719,OK,,True,1446,0.18075,,2026-10-03T16:17:49.476790+07:00,283.8334399569994,0.03281923700069456,OK,,True,2650,0.33125,
0bf084ef31f7482ebd09717ee53d72ed,285,2026-10-03T16:17:50.257963+07:00,284.61459536500024,34.891821969000375,RECOVERY,1713.1930371570006,1.0000456210000266,0.26255245599986665,0.00012991800031159073,DISABLED,on,user_reported,36.70960235595703,54.31614303588867,1006.907421875,112108.6015625,True,True,True,176,0,0,109,178,101,2026-10-03T16:17:50.258105+07:00,284.6147553639994,0.19155458800014458,OK,,True,2026-10-03T16:17:50.449684+07:00,284.806327841,0.035624015999928815,OK,,True,1433,0.179125,,2026-10-03T16:17:50.485315+07:00,284.84196167200025,0.03516387099989515,OK,,True,2659,0.33237500000000003,
0bf084ef31f7482ebd09717ee53d72ed,286,2026-10-03T16:17:51.257993+07:00,285.61462335600027,35.8918499600004,RECOVERY,1714.1930651480006,1.0000279910000245,0.26252410499910184,0.00015790900033607613,DISABLED,on,user_reported,36.70960235595703,54.30339050292969,1006.893671875,112700.859375,True,True,True,176,0,0,109,178,101,2026-10-03T16:17:51.258153+07:00,285.61480315100016,0.19172144000003755,OK,,True,2026-10-03T16:17:51.449893+07:00,285.8065392950002,0.03539857299983851,OK,,True,1458,0.18225,,2026-10-03T16:17:51.485299+07:00,285.8419464050003,0.03518057399924146,OK,,True,2659,0.33237500000000003,
0bf084ef31f7482ebd09717ee53d72ed,287,2026-10-03T16:17:52.257928+07:00,286.6145686079999,36.891795212000034,RECOVERY,1715.1930104000003,0.9999452519996339,0.25188202299978,0.00010316099996998673,DISABLED,on,user_reported,36.70768356323242,54.28398132324219,1006.876796875,111888.109375,True,True,True,176,0,0,109,178,101,2026-10-03T16:17:52.258011+07:00,286.6146623479999,0.1858096440000736,OK,,True,2026-10-03T16:17:52.443832+07:00,286.8004804729999,0.03295473700018192,OK,,True,1452,0.1815,,2026-10-03T16:17:52.476788+07:00,286.8334385799999,0.033000587999595155,OK,,True,2651,0.33137500000000003,
0bf084ef31f7482ebd09717ee53d72ed,288,2026-10-03T16:17:53.257910+07:00,287.61455152599956,37.89177812999969,RECOVERY,1716.192993318,0.9999829179996595,0.25180506100059574,8.607899962953525e-05,DISABLED,on,user_reported,36.71342849731445,54.2784538269043,1006.893125,112329.96875,True,True,True,176,0,0,109,178,101,2026-10-03T16:17:53.257989+07:00,287.6146406930002,0.18580155099971307,OK,,True,2026-10-03T16:17:53.443802+07:00,287.80045059500026,0.03301068099972326,OK,,True,1437,0.179625,,2026-10-03T16:17:53.476814+07:00,287.8334642210002,0.032882402999348415,OK,,True,2650,0.33125,
0bf084ef31f7482ebd09717ee53d72ed,289,2026-10-03T16:17:54.257913+07:00,288.6145538339997,38.89178043799984,RECOVERY,1717.192995626,1.0000023080001483,0.25182009800028027,8.838699977786746e-05,DISABLED,on,user_reported,36.71215057373047,54.271888732910156,1006.8771875,112849.8984375,True,True,True,176,0,0,109,178,101,2026-10-03T16:17:54.257991+07:00,288.6146425930001,0.1858117179999681,OK,,True,2026-10-03T16:17:54.443816+07:00,288.8004634399995,0.03301621800073917,OK,,True,1443,0.180375,,2026-10-03T16:17:54.476835+07:00,288.83348434300024,0.032879570999284624,OK,,True,2651,0.33137500000000003,
0bf084ef31f7482ebd09717ee53d72ed,290,2026-10-03T16:17:55.257918+07:00,289.61455947600007,39.8917860800002,RECOVERY,1718.1930012680004,1.0000056420003602,0.2519496149998304,9.402900013810722e-05,DISABLED,on,user_reported,36.71916961669922,54.26655960083008,1006.806484375,112626.484375,True,True,True,176,0,0,109,178,101,2026-10-03T16:17:55.257998+07:00,289.61464988199987,0.18580707000000984,OK,,True,2026-10-03T16:17:55.443817+07:00,289.8004647299995,0.0331711050002923,OK,,True,1439,0.179875,,2026-10-03T16:17:55.476989+07:00,289.83363922399985,0.03286066399959964,OK,,True,2656,0.332,
0bf084ef31f7482ebd09717ee53d72ed,291,2026-10-03T16:17:56.257922+07:00,290.6145620059997,40.89178860999982,RECOVERY,1719.193003798,1.0000025299996196,0.25177280200023233,9.655899975768989e-05,DISABLED,on,user_reported,36.70768356323242,54.23298263549805,1006.84953125,112924.5703125,True,True,True,176,0,0,109,178,101,2026-10-03T16:17:56.258007+07:00,290.61465848700027,0.1858230879997791,OK,,True,2026-10-03T16:17:56.443842+07:00,290.80049003800013,0.03298471800007974,OK,,True,1447,0.180875,,2026-10-03T16:17:56.476829+07:00,290.8334786639998,0.03284597800029587,OK,,True,2644,0.3305,
0bf084ef31f7482ebd09717ee53d72ed,292,2026-10-03T16:17:57.257915+07:00,291.614555352,41.89178195600016,RECOVERY,1720.1929971440004,0.9999933460003376,0.25188772799992876,8.990500009531388e-05,DISABLED,on,user_reported,36.705772399902344,54.23907470703125,1006.860078125,112108.6015625,True,True,True,176,0,0,109,178,101,2026-10-03T16:17:57.257998+07:00,291.61464955500014,0.18580840300001,OK,,True,2026-10-03T16:17:57.443818+07:00,291.80046582900013,0.03299103300014394,OK,,True,1445,0.180625,,2026-10-03T16:17:57.476809+07:00,291.8334600099997,0.03297238400045899,OK,,True,2652,0.3315,
0bf084ef31f7482ebd09717ee53d72ed,293,2026-10-03T16:17:58.257908+07:00,292.6145486059995,42.89177520999965,RECOVERY,1721.192990398,0.9999932539994916,0.25180619100046897,8.315899958688533e-05,DISABLED,on,user_reported,36.70449447631836,54.226139068603516,1006.816953125,112999.3359375,True,True,True,176,0,0,109,178,101,2026-10-03T16:17:58.257989+07:00,292.6146403829998,0.1858020330000727,OK,,True,2026-10-03T16:17:58.443802+07:00,292.80045004600015,0.03303840199987462,OK,,True,1448,0.181,,2026-10-03T16:17:58.476842+07:00,292.83349213400015,0.03285334799966222,OK,,True,2653,0.331625,
0bf084ef31f7482ebd09717ee53d72ed,294,2026-10-03T16:17:59.257916+07:00,293.61455680400013,43.891783408000265,RECOVERY,1722.1929985960005,1.0000081980006144,0.2517243399997824,9.135700020124204e-05,DISABLED,on,user_reported,36.69939422607422,54.212623596191406,1006.80859375,112849.8984375,True,True,True,176,0,0,109,178,101,2026-10-03T16:17:59.258001+07:00,293.6146522299996,0.1857980510003472,OK,,True,2026-10-03T16:17:59.443810+07:00,293.80045789199994,0.03298101499967743,OK,,True,1435,0.179375,,2026-10-03T16:17:59.476792+07:00,293.83344222100004,0.03282094199948915,OK,,True,2648,0.331,
0bf084ef31f7482ebd09717ee53d72ed,295,2026-10-03T16:18:00.257909+07:00,294.6145503179996,44.891776921999735,RECOVERY,1723.19299211,0.9999935139994705,0.25181080299989844,8.487099967169343e-05,DISABLED,on,user_reported,36.705772399902344,54.200828552246094,1006.860078125,112108.6015625,True,True,True,176,0,0,109,178,101,2026-10-03T16:18:00.257993+07:00,294.61464446599985,0.18580758799998875,OK,,True,2026-10-03T16:18:00.443812+07:00,294.80046047999986,0.033029291999810084,OK,,True,1443,0.180375,,2026-10-03T16:18:00.476844+07:00,294.8334936609999,0.03285877399957826,OK,,True,2652,0.3315,
0bf084ef31f7482ebd09717ee53d72ed,296,2026-10-03T16:18:01.257945+07:00,295.61458318399946,45.89180978799959,RECOVERY,1724.1930249759998,1.0000328659998559,0.25203150500055926,0.00011773699952755123,DISABLED,on,user_reported,36.70066833496094,54.18095016479492,1006.845078125,112552.2109375,True,True,True,176,0,0,109,178,101,2026-10-03T16:18:01.258041+07:00,295.6146928870003,0.18582640299973718,OK,,True,2026-10-03T16:18:01.443880+07:00,295.80052790099944,0.033232254000722605,OK,,True,1436,0.1795,,2026-10-03T16:18:01.477114+07:00,295.83376383999985,0.03284186699966085,OK,,True,2651,0.33137500000000003,
0bf084ef31f7482ebd09717ee53d72ed,297,2026-10-03T16:18:02.257915+07:00,296.6145557539994,46.891782357999546,RECOVERY,1725.1929975459998,0.9999725699999544,0.2518656730007933,9.030699948198162e-05,DISABLED,on,user_reported,36.703857421875,54.168678283691406,1006.84328125,112849.8984375,True,True,True,176,0,0,109,178,101,2026-10-03T16:18:02.257999+07:00,296.6146507169997,0.18580266200024198,OK,,True,2026-10-03T16:18:02.443813+07:00,296.80046084199967,0.03300581100029376,OK,,True,1442,0.18025,,2026-10-03T16:18:02.476821+07:00,296.83347078299994,0.032940013999905204,OK,,True,2647,0.33087500000000003,
0bf084ef31f7482ebd09717ee53d72ed,298,2026-10-03T16:18:03.257915+07:00,297.61455560299964,47.89178220699978,RECOVERY,1726.192997395,0.9999998490002326,0.25172183999984554,9.015599971462507e-05,DISABLED,on,user_reported,36.69683837890625,54.16764450073242,1006.790859375,112626.484375,True,True,True,176,0,0,109,178,101,2026-10-03T16:18:03.257997+07:00,297.61464849099957,0.18580358899998828,OK,,True,2026-10-03T16:18:03.443812+07:00,297.80046031999973,0.03296520000003511,OK,,True,1441,0.180125,,2026-10-03T16:18:03.476777+07:00,297.83342833499955,0.03282773699993413,OK,,True,2647,0.33087500000000003,
0bf084ef31f7482ebd09717ee53d72ed,299,2026-10-03T16:18:04.257916+07:00,298.61455596999986,48.89178257399999,RECOVERY,1727.1929977620002,1.0000003670002116,0.2517819140002757,9.052299992617918e-05,DISABLED,on,user_reported,36.69811248779297,54.16145706176758,1006.91609375,112478.03125,True,True,True,176,0,0,109,178,101,2026-10-03T16:18:04.258002+07:00,298.61465333900014,0.1858019779992901,OK,,True,2026-10-03T16:18:04.443815+07:00,298.80046355800005,0.03302384699964023,OK,,True,1438,0.17975,,2026-10-03T16:18:04.476842+07:00,298.8334914420002,0.03283794199978729,OK,,True,2648,0.331,
0bf084ef31f7482ebd09717ee53d72ed,300,2026-10-03T16:18:05.257915+07:00,299.6145559480001,49.89178255200022,RECOVERY,1728.1929977400005,0.9999999780002327,0.2516978220000965,9.0501000158838e-05,DISABLED,on,user_reported,36.69364929199219,54.1799201965332,1006.88140625,112329.96875,True,True,True,176,0,0,109,178,101,2026-10-03T16:18:05.257997+07:00,299.6146483550001,0.18580931099950249,OK,,True,2026-10-03T16:18:05.443818+07:00,299.80046581399984,0.03297008899971843,OK,,True,1453,0.181625,,2026-10-03T16:18:05.476788+07:00,299.83343923600023,0.03280520099997375,OK,,True,2647,0.33087500000000003,
0bf084ef31f7482ebd09717ee53d72ed,301,2026-10-03T16:18:06.257926+07:00,300.6145655199998,50.89179212399995,RECOVERY,1729.1930073120002,1.0000095719997262,0.2517886550003823,0.00010007299988501472,DISABLED,on,user_reported,36.69237518310547,54.1669807434082,1006.893046875,112775.328125,True,True,True,176,0,0,109,178,101,2026-10-03T16:18:06.258011+07:00,300.6146629819996,0.18580760800068674,OK,,True,2026-10-03T16:18:06.443830+07:00,300.8004781079999,0.03303107000010641,OK,,True,1441,0.180125,,2026-10-03T16:18:06.476864+07:00,300.8335131590002,0.03283138599999802,OK,,True,2647,0.33087500000000003,
0bf084ef31f7482ebd09717ee53d72ed,302,2026-10-03T16:18:07.257909+07:00,301.6145488880002,51.891775492000306,RECOVERY,1730.1929906800005,0.9999833680003576,0.25222241199935524,8.344100024260115e-05,DISABLED,on,user_reported,36.69683837890625,54.16127014160156,1006.907265625,113525.5,True,True,True,176,0,0,109,178,101,2026-10-03T16:18:07.257992+07:00,301.61464386900025,0.18580794099943887,OK,,True,2026-10-03T16:18:07.443812+07:00,301.80045990300005,0.03325182699973084,OK,,True,1446,0.18075,,2026-10-03T16:18:07.477065+07:00,301.83371556400016,0.0330441799997061,OK,,True,2645,0.330625,
0bf084ef31f7482ebd09717ee53d72ed,303,2026-10-03T16:18:08.257917+07:00,302.61455686799945,52.89178347199959,RECOVERY,1731.1929986599998,1.0000079799992818,0.2517727480008034,9.14209995244164e-05,DISABLED,on,user_reported,36.69747543334961,54.148624420166016,1006.89453125,112700.859375,True,True,True,176,0,0,109,178,101,2026-10-03T16:18:08.258004+07:00,302.6146557009997,0.1858043110005383,OK,,True,2026-10-03T16:18:08.443819+07:00,302.80046742000013,0.03299571799925616,OK,,True,1440,0.18,,2026-10-03T16:18:08.476816+07:00,302.8334671189996,0.032853108000381326,OK,,True,2646,0.33075,
0bf084ef31f7482ebd09717ee53d72ed,304,2026-10-03T16:18:09.257970+07:00,303.61458606999986,53.89181267399999,RECOVERY,1732.1930278620002,1.0000292020004053,0.2517183039999509,0.00012062299992976477,DISABLED,on,user_reported,36.69428634643555,54.160892486572266,1006.85515625,112999.3359375,True,True,True,176,0,0,109,178,101,2026-10-03T16:18:09.258057+07:00,303.6147087549998,0.1858001079999667,OK,,True,2026-10-03T16:18:09.443869+07:00,303.80051688099957,0.03294890400047734,OK,,True,1445,0.180625,,2026-10-03T16:18:09.476818+07:00,303.83346902499943,0.03282703400054743,OK,,True,2650,0.33125,
0bf084ef31f7482ebd09717ee53d72ed,305,2026-10-03T16:18:10.257909+07:00,304.6145497919997,54.89177639599984,RECOVERY,1733.192991584,0.9999637219998476,0.25177198900018993,8.434499977738596e-05,DISABLED,on,user_reported,36.7013053894043,54.16193389892578,1006.866484375,112552.2109375,True,True,True,176,0,0,109,178,101,2026-10-03T16:18:10.257993+07:00,304.61464499500016,0.1858076259995869,OK,,True,2026-10-03T16:18:10.443813+07:00,304.80046097299964,0.03300664400012465,OK,,True,1449,0.181125,,2026-10-03T16:18:10.476822+07:00,304.83347163599956,0.03284147800059145,OK,,True,2648,0.331,
0bf084ef31f7482ebd09717ee53d72ed,306,2026-10-03T16:18:11.257914+07:00,305.61455421699975,55.891780820999884,RECOVERY,1734.1929960090001,1.0000044250000428,0.251757600000019,8.876999982021516e-05,DISABLED,on,user_reported,36.70003128051758,54.15537643432617,1006.871328125,112626.484375,True,True,True,176,0,0,109,178,101,2026-10-03T16:18:11.258000+07:00,305.6146520129996,0.18582416299977922,OK,,True,2026-10-03T16:18:11.443836+07:00,305.800483473,0.03297871799986751,OK,,True,1433,0.179125,,2026-10-03T16:18:11.476815+07:00,305.83346541299943,0.03283710800042172,OK,,True,2648,0.331,
0bf084ef31f7482ebd09717ee53d72ed,307,2026-10-03T16:18:12.258285+07:00,306.6149116409997,56.89213824499984,RECOVERY,1735.193353433,1.000357423999958,0.2532491090005351,0.0004461939997781883,DISABLED,on,user_reported,36.69683837890625,54.16127014160156,1006.879765625,113299.40625,True,True,True,176,0,0,109,178,101,2026-10-03T16:18:12.258455+07:00,306.6151045659999,0.18704193299981853,OK,,True,2026-10-03T16:18:12.445507+07:00,306.802154944,0.033044124999833,OK,,True,1435,0.179375,,2026-10-03T16:18:12.478554+07:00,306.835202921,0.03294599599939829,OK,,True,2647,0.33087500000000003,
0bf084ef31f7482ebd09717ee53d72ed,308,2026-10-03T16:18:13.257921+07:00,307.6145616619997,57.89178826599982,RECOVERY,1736.193003454,0.9996500209999795,0.2517591559999346,9.621499975764891e-05,DISABLED,on,user_reported,36.70513153076172,54.156124114990234,1006.872734375,112849.8984375,True,True,True,176,0,0,109,178,101,2026-10-03T16:18:13.258007+07:00,307.614658124,0.18582055299975764,OK,,True,2026-10-03T16:18:13.443839+07:00,307.80048702899967,0.03297071799988771,OK,,True,1439,0.179875,,2026-10-03T16:18:13.476810+07:00,307.83346074699966,0.032850423000127194,OK,,True,2657,0.332125,
0bf084ef31f7482ebd09717ee53d72ed,309,2026-10-03T16:18:14.257913+07:00,308.61455418100013,58.891780785000265,RECOVERY,1737.1929959730005,0.9999925190004433,0.2520107469999857,8.873400020092959e-05,DISABLED,on,user_reported,36.69556427001953,54.1419677734375,1006.823046875,113299.40625,True,True,True,176,0,0,109,178,101,2026-10-03T16:18:14.257999+07:00,308.61465056999987,0.1858137369999895,OK,,True,2026-10-03T16:18:14.443825+07:00,308.80047238099996,0.033261401999880036,OK,,True,1445,0.180625,,2026-10-03T16:18:14.477088+07:00,308.83373783800016,0.03281842299929849,OK,,True,2649,0.331125,
0bf084ef31f7482ebd09717ee53d72ed,310,2026-10-03T16:18:15.257952+07:00,309.61459110800024,59.891817712000375,RECOVERY,1738.1930329000006,1.0000369270001102,0.2538146239994603,0.00012566100031108363,DISABLED,on,user_reported,36.69364929199219,54.13531494140625,1006.88140625,112775.328125,True,True,True,176,0,0,109,178,101,2026-10-03T16:18:15.258040+07:00,309.6146919590001,0.185812404999524,OK,,True,2026-10-03T16:18:15.443864+07:00,309.80051223400005,0.03445100499993714,OK,,True,1431,0.178875,,2026-10-03T16:18:15.478322+07:00,309.834969517,0.03342253000027995,OK,,True,2647,0.33087500000000003,
0bf084ef31f7482ebd09717ee53d72ed,311,2026-10-03T16:18:16.257946+07:00,310.61458375799975,0.8918103619998874,WAIT_FINISH,1739.1930255500001,0.9999926499995127,0.2522321340002236,0.00011831099982373416,DISABLED,on,user_reported,36.70003128051758,54.12989044189453,1006.802890625,113074.203125,True,True,True,176,0,0,109,178,101,2026-10-03T16:18:16.258033+07:00,310.6146842199996,0.1858380710000347,OK,,True,2026-10-03T16:18:16.443885+07:00,310.8005322170002,0.0333410309995088,OK,,True,1449,0.181125,,2026-10-03T16:18:16.477230+07:00,310.8338786739996,0.03292755100028444,OK,,True,2651,0.33137500000000003,
0bf084ef31f7482ebd09717ee53d72ed,312,2026-10-03T16:18:17.257993+07:00,311.61462812900027,1.8918547330004003,WAIT_FINISH,1740.1930699210006,1.000044371000513,0.26324962099988625,0.0001626820003366447,DISABLED,on,user_reported,36.69811248779297,54.12322998046875,1006.8134375,113074.203125,True,True,True,176,0,0,109,178,101,2026-10-03T16:18:17.258111+07:00,311.61476231399956,0.1906505590004599,OK,,True,2026-10-03T16:18:17.448786+07:00,311.8054293360001,0.03557951699986006,OK,,True,1440,0.18,,2026-10-03T16:18:17.484370+07:00,311.84101768599976,0.036827249999987544,OK,,True,2662,0.33275,
0bf084ef31f7482ebd09717ee53d72ed,313,2026-10-03T16:18:18.258005+07:00,312.61464398299995,2.891870587000085,WAIT_FINISH,1741.1930857750003,1.0000158539996846,0.252176431999942,0.00017853600002126768,DISABLED,on,user_reported,36.69556427001953,54.11011505126953,1006.84359375,112700.859375,True,True,True,176,0,0,109,178,101,2026-10-03T16:18:18.258093+07:00,312.61474468599954,0.1859093490002124,OK,,True,2026-10-03T16:18:18.444015+07:00,312.8006623129995,0.03304684700015059,OK,,True,1434,0.17925,,2026-10-03T16:18:18.477063+07:00,312.8337134929998,0.033093680999627395,OK,,True,2645,0.330625,
0bf084ef31f7482ebd09717ee53d72ed,314,2026-10-03T16:18:19.257960+07:00,313.6145960599997,3.8918226639998466,WAIT_FINISH,1742.193037852,0.9999520769997616,0.2520438589999685,0.00013061299978289753,DISABLED,on,user_reported,36.68599319458008,54.11506652832031,1006.841640625,112329.96875,True,True,True,176,0,0,109,178,101,2026-10-03T16:18:19.258072+07:00,313.61472231900007,0.1858351450000555,OK,,True,2026-10-03T16:18:19.443919+07:00,313.80056613099987,0.03322875399953773,OK,,True,1438,0.17975,,2026-10-03T16:18:19.477148+07:00,313.83379857,0.03283108899995568,OK,,True,2650,0.33125,
