run_id,seq,timestamp,elapsed_s,phase_elapsed_s,phase,sensor_uptime_s,loop_interval_s,loop_duration_s,schedule_lag_s,pump_command,external_pump_state,external_pump_source,temperature_c,humidity_pct,pressure_hpa,gas_resistance_ohm,gas_valid,heater_stable,new_data,bme_status_bits,bme_meas_index,bme_gas_index,bme_res_heat,bme_idac,bme_gas_wait,bme_read_started_at,bme_read_elapsed_s,bme_read_duration_s,bme_status,bme_error,bme_fresh,mq135_read_started_at,mq135_read_elapsed_s,mq135_read_duration_s,mq135_status,mq135_error,mq135_fresh,mq135_adc_count,mq135_voltage_v,mq135_ao_voltage_v,mq3_read_started_at,mq3_read_elapsed_s,mq3_read_duration_s,mq3_status,mq3_error,mq3_fresh,mq3_adc_count,mq3_voltage_v,mq3_ao_voltage_v
ac7c1fb6273f4dd882b2671f72ec1778,1,2026-10-03T16:07:40.257917+07:00,0.6568887729999915,0.6568887729999915,MONITOR,1103.192998558,0.9999938929995551,0.2522231990005821,9.131899969361257e-05,DISABLED,on,user_reported,36.59667205810547,53.38981246948242,1006.737890625,118081.1796875,True,True,True,176,0,0,109,178,101,2026-10-03T16:07:40.258002+07:00,0.6569856420001088,0.18583150100039347,OK,,True,2026-10-03T16:07:40.443846+07:00,0.842825587000334,0.033134387000245624,OK,,True,1427,0.178375,,2026-10-03T16:07:40.476981+07:00,0.8759635670003263,0.033137071000055585,OK,,True,2648,0.331,
ac7c1fb6273f4dd882b2671f72ec1778,2,2026-10-03T16:07:41.257917+07:00,1.656889425999907,1.656889425999907,MONITOR,1104.192999211,1.0000006529999155,0.2517549800004417,9.19719996090862e-05,DISABLED,on,user_reported,36.58965301513672,53.39513397216797,1006.71984375,118491.09375,True,True,True,176,0,0,109,178,101,2026-10-03T16:07:41.258000+07:00,1.656983683999897,0.18581042700043326,OK,,True,2026-10-03T16:07:41.443822+07:00,1.8428020190003735,0.03299040599995351,OK,,True,1446,0.18075,,2026-10-03T16:07:41.476813+07:00,1.8757954060001794,0.03284061100021063,OK,,True,2643,0.33037500000000003,
ac7c1fb6273f4dd882b2671f72ec1778,3,2026-10-03T16:07:42.257917+07:00,2.6568890620001184,2.6568890620001184,MONITOR,1105.1929988470001,0.9999996360002115,0.2537955770003464,9.160799982055323e-05,DISABLED,on,user_reported,36.588375091552734,53.40128707885742,1006.881875,118162.9375,True,True,True,176,0,0,109,178,101,2026-10-03T16:07:42.257999+07:00,2.656982765000066,0.18610066499968525,OK,,True,2026-10-03T16:07:42.444117+07:00,2.843094763999943,0.033465088000411924,OK,,True,1433,0.179125,,2026-10-03T16:07:42.477588+07:00,2.876566740999806,0.03410112100027618,OK,,True,2628,0.3285,
ac7c1fb6273f4dd882b2671f72ec1778,4,2026-10-03T16:07:43.257918+07:00,3.656890865000605,3.656890865000605,MONITOR,1106.1930006500006,1.0000018030004867,0.25174194399914995,9.341100030724192e-05,DISABLED,on,user_reported,36.586463928222656,53.4137077331543,1006.77609375,118081.1796875,True,True,True,176,0,0,109,178,101,2026-10-03T16:07:43.257997+07:00,3.656981050000468,0.18580942700009473,OK,,True,2026-10-03T16:07:43.443818+07:00,3.842798125000627,0.03298712899959355,OK,,True,1437,0.179625,,2026-10-03T16:07:43.476805+07:00,3.8757884020005804,0.03283525899951201,OK,,True,2649,0.331125,
ac7c1fb6273f4dd882b2671f72ec1778,5,2026-10-03T16:07:44.257952+07:00,4.656922559000122,4.656922559000122,MONITOR,1107.1930323440001,1.0000316939995173,0.2517957589998332,0.00012510499982454348,DISABLED,on,user_reported,36.59730911254883,53.42163848876953,1006.807421875,117836.59375,True,True,True,176,0,0,109,178,101,2026-10-03T16:07:44.258037+07:00,4.6570207069999014,0.1858444449999297,OK,,True,2026-10-03T16:07:44.443894+07:00,4.842873375000636,0.03301351699974475,OK,,True,1444,0.1805,,2026-10-03T16:07:44.476907+07:00,4.875890151000021,0.03281805599999643,OK,,True,2648,0.331,
ac7c1fb6273f4dd882b2671f72ec1778,6,2026-10-03T16:07:45.257910+07:00,5.6568839950004985,5.6568839950004985,MONITOR,1108.1929937800005,0.9999614360003761,0.25189172199952736,8.654100020066835e-05,DISABLED,on,user_reported,36.60240936279297,53.43508529663086,1006.829296875,117918.0078125,True,True,True,176,0,0,109,178,101,2026-10-03T16:07:45.257992+07:00,5.656975884000531,0.1858132609995664,OK,,True,2026-10-03T16:07:45.443817+07:00,5.84279719999995,0.03309688700028346,OK,,True,1441,0.180125,,2026-10-03T16:07:45.476914+07:00,5.875897310000255,0.032869517999642994,OK,,True,2651,0.33137500000000003,
ac7c1fb6273f4dd882b2671f72ec1778,7,2026-10-03T16:07:46.257946+07:00,6.656917136000629,6.656917136000629,MONITOR,1109.1930269210006,1.0000331410001309,0.2517753709998942,0.00011968200033152243,DISABLED,on,user_reported,36.60240936279297,53.42873764038086,1006.774609375,117836.59375,True,True,True,176,0,0,109,178,101,2026-10-03T16:07:46.258063+07:00,6.657046246000391,0.18582359499941958,OK,,True,2026-10-03T16:07:46.443898+07:00,6.8428781000002346,0.032974517999718955,OK,,True,1454,0.18175,,2026-10-03T16:07:46.476873+07:00,6.875855822000631,0.03282636999938404,OK,,True,2647,0.33087500000000003,
ac7c1fb6273f4dd882b2671f72ec1778,8,2026-10-03T16:07:47.257911+07:00,7.656884648999949,7.656884648999949,MONITOR,1110.192994434,0.9999675129993193,0.25276056800066726,8.719499965081923e-05,DISABLED,on,user_reported,36.60240936279297,53.447776794433594,1006.836171875,117918.0078125,True,True,True,176,0,0,109,178,101,2026-10-03T16:07:47.257993+07:00,7.656976260000192,0.18624959200042213,OK,,True,2026-10-03T16:07:47.444260+07:00,7.8432385000005524,0.0336889379996137,OK,,True,1434,0.17925,,2026-10-03T16:07:47.477955+07:00,7.876934345999871,0.032696982000743446,OK,,True,2630,0.32875,
ac7c1fb6273f4dd882b2671f72ec1778,9,2026-10-03T16:07:48.258024+07:00,8.656987866000236,8.656987866000236,MONITOR,1111.1930976510002,1.0001032170002873,0.2519067969997195,0.00019041199993807822,DISABLED,on,user_reported,36.6056022644043,53.441890716552734,1006.82765625,118162.9375,True,True,True,176,0,0,109,178,101,2026-10-03T16:07:48.258162+07:00,8.657145531999959,0.18588400200042088,OK,,True,2026-10-03T16:07:48.444058+07:00,8.843038126000465,0.03299936999974307,OK,,True,1443,0.180375,,2026-10-03T16:07:48.477058+07:00,8.876040903000103,0.03284444499968231,OK,,True,2651,0.33137500000000003,
ac7c1fb6273f4dd882b2671f72ec1778,10,2026-10-03T16:07:49.257939+07:00,9.656910919000438,9.656910919000438,MONITOR,1112.1930207040004,0.9999230530002023,0.25218231300004845,0.00011346500014042249,DISABLED,on,user_reported,36.606239318847656,53.441993713378906,1006.760390625,118162.9375,True,True,True,176,0,0,109,178,101,2026-10-03T16:07:49.258028+07:00,9.657011641000281,0.18588015000023006,OK,,True,2026-10-03T16:07:49.443921+07:00,9.842900347000068,0.03329394100001082,OK,,True,1440,0.18,,2026-10-03T16:07:49.477220+07:00,9.876199991999783,0.032881814000575105,OK,,True,2652,0.3315,
ac7c1fb6273f4dd882b2671f72ec1778,11,2026-10-03T16:07:50.257943+07:00,10.656914232000418,10.656914232000418,MONITOR,1113.1930240170004,1.0000033129999792,0.25174029800018616,0.0001167780001196661,DISABLED,on,user_reported,36.60751724243164,53.42947769165039,1006.78296875,117918.0078125,True,True,True,176,0,0,109,178,101,2026-10-03T16:07:50.258031+07:00,10.657014268000239,0.18581676299982064,OK,,True,2026-10-03T16:07:50.443859+07:00,10.842839605000336,0.03295768399948429,OK,,True,1453,0.181625,,2026-10-03T16:07:50.476818+07:00,10.875800363000053,0.03284535200054961,OK,,True,2646,0.33075,
ac7c1fb6273f4dd882b2671f72ec1778,12,2026-10-03T16:07:51.257907+07:00,11.656879861000562,11.656879861000562,MONITOR,1114.1929896460006,0.999965629000144,0.25178400200002216,8.240700026362902e-05,DISABLED,on,user_reported,36.60688018798828,53.44843292236328,1006.754453125,117755.2890625,True,True,True,176,0,0,109,178,101,2026-10-03T16:07:51.257994+07:00,11.656977120000192,0.18581355900005292,OK,,True,2026-10-03T16:07:51.443819+07:00,11.842798622999908,0.03301727699999901,OK,,True,1446,0.18075,,2026-10-03T16:07:51.476837+07:00,11.875819437000246,0.032835555999554344,OK,,True,2651,0.33137500000000003,
ac7c1fb6273f4dd882b2671f72ec1778,13,2026-10-03T16:07:52.257908+07:00,12.656880788000308,12.656880788000308,MONITOR,1115.1929905730003,1.0000009269997463,0.252958031000162,8.333400000992697e-05,DISABLED,on,user_reported,36.60688018798828,53.44208526611328,1006.788671875,117999.5390625,True,True,True,176,0,0,109,178,101,2026-10-03T16:07:52.257991+07:00,12.656975009000234,0.1858151149999685,OK,,True,2026-10-03T16:07:52.443819+07:00,12.842798253000183,0.03389051199974347,OK,,True,1434,0.17925,,2026-10-03T16:07:52.477719+07:00,12.876697302000139,0.03312327599996934,OK,,True,2634,0.32925,
ac7c1fb6273f4dd882b2671f72ec1778,14,2026-10-03T16:07:53.257924+07:00,13.656896808000056,13.656896808000056,MONITOR,1116.193006593,1.000016019999748,0.25232290599979024,9.935399975802284e-05,DISABLED,on,user_reported,36.6107063293457,53.45534133911133,1006.76078125,118573.4140625,True,True,True,176,0,0,109,178,101,2026-10-03T16:07:53.258007+07:00,13.656990399999813,0.18585717000041768,OK,,True,2026-10-03T16:07:53.443878+07:00,13.842857311000444,0.033093424000071536,OK,,True,1433,0.179125,,2026-10-03T16:07:53.476978+07:00,13.875956734999818,0.03325155300080951,OK,,True,2650,0.33125,
ac7c1fb6273f4dd882b2671f72ec1778,15,2026-10-03T16:07:54.257919+07:00,14.65689145899978,14.65689145899978,MONITOR,1117.1930012439998,0.9999946509997244,0.25174267000056716,9.400499948242214e-05,DISABLED,on,user_reported,36.60688018798828,53.44843292236328,1006.7203125,118081.1796875,True,True,True,176,0,0,109,178,101,2026-10-03T16:07:54.258004+07:00,14.656987922000553,0.18583570699956908,OK,,True,2026-10-03T16:07:54.443852+07:00,14.84283168500042,0.03296079599931545,OK,,True,1440,0.18,,2026-10-03T16:07:54.476813+07:00,14.875795814000412,0.03282814900012454,OK,,True,2649,0.331125,
ac7c1fb6273f4dd882b2671f72ec1778,16,2026-10-03T16:07:55.257945+07:00,15.656916334000016,15.656916334000016,MONITOR,1118.193026119,1.0000248750002356,0.25172633700003644,0.00011887999971804675,DISABLED,on,user_reported,36.610069274902344,53.44889831542969,1006.739140625,118081.1796875,True,True,True,176,0,0,109,178,101,2026-10-03T16:07:55.258033+07:00,15.657016556000599,0.1858253929995044,OK,,True,2026-10-03T16:07:55.443870+07:00,15.842849892999766,0.032945222000307695,OK,,True,1447,0.180875,,2026-10-03T16:07:55.476815+07:00,15.875798058999862,0.03283563100012543,OK,,True,2649,0.331125,
ac7c1fb6273f4dd882b2671f72ec1778,17,2026-10-03T16:07:56.258010+07:00,16.656980488000045,16.656980488000045,MONITOR,1119.193090273,1.0000641540000288,0.25178759600021294,0.00018303399974683998,DISABLED,on,user_reported,36.61517333984375,53.475040435791016,1006.76109375,117674.1015625,True,True,True,176,0,0,109,178,101,2026-10-03T16:07:56.258105+07:00,16.657088042000396,0.1858400419996542,OK,,True,2026-10-03T16:07:56.443958+07:00,16.842936936000115,0.03298648100007995,OK,,True,1445,0.180625,,2026-10-03T16:07:56.476945+07:00,16.875927842000237,0.03283074199953262,OK,,True,2652,0.3315,
ac7c1fb6273f4dd882b2671f72ec1778,18,2026-10-03T16:07:57.257924+07:00,17.656896032000077,17.656896032000077,MONITOR,1120.193005817,0.9999155440000322,0.25267671999972663,9.857799977908144e-05,DISABLED,on,user_reported,36.60942840576172,53.45515060424805,1006.70390625,117028.5703125,True,True,True,176,0,0,109,178,101,2026-10-03T16:07:57.258008+07:00,17.656991235000532,0.18582167199929245,OK,,True,2026-10-03T16:07:57.443843+07:00,17.842822073000207,0.03310053600034735,OK,,True,1440,0.18,,2026-10-03T16:07:57.476948+07:00,17.875927756999772,0.03362819900030445,OK,,True,2650,0.33125,
ac7c1fb6273f4dd882b2671f72ec1778,19,2026-10-03T16:07:58.257984+07:00,18.65694828100004,0.2501964040002349,BASELINE,1121.193058066,1.000052248999964,0.25258805399971607,0.0001508269997430034,DISABLED,on,user_reported,36.6107063293457,53.45534133911133,1006.7128125,117512.046875,True,True,True,176,0,0,109,178,101,2026-10-03T16:07:58.258178+07:00,18.657160241999918,0.18624733600063337,OK,,True,2026-10-03T16:07:58.444436+07:00,18.843415800000002,0.0332503870004075,OK,,True,1445,0.180625,,2026-10-03T16:07:58.477687+07:00,18.87666983500003,0.03285655600029713,OK,,True,2650,0.33125,
ac7c1fb6273f4dd882b2671f72ec1778,20,2026-10-03T16:07:59.257915+07:00,19.65688797599978,1.250136098999974,BASELINE,1122.1929977609998,0.999939694999739,0.2517658750002738,9.052199948200723e-05,DISABLED,on,user_reported,36.60432815551758,53.486148834228516,1006.743515625,118081.1796875,True,True,True,176,0,0,109,178,101,2026-10-03T16:07:59.258003+07:00,19.656986809000045,0.18581835700024385,OK,,True,2026-10-03T16:07:59.443834+07:00,19.842813351000586,0.03298011099923315,OK,,True,1448,0.181,,2026-10-03T16:07:59.476814+07:00,19.87579662799999,0.03284846400038077,OK,,True,2654,0.33175,
ac7c1fb6273f4dd882b2671f72ec1778,21,2026-10-03T16:08:00.257918+07:00,20.656890301999738,2.250138424999932,BASELINE,1123.1930000869997,1.000002325999958,0.2517579310006113,9.284799943998223e-05,DISABLED,on,user_reported,36.6056022644043,53.486331939697266,1006.752421875,118408.8828125,True,True,True,176,0,0,109,178,101,2026-10-03T16:08:00.258002+07:00,20.656985448999876,0.1858221170004981,OK,,True,2026-10-03T16:08:00.443837+07:00,20.842816492000566,0.032981110000037006,OK,,True,1446,0.18075,,2026-10-03T16:08:00.476817+07:00,20.87580067700037,0.03283770399957575,OK,,True,2649,0.331125,
ac7c1fb6273f4dd882b2671f72ec1778,22,2026-10-03T16:08:01.257898+07:00,21.65686901800018,3.2501171410003735,BASELINE,1124.1929788030002,0.9999787160004416,0.25189563399999315,7.156399988161866e-05,DISABLED,on,user_reported,36.603050231933594,53.492305755615234,1006.707265625,118162.9375,True,True,True,176,0,0,109,178,101,2026-10-03T16:08:01.257983+07:00,21.656967036000424,0.18581941299999016,OK,,True,2026-10-03T16:08:01.443816+07:00,21.84279515199978,0.033058407000680745,OK,,True,1440,0.18,,2026-10-03T16:08:01.476877+07:00,21.875857910999912,0.03289725900049234,OK,,True,2649,0.331125,
ac7c1fb6273f4dd882b2671f72ec1778,23,2026-10-03T16:08:02.257930+07:00,22.656901641999866,4.25014976500006,BASELINE,1125.1930114269999,1.0000326239996866,0.25195228200027486,0.00010418799956823932,DISABLED,on,user_reported,36.60751724243164,53.49296188354492,1006.8103125,117836.59375,True,True,True,176,0,0,109,178,101,2026-10-03T16:08:02.258012+07:00,22.656995327000004,0.18582583900024474,OK,,True,2026-10-03T16:08:02.443851+07:00,22.84282988799987,0.033091055000113556,OK,,True,1434,0.17925,,2026-10-03T16:08:02.476945+07:00,22.875925813000322,0.032917777999500686,OK,,True,2652,0.3315,
ac7c1fb6273f4dd882b2671f72ec1778,24,2026-10-03T16:08:03.258085+07:00,23.65704541500054,5.250293538000733,BASELINE,1126.1931552000005,1.0001437730006728,0.25336686499940697,0.00024796100024104817,DISABLED,on,user_reported,36.60751724243164,53.49296188354492,1006.748671875,117755.2890625,True,True,True,176,0,0,109,178,101,2026-10-03T16:08:03.258242+07:00,23.65722406199984,0.1868007030006993,OK,,True,2026-10-03T16:08:03.445054+07:00,23.844033673000013,0.03331857100056368,OK,,True,1434,0.17925,,2026-10-03T16:08:03.478377+07:00,23.877357391999794,0.03304022200063628,OK,,True,2647,0.33087500000000003,
ac7c1fb6273f4dd882b2671f72ec1778,25,2026-10-03T16:08:04.261823+07:00,24.660790683000414,6.254038806000608,BASELINE,1127.1969004680004,1.003745267999875,0.2519882090000465,0.003993229000116116,DISABLED,on,user_reported,36.608154296875,53.49940872192383,1006.777109375,118408.8828125,True,True,True,176,0,0,109,178,101,2026-10-03T16:08:04.261911+07:00,24.660894423000173,0.18583808099992893,OK,,True,2026-10-03T16:08:04.447761+07:00,24.846740930000124,0.032984555000439286,OK,,True,1446,0.18075,,2026-10-03T16:08:04.480747+07:00,24.879729115000373,0.03303207299995847,OK,,True,2652,0.3315,
ac7c1fb6273f4dd882b2671f72ec1778,26,2026-10-03T16:08:05.257948+07:00,25.65692037500048,7.250168498000676,BASELINE,1128.1930301600005,0.9961296920000677,0.2518312279999009,0.000122921000183851,DISABLED,on,user_reported,36.610069274902344,53.50604248046875,1006.84171875,117836.59375,True,True,True,176,0,0,109,178,101,2026-10-03T16:08:05.258035+07:00,25.657018355999753,0.1858166540005186,OK,,True,2026-10-03T16:08:05.443864+07:00,25.84284349200061,0.03295244399942021,OK,,True,1443,0.180375,,2026-10-03T16:08:05.476816+07:00,25.875799196000116,0.0329403519999687,OK,,True,2646,0.33075,
ac7c1fb6273f4dd882b2671f72ec1778,27,2026-10-03T16:08:06.257951+07:00,26.6569216150001,8.250169738000295,BASELINE,1129.1930314,1.0000012399996194,0.2562021439998716,0.00012416099980328,DISABLED,on,user_reported,36.613258361816406,53.50649642944336,1006.758125,116868.296875,True,True,True,176,0,0,109,178,101,2026-10-03T16:08:06.258065+07:00,26.657047595999757,0.18597080200015625,OK,,True,2026-10-03T16:08:06.444049+07:00,26.843028657000104,0.035353891999875486,OK,,True,1433,0.179125,,2026-10-03T16:08:06.479410+07:00,26.878389604000404,0.03471756299950357,OK,,True,2638,0.32975,
ac7c1fb6273f4dd882b2671f72ec1778,28,2026-10-03T16:08:07.258441+07:00,27.65741357600018,9.250661699000375,BASELINE,1130.1935233610002,1.0004919610000798,0.25192609900022944,0.0006161219998830347,DISABLED,on,user_reported,36.60942840576172,53.51229476928711,1006.779140625,117593.015625,True,True,True,176,0,0,109,178,101,2026-10-03T16:08:07.258530+07:00,27.657513094000024,0.18583002600007603,OK,,True,2026-10-03T16:08:07.444373+07:00,27.84335256400027,0.03309864699986065,OK,,True,1451,0.181375,,2026-10-03T16:08:07.477476+07:00,27.87645593399975,0.03287463000015123,OK,,True,2650,0.33125,
ac7c1fb6273f4dd882b2671f72ec1778,29,2026-10-03T16:08:08.257955+07:00,28.656923082000503,10.250171205000697,BASELINE,1131.1930328670005,0.9995095060003223,0.26144251599998825,0.0001256280002053245,DISABLED,on,user_reported,36.61389923095703,53.500244140625,1006.7521875,117836.59375,True,True,True,176,0,0,109,178,101,2026-10-03T16:08:08.258046+07:00,28.657028747999902,0.1899425350002275,OK,,True,2026-10-03T16:08:08.448016+07:00,28.84699054200064,0.03500806099964393,OK,,True,1460,0.1825,,2026-10-03T16:08:08.483035+07:00,28.882010176999756,0.03633045900005527,OK,,True,2648,0.331,
ac7c1fb6273f4dd882b2671f72ec1778,30,2026-10-03T16:08:09.257923+07:00,29.65689717799978,11.250145300999975,BASELINE,1132.1930069629998,0.9999740959992778,0.2517733410004439,9.97239994831034e-05,DISABLED,on,user_reported,36.61261749267578,53.500064849853516,1006.784375,117431.1953125,True,True,True,176,0,0,109,178,101,2026-10-03T16:08:09.258002+07:00,29.656985252000595,0.1858069149993753,OK,,True,2026-10-03T16:08:09.443822+07:00,29.84280138899976,0.033016000000316126,OK,,True,1436,0.1795,,2026-10-03T16:08:09.476839+07:00,29.875821519000056,0.0328391670000201,OK,,True,2648,0.331,
ac7c1fb6273f4dd882b2671f72ec1778,31,2026-10-03T16:08:10.257913+07:00,30.656886794000457,12.25013491700065,BASELINE,1133.1929965790005,0.9999896160006756,0.2517638049994275,8.93400001586997e-05,DISABLED,on,user_reported,36.61198043823242,53.49361801147461,1006.824453125,117108.875,True,True,True,176,0,0,109,178,101,2026-10-03T16:08:10.257987+07:00,30.65697079399979,0.1858110820003276,OK,,True,2026-10-03T16:08:10.443810+07:00,30.842790005000097,0.03299829699972179,OK,,True,1446,0.18075,,2026-10-03T16:08:10.476810+07:00,30.875792079000348,0.03284907499983092,OK,,True,2650,0.33125,
ac7c1fb6273f4dd882b2671f72ec1778,32,2026-10-03T16:08:11.257914+07:00,31.656888282000182,13.250136405000376,BASELINE,1134.1929980670002,1.0000014879997252,0.25185452599998825,9.082799988391344e-05,DISABLED,on,user_reported,36.61581039428711,53.52592849731445,1006.803046875,117755.2890625,True,True,True,176,0,0,109,178,101,2026-10-03T16:08:11.257988+07:00,31.65697143000034,0.18581634099973598,OK,,True,2026-10-03T16:08:11.443817+07:00,31.842796474999886,0.03304116600065754,OK,,True,1443,0.180375,,2026-10-03T16:08:11.476859+07:00,31.875841066999783,0.03289057500023773,OK,,True,2650,0.33125,
ac7c1fb6273f4dd882b2671f72ec1778,33,2026-10-03T16:08:12.257916+07:00,32.65688986399982,14.250137987000016,BASELINE,1135.1929996489998,1.0000015819996406,0.25187254499996925,9.240999952453421e-05,DISABLED,on,user_reported,36.61772537231445,53.545257568359375,1006.74484375,117512.046875,True,True,True,176,0,0,109,178,101,2026-10-03T16:08:12.257992+07:00,32.65697578900017,0.18584293399999297,OK,,True,2026-10-03T16:08:12.443850+07:00,32.84282931500002,0.03306124099981389,OK,,True,1435,0.179375,,2026-10-03T16:08:12.476916+07:00,32.87589553700036,0.03285735299959924,OK,,True,2653,0.331625,
ac7c1fb6273f4dd882b2671f72ec1778,34,2026-10-03T16:08:13.257911+07:00,33.65688489100012,15.250133014000312,BASELINE,1136.1929946760001,0.9999950270002955,0.25200517400026,8.743699982005637e-05,DISABLED,on,user_reported,36.61581039428711,53.55133056640625,1006.7415625,117512.046875,True,True,True,176,0,0,109,178,101,2026-10-03T16:08:13.257984+07:00,33.65696748299979,0.18581393400017987,OK,,True,2026-10-03T16:08:13.443811+07:00,33.84279054699982,0.03320229500059213,OK,,True,1438,0.17975,,2026-10-03T16:08:13.477018+07:00,33.87599778599997,0.032881983000152104,OK,,True,2651,0.33137500000000003,
ac7c1fb6273f4dd882b2671f72ec1778,35,2026-10-03T16:08:14.257931+07:00,34.65690188200006,16.25015000500025,BASELINE,1137.193011667,1.0000169909999386,0.2596359930003018,0.00010442799975862727,DISABLED,on,user_reported,36.606239318847656,53.575347900390625,1006.72609375,117755.2890625,True,True,True,176,0,0,109,178,101,2026-10-03T16:08:14.258037+07:00,34.657019807000324,0.1885359719999542,OK,,True,2026-10-03T16:08:14.446592+07:00,34.845568612000534,0.03610438699979568,OK,,True,1433,0.179125,,2026-10-03T16:08:14.482700+07:00,34.88168009099991,0.034841839999899094,OK,,True,2652,0.3315,
ac7c1fb6273f4dd882b2671f72ec1778,36,2026-10-03T16:08:15.257917+07:00,35.65689150399976,17.250139626999953,BASELINE,1138.1930012889998,0.9999896219997026,0.25293763100034994,9.404999946127646e-05,DISABLED,on,user_reported,36.61389923095703,53.59552001953125,1006.73171875,117269.8125,True,True,True,176,0,0,109,178,101,2026-10-03T16:08:15.257996+07:00,35.65697987400017,0.18581202699988353,OK,,True,2026-10-03T16:08:15.443821+07:00,35.84280080900044,0.03412789999947563,OK,,True,1454,0.18175,,2026-10-03T16:08:15.477955+07:00,35.87693507899985,0.032882649000384845,OK,,True,2653,0.331625,
ac7c1fb6273f4dd882b2671f72ec1778,37,2026-10-03T16:08:16.257913+07:00,36.656887294000626,18.25013541700082,BASELINE,1139.1929970790006,0.9999957900008667,0.25231974700000137,8.984000032796757e-05,DISABLED,on,user_reported,36.60496520996094,53.61962890625,1006.737734375,117269.8125,True,True,True,176,0,0,109,178,101,2026-10-03T16:08:16.257987+07:00,36.65697086799992,0.1858129160000317,OK,,True,2026-10-03T16:08:16.443813+07:00,36.842792135999844,0.03351220100012142,OK,,True,1427,0.178375,,2026-10-03T16:08:16.477331+07:00,36.87631046600018,0.03288605699981417,OK,,True,2652,0.3315,
ac7c1fb6273f4dd882b2671f72ec1778,38,2026-10-03T16:08:17.257914+07:00,37.656888511000034,19.250136634000228,BASELINE,1140.192998296,1.000001216999408,0.25263452299986966,9.105699973588344e-05,DISABLED,on,user_reported,36.60751724243164,53.62635040283203,1006.748671875,117999.5390625,True,True,True,176,0,0,109,178,101,2026-10-03T16:08:17.257991+07:00,37.65697501100021,0.18595563799954107,OK,,True,2026-10-03T16:08:17.443962+07:00,37.84294124100052,0.03340997899977083,OK,,True,1445,0.180625,,2026-10-03T16:08:17.477377+07:00,37.87635686900012,0.033155535999867425,OK,,True,2650,0.33125,
ac7c1fb6273f4dd882b2671f72ec1778,39,2026-10-03T16:08:18.257914+07:00,38.65688748899993,20.250135612000122,BASELINE,1141.192997274,0.9999989779998941,0.2543764749998445,9.00349996300065e-05,DISABLED,on,user_reported,36.60496520996094,53.63869094848633,1006.73078125,117755.2890625,True,True,True,176,0,0,109,178,101,2026-10-03T16:08:18.257987+07:00,38.65697089600053,0.18614950699975452,OK,,True,2026-10-03T16:08:18.444153+07:00,38.843131143999926,0.03495139500046207,OK,,True,1443,0.180375,,2026-10-03T16:08:18.479109+07:00,38.8780882609999,0.03316422100033378,OK,,True,2648,0.331,
ac7c1fb6273f4dd882b2671f72ec1778,40,2026-10-03T16:08:19.257921+07:00,39.65689574600037,21.250143869000567,BASELINE,1142.1930055310004,1.0000082570004452,0.2563556459999745,9.829200007516192e-05,DISABLED,on,user_reported,36.61453628540039,53.65916061401367,1006.69171875,117350.4453125,True,True,True,176,0,0,109,178,101,2026-10-03T16:08:19.257999+07:00,39.65698213399992,0.18931761600015307,OK,,True,2026-10-03T16:08:19.447334+07:00,39.84631254600026,0.03342381299989938,OK,,True,1439,0.179875,,2026-10-03T16:08:19.480764+07:00,39.879742488000375,0.03349792300014087,OK,,True,2649,0.331125,
ac7c1fb6273f4dd882b2671f72ec1778,41,2026-10-03T16:08:20.257968+07:00,40.656932707000124,22.250180830000318,BASELINE,1143.1930424920001,1.0000369609997506,0.2693243559997427,0.00013525299982575234,DISABLED,on,user_reported,36.60751724243164,53.651771545410156,1006.72140625,117108.875,True,True,True,176,0,0,109,178,101,2026-10-03T16:08:20.258121+07:00,40.657102854000186,0.19464978399992106,OK,,True,2026-10-03T16:08:20.452795+07:00,40.8517706749999,0.03819520600063697,OK,,True,1454,0.18175,,2026-10-03T16:08:20.491003+07:00,40.88997902900064,0.036260181999750785,OK,,True,2655,0.33187500000000003,
ac7c1fb6273f4dd882b2671f72ec1778,42,2026-10-03T16:08:21.257956+07:00,41.656924540000546,23.25017266300074,BASELINE,1144.1930343250006,0.999991833000422,0.2669008180000674,0.00012708600024780026,DISABLED,on,user_reported,36.59667205810547,53.669246673583984,1006.8746875,117593.015625,True,True,True,176,0,0,109,178,101,2026-10-03T16:08:21.258078+07:00,41.6570600770001,0.19367962399974203,OK,,True,2026-10-03T16:08:21.451781+07:00,41.850756015000115,0.03766465500029881,OK,,True,1447,0.180875,,2026-10-03T16:08:21.489459+07:00,41.88843400299993,0.03537437300019519,OK,,True,2653,0.331625,
ac7c1fb6273f4dd882b2671f72ec1778,43,2026-10-03T16:08:22.257922+07:00,42.656894264000584,24.25014238700078,BASELINE,1145.1930040490006,0.9999697240000387,0.25296311500005686,9.681000028649578e-05,DISABLED,on,user_reported,36.60113525390625,53.682613372802734,1006.81359375,117755.2890625,True,True,True,176,0,0,109,178,101,2026-10-03T16:08:22.258004+07:00,42.65698781900028,0.1858373989998654,OK,,True,2026-10-03T16:08:22.443856+07:00,42.84283490300004,0.03415828900051565,OK,,True,1434,0.17925,,2026-10-03T16:08:22.478021+07:00,42.87699991400041,0.03284498299944971,OK,,True,2635,0.32937500000000003,
ac7c1fb6273f4dd882b2671f72ec1778,44,2026-10-03T16:08:23.257919+07:00,43.656891655000436,25.25013977800063,BASELINE,1146.1930014400004,0.9999973909998516,0.2536494810001386,9.420100013812771e-05,DISABLED,on,user_reported,36.60049819946289,53.688873291015625,1006.79203125,117269.8125,True,True,True,176,0,0,109,178,101,2026-10-03T16:08:23.257997+07:00,43.65698089499983,0.18605738000042038,OK,,True,2026-10-03T16:08:23.444065+07:00,43.84304460800013,0.034472991000257025,OK,,True,1435,0.179375,,2026-10-03T16:08:23.478546+07:00,43.877525005999814,0.033000538000123925,OK,,True,2636,0.3295,
ac7c1fb6273f4dd882b2671f72ec1778,45,2026-10-03T16:08:24.257947+07:00,44.65691801000048,26.250166133000675,BASELINE,1147.1930277950005,1.0000263550000454,0.2595416459998887,0.00012055600018356927,DISABLED,on,user_reported,36.60432815551758,53.702144622802734,1006.7709375,117350.4453125,True,True,True,176,0,0,109,178,101,2026-10-03T16:08:24.258033+07:00,44.6570162500002,0.1858171969997784,OK,,True,2026-10-03T16:08:24.443862+07:00,44.842841947000124,0.03800791100002243,OK,,True,1430,0.17875,,2026-10-03T16:08:24.481879+07:00,44.88085719100036,0.035586260999480146,OK,,True,2639,0.32987500000000003,
ac7c1fb6273f4dd882b2671f72ec1778,46,2026-10-03T16:08:25.257914+07:00,45.656887201000245,27.25013532400044,BASELINE,1148.1929969860003,0.9999691909997637,0.2561399269998219,8.974699994723778e-05,DISABLED,on,user_reported,36.60688018798828,53.689815521240234,1006.795546875,117593.015625,True,True,True,176,0,0,109,178,101,2026-10-03T16:08:25.257993+07:00,45.65697690399975,0.1858043260008344,OK,,True,2026-10-03T16:08:25.443810+07:00,45.84278930399978,0.03682053000011365,OK,,True,1423,0.177875,,2026-10-03T16:08:25.480635+07:00,45.879614723000486,0.033401460999812116,OK,,True,2646,0.33075,
ac7c1fb6273f4dd882b2671f72ec1778,47,2026-10-03T16:08:26.257910+07:00,46.65688268800022,28.250130811000417,BASELINE,1149.1929924730002,0.9999954869999783,0.25607859499996266,8.523399992554914e-05,DISABLED,on,user_reported,36.60688018798828,53.696170806884766,1006.788671875,117593.015625,True,True,True,176,0,0,109,178,101,2026-10-03T16:08:26.257990+07:00,46.65697368700057,0.18581036399973527,OK,,True,2026-10-03T16:08:26.443811+07:00,46.842791531999865,0.03475480399993103,OK,,True,1450,0.18125,,2026-10-03T16:08:26.478575+07:00,46.87755420600024,0.03537663299994165,OK,,True,2631,0.32887500000000003,
ac7c1fb6273f4dd882b2671f72ec1778,48,2026-10-03T16:08:27.257950+07:00,47.65691797300042,29.250166096000612,BASELINE,1150.1930277580004,1.0000352850001946,0.26429818799988425,0.00012051900012011174,DISABLED,on,user_reported,36.60879135131836,53.69645309448242,1006.757734375,117028.5703125,True,True,True,176,0,0,109,178,101,2026-10-03T16:08:27.258072+07:00,47.65705524999976,0.19125141900076414,OK,,True,2026-10-03T16:08:27.449349+07:00,47.848324632000185,0.03579429700039327,OK,,True,1441,0.180125,,2026-10-03T16:08:27.485155+07:00,47.884131484000136,0.03706025100018451,OK,,True,2654,0.33175,
ac7c1fb6273f4dd882b2671f72ec1778,49,2026-10-03T16:08:28.257925+07:00,48.6568984810001,30.250146604000292,BASELINE,1151.193008266,0.9999805079996804,0.2516285150004478,0.00010102699980052421,DISABLED,on,user_reported,36.61453628540039,53.67186737060547,1006.7259375,117431.1953125,True,True,True,176,0,0,109,178,101,2026-10-03T16:08:28.258002+07:00,48.65698573999998,0.18582062299992685,OK,,True,2026-10-03T16:08:28.443835+07:00,48.84281462200033,0.03297998200014263,OK,,True,1440,0.18,,2026-10-03T16:08:28.476815+07:00,48.87579760400058,0.032714483999370714,OK,,True,2645,0.330625,
ac7c1fb6273f4dd882b2671f72ec1778,50,2026-10-03T16:08:29.257932+07:00,49.656904120000036,31.25015224300023,BASELINE,1152.193013905,1.0000056389999372,0.2517203289999088,0.00010666599973774282,DISABLED,on,user_reported,36.6107063293457,53.67131042480469,1006.692265625,117674.1015625,True,True,True,176,0,0,109,178,101,2026-10-03T16:08:29.258011+07:00,49.656994712000596,0.18583304899948416,OK,,True,2026-10-03T16:08:29.443857+07:00,49.84283648300061,0.032971167999676254,OK,,True,1441,0.180125,,2026-10-03T16:08:29.476830+07:00,49.875811595000414,0.032784113999696274,OK,,True,2646,0.33075,
ac7c1fb6273f4dd882b2671f72ec1778,51,2026-10-03T16:08:30.257921+07:00,50.65689361299974,32.25014173599993,BASELINE,1153.1930033979997,0.9999894929997026,0.2542420340005265,9.615899944037665e-05,DISABLED,on,user_reported,36.61453628540039,53.65916061401367,1006.773828125,117431.1953125,True,True,True,176,0,0,109,178,101,2026-10-03T16:08:30.258000+07:00,50.65698381600032,0.18581282699960866,OK,,True,2026-10-03T16:08:30.443824+07:00,50.84280427199974,0.03298366800026997,OK,,True,1445,0.180625,,2026-10-03T16:08:30.476808+07:00,50.87579090300005,0.035332633000507485,OK,,True,2645,0.330625,
ac7c1fb6273f4dd882b2671f72ec1778,52,2026-10-03T16:08:31.257912+07:00,51.65688634700018,33.250134470000376,BASELINE,1154.1929961320002,0.9999927340004433,0.2519306060003146,8.889299988368293e-05,DISABLED,on,user_reported,36.61389923095703,53.652706146240234,1006.745390625,117108.875,True,True,True,176,0,0,109,178,101,2026-10-03T16:08:31.257990+07:00,51.65697356800047,0.18580634599948098,OK,,True,2026-10-03T16:08:31.443806+07:00,51.842786766000245,0.0331787400000394,OK,,True,1441,0.180125,,2026-10-03T16:08:31.476987+07:00,51.8759693030006,0.03283920499961823,OK,,True,2651,0.33137500000000003,
ac7c1fb6273f4dd882b2671f72ec1778,53,2026-10-03T16:08:32.257925+07:00,52.65689706300054,34.250145186000736,BASELINE,1155.1930068480006,1.0000107160003608,0.2519359399993846,9.960900024452712e-05,DISABLED,on,user_reported,36.61261749267578,53.63981246948242,1006.75015625,117189.2890625,True,True,True,176,0,0,109,178,101,2026-10-03T16:08:32.258010+07:00,52.65699376700013,0.1858202720004556,OK,,True,2026-10-03T16:08:32.443842+07:00,52.84282179799993,0.03311142600068706,OK,,True,1449,0.181125,,2026-10-03T16:08:32.476959+07:00,52.87593857600041,0.03288485299981403,OK,,True,2651,0.33137500000000003,
ac7c1fb6273f4dd882b2671f72ec1778,54,2026-10-03T16:08:33.257915+07:00,53.65688798500014,35.25013610800033,BASELINE,1156.1929977700001,0.999990921999597,0.25176107100014633,9.053099984157598e-05,DISABLED,on,user_reported,36.603050231933594,53.64475631713867,1006.75515625,117350.4453125,True,True,True,176,0,0,109,178,101,2026-10-03T16:08:33.257997+07:00,53.65698059599981,0.18582149400026537,OK,,True,2026-10-03T16:08:33.443830+07:00,53.842809757000396,0.03298240799995256,OK,,True,1440,0.18,,2026-10-03T16:08:33.476812+07:00,53.87579533200005,0.03284459400038031,OK,,True,2648,0.331,
ac7c1fb6273f4dd882b2671f72ec1778,55,2026-10-03T16:08:34.257951+07:00,54.65692064900031,36.25016877200051,BASELINE,1157.1930304340003,1.000032664000173,0.2527616380002655,0.00012319500001467532,DISABLED,on,user_reported,36.60369110107422,53.63850402832031,1006.73578125,117593.015625,True,True,True,176,0,0,109,178,101,2026-10-03T16:08:34.258037+07:00,54.657020573999944,0.18582597600016015,OK,,True,2026-10-03T16:08:34.443874+07:00,54.84285443899989,0.0341944190004142,OK,,True,1434,0.17925,,2026-10-03T16:08:34.478076+07:00,54.8770555430001,0.03261561500039534,OK,,True,2635,0.32937500000000003,
ac7c1fb6273f4dd882b2671f72ec1778,56,2026-10-03T16:08:35.257915+07:00,55.65688888800014,37.250137011000334,BASELINE,1158.1929986730001,0.999968238999827,0.25175138600025093,9.143399984168354e-05,DISABLED,on,user_reported,36.6056022644043,53.63877868652344,1006.73875,118081.1796875,True,True,True,176,0,0,109,178,101,2026-10-03T16:08:35.257988+07:00,55.65697110900055,0.18581506899954547,OK,,True,2026-10-03T16:08:35.443814+07:00,55.842793956000605,0.03299337199950969,OK,,True,1446,0.18075,,2026-10-03T16:08:35.476808+07:00,55.87579077200007,0.03284048400018946,OK,,True,2648,0.331,
ac7c1fb6273f4dd882b2671f72ec1778,57,2026-10-03T16:08:36.257916+07:00,56.65688901700014,38.250137140000334,BASELINE,1159.1929988020001,1.000000129,0.2517474050000601,9.156299984169891e-05,DISABLED,on,user_reported,36.59858322143555,53.625038146972656,1006.71375,117350.4453125,True,True,True,176,0,0,109,178,101,2026-10-03T16:08:36.257988+07:00,56.656971979000446,0.18581390300005296,OK,,True,2026-10-03T16:08:36.443813+07:00,56.842793585000436,0.032991519999995944,OK,,True,1437,0.179625,,2026-10-03T16:08:36.476805+07:00,56.87578834600026,0.03283981699951255,OK,,True,2649,0.331125,
ac7c1fb6273f4dd882b2671f72ec1778,58,2026-10-03T16:08:37.257916+07:00,57.65688888800014,39.250137011000334,BASELINE,1160.1929986730001,0.999999871,0.2522342160000335,9.143399984168354e-05,DISABLED,on,user_reported,36.59986114501953,53.612525939941406,1006.743125,117836.59375,True,True,True,176,0,0,109,178,101,2026-10-03T16:08:37.257995+07:00,57.65697899800034,0.18581582899969362,OK,,True,2026-10-03T16:08:37.443823+07:00,57.84280303000014,0.033364795000125014,OK,,True,1448,0.181,,2026-10-03T16:08:37.477193+07:00,57.876173159000246,0.032939722999799415,OK,,True,2653,0.331625,
ac7c1fb6273f4dd882b2671f72ec1778,59,2026-10-03T16:08:38.257918+07:00,58.6568907410001,40.25013886400029,BASELINE,1161.193000526,1.000001852999958,0.2517855719997897,9.32869997996022e-05,DISABLED,on,user_reported,36.59730911254883,53.60579299926758,1006.704765625,117593.015625,True,True,True,176,0,0,109,178,101,2026-10-03T16:08:38.257993+07:00,58.65697661100057,0.18583127299916669,OK,,True,2026-10-03T16:08:38.443837+07:00,58.84281662500052,0.03299275999961537,OK,,True,1435,0.179375,,2026-10-03T16:08:38.476830+07:00,58.87581271900035,0.03285453900025459,OK,,True,2650,0.33125,
ac7c1fb6273f4dd882b2671f72ec1778,60,2026-10-03T16:08:39.259545+07:00,59.65851543700046,41.251763560000654,BASELINE,1162.1946252220005,1.0016246960003627,0.2518233129994769,0.0017179830001623486,DISABLED,on,user_reported,36.59730911254883,53.60579299926758,1006.697890625,117755.2890625,True,True,True,176,0,0,109,178,101,2026-10-03T16:08:39.259637+07:00,59.65861999200024,0.18582832900028734,OK,,True,2026-10-03T16:08:39.445477+07:00,59.84445667300042,0.033022407999851566,OK,,True,1443,0.180375,,2026-10-03T16:08:39.478500+07:00,59.877482229000634,0.032847057999788376,OK,,True,2649,0.331125,
ac7c1fb6273f4dd882b2671f72ec1778,61,2026-10-03T16:08:40.257910+07:00,60.6568829150001,42.25013103800029,BASELINE,1163.1929927,0.9983674779996363,0.2518178310001531,8.546099979866995e-05,DISABLED,on,user_reported,36.596031188964844,53.611968994140625,1006.8190625,117269.8125,True,True,True,176,0,0,109,178,101,2026-10-03T16:08:40.257984+07:00,60.65696747000038,0.18582864400013932,OK,,True,2026-10-03T16:08:40.443824+07:00,60.84280413200031,0.033017611999639485,OK,,True,1431,0.178875,,2026-10-03T16:08:40.476843+07:00,60.875825133000035,0.03286722499979078,OK,,True,2650,0.33125,
ac7c1fb6273f4dd882b2671f72ec1778,62,2026-10-03T16:08:41.257913+07:00,61.65688617900014,43.25013430200033,BASELINE,1164.1929959640001,1.0000032640000427,0.2517925550000655,8.872499984136084e-05,DISABLED,on,user_reported,36.596031188964844,53.59926223754883,1006.8190625,117269.8125,True,True,True,176,0,0,109,178,101,2026-10-03T16:08:41.257985+07:00,61.65696823400049,0.1858184220000112,OK,,True,2026-10-03T16:08:41.443815+07:00,61.84279463799976,0.03300635300001886,OK,,True,1452,0.1815,,2026-10-03T16:08:41.476821+07:00,61.875804305999736,0.0328647420001289,OK,,True,2651,0.33137500000000003,
ac7c1fb6273f4dd882b2671f72ec1778,63,2026-10-03T16:08:42.257917+07:00,62.656889204000436,44.25013732700063,BASELINE,1165.1929989890004,1.0000030250002965,0.25223442199967394,9.175000013783574e-05,DISABLED,on,user_reported,36.60177230834961,53.600093841552734,1006.835078125,117674.1015625,True,True,True,176,0,0,109,178,101,2026-10-03T16:08:42.257999+07:00,62.65698259200053,0.18582132999927126,OK,,True,2026-10-03T16:08:42.443833+07:00,62.84281262600052,0.033410997999453684,OK,,True,1434,0.17925,,2026-10-03T16:08:42.477249+07:00,62.87622916100008,0.03288396500011004,OK,,True,2647,0.33087500000000003,
ac7c1fb6273f4dd882b2671f72ec1778,64,2026-10-03T16:08:43.257977+07:00,63.65693817400006,45.250186297000255,BASELINE,1166.193047959,1.0000489699996251,0.26281159300015133,0.00014071999976295047,DISABLED,on,user_reported,36.59858322143555,53.59326934814453,1006.795859375,117269.8125,True,True,True,176,0,0,109,178,101,2026-10-03T16:08:43.258130+07:00,63.65711213600025,0.19179660499958118,OK,,True,2026-10-03T16:08:43.449951+07:00,63.84892677800053,0.035473521999847435,OK,,True,1445,0.180625,,2026-10-03T16:08:43.485428+07:00,63.88440896600059,0.03532126399932167,OK,,True,2660,0.3325,
ac7c1fb6273f4dd882b2671f72ec1778,65,2026-10-03T16:08:44.257927+07:00,64.6568999050005,46.250148028000694,BASELINE,1167.1930096900005,0.9999617310004396,0.253363822999745,0.00010245100020256359,DISABLED,on,user_reported,36.60240936279297,53.60654830932617,1006.78828125,117189.2890625,True,True,True,176,0,0,109,178,101,2026-10-03T16:08:44.258008+07:00,64.65699123800005,0.1858303300004991,OK,,True,2026-10-03T16:08:44.443851+07:00,64.84283036499983,0.034548194000308285,OK,,True,1428,0.1785,,2026-10-03T16:08:44.478404+07:00,64.87738402200011,0.03286972499972762,OK,,True,2652,0.3315,
ac7c1fb6273f4dd882b2671f72ec1778,66,2026-10-03T16:08:45.257915+07:00,65.65688876700005,47.25013689000025,BASELINE,1168.192998552,0.9999888619995545,0.2517442600001232,9.131299975706497e-05,DISABLED,on,user_reported,36.60177230834961,53.600093841552734,1006.8078125,117512.046875,True,True,True,176,0,0,109,178,101,2026-10-03T16:08:45.257987+07:00,65.65697041500061,0.18580384899996716,OK,,True,2026-10-03T16:08:45.443803+07:00,65.84278274500048,0.032995964999827265,OK,,True,1438,0.17975,,2026-10-03T16:08:45.476799+07:00,65.87578189499982,0.03284228000029543,OK,,True,2653,0.331625,
ac7c1fb6273f4dd882b2671f72ec1778,67,2026-10-03T16:08:46.257950+07:00,66.65692340799978,48.25017153099998,BASELINE,1169.1930331929998,1.0000346409997292,0.25169488900064607,0.00012595399948622799,DISABLED,on,user_reported,36.60496520996094,53.60056686401367,1006.785546875,117350.4453125,True,True,True,176,0,0,109,178,101,2026-10-03T16:08:46.258023+07:00,66.65700701800051,0.18579288699947938,OK,,True,2026-10-03T16:08:46.443828+07:00,66.84280825600035,0.032973816999401606,OK,,True,1439,0.179875,,2026-10-03T16:08:46.476802+07:00,66.87578498000039,0.032824391999383806,OK,,True,2652,0.3315,
ac7c1fb6273f4dd882b2671f72ec1778,68,2026-10-03T16:08:47.257922+07:00,67.65689384600046,49.25014196900065,BASELINE,1170.1930036310005,0.9999704380006733,0.2519748699996853,9.639200015953975e-05,DISABLED,on,user_reported,36.60432815551758,53.587764739990234,1006.716171875,117431.1953125,True,True,True,176,0,0,109,178,101,2026-10-03T16:08:47.258002+07:00,67.656985308,0.1857961460000297,OK,,True,2026-10-03T16:08:47.443808+07:00,67.84278828700008,0.03321185200002219,OK,,True,1434,0.17925,,2026-10-03T16:08:47.477025+07:00,67.87600536100035,0.0328540949994931,OK,,True,2649,0.331125,
ac7c1fb6273f4dd882b2671f72ec1778,69,2026-10-03T16:08:48.257911+07:00,68.65688539599978,50.250133518999974,BASELINE,1171.1929951809998,0.9999915499993222,0.25192098200022883,8.79419994816999e-05,DISABLED,on,user_reported,36.608154296875,53.58832931518555,1006.770390625,117512.046875,True,True,True,176,0,0,109,178,101,2026-10-03T16:08:48.257983+07:00,68.65696643299998,0.18579599799977586,OK,,True,2026-10-03T16:08:48.443790+07:00,68.8427696710005,0.03319905599983031,OK,,True,1452,0.1815,,2026-10-03T16:08:48.476991+07:00,68.8759731529999,0.032824687999891466,OK,,True,2650,0.33125,
ac7c1fb6273f4dd882b2671f72ec1778,70,2026-10-03T16:08:49.257976+07:00,69.65694111399989,51.250189237000086,BASELINE,1172.193050899,1.0000557180001124,0.25815381100073864,0.00014365999959409237,DISABLED,on,user_reported,36.60177230834961,53.58738327026367,1006.7803125,117918.0078125,True,True,True,176,0,0,109,178,101,2026-10-03T16:08:49.258122+07:00,69.65710418700019,0.19062113299969496,OK,,True,2026-10-03T16:08:49.448767+07:00,69.84774293100054,0.03369086699967738,OK,,True,1434,0.17925,,2026-10-03T16:08:49.482469+07:00,69.88144381599977,0.033629924000706524,OK,,True,2638,0.32975,
ac7c1fb6273f4dd882b2671f72ec1778,71,2026-10-03T16:08:50.257925+07:00,70.65689761199974,52.25014573499993,BASELINE,1173.1930073969997,0.9999564979998468,0.25177937100033887,0.00010015799944085302,DISABLED,on,user_reported,36.60751724243164,53.60729217529297,1006.741875,117269.8125,True,True,True,176,0,0,109,178,101,2026-10-03T16:08:50.257998+07:00,70.65698196300036,0.1858142390001376,OK,,True,2026-10-03T16:08:50.443824+07:00,70.84280412800035,0.03302277900002082,OK,,True,1428,0.1785,,2026-10-03T16:08:50.476849+07:00,70.87583116600035,0.0328363549997448,OK,,True,2648,0.331,
ac7c1fb6273f4dd882b2671f72ec1778,72,2026-10-03T16:08:51.257921+07:00,71.65689403600027,53.25014215900046,BASELINE,1174.1930038210003,0.9999964240005284,0.25167202099964925,9.658199996920303e-05,DISABLED,on,user_reported,36.61198043823242,53.58888626098633,1006.776484375,117593.015625,True,True,True,176,0,0,109,178,101,2026-10-03T16:08:51.257993+07:00,71.65697640600047,0.18578838699977496,OK,,True,2026-10-03T16:08:51.443791+07:00,71.8427716820006,0.03296381699965423,OK,,True,1440,0.18,,2026-10-03T16:08:51.476757+07:00,71.87573907299975,0.03281824300029257,OK,,True,2652,0.3315,
ac7c1fb6273f4dd882b2671f72ec1778,73,2026-10-03T16:08:52.257935+07:00,72.65690929399989,54.25015741700008,BASELINE,1175.193019079,1.000015257999621,0.2519976310004495,0.00011183999959030189,DISABLED,on,user_reported,36.60879135131836,53.58842468261719,1006.723515625,117350.4453125,True,True,True,176,0,0,109,178,101,2026-10-03T16:08:52.258003+07:00,72.65698625700043,0.18580018400007248,OK,,True,2026-10-03T16:08:52.443813+07:00,72.84279351500027,0.03324722199977259,OK,,True,1437,0.179625,,2026-10-03T16:08:52.477066+07:00,72.87604629199996,0.032850669999788806,OK,,True,2648,0.331,
ac7c1fb6273f4dd882b2671f72ec1778,74,2026-10-03T16:08:53.257954+07:00,73.65692475800006,55.25017288100025,BASELINE,1176.193034543,1.000015464000171,0.2521027780003351,0.00012730399976135232,DISABLED,on,user_reported,36.6107063293457,53.59505844116211,1006.726484375,117350.4453125,True,True,True,176,0,0,109,178,101,2026-10-03T16:08:53.258038+07:00,73.65702131299986,0.1858066470003905,OK,,True,2026-10-03T16:08:53.443855+07:00,73.84283507100008,0.03327433300000848,OK,,True,1438,0.17975,,2026-10-03T16:08:53.477133+07:00,73.87611358899994,0.032904575999964436,OK,,True,2651,0.33137500000000003,
ac7c1fb6273f4dd882b2671f72ec1778,75,2026-10-03T16:08:54.258483+07:00,74.65745101500033,56.25069913800053,BASELINE,1177.1935608000003,1.0005262570002742,0.2541102469995167,0.0006535610000355518,DISABLED,on,user_reported,36.60369110107422,53.58132553100586,1006.79734375,116788.3203125,True,True,True,176,0,0,109,178,101,2026-10-03T16:08:54.258586+07:00,74.65756953300024,0.18625734800025384,OK,,True,2026-10-03T16:08:54.444858+07:00,74.84383743600029,0.0341879939996943,OK,,True,1436,0.1795,,2026-10-03T16:08:54.479052+07:00,74.87803165200057,0.03351599899997382,OK,,True,2638,0.32975,
ac7c1fb6273f4dd882b2671f72ec1778,76,2026-10-03T16:08:55.257922+07:00,75.65689348500018,57.250141608000376,BASELINE,1178.1930032700002,0.999442469999849,0.25222011099958763,9.603099988453323e-05,DISABLED,on,user_reported,36.59986114501953,53.58711624145508,1006.763671875,117108.875,True,True,True,176,0,0,109,178,101,2026-10-03T16:08:55.258001+07:00,75.6569846880002,0.1858349249996536,OK,,True,2026-10-03T16:08:55.443850+07:00,75.84282937199987,0.033220741000150156,OK,,True,1455,0.181875,,2026-10-03T16:08:55.477076+07:00,75.87605578000057,0.03304348299934645,OK,,True,2653,0.331625,
ac7c1fb6273f4dd882b2671f72ec1778,77,2026-10-03T16:08:56.257919+07:00,76.65689089599982,58.25013901900002,BASELINE,1179.1930006809998,0.9999974109996401,0.2517705959999148,9.344199952465715e-05,DISABLED,on,user_reported,36.60240936279297,53.60654830932617,1006.719921875,117108.875,True,True,True,176,0,0,109,178,101,2026-10-03T16:08:56.257998+07:00,76.65698119199988,0.18579848100034724,OK,,True,2026-10-03T16:08:56.443807+07:00,76.84278711700063,0.03302198299934389,OK,,True,1438,0.17975,,2026-10-03T16:08:56.476831+07:00,76.87581271100044,0.0328398739993645,OK,,True,2652,0.3315,
ac7c1fb6273f4dd882b2671f72ec1778,78,2026-10-03T16:08:57.257915+07:00,77.65688710500035,59.250135228000545,BASELINE,1180.1929968900004,0.9999962090005283,0.2522309079995466,8.965100005298154e-05,DISABLED,on,user_reported,36.60113525390625,53.60000228881836,1006.731640625,116390.0859375,True,True,True,176,0,0,109,178,101,2026-10-03T16:08:57.257996+07:00,77.6569799380004,0.18580966599984095,OK,,True,2026-10-03T16:08:57.443819+07:00,77.84279897400029,0.033433777000027476,OK,,True,1438,0.17975,,2026-10-03T16:08:57.477258+07:00,77.87623812099991,0.032870095999896876,OK,,True,2648,0.331,
ac7c1fb6273f4dd882b2671f72ec1778,79,2026-10-03T16:08:58.258001+07:00,78.65697168499992,0.2502198080001108,WAIT_EXPOSURE,1181.19308147,1.000084579999566,0.25196174300072016,0.0001742309996188851,DISABLED,on,user_reported,36.60240936279297,53.593841552734375,1006.699375,117431.1953125,True,True,True,176,0,0,109,178,101,2026-10-03T16:08:58.258084+07:00,78.65706768400014,0.18580175900024187,OK,,True,2026-10-03T16:08:58.443896+07:00,78.84287618400049,0.033189611999659974,OK,,True,1437,0.179625,,2026-10-03T16:08:58.477088+07:00,78.8760698140004,0.0328546880000431,OK,,True,2650,0.33125,
ac7c1fb6273f4dd882b2671f72ec1778,80,2026-10-03T16:08:59.257921+07:00,79.65689297000063,1.2501410930008205,WAIT_EXPOSURE,1182.1930027550006,0.9999212850007098,0.25176446799923724,9.551600032864371e-05,DISABLED,on,user_reported,36.60432815551758,53.60682678222656,1006.757265625,117028.5703125,True,True,True,176,0,0,109,178,101,2026-10-03T16:08:59.257999+07:00,79.65698291399985,0.18580259300051694,OK,,True,2026-10-03T16:08:59.443812+07:00,79.84279243299989,0.033008613000674814,OK,,True,1446,0.18075,,2026-10-03T16:08:59.476823+07:00,79.87580489799984,0.032843317000697425,OK,,True,2650,0.33125,
ac7c1fb6273f4dd882b2671f72ec1778,81,2026-10-03T16:09:00.257922+07:00,80.65689294200001,2.250141065000207,WAIT_EXPOSURE,1183.193002727,0.9999999719993866,0.252118817000337,9.548799971526023e-05,DISABLED,on,user_reported,36.60240936279297,53.619258880615234,1006.80203125,117189.2890625,True,True,True,176,0,0,109,178,101,2026-10-03T16:09:00.258012+07:00,80.65699536700049,0.18582861100003356,OK,,True,2026-10-03T16:09:00.443853+07:00,80.84283223800048,0.03328303699981916,OK,,True,1444,0.1805,,2026-10-03T16:09:00.477139+07:00,80.87611975599975,0.03288189200065972,OK,,True,2658,0.33225,
ac7c1fb6273f4dd882b2671f72ec1778,82,2026-10-03T16:09:01.257909+07:00,81.65688206300001,3.250130186000206,WAIT_EXPOSURE,1184.192991848,0.9999891209999987,0.25177487500059215,8.46089997139643e-05,DISABLED,on,user_reported,36.6056022644043,53.632423400878906,1006.793515625,117431.1953125,True,True,True,176,0,0,109,178,101,2026-10-03T16:09:01.257994+07:00,81.65697808100049,0.1858008700000937,OK,,True,2026-10-03T16:09:01.443804+07:00,81.84278448799978,0.03298050300054456,OK,,True,1431,0.178875,,2026-10-03T16:09:01.476787+07:00,81.87576928700037,0.03287852099947486,OK,,True,2650,0.33125,
ac7c1fb6273f4dd882b2671f72ec1778,83,2026-10-03T16:09:02.257917+07:00,82.65688974000022,4.250137863000418,WAIT_EXPOSURE,1185.1929995250002,1.0000076770002124,0.2518931149998025,9.22859999263892e-05,DISABLED,on,user_reported,36.59858322143555,53.61868667602539,1006.788984375,117028.5703125,True,True,True,176,0,0,109,178,101,2026-10-03T16:09:02.258000+07:00,82.65698364699983,0.1858117410001796,OK,,True,2026-10-03T16:09:02.443822+07:00,82.84280174000014,0.03311302000020078,OK,,True,1446,0.18075,,2026-10-03T16:09:02.476940+07:00,82.87591961199996,0.032853577000423684,OK,,True,2649,0.331125,
ac7c1fb6273f4dd882b2671f72ec1778,84,2026-10-03T16:09:03.257916+07:00,83.65688884500014,5.250136968000334,WAIT_EXPOSURE,1186.1929986300001,0.9999991049999153,0.251764059999914,9.139099984167842e-05,DISABLED,on,user_reported,36.60240936279297,53.631961822509766,1006.774609375,117350.4453125,True,True,True,176,0,0,109,178,101,2026-10-03T16:09:03.258000+07:00,83.65698312200038,0.18581550099952437,OK,,True,2026-10-03T16:09:03.443825+07:00,83.84280510400004,0.03300163200037787,OK,,True,1444,0.1805,,2026-10-03T16:09:03.476829+07:00,83.87581099500039,0.03283305900004052,OK,,True,2654,0.33175,
ac7c1fb6273f4dd882b2671f72ec1778,85,2026-10-03T16:09:04.257913+07:00,84.65688535699974,6.250133479999931,WAIT_EXPOSURE,1187.1929951419997,0.9999965119995977,0.2517537280000397,8.790299943939317e-05,DISABLED,on,user_reported,36.59858322143555,53.63774871826172,1006.768515625,117431.1953125,True,True,True,176,0,0,109,178,101,2026-10-03T16:09:04.257994+07:00,84.65697735699996,0.18580696400022134,OK,,True,2026-10-03T16:09:04.443810+07:00,84.84279013600008,0.03297403899978235,OK,,True,1436,0.1795,,2026-10-03T16:09:04.476786+07:00,84.87576823100062,0.032861687999684364,OK,,True,2653,0.331625,
ac7c1fb6273f4dd882b2671f72ec1778,86,2026-10-03T16:09:05.257916+07:00,85.65688833400054,7.250136457000735,WAIT_EXPOSURE,1188.1929981190005,1.000002977000804,0.2521367819999796,9.08800002434873e-05,DISABLED,on,user_reported,36.59347915649414,53.64336013793945,1006.76015625,116868.296875,True,True,True,176,0,0,109,178,101,2026-10-03T16:09:05.257999+07:00,85.65698261200032,0.1858529080000153,OK,,True,2026-10-03T16:09:05.443864+07:00,85.8428439090003,0.03328520400009438,OK,,True,1455,0.181875,,2026-10-03T16:09:05.477153+07:00,85.87613396500001,0.03288083600000391,OK,,True,2648,0.331,
ac7c1fb6273f4dd882b2671f72ec1778,87,2026-10-03T16:09:06.257916+07:00,86.65688866500022,8.250136788000418,WAIT_EXPOSURE,1189.1929984500002,1.0000003309996828,0.25181915299981483,9.121099992626114e-05,DISABLED,on,user_reported,36.586463928222656,53.66139602661133,1006.7625,117350.4453125,True,True,True,176,0,0,109,178,101,2026-10-03T16:09:06.258001+07:00,86.65698499700011,0.18581413100037025,OK,,True,2026-10-03T16:09:06.443826+07:00,86.84280611000031,0.03303539099943009,OK,,True,1437,0.179625,,2026-10-03T16:09:06.476864+07:00,86.875845519,0.032853170000635146,OK,,True,2652,0.3315,
ac7c1fb6273f4dd882b2671f72ec1778,88,2026-10-03T16:09:07.257916+07:00,87.65688879200025,9.25013691500044,WAIT_EXPOSURE,1190.1929985770003,1.0000001270000212,0.25195715300014854,9.13379999474273e-05,DISABLED,on,user_reported,36.587100982666016,53.69327163696289,1006.7703125,116948.375,True,True,True,176,0,0,109,178,101,2026-10-03T16:09:07.257999+07:00,87.6569824950002,0.1858118910004123,OK,,True,2026-10-03T16:09:07.443820+07:00,87.84280070000023,0.033077668999794696,OK,,True,1444,0.1805,,2026-10-03T16:09:07.476904+07:00,87.875883961,0.032952558000033605,OK,,True,2651,0.33137500000000003,
ac7c1fb6273f4dd882b2671f72ec1778,89,2026-10-03T16:09:08.257916+07:00,88.65688892100025,10.25013704400044,WAIT_EXPOSURE,1191.1929987060003,1.000000129,0.25179219100027694,9.146699994744267e-05,DISABLED,on,user_reported,36.587738037109375,53.71878433227539,1006.77140625,116868.296875,True,True,True,176,0,0,109,178,101,2026-10-03T16:09:08.258000+07:00,88.65698310500011,0.18581653900037054,OK,,True,2026-10-03T16:09:08.443827+07:00,88.84280675500031,0.03301637299955473,OK,,True,1445,0.180625,,2026-10-03T16:09:08.476846+07:00,88.87582729400037,0.032844632999513124,OK,,True,2656,0.332,
ac7c1fb6273f4dd882b2671f72ec1778,90,2026-10-03T16:09:09.257917+07:00,89.65688892100025,0.5863658320004106,EXPOSURE,1192.1929987060003,1.0,0.25195495000025403,9.146699994744267e-05,DISABLED,on,user_reported,36.599220275878906,53.75225830078125,1006.769453125,117431.1953125,True,True,True,176,0,0,109,178,101,2026-10-03T16:09:09.258000+07:00,89.65698329000043,0.18579924299956474,OK,,True,2026-10-03T16:09:09.443808+07:00,89.84278890400037,0.03319727799953398,OK,,True,1441,0.180125,,2026-10-03T16:09:09.477008+07:00,89.87599031199989,0.03284417000031681,OK,,True,2656,0.332,
ac7c1fb6273f4dd882b2671f72ec1778,91,2026-10-03T16:09:10.257918+07:00,90.6568901440005,1.5863670550006645,EXPOSURE,1193.1929999290005,1.000001223000254,0.2521492819996638,9.269000020140084e-05,DISABLED,on,user_reported,36.60113525390625,53.784332275390625,1006.738359375,116868.296875,True,True,True,176,0,0,109,178,101,2026-10-03T16:09:10.258003+07:00,90.65698706900002,0.18581205800001044,OK,,True,2026-10-03T16:09:10.443826+07:00,90.84280562700042,0.03302270599942858,OK,,True,1441,0.180125,,2026-10-03T16:09:10.476852+07:00,90.87583311100025,0.03319498200016824,OK,,True,2650,0.33125,
ac7c1fb6273f4dd882b2671f72ec1778,92,2026-10-03T16:09:11.257921+07:00,91.65689394200035,2.586370853000517,EXPOSURE,1194.1930037270004,1.0000037979998524,0.251785951999409,9.648800005379599e-05,DISABLED,on,user_reported,36.599220275878906,53.82856750488281,1006.77625,116788.3203125,True,True,True,176,0,0,109,178,101,2026-10-03T16:09:11.258005+07:00,91.65698870100005,0.18582554000022355,OK,,True,2026-10-03T16:09:11.443842+07:00,91.84282264800004,0.03299468699970021,OK,,True,1433,0.179125,,2026-10-03T16:09:11.476840+07:00,91.87582176100022,0.03284794800038071,OK,,True,2656,0.332,
ac7c1fb6273f4dd882b2671f72ec1778,93,2026-10-03T16:09:12.257914+07:00,92.65688614999999,3.5863630610001564,EXPOSURE,1195.192995935,0.9999922079996395,0.2520099499997741,8.869599969330011e-05,DISABLED,on,user_reported,36.603050231933594,53.860931396484375,1006.76203125,116708.453125,True,True,True,176,0,0,109,178,101,2026-10-03T16:09:12.257999+07:00,92.65698259300007,0.1858425950003948,OK,,True,2026-10-03T16:09:12.443855+07:00,92.84283465099998,0.03317963100016641,OK,,True,1443,0.180375,,2026-10-03T16:09:12.477040+07:00,92.87602024500029,0.0328662069996426,OK,,True,2654,0.33175,
ac7c1fb6273f4dd882b2671f72ec1778,94,2026-10-03T16:09:13.257943+07:00,93.6569140800002,4.586390991000371,EXPOSURE,1196.1930238650002,1.0000279300002148,0.25181923000036477,0.0001166259999081376,DISABLED,on,user_reported,36.60049819946289,53.88600540161133,1006.7715625,117108.875,True,True,True,176,0,0,109,178,101,2026-10-03T16:09:13.258030+07:00,93.65701307900054,0.18581446600001073,OK,,True,2026-10-03T16:09:13.443854+07:00,93.84283467500063,0.033022723999238224,OK,,True,1443,0.180375,,2026-10-03T16:09:13.476881+07:00,93.87586200999976,0.0328632260006998,OK,,True,2650,0.33125,
ac7c1fb6273f4dd882b2671f72ec1778,95,2026-10-03T16:09:14.257915+07:00,94.65688725200016,5.586364163000326,EXPOSURE,1197.1929970370002,0.9999731719999545,0.2521740430001955,8.97979998626397e-05,DISABLED,on,user_reported,36.59986114501953,53.91136932373047,1006.6815625,117189.2890625,True,True,True,176,0,0,109,178,101,2026-10-03T16:09:14.257997+07:00,94.65698023300047,0.18581037300009484,OK,,True,2026-10-03T16:09:14.443817+07:00,94.84279708800022,0.03339346299981116,OK,,True,1434,0.17925,,2026-10-03T16:09:14.477215+07:00,94.87619514300059,0.032856354999239556,OK,,True,2645,0.330625,
ac7c1fb6273f4dd882b2671f72ec1778,96,2026-10-03T16:09:15.258063+07:00,95.65702140600024,6.586498317000405,EXPOSURE,1198.1931311910002,1.0001341540000794,0.25365905099988595,0.0002239519999420736,DISABLED,on,user_reported,36.58965301513672,53.90986251831055,1006.7265625,116310.765625,True,True,True,176,0,0,109,178,101,2026-10-03T16:09:15.258244+07:00,95.65722534900033,0.18699292099972809,OK,,True,2026-10-03T16:09:15.445252+07:00,95.84422904799976,0.03351248100079829,OK,,True,1430,0.17875,,2026-10-03T16:09:15.478767+07:00,95.8777468799999,0.0329236329998821,OK,,True,2655,0.33187500000000003,
ac7c1fb6273f4dd882b2671f72ec1778,97,2026-10-03T16:09:16.257916+07:00,96.65688830300041,7.58636521400058,EXPOSURE,1199.1929980880004,0.9998668970001745,0.2518497679993743,9.084900011657737e-05,DISABLED,on,user_reported,36.589012145996094,53.90977478027344,1006.746171875,116708.453125,True,True,True,176,0,0,109,178,101,2026-10-03T16:09:16.257999+07:00,96.65698248799981,0.1858111520004968,OK,,True,2026-10-03T16:09:16.443820+07:00,96.8428001580005,0.03304057599962107,OK,,True,1437,0.179625,,2026-10-03T16:09:16.476863+07:00,96.8758454939998,0.03288267000061751,OK,,True,2657,0.332125,
ac7c1fb6273f4dd882b2671f72ec1778,98,2026-10-03T16:09:17.257920+07:00,97.6568924230005,8.586369334000665,EXPOSURE,1200.1930022080005,1.000004120000085,0.2519724519997908,9.496900020167232e-05,DISABLED,on,user_reported,36.58965301513672,53.90986251831055,1006.699296875,116948.375,True,True,True,176,0,0,109,178,101,2026-10-03T16:09:17.258003+07:00,97.65698657099983,0.18581255900062388,OK,,True,2026-10-03T16:09:17.443826+07:00,97.8428058340005,0.03313444600007642,OK,,True,1443,0.180375,,2026-10-03T16:09:17.476966+07:00,97.87594587200056,0.03290889199979574,OK,,True,2652,0.3315,
ac7c1fb6273f4dd882b2671f72ec1778,99,2026-10-03T16:09:18.257974+07:00,98.65694176600027,9.586418677000438,EXPOSURE,1201.1930515510003,1.0000493429997732,0.25202639700000873,0.00014431199997488875,DISABLED,on,user_reported,36.5915641784668,53.897422790527344,1006.722890625,116708.453125,True,True,True,176,0,0,109,178,101,2026-10-03T16:09:18.258071+07:00,98.65705480199995,0.18605041000046185,OK,,True,2026-10-03T16:09:18.444132+07:00,98.84311197100033,0.03299205900020752,OK,,True,1447,0.180875,,2026-10-03T16:09:18.477126+07:00,98.87610830700032,0.03285118900021189,OK,,True,2652,0.3315,
ac7c1fb6273f4dd882b2671f72ec1778,100,2026-10-03T16:09:19.257929+07:00,99.6569010180001,10.586377929000264,EXPOSURE,1202.193010803,0.9999592519998259,0.2517600279998078,0.00010356399980082642,DISABLED,on,user_reported,36.58518600463867,53.89011764526367,1006.842421875,116788.3203125,True,True,True,176,0,0,109,178,101,2026-10-03T16:09:19.258012+07:00,99.65699516600034,0.18580513300003076,OK,,True,2026-10-03T16:09:19.443826+07:00,99.84280639200006,0.032997520999742846,OK,,True,1440,0.18,,2026-10-03T16:09:19.476824+07:00,99.87580722799976,0.03284463300042262,OK,,True,2657,0.332125,
ac7c1fb6273f4dd882b2671f72ec1778,101,2026-10-03T16:09:20.257910+07:00,100.65688228999988,11.58635920100005,EXPOSURE,1203.192992075,0.9999812719997863,0.25917436800045834,8.48359995870851e-05,DISABLED,on,user_reported,36.58518600463867,53.87739944458008,1006.808359375,116788.3203125,True,True,True,176,0,0,109,178,101,2026-10-03T16:09:20.257997+07:00,100.65698004800015,0.19087787799981015,OK,,True,2026-10-03T16:09:20.448901+07:00,100.84787646299992,0.03415458800009219,OK,,True,1452,0.1815,,2026-10-03T16:09:20.483065+07:00,100.88204143999974,0.03399712500049645,OK,,True,2643,0.33037500000000003,
ac7c1fb6273f4dd882b2671f72ec1778,102,2026-10-03T16:09:21.257985+07:00,101.65694672800055,12.586423639000714,EXPOSURE,1204.1930565130006,1.0000644380006634,0.26440785199974925,0.00014927400025044335,DISABLED,on,user_reported,36.58454895019531,53.87094497680664,1006.79375,117028.5703125,True,True,True,176,0,0,109,178,101,2026-10-03T16:09:21.258150+07:00,101.65713107900046,0.19173942799989163,OK,,True,2026-10-03T16:09:21.449907+07:00,101.84888393300025,0.037080160999721556,OK,,True,1453,0.181625,,2026-10-03T16:09:21.487001+07:00,101.88597718599976,0.03535589400053141,OK,,True,2660,0.3325,
ac7c1fb6273f4dd882b2671f72ec1778,103,2026-10-03T16:09:22.258004+07:00,102.65696781600036,13.586444727000526,EXPOSURE,1205.1930776010004,1.0000210879998122,0.26157661199977156,0.00017036200006259605,DISABLED,on,user_reported,36.58582305908203,53.85840606689453,1006.781953125,116628.703125,True,True,True,176,0,0,109,178,101,2026-10-03T16:09:22.258140+07:00,102.65712261200042,0.19122376499944949,OK,,True,2026-10-03T16:09:22.449383+07:00,102.84836035799981,0.03578594700047688,OK,,True,1433,0.179125,,2026-10-03T16:09:22.485180+07:00,102.8841571009998,0.03436632700049813,OK,,True,2657,0.332125,
ac7c1fb6273f4dd882b2671f72ec1778,104,2026-10-03T16:09:23.258019+07:00,103.65698070200051,14.586457613000675,EXPOSURE,1206.1930904870005,1.0000128860001496,0.2519421759998295,0.00018324800021218834,DISABLED,on,user_reported,36.58518600463867,53.84558868408203,1006.774140625,116390.0859375,True,True,True,176,0,0,109,178,101,2026-10-03T16:09:23.258140+07:00,103.65712251600053,0.18587561499953154,OK,,True,2026-10-03T16:09:23.444025+07:00,103.843004372,0.03297813300014241,OK,,True,1460,0.1825,,2026-10-03T16:09:23.477003+07:00,103.87598570800037,0.03292739300013636,OK,,True,2654,0.33175,
ac7c1fb6273f4dd882b2671f72ec1778,105,2026-10-03T16:09:24.257915+07:00,104.65688683000008,15.586363741000241,EXPOSURE,1207.192996615,0.9999061279995658,0.25186028799998894,8.937599977798527e-05,DISABLED,on,user_reported,36.58390808105469,53.845394134521484,1006.75828125,117108.875,True,True,True,176,0,0,109,178,101,2026-10-03T16:09:24.257999+07:00,104.65698292199977,0.1858168390008359,OK,,True,2026-10-03T16:09:24.443826+07:00,104.84280588999991,0.03302170599999954,OK,,True,1432,0.179,,2026-10-03T16:09:24.476849+07:00,104.87583146700035,0.032905910999943444,OK,,True,2652,0.3315,
ac7c1fb6273f4dd882b2671f72ec1778,106,2026-10-03T16:09:25.257909+07:00,105.6568813290005,16.586358240000663,EXPOSURE,1208.1929911140005,0.9999944990004224,0.252028676000009,8.387500020035077e-05,DISABLED,on,user_reported,36.58454895019531,53.84550094604492,1006.786796875,116310.765625,True,True,True,176,0,0,109,178,101,2026-10-03T16:09:25.257994+07:00,105.65697768000064,0.18580894999922748,OK,,True,2026-10-03T16:09:25.443812+07:00,105.84279272300046,0.03320170499955566,OK,,True,1444,0.1805,,2026-10-03T16:09:25.477016+07:00,105.87599807600054,0.032901762999244966,OK,,True,2652,0.3315,
ac7c1fb6273f4dd882b2671f72ec1778,107,2026-10-03T16:09:26.257909+07:00,106.65688044000035,17.586357351000515,EXPOSURE,1209.1929902250004,0.9999991109998518,0.2518195109996668,8.298600005218759e-05,DISABLED,on,user_reported,36.586463928222656,53.82669448852539,1006.796640625,116708.453125,True,True,True,176,0,0,109,178,101,2026-10-03T16:09:26.257995+07:00,106.65697871700013,0.18582574700030818,OK,,True,2026-10-03T16:09:26.443831+07:00,106.84281122300035,0.03299331699963659,OK,,True,1445,0.180625,,2026-10-03T16:09:26.476825+07:00,106.87580796600014,0.03288228200017329,OK,,True,2647,0.33087500000000003,
ac7c1fb6273f4dd882b2671f72ec1778,108,2026-10-03T16:09:27.257910+07:00,107.65688277499976,18.586359685999923,EXPOSURE,1210.1929925599998,1.000002334999408,0.2519561770004657,8.532099946023664e-05,DISABLED,on,user_reported,36.581356048583984,53.806861877441406,1006.7678125,116152.453125,True,True,True,176,0,0,109,178,101,2026-10-03T16:09:27.257992+07:00,107.65697510700011,0.18580295100036892,OK,,True,2026-10-03T16:09:27.443805+07:00,107.84278498300046,0.03311398400001053,OK,,True,1440,0.18,,2026-10-03T16:09:27.476924+07:00,107.87590418899981,0.03292404100011481,OK,,True,2644,0.3305,
ac7c1fb6273f4dd882b2671f72ec1778,109,2026-10-03T16:09:28.258003+07:00,108.65696483200009,19.58644174300025,EXPOSURE,1211.193074617,1.000082057000327,0.2528749120001521,0.00016737799978727708,DISABLED,on,user_reported,36.581356048583984,53.806861877441406,1006.7746875,117108.875,True,True,True,176,0,0,109,178,101,2026-10-03T16:09:28.258146+07:00,108.65712812699985,0.18679118500040204,OK,,True,2026-10-03T16:09:28.444947+07:00,108.84392682999987,0.03302452100069786,OK,,True,1456,0.182,,2026-10-03T16:09:28.477973+07:00,108.87695501800044,0.03287437400013005,OK,,True,2638,0.32975,
ac7c1fb6273f4dd882b2671f72ec1778,110,2026-10-03T16:09:29.257916+07:00,109.65688866900018,20.586365580000347,EXPOSURE,1212.1929984540002,0.9999238370000967,0.25179021599979023,9.121499988395954e-05,DISABLED,on,user_reported,36.58327102661133,53.79443359375,1006.79140625,116868.296875,True,True,True,176,0,0,109,178,101,2026-10-03T16:09:29.257999+07:00,109.65698216800047,0.18580470999950194,OK,,True,2026-10-03T16:09:29.443814+07:00,109.84279404500012,0.032995040000059817,OK,,True,1436,0.1795,,2026-10-03T16:09:29.476810+07:00,109.87579238099988,0.03287659600027837,OK,,True,2649,0.331125,
ac7c1fb6273f4dd882b2671f72ec1778,111,2026-10-03T16:09:30.257915+07:00,110.6568876170004,21.58636452800056,EXPOSURE,1213.1929974020004,0.9999989480002114,0.2518161419993703,9.016300009534461e-05,DISABLED,on,user_reported,36.58518600463867,53.78199005126953,1006.774140625,116549.0546875,True,True,True,176,0,0,109,178,101,2026-10-03T16:09:30.257999+07:00,110.65698246900047,0.18580695099990407,OK,,True,2026-10-03T16:09:30.443816+07:00,110.84279612299997,0.033025706999978865,OK,,True,1437,0.179625,,2026-10-03T16:09:30.476842+07:00,110.8758250890005,0.032869577999917965,OK,,True,2652,0.3315,
ac7c1fb6273f4dd882b2671f72ec1778,112,2026-10-03T16:09:31.257921+07:00,111.65689338199991,22.586370293000073,EXPOSURE,1214.193003167,1.0000057649995142,0.25208727000062936,9.592799960955745e-05,DISABLED,on,user_reported,36.58263397216797,53.768890380859375,1006.811015625,117269.8125,True,True,True,176,0,0,109,178,101,2026-10-03T16:09:31.258006+07:00,111.65698952999992,0.18581645100039168,OK,,True,2026-10-03T16:09:31.443833+07:00,111.84281314700002,0.033288278999862086,OK,,True,1435,0.179375,,2026-10-03T16:09:31.477122+07:00,111.8761043149998,0.0328670040007637,OK,,True,2652,0.3315,
ac7c1fb6273f4dd882b2671f72ec1778,113,2026-10-03T16:09:32.257912+07:00,112.65688525899986,23.58636217000003,EXPOSURE,1215.1929950439999,0.9999918769999567,0.2520976960004191,8.780499956628773e-05,DISABLED,on,user_reported,36.573699951171875,53.761226654052734,1006.76234375,116469.515625,True,True,True,176,0,0,109,178,101,2026-10-03T16:09:32.257997+07:00,112.65698018400053,0.18580882199967164,OK,,True,2026-10-03T16:09:32.443816+07:00,112.84279630200035,0.033162408999487525,OK,,True,1442,0.18025,,2026-10-03T16:09:32.476984+07:00,112.87596384100016,0.03300796599978639,OK,,True,2650,0.33125,
ac7c1fb6273f4dd882b2671f72ec1778,114,2026-10-03T16:09:33.257954+07:00,113.65692347000004,24.586400381000203,EXPOSURE,1216.193033255,1.0000382110001738,0.25686875700012024,0.00012601599974004785,DISABLED,on,user_reported,36.57497787475586,53.74869918823242,1006.743671875,116868.296875,True,True,True,176,0,0,109,178,101,2026-10-03T16:09:33.258045+07:00,113.65702811699975,0.18765719900056865,OK,,True,2026-10-03T16:09:33.445715+07:00,113.84469366699977,0.033762054000362696,OK,,True,1431,0.178875,,2026-10-03T16:09:33.479478+07:00,113.8784603690001,0.03530954300003941,OK,,True,2650,0.33125,
ac7c1fb6273f4dd882b2671f72ec1778,115,2026-10-03T16:09:34.258028+07:00,114.6569930149999,25.586469926000063,EXPOSURE,1217.1931028,1.0000695449998602,0.2623225920006007,0.00019556099960027495,DISABLED,on,user_reported,36.574337005615234,53.74860763549805,1006.7290625,116788.3203125,True,True,True,176,0,0,109,178,101,2026-10-03T16:09:34.258150+07:00,114.65713275500002,0.1911320640001577,OK,,True,2026-10-03T16:09:34.449303+07:00,114.84827980000045,0.035564300999794796,OK,,True,1470,0.18375,,2026-10-03T16:09:34.484873+07:00,114.88385282400031,0.03544102399973781,OK,,True,2661,0.332625,
ac7c1fb6273f4dd882b2671f72ec1778,116,2026-10-03T16:09:35.257992+07:00,115.65695715400034,26.586434065000503,EXPOSURE,1218.1930669390003,0.9999641390004399,0.26237548100016284,0.00015970000004017493,DISABLED,on,user_reported,36.57178497314453,53.72916030883789,1006.711328125,116868.296875,True,True,True,176,0,0,109,178,101,2026-10-03T16:09:35.258117+07:00,115.65709967200019,0.19124269300027663,OK,,True,2026-10-03T16:09:35.449380+07:00,115.84835640199981,0.03563370800020493,OK,,True,1446,0.18075,,2026-10-03T16:09:35.485022+07:00,115.88400010999976,0.03531204400042043,OK,,True,2660,0.3325,
ac7c1fb6273f4dd882b2671f72ec1778,117,2026-10-03T16:09:36.257986+07:00,116.65695449800023,27.586431409000397,EXPOSURE,1219.1930642830002,0.9999973439998939,0.25181999599953997,0.00015704399993410334,DISABLED,on,user_reported,36.572425842285156,53.722896575927734,1006.732890625,117028.5703125,True,True,True,176,0,0,109,178,101,2026-10-03T16:09:36.258078+07:00,116.65706122000029,0.18583367399969575,OK,,True,2026-10-03T16:09:36.443922+07:00,116.84290137500011,0.03294996699969488,OK,,True,1440,0.18,,2026-10-03T16:09:36.476871+07:00,116.87585437899997,0.0329094670005361,OK,,True,2648,0.331,
ac7c1fb6273f4dd882b2671f72ec1778,118,2026-10-03T16:09:37.257994+07:00,117.65696301000025,28.58643992100042,EXPOSURE,1220.1930727950003,1.0000085120000222,0.2521923260001131,0.00016555599995626835,DISABLED,on,user_reported,36.56604766845703,53.73467254638672,1006.743046875,117028.5703125,True,True,True,176,0,0,109,178,101,2026-10-03T16:09:37.258088+07:00,117.6570717680006,0.18582769299973734,OK,,True,2026-10-03T16:09:37.443926+07:00,117.84290583199981,0.0333256670000992,OK,,True,1439,0.179875,,2026-10-03T16:09:37.477257+07:00,117.87623738799994,0.0329071890000705,OK,,True,2656,0.332,
ac7c1fb6273f4dd882b2671f72ec1778,119,2026-10-03T16:09:38.257987+07:00,118.65695670800051,29.586433619000672,EXPOSURE,1221.1930664930005,0.9999936980002531,0.2523070849993019,0.00015925400020933012,DISABLED,on,user_reported,36.56668472290039,53.715694427490234,1006.8125,116628.703125,True,True,True,176,0,0,109,178,101,2026-10-03T16:09:38.258080+07:00,118.65706337400024,0.18593004400008795,OK,,True,2026-10-03T16:09:38.444022+07:00,118.84300121399974,0.03334539000024961,OK,,True,1451,0.181375,,2026-10-03T16:09:38.477373+07:00,118.87635254799989,0.03290006000042922,OK,,True,2648,0.331,
ac7c1fb6273f4dd882b2671f72ec1778,120,2026-10-03T16:09:39.257947+07:00,119.65691833300025,30.586395244000414,EXPOSURE,1222.1930281180003,0.9999616249997416,0.2517205149997608,0.00012087899995094631,DISABLED,on,user_reported,36.579444885253906,53.711212158203125,1006.833125,116788.3203125,True,True,True,176,0,0,109,178,101,2026-10-03T16:09:39.258033+07:00,119.65701679500035,0.18581076800001028,OK,,True,2026-10-03T16:09:39.443854+07:00,119.84283400700042,0.0329370409999683,OK,,True,1439,0.179875,,2026-10-03T16:09:39.476792+07:00,119.87577469600001,0.032853837000402564,OK,,True,2650,0.33125,
ac7c1fb6273f4dd882b2671f72ec1778,121,2026-10-03T16:09:40.257934+07:00,120.65690645900031,31.586383370000476,EXPOSURE,1223.1930162440003,0.999988126000062,0.2517408490002708,0.00010900500001298496,DISABLED,on,user_reported,36.57752990722656,53.717288970947266,1006.795859375,117350.4453125,True,True,True,176,0,0,109,178,101,2026-10-03T16:09:40.258013+07:00,120.65699667999979,0.1858145460000742,OK,,True,2026-10-03T16:09:40.443840+07:00,120.8428199480004,0.032982928999444994,OK,,True,1434,0.17925,,2026-10-03T16:09:40.476825+07:00,120.8758066370001,0.03283170800023072,OK,,True,2652,0.3315,
ac7c1fb6273f4dd882b2671f72ec1778,122,2026-10-03T16:09:41.262083+07:00,121.66105476200028,32.59053167300044,EXPOSURE,1224.1971645470003,1.0041483029999654,0.25391738999951485,0.004257307999978366,DISABLED,on,user_reported,36.57816696166992,53.71102523803711,1006.790078125,116948.375,True,True,True,176,0,0,109,178,101,2026-10-03T16:09:41.262168+07:00,121.6611516869998,0.1860217110006488,OK,,True,2026-10-03T16:09:41.448212+07:00,121.8471874349998,0.03481015800025489,OK,,True,1434,0.17925,,2026-10-03T16:09:41.483024+07:00,121.8820032600006,0.032957206999526534,OK,,True,2650,0.33125,
ac7c1fb6273f4dd882b2671f72ec1778,123,2026-10-03T16:09:42.259293+07:00,122.65826003799975,33.58773694899992,EXPOSURE,1225.1943698229998,0.9972052759994767,0.2519216630007577,0.0014625839994550915,DISABLED,on,user_reported,36.58518600463867,53.72476577758789,1006.821953125,117028.5703125,True,True,True,176,0,0,109,178,101,2026-10-03T16:09:42.259401+07:00,122.658384759,0.1858508420000362,OK,,True,2026-10-03T16:09:42.445266+07:00,122.84424506400046,0.03306581800006825,OK,,True,1451,0.181375,,2026-10-03T16:09:42.478336+07:00,122.87731632600025,0.03285589400002209,OK,,True,2644,0.3305,
ac7c1fb6273f4dd882b2671f72ec1778,124,2026-10-03T16:09:43.257985+07:00,123.65694343500036,34.58642034600052,EXPOSURE,1226.1930532200004,0.9986833970006046,0.2542042409995702,0.00014598100005969172,DISABLED,on,user_reported,36.579444885253906,53.71756362915039,1006.764765625,116948.375,True,True,True,176,0,0,109,178,101,2026-10-03T16:09:43.258091+07:00,123.65707382300025,0.18635241300034977,OK,,True,2026-10-03T16:09:43.444461+07:00,123.84343849500056,0.03467582599932939,OK,,True,1437,0.179625,,2026-10-03T16:09:43.479141+07:00,123.87812059800035,0.033016225999745075,OK,,True,2653,0.331625,
ac7c1fb6273f4dd882b2671f72ec1778,125,2026-10-03T16:09:44.257909+07:00,124.65688164000039,35.58635855100056,EXPOSURE,1227.1929914250004,0.9999382050000349,0.25197118100004445,8.418600009463262e-05,DISABLED,on,user_reported,36.58390808105469,53.71186447143555,1006.80625,116628.703125,True,True,True,176,0,0,109,178,101,2026-10-03T16:09:44.257993+07:00,124.65697715700026,0.18581413900028565,OK,,True,2026-10-03T16:09:44.443821+07:00,124.84280027800014,0.03317226099989057,OK,,True,1436,0.1795,,2026-10-03T16:09:44.476995+07:00,124.8759764840006,0.032865707999917504,OK,,True,2651,0.33137500000000003,
ac7c1fb6273f4dd882b2671f72ec1778,126,2026-10-03T16:09:45.257910+07:00,125.65688319699984,36.58636010800001,EXPOSURE,1228.1929929819999,1.0000015569994503,0.251819701000386,8.574299954489106e-05,DISABLED,on,user_reported,36.5768928527832,53.7044792175293,1006.760703125,117108.875,True,True,True,176,0,0,109,178,101,2026-10-03T16:09:45.257992+07:00,125.65697551100038,0.18581310199988366,OK,,True,2026-10-03T16:09:45.443818+07:00,125.84279744600008,0.03303939200031891,OK,,True,1437,0.179625,,2026-10-03T16:09:45.476859+07:00,125.8758407080004,0.03285352300008526,OK,,True,2647,0.33087500000000003,
ac7c1fb6273f4dd882b2671f72ec1778,127,2026-10-03T16:09:46.257913+07:00,126.65688466200027,37.58636157300043,EXPOSURE,1229.1929944470003,1.0000014650004232,0.25234606899994105,8.720799996808637e-05,DISABLED,on,user_reported,36.576255798339844,53.71710205078125,1006.7459375,117028.5703125,True,True,True,176,0,0,109,178,101,2026-10-03T16:09:46.257999+07:00,126.65698210600021,0.1858146949998627,OK,,True,2026-10-03T16:09:46.443826+07:00,126.84280543000023,0.03301326299970242,OK,,True,1440,0.18,,2026-10-03T16:09:46.476840+07:00,126.87582187800035,0.033398370999748295,OK,,True,2652,0.3315,
ac7c1fb6273f4dd882b2671f72ec1778,128,2026-10-03T16:09:47.257911+07:00,127.65688362899982,38.58636053999999,EXPOSURE,1230.1929934139998,0.9999989669995557,0.2518740900004559,8.617499952379148e-05,DISABLED,on,user_reported,36.57561492919922,53.71065139770508,1006.76546875,117028.5703125,True,True,True,176,0,0,109,178,101,2026-10-03T16:09:47.257993+07:00,127.65697625800021,0.18581471299967234,OK,,True,2026-10-03T16:09:47.443820+07:00,127.8427999710002,0.03307604000019637,OK,,True,1443,0.180375,,2026-10-03T16:09:47.476900+07:00,127.87588080700061,0.03286752299936779,OK,,True,2652,0.3315,
ac7c1fb6273f4dd882b2671f72ec1778,129,2026-10-03T16:09:48.257912+07:00,128.65688500299984,39.58636191400001,EXPOSURE,1231.1929947879999,1.0000013740000213,0.2552461610002865,8.75489995451062e-05,DISABLED,on,user_reported,36.576255798339844,53.729820251464844,1006.75265625,117028.5703125,True,True,True,176,0,0,109,178,101,2026-10-03T16:09:48.257989+07:00,128.6569730400006,0.18584236099923146,OK,,True,2026-10-03T16:09:48.443845+07:00,128.84282467899993,0.03529132200037566,OK,,True,1437,0.179625,,2026-10-03T16:09:48.479144+07:00,128.87812255600056,0.033994441999311675,OK,,True,2650,0.33125,
ac7c1fb6273f4dd882b2671f72ec1778,130,2026-10-03T16:09:49.257919+07:00,129.6568920460004,40.58636895700056,EXPOSURE,1232.1930018310004,1.0000070430005508,0.2523185509999166,9.459200009587221e-05,DISABLED,on,user_reported,36.5768928527832,53.71718978881836,1006.74015625,116868.296875,True,True,True,176,0,0,109,178,101,2026-10-03T16:09:49.258001+07:00,129.65698495300057,0.18581504699977813,OK,,True,2026-10-03T16:09:49.443828+07:00,129.84280824000052,0.03345046399954299,OK,,True,1451,0.181375,,2026-10-03T16:09:49.477283+07:00,129.87626350000028,0.03293552299965086,OK,,True,2651,0.33137500000000003,
ac7c1fb6273f4dd882b2671f72ec1778,131,2026-10-03T16:09:50.257914+07:00,130.6568875339999,41.58636444500007,EXPOSURE,1233.192997319,0.999995487999513,0.2519899790004274,9.007999960886082e-05,DISABLED,on,user_reported,36.573062896728516,53.722984313964844,1006.76125,117108.875,True,True,True,176,0,0,109,178,101,2026-10-03T16:09:50.257996+07:00,130.65698006999992,0.185813548000624,OK,,True,2026-10-03T16:09:50.443823+07:00,130.84280204400056,0.03316692799944576,OK,,True,1449,0.181125,,2026-10-03T16:09:50.476994+07:00,130.87597421300052,0.03289294899968809,OK,,True,2649,0.331125,
ac7c1fb6273f4dd882b2671f72ec1778,132,2026-10-03T16:09:51.258037+07:00,131.6569993560006,42.58647626700076,EXPOSURE,1234.1931091410006,1.0001118220006902,0.2535607279996839,0.00020190200029901462,DISABLED,on,user_reported,36.57880401611328,53.73019027709961,1006.75,116948.375,True,True,True,176,0,0,109,178,101,2026-10-03T16:09:51.258184+07:00,131.6571667620001,0.18640219200005959,OK,,True,2026-10-03T16:09:51.444598+07:00,131.84357730600004,0.03389114499987045,OK,,True,1442,0.18025,,2026-10-03T16:09:51.478495+07:00,131.8774746549998,0.0330748920005135,OK,,True,2646,0.33075,
ac7c1fb6273f4dd882b2671f72ec1778,133,2026-10-03T16:09:52.257912+07:00,132.6568845870006,43.58636149800077,EXPOSURE,1235.1929943720006,0.9998852310000075,0.2526584389997879,8.713300030649407e-05,DISABLED,on,user_reported,36.58582305908203,53.71215057373047,1006.747734375,116469.515625,True,True,True,176,0,0,109,178,101,2026-10-03T16:09:52.257995+07:00,132.65697836399977,0.1858095110001159,OK,,True,2026-10-03T16:09:52.443817+07:00,132.84279620800044,0.033877109000059136,OK,,True,1445,0.180625,,2026-10-03T16:09:52.477698+07:00,132.87667805799992,0.03285669000069902,OK,,True,2650,0.33125,
ac7c1fb6273f4dd882b2671f72ec1778,134,2026-10-03T16:09:53.257909+07:00,133.65688191200024,44.58635882300041,EXPOSURE,1236.1929916970003,0.9999973249996401,0.2534845629998017,8.445799994660774e-05,DISABLED,on,user_reported,36.580718994140625,53.711402893066406,1006.732578125,116708.453125,True,True,True,176,0,0,109,178,101,2026-10-03T16:09:53.257989+07:00,133.65697270800047,0.18588549099968077,OK,,True,2026-10-03T16:09:53.443889+07:00,133.84286812499977,0.034559420000732644,OK,,True,1444,0.1805,,2026-10-03T16:09:53.478453+07:00,133.87743285899978,0.032916783000473515,OK,,True,2635,0.32937500000000003,
ac7c1fb6273f4dd882b2671f72ec1778,135,2026-10-03T16:09:54.257915+07:00,134.65688762599984,45.58636453700001,EXPOSURE,1237.1929974109999,1.0000057139995988,0.25233764499989775,9.017199954541866e-05,DISABLED,on,user_reported,36.574337005615234,53.70410919189453,1006.70859375,116788.3203125,True,True,True,176,0,0,109,178,101,2026-10-03T16:09:54.257997+07:00,134.6569801630003,0.18584869499954948,OK,,True,2026-10-03T16:09:54.443859+07:00,134.84283861800031,0.03302687399991555,OK,,True,1455,0.181875,,2026-10-03T16:09:54.476888+07:00,134.8758699730006,0.033343853999213025,OK,,True,2646,0.33075,
ac7c1fb6273f4dd882b2671f72ec1778,136,2026-10-03T16:09:55.257909+07:00,135.6568812860005,46.58635819700066,EXPOSURE,1238.1929910710005,0.9999936600006549,0.2528800489999412,8.383200020034565e-05,DISABLED,on,user_reported,36.573062896728516,53.710269927978516,1006.720234375,116788.3203125,True,True,True,176,0,0,109,178,101,2026-10-03T16:09:55.257990+07:00,135.6569732300004,0.18584791800003586,OK,,True,2026-10-03T16:09:55.443851+07:00,135.84283044400036,0.03328176200011512,OK,,True,1449,0.181125,,2026-10-03T16:09:55.477135+07:00,135.87611700199977,0.03363085100045282,OK,,True,2649,0.331125,
ac7c1fb6273f4dd882b2671f72ec1778,137,2026-10-03T16:09:56.257918+07:00,136.65689146500063,47.58636837600079,EXPOSURE,1239.1930012500006,1.0000101790001281,0.2563026929992702,9.401100032846443e-05,DISABLED,on,user_reported,36.574337005615234,53.716819763183594,1006.722265625,116469.515625,True,True,True,176,0,0,109,178,101,2026-10-03T16:09:56.257998+07:00,136.65698220500053,0.1882923099992695,OK,,True,2026-10-03T16:09:56.446309+07:00,136.8452868479999,0.03471391900075105,OK,,True,1432,0.179,,2026-10-03T16:09:56.481028+07:00,136.88000685899988,0.03317200299989054,OK,,True,2635,0.32937500000000003,
ac7c1fb6273f4dd882b2671f72ec1778,138,2026-10-03T16:09:57.257922+07:00,137.65689494199978,48.586371852999946,EXPOSURE,1240.1930047269998,1.0000034769991544,0.25378026600083103,9.748799948283704e-05,DISABLED,on,user_reported,36.579444885253906,53.69849395751953,1006.805859375,117108.875,True,True,True,176,0,0,109,178,101,2026-10-03T16:09:57.258007+07:00,137.6569904600001,0.18582997399971646,OK,,True,2026-10-03T16:09:57.443851+07:00,137.84282973000063,0.03328676199998881,OK,,True,1445,0.180625,,2026-10-03T16:09:57.477142+07:00,137.87612189900028,0.034542235000117216,OK,,True,2649,0.331125,
ac7c1fb6273f4dd882b2671f72ec1778,139,2026-10-03T16:09:58.257914+07:00,138.65688701199997,49.586363923000135,EXPOSURE,1241.192996797,0.9999920700001894,0.25568519799981004,8.955799967225175e-05,DISABLED,on,user_reported,36.572425842285156,53.71018600463867,1006.81484375,116868.296875,True,True,True,176,0,0,109,178,101,2026-10-03T16:09:58.257992+07:00,138.6569761410001,0.18871906700042018,OK,,True,2026-10-03T16:09:58.446722+07:00,138.84570139300013,0.03293624500020087,OK,,True,1435,0.179375,,2026-10-03T16:09:58.479663+07:00,138.87864323099984,0.03391136800019012,OK,,True,2647,0.33087500000000003,
ac7c1fb6273f4dd882b2671f72ec1778,140,2026-10-03T16:09:59.257923+07:00,139.65689576900058,50.58637268000075,EXPOSURE,1242.1930055540006,1.0000087570006144,0.253342156999679,9.831500028667506e-05,DISABLED,on,user_reported,36.57497787475586,53.7169075012207,1006.805234375,117431.1953125,True,True,True,176,0,0,109,178,101,2026-10-03T16:09:59.257999+07:00,139.65698230500038,0.18582821600011812,OK,,True,2026-10-03T16:09:59.443839+07:00,139.8428185390003,0.03420577399992908,OK,,True,1443,0.180375,,2026-10-03T16:09:59.478050+07:00,139.87703031300043,0.03319694699985121,OK,,True,2651,0.33137500000000003,
ac7c1fb6273f4dd882b2671f72ec1778,141,2026-10-03T16:10:00.257922+07:00,140.65689324800042,51.58637015900058,EXPOSURE,1243.1930030330004,0.9999974789998305,0.25268905199936853,9.579400011716643e-05,DISABLED,on,user_reported,36.573062896728516,53.710269927978516,1006.78859375,116469.515625,True,True,True,176,0,0,109,178,101,2026-10-03T16:10:00.258006+07:00,140.65698965499996,0.18582912300007592,OK,,True,2026-10-03T16:10:00.443846+07:00,140.84282598200025,0.033190391000061936,OK,,True,1451,0.181375,,2026-10-03T16:10:00.477040+07:00,140.87602059599976,0.033550778000062564,OK,,True,2646,0.33075,
ac7c1fb6273f4dd882b2671f72ec1778,142,2026-10-03T16:10:01.257917+07:00,141.6568899140002,52.58636682500037,EXPOSURE,1244.1929996990002,0.9999966659997881,0.2616831400000592,9.245999990525888e-05,DISABLED,on,user_reported,36.57752990722656,53.717288970947266,1006.795859375,117108.875,True,True,True,176,0,0,109,178,101,2026-10-03T16:10:01.257997+07:00,141.65698022800007,0.18983635600034177,OK,,True,2026-10-03T16:10:01.447856+07:00,141.8468324180003,0.034576197000205866,OK,,True,1454,0.18175,,2026-10-03T16:10:01.482444+07:00,141.8814203560005,0.03712567999991734,OK,,True,2650,0.33125,
ac7c1fb6273f4dd882b2671f72ec1778,143,2026-10-03T16:10:02.257932+07:00,142.65690400699987,53.58638091800003,EXPOSURE,1245.1930137919999,1.0000140929996633,0.25607073300034244,0.00010655299956852105,DISABLED,on,user_reported,36.58327102661133,53.73085021972656,1006.79140625,117350.4453125,True,True,True,176,0,0,109,178,101,2026-10-03T16:10:02.258013+07:00,142.6569965059998,0.18637228700026753,OK,,True,2026-10-03T16:10:02.444402+07:00,142.84338036700046,0.03576787400015746,OK,,True,1420,0.1775,,2026-10-03T16:10:02.480177+07:00,142.8791555380003,0.03380664699943736,OK,,True,2647,0.33087500000000003,
ac7c1fb6273f4dd882b2671f72ec1778,144,2026-10-03T16:10:03.257917+07:00,143.65689024899984,54.58636716000001,EXPOSURE,1246.1930000339999,0.9999862419999772,0.2533515660006742,9.279499954573112e-05,DISABLED,on,user_reported,36.58518600463867,53.73112487792969,1006.774140625,116788.3203125,True,True,True,176,0,0,109,178,101,2026-10-03T16:10:03.257997+07:00,143.65698013700057,0.18602056700001413,OK,,True,2026-10-03T16:10:03.444039+07:00,143.84301531500023,0.03419586600011826,OK,,True,1431,0.178875,,2026-10-03T16:10:03.478245+07:00,143.87722212600056,0.03300209699955303,OK,,True,2625,0.328125,
ac7c1fb6273f4dd882b2671f72ec1778,145,2026-10-03T16:10:04.257917+07:00,144.65688945500006,55.58636636600022,EXPOSURE,1247.19299924,0.9999992060002114,0.2541233199999624,9.200099975714693e-05,DISABLED,on,user_reported,36.58390808105469,53.730934143066406,1006.785703125,117108.875,True,True,True,176,0,0,109,178,101,2026-10-03T16:10:04.257999+07:00,144.65698260200043,0.18697954199978994,OK,,True,2026-10-03T16:10:04.444989+07:00,144.84396845900028,0.034053182999741693,OK,,True,1444,0.1805,,2026-10-03T16:10:04.479048+07:00,144.8780279190005,0.03297387499969773,OK,,True,2653,0.331625,
ac7c1fb6273f4dd882b2671f72ec1778,146,2026-10-03T16:10:05.257909+07:00,145.65688142100043,56.5863583320006,EXPOSURE,1248.1929912060004,0.9999919660003798,0.254900352999357,8.396700013690861e-05,DISABLED,on,user_reported,36.581356048583984,53.7496337890625,1006.788359375,116948.375,True,True,True,176,0,0,109,178,101,2026-10-03T16:10:05.257989+07:00,145.65697223500047,0.1858373830000346,OK,,True,2026-10-03T16:10:05.443840+07:00,145.84281950700006,0.03509412000039447,OK,,True,1444,0.1805,,2026-10-03T16:10:05.478940+07:00,145.8779193119999,0.03385192499990808,OK,,True,2643,0.33037500000000003,
ac7c1fb6273f4dd882b2671f72ec1778,147,2026-10-03T16:10:06.257920+07:00,146.65689123999982,57.58636815099999,EXPOSURE,1249.1930010249998,1.0000098189993878,0.253739286000382,9.378599952469813e-05,DISABLED,on,user_reported,36.58390808105469,53.77543640136719,1006.792421875,116788.3203125,True,True,True,176,0,0,109,178,101,2026-10-03T16:10:06.258003+07:00,146.65698705400064,0.18580688399924838,OK,,True,2026-10-03T16:10:06.443821+07:00,146.8428015670006,0.032872115999452944,OK,,True,1422,0.17775,,2026-10-03T16:10:06.476699+07:00,146.8756790540001,0.034939361000397184,OK,,True,2650,0.33125,
ac7c1fb6273f4dd882b2671f72ec1778,148,2026-10-03T16:10:07.257912+07:00,147.65688441200018,58.58636132300035,EXPOSURE,1250.1929941970002,0.9999931720003588,0.25246053600039886,8.695799988345243e-05,DISABLED,on,user_reported,36.59284210205078,53.78311538696289,1006.7728125,116708.453125,True,True,True,176,0,0,109,178,101,2026-10-03T16:10:07.257998+07:00,147.656981911,0.18580632800058083,OK,,True,2026-10-03T16:10:07.443816+07:00,147.84279627600063,0.03320590999919659,OK,,True,1443,0.180375,,2026-10-03T16:10:07.477027+07:00,147.87600666800063,0.03332235399921046,OK,,True,2639,0.32987500000000003,
ac7c1fb6273f4dd882b2671f72ec1778,149,2026-10-03T16:10:08.257918+07:00,148.65689089900025,59.58636781000041,EXPOSURE,1251.1930006840003,1.0000064870000642,0.25360501100021793,9.34449999476783e-05,DISABLED,on,user_reported,36.592201232910156,53.79573440551758,1006.737578125,116628.703125,True,True,True,176,0,0,109,178,101,2026-10-03T16:10:08.257998+07:00,148.65698204700038,0.1859330309998768,OK,,True,2026-10-03T16:10:08.443955+07:00,148.8429325220004,0.032976745999803825,OK,,True,1429,0.178625,,2026-10-03T16:10:08.476939+07:00,148.87591800800055,0.03456310499950632,OK,,True,2637,0.329625,
ac7c1fb6273f4dd882b2671f72ec1778,150,2026-10-03T16:10:09.257927+07:00,149.65689962800025,60.58637653900041,EXPOSURE,1252.1930094130003,1.000008729000001,0.25757094799973856,0.00010217399994871812,DISABLED,on,user_reported,36.59858322143555,53.79667282104492,1006.761640625,116310.765625,True,True,True,176,0,0,109,178,101,2026-10-03T16:10:09.258004+07:00,149.65698805400007,0.1857909769996695,OK,,True,2026-10-03T16:10:09.443805+07:00,149.8427866789998,0.033186466000188375,OK,,True,1437,0.179625,,2026-10-03T16:10:09.476994+07:00,149.87597647799976,0.0384793390003324,OK,,True,2652,0.3315,
ac7c1fb6273f4dd882b2671f72ec1778,151,2026-10-03T16:10:10.257923+07:00,150.6568961920002,61.58637310300037,EXPOSURE,1253.1930059770002,0.9999965639999573,0.25177461600014794,9.873799990600673e-05,DISABLED,on,user_reported,36.59986114501953,53.7968635559082,1006.763671875,116948.375,True,True,True,176,0,0,109,178,101,2026-10-03T16:10:10.258003+07:00,150.65698656200038,0.18580325499988248,OK,,True,2026-10-03T16:10:10.443818+07:00,150.84279794600025,0.032980449000206136,OK,,True,1452,0.1815,,2026-10-03T16:10:10.476799+07:00,150.8757816540001,0.03287569100029941,OK,,True,2646,0.33075,
ac7c1fb6273f4dd882b2671f72ec1778,152,2026-10-03T16:10:11.257915+07:00,151.65688818299986,62.58636509400003,EXPOSURE,1254.1929979679999,0.9999919909996606,0.2523882040004537,9.072899956663605e-05,DISABLED,on,user_reported,36.594120025634766,53.7960205078125,1006.788515625,116469.515625,True,True,True,176,0,0,109,178,101,2026-10-03T16:10:11.257991+07:00,151.65697492300023,0.1857925329995851,OK,,True,2026-10-03T16:10:11.443794+07:00,151.84277526999995,0.03294619000007515,OK,,True,1445,0.180625,,2026-10-03T16:10:11.476741+07:00,151.87572433100013,0.03353762999995524,OK,,True,2652,0.3315,
ac7c1fb6273f4dd882b2671f72ec1778,153,2026-10-03T16:10:12.257997+07:00,152.65696060000028,63.58643751100044,EXPOSURE,1255.1930703850003,1.0000724170004105,0.26054244700026175,0.0001631459999771323,DISABLED,on,user_reported,36.594120025634766,53.8023796081543,1006.76796875,116868.296875,True,True,True,176,0,0,109,178,101,2026-10-03T16:10:12.258132+07:00,152.65711506200023,0.18918400999973528,OK,,True,2026-10-03T16:10:12.447333+07:00,152.84631127600005,0.034559235000415356,OK,,True,1449,0.181125,,2026-10-03T16:10:12.481905+07:00,152.88088158499977,0.03659562900065794,OK,,True,2668,0.3335,
ac7c1fb6273f4dd882b2671f72ec1778,154,2026-10-03T16:10:13.257935+07:00,153.6569078520006,64.58638476300075,EXPOSURE,1256.1930176370006,0.999947252000311,0.2526744429997052,0.00011039800028811442,DISABLED,on,user_reported,36.59092712402344,53.7828254699707,1006.74921875,117028.5703125,True,True,True,176,0,0,109,178,101,2026-10-03T16:10:13.258013+07:00,153.65699633300028,0.18586995799978467,OK,,True,2026-10-03T16:10:13.443902+07:00,153.84287947600023,0.033177614999658545,OK,,True,1428,0.1785,,2026-10-03T16:10:13.477087+07:00,153.87606514599975,0.033500372000162315,OK,,True,2638,0.32975,
ac7c1fb6273f4dd882b2671f72ec1778,155,2026-10-03T16:10:14.257914+07:00,154.65688745700027,65.58636436800043,EXPOSURE,1257.1929972420003,0.9999796049996803,0.2517599490001885,9.000299996841932e-05,DISABLED,on,user_reported,36.592201232910156,53.78301239013672,1006.751171875,116868.296875,True,True,True,176,0,0,109,178,101,2026-10-03T16:10:14.257993+07:00,154.65697628900034,0.18580182999994577,OK,,True,2026-10-03T16:10:14.443805+07:00,154.84278567399997,0.03300380100063194,OK,,True,1444,0.1805,,2026-10-03T16:10:14.476810+07:00,154.8757927710003,0.032846023999809404,OK,,True,2656,0.332,
ac7c1fb6273f4dd882b2671f72ec1778,156,2026-10-03T16:10:15.257908+07:00,155.65688171000056,66.58635862100073,EXPOSURE,1258.1929914950006,0.9999942530002954,0.25178561699976854,8.425600026384927e-05,DISABLED,on,user_reported,36.59284210205078,53.79582977294922,1006.759140625,116788.3203125,True,True,True,176,0,0,109,178,101,2026-10-03T16:10:15.257988+07:00,155.656971247,0.18581684800028597,OK,,True,2026-10-03T16:10:15.443816+07:00,155.8427961690004,0.03301218999968114,OK,,True,1450,0.18125,,2026-10-03T16:10:15.476829+07:00,155.8758118400001,0.032847264999873005,OK,,True,2653,0.331625,
ac7c1fb6273f4dd882b2671f72ec1778,157,2026-10-03T16:10:16.257910+07:00,156.65688298399982,67.58635989499999,EXPOSURE,1259.1929927689998,1.0000012739992599,0.25228720600080123,8.552999952371465e-05,DISABLED,on,user_reported,36.59347915649414,53.77049255371094,1006.849140625,116708.453125,True,True,True,176,0,0,109,178,101,2026-10-03T16:10:16.257990+07:00,156.65697346399975,0.18580434900013643,OK,,True,2026-10-03T16:10:16.443805+07:00,156.84278551700027,0.033189040000252135,OK,,True,1440,0.18,,2026-10-03T16:10:16.476996+07:00,156.87597818599988,0.03318131900050503,OK,,True,2650,0.33125,
ac7c1fb6273f4dd882b2671f72ec1778,158,2026-10-03T16:10:17.257912+07:00,157.65688499800035,68.58636190900052,EXPOSURE,1260.1929947830004,1.000002014000529,0.2519717830000445,8.754400005273055e-05,DISABLED,on,user_reported,36.59092712402344,53.7828254699707,1006.85859375,116469.515625,True,True,True,176,0,0,109,178,101,2026-10-03T16:10:17.257998+07:00,157.65698142400015,0.18581833000007464,OK,,True,2026-10-03T16:10:17.443828+07:00,157.84280801299974,0.033118022000053315,OK,,True,1445,0.180625,,2026-10-03T16:10:17.476952+07:00,157.8759316830001,0.032914782999796444,OK,,True,2648,0.331,
ac7c1fb6273f4dd882b2671f72ec1778,159,2026-10-03T16:10:18.258110+07:00,158.65706834600041,69.58654525700058,EXPOSURE,1261.1931781310004,1.0001833480000641,0.26675950099979673,0.00027089200011687353,DISABLED,on,user_reported,36.58965301513672,53.78264236450195,1006.83609375,116788.3203125,True,True,True,176,0,0,109,178,101,2026-10-03T16:10:18.258280+07:00,158.65726182700018,0.19151673699980165,OK,,True,2026-10-03T16:10:18.449818+07:00,158.84879389700018,0.03635118599959242,OK,,True,1448,0.181,,2026-10-03T16:10:18.486185+07:00,158.88515900899984,0.03863420800007589,OK,,True,2658,0.33225,
ac7c1fb6273f4dd882b2671f72ec1778,160,2026-10-03T16:10:19.257942+07:00,159.65691436399993,70.5863912750001,EXPOSURE,1262.193024149,0.9998460179995163,0.2517384890006724,0.00011690999963320792,DISABLED,on,user_reported,36.594120025634766,53.77058410644531,1006.8159375,116628.703125,True,True,True,176,0,0,109,178,101,2026-10-03T16:10:19.258019+07:00,159.6570021790003,0.18581403400003182,OK,,True,2026-10-03T16:10:19.443844+07:00,159.84282425000038,0.032969281999612576,OK,,True,1443,0.180375,,2026-10-03T16:10:19.476813+07:00,159.8757965320001,0.03284665400042286,OK,,True,2652,0.3315,
ac7c1fb6273f4dd882b2671f72ec1778,161,2026-10-03T16:10:20.257917+07:00,160.65688999299982,71.58636690399999,EXPOSURE,1263.1929997779998,0.9999756289998913,0.2517546740000398,9.253899952454958e-05,DISABLED,on,user_reported,36.60177230834961,53.79077911376953,1006.82828125,116469.515625,True,True,True,176,0,0,109,178,101,2026-10-03T16:10:20.257995+07:00,160.65697908499988,0.18582688600054098,OK,,True,2026-10-03T16:10:20.443835+07:00,160.8428140820006,0.032975727999655646,OK,,True,1441,0.180125,,2026-10-03T16:10:20.476810+07:00,160.87579306899988,0.032841635000295355,OK,,True,2658,0.33225,
ac7c1fb6273f4dd882b2671f72ec1778,162,2026-10-03T16:10:21.257915+07:00,161.65688853099982,72.58636544199999,EXPOSURE,1264.1929983159998,0.9999985379999998,0.25175743300042086,9.107699952437542e-05,DISABLED,on,user_reported,36.60496520996094,53.81669616699219,1006.79234375,116073.453125,True,True,True,176,0,0,109,178,101,2026-10-03T16:10:21.257996+07:00,161.6569799380004,0.1858030339999459,OK,,True,2026-10-03T16:10:21.443810+07:00,161.84279112000058,0.032990208999763126,OK,,True,1445,0.180625,,2026-10-03T16:10:21.476802+07:00,161.8757841430006,0.03285322800002177,OK,,True,2656,0.332,
ac7c1fb6273f4dd882b2671f72ec1778,163,2026-10-03T16:10:22.257956+07:00,162.6569257910005,73.58640270200067,EXPOSURE,1265.1930355760005,1.0000372600006813,0.2542052689996126,0.0001283370002056472,DISABLED,on,user_reported,36.60942840576172,53.81098556518555,1006.7928125,116231.5546875,True,True,True,176,0,0,109,178,101,2026-10-03T16:10:22.258051+07:00,162.65703425300035,0.18581992399958835,OK,,True,2026-10-03T16:10:22.443882+07:00,162.84286215800057,0.033404501999939384,OK,,True,1435,0.179375,,2026-10-03T16:10:22.477292+07:00,162.87627273399994,0.03483728900027927,OK,,True,2648,0.331,
ac7c1fb6273f4dd882b2671f72ec1778,164,2026-10-03T16:10:23.257915+07:00,163.65688749699984,74.58636440800001,EXPOSURE,1266.1929972819999,0.9999617059993398,0.2517975450000449,9.004299954540329e-05,DISABLED,on,user_reported,36.60432815551758,53.80387878417969,1006.777734375,116231.5546875,True,True,True,176,0,0,109,178,101,2026-10-03T16:10:23.257999+07:00,163.6569831450006,0.18581368299965106,OK,,True,2026-10-03T16:10:23.443825+07:00,163.8428045870005,0.03302280099978816,OK,,True,1439,0.179875,,2026-10-03T16:10:23.476848+07:00,163.87583088800056,0.032845930999428674,OK,,True,2650,0.33125,
ac7c1fb6273f4dd882b2671f72ec1778,165,2026-10-03T16:10:24.257909+07:00,164.65688214800048,75.58635905900064,EXPOSURE,1267.1929919330005,0.9999946510006339,0.25170758300009766,8.469400017929729e-05,DISABLED,on,user_reported,36.60879135131836,53.81089782714844,1006.785078125,115680.0703125,True,True,True,176,0,0,109,178,101,2026-10-03T16:10:24.257989+07:00,164.65697214800002,0.18580347900024208,OK,,True,2026-10-03T16:10:24.443803+07:00,164.8427831830004,0.03296341199984454,OK,,True,1446,0.18075,,2026-10-03T16:10:24.476767+07:00,164.87575027999992,0.03283108000050561,OK,,True,2653,0.331625,
ac7c1fb6273f4dd882b2671f72ec1778,166,2026-10-03T16:10:25.257907+07:00,165.65688096699978,76.58635787799994,EXPOSURE,1268.1929907519998,0.9999988189993019,0.2517840079999587,8.35129994811723e-05,DISABLED,on,user_reported,36.61198043823242,53.817718505859375,1006.762890625,116788.3203125,True,True,True,176,0,0,109,178,101,2026-10-03T16:10:25.257979+07:00,165.6569624849999,0.18581649800034938,OK,,True,2026-10-03T16:10:25.443807+07:00,165.8427870200003,0.03301748699959717,OK,,True,1442,0.18025,,2026-10-03T16:10:25.476825+07:00,165.87580800700016,0.032848302000275,OK,,True,2654,0.33175,
ac7c1fb6273f4dd882b2671f72ec1778,167,2026-10-03T16:10:26.257905+07:00,166.6568799910001,77.58635690200026,EXPOSURE,1269.192989776,0.9999990240003171,0.2518372670001554,8.253699979832163e-05,DISABLED,on,user_reported,36.60688018798828,53.804256439208984,1006.74078125,116628.703125,True,True,True,176,0,0,109,178,101,2026-10-03T16:10:26.257973+07:00,166.65695621299983,0.185846813000353,OK,,True,2026-10-03T16:10:26.443830+07:00,166.84281085900056,0.03305096699932619,OK,,True,1444,0.1805,,2026-10-03T16:10:26.476883+07:00,166.8758654000003,0.032842746999449446,OK,,True,2653,0.331625,
ac7c1fb6273f4dd882b2671f72ec1778,168,2026-10-03T16:10:27.261810+07:00,167.66077611899982,78.59025302999999,EXPOSURE,1270.1968859039998,1.0038961279997238,0.25206054400041467,0.003978664999522152,DISABLED,on,user_reported,36.60369110107422,53.79106903076172,1006.763046875,116628.703125,True,True,True,176,0,0,109,178,101,2026-10-03T16:10:27.261921+07:00,167.66090397000062,0.18585172099938063,OK,,True,2026-10-03T16:10:27.447784+07:00,167.84676389500055,0.03318239199961681,OK,,True,1445,0.180625,,2026-10-03T16:10:27.480971+07:00,167.87995138000042,0.03287450500010891,OK,,True,2650,0.33125,
ac7c1fb6273f4dd882b2671f72ec1778,169,2026-10-03T16:10:28.257919+07:00,168.6568915779999,79.58636848900005,EXPOSURE,1271.193001363,0.996115459000066,0.25198235900006694,9.412399958819151e-05,DISABLED,on,user_reported,36.6056022644043,53.78498077392578,1006.73875,116152.453125,True,True,True,176,0,0,109,178,101,2026-10-03T16:10:28.258003+07:00,168.65698626199992,0.1858097029999044,OK,,True,2026-10-03T16:10:28.443824+07:00,168.84280415000012,0.03324050300034287,OK,,True,1443,0.180375,,2026-10-03T16:10:28.477066+07:00,168.876048524,0.03281583900024998,OK,,True,2658,0.33225,
ac7c1fb6273f4dd882b2671f72ec1778,170,2026-10-03T16:10:29.257970+07:00,169.6569347149998,80.58641162599997,EXPOSURE,1272.1930444999998,1.0000431369999205,0.26259325299997727,0.00013726099950872594,DISABLED,on,user_reported,36.6107063293457,53.760311126708984,1006.76078125,116549.0546875,True,True,True,176,0,0,109,178,101,2026-10-03T16:10:29.258116+07:00,169.6570983620004,0.1917158299993389,OK,,True,2026-10-03T16:10:29.449850+07:00,169.84882797000046,0.035405711999374034,OK,,True,1467,0.183375,,2026-10-03T16:10:29.485261+07:00,169.88424227399992,0.035264509000626276,OK,,True,2661,0.332625,
ac7c1fb6273f4dd882b2671f72ec1778,171,2026-10-03T16:10:30.257929+07:00,170.65690272400025,81.58637963500041,EXPOSURE,1273.1930125090003,0.9999680090004404,0.25167487999988225,0.00010526999994908692,DISABLED,on,user_reported,36.60369110107422,53.75291442871094,1006.749453125,116628.703125,True,True,True,176,0,0,109,178,101,2026-10-03T16:10:30.257996+07:00,170.6569791490001,0.185811537000518,OK,,True,2026-10-03T16:10:30.443820+07:00,170.84279905600033,0.032961949999844364,OK,,True,1451,0.181375,,2026-10-03T16:10:30.476782+07:00,170.87576433899994,0.03280426499986788,OK,,True,2653,0.331625,
ac7c1fb6273f4dd882b2671f72ec1778,172,2026-10-03T16:10:31.257915+07:00,171.6568887150006,82.58636562600077,EXPOSURE,1274.1929985000006,0.9999859910003579,0.25174460299967905,9.12610003069858e-05,DISABLED,on,user_reported,36.59667205810547,53.758243560791016,1006.744765625,116549.0546875,True,True,True,176,0,0,109,178,101,2026-10-03T16:10:31.257983+07:00,171.65696714099977,0.1858076290000099,OK,,True,2026-10-03T16:10:31.443803+07:00,171.8427828620006,0.03299357899959432,OK,,True,1454,0.18175,,2026-10-03T16:10:31.476798+07:00,171.875780071,0.03284413599976688,OK,,True,2650,0.33125,
ac7c1fb6273f4dd882b2671f72ec1778,173,2026-10-03T16:10:32.257921+07:00,172.65689287399982,83.58636978499999,EXPOSURE,1275.1930026589998,1.000004158999218,0.25278987399997277,9.541999952489277e-05,DISABLED,on,user_reported,36.59986114501953,53.75235366821289,1006.78421875,117028.5703125,True,True,True,176,0,0,109,178,101,2026-10-03T16:10:32.258001+07:00,172.6569850400001,0.18581909200020164,OK,,True,2026-10-03T16:10:32.443833+07:00,172.8428129470003,0.03356003799945029,OK,,True,1440,0.18,,2026-10-03T16:10:32.477401+07:00,172.87637989300038,0.03329139200013742,OK,,True,2647,0.33087500000000003,
ac7c1fb6273f4dd882b2671f72ec1778,174,2026-10-03T16:10:33.257914+07:00,173.65688675599995,84.58636366700011,EXPOSURE,1276.192996541,0.9999938820001262,0.25177141800031677,8.930199965107022e-05,DISABLED,on,user_reported,36.59794616699219,53.7457160949707,1006.767265625,116708.453125,True,True,True,176,0,0,109,178,101,2026-10-03T16:10:33.257993+07:00,173.65697627400004,0.18580614799975592,OK,,True,2026-10-03T16:10:33.443810+07:00,173.84279021800012,0.0329764680000153,OK,,True,1442,0.18025,,2026-10-03T16:10:33.476787+07:00,173.87576977900062,0.032878764999622945,OK,,True,2650,0.33125,
ac7c1fb6273f4dd882b2671f72ec1778,175,2026-10-03T16:10:34.257915+07:00,174.6568882319998,85.58636514299997,EXPOSURE,1277.1929980169998,1.0000014759998521,0.25194226800067554,9.077799950318877e-05,DISABLED,on,user_reported,36.60049819946289,53.75244140625,1006.751015625,116628.703125,True,True,True,176,0,0,109,178,101,2026-10-03T16:10:34.257982+07:00,174.65696587999992,0.18579968500034738,OK,,True,2026-10-03T16:10:34.443793+07:00,174.84277358300005,0.03320202200029598,OK,,True,1442,0.18025,,2026-10-03T16:10:34.476996+07:00,174.87597917899984,0.03284176600027422,OK,,True,2659,0.33237500000000003,
ac7c1fb6273f4dd882b2671f72ec1778,176,2026-10-03T16:10:35.258114+07:00,175.65707963299974,86.5865565439999,EXPOSURE,1278.1931894179997,1.0001914009999382,0.26251938400037034,0.0002821789994413848,DISABLED,on,user_reported,36.59730911254883,53.7328987121582,1006.834765625,116948.375,True,True,True,176,0,0,109,178,101,2026-10-03T16:10:35.258256+07:00,175.65723792800054,0.19174281300001894,OK,,True,2026-10-03T16:10:35.450020+07:00,175.8489963890006,0.03538274899983662,OK,,True,1431,0.178875,,2026-10-03T16:10:35.485406+07:00,175.88438743400002,0.03519119500015222,OK,,True,2654,0.33175,
ac7c1fb6273f4dd882b2671f72ec1778,177,2026-10-03T16:10:36.257991+07:00,176.65695375999985,87.58643067100002,EXPOSURE,1279.1930635449999,0.9998741270001119,0.2625823840007797,0.00015630599955329672,DISABLED,on,user_reported,36.595394134521484,53.745338439941406,1006.845390625,116788.3203125,True,True,True,176,0,0,109,178,101,2026-10-03T16:10:36.258147+07:00,176.6571290359998,0.19174431300052674,OK,,True,2026-10-03T16:10:36.449914+07:00,176.84889057100008,0.03537130499989871,OK,,True,1455,0.181875,,2026-10-03T16:10:36.485290+07:00,176.88427015300022,0.0352462499995454,OK,,True,2661,0.332625,
ac7c1fb6273f4dd882b2671f72ec1778,178,2026-10-03T16:10:37.257931+07:00,177.65690322000046,88.58638013100062,EXPOSURE,1280.1930130050005,0.9999494600006074,0.25407719899976655,0.0001057660001606564,DISABLED,on,user_reported,36.59667205810547,53.739166259765625,1006.826796875,116469.515625,True,True,True,176,0,0,109,178,101,2026-10-03T16:10:37.258015+07:00,177.65699851499994,0.1860539429999335,OK,,True,2026-10-03T16:10:37.444086+07:00,177.84306425500017,0.03360659400004806,OK,,True,1437,0.179625,,2026-10-03T16:10:37.477698+07:00,177.87667820000024,0.03428903399981209,OK,,True,2647,0.33087500000000003,
ac7c1fb6273f4dd882b2671f72ec1778,179,2026-10-03T16:10:38.257922+07:00,178.65689388400006,89.58637079500022,EXPOSURE,1281.193003669,0.999990663999597,0.25176582600033726,9.642999975767452e-05,DISABLED,on,user_reported,36.599220275878906,53.73318099975586,1006.796875,116231.5546875,True,True,True,176,0,0,109,178,101,2026-10-03T16:10:38.258001+07:00,178.65698479100047,0.18581085200003145,OK,,True,2026-10-03T16:10:38.443823+07:00,178.84280290300012,0.032977505000417295,OK,,True,1439,0.179875,,2026-10-03T16:10:38.476801+07:00,178.87578370400024,0.03286589500021364,OK,,True,2652,0.3315,
ac7c1fb6273f4dd882b2671f72ec1778,180,2026-10-03T16:10:39.257920+07:00,179.6568917530003,90.58636866400047,EXPOSURE,1282.1930015380003,0.9999978690002536,0.2516871600000741,9.429900001123315e-05,DISABLED,on,user_reported,36.599220275878906,53.726829528808594,1006.803671875,116310.765625,True,True,True,176,0,0,109,178,101,2026-10-03T16:10:39.258001+07:00,179.65698430800057,0.185812722999799,OK,,True,2026-10-03T16:10:39.443826+07:00,179.8428053460002,0.032958542000415036,OK,,True,1445,0.180625,,2026-10-03T16:10:39.476784+07:00,179.87576748100037,0.032802061999973375,OK,,True,2651,0.33137500000000003,
ac7c1fb6273f4dd882b2671f72ec1778,181,2026-10-03T16:10:40.257916+07:00,180.65688792000037,91.58636483100054,EXPOSURE,1283.1929977050004,0.999996167000063,0.25173232599991024,9.046600007422967e-05,DISABLED,on,user_reported,36.60049819946289,53.739723205566406,1006.79203125,116628.703125,True,True,True,176,0,0,109,178,101,2026-10-03T16:10:40.257997+07:00,180.65698049300045,0.18581527900005312,OK,,True,2026-10-03T16:10:40.443825+07:00,180.8428045870005,0.032978448999529064,OK,,True,1445,0.180625,,2026-10-03T16:10:40.476803+07:00,180.87578638800005,0.03282456200031447,OK,,True,2656,0.332,
ac7c1fb6273f4dd882b2671f72ec1778,182,2026-10-03T16:10:41.257920+07:00,181.65689286500037,92.58636977600054,EXPOSURE,1284.1930026500004,1.0000049450000006,0.2518819919996531,9.541100007481873e-05,DISABLED,on,user_reported,36.60177230834961,53.733551025390625,1006.8078125,115837.1015625,True,True,True,176,0,0,109,178,101,2026-10-03T16:10:41.257999+07:00,181.65698266100026,0.18580827799996769,OK,,True,2026-10-03T16:10:41.443818+07:00,181.84279838400016,0.033157503999973414,OK,,True,1443,0.180375,,2026-10-03T16:10:41.476977+07:00,181.87595957299982,0.032805877000100736,OK,,True,2655,0.33187500000000003,
ac7c1fb6273f4dd882b2671f72ec1778,183,2026-10-03T16:10:42.257978+07:00,182.65693940300025,93.58641631400042,EXPOSURE,1285.1930491880003,1.0000465379998786,0.2643102820002241,0.00014194899995345622,DISABLED,on,user_reported,36.59986114501953,53.72056579589844,1006.818515625,116628.703125,True,True,True,176,0,0,109,178,101,2026-10-03T16:10:42.258142+07:00,182.65712388300017,0.1917458509997232,OK,,True,2026-10-03T16:10:42.449910+07:00,182.84888567899998,0.03610661400034587,OK,,True,1462,0.18275,,2026-10-03T16:10:42.486033+07:00,182.88500718199975,0.03621572500014736,OK,,True,2656,0.332,
ac7c1fb6273f4dd882b2671f72ec1778,184,2026-10-03T16:10:43.257997+07:00,183.65695872000015,94.58643563100031,EXPOSURE,1286.1930685050002,1.0000193169998965,0.26231064700004936,0.00016126599985000212,DISABLED,on,user_reported,36.60177230834961,53.733551025390625,1006.74625,115680.0703125,True,True,True,176,0,0,109,178,101,2026-10-03T16:10:43.258154+07:00,183.65713592300017,0.19176183200033847,OK,,True,2026-10-03T16:10:43.449939+07:00,183.84891393999987,0.03535008300059417,OK,,True,1455,0.181875,,2026-10-03T16:10:43.485291+07:00,183.88427174499975,0.034979622000719246,OK,,True,2658,0.33225,
ac7c1fb6273f4dd882b2671f72ec1778,185,2026-10-03T16:10:44.257926+07:00,184.65689894600018,95.58637585700035,EXPOSURE,1287.1930087310002,0.9999402260000352,0.25166969899964897,0.00010149199988518376,DISABLED,on,user_reported,36.603050231933594,53.72102737426758,1006.76203125,116152.453125,True,True,True,176,0,0,109,178,101,2026-10-03T16:10:44.258005+07:00,184.6569889829998,0.18579490900083329,OK,,True,2026-10-03T16:10:44.443811+07:00,184.842791262,0.03295939400049974,OK,,True,1447,0.180875,,2026-10-03T16:10:44.476771+07:00,184.8757538790005,0.032805987999381614,OK,,True,2649,0.331125,
ac7c1fb6273f4dd882b2671f72ec1778,186,2026-10-03T16:10:45.257922+07:00,185.65689352499976,96.58637043599992,EXPOSURE,1288.1930033099998,0.9999945789995763,0.2517639200004851,9.60709994615172e-05,DISABLED,on,user_reported,36.610069274902344,53.72842025756836,1006.78703125,116231.5546875,True,True,True,176,0,0,109,178,101,2026-10-03T16:10:45.258010+07:00,185.65699319099986,0.1858087600003273,OK,,True,2026-10-03T16:10:45.443830+07:00,185.84280969200063,0.03298552399974142,OK,,True,1440,0.18,,2026-10-03T16:10:45.476816+07:00,185.87579860500045,0.03284865499972511,OK,,True,2652,0.3315,
ac7c1fb6273f4dd882b2671f72ec1778,187,2026-10-03T16:10:46.257914+07:00,186.65688725200016,97.58636416300033,EXPOSURE,1289.1929970370002,0.9999937270004011,0.2516916800004765,8.97979998626397e-05,DISABLED,on,user_reported,36.60177230834961,53.72084045410156,1006.787265625,116152.453125,True,True,True,176,0,0,109,178,101,2026-10-03T16:10:46.257992+07:00,186.65697502900002,0.18580515000030573,OK,,True,2026-10-03T16:10:46.443807+07:00,186.84278751300008,0.032949430999906326,OK,,True,1443,0.180375,,2026-10-03T16:10:46.476757+07:00,186.87574025899994,0.03282959900025162,OK,,True,2653,0.331625,
ac7c1fb6273f4dd882b2671f72ec1778,188,2026-10-03T16:10:47.257925+07:00,187.65689605399984,98.58637296500001,EXPOSURE,1290.1930058389999,1.0000088019996838,0.2521158080007808,9.859999954642262e-05,DISABLED,on,user_reported,36.60688018798828,53.715240478515625,1006.74078125,117108.875,True,True,True,176,0,0,109,178,101,2026-10-03T16:10:47.258009+07:00,187.65699220199986,0.1858092980000947,OK,,True,2026-10-03T16:10:47.443829+07:00,187.84280899999976,0.033326818000205094,OK,,True,1440,0.18,,2026-10-03T16:10:47.477161+07:00,187.87614057800056,0.03286113600006502,OK,,True,2649,0.331125,
ac7c1fb6273f4dd882b2671f72ec1778,189,2026-10-03T16:10:48.257917+07:00,188.65688904299986,99.58636595400003,EXPOSURE,1291.1929988279999,0.9999929890000203,0.2517694759999358,9.15889995667385e-05,DISABLED,on,user_reported,36.603050231933594,53.727386474609375,1006.727734375,116948.375,True,True,True,176,0,0,109,178,101,2026-10-03T16:10:48.257997+07:00,188.65698022800007,0.18580439099969226,OK,,True,2026-10-03T16:10:48.443811+07:00,188.84279135900033,0.03299282099942502,OK,,True,1445,0.180625,,2026-10-03T16:10:48.476804+07:00,188.87578758700056,0.03286137699979008,OK,,True,2652,0.3315,
ac7c1fb6273f4dd882b2671f72ec1778,190,2026-10-03T16:10:49.257918+07:00,189.656890921,100.58636783200018,EXPOSURE,1292.193000706,1.0000018780001483,0.25163288500061753,9.346699971501948e-05,DISABLED,on,user_reported,36.603050231933594,53.73373794555664,1006.727734375,116868.296875,True,True,True,176,0,0,109,178,101,2026-10-03T16:10:49.257999+07:00,189.65698245800013,0.18579033599962713,OK,,True,2026-10-03T16:10:49.443798+07:00,189.84277892299997,0.03292933900047501,OK,,True,1447,0.180875,,2026-10-03T16:10:49.476728+07:00,189.87571137400028,0.03280326599997352,OK,,True,2652,0.3315,
ac7c1fb6273f4dd882b2671f72ec1778,191,2026-10-03T16:10:50.257916+07:00,190.65688900399982,101.58636591499999,EXPOSURE,1293.1929987889998,0.9999980829998094,0.25168321799992555,9.154999952443177e-05,DISABLED,on,user_reported,36.599220275878906,53.75225830078125,1006.76265625,116310.765625,True,True,True,176,0,0,109,178,101,2026-10-03T16:10:50.257997+07:00,190.65698028099996,0.18580757700055983,OK,,True,2026-10-03T16:10:50.443814+07:00,190.84279400600008,0.032954784000139625,OK,,True,1437,0.179625,,2026-10-03T16:10:50.476769+07:00,190.87575212299998,0.032811025000228256,OK,,True,2655,0.33187500000000003,
ac7c1fb6273f4dd882b2671f72ec1778,192,2026-10-03T16:10:51.257917+07:00,191.6568885329998,102.58636544399997,EXPOSURE,1294.1929983179998,0.9999995289999788,0.2516631440003039,9.107899950322462e-05,DISABLED,on,user_reported,36.594120025634766,53.77058410644531,1006.76796875,115994.5625,True,True,True,176,0,0,109,178,101,2026-10-03T16:10:51.258000+07:00,191.6569831249999,0.18580300200028432,OK,,True,2026-10-03T16:10:51.443813+07:00,191.84279283100022,0.03294150599958812,OK,,True,1446,0.18075,,2026-10-03T16:10:51.476754+07:00,191.87573746599992,0.03280524799993145,OK,,True,2648,0.331,
ac7c1fb6273f4dd882b2671f72ec1778,193,2026-10-03T16:10:52.257916+07:00,192.6568885430006,103.58636545400077,EXPOSURE,1295.1929983280006,1.0000000100008037,0.2519094209992545,9.108900030696532e-05,DISABLED,on,user_reported,36.59986114501953,53.7968635559082,1006.736328125,116152.453125,True,True,True,176,0,0,109,178,101,2026-10-03T16:10:52.257998+07:00,192.65698202400017,0.18580213299992465,OK,,True,2026-10-03T16:10:52.443811+07:00,192.84279069400054,0.033065930999327975,OK,,True,1445,0.180625,,2026-10-03T16:10:52.476881+07:00,192.875861902,0.03292624700043234,OK,,True,2651,0.33137500000000003,
ac7c1fb6273f4dd882b2671f72ec1778,194,2026-10-03T16:10:53.257914+07:00,193.6568863880002,104.58636329900037,EXPOSURE,1296.1929961730002,0.9999978449995979,0.2516904969997995,8.893399990483886e-05,DISABLED,on,user_reported,36.59730911254883,53.83464431762695,1006.79375,115445.3203125,True,True,True,176,0,0,109,178,101,2026-10-03T16:10:53.257998+07:00,193.65698157299994,0.18580104000011488,OK,,True,2026-10-03T16:10:53.443809+07:00,193.8427886870004,0.03295739499935735,OK,,True,1440,0.18,,2026-10-03T16:10:53.476766+07:00,193.87574947099984,0.03281826600050408,OK,,True,2651,0.33137500000000003,
ac7c1fb6273f4dd882b2671f72ec1778,195,2026-10-03T16:10:54.257918+07:00,194.65689062300044,105.5863675340006,EXPOSURE,1297.1930004080004,1.0000042350002332,0.25213208599961945,9.316900013800478e-05,DISABLED,on,user_reported,36.595394134521484,53.840728759765625,1006.82484375,115915.78125,True,True,True,176,0,0,109,178,101,2026-10-03T16:10:54.257995+07:00,194.65697895599988,0.18579916900034732,OK,,True,2026-10-03T16:10:54.443805+07:00,194.84278538499984,0.03336589199989248,OK,,True,1431,0.178875,,2026-10-03T16:10:54.477173+07:00,194.8761547210006,0.03285848799987434,OK,,True,2653,0.331625,
ac7c1fb6273f4dd882b2671f72ec1778,196,2026-10-03T16:10:55.257917+07:00,195.656890192,106.58636710300016,EXPOSURE,1298.192999977,0.9999995689995558,0.2517375710003762,9.27379996937816e-05,DISABLED,on,user_reported,36.595394134521484,53.85981750488281,1006.8659375,116469.515625,True,True,True,176,0,0,109,178,101,2026-10-03T16:10:55.257996+07:00,195.65697963599996,0.18580333600039012,OK,,True,2026-10-03T16:10:55.443811+07:00,195.84279073200014,0.03299759800029278,OK,,True,1449,0.181125,,2026-10-03T16:10:55.476809+07:00,195.8757918299998,0.03282596999997622,OK,,True,2655,0.33187500000000003,
ac7c1fb6273f4dd882b2671f72ec1778,197,2026-10-03T16:10:56.257937+07:00,196.6569080019999,107.58638491300007,EXPOSURE,1299.193017787,1.0000178099999175,0.2517367939999531,0.00011054799961129902,DISABLED,on,user_reported,36.59794616699219,53.88563919067383,1006.863046875,115994.5625,True,True,True,176,0,0,109,178,101,2026-10-03T16:10:56.258023+07:00,196.65700631599975,0.18581274500047584,OK,,True,2026-10-03T16:10:56.443847+07:00,196.84282674600036,0.032971912999528286,OK,,True,1439,0.179875,,2026-10-03T16:10:56.476820+07:00,196.87580221500048,0.03283148799982882,OK,,True,2648,0.331,
ac7c1fb6273f4dd882b2671f72ec1778,198,2026-10-03T16:10:57.257918+07:00,197.65689120299976,108.58636811399992,EXPOSURE,1300.1930009879998,0.9999832009998499,0.2520546800005832,9.37489994612406e-05,DISABLED,on,user_reported,36.59284210205078,53.89124298095703,1006.834453125,115680.0703125,True,True,True,176,0,0,109,178,101,2026-10-03T16:10:57.258001+07:00,197.6569843870002,0.18581350400017982,OK,,True,2026-10-03T16:10:57.443826+07:00,197.84280635400046,0.033269466999627184,OK,,True,1447,0.180875,,2026-10-03T16:10:57.477101+07:00,197.8760812649998,0.0328530070000852,OK,,True,2652,0.3315,
ac7c1fb6273f4dd882b2671f72ec1778,199,2026-10-03T16:10:58.257913+07:00,198.6568861450005,109.58636305600066,EXPOSURE,1301.1929959300005,0.9999949420007397,0.25177716399957717,8.869100020092446e-05,DISABLED,on,user_reported,36.60432815551758,53.89929962158203,1006.85984375,115680.0703125,True,True,True,176,0,0,109,178,101,2026-10-03T16:10:58.257992+07:00,198.65697547699983,0.18581139300022187,OK,,True,2026-10-03T16:10:58.443816+07:00,198.84279544400033,0.03299413599961554,OK,,True,1441,0.180125,,2026-10-03T16:10:58.476811+07:00,198.87579337599982,0.03285985900038213,OK,,True,2651,0.33137500000000003,
ac7c1fb6273f4dd882b2671f72ec1778,200,2026-10-03T16:10:59.257910+07:00,199.65688258800037,110.58635949900054,EXPOSURE,1302.1929923730004,0.9999964429998727,0.25173753399940324,8.513400007359451e-05,DISABLED,on,user_reported,36.60113525390625,53.88610076904297,1006.847890625,116231.5546875,True,True,True,176,0,0,109,178,101,2026-10-03T16:10:59.257990+07:00,199.656973698,0.1857988749998185,OK,,True,2026-10-03T16:10:59.443800+07:00,199.8427808690003,0.0329654320003101,OK,,True,1437,0.179625,,2026-10-03T16:10:59.476768+07:00,199.87575006000043,0.03285902500010707,OK,,True,2652,0.3315,
ac7c1fb6273f4dd882b2671f72ec1778,201,2026-10-03T16:11:00.257911+07:00,200.65688336499989,111.58636027600005,EXPOSURE,1303.19299315,1.0000007769995136,0.2519326629999341,8.591099958721315e-05,DISABLED,on,user_reported,36.60113525390625,53.87974548339844,1006.82734375,115445.3203125,True,True,True,176,0,0,109,178,101,2026-10-03T16:11:00.257989+07:00,200.6569718640003,0.18580461500005185,OK,,True,2026-10-03T16:11:00.443805+07:00,200.84278446100052,0.033177059999616176,OK,,True,1441,0.180125,,2026-10-03T16:11:00.476982+07:00,200.87596516899976,0.03284145200086641,OK,,True,2652,0.3315,
ac7c1fb6273f4dd882b2671f72ec1778,202,2026-10-03T16:11:01.257911+07:00,201.65688362400033,112.5863605350005,EXPOSURE,1304.1929934090003,1.0000002590004442,0.25167099899954337,8.617000003141584e-05,DISABLED,on,user_reported,36.595394134521484,53.866172790527344,1006.81125,115289.3515625,True,True,True,176,0,0,109,178,101,2026-10-03T16:11:01.257993+07:00,201.65697660500064,0.18579770799988182,OK,,True,2026-10-03T16:11:01.443801+07:00,201.84278194299986,0.032940802000666736,OK,,True,1443,0.180375,,2026-10-03T16:11:01.476743+07:00,201.87572559700038,0.03282011800001783,OK,,True,2650,0.33125,
ac7c1fb6273f4dd882b2671f72ec1778,203,2026-10-03T16:11:02.257946+07:00,202.65691582900035,113.58639274000052,EXPOSURE,1305.1930256140004,1.000032205000025,0.25198810799975035,0.00011837500005640322,DISABLED,on,user_reported,36.60369110107422,53.867393493652344,1006.79734375,115680.0703125,True,True,True,176,0,0,109,178,101,2026-10-03T16:11:02.258034+07:00,202.65701768000054,0.18590415199923882,OK,,True,2026-10-03T16:11:02.443951+07:00,202.84293031300058,0.03310017199964932,OK,,True,1434,0.17925,,2026-10-03T16:11:02.477055+07:00,202.87603543000023,0.03285791399957816,OK,,True,2650,0.33125,
ac7c1fb6273f4dd882b2671f72ec1778,204,2026-10-03T16:11:03.257908+07:00,203.65688079400024,114.58635770500041,EXPOSURE,1306.1929905790003,0.9999649649998901,0.25184933099990303,8.333999994647456e-05,DISABLED,on,user_reported,36.595394134521484,53.840728759765625,1006.790703125,115837.1015625,True,True,True,176,0,0,109,178,101,2026-10-03T16:11:03.257987+07:00,203.65697094200004,0.18584443000054307,OK,,True,2026-10-03T16:11:03.443846+07:00,203.84282518700002,0.03303206100008538,OK,,True,1447,0.180875,,2026-10-03T16:11:03.476879+07:00,203.87586130300042,0.03285813699949358,OK,,True,2645,0.330625,
ac7c1fb6273f4dd882b2671f72ec1778,205,2026-10-03T16:11:04.257942+07:00,204.65690957400057,115.58638648500073,EXPOSURE,1307.1930193590006,1.0000287800003207,0.26277259399921604,0.00011212000026716851,DISABLED,on,user_reported,36.594120025634766,53.84054183959961,1006.788515625,116231.5546875,True,True,True,176,0,0,109,178,101,2026-10-03T16:11:04.258062+07:00,204.65704481400007,0.19119815500016557,OK,,True,2026-10-03T16:11:04.449281+07:00,204.84825859900047,0.036150410999653104,OK,,True,1451,0.181375,,2026-10-03T16:11:04.485438+07:00,204.8844179910002,0.03524475100039126,OK,,True,2665,0.333125,
ac7c1fb6273f4dd882b2671f72ec1778,206,2026-10-03T16:11:05.259546+07:00,205.658510364,116.58798727500016,EXPOSURE,1308.194620149,1.0016007899994293,0.262848815000325,0.0017129099996964214,DISABLED,on,user_reported,36.59858322143555,53.822113037109375,1006.7821875,116310.765625,True,True,True,176,0,0,109,178,101,2026-10-03T16:11:05.259694+07:00,205.65867562200037,0.191800818000047,OK,,True,2026-10-03T16:11:05.451517+07:00,205.85049240300032,0.03554039600021497,OK,,True,1442,0.18025,,2026-10-03T16:11:05.487062+07:00,205.88604178100013,0.0352984720002496,OK,,True,2659,0.33237500000000003,
ac7c1fb6273f4dd882b2671f72ec1778,207,2026-10-03T16:11:06.257973+07:00,206.6569359160003,117.58641282700046,EXPOSURE,1309.1930457010003,0.9984255520002989,0.262530353999864,0.00013846199999534292,DISABLED,on,user_reported,36.60688018798828,53.81061553955078,1006.781875,115837.1015625,True,True,True,176,0,0,109,178,101,2026-10-03T16:11:06.258133+07:00,206.65711517399996,0.1917297440004404,OK,,True,2026-10-03T16:11:06.449886+07:00,206.84886115900008,0.035432452999884845,OK,,True,1422,0.17775,,2026-10-03T16:11:06.485321+07:00,206.88430190800045,0.03514597399953345,OK,,True,2661,0.332625,
ac7c1fb6273f4dd882b2671f72ec1778,208,2026-10-03T16:11:07.257974+07:00,207.65694429199993,118.5864212030001,EXPOSURE,1310.193054077,1.0000083759996414,0.2523046249998515,0.00014683799963677302,DISABLED,on,user_reported,36.59986114501953,53.803226470947266,1006.78421875,116073.453125,True,True,True,176,0,0,109,178,101,2026-10-03T16:11:07.258061+07:00,207.65704481000012,0.18583337499967456,OK,,True,2026-10-03T16:11:07.443908+07:00,207.8428871850001,0.033481466000012006,OK,,True,1441,0.180125,,2026-10-03T16:11:07.477393+07:00,207.87637368800006,0.032865563000086695,OK,,True,2653,0.331625,
ac7c1fb6273f4dd882b2671f72ec1778,209,2026-10-03T16:11:08.257920+07:00,208.65689187299995,119.58636878400011,EXPOSURE,1311.193001658,0.9999475810000149,0.2537366900005509,9.441899965167977e-05,DISABLED,on,user_reported,36.60113525390625,53.79069137573242,1006.779375,116073.453125,True,True,True,176,0,0,109,178,101,2026-10-03T16:11:08.258000+07:00,208.65698318700015,0.18580744999962917,OK,,True,2026-10-03T16:11:08.443819+07:00,208.84279915499974,0.03317589400012366,OK,,True,1447,0.180875,,2026-10-03T16:11:08.476996+07:00,208.87597832699976,0.034632792000593327,OK,,True,2636,0.3295,
ac7c1fb6273f4dd882b2671f72ec1778,210,2026-10-03T16:11:09.257926+07:00,209.6568965840006,0.5863734950007711,WAIT_RECOVERY,1312.1930063690006,1.0000047110006562,0.252013237999563,9.913000030792318e-05,DISABLED,on,user_reported,36.59986114501953,53.77778625488281,1006.763671875,116469.515625,True,True,True,176,0,0,109,178,101,2026-10-03T16:11:09.258009+07:00,209.65699249000045,0.18581432100017992,OK,,True,2026-10-03T16:11:09.443835+07:00,209.84281501399983,0.03320309800074028,OK,,True,1437,0.179625,,2026-10-03T16:11:09.477044+07:00,209.8760240010006,0.03287652499966498,OK,,True,2644,0.3305,
ac7c1fb6273f4dd882b2671f72ec1778,211,2026-10-03T16:11:10.257913+07:00,210.65688557300018,1.5863624840003467,WAIT_RECOVERY,1313.1929953580002,0.9999889889995757,0.25174981500003923,8.811899988359073e-05,DISABLED,on,user_reported,36.59284210205078,53.764034271240234,1006.80015625,116231.5546875,True,True,True,176,0,0,109,178,101,2026-10-03T16:11:10.257994+07:00,210.65697779499988,0.18581024600007368,OK,,True,2026-10-03T16:11:10.443817+07:00,210.84279648600022,0.032992894999551936,OK,,True,1442,0.18025,,2026-10-03T16:11:10.476810+07:00,210.87579264000033,0.03283354499944835,OK,,True,2649,0.331125,
ac7c1fb6273f4dd882b2671f72ec1778,212,2026-10-03T16:11:11.257912+07:00,211.65688363800018,2.5863605490003465,WAIT_RECOVERY,1314.1929934230002,0.9999980649999998,0.25170074099969497,8.618399988336023e-05,DISABLED,on,user_reported,36.59730911254883,53.7456169128418,1006.745859375,116152.453125,True,True,True,176,0,0,109,178,101,2026-10-03T16:11:11.257994+07:00,211.65697760000057,0.18579819099977612,OK,,True,2026-10-03T16:11:11.443803+07:00,211.84278355100014,0.03297096900041652,OK,,True,1444,0.1805,,2026-10-03T16:11:11.476775+07:00,211.87575779800045,0.03281874799995421,OK,,True,2648,0.331,
ac7c1fb6273f4dd882b2671f72ec1778,213,2026-10-03T16:11:12.257960+07:00,212.6569231479998,3.5864000589999705,WAIT_RECOVERY,1315.1930329329998,1.000039509999624,0.26263268799993966,0.00012569399950734805,DISABLED,on,user_reported,36.59092712402344,53.751041412353516,1006.73546875,116231.5546875,True,True,True,176,0,0,109,178,101,2026-10-03T16:11:12.258103+07:00,212.65708509100023,0.19150721000005433,OK,,True,2026-10-03T16:11:12.449669+07:00,212.84864531899984,0.03564195200033282,OK,,True,1447,0.180875,,2026-10-03T16:11:12.485323+07:00,212.8842988260003,0.03523693599981925,OK,,True,2663,0.33287500000000003,
ac7c1fb6273f4dd882b2671f72ec1778,214,2026-10-03T16:11:13.258099+07:00,213.6570668610002,4.586543772000368,WAIT_RECOVERY,1316.1931766460002,1.0001437130003978,0.2625145040001371,0.00026940699990518624,DISABLED,on,user_reported,36.595394134521484,53.75170135498047,1006.804296875,116390.0859375,True,True,True,176,0,0,109,178,101,2026-10-03T16:11:13.258213+07:00,213.65719606400035,0.19102969399955327,OK,,True,2026-10-03T16:11:13.449267+07:00,213.84824268400007,0.03613204199973552,OK,,True,1457,0.182125,,2026-10-03T16:11:13.485404+07:00,213.8843842440001,0.035176491999663995,OK,,True,2665,0.333125,
ac7c1fb6273f4dd882b2671f72ec1778,215,2026-10-03T16:11:14.257963+07:00,214.65693450300023,5.586411414000395,WAIT_RECOVERY,1317.1930442880002,0.9998676420000265,0.2517193349995068,0.00013704899993172148,DISABLED,on,user_reported,36.60113525390625,53.73982238769531,1006.8409375,116310.765625,True,True,True,176,0,0,109,178,101,2026-10-03T16:11:14.258053+07:00,214.65703691,0.1858154880001166,OK,,True,2026-10-03T16:11:14.443882+07:00,214.84286112000063,0.03295891399920947,OK,,True,1444,0.1805,,2026-10-03T16:11:14.476840+07:00,214.8758230530002,0.0328219140001238,OK,,True,2652,0.3315,
ac7c1fb6273f4dd882b2671f72ec1778,216,2026-10-03T16:11:15.257917+07:00,215.65688951599986,6.58636642700003,WAIT_RECOVERY,1318.1929993009999,0.9999550129996351,0.2517339270007142,9.206199956679484e-05,DISABLED,on,user_reported,36.59667205810547,53.713741302490234,1006.840546875,116549.0546875,True,True,True,176,0,0,109,178,101,2026-10-03T16:11:15.257999+07:00,215.65698242300004,0.1858188030000747,OK,,True,2026-10-03T16:11:15.443830+07:00,215.84280965200014,0.032976321000205644,OK,,True,1442,0.18025,,2026-10-03T16:11:15.476806+07:00,215.87578930600012,0.032825266999680025,OK,,True,2652,0.3315,
ac7c1fb6273f4dd882b2671f72ec1778,217,2026-10-03T16:11:16.257950+07:00,216.6569206029999,7.586397514000055,WAIT_RECOVERY,1319.193030388,1.0000310870000249,0.25172235399986675,0.00012314899959164904,DISABLED,on,user_reported,36.59029006958008,53.725521087646484,1006.843984375,115994.5625,True,True,True,176,0,0,109,178,101,2026-10-03T16:11:16.258039+07:00,216.65702226899975,0.18582306200005405,OK,,True,2026-10-03T16:11:16.443875+07:00,216.842854128,0.032946747000096366,OK,,True,1439,0.179875,,2026-10-03T16:11:16.476822+07:00,216.87580406000052,0.03282987799957482,OK,,True,2645,0.330625,
ac7c1fb6273f4dd882b2671f72ec1778,218,2026-10-03T16:11:17.257916+07:00,217.65688880300058,8.586365714000749,WAIT_RECOVERY,1320.1929985880006,0.9999682000006942,0.2519611299994722,9.134900028584525e-05,DISABLED,on,user_reported,36.586463928222656,53.71860122680664,1006.783046875,116152.453125,True,True,True,176,0,0,109,178,101,2026-10-03T16:11:17.257999+07:00,217.65698269099994,0.18582217400035006,OK,,True,2026-10-03T16:11:17.443833+07:00,217.8428130500006,0.033112875999904645,OK,,True,1443,0.180375,,2026-10-03T16:11:17.476951+07:00,217.87593122199996,0.032909581000239996,OK,,True,2651,0.33137500000000003,
ac7c1fb6273f4dd882b2671f72ec1778,219,2026-10-03T16:11:18.257918+07:00,218.65689042899976,9.586367339999924,WAIT_RECOVERY,1321.1930002139998,1.0000016259991753,0.25174602000060986,9.29749994611484e-05,DISABLED,on,user_reported,36.592201232910156,53.71944046020508,1006.7921875,117028.5703125,True,True,True,176,0,0,109,178,101,2026-10-03T16:11:18.258001+07:00,218.6569840580005,0.18582126599994808,OK,,True,2026-10-03T16:11:18.443835+07:00,218.84281460200054,0.03298096999969857,OK,,True,1444,0.1805,,2026-10-03T16:11:18.476816+07:00,218.87579888599976,0.03282834100082255,OK,,True,2647,0.33087500000000003,
ac7c1fb6273f4dd882b2671f72ec1778,220,2026-10-03T16:11:19.257943+07:00,219.65691462999985,10.586391541000012,WAIT_RECOVERY,1322.1930244149999,1.0000242010000875,0.2539252659998965,0.00011717599954863545,DISABLED,on,user_reported,36.594757080078125,53.73888397216797,1006.816953125,116152.453125,True,True,True,176,0,0,109,178,101,2026-10-03T16:11:19.258029+07:00,219.6570128330004,0.18583659999967495,OK,,True,2026-10-03T16:11:19.443880+07:00,219.84285897000063,0.03302787599932344,OK,,True,1440,0.18,,2026-10-03T16:11:19.476908+07:00,219.87589018000017,0.03492441900016274,OK,,True,2640,0.33,
ac7c1fb6273f4dd882b2671f72ec1778,221,2026-10-03T16:11:20.257932+07:00,220.65690468400044,11.586381595000603,WAIT_RECOVERY,1323.1930144690004,0.999990054000591,0.2519746119996853,0.00010723000013967976,DISABLED,on,user_reported,36.595394134521484,53.73262405395508,1006.804296875,116073.453125,True,True,True,176,0,0,109,178,101,2026-10-03T16:11:20.258019+07:00,220.6570021460002,0.18582050799977878,OK,,True,2026-10-03T16:11:20.443852+07:00,220.8428318390006,0.03321678299926134,OK,,True,1446,0.18075,,2026-10-03T16:11:20.477070+07:00,220.8760521029999,0.03281900799993309,OK,,True,2650,0.33125,
ac7c1fb6273f4dd882b2671f72ec1778,222,2026-10-03T16:11:21.257942+07:00,221.6569128680003,12.586389779000456,WAIT_RECOVERY,1324.1930226530003,1.000008183999853,0.2517573539998921,0.00011541399999259738,DISABLED,on,user_reported,36.60049819946289,53.727012634277344,1006.757890625,116231.5546875,True,True,True,176,0,0,109,178,101,2026-10-03T16:11:21.258032+07:00,221.6570151450005,0.18581132300005265,OK,,True,2026-10-03T16:11:21.443856+07:00,221.8428348940006,0.03297378399929585,OK,,True,1437,0.179625,,2026-10-03T16:11:21.476831+07:00,221.8758130670003,0.0328487850001693,OK,,True,2653,0.331625,
ac7c1fb6273f4dd882b2671f72ec1778,223,2026-10-03T16:11:22.257949+07:00,222.65691807199983,0.4181253589995322,RECOVERY,1325.1930278569998,1.0000052039995353,0.2518578540002636,0.00012061799952789443,DISABLED,on,user_reported,36.59858322143555,53.73308563232422,1006.82328125,115915.78125,True,True,True,176,0,0,109,178,101,2026-10-03T16:11:22.258036+07:00,222.657019108,0.18580658200062317,OK,,True,2026-10-03T16:11:22.443854+07:00,222.84283370899993,0.03305539500070154,OK,,True,1442,0.18025,,2026-10-03T16:11:22.476914+07:00,222.8758939549998,0.0328735630000665,OK,,True,2650,0.33125,
ac7c1fb6273f4dd882b2671f72ec1778,224,2026-10-03T16:11:23.257938+07:00,223.65691011000035,1.41811739700006,RECOVERY,1326.1930198950004,0.9999920380005278,0.2517440029996578,0.00011265600005572196,DISABLED,on,user_reported,36.6056022644043,53.7341194152832,1006.786640625,115994.5625,True,True,True,176,0,0,109,178,101,2026-10-03T16:11:23.258023+07:00,223.65700642400043,0.18581324899969331,OK,,True,2026-10-03T16:11:23.443849+07:00,223.84282817300027,0.032973968999613135,OK,,True,1427,0.178375,,2026-10-03T16:11:23.476823+07:00,223.8758057720006,0.03283967399966059,OK,,True,2651,0.33137500000000003,
ac7c1fb6273f4dd882b2671f72ec1778,225,2026-10-03T16:11:24.261864+07:00,224.66082210400054,2.422029391000251,RECOVERY,1327.1969318890006,1.003911994000191,0.25313190199995006,0.0040246500002467656,DISABLED,on,user_reported,36.606239318847656,53.734222412109375,1006.719375,116231.5546875,True,True,True,176,0,0,109,178,101,2026-10-03T16:11:24.262016+07:00,224.66099788100018,0.1869552409998505,OK,,True,2026-10-03T16:11:24.448982+07:00,224.84796154800006,0.033142191000479215,OK,,True,1436,0.1795,,2026-10-03T16:11:24.482127+07:00,224.88110786900052,0.03283643299982941,OK,,True,2643,0.33037500000000003,
ac7c1fb6273f4dd882b2671f72ec1778,226,2026-10-03T16:11:25.257946+07:00,225.65691787300057,3.4181251600002724,RECOVERY,1328.1930276580006,0.9960957690000214,0.25203268699988257,0.0001204190002681571,DISABLED,on,user_reported,36.608154296875,53.747215270996094,1006.770390625,116948.375,True,True,True,176,0,0,109,178,101,2026-10-03T16:11:25.258030+07:00,225.6570137990002,0.1858162299995456,OK,,True,2026-10-03T16:11:25.443859+07:00,225.8428384180006,0.03324707899992063,OK,,True,1435,0.179375,,2026-10-03T16:11:25.477108+07:00,225.87608925600034,0.032852063000063936,OK,,True,2655,0.33187500000000003,
ac7c1fb6273f4dd882b2671f72ec1778,227,2026-10-03T16:11:26.257928+07:00,226.6568987290002,4.418106015999911,RECOVERY,1329.1930085140002,0.9999808559996382,0.2518073170003845,0.00010127499990630895,DISABLED,on,user_reported,36.60240936279297,53.72730255126953,1006.747265625,116231.5546875,True,True,True,176,0,0,109,178,101,2026-10-03T16:11:26.258012+07:00,226.65699606100043,0.185812934999376,OK,,True,2026-10-03T16:11:26.443838+07:00,226.84281736600042,0.03301317299974471,OK,,True,1449,0.181125,,2026-10-03T16:11:26.476853+07:00,226.87583433500004,0.03286256299998058,OK,,True,2651,0.33137500000000003,
ac7c1fb6273f4dd882b2671f72ec1778,228,2026-10-03T16:11:27.257960+07:00,227.65692927000055,5.418136557000253,RECOVERY,1330.1930390550006,1.000030541000342,0.2518989469999724,0.0001318160002483637,DISABLED,on,user_reported,36.596031188964844,53.732723236083984,1006.750625,116231.5546875,True,True,True,176,0,0,109,178,101,2026-10-03T16:11:27.258048+07:00,227.65703113900054,0.18581615699986287,OK,,True,2026-10-03T16:11:27.443876+07:00,227.84285540700057,0.03305532099966513,OK,,True,1447,0.180875,,2026-10-03T16:11:27.476936+07:00,227.8759161170001,0.03290202599964687,OK,,True,2650,0.33125,
ac7c1fb6273f4dd882b2671f72ec1778,229,2026-10-03T16:11:28.257956+07:00,228.6569252750005,6.41813256200021,RECOVERY,1331.1930350600005,0.9999960049999572,0.251810891999412,0.00012782100020558573,DISABLED,on,user_reported,36.60942840576172,53.734683990478516,1006.73125,116310.765625,True,True,True,176,0,0,109,178,101,2026-10-03T16:11:28.258040+07:00,228.65702295900064,0.1858238419999907,OK,,True,2026-10-03T16:11:28.443876+07:00,228.84285472700049,0.0330171360001259,OK,,True,1441,0.180125,,2026-10-03T16:11:28.476894+07:00,228.87587569700008,0.0328517660000216,OK,,True,2652,0.3315,
ac7c1fb6273f4dd882b2671f72ec1778,230,2026-10-03T16:11:29.257925+07:00,229.65689541099982,7.4181026979995295,RECOVERY,1332.1930051959998,0.9999701359993196,0.25318949400025303,9.795699952519499e-05,DISABLED,on,user_reported,36.60369110107422,53.72748565673828,1006.763046875,116310.765625,True,True,True,176,0,0,109,178,101,2026-10-03T16:11:29.258004+07:00,229.65698750299998,0.18595650699990074,OK,,True,2026-10-03T16:11:29.443977+07:00,229.84295515800022,0.03419138800018118,OK,,True,1446,0.18075,,2026-10-03T16:11:29.478173+07:00,229.87715221300004,0.032922415000030014,OK,,True,2646,0.33075,
ac7c1fb6273f4dd882b2671f72ec1778,231,2026-10-03T16:11:30.257950+07:00,230.65691919500023,8.418126481999934,RECOVERY,1333.1930289800002,1.0000237840004047,0.2517646890000833,0.00012174099992989795,DISABLED,on,user_reported,36.59858322143555,53.74580383300781,1006.720625,116152.453125,True,True,True,176,0,0,109,178,101,2026-10-03T16:11:30.258030+07:00,230.65701334200003,0.18580919499981974,OK,,True,2026-10-03T16:11:30.443851+07:00,230.84283073999995,0.03300330300044152,OK,,True,1435,0.179375,,2026-10-03T16:11:30.476857+07:00,230.87583832100063,0.032836970999596815,OK,,True,2650,0.33125,
ac7c1fb6273f4dd882b2671f72ec1778,232,2026-10-03T16:11:31.257962+07:00,231.65693051700055,9.418137804000253,RECOVERY,1334.1930403020006,1.0000113220003186,0.25211618799949065,0.00013306300024851225,DISABLED,on,user_reported,36.6056022644043,53.7341194152832,1006.73875,116073.453125,True,True,True,176,0,0,109,178,101,2026-10-03T16:11:31.258051+07:00,231.65703416500037,0.18583337899963226,OK,,True,2026-10-03T16:11:31.443897+07:00,231.84287674799998,0.03329076400041231,OK,,True,1439,0.179875,,2026-10-03T16:11:31.477190+07:00,231.87617132700052,0.03286565500002325,OK,,True,2651,0.33137500000000003,
ac7c1fb6273f4dd882b2671f72ec1778,233,2026-10-03T16:11:32.257932+07:00,232.65690543300025,10.418112719999954,RECOVERY,1335.1930152180003,0.9999749159997009,0.2518741889998637,0.00010797899994940963,DISABLED,on,user_reported,36.59667205810547,53.739166259765625,1006.737890625,116231.5546875,True,True,True,176,0,0,109,178,101,2026-10-03T16:11:32.258005+07:00,232.6569887100004,0.18582089800020185,OK,,True,2026-10-03T16:11:32.443839+07:00,232.8428179600005,0.033097247000114294,OK,,True,1445,0.180625,,2026-10-03T16:11:32.476940+07:00,232.87592003999998,0.03285113800029649,OK,,True,2651,0.33137500000000003,
ac7c1fb6273f4dd882b2671f72ec1778,234,2026-10-03T16:11:33.257937+07:00,233.65690794200054,11.41811522900025,RECOVERY,1336.1930177270006,1.0000025090002964,0.2518139859994335,0.00011048800024582306,DISABLED,on,user_reported,36.59730911254883,53.7392578125,1006.82109375,115994.5625,True,True,True,176,0,0,109,178,101,2026-10-03T16:11:33.258019+07:00,233.65700294199996,0.1858181940006034,OK,,True,2026-10-03T16:11:33.443851+07:00,233.84282982200057,0.03301354299946979,OK,,True,1435,0.179375,,2026-10-03T16:11:33.476867+07:00,233.87584738399983,0.03286450700034038,OK,,True,2651,0.33137500000000003,
ac7c1fb6273f4dd882b2671f72ec1778,235,2026-10-03T16:11:34.257917+07:00,234.65688969300027,12.418096979999973,RECOVERY,1337.1929994780003,0.9999817509997229,0.2626156569995146,9.223899996868568e-05,DISABLED,on,user_reported,36.59858322143555,53.73308563232422,1006.82328125,116073.453125,True,True,True,176,0,0,109,178,101,2026-10-03T16:11:34.257999+07:00,234.65698269299992,0.18990118600049755,OK,,True,2026-10-03T16:11:34.447924+07:00,234.84690082399993,0.037999844000296434,OK,,True,1431,0.178875,,2026-10-03T16:11:34.485936+07:00,234.88491181600057,0.03456973799984553,OK,,True,2646,0.33075,
ac7c1fb6273f4dd882b2671f72ec1778,236,2026-10-03T16:11:35.257926+07:00,235.65689905599993,13.418106342999636,RECOVERY,1338.193008841,1.0000093629996627,0.2518583569999464,0.00010160199963138439,DISABLED,on,user_reported,36.59858322143555,53.74580383300781,1006.795859375,116231.5546875,True,True,True,176,0,0,109,178,101,2026-10-03T16:11:35.258004+07:00,235.65698770400013,0.1858198239997364,OK,,True,2026-10-03T16:11:35.443836+07:00,235.84281604700027,0.033067727999878116,OK,,True,1438,0.17975,,2026-10-03T16:11:35.476907+07:00,235.87588803400013,0.03286013799970533,OK,,True,2654,0.33175,
ac7c1fb6273f4dd882b2671f72ec1778,237,2026-10-03T16:11:36.257912+07:00,236.65688630900058,14.41809359600029,RECOVERY,1339.1929960940006,0.9999872530006542,0.25184296799943695,8.885500028554816e-05,DISABLED,on,user_reported,36.60177230834961,53.73991012573242,1006.8009375,115915.78125,True,True,True,176,0,0,109,178,101,2026-10-03T16:11:36.257990+07:00,236.65697388199987,0.1858212690003711,OK,,True,2026-10-03T16:11:36.443824+07:00,236.84280355900046,0.03304082099930383,OK,,True,1444,0.1805,,2026-10-03T16:11:36.476868+07:00,236.8758491210001,0.03287043300042569,OK,,True,2652,0.3315,
ac7c1fb6273f4dd882b2671f72ec1778,238,2026-10-03T16:11:37.257943+07:00,237.65691476600023,15.418122052999934,RECOVERY,1340.1930245510002,1.0000284569996438,0.25210013299965794,0.00011731199992937036,DISABLED,on,user_reported,36.599220275878906,53.74589920043945,1006.77625,116628.703125,True,True,True,176,0,0,109,178,101,2026-10-03T16:11:37.258028+07:00,237.6570116540006,0.18583852799929446,OK,,True,2026-10-03T16:11:37.443881+07:00,237.84285988600004,0.03325124599996343,OK,,True,1449,0.181125,,2026-10-03T16:11:37.477137+07:00,237.8761171870001,0.03288665600030072,OK,,True,2650,0.33125,
ac7c1fb6273f4dd882b2671f72ec1778,239,2026-10-03T16:11:38.257918+07:00,238.65689183500035,16.418099122000058,RECOVERY,1341.1930016200004,0.9999770690001242,0.2523150759998316,9.4381000053545e-05,DISABLED,on,user_reported,36.599220275878906,53.75861740112305,1006.82421875,116152.453125,True,True,True,176,0,0,109,178,101,2026-10-03T16:11:38.258000+07:00,238.65698401900045,0.185820491999948,OK,,True,2026-10-03T16:11:38.443833+07:00,238.84281256600025,0.033464725999692746,OK,,True,1440,0.18,,2026-10-03T16:11:38.477303+07:00,238.87628299600055,0.03291404499941564,OK,,True,2653,0.331625,
ac7c1fb6273f4dd882b2671f72ec1778,240,2026-10-03T16:11:39.257912+07:00,239.65688438600046,17.418091673000163,RECOVERY,1342.1929941710005,0.9999925510001049,0.25381084499986173,8.693200015841285e-05,DISABLED,on,user_reported,36.6107063293457,53.741233825683594,1006.74703125,116231.5546875,True,True,True,176,0,0,109,178,101,2026-10-03T16:11:39.257997+07:00,239.65698057100053,0.1868662070000937,OK,,True,2026-10-03T16:11:39.444880+07:00,239.84385803700025,0.03292765599962877,OK,,True,1427,0.178375,,2026-10-03T16:11:39.477811+07:00,239.87679150700023,0.033892167999511,OK,,True,2649,0.331125,
ac7c1fb6273f4dd882b2671f72ec1778,241,2026-10-03T16:11:40.257921+07:00,240.65689362300054,18.41810091000025,RECOVERY,1343.1930034080005,1.0000092370000857,0.25233522500002437,9.616900024411734e-05,DISABLED,on,user_reported,36.60942840576172,53.74740219116211,1006.813359375,115837.1015625,True,True,True,176,0,0,109,178,101,2026-10-03T16:11:40.258004+07:00,240.656987845,0.18581039899981988,OK,,True,2026-10-03T16:11:40.443828+07:00,240.84280713299995,0.033068784000533924,OK,,True,1445,0.180625,,2026-10-03T16:11:40.476899+07:00,240.8758801210006,0.033337985999423836,OK,,True,2652,0.3315,
ac7c1fb6273f4dd882b2671f72ec1778,242,2026-10-03T16:11:41.257910+07:00,241.65688280599989,19.41809009299959,RECOVERY,1344.192992591,0.999989182999343,0.2522072259998822,8.535199958714657e-05,DISABLED,on,user_reported,36.60942840576172,53.753753662109375,1006.738125,116152.453125,True,True,True,176,0,0,109,178,101,2026-10-03T16:11:41.257993+07:00,241.6569767310002,0.18583315900013986,OK,,True,2026-10-03T16:11:41.443840+07:00,241.84281901899976,0.03306030300063867,OK,,True,1440,0.18,,2026-10-03T16:11:41.476904+07:00,241.87588389600023,0.03319354300037958,OK,,True,2643,0.33037500000000003,
ac7c1fb6273f4dd882b2671f72ec1778,243,2026-10-03T16:11:42.257913+07:00,242.65688523000063,20.418092517000332,RECOVERY,1345.1929950150006,1.0000024240007406,0.2524811499997668,8.77760003277217e-05,DISABLED,on,user_reported,36.60751724243164,53.74711227416992,1006.762421875,115837.1015625,True,True,True,176,0,0,109,178,101,2026-10-03T16:11:42.257996+07:00,242.65697943299983,0.1858072330005598,OK,,True,2026-10-03T16:11:42.443816+07:00,242.84279494400016,0.03313278400037234,OK,,True,1439,0.179875,,2026-10-03T16:11:42.476954+07:00,242.8759333019998,0.033422393000364536,OK,,True,2644,0.3305,
ac7c1fb6273f4dd882b2671f72ec1778,244,2026-10-03T16:11:43.257911+07:00,243.65688463600054,21.418091923000247,RECOVERY,1346.1929944210005,0.9999994059999153,0.25251637299970753,8.718200024304679e-05,DISABLED,on,user_reported,36.59347915649414,53.75777816772461,1006.780703125,115445.3203125,True,True,True,176,0,0,109,178,101,2026-10-03T16:11:43.257994+07:00,243.65697745099988,0.18581123300009494,OK,,True,2026-10-03T16:11:43.443818+07:00,243.84279727600006,0.03349657800026762,OK,,True,1438,0.17975,,2026-10-03T16:11:43.477319+07:00,243.87629953899977,0.03308784000000742,OK,,True,2651,0.33137500000000003,
ac7c1fb6273f4dd882b2671f72ec1778,245,2026-10-03T16:11:44.257961+07:00,244.6569308950002,22.418138181999893,RECOVERY,1347.1930406800002,1.000046258999646,0.25359995800045,0.0001334409998889896,DISABLED,on,user_reported,36.60049819946289,53.7588005065918,1006.778359375,115837.1015625,True,True,True,176,0,0,109,178,101,2026-10-03T16:11:44.258047+07:00,244.65703096900052,0.18582904799950484,OK,,True,2026-10-03T16:11:44.443890+07:00,244.8428689050006,0.03447318299913604,OK,,True,1443,0.180375,,2026-10-03T16:11:44.478375+07:00,244.8773521990006,0.03316509899923403,OK,,True,2633,0.329125,
ac7c1fb6273f4dd882b2671f72ec1778,246,2026-10-03T16:11:45.257974+07:00,245.65694002500004,23.418147311999746,RECOVERY,1348.19304981,1.000009129999853,0.25910340400059795,0.00014257099974201992,DISABLED,on,user_reported,36.60177230834961,53.77170181274414,1006.7803125,116231.5546875,True,True,True,176,0,0,109,178,101,2026-10-03T16:11:45.258101+07:00,245.65708411700052,0.1890647860000172,OK,,True,2026-10-03T16:11:45.447185+07:00,245.84616257000016,0.03415198099992267,OK,,True,1441,0.180125,,2026-10-03T16:11:45.481346+07:00,245.8803239959998,0.035700471000382095,OK,,True,2656,0.332,
ac7c1fb6273f4dd882b2671f72ec1778,247,2026-10-03T16:11:46.257994+07:00,246.6569572489998,24.418164535999495,RECOVERY,1349.1930670339998,1.0000172239997482,0.2695727430000261,0.00015979499949025922,DISABLED,on,user_reported,36.60049819946289,53.7588005065918,1006.805703125,115994.5625,True,True,True,176,0,0,109,178,101,2026-10-03T16:11:46.258154+07:00,246.6571357290004,0.19688984699951106,OK,,True,2026-10-03T16:11:46.455067+07:00,246.85404103900055,0.037236978999317216,OK,,True,1449,0.181125,,2026-10-03T16:11:46.492318+07:00,246.8912929070002,0.035225956000431324,OK,,True,2640,0.33,
ac7c1fb6273f4dd882b2671f72ec1778,248,2026-10-03T16:11:47.257910+07:00,247.65688458500063,25.418091872000332,RECOVERY,1350.1929943700006,0.9999273360008374,0.25424493599985,8.713100032764487e-05,DISABLED,on,user_reported,36.603050231933594,53.746456146240234,1006.76890625,116310.765625,True,True,True,176,0,0,109,178,101,2026-10-03T16:11:47.257987+07:00,247.65697041800013,0.18590860299991618,OK,,True,2026-10-03T16:11:47.443920+07:00,247.84289287299998,0.03542576900053973,OK,,True,1432,0.179,,2026-10-03T16:11:47.479347+07:00,247.87832586500008,0.03279052700054308,OK,,True,2645,0.330625,
ac7c1fb6273f4dd882b2671f72ec1778,249,2026-10-03T16:11:48.257919+07:00,248.6568940699999,26.418101356999614,RECOVERY,1351.193003855,1.000009484999282,0.2538850860000821,9.66159996096394e-05,DISABLED,on,user_reported,36.60751724243164,53.77254867553711,1006.77609375,116231.5546875,True,True,True,176,0,0,109,178,101,2026-10-03T16:11:48.257996+07:00,248.6569798649998,0.18610302900015085,OK,,True,2026-10-03T16:11:48.444112+07:00,248.84309033800037,0.03378366899960383,OK,,True,1443,0.180375,,2026-10-03T16:11:48.477900+07:00,248.8768791550001,0.03388548299972172,OK,,True,2644,0.3305,
ac7c1fb6273f4dd882b2671f72ec1778,250,2026-10-03T16:11:49.257924+07:00,249.65689553599987,27.418102822999572,RECOVERY,1352.1930053209999,1.0000014659999579,0.25426969599993754,9.808199956751196e-05,DISABLED,on,user_reported,36.61389923095703,53.77348327636719,1006.7590625,115680.0703125,True,True,True,176,0,0,109,178,101,2026-10-03T16:11:49.258020+07:00,249.65700336900045,0.18593186299949593,OK,,True,2026-10-03T16:11:49.443965+07:00,249.84294413899988,0.03443277600035799,OK,,True,1436,0.1795,,2026-10-03T16:11:49.478404+07:00,249.87738341500062,0.033759390999875905,OK,,True,2637,0.329625,
ac7c1fb6273f4dd882b2671f72ec1778,251,2026-10-03T16:11:50.257924+07:00,250.6568981520004,28.4181054390001,RECOVERY,1353.1930079370004,1.000002616000529,0.2537025329993412,0.00010069800009659957,DISABLED,on,user_reported,36.608154296875,53.75356674194336,1006.722421875,116231.5546875,True,True,True,176,0,0,109,178,101,2026-10-03T16:11:50.258000+07:00,250.65698391099977,0.18581658600032824,OK,,True,2026-10-03T16:11:50.443829+07:00,250.84280834899982,0.03427144300076179,OK,,True,1444,0.1805,,2026-10-03T16:11:50.478105+07:00,250.87708479200046,0.0335019670001202,OK,,True,2653,0.331625,
ac7c1fb6273f4dd882b2671f72ec1778,252,2026-10-03T16:11:51.257914+07:00,251.6568881760004,29.4180954630001,RECOVERY,1354.1929979610004,0.9999900239999988,0.2546183419999579,9.07220000954112e-05,DISABLED,on,user_reported,36.61389923095703,53.760772705078125,1006.772734375,115523.46875,True,True,True,176,0,0,109,178,101,2026-10-03T16:11:51.257990+07:00,251.6569734169998,0.1858040120005171,OK,,True,2026-10-03T16:11:51.443805+07:00,251.84278511400043,0.032774749000054726,OK,,True,1449,0.181125,,2026-10-03T16:11:51.476587+07:00,251.87556621500062,0.03591682199930801,OK,,True,2632,0.329,
ac7c1fb6273f4dd882b2671f72ec1778,253,2026-10-03T16:11:52.257923+07:00,252.6568974970005,30.418104784000207,RECOVERY,1355.1930072820005,1.0000093210001069,0.2567747539997072,0.00010004300020227674,DISABLED,on,user_reported,36.6107063293457,53.74759292602539,1006.81546875,115994.5625,True,True,True,176,0,0,109,178,101,2026-10-03T16:11:52.258000+07:00,252.6569836640001,0.18579927100017812,OK,,True,2026-10-03T16:11:52.443810+07:00,252.84279050900022,0.036178153999571805,OK,,True,1446,0.18075,,2026-10-03T16:11:52.479995+07:00,252.87897499600058,0.03468258899920329,OK,,True,2636,0.3295,
ac7c1fb6273f4dd882b2671f72ec1778,254,2026-10-03T16:11:53.257923+07:00,253.65689806000046,31.418105347000164,RECOVERY,1356.1930078450005,1.0000005629999578,0.25679704999947717,0.00010060600016004173,DISABLED,on,user_reported,36.60942840576172,53.74104309082031,1006.813359375,115758.53125,True,True,True,176,0,0,109,178,101,2026-10-03T16:11:53.257998+07:00,253.65698204100045,0.18580341999950178,OK,,True,2026-10-03T16:11:53.443812+07:00,253.8427927570001,0.03297258200018405,OK,,True,1453,0.181625,,2026-10-03T16:11:53.476785+07:00,253.8757683390004,0.03790825299984135,OK,,True,2644,0.3305,
ac7c1fb6273f4dd882b2671f72ec1778,255,2026-10-03T16:11:54.258190+07:00,254.6571621410003,32.418369428000005,RECOVERY,1357.1932719260003,1.000264080999841,0.25235769000028085,0.0003646870000011404,DISABLED,on,user_reported,36.617088317871094,53.76124572753906,1006.825859375,116231.5546875,True,True,True,176,0,0,109,178,101,2026-10-03T16:11:54.258288+07:00,254.65727173200048,0.18584788299995125,OK,,True,2026-10-03T16:11:54.444148+07:00,254.843127911,0.03301482200004102,OK,,True,1445,0.180625,,2026-10-03T16:11:54.477163+07:00,254.8761458630006,0.03334965299927717,OK,,True,2645,0.330625,
ac7c1fb6273f4dd882b2671f72ec1778,256,2026-10-03T16:11:55.257938+07:00,255.65690922500016,33.41811651199987,RECOVERY,1358.1930190100002,0.9997470839998641,0.2564700900002208,0.00011177099986525718,DISABLED,on,user_reported,36.61517333984375,53.741886138916016,1006.802109375,115994.5625,True,True,True,176,0,0,109,178,101,2026-10-03T16:11:55.258027+07:00,255.65701094700034,0.1859243629996854,OK,,True,2026-10-03T16:11:55.443965+07:00,255.84294449499976,0.03518856800019421,OK,,True,1438,0.17975,,2026-10-03T16:11:55.479162+07:00,255.878139896,0.03522577100011404,OK,,True,2643,0.33037500000000003,
ac7c1fb6273f4dd882b2671f72ec1778,257,2026-10-03T16:11:56.257930+07:00,256.65690112300035,34.41810841000006,RECOVERY,1359.1930109080004,0.9999918980001894,0.25383375599994906,0.0001036690000546514,DISABLED,on,user_reported,36.61581039428711,53.773765563964844,1006.857890625,116708.453125,True,True,True,176,0,0,109,178,101,2026-10-03T16:11:56.258016+07:00,256.65699951199986,0.1858098090006024,OK,,True,2026-10-03T16:11:56.443837+07:00,256.8428171360001,0.03299985900048341,OK,,True,1438,0.17975,,2026-10-03T16:11:56.476837+07:00,256.8758198840005,0.03489892099969438,OK,,True,2654,0.33175,
ac7c1fb6273f4dd882b2671f72ec1778,258,2026-10-03T16:11:57.257992+07:00,257.65695743000015,35.418164716999854,RECOVERY,1360.1930672150002,1.0000563069997952,0.26565053000012995,0.00015997599984984845,DISABLED,on,user_reported,36.621551513671875,53.77461624145508,1006.812578125,115837.1015625,True,True,True,176,0,0,109,178,101,2026-10-03T16:11:57.258129+07:00,257.65711139199993,0.19136360599986801,OK,,True,2026-10-03T16:11:57.449516+07:00,257.8484917020005,0.03559989799941832,OK,,True,1450,0.18125,,2026-10-03T16:11:57.485126+07:00,257.88410239600034,0.03848032399946533,OK,,True,2663,0.33287500000000003,
ac7c1fb6273f4dd882b2671f72ec1778,259,2026-10-03T16:11:58.257951+07:00,258.6569225150006,36.418129802000294,RECOVERY,1361.1930323000006,0.99996508500044,0.2519802869992418,0.0001250610002898611,DISABLED,on,user_reported,36.61389923095703,53.77984619140625,1006.772734375,115523.46875,True,True,True,176,0,0,109,178,101,2026-10-03T16:11:58.258034+07:00,258.6570178110005,0.18580377199941722,OK,,True,2026-10-03T16:11:58.443848+07:00,258.8428286570006,0.03322158099945227,OK,,True,1436,0.1795,,2026-10-03T16:11:58.477071+07:00,258.87605346000055,0.032839952999893285,OK,,True,2649,0.331125,
ac7c1fb6273f4dd882b2671f72ec1778,260,2026-10-03T16:11:59.258011+07:00,259.6569771929999,37.41818447999958,RECOVERY,1362.1930869779999,1.0000546779992874,0.2518390660006844,0.00017973899957723916,DISABLED,on,user_reported,36.61261749267578,53.77330017089844,1006.75015625,115445.3203125,True,True,True,176,0,0,109,178,101,2026-10-03T16:11:59.258125+07:00,259.6571078040006,0.18585671599976195,OK,,True,2026-10-03T16:11:59.443993+07:00,259.8429730200005,0.03298106399961398,OK,,True,1449,0.181125,,2026-10-03T16:11:59.476975+07:00,259.87595762100045,0.0328484159999789,OK,,True,2650,0.33125,
ac7c1fb6273f4dd882b2671f72ec1778,261,2026-10-03T16:12:00.257923+07:00,260.6568960960003,38.418103383000016,RECOVERY,1363.1930058810003,0.9999189030004345,0.2517647879994911,9.86420000117505e-05,DISABLED,on,user_reported,36.60942840576172,53.79191207885742,1006.799765625,115601.71875,True,True,True,176,0,0,109,178,101,2026-10-03T16:12:00.258006+07:00,260.65698968800007,0.18581660600011674,OK,,True,2026-10-03T16:12:00.443835+07:00,260.84281488600027,0.03298887799974182,OK,,True,1450,0.18125,,2026-10-03T16:12:00.476825+07:00,260.87580713399984,0.032844231000126456,OK,,True,2649,0.331125,
ac7c1fb6273f4dd882b2671f72ec1778,262,2026-10-03T16:12:01.257947+07:00,261.65691907200016,39.41812635899987,RECOVERY,1364.1930288570002,1.0000229759998547,0.25172058499993,0.00012161799986643018,DISABLED,on,user_reported,36.61261749267578,53.79874038696289,1006.791171875,115680.0703125,True,True,True,176,0,0,109,178,101,2026-10-03T16:12:01.258028+07:00,261.65701118200013,0.18580373599979794,OK,,True,2026-10-03T16:12:01.443842+07:00,261.842822566,0.0329601379999076,OK,,True,1441,0.180125,,2026-10-03T16:12:01.476803+07:00,261.8757857589999,0.032844583000041894,OK,,True,2648,0.331,
ac7c1fb6273f4dd882b2671f72ec1778,263,2026-10-03T16:12:02.257937+07:00,262.65690808599993,40.41811537299964,RECOVERY,1365.193017871,0.999989013999766,0.25187310300043464,0.00011063199963246007,DISABLED,on,user_reported,36.61134338378906,53.804901123046875,1006.741171875,116469.515625,True,True,True,176,0,0,109,178,101,2026-10-03T16:12:02.258022+07:00,262.6570059000005,0.18579773700002988,OK,,True,2026-10-03T16:12:02.443831+07:00,262.8428112290003,0.033067784999730065,OK,,True,1452,0.1815,,2026-10-03T16:12:02.476903+07:00,262.87588386600055,0.0328876189996663,OK,,True,2647,0.33087500000000003,
ac7c1fb6273f4dd882b2671f72ec1778,264,2026-10-03T16:12:03.258227+07:00,263.657187322,41.41839460899973,RECOVERY,1366.193297107,1.0002792360000967,0.26229372000034346,0.0003898679997291765,DISABLED,on,user_reported,36.603050231933594,53.797325134277344,1006.748359375,116390.0859375,True,True,True,176,0,0,109,178,101,2026-10-03T16:12:03.258388+07:00,263.6573698760003,0.19154747700031294,OK,,True,2026-10-03T16:12:03.449957+07:00,263.8489331669998,0.03535247400031949,OK,,True,1451,0.181375,,2026-10-03T16:12:03.485313+07:00,263.8842938630005,0.03516579000006459,OK,,True,2663,0.33287500000000003,
ac7c1fb6273f4dd882b2671f72ec1778,265,2026-10-03T16:12:04.257929+07:00,264.6569019140006,42.418109201000334,RECOVERY,1367.1930116990006,0.9997145920006005,0.2517966219993468,0.00010446000032970915,DISABLED,on,user_reported,36.61198043823242,53.81135940551758,1006.7834375,116152.453125,True,True,True,176,0,0,109,178,101,2026-10-03T16:12:04.258011+07:00,264.656994209,0.1858420140006274,OK,,True,2026-10-03T16:12:04.443865+07:00,264.84284463099993,0.032959989000119094,OK,,True,1446,0.18075,,2026-10-03T16:12:04.476825+07:00,264.8758079529998,0.03288154600068083,OK,,True,2650,0.33125,
ac7c1fb6273f4dd882b2671f72ec1778,266,2026-10-03T16:12:05.258016+07:00,265.6569782260003,43.418185513000026,RECOVERY,1368.1930880110003,1.0000763119996918,0.25493163899955107,0.00018077200002153404,DISABLED,on,user_reported,36.61453628540039,53.79902267456055,1006.773828125,115601.71875,True,True,True,176,0,0,109,178,101,2026-10-03T16:12:05.258155+07:00,265.6571382809998,0.18806427700019412,OK,,True,2026-10-03T16:12:05.446233+07:00,265.84521226200013,0.03376761300023645,OK,,True,1447,0.180875,,2026-10-03T16:12:05.480006+07:00,265.8789858939999,0.03291234100015572,OK,,True,2648,0.331,
ac7c1fb6273f4dd882b2671f72ec1778,267,2026-10-03T16:12:06.257918+07:00,266.65689183700033,44.41809912400004,RECOVERY,1369.1930016220003,0.9999136110000109,0.25176271500004077,9.438300003239419e-05,DISABLED,on,user_reported,36.610069274902344,53.79836654663086,1006.72546875,115601.71875,True,True,True,176,0,0,109,178,101,2026-10-03T16:12:06.257999+07:00,266.6569826690002,0.1858129040001586,OK,,True,2026-10-03T16:12:06.443824+07:00,266.84280372100056,0.03297808199931751,OK,,True,1437,0.179625,,2026-10-03T16:12:06.476802+07:00,266.8757849880003,0.03285987900017062,OK,,True,2651,0.33137500000000003,
ac7c1fb6273f4dd882b2671f72ec1778,268,2026-10-03T16:12:07.257911+07:00,267.6568828360005,45.418090123000184,RECOVERY,1370.1929926210005,0.999990999000147,0.2519033999997191,8.538200017937925e-05,DISABLED,on,user_reported,36.61198043823242,53.78592300415039,1006.7559375,115837.1015625,True,True,True,176,0,0,109,178,101,2026-10-03T16:12:07.257994+07:00,267.65697798400015,0.1858043660004114,OK,,True,2026-10-03T16:12:07.443810+07:00,267.842790443,0.03308000700053526,OK,,True,1436,0.1795,,2026-10-03T16:12:07.476895+07:00,267.8758760239998,0.03289876800045022,OK,,True,2653,0.331625,
ac7c1fb6273f4dd882b2671f72ec1778,269,2026-10-03T16:12:08.257916+07:00,268.6568888370002,46.41809612399993,RECOVERY,1371.1929986220002,1.000006000999747,0.25177206700027455,9.138299992628163e-05,DISABLED,on,user_reported,36.60432815551758,53.765724182128906,1006.757265625,115915.78125,True,True,True,176,0,0,109,178,101,2026-10-03T16:12:08.257994+07:00,268.6569770590004,0.18580968100013706,OK,,True,2026-10-03T16:12:08.443814+07:00,268.84279425800014,0.032984174999910465,OK,,True,1436,0.1795,,2026-10-03T16:12:08.476799+07:00,268.87578171099995,0.03286960100012948,OK,,True,2647,0.33087500000000003,
ac7c1fb6273f4dd882b2671f72ec1778,270,2026-10-03T16:12:09.257950+07:00,269.6569170970006,47.41812438400029,RECOVERY,1372.1930268820006,1.000028260000363,0.25521110099998623,0.0001196430002892157,DISABLED,on,user_reported,36.61198043823242,53.75413131713867,1006.728671875,115994.5625,True,True,True,176,0,0,109,178,101,2026-10-03T16:12:09.258081+07:00,269.65706348500044,0.18675310099933995,OK,,True,2026-10-03T16:12:09.444848+07:00,269.84382654900037,0.035164604999408766,OK,,True,1439,0.179875,,2026-10-03T16:12:09.480018+07:00,269.87899752500016,0.0331180619996303,OK,,True,2649,0.331125,
ac7c1fb6273f4dd882b2671f72ec1778,271,2026-10-03T16:12:10.257915+07:00,270.6568867850001,48.4180940719998,RECOVERY,1373.19299657,0.9999696879995099,0.25378559100045095,8.933099979913095e-05,DISABLED,on,user_reported,36.60942840576172,53.76011276245117,1006.70390625,115915.78125,True,True,True,176,0,0,109,178,101,2026-10-03T16:12:10.258000+07:00,270.65698330299983,0.18698330300048838,OK,,True,2026-10-03T16:12:10.444997+07:00,270.84397658800026,0.03374289099974703,OK,,True,1444,0.1805,,2026-10-03T16:12:10.478745+07:00,270.87772473899986,0.032935656000518065,OK,,True,2648,0.331,
ac7c1fb6273f4dd882b2671f72ec1778,272,2026-10-03T16:12:11.257908+07:00,271.6568827689998,49.41809005599953,RECOVERY,1374.1929925539998,0.9999959839997246,0.2521451030006574,8.531499952368904e-05,DISABLED,on,user_reported,36.60496520996094,53.75310134887695,1006.86078125,115367.28125,True,True,True,176,0,0,109,178,101,2026-10-03T16:12:11.257980+07:00,271.6569635830001,0.18581905199971516,OK,,True,2026-10-03T16:12:11.443811+07:00,271.8427906349998,0.03330524700049864,OK,,True,1444,0.1805,,2026-10-03T16:12:11.477117+07:00,271.8760995490002,0.03291930399973353,OK,,True,2654,0.33175,
ac7c1fb6273f4dd882b2671f72ec1778,273,2026-10-03T16:12:12.257913+07:00,272.6568860870002,50.41809337399991,RECOVERY,1375.1929958720002,1.0000033180003811,0.2520665479996751,8.8632999904803e-05,DISABLED,on,user_reported,36.613258361816406,53.74795913696289,1006.8196875,116152.453125,True,True,True,176,0,0,109,178,101,2026-10-03T16:12:12.257996+07:00,272.656979716,0.18581536700003198,OK,,True,2026-10-03T16:12:12.443823+07:00,272.84280267600025,0.03322484000000259,OK,,True,1434,0.17925,,2026-10-03T16:12:12.477053+07:00,272.87603329300055,0.03290963899962662,OK,,True,2646,0.33075,
ac7c1fb6273f4dd882b2671f72ec1778,274,2026-10-03T16:12:13.257908+07:00,273.6568827030005,51.418089990000226,RECOVERY,1376.1929924880005,0.9999966160003169,0.2517704199999571,8.524900022166548e-05,DISABLED,on,user_reported,36.60688018798828,53.74067306518555,1006.80921875,116231.5546875,True,True,True,176,0,0,109,178,101,2026-10-03T16:12:13.257975+07:00,273.6569589990004,0.18581781099965156,OK,,True,2026-10-03T16:12:13.443805+07:00,273.8427846069999,0.033011989000442554,OK,,True,1433,0.179125,,2026-10-03T16:12:13.476817+07:00,273.8757999850004,0.032844637999914994,OK,,True,2652,0.3315,
ac7c1fb6273f4dd882b2671f72ec1778,275,2026-10-03T16:12:14.257906+07:00,274.656880689,52.4180879759997,RECOVERY,1377.192990474,0.999997985999471,0.26133245100027125,8.323499969264958e-05,DISABLED,on,user_reported,36.60942840576172,53.72832489013672,1006.84765625,116231.5546875,True,True,True,176,0,0,109,178,101,2026-10-03T16:12:14.257980+07:00,274.65696343000036,0.18991241499952594,OK,,True,2026-10-03T16:12:14.447919+07:00,274.84689393700046,0.03585672999997769,OK,,True,1433,0.179125,,2026-10-03T16:12:14.483789+07:00,274.88276457400025,0.03541990000030637,OK,,True,2651,0.33137500000000003,
ac7c1fb6273f4dd882b2671f72ec1778,276,2026-10-03T16:12:15.257929+07:00,275.6569038060006,53.418111093000334,RECOVERY,1378.1930135910006,1.0000231170006373,0.2527737109994632,0.00010635200032993453,DISABLED,on,user_reported,36.61389923095703,53.75441360473633,1006.84109375,115367.28125,True,True,True,176,0,0,109,178,101,2026-10-03T16:12:15.257999+07:00,275.65698265799983,0.18581240399998933,OK,,True,2026-10-03T16:12:15.443823+07:00,275.8428029329998,0.03322900600051071,OK,,True,1441,0.180125,,2026-10-03T16:12:15.477060+07:00,275.87603847599985,0.033614597000450885,OK,,True,2628,0.3285,
ac7c1fb6273f4dd882b2671f72ec1778,277,2026-10-03T16:12:16.257929+07:00,276.6569031280005,54.41811041500023,RECOVERY,1379.1930129130005,0.9999993219998942,0.25174773599974287,0.00010567400022409856,DISABLED,on,user_reported,36.61453628540039,53.74814987182617,1006.8559375,115601.71875,True,True,True,176,0,0,109,178,101,2026-10-03T16:12:16.257997+07:00,276.6569809419998,0.1858213120003711,OK,,True,2026-10-03T16:12:16.443830+07:00,276.84280966200004,0.03298335900035454,OK,,True,1437,0.179625,,2026-10-03T16:12:16.476813+07:00,276.8757961330002,0.032844804999513144,OK,,True,2647,0.33087500000000003,
ac7c1fb6273f4dd882b2671f72ec1778,278,2026-10-03T16:12:17.257918+07:00,277.65689224700054,55.41809953400025,RECOVERY,1380.1930020320005,0.9999891190000199,0.2518906239993157,9.479300024395343e-05,DISABLED,on,user_reported,36.61134338378906,53.73495864868164,1006.823203125,115915.78125,True,True,True,176,0,0,109,178,101,2026-10-03T16:12:17.257987+07:00,277.65697004200047,0.18581829399954586,OK,,True,2026-10-03T16:12:17.443816+07:00,277.84279600300033,0.03308965499945771,OK,,True,1445,0.180625,,2026-10-03T16:12:17.476911+07:00,277.8758918430003,0.03288193499975023,OK,,True,2650,0.33125,
ac7c1fb6273f4dd882b2671f72ec1778,279,2026-10-03T16:12:18.257915+07:00,278.6568888470001,56.418096133999825,RECOVERY,1381.1929986320001,0.9999965999995766,0.2519650129997899,9.139299982052762e-05,DISABLED,on,user_reported,36.61963653564453,53.72982406616211,1006.768515625,115758.53125,True,True,True,176,0,0,109,178,101,2026-10-03T16:12:18.257983+07:00,278.6569660690002,0.18582401599996956,OK,,True,2026-10-03T16:12:18.443818+07:00,278.84279819600033,0.033221228999536834,OK,,True,1449,0.181125,,2026-10-03T16:12:18.477040+07:00,278.8760226840004,0.03282239799955278,OK,,True,2653,0.331625,
ac7c1fb6273f4dd882b2671f72ec1778,280,2026-10-03T16:12:19.257914+07:00,279.65688859700003,57.41809588399974,RECOVERY,1382.192998382,0.9999997499999154,0.25623018900023453,9.114299973589368e-05,DISABLED,on,user_reported,36.61581039428711,53.71654510498047,1006.77578125,115994.5625,True,True,True,176,0,0,109,178,101,2026-10-03T16:12:19.257981+07:00,279.6569644299998,0.18658525200044096,OK,,True,2026-10-03T16:12:19.444581+07:00,279.8435599410004,0.03452184999969177,OK,,True,1449,0.181125,,2026-10-03T16:12:19.479110+07:00,279.8780888649999,0.03501640200011025,OK,,True,2637,0.329625,
ac7c1fb6273f4dd882b2671f72ec1778,281,2026-10-03T16:12:20.257971+07:00,280.6569340140004,58.418141301000105,RECOVERY,1383.1930437990004,1.000045417000365,0.2626970909996089,0.00013656000010087155,DISABLED,on,user_reported,36.621551513671875,53.73011016845703,1006.785234375,115758.53125,True,True,True,176,0,0,109,178,101,2026-10-03T16:12:20.258131+07:00,280.6571129570002,0.19174871900031576,OK,,True,2026-10-03T16:12:20.449903+07:00,280.8488784350002,0.03543965900007606,OK,,True,1448,0.181,,2026-10-03T16:12:20.485346+07:00,280.8843265200003,0.03528338199976133,OK,,True,2660,0.3325,
ac7c1fb6273f4dd882b2671f72ec1778,282,2026-10-03T16:12:21.257932+07:00,281.65690387700033,59.41811116400004,RECOVERY,1384.1930136620003,0.999969862999933,0.25174773599974287,0.00010642300003382843,DISABLED,on,user_reported,36.61963653564453,53.710758209228516,1006.775234375,115837.1015625,True,True,True,176,0,0,109,178,101,2026-10-03T16:12:21.258017+07:00,281.65700039400053,0.18585655399965617,OK,,True,2026-10-03T16:12:21.443886+07:00,281.8428654850004,0.03295450799942046,OK,,True,1442,0.18025,,2026-10-03T16:12:21.476840+07:00,281.8758233260005,0.03281954699923517,OK,,True,2652,0.3315,
ac7c1fb6273f4dd882b2671f72ec1778,283,2026-10-03T16:12:22.257917+07:00,282.6568877030004,0.41809499000009964,WAIT_FINISH,1385.1929974880004,0.9999838260000615,0.2519594019995566,9.024900009535486e-05,DISABLED,on,user_reported,36.622188568115234,53.730194091796875,1006.786171875,115837.1015625,True,True,True,176,0,0,109,178,101,2026-10-03T16:12:22.257998+07:00,282.6569819060005,0.18580127599943808,OK,,True,2026-10-03T16:12:22.443811+07:00,282.8427911260005,0.03314348899948527,OK,,True,1440,0.18,,2026-10-03T16:12:22.476960+07:00,282.875940078,0.032897934000175155,OK,,True,2652,0.3315,
ac7c1fb6273f4dd882b2671f72ec1778,284,2026-10-03T16:12:23.257909+07:00,283.65688180800043,1.4180890950001412,WAIT_FINISH,1386.1929915930004,0.9999941050000416,0.25200262399994244,8.435400013695471e-05,DISABLED,on,user_reported,36.62538146972656,53.70524215698242,1006.7571875,115680.0703125,True,True,True,176,0,0,109,178,101,2026-10-03T16:12:23.257992+07:00,283.65697538099994,0.1858175540000957,OK,,True,2026-10-03T16:12:23.443821+07:00,283.84280084200054,0.03323185899989767,OK,,True,1430,0.17875,,2026-10-03T16:12:23.477054+07:00,283.87603607100027,0.032839917000274,OK,,True,2652,0.3315,
ac7c1fb6273f4dd882b2671f72ec1778,285,2026-10-03T16:12:24.257911+07:00,284.65688263500033,2.4180899220000356,WAIT_FINISH,1387.1929924200003,1.0000008269998943,0.2551717890000873,8.518100003129803e-05,DISABLED,on,user_reported,36.62601852416992,53.71803665161133,1006.765,115837.1015625,True,True,True,176,0,0,109,178,101,2026-10-03T16:12:24.257994+07:00,284.6569775050002,0.18600399699971604,OK,,True,2026-10-03T16:12:24.444015+07:00,284.8429934650003,0.033186802999807696,OK,,True,1438,0.17975,,2026-10-03T16:12:24.477210+07:00,284.8761890269998,0.035850471000230755,OK,,True,2646,0.33075,
ac7c1fb6273f4dd882b2671f72ec1778,286,2026-10-03T16:12:25.257915+07:00,285.6568873340002,3.4180946209999092,WAIT_FINISH,1388.1929971190002,1.0000046989998737,0.25180842200006737,8.987999990495155e-05,DISABLED,on,user_reported,36.627933502197266,53.71833038330078,1006.76125,114901.2578125,True,True,True,176,0,0,109,178,101,2026-10-03T16:12:25.257996+07:00,285.65697924100004,0.18581894199996896,OK,,True,2026-10-03T16:12:25.443827+07:00,285.8428059980006,0.033020267999745556,OK,,True,1445,0.180625,,2026-10-03T16:12:25.476847+07:00,285.8758296730002,0.03285761999995884,OK,,True,2653,0.331625,
ac7c1fb6273f4dd882b2671f72ec1778,287,2026-10-03T16:12:26.257919+07:00,286.6568905889999,4.418097875999592,WAIT_FINISH,1389.193000374,1.0000032549996831,0.2517463670001234,9.31349995880737e-05,DISABLED,on,user_reported,36.627296447753906,53.73094940185547,1006.767109375,115915.78125,True,True,True,176,0,0,109,178,101,2026-10-03T16:12:26.258005+07:00,286.6569881810001,0.18582562800020241,OK,,True,2026-10-03T16:12:26.443842+07:00,286.84282175299995,0.03297024899984535,OK,,True,1448,0.181,,2026-10-03T16:12:26.476812+07:00,286.8757951510006,0.0328330639995329,OK,,True,2651,0.33137500000000003,
ac7c1fb6273f4dd882b2671f72ec1778,288,2026-10-03T16:12:27.257935+07:00,287.656906233,5.418113519999679,WAIT_FINISH,1390.193016018,1.0000156440000865,0.25186090399984096,0.00010877899967454141,DISABLED,on,user_reported,36.63240051269531,53.73805618286133,1006.788984375,115367.28125,True,True,True,176,0,0,109,178,101,2026-10-03T16:12:27.258022+07:00,287.65700536199984,0.1858179070004553,OK,,True,2026-10-03T16:12:27.443851+07:00,287.8428311389998,0.03304743400076404,OK,,True,1445,0.180625,,2026-10-03T16:12:27.476903+07:00,287.87588381299975,0.032873343000574096,OK,,True,2649,0.331125,
ac7c1fb6273f4dd882b2671f72ec1778,289,2026-10-03T16:12:28.257919+07:00,288.6568905080003,6.418097794999994,WAIT_FINISH,1391.1930002930003,0.9999842750003154,0.2517550719994688,9.30539999899338e-05,DISABLED,on,user_reported,36.628570556640625,53.737491607666016,1006.76234375,115211.5234375,True,True,True,176,0,0,109,178,101,2026-10-03T16:12:28.258000+07:00,288.6569837490006,0.18582249799965211,OK,,True,2026-10-03T16:12:28.443835+07:00,288.8428140249998,0.03297902700069244,OK,,True,1449,0.181125,,2026-10-03T16:12:28.476812+07:00,288.87579584800005,0.0328408989998934,OK,,True,2650,0.33125,
ac7c1fb6273f4dd882b2671f72ec1778,290,2026-10-03T16:12:29.257915+07:00,289.6568867289998,7.418094015999486,WAIT_FINISH,1392.1929965139998,0.9999962209994919,0.25378905800062057,8.927499948185869e-05,DISABLED,on,user_reported,36.62538146972656,53.74338912963867,1006.77765625,115367.28125,True,True,True,176,0,0,109,178,101,2026-10-03T16:12:29.257995+07:00,289.65697883899975,0.1858174990002226,OK,,True,2026-10-03T16:12:29.443824+07:00,289.84280352299993,0.03498440300063521,OK,,True,1436,0.1795,,2026-10-03T16:12:29.478818+07:00,289.8777966110001,0.03286497299995972,OK,,True,2637,0.329625,
ac7c1fb6273f4dd882b2671f72ec1778,291,2026-10-03T16:12:30.257917+07:00,290.6568894310003,8.418096718000015,WAIT_FINISH,1393.1929992160003,1.000002702000529,0.25203445900024235,9.197700001095654e-05,DISABLED,on,user_reported,36.61389923095703,53.72897720336914,1006.84796875,115523.46875,True,True,True,176,0,0,109,178,101,2026-10-03T16:12:30.257999+07:00,290.656982857,0.18581746200015914,OK,,True,2026-10-03T16:12:30.443829+07:00,290.84280833699995,0.033253433000027144,OK,,True,1439,0.179875,,2026-10-03T16:12:30.477083+07:00,290.8760654180005,0.032850008999957936,OK,,True,2654,0.33175,
ac7c1fb6273f4dd882b2671f72ec1778,292,2026-10-03T16:12:31.257916+07:00,291.656888857,9.418096143999719,WAIT_FINISH,1394.192998642,0.9999994259997038,0.2517605350003578,9.140299971477361e-05,DISABLED,on,user_reported,36.613258361816406,53.76066970825195,1006.826484375,115680.0703125,True,True,True,176,0,0,109,178,101,2026-10-03T16:12:31.257998+07:00,291.65698146700015,0.18581901800007472,OK,,True,2026-10-03T16:12:31.443829+07:00,291.84280920699985,0.03298543500022788,OK,,True,1441,0.180125,,2026-10-03T16:12:31.476814+07:00,291.8757976040006,0.03284339899983024,OK,,True,2650,0.33125,
ac7c1fb6273f4dd882b2671f72ec1778,293,2026-10-03T16:12:32.257917+07:00,292.65688854200016,10.418095828999867,WAIT_FINISH,1395.1929983270002,0.999999685000148,0.2519494409998515,9.108799986279337e-05,DISABLED,on,user_reported,36.61899948120117,53.78059768676758,1006.787890625,115601.71875,True,True,True,176,0,0,109,178,101,2026-10-03T16:12:32.258002+07:00,292.65698519000034,0.18580955499965057,OK,,True,2026-10-03T16:12:32.443821+07:00,292.8428010590005,0.03309797099973366,OK,,True,1447,0.180875,,2026-10-03T16:12:32.476925+07:00,292.8759045300003,0.03292336100003013,OK,,True,2653,0.331625,
ac7c1fb6273f4dd882b2671f72ec1778,294,2026-10-03T16:12:33.257917+07:00,293.6568890620001,11.418096348999825,WAIT_FINISH,1396.1929988470001,1.0000005199999578,0.25178294200031814,9.160799982055323e-05,DISABLED,on,user_reported,36.61198043823242,53.7732048034668,1006.831328125,115601.71875,True,True,True,176,0,0,109,178,101,2026-10-03T16:12:33.258001+07:00,293.6569840050006,0.18581325899958756,OK,,True,2026-10-03T16:12:33.443824+07:00,293.8428036160003,0.033001859999785665,OK,,True,1446,0.18075,,2026-10-03T16:12:33.476826+07:00,293.87580895800056,0.0328538239991758,OK,,True,2655,0.33187500000000003,
ac7c1fb6273f4dd882b2671f72ec1778,295,2026-10-03T16:12:34.257918+07:00,294.6568900450002,12.418097331999888,WAIT_FINISH,1397.1929998300002,1.0000009830000636,0.2537052079997011,9.259099988412345e-05,DISABLED,on,user_reported,36.613258361816406,53.779747009277344,1006.84703125,115680.0703125,True,True,True,176,0,0,109,178,101,2026-10-03T16:12:34.257999+07:00,294.65698260000045,0.1858114629994816,OK,,True,2026-10-03T16:12:34.443821+07:00,294.84280054400006,0.03301958199972432,OK,,True,1454,0.18175,,2026-10-03T16:12:34.476840+07:00,294.8758231080001,0.034751662999951805,OK,,True,2641,0.330125,
ac7c1fb6273f4dd882b2671f72ec1778,296,2026-10-03T16:12:35.257926+07:00,295.6568984550004,13.41810574200008,WAIT_FINISH,1398.1930082400004,1.0000084100001914,0.25173731299946667,0.00010100100007548463,DISABLED,on,user_reported,36.6107063293457,53.80482482910156,1006.81546875,115289.3515625,True,True,True,176,0,0,109,178,101,2026-10-03T16:12:35.258008+07:00,295.65699102800045,0.18581431499933387,OK,,True,2026-10-03T16:12:35.443832+07:00,295.8428120839999,0.032973490000586025,OK,,True,1447,0.180875,,2026-10-03T16:12:35.476806+07:00,295.875788888,0.0328382320003584,OK,,True,2651,0.33137500000000003,
ac7c1fb6273f4dd882b2671f72ec1778,297,2026-10-03T16:12:36.257917+07:00,296.6568882540005,14.418095541000184,WAIT_FINISH,1399.1929980390005,0.9999897990001045,0.25445861099979084,9.080000018002465e-05,DISABLED,on,user_reported,36.61772537231445,53.79948043823242,1006.826796875,115680.0703125,True,True,True,176,0,0,109,178,101,2026-10-03T16:12:36.258003+07:00,296.6569870310004,0.18580338899937487,OK,,True,2026-10-03T16:12:36.443816+07:00,296.8427962350006,0.0334466539998175,OK,,True,1445,0.180625,,2026-10-03T16:12:36.477270+07:00,296.87624924100055,0.035080123999250645,OK,,True,2638,0.32975,
ac7c1fb6273f4dd882b2671f72ec1778,298,2026-10-03T16:12:37.257918+07:00,297.6568896280005,15.418096915000206,WAIT_FINISH,1400.1929994130005,1.0000013740000213,0.251900442999613,9.217400020133937e-05,DISABLED,on,user_reported,36.61517333984375,53.792755126953125,1006.863671875,115523.46875,True,True,True,176,0,0,109,178,101,2026-10-03T16:12:37.258005+07:00,297.65698862800036,0.18581018500026403,OK,,True,2026-10-03T16:12:37.443825+07:00,297.84280477599987,0.03308361900053569,OK,,True,1447,0.180875,,2026-10-03T16:12:37.476914+07:00,297.87589454299996,0.032885047000490886,OK,,True,2651,0.33137500000000003,
ac7c1fb6273f4dd882b2671f72ec1778,299,2026-10-03T16:12:38.257917+07:00,298.65688989200044,16.418097179000142,WAIT_FINISH,1401.1929996770004,1.0000002639999366,0.2517426479998903,9.24380001379177e-05,DISABLED,on,user_reported,36.61963653564453,53.8124885559082,1006.85734375,115680.0703125,True,True,True,176,0,0,109,178,101,2026-10-03T16:12:38.257998+07:00,298.6569821330004,0.18581600000015897,OK,,True,2026-10-03T16:12:38.443825+07:00,298.84280424400004,0.032978971999909845,OK,,True,1450,0.18125,,2026-10-03T16:12:38.476803+07:00,298.875786179,0.032837565000590985,OK,,True,2653,0.331625,
ac7c1fb6273f4dd882b2671f72ec1778,300,2026-10-03T16:12:39.257915+07:00,299.656888083,17.41809536999972,WAIT_FINISH,1402.192997868,0.9999981909995768,0.2517323510001006,9.062899971468141e-05,DISABLED,on,user_reported,36.61581039428711,53.81828689575195,1006.830546875,115915.78125,True,True,True,176,0,0,109,178,101,2026-10-03T16:12:39.257996+07:00,299.656979157,0.18581046300005255,OK,,True,2026-10-03T16:12:39.443815+07:00,299.8427952130005,0.03296380499978113,OK,,True,1445,0.180625,,2026-10-03T16:12:39.476779+07:00,299.87576183200053,0.03284925099978864,OK,,True,2648,0.331,
ac7c1fb6273f4dd882b2671f72ec1778,301,2026-10-03T16:12:40.257913+07:00,300.65688555199995,18.418092838999655,WAIT_FINISH,1403.192995337,0.9999974689999362,0.25181790700025886,8.80979996509268e-05,DISABLED,on,user_reported,36.610069274902344,53.81744384765625,1006.78703125,115680.0703125,True,True,True,176,0,0,109,178,101,2026-10-03T16:12:40.257996+07:00,300.6569792549999,0.1858236300004137,OK,,True,2026-10-03T16:12:40.443831+07:00,300.8428109590004,0.033010841999384866,OK,,True,1442,0.18025,,2026-10-03T16:12:40.476844+07:00,300.87582580100025,0.03286867600036203,OK,,True,2647,0.33087500000000003,
ac7c1fb6273f4dd882b2671f72ec1778,302,2026-10-03T16:12:41.257990+07:00,301.6569566140006,19.418163901000298,WAIT_FINISH,1404.1930663990006,1.000071062000643,0.25243018099990877,0.00015916000029392308,DISABLED,on,user_reported,36.61517333984375,53.818199157714844,1006.7953125,115680.0703125,True,True,True,176,0,0,109,178,101,2026-10-03T16:12:41.258101+07:00,301.6570834840004,0.186255145999894,OK,,True,2026-10-03T16:12:41.444368+07:00,301.84334737000063,0.033129396999356686,OK,,True,1461,0.182625,,2026-10-03T16:12:41.477502+07:00,301.87648158200045,0.03289523100011138,OK,,True,2647,0.33087500000000003,
ac7c1fb6273f4dd882b2671f72ec1778,303,2026-10-03T16:12:42.257912+07:00,302.6568857890006,20.418093076000332,WAIT_FINISH,1405.1929955740006,0.9999291750000339,0.251967164999769,8.83350003277883e-05,DISABLED,on,user_reported,36.61772537231445,53.81856155395508,1006.785859375,115837.1015625,True,True,True,176,0,0,109,178,101,2026-10-03T16:12:42.257994+07:00,302.6569773810006,0.185812000999249,OK,,True,2026-10-03T16:12:42.443817+07:00,302.8427972340005,0.033122432999334706,OK,,True,1444,0.1805,,2026-10-03T16:12:42.476943+07:00,302.8759238339999,0.03291971300041041,OK,,True,2651,0.33137500000000003,
ac7c1fb6273f4dd882b2671f72ec1778,304,2026-10-03T16:12:43.257913+07:00,303.6568862969998,21.418093583999507,WAIT_FINISH,1406.1929960819998,1.0000005079991752,0.2520720350003103,8.884299950295826e-05,DISABLED,on,user_reported,36.613258361816406,53.82426834106445,1006.764921875,115523.46875,True,True,True,176,0,0,109,178,101,2026-10-03T16:12:43.257996+07:00,303.65697976000047,0.1858207779996519,OK,,True,2026-10-03T16:12:43.443829+07:00,303.8428085200003,0.033236747999580984,OK,,True,1439,0.179875,,2026-10-03T16:12:43.477066+07:00,303.8760487310001,0.03289936100009072,OK,,True,2650,0.33125,
ac7c1fb6273f4dd882b2671f72ec1778,305,2026-10-03T16:12:44.257910+07:00,304.65688243600016,22.418089722999866,WAIT_FINISH,1407.1929922210002,0.9999961390003591,0.2520037949998368,8.4981999862066e-05,DISABLED,on,user_reported,36.61517333984375,53.8309211730957,1006.767890625,115445.3203125,True,True,True,176,0,0,109,178,101,2026-10-03T16:12:44.257998+07:00,304.6569812130001,0.18581744600032835,OK,,True,2026-10-03T16:12:44.443827+07:00,304.8428069729998,0.033053656999982195,OK,,True,1441,0.180125,,2026-10-03T16:12:44.476883+07:00,304.8758641300001,0.033011804999659944,OK,,True,2652,0.3315,
ac7c1fb6273f4dd882b2671f72ec1778,306,2026-10-03T16:12:45.257948+07:00,305.6569193530004,23.418126640000082,WAIT_FINISH,1408.1930291380004,1.000036917000216,0.25221799700011616,0.00012189900007797405,DISABLED,on,user_reported,36.620914459228516,53.825401306152344,1006.797734375,115523.46875,True,True,True,176,0,0,109,178,101,2026-10-03T16:12:45.258037+07:00,305.6570201860004,0.18582116800007498,OK,,True,2026-10-03T16:12:45.443870+07:00,305.8428495570006,0.033393709999472776,OK,,True,1439,0.179875,,2026-10-03T16:12:45.477269+07:00,305.87624867400064,0.032878101999813225,OK,,True,2654,0.33175,
