run_id,seq,timestamp,elapsed_s,phase_elapsed_s,phase,sensor_uptime_s,loop_interval_s,loop_duration_s,schedule_lag_s,pump_command,external_pump_state,external_pump_source,temperature_c,humidity_pct,pressure_hpa,gas_resistance_ohm,gas_valid,heater_stable,new_data,bme_status_bits,bme_meas_index,bme_gas_index,bme_res_heat,bme_idac,bme_gas_wait,bme_read_started_at,bme_read_elapsed_s,bme_read_duration_s,bme_status,bme_error,bme_fresh,mq135_read_started_at,mq135_read_elapsed_s,mq135_read_duration_s,mq135_status,mq135_error,mq135_fresh,mq135_adc_count,mq135_voltage_v,mq135_ao_voltage_v,mq3_read_started_at,mq3_read_elapsed_s,mq3_read_duration_s,mq3_status,mq3_error,mq3_fresh,mq3_adc_count,mq3_voltage_v,mq3_ao_voltage_v
18ebb433656a4f7882ed466d1e76ad7d,1,2026-10-03T16:57:56.015826+07:00,0.66408156199941,0.66408156199941,MONITOR,1214.1954574799993,0.997497039999871,0.25650695100011944,0.00011057499978051055,DISABLED,on,user_reported,36.6247444152832,54.692901611328125,1007.022890625,106312.2890625,True,True,True,176,0,0,109,178,101,2026-10-03T16:57:56.015916+07:00,0.6641884309992747,0.18637814100111427,OK,,True,2026-10-03T16:57:56.202306+07:00,0.8505756459999247,0.03430022800057486,OK,,True,1563,0.195375,,2026-10-03T16:57:56.236614+07:00,0.8848824670003523,0.03568891599934432,OK,,True,2758,0.34475,
18ebb433656a4f7882ed466d1e76ad7d,2,2026-10-03T16:57:57.015860+07:00,1.6641178760000912,1.6641178760000912,MONITOR,1215.195493794,1.0000363140006812,0.2529678810005862,0.00014688900046166964,DISABLED,on,user_reported,36.629207611083984,54.680789947509766,1007.043828125,106644.4453125,True,True,True,176,0,0,109,178,101,2026-10-03T16:57:57.015959+07:00,1.6642304310007603,0.18585422199976165,OK,,True,2026-10-03T16:57:57.201822+07:00,1.8500911529990844,0.03396810200138134,OK,,True,1552,0.194,,2026-10-03T16:57:57.235796+07:00,1.8840655139993032,0.03301029900103458,OK,,True,2766,0.34575,
18ebb433656a4f7882ed466d1e76ad7d,3,2026-10-03T16:57:58.015794+07:00,2.6640580500006763,2.6640580500006763,MONITOR,1216.1954339680005,0.9999401740005851,0.2549305819993606,8.706300104677211e-05,DISABLED,on,user_reported,36.621551513671875,54.6668815612793,1007.079453125,106312.2890625,True,True,True,176,0,0,109,178,101,2026-10-03T16:57:58.015861+07:00,2.6641338640001777,0.18622901500020816,OK,,True,2026-10-03T16:57:58.202104+07:00,2.8503721939996467,0.033459756999945967,OK,,True,1560,0.195,,2026-10-03T16:57:58.235571+07:00,2.883839247000651,0.03513712599851715,OK,,True,2752,0.34400000000000003,
18ebb433656a4f7882ed466d1e76ad7d,4,2026-10-03T16:57:59.015796+07:00,3.6640565630004858,3.6640565630004858,MONITOR,1217.1954324810004,0.9999985129998095,0.251769118998709,8.557600085623562e-05,DISABLED,on,user_reported,36.61899948120117,54.66649627685547,1007.088828125,106444.90625,True,True,True,176,0,0,109,178,101,2026-10-03T16:57:59.015877+07:00,3.6641498579992913,0.18582174299990584,OK,,True,2026-10-03T16:57:59.201711+07:00,3.8499800819990924,0.03297511400160147,OK,,True,1565,0.195625,,2026-10-03T16:57:59.234687+07:00,3.8829585299990867,0.032856541000001016,OK,,True,2767,0.345875,
18ebb433656a4f7882ed466d1e76ad7d,5,2026-10-03T16:58:00.015793+07:00,4.664054507000401,4.664054507000401,MONITOR,1218.1954304250003,0.9999979439999152,0.25197704499987594,8.352000077138655e-05,DISABLED,on,user_reported,36.61836242675781,54.66001892089844,1007.039921875,106246.109375,True,True,True,176,0,0,109,178,101,2026-10-03T16:58:00.015873+07:00,4.66414539499965,0.18582407800022338,OK,,True,2026-10-03T16:58:00.201709+07:00,4.849977714000488,0.03302405799877306,OK,,True,1566,0.19575,,2026-10-03T16:58:00.234734+07:00,4.8830050859996845,0.03301596600067569,OK,,True,2767,0.345875,
18ebb433656a4f7882ed466d1e76ad7d,6,2026-10-03T16:58:01.015831+07:00,5.6640915509997285,5.6640915509997285,MONITOR,1219.1954674689996,1.0000370439993276,0.2565837530000863,0.00012056400009896606,DISABLED,on,user_reported,36.61389923095703,54.672119140625,1007.128515625,106180.0078125,True,True,True,176,0,0,109,178,101,2026-10-03T16:58:01.015930+07:00,5.664202493999255,0.18581537499994738,OK,,True,2026-10-03T16:58:01.201758+07:00,5.85002675800024,0.037261714998749085,OK,,True,1572,0.1965,,2026-10-03T16:58:01.239024+07:00,5.887293842999497,0.03336692500124627,OK,,True,2766,0.34575,
18ebb433656a4f7882ed466d1e76ad7d,7,2026-10-03T16:58:02.015860+07:00,6.664112710999689,6.664112710999689,MONITOR,1220.1954886289996,1.0000211599999602,0.2608837999996467,0.00014172400005918462,DISABLED,on,user_reported,36.613258361816406,54.67202377319336,1007.120703125,106048.0546875,True,True,True,176,0,0,109,178,101,2026-10-03T16:58:02.016012+07:00,6.664283357000386,0.18943576299898268,OK,,True,2026-10-03T16:58:02.205463+07:00,6.85372998999992,0.035738565000428935,OK,,True,1565,0.195625,,2026-10-03T16:58:02.241219+07:00,6.8894828140000755,0.035491697999532335,OK,,True,2770,0.34625,
18ebb433656a4f7882ed466d1e76ad7d,8,2026-10-03T16:58:03.015846+07:00,7.664097823000702,7.664097823000702,MONITOR,1221.1954737410006,0.9999851120010135,0.26621100199918146,0.00012683600107266102,DISABLED,on,user_reported,36.61134338378906,54.6717414855957,1007.158515625,106312.2890625,True,True,True,176,0,0,109,178,101,2026-10-03T16:58:03.016005+07:00,7.664276024999708,0.19386915799987037,OK,,True,2026-10-03T16:58:03.209902+07:00,7.858165219999137,0.03831868500128621,OK,,True,1564,0.1955,,2026-10-03T16:58:03.248233+07:00,7.8964974419996,0.03379203099939332,OK,,True,2771,0.346375,
18ebb433656a4f7882ed466d1e76ad7d,9,2026-10-03T16:58:04.015804+07:00,8.664064755999789,8.664064755999789,MONITOR,1222.1954406739997,0.9999669329990866,0.2521661230002792,9.376900015922729e-05,DISABLED,on,user_reported,36.61261749267578,54.697486877441406,1007.112734375,105588.78125,True,True,True,176,0,0,109,178,101,2026-10-03T16:58:04.015888+07:00,8.664161254999271,0.185817212000984,OK,,True,2026-10-03T16:58:04.201718+07:00,8.849986540999453,0.03341401699981361,OK,,True,1564,0.1955,,2026-10-03T16:58:04.235133+07:00,8.883404410000367,0.03281691299889644,OK,,True,2768,0.34600000000000003,
18ebb433656a4f7882ed466d1e76ad7d,10,2026-10-03T16:58:05.015797+07:00,9.66405945400038,9.66405945400038,MONITOR,1223.1954353720002,0.9999946980005916,0.25171925900031056,8.846700075082481e-05,DISABLED,on,user_reported,36.61261749267578,54.68470764160156,1007.112734375,106048.0546875,True,True,True,176,0,0,109,178,101,2026-10-03T16:58:05.015879+07:00,9.664152138000645,0.18581793599878438,OK,,True,2026-10-03T16:58:05.201709+07:00,9.849977776999367,0.03296370800126169,OK,,True,1574,0.19675,,2026-10-03T16:58:05.234673+07:00,9.882944558999952,0.03282521000073757,OK,,True,2772,0.34650000000000003,
18ebb433656a4f7882ed466d1e76ad7d,11,2026-10-03T16:58:06.015798+07:00,10.664059733000613,10.664059733000613,MONITOR,1224.1954356510005,1.0000002790002327,0.2517950369983737,8.874600098351948e-05,DISABLED,on,user_reported,36.61517333984375,54.67870330810547,1007.089453125,106180.0078125,True,True,True,176,0,0,109,178,101,2026-10-03T16:58:06.015876+07:00,10.664148805999503,0.18583206600123958,OK,,True,2026-10-03T16:58:06.201720+07:00,10.849988779000341,0.033030021999366,OK,,True,1569,0.196125,,2026-10-03T16:58:06.234750+07:00,10.883022060999792,0.03282424600001832,OK,,True,2770,0.34625,
18ebb433656a4f7882ed466d1e76ad7d,12,2026-10-03T16:58:07.015835+07:00,11.664095017000363,11.664095017000363,MONITOR,1225.1954709350002,1.0000352839997504,0.25201398100034567,0.00012403000073391013,DISABLED,on,user_reported,36.61899948120117,54.69204330444336,1007.088828125,106444.90625,True,True,True,176,0,0,109,178,101,2026-10-03T16:58:07.015924+07:00,11.664196775000164,0.18582573399908142,OK,,True,2026-10-03T16:58:07.201762+07:00,11.850030657000389,0.03319520599870884,OK,,True,1569,0.196125,,2026-10-03T16:58:07.234961+07:00,11.883230528999775,0.03286819099957938,OK,,True,2771,0.346375,
18ebb433656a4f7882ed466d1e76ad7d,13,2026-10-03T16:58:08.015798+07:00,12.664059901000655,12.664059901000655,MONITOR,1226.1954358190005,0.9999648840002919,0.2536730189985974,8.891400102584157e-05,DISABLED,on,user_reported,36.61963653564453,54.68575668334961,1007.103671875,106844.7421875,True,True,True,176,0,0,109,178,101,2026-10-03T16:58:08.015878+07:00,12.664150844000687,0.18582116099969426,OK,,True,2026-10-03T16:58:08.201711+07:00,12.849979987000552,0.032990670999424765,OK,,True,1556,0.1945,,2026-10-03T16:58:08.234702+07:00,12.882973824000146,0.034720652000032715,OK,,True,2760,0.34500000000000003,
18ebb433656a4f7882ed466d1e76ad7d,14,2026-10-03T16:58:09.015809+07:00,13.664071400999092,13.664071400999092,MONITOR,1227.195447318999,1.0000114999984362,0.25195926200103713,0.00010041399946203455,DISABLED,on,user_reported,36.620277404785156,54.6794548034668,1007.084140625,106577.8515625,True,True,True,176,0,0,109,178,101,2026-10-03T16:58:09.015887+07:00,13.664159808000477,0.18580842099981965,OK,,True,2026-10-03T16:58:09.201705+07:00,13.849974377000763,0.03322374299932562,OK,,True,1558,0.19475,,2026-10-03T16:58:09.234931+07:00,13.883201897999243,0.03281959900050424,OK,,True,2771,0.346375,
18ebb433656a4f7882ed466d1e76ad7d,15,2026-10-03T16:58:10.015801+07:00,14.664061482000761,14.664061482000761,MONITOR,1228.1954374000006,0.9999900810016698,0.25174345199957315,9.04950011317851e-05,DISABLED,on,user_reported,36.621551513671875,54.660491943359375,1007.093125,106312.2890625,True,True,True,176,0,0,109,178,101,2026-10-03T16:58:10.015886+07:00,14.664158999999927,0.1858220699996309,OK,,True,2026-10-03T16:58:10.201719+07:00,14.849988588999622,0.03297722699971928,OK,,True,1558,0.19475,,2026-10-03T16:58:10.234697+07:00,14.88296887099932,0.03282678499999747,OK,,True,2769,0.346125,
18ebb433656a4f7882ed466d1e76ad7d,16,2026-10-03T16:58:11.015798+07:00,15.664059699000063,15.664059699000063,MONITOR,1229.195435617,0.9999982169993018,0.2517176199999085,8.87120004335884e-05,DISABLED,on,user_reported,36.61581039428711,54.65963363647461,1007.08359375,106444.90625,True,True,True,176,0,0,109,178,101,2026-10-03T16:58:11.015874+07:00,15.664146937999249,0.18581920200085733,OK,,True,2026-10-03T16:58:11.201704+07:00,15.849973492000572,0.032964337999146665,OK,,True,1563,0.195375,,2026-10-03T16:58:11.234669+07:00,15.882941015999677,0.03282722900075896,OK,,True,2765,0.345625,
18ebb433656a4f7882ed466d1e76ad7d,17,2026-10-03T16:58:12.015819+07:00,16.66407925400017,16.66407925400017,MONITOR,1230.195455172,1.000019555000108,0.25192802699893946,0.00010826700054167304,DISABLED,on,user_reported,36.61389923095703,54.64657211303711,1007.04640625,106644.4453125,True,True,True,176,0,0,109,178,101,2026-10-03T16:58:12.015904+07:00,16.664176476000648,0.18581551699935517,OK,,True,2026-10-03T16:58:12.201731+07:00,16.850000251999518,0.033114338000814314,OK,,True,1556,0.1945,,2026-10-03T16:58:12.234850+07:00,16.88311964499917,0.032877229001314845,OK,,True,2760,0.34500000000000003,
18ebb433656a4f7882ed466d1e76ad7d,18,2026-10-03T16:58:13.015800+07:00,17.664060631999746,17.664060631999746,MONITOR,1231.1954365499996,0.9999813779995748,0.25176640000063344,8.964500011643395e-05,DISABLED,on,user_reported,36.61644744873047,54.666114807128906,1007.057421875,106444.90625,True,True,True,176,0,0,109,178,101,2026-10-03T16:58:13.015881+07:00,17.664153407999038,0.1858168150010897,OK,,True,2026-10-03T16:58:13.201707+07:00,17.849976630999663,0.03298404199995275,OK,,True,1560,0.195,,2026-10-03T16:58:13.234692+07:00,17.882964080999955,0.03285359899928153,OK,,True,2773,0.346625,
18ebb433656a4f7882ed466d1e76ad7d,19,2026-10-03T16:58:14.015855+07:00,18.664105996000217,18.664105996000217,MONITOR,1232.195481914,1.0000453640004707,0.2628001499997481,0.0001350090005871607,DISABLED,on,user_reported,36.61899948120117,54.65372085571289,1007.08203125,106577.8515625,True,True,True,176,0,0,109,178,101,2026-10-03T16:58:14.016011+07:00,18.664282326999455,0.1917709540011856,OK,,True,2026-10-03T16:58:14.207802+07:00,18.85606755899971,0.03547995900044043,OK,,True,1564,0.1955,,2026-10-03T16:58:14.243287+07:00,18.89155570299954,0.03533112799959781,OK,,True,2782,0.34775,
18ebb433656a4f7882ed466d1e76ad7d,20,2026-10-03T16:58:15.015852+07:00,19.664104625999244,0.2903550680002809,BASELINE,1233.195480543999,0.9999986299990269,0.2630715190007322,0.00013363899961404968,DISABLED,on,user_reported,36.61134338378906,54.64618682861328,1007.06265625,105982.1953125,True,True,True,176,0,0,109,178,101,2026-10-03T16:58:15.015985+07:00,19.664257050000742,0.1913876069993421,OK,,True,2026-10-03T16:58:15.207397+07:00,19.855661675999727,0.03620382200097083,OK,,True,1559,0.194875,,2026-10-03T16:58:15.243607+07:00,19.891875183000593,0.03528001799895719,OK,,True,2778,0.34725,
18ebb433656a4f7882ed466d1e76ad7d,21,2026-10-03T16:58:16.015867+07:00,20.664118501999837,1.2903689440008748,BASELINE,1234.1954944199997,1.0000138760005939,0.26263369300068007,0.00014751500020793173,DISABLED,on,user_reported,36.606239318847656,54.65182876586914,1007.081875,106312.2890625,True,True,True,176,0,0,109,178,101,2026-10-03T16:58:16.016025+07:00,20.66429627800062,0.19176421599877358,OK,,True,2026-10-03T16:58:16.207808+07:00,20.856074179000643,0.0354367199997796,OK,,True,1592,0.199,,2026-10-03T16:58:16.243251+07:00,20.891519360999155,0.03521327800081053,OK,,True,2781,0.347625,
18ebb433656a4f7882ed466d1e76ad7d,22,2026-10-03T16:58:17.015904+07:00,21.66415336600039,2.290403808001429,BASELINE,1235.1955292840003,1.000034864000554,0.2618524429999525,0.00018237900076201186,DISABLED,on,user_reported,36.603050231933594,54.66411590576172,1007.124609375,106511.3359375,True,True,True,176,0,0,109,178,101,2026-10-03T16:58:17.016073+07:00,21.664343308999378,0.19092305900085194,OK,,True,2026-10-03T16:58:17.207015+07:00,21.855281238000316,0.035435219999271794,OK,,True,1568,0.196,,2026-10-03T16:58:17.242458+07:00,21.890725940000266,0.03525998099939898,OK,,True,2780,0.34750000000000003,
18ebb433656a4f7882ed466d1e76ad7d,23,2026-10-03T16:58:18.015855+07:00,22.66410668199933,3.2903571240003657,BASELINE,1236.1954825999992,0.9999533159989369,0.26261641699966276,0.00013569499969889876,DISABLED,on,user_reported,36.60751724243164,54.6647834777832,1007.131875,106444.90625,True,True,True,176,0,0,109,178,101,2026-10-03T16:58:18.016020+07:00,22.664290753999012,0.19174095900052635,OK,,True,2026-10-03T16:58:18.207780+07:00,22.856045415999688,0.03538944300089497,OK,,True,1561,0.195125,,2026-10-03T16:58:18.243175+07:00,22.89144341499923,0.03526100000090082,OK,,True,2778,0.34725,
18ebb433656a4f7882ed466d1e76ad7d,24,2026-10-03T16:58:19.015812+07:00,23.664073076999557,4.290323519000594,BASELINE,1237.1954489949994,0.9999663950002287,0.2519671290010592,0.00010208999992755707,DISABLED,on,user_reported,36.6107063293457,54.67165756225586,1007.1028125,105916.421875,True,True,True,176,0,0,109,178,101,2026-10-03T16:58:19.015892+07:00,23.664164169000287,0.18581245099994703,OK,,True,2026-10-03T16:58:19.201714+07:00,23.8499829529992,0.03319859700059169,OK,,True,1568,0.196,,2026-10-03T16:58:19.234914+07:00,23.883185734999643,0.0328463420009939,OK,,True,2765,0.345625,
18ebb433656a4f7882ed466d1e76ad7d,25,2026-10-03T16:58:20.015797+07:00,24.66405907099943,5.290309513000466,BASELINE,1238.1954349889993,0.9999859939998714,0.25171502200100804,8.80839997989824e-05,DISABLED,on,user_reported,36.61644744873047,54.67889404296875,1007.118984375,106777.890625,True,True,True,176,0,0,109,178,101,2026-10-03T16:58:20.015878+07:00,24.66415099599908,0.18581098899994686,OK,,True,2026-10-03T16:58:20.201699+07:00,24.849967743999514,0.03294287800054008,OK,,True,1569,0.196125,,2026-10-03T16:58:20.234642+07:00,24.88291391799976,0.032851120000486844,OK,,True,2769,0.346125,
18ebb433656a4f7882ed466d1e76ad7d,26,2026-10-03T16:58:21.015796+07:00,25.66405749600017,6.290307938001206,BASELINE,1239.195433414,0.9999984250007401,0.25176806099989335,8.650900053908117e-05,DISABLED,on,user_reported,36.60879135131836,54.677757263183594,1007.09296875,106246.109375,True,True,True,176,0,0,109,179,101,2026-10-03T16:58:21.015881+07:00,25.664154013998996,0.1858220270005404,OK,,True,2026-10-03T16:58:21.201713+07:00,25.849982059999093,0.032953933001408586,OK,,True,1565,0.195625,,2026-10-03T16:58:21.234668+07:00,25.882939548999275,0.0328766929997073,OK,,True,2774,0.34675,
18ebb433656a4f7882ed466d1e76ad7d,27,2026-10-03T16:58:22.015794+07:00,26.664055465000274,7.290305907001311,BASELINE,1240.1954313830001,0.9999979690001055,0.252003263000006,8.447800064459443e-05,DISABLED,on,user_reported,36.61134338378906,54.678123474121094,1007.096953125,106378.5546875,True,True,True,176,0,0,109,178,101,2026-10-03T16:58:22.015880+07:00,26.66415250099999,0.18581512099990505,OK,,True,2026-10-03T16:58:22.201707+07:00,26.84997630699945,0.03314982099982444,OK,,True,1555,0.194375,,2026-10-03T16:58:22.234862+07:00,26.883131294000123,0.0329170820004947,OK,,True,2769,0.346125,
18ebb433656a4f7882ed466d1e76ad7d,28,2026-10-03T16:58:23.015794+07:00,27.664056327999788,8.290306770000825,BASELINE,1241.1954322459997,1.0000008629995136,0.2518225080002594,8.534100015822332e-05,DISABLED,on,user_reported,36.608154296875,54.69682312011719,1007.105546875,106444.90625,True,True,True,176,0,0,109,178,101,2026-10-03T16:58:23.015874+07:00,27.664146494000306,0.1858201220002229,OK,,True,2026-10-03T16:58:23.201706+07:00,27.849974524000572,0.03303106199928152,OK,,True,1572,0.1965,,2026-10-03T16:58:23.234738+07:00,27.883009548999325,0.032860176001122454,OK,,True,2769,0.346125,
18ebb433656a4f7882ed466d1e76ad7d,29,2026-10-03T16:58:24.015797+07:00,28.664058956999725,9.290309399000762,BASELINE,1242.1954348749996,1.0000026289999369,0.2520362289997138,8.797000009508338e-05,DISABLED,on,user_reported,36.6056022644043,54.6900520324707,1007.101328125,105982.1953125,True,True,True,176,0,0,109,178,101,2026-10-03T16:58:24.015876+07:00,28.664149160000306,0.18582815999980085,OK,,True,2026-10-03T16:58:24.201717+07:00,28.849985987000764,0.033219096998436726,OK,,True,1551,0.193875,,2026-10-03T16:58:24.234936+07:00,28.88320839900007,0.032877323999855435,OK,,True,2769,0.346125,
18ebb433656a4f7882ed466d1e76ad7d,30,2026-10-03T16:58:25.015797+07:00,29.664059165999788,10.290309608000825,BASELINE,1243.1954350839997,1.0000002090000635,0.25173693699980504,8.81790001585614e-05,DISABLED,on,user_reported,36.59986114501953,54.70198059082031,1007.0715625,106048.0546875,True,True,True,176,0,0,109,178,101,2026-10-03T16:58:25.015878+07:00,29.664151183000286,0.18581969899969408,OK,,True,2026-10-03T16:58:25.201710+07:00,29.849979159000213,0.032951193999906536,OK,,True,1567,0.195875,,2026-10-03T16:58:25.234661+07:00,29.8829334080001,0.03285434300050838,OK,,True,2772,0.34650000000000003,
18ebb433656a4f7882ed466d1e76ad7d,31,2026-10-03T16:58:26.015799+07:00,30.664059991000613,11.29031043300165,BASELINE,1244.1954359090005,1.000000825000825,0.25199626999892644,8.900400098355021e-05,DISABLED,on,user_reported,36.60369110107422,54.69615936279297,1007.084609375,106312.2890625,True,True,True,176,0,0,109,178,101,2026-10-03T16:58:26.015881+07:00,30.66415348999908,0.1858155150002858,OK,,True,2026-10-03T16:58:26.201707+07:00,30.84997665300034,0.032959285999822896,OK,,True,1565,0.195625,,2026-10-03T16:58:26.234667+07:00,30.882938864999232,0.03310756200153264,OK,,True,2772,0.34650000000000003,
18ebb433656a4f7882ed466d1e76ad7d,32,2026-10-03T16:58:27.015819+07:00,31.664078915000573,12.29032935700161,BASELINE,1245.1954548330004,1.00001892399996,0.2518076619999192,0.00010792800094350241,DISABLED,on,user_reported,36.61389923095703,54.704063415527344,1007.087421875,106048.0546875,True,True,True,176,0,0,109,178,101,2026-10-03T16:58:27.015905+07:00,31.664177340000606,0.1858246269985102,OK,,True,2026-10-03T16:58:27.201741+07:00,31.850010782000027,0.032999840999764274,OK,,True,1574,0.19675,,2026-10-03T16:58:27.234743+07:00,31.883014216000447,0.03286225000010745,OK,,True,2768,0.34600000000000003,
18ebb433656a4f7882ed466d1e76ad7d,33,2026-10-03T16:58:28.015802+07:00,32.66406408699913,13.29031452900017,BASELINE,1246.195440004999,0.99998517199856,0.25178631100061466,9.309999950346537e-05,DISABLED,on,user_reported,36.61517333984375,54.71064758300781,1007.062109375,106711.1328125,True,True,True,176,0,0,109,178,101,2026-10-03T16:58:28.015886+07:00,32.66415891900033,0.18584666499918967,OK,,True,2026-10-03T16:58:28.201746+07:00,32.850015009000344,0.03300119399864343,OK,,True,1564,0.1955,,2026-10-03T16:58:28.234748+07:00,32.88301959199998,0.03282221399967966,OK,,True,2772,0.34650000000000003,
18ebb433656a4f7882ed466d1e76ad7d,34,2026-10-03T16:58:29.015818+07:00,33.664075041000615,14.290325483001652,BASELINE,1247.1954509590005,1.0000109540014819,0.26206388599894126,0.00010405400098534301,DISABLED,on,user_reported,36.6107063293457,54.71637725830078,1007.04125,106577.8515625,True,True,True,176,0,0,109,178,101,2026-10-03T16:58:29.015931+07:00,33.664203132000694,0.19113629299863533,OK,,True,2026-10-03T16:58:29.207091+07:00,33.85535612899912,0.035479518001011456,OK,,True,1560,0.195,,2026-10-03T16:58:29.242574+07:00,33.890843683999265,0.03527418700105045,OK,,True,2776,0.34700000000000003,
18ebb433656a4f7882ed466d1e76ad7d,35,2026-10-03T16:58:30.015851+07:00,34.664104613000745,15.290355055001783,BASELINE,1248.1954805310006,1.0000295720001304,0.2631012269994244,0.00013362600111577194,DISABLED,on,user_reported,36.61134338378906,54.73562240600586,1007.083203125,106711.1328125,True,True,True,176,0,0,109,178,101,2026-10-03T16:58:30.015995+07:00,34.66426596299971,0.19156895600099233,OK,,True,2026-10-03T16:58:30.207586+07:00,34.85585104799975,0.036123308000242105,OK,,True,1571,0.196375,,2026-10-03T16:58:30.243713+07:00,34.891983114999675,0.035203059000195935,OK,,True,2788,0.34850000000000003,
18ebb433656a4f7882ed466d1e76ad7d,36,2026-10-03T16:58:31.015824+07:00,35.66408224599945,16.29033268800049,BASELINE,1249.1954581639993,0.9999776329987071,0.2619727600012993,0.00011125899982289411,DISABLED,on,user_reported,36.61389923095703,54.742401123046875,1007.032734375,106113.9921875,True,True,True,176,0,0,109,179,101,2026-10-03T16:58:31.015931+07:00,35.66420283700063,0.1909481489983591,OK,,True,2026-10-03T16:58:31.206903+07:00,35.855167948999224,0.03553527800067968,OK,,True,1560,0.195,,2026-10-03T16:58:31.242444+07:00,35.89071254100054,0.03532333600014681,OK,,True,2784,0.34800000000000003,
18ebb433656a4f7882ed466d1e76ad7d,37,2026-10-03T16:58:32.015830+07:00,36.66408882900032,17.290339271001358,BASELINE,1250.1954647470002,1.000006583000868,0.262016742999549,0.00011784200069087092,DISABLED,on,user_reported,36.610069274902344,54.72905731201172,1007.053828125,105982.1953125,True,True,True,176,0,0,109,179,101,2026-10-03T16:58:32.015932+07:00,36.66420380999989,0.19100077899929602,OK,,True,2026-10-03T16:58:32.206958+07:00,36.85522282999955,0.03554585100027907,OK,,True,1562,0.19525,,2026-10-03T16:58:32.242510+07:00,36.89077805099987,0.03530637299991213,OK,,True,2782,0.34775,
18ebb433656a4f7882ed466d1e76ad7d,38,2026-10-03T16:58:33.015940+07:00,37.66419525099991,18.290445693000947,BASELINE,1251.1955711689998,1.0001064219995897,0.25183824399937293,0.0002242640002805274,DISABLED,on,user_reported,36.60751724243164,54.73506164550781,1007.207109375,106777.890625,True,True,True,176,0,0,109,178,101,2026-10-03T16:58:33.016064+07:00,37.66433669400067,0.18588731799900415,OK,,True,2026-10-03T16:58:33.201964+07:00,37.85023306699986,0.03296432500064839,OK,,True,1575,0.196875,,2026-10-03T16:58:33.234928+07:00,37.88320044700049,0.032824844998685876,OK,,True,2771,0.346375,
18ebb433656a4f7882ed466d1e76ad7d,39,2026-10-03T16:58:34.015792+07:00,38.66405390299951,19.29030434500055,BASELINE,1252.1954298209994,0.9998586519996024,0.2517417100007151,8.291599988297094e-05,DISABLED,on,user_reported,36.60942840576172,54.73534393310547,1007.141875,107247.59375,True,True,True,176,0,0,109,179,101,2026-10-03T16:58:34.015878+07:00,38.66415034700003,0.18582031999903847,OK,,True,2026-10-03T16:58:34.201710+07:00,38.84997901799943,0.03297391700107255,OK,,True,1571,0.196375,,2026-10-03T16:58:34.234684+07:00,38.882955786999446,0.0328313080008229,OK,,True,2774,0.34675,
18ebb433656a4f7882ed466d1e76ad7d,40,2026-10-03T16:58:35.015793+07:00,39.66405492999911,20.290305372000148,BASELINE,1253.195430847999,1.0000010269995983,0.2519783020015893,8.394299948122352e-05,DISABLED,on,user_reported,36.60496520996094,54.74107360839844,1007.12078125,106312.2890625,True,True,True,176,0,0,109,179,101,2026-10-03T16:58:35.015877+07:00,39.66414935499961,0.1858192660001805,OK,,True,2026-10-03T16:58:35.201708+07:00,39.84997697200015,0.03323126699979184,OK,,True,1558,0.19475,,2026-10-03T16:58:35.234940+07:00,39.88321160899977,0.03281364100075734,OK,,True,2768,0.34600000000000003,
18ebb433656a4f7882ed466d1e76ad7d,41,2026-10-03T16:58:36.015801+07:00,40.66406327799996,21.290313720000995,BASELINE,1254.1954391959998,1.000008348000847,0.2517228979995707,9.229100032825954e-05,DISABLED,on,user_reported,36.60496520996094,54.74746322631836,1007.12765625,106048.0546875,True,True,True,176,0,0,109,178,101,2026-10-03T16:58:36.015885+07:00,40.664158092000434,0.18582282199895417,OK,,True,2026-10-03T16:58:36.201720+07:00,40.849989116999495,0.03296010300073249,OK,,True,1565,0.195625,,2026-10-03T16:58:36.234680+07:00,40.88295208999989,0.03282603099978587,OK,,True,2773,0.346625,
18ebb433656a4f7882ed466d1e76ad7d,42,2026-10-03T16:58:37.015821+07:00,41.66408115000013,22.290331592001166,BASELINE,1255.195457068,1.0000178720001713,0.25203087800036883,0.00011016300049959682,DISABLED,on,user_reported,36.6107063293457,54.748321533203125,1007.13703125,106113.9921875,True,True,True,176,0,0,109,178,101,2026-10-03T16:58:37.015908+07:00,41.66418044499915,0.18583226700138766,OK,,True,2026-10-03T16:58:37.201753+07:00,41.85002163799982,0.03319045299940626,OK,,True,1557,0.194625,,2026-10-03T16:58:37.234948+07:00,41.88321684999937,0.03288545600116777,OK,,True,2766,0.34575,
18ebb433656a4f7882ed466d1e76ad7d,43,2026-10-03T16:58:38.015889+07:00,42.66414021200035,23.290390654001385,BASELINE,1256.1955161300002,1.0000590620002185,0.252874685000279,0.00016922500071814284,DISABLED,on,user_reported,36.606239318847656,54.760440826416016,1007.10921875,106978.6875,True,True,True,176,0,0,109,178,101,2026-10-03T16:58:38.016047+07:00,42.66431787699912,0.186806110001271,OK,,True,2026-10-03T16:58:38.202865+07:00,42.85113391199957,0.03298890000041865,OK,,True,1564,0.1955,,2026-10-03T16:58:38.235855+07:00,42.884126237999226,0.032877530000405386,OK,,True,2767,0.345875,
18ebb433656a4f7882ed466d1e76ad7d,44,2026-10-03T16:58:39.015812+07:00,43.66407424499994,24.290324687000975,BASELINE,1257.1954501629998,0.9999340329995903,0.2517147910002677,0.00010325800030841492,DISABLED,on,user_reported,36.606239318847656,54.7668342590332,1007.1434375,106378.5546875,True,True,True,176,0,0,109,178,101,2026-10-03T16:58:39.015895+07:00,43.66416739200031,0.18581739900037064,OK,,True,2026-10-03T16:58:39.201723+07:00,43.849992531999305,0.03296241800126154,OK,,True,1561,0.195125,,2026-10-03T16:58:39.234686+07:00,43.882958431999214,0.03282216000116023,OK,,True,2766,0.34575,
18ebb433656a4f7882ed466d1e76ad7d,45,2026-10-03T16:58:40.015799+07:00,44.66406109700074,25.290311539001777,BASELINE,1258.1954370150006,0.9999868520008022,0.2517201639984705,9.01100011105882e-05,DISABLED,on,user_reported,36.6107063293457,54.77388381958008,1007.13703125,106511.3359375,True,True,True,176,0,0,109,178,101,2026-10-03T16:58:40.015882+07:00,44.66415461500037,0.18582569600039278,OK,,True,2026-10-03T16:58:40.201719+07:00,44.849988625999686,0.032961918999717454,OK,,True,1557,0.194625,,2026-10-03T16:58:40.234682+07:00,44.88295367399951,0.032819105001181015,OK,,True,2766,0.34575,
18ebb433656a4f7882ed466d1e76ad7d,46,2026-10-03T16:58:41.015831+07:00,45.66409149199899,26.290341934000026,BASELINE,1259.1954674099989,1.000030394998248,0.25205199500123854,0.00012050499935867265,DISABLED,on,user_reported,36.61581039428711,54.77463912963867,1007.08359375,106048.0546875,True,True,True,176,0,0,109,178,101,2026-10-03T16:58:41.015921+07:00,45.664194028000566,0.18584817899863992,OK,,True,2026-10-03T16:58:41.201781+07:00,45.85005013299997,0.033242637999137514,OK,,True,1563,0.195375,,2026-10-03T16:58:41.235024+07:00,45.883296141000756,0.032839067998793325,OK,,True,2770,0.34625,
18ebb433656a4f7882ed466d1e76ad7d,47,2026-10-03T16:58:42.015824+07:00,46.66408407900053,27.29033452100157,BASELINE,1260.1954599970004,0.9999925870015431,0.25197768199905113,0.00011309200090181548,DISABLED,on,user_reported,36.610069274902344,54.76100540161133,1007.122265625,106444.90625,True,True,True,176,0,0,109,178,101,2026-10-03T16:58:42.015911+07:00,46.66418320699995,0.1858269210006256,OK,,True,2026-10-03T16:58:42.201750+07:00,46.850018516999626,0.03315415699944424,OK,,True,1556,0.1945,,2026-10-03T16:58:42.234909+07:00,46.88317804500002,0.03287399299915705,OK,,True,2769,0.346125,
18ebb433656a4f7882ed466d1e76ad7d,48,2026-10-03T16:58:43.015807+07:00,47.664068004,28.290318446001038,BASELINE,1261.1954439219999,0.9999839249994693,0.26226677500017104,9.70170003711246e-05,DISABLED,on,user_reported,36.61134338378906,54.76118850708008,1007.0559375,106378.5546875,True,True,True,176,0,0,109,178,101,2026-10-03T16:58:43.015891+07:00,47.664164002999314,0.189875137000854,OK,,True,2026-10-03T16:58:43.205793+07:00,47.85405747299956,0.03647730699958629,OK,,True,1565,0.195625,,2026-10-03T16:58:43.242283+07:00,47.890547946999504,0.03576105499996629,OK,,True,2758,0.34475,
18ebb433656a4f7882ed466d1e76ad7d,49,2026-10-03T16:58:44.015846+07:00,48.66410598999937,29.290356432000408,BASELINE,1262.1954819079992,1.00003798599937,0.2517669280005066,0.0001350029997411184,DISABLED,on,user_reported,36.610069274902344,54.75461196899414,1007.074296875,106048.0546875,True,True,True,176,0,0,109,178,101,2026-10-03T16:58:44.015935+07:00,48.66420728599951,0.1858293670011335,OK,,True,2026-10-03T16:58:44.201777+07:00,48.85004522700001,0.03297290099908423,OK,,True,1569,0.196125,,2026-10-03T16:58:44.234751+07:00,48.88302188700072,0.0328410679994704,OK,,True,2771,0.346375,
18ebb433656a4f7882ed466d1e76ad7d,50,2026-10-03T16:58:45.015830+07:00,49.664090668000426,30.290341110001464,BASELINE,1263.1954665860003,0.9999846780010557,0.2517755409990059,0.00011968100079684518,DISABLED,on,user_reported,36.610069274902344,54.77378845214844,1007.040078125,106048.0546875,True,True,True,176,0,0,109,178,101,2026-10-03T16:58:45.015918+07:00,49.66419109299932,0.18581957199967292,OK,,True,2026-10-03T16:58:45.201750+07:00,49.85001933199965,0.032991845000651665,OK,,True,1571,0.196375,,2026-10-03T16:58:45.234742+07:00,49.88301410299937,0.03284364300088782,OK,,True,2768,0.34600000000000003,
18ebb433656a4f7882ed466d1e76ad7d,51,2026-10-03T16:58:46.015836+07:00,50.66409562899935,31.290346071000386,BASELINE,1264.1954715469992,1.0000049609989219,0.2520583910009009,0.00012464199971873313,DISABLED,on,user_reported,36.61389923095703,54.742401123046875,1007.05328125,106312.2890625,True,True,True,176,0,0,109,178,101,2026-10-03T16:58:46.015923+07:00,50.66419592400052,0.18581711099977838,OK,,True,2026-10-03T16:58:46.201752+07:00,50.85002071999952,0.033290657000179635,OK,,True,1557,0.194625,,2026-10-03T16:58:46.235043+07:00,50.88331470999947,0.03283056899999792,OK,,True,2770,0.34625,
18ebb433656a4f7882ed466d1e76ad7d,52,2026-10-03T16:58:47.015819+07:00,51.66407885499939,32.290329297000426,BASELINE,1265.1954547729993,0.9999832260000403,0.25304667800082825,0.00010786799975903705,DISABLED,on,user_reported,36.61198043823242,54.748504638671875,1007.05703125,105850.734375,True,True,True,176,0,0,109,179,101,2026-10-03T16:58:47.015906+07:00,51.664179113999126,0.18582731500100635,OK,,True,2026-10-03T16:58:47.201746+07:00,51.85001522499988,0.03394494600070175,OK,,True,1567,0.195875,,2026-10-03T16:58:47.235696+07:00,51.88396535600077,0.033148046999485814,OK,,True,2767,0.345875,
18ebb433656a4f7882ed466d1e76ad7d,53,2026-10-03T16:58:48.015796+07:00,52.6640578839997,33.29030832600074,BASELINE,1266.1954338019996,0.9999790290003148,0.2539919459995872,8.689700007380452e-05,DISABLED,on,user_reported,36.61261749267578,54.748600006103516,1007.06484375,106511.3359375,True,True,True,176,0,0,109,178,101,2026-10-03T16:58:48.015880+07:00,52.6641523269991,0.18582498300020234,OK,,True,2026-10-03T16:58:48.201718+07:00,52.84998658800032,0.033556876000147895,OK,,True,1569,0.196125,,2026-10-03T16:58:48.235280+07:00,52.88354874200013,0.034486643999116495,OK,,True,2767,0.345875,
18ebb433656a4f7882ed466d1e76ad7d,54,2026-10-03T16:58:49.015837+07:00,53.664096435999454,34.29034687800049,BASELINE,1267.1954723539993,1.0000385519997508,0.25198978400112537,0.00012544899982458446,DISABLED,on,user_reported,36.60942840576172,54.73534393310547,1007.14859375,106978.6875,True,True,True,176,0,0,109,178,101,2026-10-03T16:58:49.015926+07:00,53.664198323000164,0.18582696600060444,OK,,True,2026-10-03T16:58:49.201765+07:00,53.850033770000664,0.03322593599841639,OK,,True,1562,0.19525,,2026-10-03T16:58:49.234992+07:00,53.88326337199942,0.032813552001243806,OK,,True,2768,0.34600000000000003,
18ebb433656a4f7882ed466d1e76ad7d,55,2026-10-03T16:58:50.015813+07:00,54.6640757160003,35.290326158001335,BASELINE,1268.1954516340002,0.9999792800008436,0.2517184179996548,0.00010472900066815782,DISABLED,on,user_reported,36.61134338378906,54.73562240600586,1007.15171875,106511.3359375,True,True,True,176,0,0,109,178,101,2026-10-03T16:58:50.015916+07:00,54.66418812200027,0.1858105589999468,OK,,True,2026-10-03T16:58:50.201738+07:00,54.85000688500077,0.03296216099988669,OK,,True,1569,0.196125,,2026-10-03T16:58:50.234700+07:00,54.88297215700004,0.032813403000545804,OK,,True,2764,0.34550000000000003,
18ebb433656a4f7882ed466d1e76ad7d,56,2026-10-03T16:58:51.015791+07:00,55.66405305800072,36.290303500001755,BASELINE,1269.1954289760006,0.9999773420004203,0.25169962299878534,8.207100108847953e-05,DISABLED,on,user_reported,36.610069274902344,54.72905731201172,1007.09484375,106577.8515625,True,True,True,176,0,0,109,178,101,2026-10-03T16:58:51.015873+07:00,55.6641455379995,0.18581811600051878,OK,,True,2026-10-03T16:58:51.201703+07:00,55.849971931000255,0.03295101399999112,OK,,True,1559,0.194875,,2026-10-03T16:58:51.234654+07:00,55.8829259260001,0.032818088999192696,OK,,True,2770,0.34625,
18ebb433656a4f7882ed466d1e76ad7d,57,2026-10-03T16:58:52.015863+07:00,56.66412003400001,37.290370476001044,BASELINE,1270.1954959519999,1.0000669759992888,0.25212047199966037,0.00014904700037732255,DISABLED,on,user_reported,36.6107063293457,54.7227668762207,1007.06859375,106711.1328125,True,True,True,176,0,0,109,178,101,2026-10-03T16:58:52.015955+07:00,56.66422764299932,0.18587591300092754,OK,,True,2026-10-03T16:58:52.201842+07:00,56.85011105599915,0.0331521590014745,OK,,True,1563,0.195375,,2026-10-03T16:58:52.234998+07:00,56.883268178000435,0.03296340199995029,OK,,True,2767,0.345875,
18ebb433656a4f7882ed466d1e76ad7d,58,2026-10-03T16:58:53.015862+07:00,57.6641197379995,38.29037018000054,BASELINE,1271.1954956559994,0.9999997039994923,0.2517241820005438,0.00014875099986966234,DISABLED,on,user_reported,36.61963653564453,54.71770095825195,1007.11046875,106511.3359375,True,True,True,176,0,0,109,178,101,2026-10-03T16:58:53.015955+07:00,57.66422756999964,0.18584374700003536,OK,,True,2026-10-03T16:58:53.201811+07:00,57.85007957699963,0.032932809999692836,OK,,True,1565,0.195625,,2026-10-03T16:58:53.234744+07:00,57.88301529399905,0.03282047800166765,OK,,True,2767,0.345875,
18ebb433656a4f7882ed466d1e76ad7d,59,2026-10-03T16:58:54.015818+07:00,58.66407811499994,39.290328557000976,BASELINE,1272.1954540329998,0.9999583770004392,0.25201599600040936,0.00010712800030887593,DISABLED,on,user_reported,36.61198043823242,54.716552734375,1007.11859375,106777.890625,True,True,True,176,0,0,109,178,101,2026-10-03T16:58:54.015901+07:00,58.6641737810005,0.1858147299990378,OK,,True,2026-10-03T16:58:54.201728+07:00,58.84999712199897,0.0332463810009358,OK,,True,1564,0.1955,,2026-10-03T16:58:54.234976+07:00,58.88324715099952,0.032838219000041136,OK,,True,2767,0.345875,
18ebb433656a4f7882ed466d1e76ad7d,60,2026-10-03T16:58:55.018918+07:00,59.66718020500048,40.293430647001514,BASELINE,1273.1985561230003,1.0031020900005387,0.251793720999558,0.0032092180008476134,DISABLED,on,user_reported,36.61261749267578,54.68470764160156,1007.092265625,106180.0078125,True,True,True,176,0,0,109,178,101,2026-10-03T16:58:55.018997+07:00,59.66726938899956,0.1858293790010066,OK,,True,2026-10-03T16:58:55.204839+07:00,59.85310749100063,0.033004808999976376,OK,,True,1576,0.197,,2026-10-03T16:58:55.237846+07:00,59.88611659699927,0.03284799600078259,OK,,True,2767,0.345875,
18ebb433656a4f7882ed466d1e76ad7d,61,2026-10-03T16:58:56.015797+07:00,60.66406029400059,41.29031073600163,BASELINE,1274.1954362120005,0.9968800890001148,0.2517585929999768,8.930700096243527e-05,DISABLED,on,user_reported,36.61517333984375,54.69148254394531,1007.062109375,106312.2890625,True,True,True,176,0,0,109,178,101,2026-10-03T16:58:56.015873+07:00,60.66414557099961,0.18582739799967385,OK,,True,2026-10-03T16:58:56.201712+07:00,60.84998115400049,0.03299071800029196,OK,,True,1568,0.196,,2026-10-03T16:58:56.234705+07:00,60.882975574999364,0.03283508999993501,OK,,True,2771,0.346375,
18ebb433656a4f7882ed466d1e76ad7d,62,2026-10-03T16:58:57.015801+07:00,61.66406320600072,42.29031364800176,BASELINE,1275.1954391240006,1.0000029120001273,0.2517980019983952,9.221900108968839e-05,DISABLED,on,user_reported,36.620914459228516,54.685951232910156,1007.09875,107112.96875,True,True,True,176,0,0,109,178,101,2026-10-03T16:58:57.015885+07:00,61.66415755699927,0.18584758399993007,OK,,True,2026-10-03T16:58:57.201746+07:00,61.850014974999795,0.03300916199987114,OK,,True,1554,0.19425,,2026-10-03T16:58:57.234758+07:00,61.88302891400053,0.032823274999827845,OK,,True,2767,0.345875,
18ebb433656a4f7882ed466d1e76ad7d,63,2026-10-03T16:58:58.015797+07:00,62.664059938999344,43.29031038100038,BASELINE,1276.1954358569992,0.9999967329986248,0.2517702810000628,8.895199971448164e-05,DISABLED,on,user_reported,36.620914459228516,54.679561614990234,1007.07828125,106577.8515625,True,True,True,176,0,0,109,178,101,2026-10-03T16:58:58.015872+07:00,62.664144475000285,0.18583019699872239,OK,,True,2026-10-03T16:58:58.201714+07:00,62.84998343100051,0.032980846999635105,OK,,True,1555,0.194375,,2026-10-03T16:58:58.234697+07:00,62.88296887099932,0.03285301600044477,OK,,True,2766,0.34575,
18ebb433656a4f7882ed466d1e76ad7d,64,2026-10-03T16:58:59.015799+07:00,63.66406038099922,44.290310823000254,BASELINE,1277.195436298999,1.0000004419998731,0.2519312620006531,8.939399958762806e-05,DISABLED,on,user_reported,36.61261749267578,54.65277099609375,1007.058046875,106577.8515625,True,True,True,176,0,0,109,178,101,2026-10-03T16:58:59.015882+07:00,63.66415510200022,0.18582453099952545,OK,,True,2026-10-03T16:58:59.201719+07:00,63.84998789199926,0.032987255000989535,OK,,True,1567,0.195875,,2026-10-03T16:58:59.234706+07:00,63.882978481000464,0.03300355099963781,OK,,True,2767,0.345875,
18ebb433656a4f7882ed466d1e76ad7d,65,2026-10-03T16:59:00.015798+07:00,64.66406004999953,45.29031049200057,BASELINE,1278.1954359679994,0.9999996690003172,0.2522359089998645,8.906299990485422e-05,DISABLED,on,user_reported,36.61198043823242,54.6590576171875,1007.091328125,106911.671875,True,True,True,176,0,0,109,178,101,2026-10-03T16:59:00.015882+07:00,64.66415438299919,0.18582514300032926,OK,,True,2026-10-03T16:59:00.201719+07:00,64.84998839699983,0.0334193979997508,OK,,True,1561,0.195125,,2026-10-03T16:59:00.235144+07:00,64.88341277700056,0.03287231200010865,OK,,True,2767,0.345875,
18ebb433656a4f7882ed466d1e76ad7d,66,2026-10-03T16:59:01.015798+07:00,65.66405998499977,46.290310427000804,BASELINE,1279.1954359029996,0.9999999350002327,0.25217120699926454,8.899800013750792e-05,DISABLED,on,user_reported,36.60942840576172,54.64590835571289,1007.080234375,106844.7421875,True,True,True,176,0,0,109,178,101,2026-10-03T16:59:01.015877+07:00,65.66414959500071,0.185827014998722,OK,,True,2026-10-03T16:59:01.201716+07:00,65.84998473999985,0.03337371400084521,OK,,True,1560,0.195,,2026-10-03T16:59:01.235095+07:00,65.88336384300055,0.03285838599913404,OK,,True,2766,0.34575,
18ebb433656a4f7882ed466d1e76ad7d,67,2026-10-03T16:59:02.015824+07:00,66.66408359200068,47.29033403400172,BASELINE,1280.1954595100005,1.0000236070009123,0.25253025999882084,0.00011260500104981475,DISABLED,on,user_reported,36.60879135131836,54.6522102355957,1007.02453125,106577.8515625,True,True,True,176,0,0,109,178,101,2026-10-03T16:59:02.015908+07:00,66.66418060899923,0.18594658900110517,OK,,True,2026-10-03T16:59:02.201868+07:00,66.85013603100015,0.033576433999769506,OK,,True,1568,0.196,,2026-10-03T16:59:02.235448+07:00,66.88371763199939,0.03288586800044868,OK,,True,2769,0.346125,
18ebb433656a4f7882ed466d1e76ad7d,68,2026-10-03T16:59:03.015798+07:00,67.6640614629996,48.290311905000635,BASELINE,1281.1954373809995,0.9999778709989187,0.25205782200100657,9.047599996847566e-05,DISABLED,on,user_reported,36.60942840576172,54.62675094604492,1007.066640625,106511.3359375,True,True,True,176,0,0,109,178,101,2026-10-03T16:59:03.015875+07:00,67.66414801800056,0.18582390599840437,OK,,True,2026-10-03T16:59:03.201711+07:00,67.84998014600023,0.03323171599913621,OK,,True,1576,0.197,,2026-10-03T16:59:03.234949+07:00,67.88321738100058,0.03289186799884192,OK,,True,2767,0.345875,
18ebb433656a4f7882ed466d1e76ad7d,69,2026-10-03T16:59:04.015883+07:00,68.66413396899952,49.29038441100056,BASELINE,1282.1955098869994,1.000072505999924,0.2590201189996151,0.0001629819998925086,DISABLED,on,user_reported,36.6056022644043,54.6517219543457,1007.080859375,106577.8515625,True,True,True,176,0,0,109,178,101,2026-10-03T16:59:04.016034+07:00,68.6643056339999,0.1885740630004875,OK,,True,2026-10-03T16:59:04.204626+07:00,68.8528928630003,0.034738033999019535,OK,,True,1575,0.196875,,2026-10-03T16:59:04.239368+07:00,68.88763737800036,0.03549982199911028,OK,,True,2765,0.345625,
18ebb433656a4f7882ed466d1e76ad7d,70,2026-10-03T16:59:05.015840+07:00,69.66409459299939,50.29034503500043,BASELINE,1283.1954705109993,0.9999606239998684,0.25853736700082663,0.0001236059997609118,DISABLED,on,user_reported,36.60240936279297,54.625709533691406,1007.150859375,106511.3359375,True,True,True,176,0,0,109,178,101,2026-10-03T16:59:05.015974+07:00,69.66424572100004,0.18962992299930193,OK,,True,2026-10-03T16:59:05.205672+07:00,69.85393745799956,0.03457999800048128,OK,,True,1570,0.19625,,2026-10-03T16:59:05.240258+07:00,69.88852540100015,0.03408515099908982,OK,,True,2773,0.346625,
18ebb433656a4f7882ed466d1e76ad7d,71,2026-10-03T16:59:06.015856+07:00,70.6641084439998,51.29035888600083,BASELINE,1284.1954843619997,1.0000138510004035,0.26167005599927506,0.00013745700016443152,DISABLED,on,user_reported,36.60879135131836,54.64582061767578,1007.140859375,106777.890625,True,True,True,176,0,0,109,178,101,2026-10-03T16:59:06.016008+07:00,70.66427925700009,0.18966586799979268,OK,,True,2026-10-03T16:59:06.205694+07:00,70.85396064300039,0.036258072999771684,OK,,True,1564,0.1955,,2026-10-03T16:59:06.241963+07:00,70.89022964200012,0.03552930300065782,OK,,True,2776,0.34700000000000003,
18ebb433656a4f7882ed466d1e76ad7d,72,2026-10-03T16:59:07.015887+07:00,71.66413661499973,52.29038705700077,BASELINE,1285.1955125329996,1.00002817099994,0.26287234099982015,0.0001656280001043342,DISABLED,on,user_reported,36.61644744873047,54.64057159423828,1007.153203125,106777.890625,True,True,True,176,0,0,109,178,101,2026-10-03T16:59:07.016052+07:00,71.66432311300014,0.19199325099907583,OK,,True,2026-10-03T16:59:07.208066+07:00,71.85633192000023,0.03638142399904609,OK,,True,1564,0.1955,,2026-10-03T16:59:07.244461+07:00,71.89272556600008,0.03425926099953358,OK,,True,2766,0.34575,
18ebb433656a4f7882ed466d1e76ad7d,73,2026-10-03T16:59:08.015806+07:00,72.66406903399911,53.29031947600015,BASELINE,1286.195444951999,0.9999324189993786,0.25451608000003034,9.804699948290363e-05,DISABLED,on,user_reported,36.61198043823242,54.64628982543945,1007.146015625,106978.6875,True,True,True,176,0,0,109,178,101,2026-10-03T16:59:08.015882+07:00,72.66415427399988,0.1867366789992957,OK,,True,2026-10-03T16:59:08.202634+07:00,72.85090184100045,0.03410839299976942,OK,,True,1555,0.194375,,2026-10-03T16:59:08.236748+07:00,72.88501654900028,0.03355830600048648,OK,,True,2768,0.34600000000000003,
18ebb433656a4f7882ed466d1e76ad7d,74,2026-10-03T16:59:09.015902+07:00,73.66416208599912,54.29041252800016,BASELINE,1287.195538003999,1.000093052000011,0.2578175460002967,0.00019109899949398823,DISABLED,on,user_reported,36.608154296875,54.639339447021484,1007.13296875,106777.890625,True,True,True,176,0,0,109,178,101,2026-10-03T16:59:09.015987+07:00,73.66426008499911,0.18989905300077226,OK,,True,2026-10-03T16:59:09.205898+07:00,73.8541669160004,0.03333499399923312,OK,,True,1560,0.195,,2026-10-03T16:59:09.239244+07:00,73.8875111870002,0.03445289000046614,OK,,True,2764,0.34550000000000003,
18ebb433656a4f7882ed466d1e76ad7d,75,2026-10-03T16:59:10.015803+07:00,74.66406597800051,55.290316420001545,BASELINE,1288.1954418960004,0.9999038920013845,0.25203399899874057,9.49910008785082e-05,DISABLED,on,user_reported,36.60369110107422,54.64506149291992,1007.153125,107247.59375,True,True,True,176,0,0,109,178,101,2026-10-03T16:59:10.015880+07:00,74.66415294000035,0.18584963499961304,OK,,True,2026-10-03T16:59:10.201745+07:00,74.85001298299903,0.033382419000190566,OK,,True,1573,0.196625,,2026-10-03T16:59:10.235131+07:00,74.88340047599922,0.03268644600029802,OK,,True,2758,0.34475,
18ebb433656a4f7882ed466d1e76ad7d,76,2026-10-03T16:59:11.015795+07:00,75.66405624599975,56.29030668800078,BASELINE,1289.1954321639996,0.9999902679992374,0.2519094830004178,8.525900011591148e-05,DISABLED,on,user_reported,36.599220275878906,54.638004302978516,1007.125234375,106911.671875,True,True,True,176,0,0,109,178,101,2026-10-03T16:59:11.015881+07:00,75.66415341100037,0.18585154399988824,OK,,True,2026-10-03T16:59:11.201743+07:00,75.85001171399927,0.033400864000213915,OK,,True,1555,0.194375,,2026-10-03T16:59:11.235150+07:00,75.8834187070006,0.03253353999934916,OK,,True,2754,0.34425,
18ebb433656a4f7882ed466d1e76ad7d,77,2026-10-03T16:59:12.015820+07:00,76.66408020400013,57.290330646001166,BASELINE,1290.195456122,1.0000239580003836,0.2597080300001835,0.00010921700049948413,DISABLED,on,user_reported,36.60369110107422,54.64506149291992,1007.10515625,106180.0078125,True,True,True,176,0,0,109,178,101,2026-10-03T16:59:12.015908+07:00,76.66418099899965,0.18582511900058307,OK,,True,2026-10-03T16:59:12.201746+07:00,76.85001476599973,0.03712295300101687,OK,,True,1567,0.195875,,2026-10-03T16:59:12.238875+07:00,76.88714381200043,0.03662986599920259,OK,,True,2754,0.34425,
18ebb433656a4f7882ed466d1e76ad7d,78,2026-10-03T16:59:13.015854+07:00,77.66410633300075,58.29035677500178,BASELINE,1291.1954822510006,1.0000261290006165,0.27830749999884574,0.00013534600111597683,DISABLED,on,user_reported,36.60049819946289,54.650962829589844,1007.079453125,106378.5546875,True,True,True,176,0,0,109,178,101,2026-10-03T16:59:13.016007+07:00,77.66427768299945,0.1917534269996395,OK,,True,2026-10-03T16:59:13.207782+07:00,77.85604712799977,0.03717499100093846,OK,,True,1579,0.197375,,2026-10-03T16:59:13.244970+07:00,77.8932343969991,0.04915895400154113,OK,,True,2777,0.347125,
18ebb433656a4f7882ed466d1e76ad7d,79,2026-10-03T16:59:14.015937+07:00,78.66419065300033,59.29044109500137,BASELINE,1292.1955665710002,1.000084319999587,0.2564971979991242,0.00021966600070300046,DISABLED,on,user_reported,36.60113525390625,54.66383743286133,1007.087265625,106312.2890625,True,True,True,176,0,0,109,178,101,2026-10-03T16:59:14.016042+07:00,78.66431367099904,0.1867652580003778,OK,,True,2026-10-03T16:59:14.202819+07:00,78.85108768899954,0.035328029000083916,OK,,True,1571,0.196375,,2026-10-03T16:59:14.238153+07:00,78.88642155100024,0.03425592900021002,OK,,True,2763,0.345375,
18ebb433656a4f7882ed466d1e76ad7d,80,2026-10-03T16:59:15.015801+07:00,79.66406094400008,0.2903113860011217,WAIT_EXPOSURE,1293.195436862,0.9998702909997519,0.25375696799892467,8.995700045488775e-05,DISABLED,on,user_reported,36.59347915649414,54.66908645629883,1007.074921875,106048.0546875,True,True,True,176,0,0,109,178,101,2026-10-03T16:59:15.015884+07:00,79.66415692400005,0.18583241799933603,OK,,True,2026-10-03T16:59:15.201729+07:00,79.84999773100026,0.033005905999743845,OK,,True,1560,0.195,,2026-10-03T16:59:15.234735+07:00,79.88300695199905,0.03479899800004205,OK,,True,2764,0.34550000000000003,
18ebb433656a4f7882ed466d1e76ad7d,81,2026-10-03T16:59:16.015803+07:00,80.66406457199992,1.290315014000953,WAIT_EXPOSURE,1294.1954404899998,1.0000036279998312,0.25259135300075286,9.358500028611161e-05,DISABLED,on,user_reported,36.60177230834961,54.676700592041016,1007.0678125,106511.3359375,True,True,True,176,0,0,109,178,101,2026-10-03T16:59:16.015879+07:00,80.66415208900071,0.18582932699973753,OK,,True,2026-10-03T16:59:16.201721+07:00,80.8499896379999,0.033127942000646726,OK,,True,1562,0.19525,,2026-10-03T16:59:16.234848+07:00,80.88312070900065,0.033512048999909894,OK,,True,2763,0.345375,
18ebb433656a4f7882ed466d1e76ad7d,82,2026-10-03T16:59:17.015818+07:00,81.66407920500023,2.290329647001272,WAIT_EXPOSURE,1295.195455123,1.000014633000319,0.25399485799971444,0.00010821800060512032,DISABLED,on,user_reported,36.59858322143555,54.669837951660156,1007.0353125,106511.3359375,True,True,True,176,0,0,109,178,101,2026-10-03T16:59:17.015901+07:00,81.66417422199993,0.1858258089996525,OK,,True,2026-10-03T16:59:17.201741+07:00,81.85000923500047,0.03314523799963354,OK,,True,1568,0.196,,2026-10-03T16:59:17.234890+07:00,81.88315926900032,0.03489734899994801,OK,,True,2768,0.34600000000000003,
18ebb433656a4f7882ed466d1e76ad7d,83,2026-10-03T16:59:18.015799+07:00,82.66406206600004,3.2903125080010796,WAIT_EXPOSURE,1296.195437984,0.9999828609998076,0.2543276699998387,9.107900041271932e-05,DISABLED,on,user_reported,36.60049819946289,54.670127868652344,1007.05890625,106444.90625,True,True,True,176,0,0,109,178,101,2026-10-03T16:59:18.015869+07:00,82.6641414730002,0.1858223649996944,OK,,True,2026-10-03T16:59:18.201703+07:00,82.84997215300064,0.03302879500006384,OK,,True,1562,0.19525,,2026-10-03T16:59:18.234733+07:00,82.88300431800053,0.03537256699928548,OK,,True,2776,0.34700000000000003,
18ebb433656a4f7882ed466d1e76ad7d,84,2026-10-03T16:59:19.015897+07:00,83.6641496909997,4.29040013300073,WAIT_EXPOSURE,1297.1955256089996,1.0000876249996509,0.25294850099999167,0.00017870400006358977,DISABLED,on,user_reported,36.59730911254883,54.68242645263672,1007.067421875,105916.421875,True,True,True,176,0,0,109,179,101,2026-10-03T16:59:19.016051+07:00,83.66432194799927,0.18686655900091864,OK,,True,2026-10-03T16:59:19.202931+07:00,83.85119932199996,0.03301531400029489,OK,,True,1562,0.19525,,2026-10-03T16:59:19.235947+07:00,83.88421833900065,0.03287137099869142,OK,,True,2766,0.34575,
18ebb433656a4f7882ed466d1e76ad7d,85,2026-10-03T16:59:20.015791+07:00,84.66405454499909,5.290304987000127,WAIT_EXPOSURE,1298.195430462999,0.9999048539993964,0.2517309600007138,8.355799946002662e-05,DISABLED,on,user_reported,36.59730911254883,54.701595306396484,1007.176796875,104617.8984375,True,True,True,176,0,0,109,178,101,2026-10-03T16:59:20.015868+07:00,84.66414067299957,0.1858234610008367,OK,,True,2026-10-03T16:59:20.201704+07:00,84.8499726150003,0.03298370300035458,OK,,True,1563,0.195375,,2026-10-03T16:59:20.234687+07:00,84.88295935499991,0.03281826099919272,OK,,True,2767,0.345875,
18ebb433656a4f7882ed466d1e76ad7d,86,2026-10-03T16:59:21.015793+07:00,85.66405712499909,6.290307567000127,WAIT_EXPOSURE,1299.195433042999,1.0000025800000003,0.2558808620015043,8.613799946033396e-05,DISABLED,on,user_reported,36.59284210205078,54.713706970214844,1007.169609375,101992.03125,True,True,True,176,0,0,109,178,101,2026-10-03T16:59:21.015871+07:00,85.6641438280003,0.18582949799929338,OK,,True,2026-10-03T16:59:21.201714+07:00,85.84998214100051,0.03340103200025624,OK,,True,1563,0.195375,,2026-10-03T16:59:21.235119+07:00,85.88338826600011,0.03653479499917012,OK,,True,2765,0.345625,
18ebb433656a4f7882ed466d1e76ad7d,87,2026-10-03T16:59:22.015831+07:00,86.66408974799924,0.9312404679985775,EXPOSURE,1300.195465665999,1.000032623000152,0.25196881200099597,0.00011876099961227737,DISABLED,on,user_reported,36.59284210205078,54.7584342956543,1007.1559375,98689.28125,True,True,True,176,0,0,109,179,101,2026-10-03T16:59:22.015918+07:00,86.66419080299966,0.18583275799937837,OK,,True,2026-10-03T16:59:22.201764+07:00,86.85003331999906,0.03312777600149275,OK,,True,1562,0.19525,,2026-10-03T16:59:22.234897+07:00,86.88316628100074,0.032882500998312025,OK,,True,2765,0.345625,
18ebb433656a4f7882ed466d1e76ad7d,88,2026-10-03T16:59:23.015802+07:00,87.66406348800047,1.9312142079998011,EXPOSURE,1301.1954394060003,0.9999737400012236,0.25170938999872305,9.250100083590951e-05,DISABLED,on,user_reported,36.60240936279297,54.798213958740234,1007.150859375,96512.7265625,True,True,True,176,0,0,109,178,101,2026-10-03T16:59:23.015880+07:00,87.6641524129991,0.18582033300117473,OK,,True,2026-10-03T16:59:23.201712+07:00,87.84998150499996,0.032964333999188966,OK,,True,1565,0.195625,,2026-10-03T16:59:23.234677+07:00,87.88294904299983,0.032815483000376844,OK,,True,2770,0.34625,
18ebb433656a4f7882ed466d1e76ad7d,89,2026-10-03T16:59:24.015838+07:00,88.6640978989999,2.931248618999234,EXPOSURE,1302.1954738169998,1.000034410999433,0.25824861799992505,0.00012691200026893057,DISABLED,on,user_reported,36.608154296875,54.83102798461914,1007.112421875,95008.3515625,True,True,True,176,0,0,109,178,101,2026-10-03T16:59:24.015925+07:00,88.6641973980004,0.18766892599887797,OK,,True,2026-10-03T16:59:24.203614+07:00,88.85188032400038,0.03539269599968975,OK,,True,1544,0.193,,2026-10-03T16:59:24.239020+07:00,88.88728476100005,0.03503801599981671,OK,,True,2765,0.345625,
18ebb433656a4f7882ed466d1e76ad7d,90,2026-10-03T16:59:25.015810+07:00,89.66407211200021,3.9312228319995484,EXPOSURE,1303.19544803,0.9999742130003142,0.25170748599884973,0.00010112500058312435,DISABLED,on,user_reported,36.608154296875,54.83102798461914,1007.098671875,92219.0234375,True,True,True,176,0,0,109,179,101,2026-10-03T16:59:25.015886+07:00,89.66415901899927,0.1858153350003704,OK,,True,2026-10-03T16:59:25.201713+07:00,89.84998183599964,0.03297292600109358,OK,,True,1567,0.195875,,2026-10-03T16:59:25.234685+07:00,89.88295746599943,0.032813632000397774,OK,,True,2770,0.34625,
18ebb433656a4f7882ed466d1e76ad7d,91,2026-10-03T16:59:26.015797+07:00,90.66405944200051,4.931210161999843,EXPOSURE,1304.1954353600004,0.9999873300002946,0.2516971159984678,8.845500087772962e-05,DISABLED,on,user_reported,36.60751724243164,54.8501091003418,1007.104453125,92318.7890625,True,True,True,176,0,0,109,179,101,2026-10-03T16:59:26.015869+07:00,90.66414121900016,0.18581759500011685,OK,,True,2026-10-03T16:59:26.201697+07:00,90.84996623999905,0.032960316000753664,OK,,True,1563,0.195375,,2026-10-03T16:59:26.234657+07:00,90.8829293710005,0.032819094998558285,OK,,True,2775,0.346875,
18ebb433656a4f7882ed466d1e76ad7d,92,2026-10-03T16:59:27.015822+07:00,91.66408255399983,5.931233273999169,EXPOSURE,1305.1954584719997,1.000023111999326,0.25223731600090105,0.00011156700020364951,DISABLED,on,user_reported,36.61134338378906,54.84428024291992,1007.096953125,93962.1953125,True,True,True,176,0,0,109,179,101,2026-10-03T16:59:27.015907+07:00,91.6641799049994,0.18582283700015978,OK,,True,2026-10-03T16:59:27.201743+07:00,91.85001164999994,0.033407643999453285,OK,,True,1585,0.198125,,2026-10-03T16:59:27.235156+07:00,91.88342471999931,0.03288574300131586,OK,,True,2786,0.34825,
18ebb433656a4f7882ed466d1e76ad7d,93,2026-10-03T16:59:28.015806+07:00,92.66406609799924,6.931216817998575,EXPOSURE,1306.195442015999,0.9999835439994058,0.25177928500124835,9.511099960946012e-05,DISABLED,on,user_reported,36.6056022644043,54.8370361328125,1007.135546875,94692.0625,True,True,True,176,0,0,109,178,101,2026-10-03T16:59:28.015889+07:00,92.66416157899948,0.18582806000085839,OK,,True,2026-10-03T16:59:28.201729+07:00,92.84999847200015,0.03299564900044061,OK,,True,1579,0.197375,,2026-10-03T16:59:28.234725+07:00,92.88299704699966,0.032839077000971884,OK,,True,2783,0.347875,
18ebb433656a4f7882ed466d1e76ad7d,94,2026-10-03T16:59:29.017804+07:00,93.66605666299984,7.933207382999171,EXPOSURE,1307.1974325809997,1.0019905650005967,0.25258846299948345,0.002085676000206149,DISABLED,on,user_reported,36.6056022644043,54.849822998046875,1007.07390625,94849.9453125,True,True,True,176,0,0,109,178,101,2026-10-03T16:59:29.017946+07:00,93.6662182910004,0.1859018199993443,OK,,True,2026-10-03T16:59:29.203862+07:00,93.85213064799973,0.033630402000198956,OK,,True,1582,0.19775,,2026-10-03T16:59:29.237498+07:00,93.88576678999925,0.0328696510005102,OK,,True,2783,0.347875,
18ebb433656a4f7882ed466d1e76ad7d,95,2026-10-03T16:59:30.015797+07:00,94.6640596090001,8.931210328999441,EXPOSURE,1308.195435527,0.9980029460002697,0.2517102879992308,8.862200047587976e-05,DISABLED,on,user_reported,36.61134338378906,54.84428024291992,1007.10375,95486.7578125,True,True,True,176,0,0,109,178,101,2026-10-03T16:59:30.015871+07:00,94.66414353400069,0.18582980299834162,OK,,True,2026-10-03T16:59:30.201714+07:00,94.84998231799909,0.03297083500001463,OK,,True,1592,0.199,,2026-10-03T16:59:30.234684+07:00,94.88295631999972,0.03280550300041796,OK,,True,2787,0.348375,
18ebb433656a4f7882ed466d1e76ad7d,96,2026-10-03T16:59:31.015797+07:00,95.66405977999966,9.931210499998997,EXPOSURE,1309.1954356979995,1.0000001709995558,0.2518903979998868,8.87930000317283e-05,DISABLED,on,user_reported,36.60496520996094,54.82415771484375,1007.0865625,96349.265625,True,True,True,176,0,0,109,178,101,2026-10-03T16:59:31.015870+07:00,95.66414292700028,0.18582937799874344,OK,,True,2026-10-03T16:59:31.201713+07:00,95.8499815640007,0.033133203998659155,OK,,True,1597,0.199625,,2026-10-03T16:59:31.234847+07:00,95.8831180090001,0.03282381799908762,OK,,True,2781,0.347625,
18ebb433656a4f7882ed466d1e76ad7d,97,2026-10-03T16:59:32.015821+07:00,96.66408167699956,10.931232396998894,EXPOSURE,1310.1954575949994,1.0000218969998969,0.25255648600068525,0.00011068999992858153,DISABLED,on,user_reported,36.603050231933594,54.830257415771484,1007.09046875,96403.6875,True,True,True,176,0,0,109,178,101,2026-10-03T16:59:32.015903+07:00,96.66417600999921,0.1858213240011537,OK,,True,2026-10-03T16:59:32.201737+07:00,96.85000596300051,0.03375110500019218,OK,,True,1587,0.198375,,2026-10-03T16:59:32.235493+07:00,96.88376249400062,0.0328660029990715,OK,,True,2788,0.34850000000000003,
18ebb433656a4f7882ed466d1e76ad7d,98,2026-10-03T16:59:33.015795+07:00,97.6640581369993,11.931208856998637,EXPOSURE,1311.1954340549992,0.9999764599997434,0.25168225500055996,8.71499996719649e-05,DISABLED,on,user_reported,36.60177230834961,54.81089401245117,1007.108828125,96458.1796875,True,True,True,176,0,0,109,178,101,2026-10-03T16:59:33.015865+07:00,97.66413785800069,0.18582415799937735,OK,,True,2026-10-03T16:59:33.201701+07:00,97.84997036799905,0.0329538540008798,OK,,True,1584,0.198,,2026-10-03T16:59:33.234655+07:00,97.88292740699944,0.03280465200077742,OK,,True,2787,0.348375,
18ebb433656a4f7882ed466d1e76ad7d,99,2026-10-03T16:59:34.015870+07:00,98.66412796999975,12.93127868999909,EXPOSURE,1312.1955038879996,1.0000698330004525,0.2530597240001953,0.00015698300012445543,DISABLED,on,user_reported,36.60688018798828,54.81166458129883,1007.103359375,96896.2890625,True,True,True,176,0,0,109,178,101,2026-10-03T16:59:34.015969+07:00,98.66424117299903,0.18587952900088567,OK,,True,2026-10-03T16:59:34.201863+07:00,98.85013110900036,0.03313731500020367,OK,,True,1564,0.1955,,2026-10-03T16:59:34.235006+07:00,98.88327460899927,0.03390006700101367,OK,,True,2769,0.346125,
18ebb433656a4f7882ed466d1e76ad7d,100,2026-10-03T16:59:35.015806+07:00,99.66406775500036,13.931218474999696,EXPOSURE,1313.1954436730002,0.9999397850006062,0.2517196469998453,9.67680007306626e-05,DISABLED,on,user_reported,36.6107063293457,54.81223678588867,1007.18484375,96786.390625,True,True,True,176,0,0,109,179,101,2026-10-03T16:59:35.015879+07:00,99.66415169900029,0.1858220119993348,OK,,True,2026-10-03T16:59:35.201712+07:00,99.8499818220007,0.03297692799969809,OK,,True,1571,0.196375,,2026-10-03T16:59:35.234691+07:00,99.88296219400036,0.03281628199874831,OK,,True,2788,0.34850000000000003,
18ebb433656a4f7882ed466d1e76ad7d,101,2026-10-03T16:59:36.015797+07:00,100.66406022999945,14.931210949998786,EXPOSURE,1314.1954361479993,0.9999924749990896,0.2517176660003315,8.924299982027151e-05,DISABLED,on,user_reported,36.60688018798828,54.80527114868164,1007.144453125,97505.234375,True,True,True,176,0,0,109,178,101,2026-10-03T16:59:36.015870+07:00,100.66414252499999,0.18582371699994837,OK,,True,2026-10-03T16:59:36.201706+07:00,100.84997548200045,0.032978131999698235,OK,,True,1576,0.197,,2026-10-03T16:59:36.234686+07:00,100.88295713300067,0.0328122449991497,OK,,True,2779,0.347375,
18ebb433656a4f7882ed466d1e76ad7d,102,2026-10-03T16:59:37.015801+07:00,101.66406237599949,15.931213095998828,EXPOSURE,1315.1954382939994,1.0000021460000426,0.25192622100075823,9.138899986282922e-05,DISABLED,on,user_reported,36.59730911254883,54.81023025512695,1007.135703125,98009.1875,True,True,True,176,0,0,109,179,101,2026-10-03T16:59:37.015882+07:00,101.66415446800056,0.18581531000018003,OK,,True,2026-10-03T16:59:37.201709+07:00,101.84997764800028,0.03312475999882736,OK,,True,1580,0.1975,,2026-10-03T16:59:37.234837+07:00,101.8831070010001,0.03287191100025666,OK,,True,2780,0.34750000000000003,
18ebb433656a4f7882ed466d1e76ad7d,103,2026-10-03T16:59:38.015805+07:00,102.66406717599966,16.931217895998998,EXPOSURE,1316.1954430939995,1.0000048000001698,0.25196135099940875,9.618900003260933e-05,DISABLED,on,user_reported,36.60049819946289,54.78514099121094,1007.16828125,98518.375,True,True,True,176,0,0,109,178,101,2026-10-03T16:59:38.015874+07:00,102.66414711899961,0.18581692299994756,OK,,True,2026-10-03T16:59:38.201704+07:00,102.84997296700021,0.03322898199985502,OK,,True,1578,0.19725,,2026-10-03T16:59:38.234935+07:00,102.8832059489996,0.032813875001011183,OK,,True,2780,0.34750000000000003,
18ebb433656a4f7882ed466d1e76ad7d,104,2026-10-03T16:59:39.015805+07:00,103.66406772099981,17.931218440999146,EXPOSURE,1317.1954436389997,1.0000005450001481,0.252319831000932,9.673400018073153e-05,DISABLED,on,user_reported,36.594757080078125,54.79706573486328,1007.1521875,98918.0859375,True,True,True,176,0,0,109,179,101,2026-10-03T16:59:39.015874+07:00,103.66414640599942,0.18582529299965245,OK,,True,2026-10-03T16:59:39.201711+07:00,103.84998008799994,0.033335832000375376,OK,,True,1581,0.197625,,2026-10-03T16:59:39.235055+07:00,103.88332280900067,0.03304685399962182,OK,,True,2767,0.345875,
18ebb433656a4f7882ed466d1e76ad7d,105,2026-10-03T16:59:40.015810+07:00,104.66407103100028,18.93122175099961,EXPOSURE,1318.1954469490001,1.0000033100004657,0.25173632000041835,0.0001000440006464487,DISABLED,on,user_reported,36.596031188964844,54.784481048583984,1007.147421875,100195.6953125,True,True,True,176,0,0,109,178,101,2026-10-03T16:59:40.015887+07:00,104.66415966000022,0.1858142389992281,OK,,True,2026-10-03T16:59:40.201713+07:00,104.849982103,0.03298666899900127,OK,,True,1583,0.197875,,2026-10-03T16:59:40.234701+07:00,104.88297229099953,0.032826634000230115,OK,,True,2783,0.347875,
18ebb433656a4f7882ed466d1e76ad7d,106,2026-10-03T16:59:41.015797+07:00,105.66406016099972,19.93121088099906,EXPOSURE,1319.1954360789996,0.9999891299994488,0.2517693400004646,8.91740000952268e-05,DISABLED,on,user_reported,36.59667205810547,54.771785736083984,1007.121015625,100078.1875,True,True,True,176,0,0,109,179,101,2026-10-03T16:59:41.015874+07:00,105.66414632700071,0.18581668399929185,OK,,True,2026-10-03T16:59:41.201702+07:00,105.84997093700076,0.03300224399936269,OK,,True,1575,0.196875,,2026-10-03T16:59:41.234705+07:00,105.88297666300059,0.0328443749986036,OK,,True,2781,0.347625,
18ebb433656a4f7882ed466d1e76ad7d,107,2026-10-03T16:59:42.015825+07:00,106.66408581500036,20.931236534999698,EXPOSURE,1320.1954617330002,1.0000256540006376,0.25214272499943036,0.00011482800073281396,DISABLED,on,user_reported,36.60369110107422,54.78561782836914,1007.09828125,101026.046875,True,True,True,176,0,0,109,178,101,2026-10-03T16:59:42.015910+07:00,106.66418290599904,0.18582746300126018,OK,,True,2026-10-03T16:59:42.201750+07:00,106.85001864699916,0.033375185001204954,OK,,True,1580,0.1975,,2026-10-03T16:59:42.235129+07:00,106.88339881299908,0.03282141300041985,OK,,True,2784,0.34800000000000003,
18ebb433656a4f7882ed466d1e76ad7d,108,2026-10-03T16:59:43.015800+07:00,107.66406251099943,21.931213230998765,EXPOSURE,1321.1954384289993,0.9999766959990666,0.2520221720005793,9.152399979939219e-05,DISABLED,on,user_reported,36.60177230834961,54.77893829345703,1007.101875,100966.28125,True,True,True,176,0,0,109,178,101,2026-10-03T16:59:43.015877+07:00,107.66414991700003,0.18582018699999026,OK,,True,2026-10-03T16:59:43.201710+07:00,107.84997925199968,0.033258536999710486,OK,,True,1579,0.197375,,2026-10-03T16:59:43.234971+07:00,107.88324160400043,0.03283470899987151,OK,,True,2788,0.34850000000000003,
18ebb433656a4f7882ed466d1e76ad7d,109,2026-10-03T16:59:44.015835+07:00,108.66409456300062,22.931245282999953,EXPOSURE,1322.1954704810005,1.0000320520011883,0.2522645789995295,0.00012357600098766852,DISABLED,on,user_reported,36.60177230834961,54.772544860839844,1007.108828125,101026.046875,True,True,True,176,0,0,109,178,101,2026-10-03T16:59:44.015923+07:00,108.66419554399909,0.18582537200018123,OK,,True,2026-10-03T16:59:44.201761+07:00,108.85002950799935,0.03299183700073627,OK,,True,1577,0.197125,,2026-10-03T16:59:44.234755+07:00,108.88302517900047,0.03331322200028808,OK,,True,2780,0.34750000000000003,
18ebb433656a4f7882ed466d1e76ad7d,110,2026-10-03T16:59:45.015813+07:00,109.66407436199916,23.93122508199849,EXPOSURE,1323.195450279999,0.9999797989985382,0.252002083001571,0.0001033749995258404,DISABLED,on,user_reported,36.592201232910156,54.76472473144531,1007.100078125,101870.2734375,True,True,True,176,0,0,109,178,101,2026-10-03T16:59:45.015895+07:00,109.66416745400056,0.18583739099995,OK,,True,2026-10-03T16:59:45.201745+07:00,109.85001399300018,0.03306011499989836,OK,,True,1581,0.197625,,2026-10-03T16:59:45.234808+07:00,109.88307812600033,0.032985189000100945,OK,,True,2776,0.34700000000000003,
18ebb433656a4f7882ed466d1e76ad7d,111,2026-10-03T16:59:46.015803+07:00,110.66406531400025,24.93121603399959,EXPOSURE,1324.1954412320001,0.9999909520010988,0.2517842899997049,9.432700062461663e-05,DISABLED,on,user_reported,36.59092712402344,54.770931243896484,1007.070703125,101870.2734375,True,True,True,176,0,0,109,178,101,2026-10-03T16:59:46.015880+07:00,110.66415292400052,0.18582128199886938,OK,,True,2026-10-03T16:59:46.201714+07:00,110.84998290899966,0.033024300000761286,OK,,True,1584,0.198,,2026-10-03T16:59:46.234741+07:00,110.88301128300009,0.032829376999870874,OK,,True,2783,0.347875,
18ebb433656a4f7882ed466d1e76ad7d,112,2026-10-03T16:59:47.015824+07:00,111.66408334500011,25.931234064999444,EXPOSURE,1325.195459263,1.000018030999854,0.25196728899936716,0.00011235800047870725,DISABLED,on,user_reported,36.60049819946289,54.77874755859375,1007.086171875,102605.2109375,True,True,True,176,0,0,109,178,101,2026-10-03T16:59:47.015907+07:00,111.66417991799972,0.18581530099982047,OK,,True,2026-10-03T16:59:47.201734+07:00,111.85000338600003,0.03315678000035405,OK,,True,1592,0.199,,2026-10-03T16:59:47.234896+07:00,111.88316510999903,0.032875302000320517,OK,,True,2784,0.34800000000000003,
18ebb433656a4f7882ed466d1e76ad7d,113,2026-10-03T16:59:48.015800+07:00,112.66406362199996,26.931214341999294,EXPOSURE,1326.1954395399998,0.9999802769998496,0.2517796810006985,9.263500032830052e-05,DISABLED,on,user_reported,36.594120025634766,54.777801513671875,1007.082734375,102852.5546875,True,True,True,176,0,0,109,178,101,2026-10-03T16:59:48.015877+07:00,112.6641499540001,0.18582469099965238,OK,,True,2026-10-03T16:59:48.201714+07:00,112.84998290399926,0.033018430000083754,OK,,True,1588,0.1985,,2026-10-03T16:59:48.234735+07:00,112.88300548299958,0.03282939500059001,OK,,True,2782,0.34775,
18ebb433656a4f7882ed466d1e76ad7d,114,2026-10-03T16:59:49.015799+07:00,113.664062292999,27.93121301299834,EXPOSURE,1327.1954382109989,0.999998670999048,0.253257926000515,9.130599937634543e-05,DISABLED,on,user_reported,36.592201232910156,54.7711181640625,1007.079609375,102359.0546875,True,True,True,176,0,0,109,179,101,2026-10-03T16:59:49.015875+07:00,113.66414766200069,0.18590498799858324,OK,,True,2026-10-03T16:59:49.201796+07:00,113.8500639089998,0.03417291799996747,OK,,True,1591,0.198875,,2026-10-03T16:59:49.235974+07:00,113.88424216000021,0.03306807799890521,OK,,True,2782,0.34775,
18ebb433656a4f7882ed466d1e76ad7d,115,2026-10-03T16:59:50.015833+07:00,114.66408956099986,28.93124028099919,EXPOSURE,1328.1954654789997,1.0000272680008493,0.2625866809994477,0.00011857400022563525,DISABLED,on,user_reported,36.587100982666016,54.77036666870117,1007.167109375,103038.84375,True,True,True,176,0,0,109,179,101,2026-10-03T16:59:50.015967+07:00,114.66423859600036,0.19135980200007907,OK,,True,2026-10-03T16:59:50.207350+07:00,114.85561495299953,0.035512534001099993,OK,,True,1599,0.199875,,2026-10-03T16:59:50.242870+07:00,114.89113780099979,0.035515645000486984,OK,,True,2795,0.349375,
18ebb433656a4f7882ed466d1e76ad7d,116,2026-10-03T16:59:51.015865+07:00,115.66411857499952,29.931269294998856,EXPOSURE,1329.1954944929994,1.000029013999665,0.26274966200071503,0.00014758799989067484,DISABLED,on,user_reported,36.59794616699219,54.77837371826172,1007.157265625,103350.828125,True,True,True,176,0,0,109,179,101,2026-10-03T16:59:51.016017+07:00,115.66428777699912,0.19174748300065403,OK,,True,2026-10-03T16:59:51.207784+07:00,115.85604972299916,0.03553564499998174,OK,,True,1587,0.198375,,2026-10-03T16:59:51.243328+07:00,115.89159503399969,0.035253592001026846,OK,,True,2799,0.349875,
18ebb433656a4f7882ed466d1e76ad7d,117,2026-10-03T16:59:52.015831+07:00,116.6640925949996,30.931243314998937,EXPOSURE,1330.1954685129995,0.9999740200000815,0.2521464969995577,0.00012160799997218419,DISABLED,on,user_reported,36.59794616699219,54.797550201416016,1007.14359375,103225.8046875,True,True,True,176,0,0,109,179,101,2026-10-03T16:59:52.015920+07:00,116.66419255599976,0.18580132500028412,OK,,True,2026-10-03T16:59:52.201732+07:00,116.85000073300034,0.03314411399878736,OK,,True,1590,0.19875,,2026-10-03T16:59:52.234881+07:00,116.88315008800055,0.03307981899888546,OK,,True,2787,0.348375,
18ebb433656a4f7882ed466d1e76ad7d,118,2026-10-03T16:59:53.015791+07:00,117.66405441499955,31.93120513499889,EXPOSURE,1331.1954303329994,0.9999618199999531,0.25172096700043767,8.3427999925334e-05,DISABLED,on,user_reported,36.60240936279297,54.798213958740234,1007.157734375,104298.2265625,True,True,True,176,0,0,109,178,101,2026-10-03T16:59:53.015868+07:00,117.66414043300028,0.1858118439995451,OK,,True,2026-10-03T16:59:53.201690+07:00,117.8499588880004,0.03298004199859861,OK,,True,1584,0.198,,2026-10-03T16:59:53.234672+07:00,117.88294254100038,0.032824562998939655,OK,,True,2781,0.347625,
18ebb433656a4f7882ed466d1e76ad7d,119,2026-10-03T16:59:54.015791+07:00,118.66405411099913,32.93120483099847,EXPOSURE,1332.195430028999,0.9999996959995769,0.2549811740009318,8.3123999502277e-05,DISABLED,on,user_reported,36.59667205810547,54.78457260131836,1007.127890625,103790.796875,True,True,True,176,0,0,109,178,101,2026-10-03T16:59:54.015867+07:00,118.66413973999988,0.18589171399980842,OK,,True,2026-10-03T16:59:54.201775+07:00,118.85004282499904,0.035400739001488546,OK,,True,1569,0.196125,,2026-10-03T16:59:54.237183+07:00,118.88545124899974,0.03357201800099574,OK,,True,2775,0.346875,
18ebb433656a4f7882ed466d1e76ad7d,120,2026-10-03T16:59:55.015800+07:00,119.66406370100049,33.93121442099982,EXPOSURE,1333.1954396190004,1.0000095900013548,0.25196772500021325,9.271400085708592e-05,DISABLED,on,user_reported,36.60432815551758,54.785709381103516,1007.11296875,104107.359375,True,True,True,176,0,0,109,178,101,2026-10-03T16:59:55.015878+07:00,119.66415062600026,0.18581138300032762,OK,,True,2026-10-03T16:59:55.201699+07:00,119.84996823099937,0.033234485001230496,OK,,True,1584,0.198,,2026-10-03T16:59:55.234936+07:00,119.88320664099956,0.03281500800039794,OK,,True,2787,0.348375,
18ebb433656a4f7882ed466d1e76ad7d,121,2026-10-03T16:59:56.015795+07:00,120.66405888900044,34.93120960899978,EXPOSURE,1334.1954348070003,0.9999951879999571,0.2517632099988987,8.790200081421062e-05,DISABLED,on,user_reported,36.608154296875,54.77988815307617,1007.153515625,104362.0078125,True,True,True,176,0,0,109,178,101,2026-10-03T16:59:56.015873+07:00,120.66414612900007,0.18581580899990513,OK,,True,2026-10-03T16:59:56.201698+07:00,120.84996747500008,0.03300513499925728,OK,,True,1582,0.19775,,2026-10-03T16:59:56.234707+07:00,120.88297744400006,0.032836062000569655,OK,,True,2787,0.348375,
18ebb433656a4f7882ed466d1e76ad7d,122,2026-10-03T16:59:57.015888+07:00,121.66413741399992,35.93128813399926,EXPOSURE,1335.1955133319998,1.0000785249994806,0.263455365999107,0.00016642700029478874,DISABLED,on,user_reported,36.6056022644043,54.78589630126953,1007.142421875,104170.90625,True,True,True,176,0,0,109,178,101,2026-10-03T16:59:57.016053+07:00,121.66432306000024,0.19188217299961252,OK,,True,2026-10-03T16:59:57.207958+07:00,121.85622306599907,0.03572955100025865,OK,,True,1581,0.197625,,2026-10-03T16:59:57.243695+07:00,121.89196167199952,0.03560316400034935,OK,,True,2793,0.349125,
18ebb433656a4f7882ed466d1e76ad7d,123,2026-10-03T16:59:58.015867+07:00,122.66412033300003,36.931271052999364,EXPOSURE,1336.195496251,0.9999829190001037,0.262547545000416,0.0001493460003985092,DISABLED,on,user_reported,36.6056022644043,54.79228973388672,1007.115078125,103476.1484375,True,True,True,176,0,0,109,178,101,2026-10-03T16:59:58.016020+07:00,122.66429149800024,0.19172869399881165,OK,,True,2026-10-03T16:59:58.207768+07:00,122.85603332199935,0.03545177600062743,OK,,True,1587,0.198375,,2026-10-03T16:59:58.243227+07:00,122.89149406099932,0.035155761001078645,OK,,True,2792,0.34900000000000003,
18ebb433656a4f7882ed466d1e76ad7d,124,2026-10-03T16:59:59.015862+07:00,123.66411549899931,37.931266218998644,EXPOSURE,1337.1954914169992,0.9999951659992803,0.26218971600064833,0.00014451199967879802,DISABLED,on,user_reported,36.60688018798828,54.792484283447266,1007.0965625,103980.5,True,True,True,176,0,0,109,178,101,2026-10-03T16:59:59.016010+07:00,123.66428086799897,0.19221713400111184,OK,,True,2026-10-03T16:59:59.208263+07:00,123.85652450099951,0.035306853000292904,OK,,True,1578,0.19725,,2026-10-03T16:59:59.243582+07:00,123.89184576099979,0.034445471999788424,OK,,True,2765,0.345625,
18ebb433656a4f7882ed466d1e76ad7d,125,2026-10-03T17:00:00.015835+07:00,124.66409457699956,38.931245296998895,EXPOSURE,1338.1954704949994,0.9999790780002513,0.25182478799979435,0.0001235899999301182,DISABLED,on,user_reported,36.60688018798828,54.786094665527344,1007.123828125,104107.359375,True,True,True,176,0,0,109,178,101,2026-10-03T17:00:00.015922+07:00,124.66419522400065,0.18584499799908372,OK,,True,2026-10-03T17:00:00.201782+07:00,124.85005038899908,0.03301224599999841,OK,,True,1581,0.197625,,2026-10-03T17:00:00.234798+07:00,124.88306767199902,0.03284258200073964,OK,,True,2780,0.34750000000000003,
18ebb433656a4f7882ed466d1e76ad7d,126,2026-10-03T17:00:01.015797+07:00,125.66406060400004,39.93121132399938,EXPOSURE,1339.195436522,0.9999660270004824,0.25198399200053245,8.961700041254517e-05,DISABLED,on,user_reported,36.60942840576172,54.79286193847656,1007.066640625,104170.90625,True,True,True,176,0,0,109,179,101,2026-10-03T17:00:01.015873+07:00,125.66414610299944,0.18582448100096371,OK,,True,2026-10-03T17:00:01.201710+07:00,125.84997921399918,0.03320370800065575,OK,,True,1578,0.19725,,2026-10-03T17:00:01.234914+07:00,125.88318581000021,0.03284863800035964,OK,,True,2778,0.34725,
18ebb433656a4f7882ed466d1e76ad7d,127,2026-10-03T17:00:02.015820+07:00,126.66408089499964,40.93123161499898,EXPOSURE,1340.1954568129995,1.0000202909996005,0.25258578400098486,0.00010990800001309253,DISABLED,on,user_reported,36.60688018798828,54.792484283447266,1007.0828125,104682.0703125,True,True,True,176,0,0,109,178,101,2026-10-03T17:00:02.015909+07:00,126.66418198700012,0.18580818500049645,OK,,True,2026-10-03T17:00:02.201730+07:00,126.84999870899992,0.03357600100025593,OK,,True,1584,0.198,,2026-10-03T17:00:02.235311+07:00,126.88358009900003,0.033075228000598145,OK,,True,2786,0.34825,
18ebb433656a4f7882ed466d1e76ad7d,128,2026-10-03T17:00:03.015789+07:00,127.66405239599953,41.93120311599887,EXPOSURE,1341.1954283139994,0.9999715009998908,0.2517463670010329,8.140899990394246e-05,DISABLED,on,user_reported,36.613258361816406,54.78703689575195,1007.134375,104553.8046875,True,True,True,176,0,0,109,178,101,2026-10-03T17:00:03.015867+07:00,127.66413965399988,0.18581466800060298,OK,,True,2026-10-03T17:00:03.201694+07:00,127.84996272900025,0.03295915499984403,OK,,True,1577,0.197125,,2026-10-03T17:00:03.234653+07:00,127.88292473599904,0.032864026999959606,OK,,True,2782,0.34775,
18ebb433656a4f7882ed466d1e76ad7d,129,2026-10-03T17:00:04.015794+07:00,128.66405789999953,42.93120861999887,EXPOSURE,1342.1954338179994,1.0000055040000007,0.25510763000056613,8.691299990459811e-05,DISABLED,on,user_reported,36.60879135131836,54.786380767822266,1007.05875,105328.125,True,True,True,176,0,0,109,178,101,2026-10-03T17:00:04.015871+07:00,128.6641432510005,0.1858163910001167,OK,,True,2026-10-03T17:00:04.201699+07:00,128.8499677159998,0.034311622999666724,OK,,True,1578,0.19725,,2026-10-03T17:00:04.236032+07:00,128.88429245000043,0.03484106199903181,OK,,True,2781,0.347625,
18ebb433656a4f7882ed466d1e76ad7d,130,2026-10-03T17:00:05.015817+07:00,129.66407987300045,43.93123059299978,EXPOSURE,1343.1954557910003,1.0000219730009121,0.2517283699999098,0.0001088860008167103,DISABLED,on,user_reported,36.60688018798828,54.77970504760742,1007.110234375,104617.8984375,True,True,True,176,0,0,109,178,101,2026-10-03T17:00:05.015895+07:00,129.66416757600018,0.18581331799941836,OK,,True,2026-10-03T17:00:05.201720+07:00,129.84998965299928,0.032949767000900465,OK,,True,1572,0.1965,,2026-10-03T17:00:05.234670+07:00,129.8829425490003,0.03285495300042385,OK,,True,2781,0.347625,
18ebb433656a4f7882ed466d1e76ad7d,131,2026-10-03T17:00:06.016030+07:00,130.66429334799977,44.93144406799911,EXPOSURE,1344.1956692659996,1.0002134749993274,0.25181757400059723,0.0003223610001441557,DISABLED,on,user_reported,36.60751724243164,54.7606201171875,1007.15921875,105458.2890625,True,True,True,176,0,0,109,178,101,2026-10-03T17:00:06.016108+07:00,130.6643804029991,0.18581098499998916,OK,,True,2026-10-03T17:00:06.201931+07:00,130.85019953700066,0.03303122899887967,OK,,True,1595,0.199375,,2026-10-03T17:00:06.234965+07:00,130.88323506199959,0.0328644159999385,OK,,True,2781,0.347625,
18ebb433656a4f7882ed466d1e76ad7d,132,2026-10-03T17:00:07.015812+07:00,131.6640723700002,45.93122308999955,EXPOSURE,1345.195448288,0.999779022000439,0.25224323799920967,0.00010138300058315508,DISABLED,on,user_reported,36.59794616699219,54.77837371826172,1007.191484375,105523.4921875,True,True,True,176,0,0,109,178,101,2026-10-03T17:00:07.015898+07:00,131.66417057299986,0.18581143099982,OK,,True,2026-10-03T17:00:07.201721+07:00,131.8499898179998,0.03339204099938797,OK,,True,1582,0.19775,,2026-10-03T17:00:07.235118+07:00,131.88338724799905,0.03291876700131979,OK,,True,2778,0.34725,
18ebb433656a4f7882ed466d1e76ad7d,133,2026-10-03T17:00:08.015797+07:00,132.66405800599932,46.93120872599866,EXPOSURE,1346.1954339239992,0.99998563599911,0.2518178540012741,8.701899969310034e-05,DISABLED,on,user_reported,36.60113525390625,54.7724494934082,1007.155703125,104682.0703125,True,True,True,176,0,0,109,179,101,2026-10-03T17:00:08.015882+07:00,132.66415485700054,0.18581680199895345,OK,,True,2026-10-03T17:00:08.201710+07:00,132.8499785290005,0.03302126699963992,OK,,True,1574,0.19675,,2026-10-03T17:00:08.234733+07:00,132.88300433299992,0.032862009000382386,OK,,True,2776,0.34700000000000003,
18ebb433656a4f7882ed466d1e76ad7d,134,2026-10-03T17:00:09.015802+07:00,133.6640635349995,47.93121425499885,EXPOSURE,1347.1954394529994,1.000005529000191,0.2517859670006146,9.254799988411833e-05,DISABLED,on,user_reported,36.60688018798828,54.7733154296875,1007.144453125,105328.125,True,True,True,176,0,0,109,178,101,2026-10-03T17:00:09.015884+07:00,133.66415722000056,0.18582089499977883,OK,,True,2026-10-03T17:00:09.201716+07:00,133.84998552199977,0.03296658200088132,OK,,True,1578,0.19725,,2026-10-03T17:00:09.234684+07:00,133.88295519699932,0.032885750000787084,OK,,True,2785,0.348125,
18ebb433656a4f7882ed466d1e76ad7d,135,2026-10-03T17:00:10.015799+07:00,134.6640602919997,48.93121101199904,EXPOSURE,1348.1954362099996,0.99999675700019,0.2519908550002583,8.930500007409137e-05,DISABLED,on,user_reported,36.60879135131836,54.76081466674805,1007.1203125,105133.46875,True,True,True,176,0,0,109,178,101,2026-10-03T17:00:10.015882+07:00,134.664154606,0.18581696999899577,OK,,True,2026-10-03T17:00:10.201710+07:00,134.84997965000002,0.03318815400052699,OK,,True,1586,0.19825,,2026-10-03T17:00:10.234901+07:00,134.8831718780002,0.03286995400048909,OK,,True,2778,0.34725,
18ebb433656a4f7882ed466d1e76ad7d,136,2026-10-03T17:00:11.015829+07:00,135.66408864500045,49.93123936499978,EXPOSURE,1349.1954645630003,1.0000283530007437,0.2518053579988191,0.00011765800081775524,DISABLED,on,user_reported,36.60369110107422,54.753665924072266,1007.09828125,105523.4921875,True,True,True,176,0,0,109,178,101,2026-10-03T17:00:11.015916+07:00,135.66418895899915,0.18583273100011866,OK,,True,2026-10-03T17:00:11.201761+07:00,135.8500300779997,0.03298437900048157,OK,,True,1578,0.19725,,2026-10-03T17:00:11.234746+07:00,135.88301755000066,0.03286597199985408,OK,,True,2786,0.34825,
18ebb433656a4f7882ed466d1e76ad7d,137,2026-10-03T17:00:12.015817+07:00,136.66407824499947,50.93122896499881,EXPOSURE,1350.1954541629993,0.9999895999990258,0.25224072499986505,0.00010725799984356854,DISABLED,on,user_reported,36.60432815551758,54.77293014526367,1007.119765625,105654.1484375,True,True,True,176,0,0,109,178,101,2026-10-03T17:00:12.015903+07:00,136.66417555899898,0.18581330500092008,OK,,True,2026-10-03T17:00:12.201728+07:00,136.84999653100022,0.03334815299967886,OK,,True,1585,0.198125,,2026-10-03T17:00:12.235081+07:00,136.8833503320002,0.0329582489994209,OK,,True,2775,0.346875,
18ebb433656a4f7882ed466d1e76ad7d,138,2026-10-03T17:00:13.015798+07:00,137.66405966399907,51.931210383998405,EXPOSURE,1351.195435581999,0.9999814189995959,0.25200069200036523,8.867699943948537e-05,DISABLED,on,user_reported,36.60496520996094,54.74107360839844,1007.12078125,105068.75,True,True,True,176,0,0,109,178,101,2026-10-03T17:00:13.015880+07:00,137.66415327399955,0.1858190660004766,OK,,True,2026-10-03T17:00:13.201711+07:00,137.84998039600032,0.03322676499919908,OK,,True,1574,0.19675,,2026-10-03T17:00:13.234938+07:00,137.88321025299956,0.0328404550000414,OK,,True,2777,0.347125,
18ebb433656a4f7882ed466d1e76ad7d,139,2026-10-03T17:00:14.015805+07:00,138.66406619900044,52.93121691899978,EXPOSURE,1352.1954421170003,1.0000065350013756,0.2518511389989726,9.521200081508141e-05,DISABLED,on,user_reported,36.6056022644043,54.76033401489258,1007.12875,104746.3203125,True,True,True,176,0,0,109,179,101,2026-10-03T17:00:14.015890+07:00,138.66416304999984,0.18582164100007503,OK,,True,2026-10-03T17:00:14.201724+07:00,138.8499927089997,0.033012322999638855,OK,,True,1578,0.19725,,2026-10-03T17:00:14.234738+07:00,138.88300921799964,0.03289826800028095,OK,,True,2779,0.347375,
18ebb433656a4f7882ed466d1e76ad7d,140,2026-10-03T17:00:15.015793+07:00,139.66405509099968,53.93120581099902,EXPOSURE,1353.1954310089995,0.9999888919992372,0.251772826000888,8.410400005232077e-05,DISABLED,on,user_reported,36.60496520996094,54.74746322631836,1007.155078125,105458.2890625,True,True,True,176,0,0,109,178,101,2026-10-03T17:00:15.015877+07:00,139.66415020100067,0.18581956799971522,OK,,True,2026-10-03T17:00:15.201709+07:00,139.8499777500001,0.032971323998935986,OK,,True,1573,0.196625,,2026-10-03T17:00:15.234680+07:00,139.8829521480002,0.032866751000256045,OK,,True,2782,0.34775,
18ebb433656a4f7882ed466d1e76ad7d,141,2026-10-03T17:00:16.015797+07:00,140.6640582279997,54.93120894799904,EXPOSURE,1354.1954341459996,1.0000031370000215,0.2518530859997554,8.72410000738455e-05,DISABLED,on,user_reported,36.60177230834961,54.746978759765625,1007.108828125,105523.4921875,True,True,True,176,0,0,109,178,101,2026-10-03T17:00:16.015882+07:00,140.66415463500016,0.18581538299986278,OK,,True,2026-10-03T17:00:16.201709+07:00,140.84997805499916,0.03304165600093256,OK,,True,1578,0.19725,,2026-10-03T17:00:16.234753+07:00,140.88302339700022,0.032878564999919035,OK,,True,2774,0.34675,
18ebb433656a4f7882ed466d1e76ad7d,142,2026-10-03T17:00:17.015829+07:00,141.66408781499922,55.931238534998556,EXPOSURE,1355.195463732999,1.000029586999517,0.25197339999976975,0.00011682799959089607,DISABLED,on,user_reported,36.60240936279297,54.74708557128906,1007.11671875,105198.2734375,True,True,True,176,0,0,109,178,101,2026-10-03T17:00:17.015917+07:00,141.66418953600078,0.1858448649982165,OK,,True,2026-10-03T17:00:17.201775+07:00,141.85004382700026,0.03310028600026271,OK,,True,1578,0.19725,,2026-10-03T17:00:17.234877+07:00,141.8831476310006,0.03290217699941422,OK,,True,2777,0.347125,
18ebb433656a4f7882ed466d1e76ad7d,143,2026-10-03T17:00:18.015796+07:00,142.66405690600004,56.93120762599938,EXPOSURE,1356.195432824,0.9999690910008212,0.2521163820001675,8.591900041210465e-05,DISABLED,on,user_reported,36.60369110107422,54.740882873535156,1007.10515625,105393.1640625,True,True,True,176,0,0,109,178,101,2026-10-03T17:00:18.015880+07:00,142.66415262699957,0.18582083000001148,OK,,True,2026-10-03T17:00:18.201713+07:00,142.84998167899903,0.03330330200151366,OK,,True,1575,0.196875,,2026-10-03T17:00:18.235018+07:00,142.88328912900033,0.03287497400015127,OK,,True,2779,0.347375,
18ebb433656a4f7882ed466d1e76ad7d,144,2026-10-03T17:00:19.015806+07:00,143.6640667979991,57.93121751799845,EXPOSURE,1357.195442715999,1.0000098919990705,0.25206305100073223,9.581099948263727e-05,DISABLED,on,user_reported,36.60879135131836,54.74803924560547,1007.133984375,105393.1640625,True,True,True,176,0,0,109,178,101,2026-10-03T17:00:19.015892+07:00,143.66416485300033,0.1858162930002436,OK,,True,2026-10-03T17:00:19.201721+07:00,143.84998936800002,0.03321100799985288,OK,,True,1569,0.196125,,2026-10-03T17:00:19.234931+07:00,143.88320337500045,0.03291630700005044,OK,,True,2777,0.347125,
18ebb433656a4f7882ed466d1e76ad7d,145,2026-10-03T17:00:20.015828+07:00,144.66408532499918,58.93123604499851,EXPOSURE,1358.195461242999,1.0000185270000657,0.26236600000083854,0.00011433799954829738,DISABLED,on,user_reported,36.60751724243164,54.73506164550781,1007.0634375,105393.1640625,True,True,True,176,0,0,109,178,101,2026-10-03T17:00:20.015952+07:00,144.66422393500034,0.19124460799866938,OK,,True,2026-10-03T17:00:20.207220+07:00,144.85548515399933,0.03545831700103008,OK,,True,1593,0.199125,,2026-10-03T17:00:20.242685+07:00,144.8909526009993,0.03547989100115956,OK,,True,2790,0.34875,
18ebb433656a4f7882ed466d1e76ad7d,146,2026-10-03T17:00:21.015830+07:00,145.66408743099964,59.93123815099898,EXPOSURE,1359.1954633489995,1.0000021060004656,0.26184821000060765,0.00011644400001387112,DISABLED,on,user_reported,36.599220275878906,54.72743606567383,1007.14578125,105785.125,True,True,True,176,0,0,109,178,101,2026-10-03T17:00:21.015939+07:00,145.66421102200002,0.1910207780001656,OK,,True,2026-10-03T17:00:21.206982+07:00,145.85524752200035,0.03541626199876191,OK,,True,1564,0.1955,,2026-10-03T17:00:21.242402+07:00,145.89067191399954,0.035212300999774016,OK,,True,2790,0.34875,
18ebb433656a4f7882ed466d1e76ad7d,147,2026-10-03T17:00:22.017027+07:00,146.66528063999976,60.9324313599991,EXPOSURE,1360.1966565579996,1.001193209000121,0.2621371530003671,0.0013096530001348583,DISABLED,on,user_reported,36.5915641784668,54.72629928588867,1007.167578125,105654.1484375,True,True,True,176,0,0,109,178,101,2026-10-03T17:00:22.017160+07:00,146.66543167499913,0.1905159329999151,OK,,True,2026-10-03T17:00:22.207698+07:00,146.85596342200006,0.037039615999674425,OK,,True,1584,0.198,,2026-10-03T17:00:22.244746+07:00,146.8930125200004,0.03438223599914636,OK,,True,2788,0.34850000000000003,
18ebb433656a4f7882ed466d1e76ad7d,148,2026-10-03T17:00:23.015901+07:00,147.66415493299974,61.93130565299907,EXPOSURE,1361.1955308509996,0.9988742929999717,0.2616393450007308,0.0001839460001065163,DISABLED,on,user_reported,36.594120025634766,54.72029113769531,1007.171640625,105198.2734375,True,True,True,176,0,0,109,178,101,2026-10-03T17:00:23.016027+07:00,147.66429907999918,0.1911589629999071,OK,,True,2026-10-03T17:00:23.207210+07:00,147.85547557999962,0.03545372600092378,OK,,True,1563,0.195375,,2026-10-03T17:00:23.242667+07:00,147.89093719399898,0.03483863900146389,OK,,True,2790,0.34875,
18ebb433656a4f7882ed466d1e76ad7d,149,2026-10-03T17:00:24.015906+07:00,148.66415896000035,62.931309679999686,EXPOSURE,1362.1955348780002,1.0000040270006139,0.26383091599927866,0.00018797300072037615,DISABLED,on,user_reported,36.60496520996094,54.72829055786133,1007.19609375,105393.1640625,True,True,True,176,0,0,109,178,101,2026-10-03T17:00:24.016037+07:00,148.6643089400004,0.19290202099909948,OK,,True,2026-10-03T17:00:24.208961+07:00,148.85722684999928,0.03540955900098197,OK,,True,1570,0.19625,,2026-10-03T17:00:24.244378+07:00,148.892645685999,0.03532378300042183,OK,,True,2796,0.34950000000000003,
18ebb433656a4f7882ed466d1e76ad7d,150,2026-10-03T17:00:25.015837+07:00,149.6640967149997,63.93124743499902,EXPOSURE,1363.1954726329996,0.9999377549993369,0.2519987249997939,0.00012572800005727913,DISABLED,on,user_reported,36.60751724243164,54.72228240966797,1007.166015625,105068.75,True,True,True,176,0,0,109,178,101,2026-10-03T17:00:25.015924+07:00,149.66419680699983,0.18581583500053966,OK,,True,2026-10-03T17:00:25.201752+07:00,149.8500212529998,0.03322941599981277,OK,,True,1567,0.195875,,2026-10-03T17:00:25.234982+07:00,149.88325387199984,0.03283210500012501,OK,,True,2775,0.346875,
18ebb433656a4f7882ed466d1e76ad7d,151,2026-10-03T17:00:26.015835+07:00,150.66409478899914,64.93124550899847,EXPOSURE,1364.195470706999,0.9999980739994498,0.2517686170012894,0.00012380199950712267,DISABLED,on,user_reported,36.606239318847656,54.73487854003906,1007.122890625,105133.46875,True,True,True,176,0,0,109,179,101,2026-10-03T17:00:26.015925+07:00,150.66419723199942,0.18581822600026499,OK,,True,2026-10-03T17:00:26.201754+07:00,150.85002362399973,0.032986659000016516,OK,,True,1572,0.1965,,2026-10-03T17:00:26.234743+07:00,150.88301348599998,0.03283988300063356,OK,,True,2775,0.346875,
18ebb433656a4f7882ed466d1e76ad7d,152,2026-10-03T17:00:27.016132+07:00,151.66438834600012,65.93153906599946,EXPOSURE,1365.195764264,1.0002935570009868,0.2521495769997273,0.00041735900049388874,DISABLED,on,user_reported,36.60113525390625,54.72133255004883,1007.155703125,105588.78125,True,True,True,176,0,0,109,178,101,2026-10-03T17:00:27.016229+07:00,151.6645010480006,0.18602129799910472,OK,,True,2026-10-03T17:00:27.202264+07:00,151.85053197600064,0.033087971998611465,OK,,True,1567,0.195875,,2026-10-03T17:00:27.235355+07:00,151.8836241150002,0.03290449300038745,OK,,True,2771,0.346375,
18ebb433656a4f7882ed466d1e76ad7d,153,2026-10-03T17:00:28.015881+07:00,152.66413826499956,66.9312889849989,EXPOSURE,1366.1955141829994,0.9997499189994414,0.25186382200081425,0.00016727799993532244,DISABLED,on,user_reported,36.60496520996094,54.72829055786133,1007.12078125,105523.4921875,True,True,True,176,0,0,109,178,101,2026-10-03T17:00:28.016006+07:00,152.66427857800045,0.18584189399916795,OK,,True,2026-10-03T17:00:28.201860+07:00,152.85012891599945,0.03298693699980504,OK,,True,1566,0.19575,,2026-10-03T17:00:28.234849+07:00,152.8831195189996,0.03287136400103918,OK,,True,2774,0.34675,
18ebb433656a4f7882ed466d1e76ad7d,154,2026-10-03T17:00:29.015800+07:00,153.66406159399958,67.93121231399891,EXPOSURE,1367.1954375119994,0.999923329000012,0.25172210200071277,9.060699994734023e-05,DISABLED,on,user_reported,36.59858322143555,54.73373031616211,1007.137890625,105198.2734375,True,True,True,176,0,0,109,178,101,2026-10-03T17:00:29.015884+07:00,153.6641570369993,0.18582069100011722,OK,,True,2026-10-03T17:00:29.201717+07:00,153.8499861170003,0.03295432599952619,OK,,True,1566,0.19575,,2026-10-03T17:00:29.234672+07:00,153.882943831999,0.032830365000336315,OK,,True,2776,0.34700000000000003,
18ebb433656a4f7882ed466d1e76ad7d,155,2026-10-03T17:00:30.015827+07:00,154.66408683400005,68.93123755399938,EXPOSURE,1368.195462752,1.0000252400004683,0.2518027879996225,0.00011584700041566975,DISABLED,on,user_reported,36.60177230834961,54.727813720703125,1007.115625,105328.125,True,True,True,176,0,0,109,178,101,2026-10-03T17:00:30.015914+07:00,154.66418661100033,0.18582578399946215,OK,,True,2026-10-03T17:00:30.201752+07:00,154.85002089499903,0.03300043700073729,OK,,True,1578,0.19725,,2026-10-03T17:00:30.234755+07:00,154.8830257949994,0.03285345699987374,OK,,True,2773,0.346625,
18ebb433656a4f7882ed466d1e76ad7d,156,2026-10-03T17:00:31.015831+07:00,155.664092134999,69.93124285499835,EXPOSURE,1369.1954680529989,1.0000053009989642,0.25204034200032766,0.00012114799937990028,DISABLED,on,user_reported,36.60879135131836,54.73525619506836,1007.1271875,105458.2890625,True,True,True,176,0,0,109,178,101,2026-10-03T17:00:31.015917+07:00,155.6641895039993,0.18582128600064607,OK,,True,2026-10-03T17:00:31.201750+07:00,155.85001862299941,0.03326567499971134,OK,,True,1578,0.19725,,2026-10-03T17:00:31.235017+07:00,155.88328815000023,0.03283354999985022,OK,,True,2785,0.348125,
18ebb433656a4f7882ed466d1e76ad7d,157,2026-10-03T17:00:32.016218+07:00,156.66447614000026,70.9316268599996,EXPOSURE,1370.1958520580001,1.0003840050012514,0.25352430999919306,0.0005051530006312532,DISABLED,on,user_reported,36.60496520996094,54.72829055786133,1007.12078125,105263.15625,True,True,True,176,0,0,109,178,101,2026-10-03T17:00:32.016328+07:00,156.66459932399994,0.1874427509992529,OK,,True,2026-10-03T17:00:32.203782+07:00,156.8520507230005,0.033047678000002634,OK,,True,1566,0.19575,,2026-10-03T17:00:32.236833+07:00,156.8851034929994,0.032886623999729636,OK,,True,2778,0.34725,
18ebb433656a4f7882ed466d1e76ad7d,158,2026-10-03T17:00:33.015834+07:00,157.66409319500053,71.93124391499987,EXPOSURE,1371.1954691130004,0.9996170550002716,0.2517746809990058,0.0001222080009029014,DISABLED,on,user_reported,36.603050231933594,54.72161102294922,1007.104140625,105198.2734375,True,True,True,176,0,0,109,178,101,2026-10-03T17:00:33.015921+07:00,157.664193953,0.18582912099918758,OK,,True,2026-10-03T17:00:33.201763+07:00,157.8500319249997,0.03299438199974247,OK,,True,1576,0.197,,2026-10-03T17:00:33.234759+07:00,157.88303052899937,0.03282806900097057,OK,,True,2782,0.34775,
18ebb433656a4f7882ed466d1e76ad7d,159,2026-10-03T17:00:34.015800+07:00,158.66406132500015,72.93121204499948,EXPOSURE,1372.195437243,0.9999681299996155,0.2518163109998568,9.033800051838625e-05,DISABLED,on,user_reported,36.599220275878906,54.72743606567383,1007.13203125,106048.0546875,True,True,True,176,0,0,109,178,101,2026-10-03T17:00:34.015884+07:00,158.6641571759992,0.1858262690002448,OK,,True,2026-10-03T17:00:34.201724+07:00,158.849992129999,0.0330374560016935,OK,,True,1568,0.196,,2026-10-03T17:00:34.234764+07:00,158.8830339010001,0.03283399400061171,OK,,True,2770,0.34625,
18ebb433656a4f7882ed466d1e76ad7d,160,2026-10-03T17:00:35.015798+07:00,159.66405962600038,73.93121034599972,EXPOSURE,1373.1954355440002,0.9999983010002325,0.2517642570001044,8.86390007508453e-05,DISABLED,on,user_reported,36.59986114501953,54.746700286865234,1007.0715625,105458.2890625,True,True,True,176,0,0,109,178,101,2026-10-03T17:00:35.015877+07:00,159.6641498659992,0.1858239360008156,OK,,True,2026-10-03T17:00:35.201713+07:00,159.849981673,0.03298128899950825,OK,,True,1593,0.199125,,2026-10-03T17:00:35.234695+07:00,159.88296661099957,0.03284849400006351,OK,,True,2776,0.34700000000000003,
18ebb433656a4f7882ed466d1e76ad7d,161,2026-10-03T17:00:36.015796+07:00,160.66405841300002,74.93120913299936,EXPOSURE,1374.195434331,0.9999987869996403,0.2518087579992425,8.742600039113313e-05,DISABLED,on,user_reported,36.594120025634766,54.75223922729492,1007.082734375,105328.125,True,True,True,176,0,0,109,178,101,2026-10-03T17:00:36.015871+07:00,160.66414357900067,0.18584471499889332,OK,,True,2026-10-03T17:00:36.201729+07:00,160.8499977749998,0.03302960399923904,OK,,True,1576,0.197,,2026-10-03T17:00:36.234761+07:00,160.88303187900055,0.03282634700008202,OK,,True,2776,0.34700000000000003,
18ebb433656a4f7882ed466d1e76ad7d,162,2026-10-03T17:00:37.015820+07:00,161.66408033399966,75.931231053999,EXPOSURE,1375.1954562519995,1.000021920999643,0.25214820000110194,0.00010934700003417674,DISABLED,on,user_reported,36.5915641784668,54.732688903808594,1007.15390625,105133.46875,True,True,True,176,0,0,109,179,101,2026-10-03T17:00:37.015905+07:00,161.66417786999955,0.18585367900050187,OK,,True,2026-10-03T17:00:37.201772+07:00,161.8500406229996,0.03330025000104797,OK,,True,1573,0.196625,,2026-10-03T17:00:37.235073+07:00,161.88334441000006,0.03287473499949556,OK,,True,2775,0.346875,
18ebb433656a4f7882ed466d1e76ad7d,163,2026-10-03T17:00:38.015799+07:00,162.6640604639997,76.93121118399904,EXPOSURE,1376.1954363819996,0.9999801300000399,0.251810686000681,8.947700007411186e-05,DISABLED,on,user_reported,36.587738037109375,54.751285552978516,1007.209140625,105654.1484375,True,True,True,176,0,0,109,178,101,2026-10-03T17:00:38.015880+07:00,162.66415266600052,0.18585608799912734,OK,,True,2026-10-03T17:00:38.201749+07:00,162.85001762399952,0.033021455999914906,OK,,True,1579,0.197375,,2026-10-03T17:00:38.234773+07:00,162.88304356200024,0.03281767999942531,OK,,True,2775,0.346875,
18ebb433656a4f7882ed466d1e76ad7d,164,2026-10-03T17:00:39.015833+07:00,163.66409291200034,77.93124363199968,EXPOSURE,1377.1954688300002,1.0000324480006384,0.2520416480001586,0.00012192500071250834,DISABLED,on,user_reported,36.588375091552734,54.7449836730957,1007.1759375,105133.46875,True,True,True,176,0,0,109,179,101,2026-10-03T17:00:39.015922+07:00,163.66419491099987,0.1858264220009005,OK,,True,2026-10-03T17:00:39.201761+07:00,163.85002940699997,0.03318367700012459,OK,,True,1571,0.196375,,2026-10-03T17:00:39.234949+07:00,163.88321839899982,0.032906291000472265,OK,,True,2775,0.346875,
18ebb433656a4f7882ed466d1e76ad7d,165,2026-10-03T17:00:40.015837+07:00,164.66408869899897,78.9312394189983,EXPOSURE,1378.1954646169988,0.9999957869986247,0.261502052000651,0.0001177119993371889,DISABLED,on,user_reported,36.587100982666016,54.744808197021484,1007.187578125,105719.59375,True,True,True,176,0,0,109,178,101,2026-10-03T17:00:40.015996+07:00,164.66426756799956,0.19015452600069693,OK,,True,2026-10-03T17:00:40.206170+07:00,164.8544353340003,0.036137183999017,OK,,True,1563,0.195375,,2026-10-03T17:00:40.242314+07:00,164.89058135199957,0.034993899000255624,OK,,True,2783,0.347875,
18ebb433656a4f7882ed466d1e76ad7d,166,2026-10-03T17:00:41.015851+07:00,165.66410125000039,79.93125196999972,EXPOSURE,1379.1954771680003,1.0000125510014186,0.25857934200030286,0.00013026300075580366,DISABLED,on,user_reported,36.595394134521484,54.7524299621582,1007.214921875,105458.2890625,True,True,True,176,0,0,109,178,101,2026-10-03T17:00:41.016012+07:00,165.66428263700072,0.19097938899903966,OK,,True,2026-10-03T17:00:41.207015+07:00,165.85528065499966,0.03436035100094159,OK,,True,1570,0.19625,,2026-10-03T17:00:41.241376+07:00,165.88964589500029,0.03302317899942864,OK,,True,2779,0.347375,
18ebb433656a4f7882ed466d1e76ad7d,167,2026-10-03T17:00:42.015818+07:00,166.66407795300074,80.93122867300008,EXPOSURE,1380.1954538710006,0.9999767030003568,0.25308727099945827,0.00010696600111259613,DISABLED,on,user_reported,36.592201232910156,54.76472473144531,1007.1890625,105850.734375,True,True,True,176,0,0,109,178,101,2026-10-03T17:00:42.015903+07:00,166.66417515600006,0.18587297900012345,OK,,True,2026-10-03T17:00:42.201788+07:00,166.85005733899925,0.03405485400071484,OK,,True,1572,0.1965,,2026-10-03T17:00:42.235848+07:00,166.88411761899988,0.03303704899917648,OK,,True,2772,0.34650000000000003,
18ebb433656a4f7882ed466d1e76ad7d,168,2026-10-03T17:00:43.015797+07:00,167.66405906900036,81.9312097889997,EXPOSURE,1381.1954349870002,0.999981115999617,0.25205248599922925,8.808200072962791e-05,DISABLED,on,user_reported,36.594120025634766,54.76502227783203,1007.1853125,105198.2734375,True,True,True,176,0,0,109,178,101,2026-10-03T17:00:43.015875+07:00,167.66414808700029,0.18582766500003345,OK,,True,2026-10-03T17:00:43.201716+07:00,167.8499843819991,0.03325028800099972,OK,,True,1570,0.19625,,2026-10-03T17:00:43.234970+07:00,167.88323978100016,0.03286219999972673,OK,,True,2779,0.347375,
18ebb433656a4f7882ed466d1e76ad7d,169,2026-10-03T17:00:44.015805+07:00,168.66406581800038,82.93121653799972,EXPOSURE,1382.1954417360002,1.000006749000022,0.2525465749986324,9.48310007515829e-05,DISABLED,on,user_reported,36.59986114501953,54.759483337402344,1007.119453125,105588.78125,True,True,True,176,0,0,109,178,101,2026-10-03T17:00:44.015883+07:00,168.66415548400073,0.1859083509989432,OK,,True,2026-10-03T17:00:44.201804+07:00,168.85007222400054,0.03345454499867628,OK,,True,1576,0.197,,2026-10-03T17:00:44.235264+07:00,168.8835331400005,0.03306869699918025,OK,,True,2776,0.34700000000000003,
18ebb433656a4f7882ed466d1e76ad7d,170,2026-10-03T17:00:45.015830+07:00,169.66408977600076,83.9312404960001,EXPOSURE,1383.1954656940006,1.0000239580003836,0.2522382639999705,0.00011878900113515556,DISABLED,on,user_reported,36.599220275878906,54.75938415527344,1007.152578125,105328.125,True,True,True,176,0,0,109,178,101,2026-10-03T17:00:45.015917+07:00,169.66418929300016,0.1858886669997446,OK,,True,2026-10-03T17:00:45.201819+07:00,169.85008729400033,0.033335157999317744,OK,,True,1575,0.196875,,2026-10-03T17:00:45.235159+07:00,169.88342806299988,0.03288960700047028,OK,,True,2782,0.34775,
18ebb433656a4f7882ed466d1e76ad7d,171,2026-10-03T17:00:46.015797+07:00,170.66405992399996,84.9312106439993,EXPOSURE,1384.1954358419998,0.9999701479991927,0.2578078370006551,8.893700032786e-05,DISABLED,on,user_reported,36.603050231933594,54.759952545166016,1007.104140625,105458.2890625,True,True,True,176,0,0,109,178,101,2026-10-03T17:00:46.015877+07:00,170.66415014499944,0.18582546499965247,OK,,True,2026-10-03T17:00:46.201715+07:00,170.84998412799905,0.034735181001451565,OK,,True,1586,0.19825,,2026-10-03T17:00:46.236462+07:00,170.8847285869997,0.03711982300046657,OK,,True,2782,0.34775,
18ebb433656a4f7882ed466d1e76ad7d,172,2026-10-03T17:00:47.016077+07:00,171.6643265549992,85.93147727499854,EXPOSURE,1385.195702472999,1.0002666309992492,0.260071685001094,0.00035556799957703333,DISABLED,on,user_reported,36.60369110107422,54.747276306152344,1007.118828125,104875.0546875,True,True,True,176,0,0,109,179,101,2026-10-03T17:00:47.016242+07:00,171.66451336699902,0.1921682710017194,OK,,True,2026-10-03T17:00:47.209109+07:00,171.85737205700025,0.0338648569995712,OK,,True,1562,0.19525,,2026-10-03T17:00:47.242976+07:00,171.8912441169996,0.03314273500109266,OK,,True,2773,0.346625,
18ebb433656a4f7882ed466d1e76ad7d,173,2026-10-03T17:00:48.015799+07:00,172.66406058400025,86.93121130399959,EXPOSURE,1386.1954365020001,0.999734029001047,0.2531732209990878,8.959700062405318e-05,DISABLED,on,user_reported,36.603050231933594,54.76634216308594,1007.104140625,105785.125,True,True,True,176,0,0,109,178,101,2026-10-03T17:00:48.015879+07:00,172.6641514719995,0.18582302200047707,OK,,True,2026-10-03T17:00:48.201714+07:00,172.8499829199991,0.033469676000095205,OK,,True,1573,0.196625,,2026-10-03T17:00:48.235190+07:00,172.88345839199974,0.03376215400021465,OK,,True,2766,0.34575,
18ebb433656a4f7882ed466d1e76ad7d,174,2026-10-03T17:00:49.015803+07:00,173.66406417100006,87.9312148909994,EXPOSURE,1387.195440089,1.00000358699981,0.25709583000025305,9.318400043412112e-05,DISABLED,on,user_reported,36.61772537231445,54.75574493408203,1007.134765625,105263.15625,True,True,True,176,0,0,109,178,101,2026-10-03T17:00:49.015883+07:00,173.6641557439998,0.18957679900086077,OK,,True,2026-10-03T17:00:49.205477+07:00,173.85374250600034,0.03407715100001951,OK,,True,1561,0.195125,,2026-10-03T17:00:49.239556+07:00,173.88782521299981,0.03332165800020448,OK,,True,2772,0.34650000000000003,
18ebb433656a4f7882ed466d1e76ad7d,175,2026-10-03T17:00:50.015811+07:00,174.66407044799962,88.93122116799896,EXPOSURE,1388.1954463659995,1.0000062769995566,0.2564328749995184,9.946099999069702e-05,DISABLED,on,user_reported,36.61581039428711,54.74268341064453,1007.124609375,105523.4921875,True,True,True,176,0,0,109,178,101,2026-10-03T17:00:50.015894+07:00,174.6641667620006,0.18741650699848833,OK,,True,2026-10-03T17:00:50.203323+07:00,174.85159167600068,0.0354523039986816,OK,,True,1554,0.19425,,2026-10-03T17:00:50.238782+07:00,174.88705014699917,0.03343932400093763,OK,,True,2775,0.346875,
18ebb433656a4f7882ed466d1e76ad7d,176,2026-10-03T17:00:51.015798+07:00,175.66405817300074,89.93120889300008,EXPOSURE,1389.1954340910006,0.9999877250011195,0.25544814599925303,8.718600111023989e-05,DISABLED,on,user_reported,36.61644744873047,54.74278259277344,1007.06421875,104617.8984375,True,True,True,176,0,0,109,179,101,2026-10-03T17:00:51.015885+07:00,175.66415785800018,0.18593274500017287,OK,,True,2026-10-03T17:00:51.201833+07:00,175.85010121400046,0.03494921699893894,OK,,True,1564,0.1955,,2026-10-03T17:00:51.236788+07:00,175.8850564860004,0.034437184998751036,OK,,True,2766,0.34575,
18ebb433656a4f7882ed466d1e76ad7d,177,2026-10-03T17:00:52.015818+07:00,176.66407655200055,90.93122727199989,EXPOSURE,1390.1954524700004,1.0000183789998118,0.26600768599928415,0.00010556500092206988,DISABLED,on,user_reported,36.61836242675781,54.73667907714844,1007.0946875,105004.1015625,True,True,True,176,0,0,109,178,101,2026-10-03T17:00:52.015910+07:00,176.6641826619998,0.18581721000009566,OK,,True,2026-10-03T17:00:52.201739+07:00,176.85000796500026,0.04233586299960734,OK,,True,1569,0.196125,,2026-10-03T17:00:52.244090+07:00,176.89235471699976,0.03770231800081092,OK,,True,2781,0.347625,
18ebb433656a4f7882ed466d1e76ad7d,178,2026-10-03T17:00:53.015856+07:00,177.66410784099935,91.93125856099869,EXPOSURE,1391.1954837589992,1.0000312889987981,0.2700751089996629,0.00013685399972018786,DISABLED,on,user_reported,36.61836242675781,54.76224136352539,1007.115234375,105523.4921875,True,True,True,176,0,0,109,178,101,2026-10-03T17:00:53.016014+07:00,177.66428504299984,0.1917597060000844,OK,,True,2026-10-03T17:00:53.207795+07:00,177.8560606939991,0.042819840000447584,OK,,True,1578,0.19725,,2026-10-03T17:00:53.250626+07:00,177.89889121899978,0.03527119499995024,OK,,True,2775,0.346875,
18ebb433656a4f7882ed466d1e76ad7d,179,2026-10-03T17:00:54.015806+07:00,178.6640681730005,92.93121889299982,EXPOSURE,1392.1954440910004,0.9999603320011374,0.2521688119995815,9.718600085761864e-05,DISABLED,on,user_reported,36.61899948120117,54.7431640625,1007.205234375,105328.125,True,True,True,176,0,0,109,178,101,2026-10-03T17:00:54.015885+07:00,178.66415750600027,0.185811305000243,OK,,True,2026-10-03T17:00:54.201706+07:00,178.84997543999998,0.03308116200059885,OK,,True,1576,0.197,,2026-10-03T17:00:54.234793+07:00,178.883061732,0.03316114200060838,OK,,True,2755,0.344375,
18ebb433656a4f7882ed466d1e76ad7d,180,2026-10-03T17:00:55.015803+07:00,179.66406341699985,93.93121413699919,EXPOSURE,1393.1954393349997,0.9999952439993649,0.25301837799997884,9.24300002225209e-05,DISABLED,on,user_reported,36.62346649169922,54.73744201660156,1007.198671875,105393.1640625,True,True,True,176,0,0,109,178,101,2026-10-03T17:00:55.015888+07:00,179.66416119399946,0.18581867499960936,OK,,True,2026-10-03T17:00:55.201717+07:00,179.84998672099937,0.033877302001201315,OK,,True,1579,0.197375,,2026-10-03T17:00:55.235601+07:00,179.88386972700027,0.03320077199896332,OK,,True,2769,0.346125,
18ebb433656a4f7882ed466d1e76ad7d,181,2026-10-03T17:00:56.015798+07:00,180.6640595909994,94.93121031099872,EXPOSURE,1394.1954355089993,0.9999961739995342,0.25338739400103805,8.860399975674227e-05,DISABLED,on,user_reported,36.628570556640625,54.75736618041992,1007.159140625,105719.59375,True,True,True,176,0,0,109,178,101,2026-10-03T17:00:56.015886+07:00,180.6641588120001,0.18581447299948195,OK,,True,2026-10-03T17:00:56.201711+07:00,180.84997972900055,0.032981089998429525,OK,,True,1560,0.195,,2026-10-03T17:00:56.234692+07:00,180.8829641150005,0.034467610999854514,OK,,True,2756,0.34450000000000003,
18ebb433656a4f7882ed466d1e76ad7d,182,2026-10-03T17:00:57.015822+07:00,181.66408286099977,95.9312335809991,EXPOSURE,1395.1954587789996,1.0000232700003835,0.25660886299920094,0.00011187400014023297,DISABLED,on,user_reported,36.61772537231445,54.736576080322266,1007.16890625,104810.6484375,True,True,True,176,0,0,109,178,101,2026-10-03T17:00:57.015911+07:00,181.6641835270002,0.18583538100028818,OK,,True,2026-10-03T17:00:57.201759+07:00,181.8500279639993,0.03314371700071206,OK,,True,1564,0.1955,,2026-10-03T17:00:57.234905+07:00,181.8831754210005,0.03750363600011042,OK,,True,2768,0.34600000000000003,
18ebb433656a4f7882ed466d1e76ad7d,183,2026-10-03T17:00:58.015795+07:00,182.66405743299947,96.9312081529988,EXPOSURE,1396.1954333509993,0.9999745719997009,0.25433814600000915,8.644599984108936e-05,DISABLED,on,user_reported,36.61198043823242,54.73572540283203,1007.17328125,104810.6484375,True,True,True,176,0,0,109,178,101,2026-10-03T17:00:58.015873+07:00,182.66414539499965,0.18579795699952228,OK,,True,2026-10-03T17:00:58.201680+07:00,182.84994988899962,0.032963923000352224,OK,,True,1573,0.196625,,2026-10-03T17:00:58.234645+07:00,182.882916904,0.03546335999999428,OK,,True,2768,0.34600000000000003,
18ebb433656a4f7882ed466d1e76ad7d,184,2026-10-03T17:00:59.015844+07:00,183.66409536100036,97.9312460809997,EXPOSURE,1397.1954712790002,1.0000379280008929,0.2676369929995417,0.0001243740007339511,DISABLED,on,user_reported,36.61198043823242,54.74211502075195,1007.146015625,105263.15625,True,True,True,176,0,0,109,178,101,2026-10-03T17:00:59.016002+07:00,183.66427337700043,0.19172685999910755,OK,,True,2026-10-03T17:00:59.207749+07:00,183.85601484799918,0.035394769000049564,OK,,True,1612,0.2015,,2026-10-03T17:00:59.243148+07:00,183.89141767199908,0.04028797800128814,OK,,True,2786,0.34825,
18ebb433656a4f7882ed466d1e76ad7d,185,2026-10-03T17:01:00.015854+07:00,184.6641134040001,98.93126412399943,EXPOSURE,1398.195489322,1.0000180429997272,0.2517750450006133,0.00014241700046113692,DISABLED,on,user_reported,36.61836242675781,54.74945831298828,1007.142578125,105654.1484375,True,True,True,176,0,0,109,178,101,2026-10-03T17:01:00.015942+07:00,184.6642144769994,0.18582118000085757,OK,,True,2026-10-03T17:01:00.201775+07:00,184.850043638,0.03298834899942449,OK,,True,1578,0.19725,,2026-10-03T17:01:00.234764+07:00,184.88303545000053,0.032843146998857264,OK,,True,2774,0.34675,
18ebb433656a4f7882ed466d1e76ad7d,186,2026-10-03T17:01:01.015796+07:00,185.6640568040002,99.93120752399955,EXPOSURE,1399.195432722,0.9999434000001202,0.25170212100056233,8.581700058130082e-05,DISABLED,on,user_reported,36.61134338378906,54.74840545654297,1007.1175,105458.2890625,True,True,True,176,0,0,109,179,101,2026-10-03T17:01:01.015881+07:00,185.66415333999976,0.18580666200068663,OK,,True,2026-10-03T17:01:01.201697+07:00,185.8499664840001,0.03295064600024489,OK,,True,1570,0.19625,,2026-10-03T17:01:01.234648+07:00,185.88291974099957,0.03283042499970179,OK,,True,2773,0.346625,
18ebb433656a4f7882ed466d1e76ad7d,187,2026-10-03T17:01:02.015794+07:00,186.66405556000063,100.93120627999997,EXPOSURE,1400.1954314780005,0.9999987560004229,0.25193263799883425,8.457300100417342e-05,DISABLED,on,user_reported,36.61453628540039,54.74250030517578,1007.13640625,105982.1953125,True,True,True,176,0,0,109,178,101,2026-10-03T17:01:02.015871+07:00,186.66414350299965,0.1858209780002653,OK,,True,2026-10-03T17:01:02.201702+07:00,186.8499713149995,0.033066459000110626,OK,,True,1574,0.19675,,2026-10-03T17:01:02.234773+07:00,186.8830427369994,0.03293398000096204,OK,,True,2774,0.34675,
18ebb433656a4f7882ed466d1e76ad7d,188,2026-10-03T17:01:03.015793+07:00,187.66405509799915,101.93120581799849,EXPOSURE,1401.195431015999,0.9999995379985194,0.25198247200023616,8.411099952354562e-05,DISABLED,on,user_reported,36.61198043823242,54.72933578491211,1007.098046875,106048.0546875,True,True,True,176,0,0,109,178,101,2026-10-03T17:01:03.015866+07:00,187.6641384859995,0.18580722000115202,OK,,True,2026-10-03T17:01:03.201683+07:00,187.8499526680007,0.03320293999968271,OK,,True,1566,0.19575,,2026-10-03T17:01:03.234887+07:00,187.88315923799928,0.03287053600070067,OK,,True,2780,0.34750000000000003,
18ebb433656a4f7882ed466d1e76ad7d,189,2026-10-03T17:01:04.015791+07:00,188.6640539,102.93120461999933,EXPOSURE,1402.1954298179999,0.9999988020008459,0.25177390099997865,8.291300036944449e-05,DISABLED,on,user_reported,36.61198043823242,54.73572540283203,1007.105,105785.125,True,True,True,176,0,0,109,178,101,2026-10-03T17:01:04.015867+07:00,188.66413938000005,0.18580540599941742,OK,,True,2026-10-03T17:01:04.201682+07:00,188.84995169300055,0.032949312999335234,OK,,True,1566,0.19575,,2026-10-03T17:01:04.234632+07:00,188.88290400599908,0.03291398000146728,OK,,True,2777,0.347125,
18ebb433656a4f7882ed466d1e76ad7d,190,2026-10-03T17:01:05.015803+07:00,189.66406446499968,103.93121518499902,EXPOSURE,1403.1954403829995,1.000010564999684,0.25173223599995254,9.347800005343743e-05,DISABLED,on,user_reported,36.60751724243164,54.72867202758789,1007.124921875,105198.2734375,True,True,True,176,0,0,109,178,101,2026-10-03T17:01:05.015888+07:00,189.66416077900067,0.1858119059997989,OK,,True,2026-10-03T17:01:05.201711+07:00,189.8499802589995,0.03294307200121693,OK,,True,1572,0.1965,,2026-10-03T17:01:05.234654+07:00,189.88292610899953,0.032862146999832476,OK,,True,2780,0.34750000000000003,
18ebb433656a4f7882ed466d1e76ad7d,191,2026-10-03T17:01:06.015924+07:00,190.66418362600052,104.93133434599986,EXPOSURE,1404.1955595440004,1.000119161000839,0.2517731440002535,0.00021263900089252274,DISABLED,on,user_reported,36.60496520996094,54.734683990478516,1007.148125,106180.0078125,True,True,True,176,0,0,109,178,101,2026-10-03T17:01:06.016012+07:00,190.66428469899984,0.18581409199941845,OK,,True,2026-10-03T17:01:06.201836+07:00,190.85010588399928,0.03292098000019905,OK,,True,1578,0.19725,,2026-10-03T17:01:06.234758+07:00,190.88302997500068,0.032915961999606225,OK,,True,2776,0.34700000000000003,
18ebb433656a4f7882ed466d1e76ad7d,192,2026-10-03T17:01:07.015802+07:00,191.66406421899956,105.93121493899889,EXPOSURE,1405.1954401369994,0.999880592999034,0.25178910800059384,9.323199992650189e-05,DISABLED,on,user_reported,36.606239318847656,54.72848892211914,1007.122890625,105654.1484375,True,True,True,176,0,0,109,178,101,2026-10-03T17:01:07.015874+07:00,191.6641468479993,0.18585268600145355,OK,,True,2026-10-03T17:01:07.201740+07:00,191.85000842199952,0.03300833200046327,OK,,True,1568,0.196,,2026-10-03T17:01:07.234750+07:00,191.88302077200024,0.032824148000145215,OK,,True,2777,0.347125,
18ebb433656a4f7882ed466d1e76ad7d,193,2026-10-03T17:01:08.015798+07:00,192.6640615569995,106.93121227699885,EXPOSURE,1406.1954374749994,0.9999973379999574,0.251715480000712,9.05699998838827e-05,DISABLED,on,user_reported,36.6056022644043,54.72838592529297,1007.108203125,106246.109375,True,True,True,176,0,0,109,178,101,2026-10-03T17:01:08.015872+07:00,192.66414472299948,0.18582005700045556,OK,,True,2026-10-03T17:01:08.201703+07:00,192.84997201999977,0.03293596200091997,OK,,True,1574,0.19675,,2026-10-03T17:01:08.234639+07:00,192.8829106489993,0.03285585100093158,OK,,True,2768,0.34600000000000003,
18ebb433656a4f7882ed466d1e76ad7d,194,2026-10-03T17:01:09.015794+07:00,193.66405695499998,107.93120767499931,EXPOSURE,1407.1954328729998,0.9999953980004648,0.25174897999932,8.596800034865737e-05,DISABLED,on,user_reported,36.59794616699219,54.720863342285156,1007.11625,105719.59375,True,True,True,176,0,0,109,178,101,2026-10-03T17:01:09.015870+07:00,193.6641420649994,0.1858251690009638,OK,,True,2026-10-03T17:01:09.201706+07:00,193.8499746590005,0.03295018399876426,OK,,True,1565,0.195625,,2026-10-03T17:01:09.234657+07:00,193.88292780600023,0.03286974100046791,OK,,True,2778,0.34725,
18ebb433656a4f7882ed466d1e76ad7d,195,2026-10-03T17:01:10.015814+07:00,194.66407274499943,108.93122346499877,EXPOSURE,1408.1954486629993,1.000015789999452,0.26242472600097244,0.00010175799980061129,DISABLED,on,user_reported,36.59667205810547,54.71427917480469,1007.203125,106444.90625,True,True,True,176,0,0,109,179,101,2026-10-03T17:01:10.015918+07:00,194.66419061399938,0.1909271920012543,OK,,True,2026-10-03T17:01:10.206866+07:00,194.85513215799983,0.03609568899992155,OK,,True,1571,0.196375,,2026-10-03T17:01:10.242970+07:00,194.89123745799952,0.035239883000031114,OK,,True,2783,0.347875,
18ebb433656a4f7882ed466d1e76ad7d,196,2026-10-03T17:01:11.015886+07:00,195.66413555799954,109.93128627799888,EXPOSURE,1409.1955114759994,1.0000628130001132,0.26447544700022263,0.00016457099991384894,DISABLED,on,user_reported,36.596031188964844,54.73335647583008,1007.154296875,106644.4453125,True,True,True,176,0,0,109,178,101,2026-10-03T17:01:11.016043+07:00,195.66431416699925,0.19093848900047306,OK,,True,2026-10-03T17:01:11.207001+07:00,195.8552672299993,0.03676879399972677,OK,,True,1589,0.198625,,2026-10-03T17:01:11.243773+07:00,195.89204306099964,0.0365487769995525,OK,,True,2780,0.34750000000000003,
18ebb433656a4f7882ed466d1e76ad7d,197,2026-10-03T17:01:12.015856+07:00,196.6641079130004,110.93125863299974,EXPOSURE,1410.1954838310003,0.9999723550008639,0.2629537409993645,0.0001369260007777484,DISABLED,on,user_reported,36.59284210205078,54.72648620605469,1007.101171875,106246.109375,True,True,True,176,0,0,109,178,101,2026-10-03T17:01:12.016005+07:00,196.66427639299945,0.19209810800020932,OK,,True,2026-10-03T17:01:12.208127+07:00,196.85639124099907,0.03549704800025211,OK,,True,1546,0.19325,,2026-10-03T17:01:12.243630+07:00,196.89189801099928,0.03514577300120436,OK,,True,2781,0.347625,
18ebb433656a4f7882ed466d1e76ad7d,198,2026-10-03T17:01:13.015807+07:00,197.6640709759995,111.93122169599883,EXPOSURE,1411.1954468939994,0.9999630629990861,0.2517003940010909,9.998899986385368e-05,DISABLED,on,user_reported,36.60113525390625,54.72772216796875,1007.148828125,106246.109375,True,True,True,176,0,0,109,178,101,2026-10-03T17:01:13.015878+07:00,197.66415029000018,0.1858131909993972,OK,,True,2026-10-03T17:01:13.201701+07:00,197.84996986999977,0.032933906999460305,OK,,True,1573,0.196625,,2026-10-03T17:01:13.234635+07:00,197.88290666600005,0.03285614800006442,OK,,True,2776,0.34700000000000003,
18ebb433656a4f7882ed466d1e76ad7d,199,2026-10-03T17:01:14.015793+07:00,198.6640556179991,112.93120633799845,EXPOSURE,1412.195431535999,0.9999846419996175,0.25174970800071605,8.463099948130548e-05,DISABLED,on,user_reported,36.594120025634766,54.733070373535156,1007.171640625,105523.4921875,True,True,True,176,0,0,109,179,101,2026-10-03T17:01:14.015867+07:00,198.66413993199967,0.18581693200030713,OK,,True,2026-10-03T17:01:14.201694+07:00,198.84996354900068,0.03295031399829895,OK,,True,1577,0.197125,,2026-10-03T17:01:14.234645+07:00,198.88291714099978,0.03287829700093425,OK,,True,2771,0.346375,
18ebb433656a4f7882ed466d1e76ad7d,200,2026-10-03T17:01:15.015838+07:00,199.66409802199996,113.9312487419993,EXPOSURE,1413.1954739399998,1.000042404000851,0.25174933900052565,0.00012703500033239834,DISABLED,on,user_reported,36.594120025634766,54.739463806152344,1007.08953125,105719.59375,True,True,True,176,0,0,109,179,101,2026-10-03T17:01:15.015925+07:00,199.66419815100016,0.18581132200051798,OK,,True,2026-10-03T17:01:15.201747+07:00,199.8500162319997,0.03295561100094346,OK,,True,1570,0.19625,,2026-10-03T17:01:15.234702+07:00,199.8829747130003,0.032864388998859795,OK,,True,2774,0.34675,
18ebb433656a4f7882ed466d1e76ad7d,201,2026-10-03T17:01:16.015792+07:00,200.66405578400008,114.93120650399942,EXPOSURE,1414.195431702,0.9999577620001219,0.2520909479990223,8.479700045427307e-05,DISABLED,on,user_reported,36.596031188964844,54.726966857910156,1007.13375,106777.890625,True,True,True,176,0,0,109,178,101,2026-10-03T17:01:16.015864+07:00,200.66413691200069,0.18581117499888933,OK,,True,2026-10-03T17:01:16.201686+07:00,200.84995480900034,0.033252514998821425,OK,,True,1575,0.196875,,2026-10-03T17:01:16.234939+07:00,200.88321071300015,0.03292568500000925,OK,,True,2779,0.347375,
18ebb433656a4f7882ed466d1e76ad7d,202,2026-10-03T17:01:17.015803+07:00,201.66406497500066,115.93121569499999,EXPOSURE,1415.1954408930005,1.0000091910005722,0.2519235799991293,9.3988001026446e-05,DISABLED,on,user_reported,36.595394134521484,54.746036529541016,1007.153359375,105850.734375,True,True,True,176,0,0,109,178,101,2026-10-03T17:01:17.015888+07:00,201.66416054799993,0.1858035450004536,OK,,True,2026-10-03T17:01:17.201703+07:00,201.84997153800032,0.033108165000157896,OK,,True,1568,0.196,,2026-10-03T17:01:17.234815+07:00,201.88308499899904,0.03289363000112644,OK,,True,2774,0.34675,
18ebb433656a4f7882ed466d1e76ad7d,203,2026-10-03T17:01:18.015798+07:00,202.66406103999907,116.9312117599984,EXPOSURE,1416.195436957999,0.9999960649984132,0.25173251000160235,9.005299943964928e-05,DISABLED,on,user_reported,36.606239318847656,54.747657775878906,1007.129765625,105916.421875,True,True,True,176,0,0,109,178,101,2026-10-03T17:01:18.015866+07:00,202.6641388730004,0.18581256499965093,OK,,True,2026-10-03T17:01:18.201689+07:00,202.84995758600053,0.03295446299853211,OK,,True,1570,0.19625,,2026-10-03T17:01:18.234643+07:00,202.88291521599967,0.03286887099966407,OK,,True,2770,0.34625,
18ebb433656a4f7882ed466d1e76ad7d,204,2026-10-03T17:01:19.015797+07:00,203.6640606660003,117.93121138599963,EXPOSURE,1417.1954365840002,0.9999996260012267,0.2517089920002036,8.967900066636503e-05,DISABLED,on,user_reported,36.60240936279297,54.734310150146484,1007.130390625,106312.2890625,True,True,True,176,0,0,109,178,101,2026-10-03T17:01:19.015865+07:00,203.66413785000077,0.18581384399840317,OK,,True,2026-10-03T17:01:19.201688+07:00,203.84995780499958,0.032944204000159516,OK,,True,1567,0.195875,,2026-10-03T17:01:19.234633+07:00,203.8829049899996,0.032855667999683646,OK,,True,2770,0.34625,
18ebb433656a4f7882ed466d1e76ad7d,205,2026-10-03T17:01:20.015891+07:00,204.6641433879995,118.93129410799884,EXPOSURE,1418.1955193059994,1.0000827219992061,0.25195767500008515,0.0001724009998724796,DISABLED,on,user_reported,36.59986114501953,54.714752197265625,1007.09890625,106180.0078125,True,True,True,176,0,0,109,178,101,2026-10-03T17:01:20.016008+07:00,204.66428033100055,0.1858638619996782,OK,,True,2026-10-03T17:01:20.201882+07:00,204.85015115600072,0.032969314999718335,OK,,True,1579,0.197375,,2026-10-03T17:01:20.234851+07:00,204.88312360000054,0.03296744499857596,OK,,True,2772,0.34650000000000003,
18ebb433656a4f7882ed466d1e76ad7d,206,2026-10-03T17:01:21.015796+07:00,205.66406004099917,119.93121076099851,EXPOSURE,1419.195435958999,0.9999166529996728,0.2538028430008126,8.905399954528548e-05,DISABLED,on,user_reported,36.59284210205078,54.7392692565918,1007.094375,105654.1484375,True,True,True,176,0,0,109,178,101,2026-10-03T17:01:21.015866+07:00,205.66413853999984,0.18581969700062473,OK,,True,2026-10-03T17:01:21.201696+07:00,205.849965125999,0.033478365001428756,OK,,True,1573,0.196625,,2026-10-03T17:01:21.235180+07:00,205.88344862099984,0.034395263999613235,OK,,True,2771,0.346375,
18ebb433656a4f7882ed466d1e76ad7d,207,2026-10-03T17:01:22.015807+07:00,206.66406910499973,0.9312198249990615,WAIT_RECOVERY,1420.1954450229996,1.000009064000551,0.25193893700088665,9.811800009629223e-05,DISABLED,on,user_reported,36.5915641784668,54.732688903808594,1007.078671875,105785.125,True,True,True,176,0,0,109,178,101,2026-10-03T17:01:22.015877+07:00,206.66414921499927,0.1858151420001377,OK,,True,2026-10-03T17:01:22.201702+07:00,206.8499710800006,0.03311290599958738,OK,,True,1559,0.194875,,2026-10-03T17:01:22.234819+07:00,206.8830886529995,0.03290829700017639,OK,,True,2774,0.34675,
18ebb433656a4f7882ed466d1e76ad7d,208,2026-10-03T17:01:23.015843+07:00,207.66409876599937,1.9312494859987055,WAIT_RECOVERY,1421.1954746839992,1.000029660999644,0.2627116260009643,0.00012777899974025786,DISABLED,on,user_reported,36.594120025634766,54.739463806152344,1007.12375,105916.421875,True,True,True,176,0,0,109,178,101,2026-10-03T17:01:23.015987+07:00,207.66425732000062,0.1917466009999771,OK,,True,2026-10-03T17:01:23.207752+07:00,207.85601877299996,0.03542442000070878,OK,,True,1596,0.1995,,2026-10-03T17:01:23.243183+07:00,207.89145141500012,0.03534105099970475,OK,,True,2783,0.347875,
18ebb433656a4f7882ed466d1e76ad7d,209,2026-10-03T17:01:24.015806+07:00,208.6640678019994,2.931218521998744,WAIT_RECOVERY,1422.1954437199993,0.9999690360000386,0.2517954960003408,9.681499977887142e-05,DISABLED,on,user_reported,36.599220275878906,54.74021530151367,1007.063671875,105719.59375,True,True,True,176,0,0,109,178,101,2026-10-03T17:01:24.015887+07:00,208.6641603930002,0.18581290299880493,OK,,True,2026-10-03T17:01:24.201713+07:00,208.8499816479998,0.03303394400063553,OK,,True,1558,0.19475,,2026-10-03T17:01:24.234747+07:00,208.8830188890006,0.03283600199938519,OK,,True,2776,0.34700000000000003,
18ebb433656a4f7882ed466d1e76ad7d,210,2026-10-03T17:01:25.015792+07:00,209.66405404500074,3.931204765000075,WAIT_RECOVERY,1423.1954299630006,0.9999862430013309,0.25180205299875524,8.305800110974815e-05,DISABLED,on,user_reported,36.59347915649414,54.75853729248047,1007.16390625,105850.734375,True,True,True,176,0,0,109,178,101,2026-10-03T17:01:25.015876+07:00,209.6641489520007,0.18582097699982114,OK,,True,2026-10-03T17:01:25.201709+07:00,209.84997733700038,0.03304253699934634,OK,,True,1575,0.196875,,2026-10-03T17:01:25.234753+07:00,209.88302357700013,0.03282396599934145,OK,,True,2774,0.34675,
18ebb433656a4f7882ed466d1e76ad7d,211,2026-10-03T17:01:26.015791+07:00,210.66405294099968,4.931203660999017,WAIT_RECOVERY,1424.1954288589995,0.9999988959989423,0.25181633200008946,8.195400005206466e-05,DISABLED,on,user_reported,36.587100982666016,54.744808197021484,1007.173828125,105588.78125,True,True,True,176,0,0,109,179,101,2026-10-03T17:01:26.015876+07:00,210.6641481989991,0.18581764500049758,OK,,True,2026-10-03T17:01:26.201706+07:00,210.84997486300017,0.03299820400025055,OK,,True,1568,0.196,,2026-10-03T17:01:26.234705+07:00,210.8829765669998,0.03288374300063879,OK,,True,2774,0.34675,
18ebb433656a4f7882ed466d1e76ad7d,212,2026-10-03T17:01:27.015792+07:00,211.6640547850002,5.931205504999525,WAIT_RECOVERY,1425.195430703,1.0000018440005078,0.25225917999887315,8.379800055990927e-05,DISABLED,on,user_reported,36.595394134521484,54.746036529541016,1007.166953125,105982.1953125,True,True,True,176,0,0,109,178,101,2026-10-03T17:01:27.015872+07:00,211.66414498800077,0.1860641619987291,OK,,True,2026-10-03T17:01:27.201948+07:00,211.85021700200014,0.033205183999598376,OK,,True,1564,0.1955,,2026-10-03T17:01:27.235157+07:00,211.8834268520004,0.0328782799988403,OK,,True,2772,0.34650000000000003,
18ebb433656a4f7882ed466d1e76ad7d,213,2026-10-03T17:01:28.015792+07:00,212.66405435600063,6.931205075999969,WAIT_RECOVERY,1426.1954302740005,0.9999995710004441,0.2519947399996454,8.336900100403e-05,DISABLED,on,user_reported,36.60177230834961,54.75337219238281,1007.1909375,106577.8515625,True,True,True,176,0,0,109,178,101,2026-10-03T17:01:28.015877+07:00,212.66414953999993,0.18581883200022276,OK,,True,2026-10-03T17:01:28.201707+07:00,212.84997609399943,0.03325559100085229,OK,,True,1562,0.19525,,2026-10-03T17:01:28.234964+07:00,212.88323516700075,0.032804428999952506,OK,,True,2771,0.346375,
18ebb433656a4f7882ed466d1e76ad7d,214,2026-10-03T17:01:29.015856+07:00,213.66410691199962,7.93125763199896,WAIT_RECOVERY,1427.1954828299995,1.000052555998991,0.2553105589995539,0.0001359249999950407,DISABLED,on,user_reported,36.59347915649414,54.73936462402344,1007.13640625,105850.734375,True,True,True,176,0,0,109,178,101,2026-10-03T17:01:29.016015+07:00,213.66428605799956,0.18706945000121777,OK,,True,2026-10-03T17:01:29.203098+07:00,213.85136643400074,0.03416921199823264,OK,,True,1560,0.195,,2026-10-03T17:01:29.237273+07:00,213.88554129399927,0.03386195500024769,OK,,True,2759,0.344875,
18ebb433656a4f7882ed466d1e76ad7d,215,2026-10-03T17:01:30.015801+07:00,214.66406282500066,8.931213544999991,WAIT_RECOVERY,1428.1954387430005,0.9999559130010311,0.2518468539983587,9.183800102618989e-05,DISABLED,on,user_reported,36.596031188964844,54.75252914428711,1007.13375,105785.125,True,True,True,176,0,0,109,178,101,2026-10-03T17:01:30.015886+07:00,214.6641589539995,0.18585662900113675,OK,,True,2026-10-03T17:01:30.201756+07:00,214.8500244349998,0.03301546399961808,OK,,True,1572,0.1965,,2026-10-03T17:01:30.234774+07:00,214.8830440469992,0.032856817000720184,OK,,True,2771,0.346375,
18ebb433656a4f7882ed466d1e76ad7d,216,2026-10-03T17:01:31.015793+07:00,215.66405511199991,9.93120583199925,WAIT_RECOVERY,1429.1954310299998,0.9999922869992588,0.2518205960004707,8.412500028498471e-05,DISABLED,on,user_reported,36.59347915649414,54.73936462402344,1007.15015625,106048.0546875,True,True,True,176,0,0,109,179,101,2026-10-03T17:01:31.015874+07:00,215.66414622199954,0.18582226000035007,OK,,True,2026-10-03T17:01:31.201708+07:00,215.84997650100013,0.03303027899892186,OK,,True,1563,0.195375,,2026-10-03T17:01:31.234740+07:00,215.88301070600028,0.03285679900000105,OK,,True,2777,0.347125,
18ebb433656a4f7882ed466d1e76ad7d,217,2026-10-03T17:01:32.015798+07:00,216.66405947699968,10.931210196999018,WAIT_RECOVERY,1430.1954353949995,1.0000043649997679,0.2519351699993422,8.849000005284324e-05,DISABLED,on,user_reported,36.594757080078125,54.73316192626953,1007.18640625,106911.671875,True,True,True,176,0,0,109,178,101,2026-10-03T17:01:32.015880+07:00,216.66415232799955,0.18581526100024348,OK,,True,2026-10-03T17:01:32.201707+07:00,216.84997588499937,0.03314122300071176,OK,,True,1561,0.195125,,2026-10-03T17:01:32.234852+07:00,216.88312184799906,0.03286407700034033,OK,,True,2774,0.34675,
18ebb433656a4f7882ed466d1e76ad7d,218,2026-10-03T17:01:33.015801+07:00,217.6640629020003,11.931213621999632,WAIT_RECOVERY,1431.1954388200002,1.0000034250006138,0.2517179879996547,9.191500066663139e-05,DISABLED,on,user_reported,36.587738037109375,54.744895935058594,1007.161328125,106113.9921875,True,True,True,176,0,0,109,178,101,2026-10-03T17:01:33.015882+07:00,217.664154271999,0.18581239100058156,OK,,True,2026-10-03T17:01:33.201703+07:00,217.84997262599973,0.03296442800092336,OK,,True,1578,0.19725,,2026-10-03T17:01:33.234669+07:00,217.88294060899898,0.03283248500156333,OK,,True,2775,0.346875,
18ebb433656a4f7882ed466d1e76ad7d,219,2026-10-03T17:01:34.015793+07:00,218.66405477599983,12.931205495999166,WAIT_RECOVERY,1432.1954306939997,0.9999918739995337,0.26398266199976206,8.378900020034052e-05,DISABLED,on,user_reported,36.589012145996094,54.764259338378906,1007.1771875,106511.3359375,True,True,True,176,0,0,109,178,101,2026-10-03T17:01:34.015877+07:00,218.66414992299906,0.18969739000021946,OK,,True,2026-10-03T17:01:34.205594+07:00,218.8538601649998,0.037493271000130335,OK,,True,1565,0.195625,,2026-10-03T17:01:34.243092+07:00,218.89136082500045,0.03665803900003084,OK,,True,2782,0.34775,
18ebb433656a4f7882ed466d1e76ad7d,220,2026-10-03T17:01:35.015850+07:00,219.66410767100024,0.3814925549995678,RECOVERY,1433.195483589,1.0000528950004082,0.2518542849993537,0.00013668400060851127,DISABLED,on,user_reported,36.58390808105469,54.78266525268555,1007.13453125,106113.9921875,True,True,True,176,0,0,109,178,101,2026-10-03T17:01:35.015940+07:00,219.66421276300025,0.18583031900016067,OK,,True,2026-10-03T17:01:35.201783+07:00,219.8500515630003,0.033049982999727945,OK,,True,1572,0.1965,,2026-10-03T17:01:35.234835+07:00,219.88310589799949,0.03284583599997859,OK,,True,2771,0.346375,
18ebb433656a4f7882ed466d1e76ad7d,221,2026-10-03T17:01:36.015803+07:00,220.66406407199975,1.3814489559990761,RECOVERY,1434.1954399899996,0.9999564009995083,0.2517238990003534,9.308500011684373e-05,DISABLED,on,user_reported,36.586463928222656,54.77665710449219,1007.15921875,106312.2890625,True,True,True,176,0,0,109,178,101,2026-10-03T17:01:36.015883+07:00,220.66415577499902,0.18580324499998824,OK,,True,2026-10-03T17:01:36.201697+07:00,220.84996592800053,0.03296640999906231,OK,,True,1572,0.1965,,2026-10-03T17:01:36.234664+07:00,220.88293578199955,0.032842504000655026,OK,,True,2774,0.34675,
18ebb433656a4f7882ed466d1e76ad7d,222,2026-10-03T17:01:37.015802+07:00,221.66406419899977,2.3814490829990973,RECOVERY,1435.1954401169996,1.0000001270000212,0.2521840980007255,9.32120001380099e-05,DISABLED,on,user_reported,36.589012145996094,54.802608489990234,1007.129296875,105916.421875,True,True,True,176,0,0,109,179,101,2026-10-03T17:01:37.015883+07:00,221.6641558829997,0.18582011599937687,OK,,True,2026-10-03T17:01:37.201715+07:00,221.84998386999905,0.03337149800063344,OK,,True,1566,0.19575,,2026-10-03T17:01:37.235091+07:00,221.88336038700072,0.03287785499924212,OK,,True,2768,0.34600000000000003,
18ebb433656a4f7882ed466d1e76ad7d,223,2026-10-03T17:01:38.015801+07:00,222.6640631070004,3.3814479909997317,RECOVERY,1436.1954390250003,0.9999989080006344,0.251723122999465,9.2120000772411e-05,DISABLED,on,user_reported,36.594757080078125,54.80345916748047,1007.131640625,106246.109375,True,True,True,176,0,0,109,178,101,2026-10-03T17:01:38.015881+07:00,222.66415386500012,0.18581167299998924,OK,,True,2026-10-03T17:01:38.201702+07:00,222.84997211200061,0.0329526329987857,OK,,True,1570,0.19625,,2026-10-03T17:01:38.234656+07:00,222.88292791099957,0.03284870800052886,OK,,True,2772,0.34650000000000003,
18ebb433656a4f7882ed466d1e76ad7d,224,2026-10-03T17:01:39.015805+07:00,223.6640658340002,4.381450717999542,RECOVERY,1437.195441752,1.00000272699981,0.25169473599999037,9.48470005823765e-05,DISABLED,on,user_reported,36.60049819946289,54.82987976074219,1007.1546875,106048.0546875,True,True,True,176,0,0,109,178,101,2026-10-03T17:01:39.015886+07:00,223.66415896299986,0.18579687800047395,OK,,True,2026-10-03T17:01:39.201693+07:00,223.84996235899962,0.03294817000096373,OK,,True,1568,0.196,,2026-10-03T17:01:39.234641+07:00,223.88291351000044,0.032837540999025805,OK,,True,2774,0.34675,
18ebb433656a4f7882ed466d1e76ad7d,225,2026-10-03T17:01:40.015868+07:00,224.66412434300037,5.381509226999697,RECOVERY,1438.1955002610002,1.000058509000155,0.2526701709994086,0.00015335600073740352,DISABLED,on,user_reported,36.594120025634766,54.82893753051758,1007.12375,105982.1953125,True,True,True,176,0,0,109,178,101,2026-10-03T17:01:40.015976+07:00,224.66424741599985,0.18630252100047073,OK,,True,2026-10-03T17:01:40.202289+07:00,224.8505579190005,0.033316368999294355,OK,,True,1575,0.196875,,2026-10-03T17:01:40.235608+07:00,224.8838785659991,0.0329065410005569,OK,,True,2777,0.347125,
18ebb433656a4f7882ed466d1e76ad7d,226,2026-10-03T17:01:41.015796+07:00,225.66405809800017,6.381442981999498,RECOVERY,1439.195434016,0.9999337549998017,0.25174962500022957,8.711100053915288e-05,DISABLED,on,user_reported,36.58454895019531,54.8275146484375,1007.115234375,106577.8515625,True,True,True,176,0,0,109,178,101,2026-10-03T17:01:41.015877+07:00,225.6641493370007,0.18580963899876224,OK,,True,2026-10-03T17:01:41.201695+07:00,225.8499644019994,0.03297385400037456,OK,,True,1576,0.197,,2026-10-03T17:01:41.234669+07:00,225.88294125600078,0.03285754099852056,OK,,True,2768,0.34600000000000003,
18ebb433656a4f7882ed466d1e76ad7d,227,2026-10-03T17:01:42.015831+07:00,226.66408881799907,7.381473701998402,RECOVERY,1440.195464735999,1.0000307199989038,0.25214660500023456,0.00011783099944295827,DISABLED,on,user_reported,36.60113525390625,54.84915542602539,1007.20359375,106048.0546875,True,True,True,176,0,0,109,178,101,2026-10-03T17:01:42.015940+07:00,226.6642122430003,0.18612276499879954,OK,,True,2026-10-03T17:01:42.202073+07:00,226.85034106400053,0.03300970599957509,OK,,True,1568,0.196,,2026-10-03T17:01:42.235084+07:00,226.8833544930003,0.03287222600010864,OK,,True,2770,0.34625,
18ebb433656a4f7882ed466d1e76ad7d,228,2026-10-03T17:01:43.015801+07:00,227.66406196999924,8.381446853998568,RECOVERY,1441.195437887999,0.999973152000166,0.2518257749998156,9.098299960896838e-05,DISABLED,on,user_reported,36.59986114501953,54.84896469116211,1007.208359375,106378.5546875,True,True,True,176,0,0,109,178,101,2026-10-03T17:01:43.015882+07:00,227.6641551169996,0.18581775100028608,OK,,True,2026-10-03T17:01:43.201711+07:00,227.84998073799943,0.033019762000549235,OK,,True,1582,0.19775,,2026-10-03T17:01:43.234733+07:00,227.88300366600015,0.03287557899966487,OK,,True,2772,0.34650000000000003,
18ebb433656a4f7882ed466d1e76ad7d,229,2026-10-03T17:01:44.015801+07:00,228.6640623839994,9.381447267998738,RECOVERY,1442.1954383019993,1.0000004140001693,0.25183088700032386,9.139699977822602e-05,DISABLED,on,user_reported,36.603050231933594,54.84304428100586,1007.193046875,106180.0078125,True,True,True,176,0,0,109,178,101,2026-10-03T17:01:44.015882+07:00,228.66415458700067,0.18581936199916527,OK,,True,2026-10-03T17:01:44.201711+07:00,228.8499811340007,0.033022910998624866,OK,,True,1567,0.195875,,2026-10-03T17:01:44.234737+07:00,228.88300706299924,0.03287757900034194,OK,,True,2771,0.346375,
18ebb433656a4f7882ed466d1e76ad7d,230,2026-10-03T17:01:45.015895+07:00,229.6641531160003,10.381537999999637,RECOVERY,1443.1955290340002,1.0000907320008992,0.26066172599894344,0.00018212900067737792,DISABLED,on,user_reported,36.606239318847656,54.843536376953125,1007.1571875,106180.0078125,True,True,True,176,0,0,109,178,101,2026-10-03T17:01:45.015998+07:00,229.66427074499916,0.19098760800079617,OK,,True,2026-10-03T17:01:45.207006+07:00,229.85527303799972,0.03468352299933031,OK,,True,1559,0.194875,,2026-10-03T17:01:45.241697+07:00,229.88996504200077,0.034835410999221494,OK,,True,2771,0.346375,
18ebb433656a4f7882ed466d1e76ad7d,231,2026-10-03T17:01:46.015810+07:00,230.66407026200068,11.381455146000008,RECOVERY,1444.1954461800005,0.9999171460003708,0.25207953399876715,9.927500104822684e-05,DISABLED,on,user_reported,36.60751724243164,54.8501091003418,1007.1934375,106048.0546875,True,True,True,176,0,0,109,178,101,2026-10-03T17:01:46.015892+07:00,230.66416463099995,0.18582553099986399,OK,,True,2026-10-03T17:01:46.201729+07:00,230.84999849499945,0.03326522300085344,OK,,True,1568,0.196,,2026-10-03T17:01:46.234996+07:00,230.8832671809996,0.03287357800036261,OK,,True,2775,0.346875,
18ebb433656a4f7882ed466d1e76ad7d,232,2026-10-03T17:01:47.015802+07:00,231.66406298400034,12.381447867999668,RECOVERY,1445.1954389020002,0.9999927219996607,0.2525448279993725,9.199700070894323e-05,DISABLED,on,user_reported,36.60177230834961,54.836463928222656,1007.163515625,105785.125,True,True,True,176,0,0,109,178,101,2026-10-03T17:01:47.015881+07:00,231.6641541129993,0.18583001300066826,OK,,True,2026-10-03T17:01:47.201724+07:00,231.84999286700076,0.03362290399854828,OK,,True,1568,0.196,,2026-10-03T17:01:47.235351+07:00,231.88362016000065,0.0329770219996135,OK,,True,2771,0.346375,
18ebb433656a4f7882ed466d1e76ad7d,233,2026-10-03T17:01:48.015800+07:00,232.6640622849991,13.38144716899842,RECOVERY,1446.195438202999,0.999999300998752,0.2517744840006344,9.129799946094863e-05,DISABLED,on,user_reported,36.59730911254883,54.83580017089844,1007.15625,105719.59375,True,True,True,176,0,0,109,178,101,2026-10-03T17:01:48.015880+07:00,232.66415287699965,0.18581610600085696,OK,,True,2026-10-03T17:01:48.201707+07:00,232.8499764829994,0.03296535600020434,OK,,True,1566,0.19575,,2026-10-03T17:01:48.234673+07:00,232.88294459799909,0.0328835970012733,OK,,True,2778,0.34725,
18ebb433656a4f7882ed466d1e76ad7d,234,2026-10-03T17:01:49.015808+07:00,233.6640686819992,14.381453565998527,RECOVERY,1447.195444599999,1.0000063970001065,0.25173554200046055,9.769499956746586e-05,DISABLED,on,user_reported,36.60432815551758,54.84324264526367,1007.167734375,105850.734375,True,True,True,176,0,0,109,178,101,2026-10-03T17:01:49.015889+07:00,233.66416199599917,0.1858039960006863,OK,,True,2026-10-03T17:01:49.201704+07:00,233.8499737330003,0.0329622079989349,OK,,True,1579,0.197375,,2026-10-03T17:01:49.234667+07:00,233.88293894100025,0.0328560979996837,OK,,True,2774,0.34675,
18ebb433656a4f7882ed466d1e76ad7d,235,2026-10-03T17:01:50.015807+07:00,234.66406808399915,15.381452967998484,RECOVERY,1448.195444001999,0.9999994019999576,0.25562370700026804,9.709699952509254e-05,DISABLED,on,user_reported,36.60113525390625,54.83637237548828,1007.128359375,106048.0546875,True,True,True,176,0,0,109,178,101,2026-10-03T17:01:50.015887+07:00,234.66415928700007,0.18582570000035048,OK,,True,2026-10-03T17:01:50.201725+07:00,234.84999376499945,0.03455182099969534,OK,,True,1570,0.19625,,2026-10-03T17:01:50.236287+07:00,234.88455440100006,0.03512403800050379,OK,,True,2760,0.34500000000000003,
18ebb433656a4f7882ed466d1e76ad7d,236,2026-10-03T17:01:51.015855+07:00,235.66410795199954,16.38149283599887,RECOVERY,1449.1954838699994,1.0000398680003855,0.26702120499976445,0.00013696499991056044,DISABLED,on,user_reported,36.60369110107422,54.855934143066406,1007.15984375,106246.109375,True,True,True,176,0,0,109,178,101,2026-10-03T17:01:51.016013+07:00,235.66428470900064,0.19695651599977282,OK,,True,2026-10-03T17:01:51.212985+07:00,235.86125168800027,0.034286898999198456,OK,,True,1569,0.196125,,2026-10-03T17:01:51.247279+07:00,235.89554634600063,0.03556764499990095,OK,,True,2786,0.34825,
18ebb433656a4f7882ed466d1e76ad7d,237,2026-10-03T17:01:52.015950+07:00,236.66420285999993,17.381587743999262,RECOVERY,1450.1955787779998,1.000094908000392,0.2605100870005117,0.00023187300030258484,DISABLED,on,user_reported,36.59986114501953,54.836185455322266,1007.16734375,106444.90625,True,True,True,176,0,0,109,178,101,2026-10-03T17:01:52.016090+07:00,236.6643615440007,0.19177404999936698,OK,,True,2026-10-03T17:01:52.207892+07:00,236.85615426000004,0.03385114400043676,OK,,True,1574,0.19675,,2026-10-03T17:01:52.241748+07:00,236.89001540400022,0.034670969000217156,OK,,True,2757,0.344625,
18ebb433656a4f7882ed466d1e76ad7d,238,2026-10-03T17:01:53.015817+07:00,237.66407886699926,18.38146375099859,RECOVERY,1451.1954547849991,0.9998760069993295,0.2528341270008241,0.00010787999963213224,DISABLED,on,user_reported,36.60688018798828,54.843624114990234,1007.178671875,105916.421875,True,True,True,176,0,0,109,178,101,2026-10-03T17:01:53.015901+07:00,237.6641737739992,0.1858157390015549,OK,,True,2026-10-03T17:01:53.201729+07:00,237.84999780999897,0.03371797800173226,OK,,True,1552,0.194,,2026-10-03T17:01:53.235452+07:00,237.88372099200024,0.03318153899999743,OK,,True,2776,0.34700000000000003,
18ebb433656a4f7882ed466d1e76ad7d,239,2026-10-03T17:01:54.015831+07:00,238.66409109899905,19.38147598299838,RECOVERY,1452.195467016999,1.00001223199979,0.25195708100000047,0.00012011199942207895,DISABLED,on,user_reported,36.610069274902344,54.84409713745117,1007.1428125,106048.0546875,True,True,True,176,0,0,109,178,101,2026-10-03T17:01:54.015919+07:00,238.66419130199938,0.18581548099973588,OK,,True,2026-10-03T17:01:54.201746+07:00,238.8500145979997,0.03318965099970228,OK,,True,1562,0.19525,,2026-10-03T17:01:54.234940+07:00,238.88320922999992,0.03282926499923633,OK,,True,2778,0.34725,
18ebb433656a4f7882ed466d1e76ad7d,240,2026-10-03T17:01:55.015800+07:00,239.66406185400047,20.381446737999795,RECOVERY,1453.1954377720003,0.9999707550014136,0.25299468299999717,9.086700083571486e-05,DISABLED,on,user_reported,36.60688018798828,54.818058013916016,1007.110234375,105719.59375,True,True,True,176,0,0,109,178,101,2026-10-03T17:01:55.015880+07:00,239.6641522610007,0.18583840699830034,OK,,True,2026-10-03T17:01:55.201733+07:00,239.85000055700039,0.03300980099993467,OK,,True,1561,0.195125,,2026-10-03T17:01:55.234742+07:00,239.88301370999943,0.03402214200104936,OK,,True,2763,0.345375,
18ebb433656a4f7882ed466d1e76ad7d,241,2026-10-03T17:01:56.015809+07:00,240.664070204999,21.381455088998337,RECOVERY,1454.1954461229989,1.0000083509985416,0.2517290670002694,9.921799937728792e-05,DISABLED,on,user_reported,36.61134338378906,54.83149337768555,1007.090078125,106180.0078125,True,True,True,176,0,0,109,178,101,2026-10-03T17:01:56.015890+07:00,240.6641629450005,0.1858072049999464,OK,,True,2026-10-03T17:01:56.201708+07:00,240.84997789099907,0.032964949001325294,OK,,True,1568,0.196,,2026-10-03T17:01:56.234674+07:00,240.8829457289994,0.03284578400052851,OK,,True,2769,0.346125,
18ebb433656a4f7882ed466d1e76ad7d,242,2026-10-03T17:01:57.015799+07:00,241.66406124599962,22.38144612999895,RECOVERY,1455.1954371639995,0.9999910410006123,0.25211374900027295,9.025899998960085e-05,DISABLED,on,user_reported,36.60688018798828,54.818058013916016,1007.165,105719.59375,True,True,True,176,0,0,109,179,101,2026-10-03T17:01:57.015880+07:00,241.66415281899936,0.1858553350011789,OK,,True,2026-10-03T17:01:57.201749+07:00,241.85001809799905,0.03329326099992613,OK,,True,1565,0.195625,,2026-10-03T17:01:57.235045+07:00,241.88331560000006,0.032850838999365806,OK,,True,2767,0.345875,
18ebb433656a4f7882ed466d1e76ad7d,243,2026-10-03T17:01:58.015798+07:00,242.6640596599991,23.38144454399844,RECOVERY,1456.195435577999,0.9999984139994922,0.25180732700027875,8.867299948178697e-05,DISABLED,on,user_reported,36.60942840576172,54.831214904785156,1007.265,106048.0546875,True,True,True,176,0,0,109,178,101,2026-10-03T17:01:58.015883+07:00,242.6641552889996,0.18582570599937753,OK,,True,2026-10-03T17:01:58.201721+07:00,242.84999003200028,0.03300152299925685,OK,,True,1573,0.196625,,2026-10-03T17:01:58.234723+07:00,242.8829951659991,0.03286298800048826,OK,,True,2769,0.346125,
18ebb433656a4f7882ed466d1e76ad7d,244,2026-10-03T17:01:59.015790+07:00,243.66405157900044,24.381436462999773,RECOVERY,1457.1954274970003,0.9999919190013316,0.2519086599986622,8.059200081333984e-05,DISABLED,on,user_reported,36.608154296875,54.83102798461914,1007.215,106048.0546875,True,True,True,176,0,0,109,178,101,2026-10-03T17:01:59.015871+07:00,243.66414413299935,0.18584581800132582,OK,,True,2026-10-03T17:01:59.201731+07:00,243.84999969199998,0.03301918999932241,OK,,True,1574,0.19675,,2026-10-03T17:01:59.234751+07:00,243.88302243699945,0.03292891400087683,OK,,True,2766,0.34575,
18ebb433656a4f7882ed466d1e76ad7d,245,2026-10-03T17:02:00.015799+07:00,244.66406053799983,25.38144542199916,RECOVERY,1458.1954364559997,1.0000089589993877,0.2534835530004784,8.955100020102691e-05,DISABLED,on,user_reported,36.61261749267578,54.82530212402344,1007.215390625,105916.421875,True,True,True,176,0,0,109,178,101,2026-10-03T17:02:00.015880+07:00,244.66415237100045,0.18615690799924778,OK,,True,2026-10-03T17:02:00.202052+07:00,244.8503198340004,0.033965995999096776,OK,,True,1572,0.1965,,2026-10-03T17:02:00.236022+07:00,244.8842914220004,0.03324287299983553,OK,,True,2773,0.346625,
18ebb433656a4f7882ed466d1e76ad7d,246,2026-10-03T17:02:01.015804+07:00,245.6640657980006,26.381450681999922,RECOVERY,1459.1954417160005,1.000005260000762,0.25176812700010487,9.481100096309092e-05,DISABLED,on,user_reported,36.61644744873047,54.82587432861328,1007.214765625,105588.78125,True,True,True,176,0,0,109,178,101,2026-10-03T17:02:01.015884+07:00,245.66415724099897,0.1858221720012807,OK,,True,2026-10-03T17:02:01.201719+07:00,245.849988209,0.03298795000046084,OK,,True,1568,0.196,,2026-10-03T17:02:01.234708+07:00,245.88297967700055,0.03284563699889986,OK,,True,2773,0.346625,
18ebb433656a4f7882ed466d1e76ad7d,247,2026-10-03T17:02:02.015838+07:00,246.6640971910001,27.38148207499944,RECOVERY,1460.195473109,1.0000313929995173,0.2521922159994574,0.00012620400048035663,DISABLED,on,user_reported,36.61581039428711,54.81938171386719,1007.234140625,106113.9921875,True,True,True,176,0,0,109,178,101,2026-10-03T17:02:02.015924+07:00,246.66419657900042,0.18581609799912258,OK,,True,2026-10-03T17:02:02.201751+07:00,246.8500207319994,0.033118819001174415,OK,,True,1570,0.19625,,2026-10-03T17:02:02.234875+07:00,246.88314460699985,0.03313196700037224,OK,,True,2775,0.346875,
18ebb433656a4f7882ed466d1e76ad7d,248,2026-10-03T17:02:03.015844+07:00,247.6640993839992,28.38148426799853,RECOVERY,1461.195475301999,1.0000021929990908,0.26304901700132177,0.00012839699957112316,DISABLED,on,user_reported,36.61134338378906,54.812320709228516,1007.1790625,105393.1640625,True,True,True,176,0,0,109,179,101,2026-10-03T17:02:03.015965+07:00,247.66423725300046,0.19112013899939484,OK,,True,2026-10-03T17:02:03.207110+07:00,247.85537442900022,0.03632254600051965,OK,,True,1569,0.196125,,2026-10-03T17:02:03.243438+07:00,247.89170653099973,0.035423110999545315,OK,,True,2782,0.34775,
18ebb433656a4f7882ed466d1e76ad7d,249,2026-10-03T17:02:04.015829+07:00,248.66408550699998,29.38147039099931,RECOVERY,1462.1954614249998,0.9999861230007809,0.2634831989998929,0.00011452000035205856,DISABLED,on,user_reported,36.61134338378906,54.80592727661133,1007.185859375,106711.1328125,True,True,True,176,0,0,109,178,101,2026-10-03T17:02:04.015957+07:00,248.66422887599947,0.19040805400072713,OK,,True,2026-10-03T17:02:04.206388+07:00,248.85465331900014,0.037561867999102105,OK,,True,1568,0.196,,2026-10-03T17:02:04.243956+07:00,248.89222466799947,0.03532331600035832,OK,,True,2789,0.348625,
18ebb433656a4f7882ed466d1e76ad7d,250,2026-10-03T17:02:05.015832+07:00,249.66408933799903,30.38147422199836,RECOVERY,1463.195465255999,1.0000038309990487,0.26217141699999047,0.00011835099940071814,DISABLED,on,user_reported,36.608154296875,54.81824493408203,1007.18078125,106048.0546875,True,True,True,176,0,0,109,178,101,2026-10-03T17:02:05.015943+07:00,249.66421489200002,0.19036535200029903,OK,,True,2026-10-03T17:02:05.206333+07:00,249.85459768799956,0.03541996300009487,OK,,True,1561,0.195125,,2026-10-03T17:02:05.241759+07:00,249.89002681800048,0.036210454998581554,OK,,True,2770,0.34625,
18ebb433656a4f7882ed466d1e76ad7d,251,2026-10-03T17:02:06.015804+07:00,250.66406643200025,31.381451315999584,RECOVERY,1464.1954423500001,0.999977094001224,0.25200746299924504,9.544500062474981e-05,DISABLED,on,user_reported,36.61198043823242,54.81880569458008,1007.146015625,105850.734375,True,True,True,176,0,0,109,178,101,2026-10-03T17:02:06.015887+07:00,250.66415911699914,0.18582306300049822,OK,,True,2026-10-03T17:02:06.201722+07:00,250.84999082899958,0.033165762999487924,OK,,True,1570,0.19625,,2026-10-03T17:02:06.234893+07:00,250.88316253599987,0.03290226699937193,OK,,True,2772,0.34650000000000003,
18ebb433656a4f7882ed466d1e76ad7d,252,2026-10-03T17:02:07.015832+07:00,251.664091233999,32.38147611799832,RECOVERY,1465.1954671519989,1.000024801998734,0.2518859280007746,0.00012024699935864192,DISABLED,on,user_reported,36.60942840576172,54.812042236328125,1007.169140625,106378.5546875,True,True,True,176,0,0,109,178,101,2026-10-03T17:02:07.015920+07:00,251.66419308399963,0.18584749100045883,OK,,True,2026-10-03T17:02:07.201781+07:00,251.85005013000045,0.033039838999684434,OK,,True,1554,0.19425,,2026-10-03T17:02:07.234823+07:00,251.88309370999923,0.032875210999918636,OK,,True,2768,0.34600000000000003,
18ebb433656a4f7882ed466d1e76ad7d,253,2026-10-03T17:02:08.015835+07:00,252.66409409399967,33.381478977998995,RECOVERY,1466.1954700119995,1.0000028600006772,0.2517677640007605,0.00012310700003581587,DISABLED,on,user_reported,36.60942840576172,54.80564880371094,1007.182890625,105916.421875,True,True,True,176,0,0,109,178,101,2026-10-03T17:02:08.015923+07:00,252.66419601899906,0.1858245290004561,OK,,True,2026-10-03T17:02:08.201760+07:00,252.85002910299954,0.03298882099988987,OK,,True,1563,0.195375,,2026-10-03T17:02:08.234749+07:00,252.8830208319996,0.0328325450009288,OK,,True,2777,0.347125,
18ebb433656a4f7882ed466d1e76ad7d,254,2026-10-03T17:02:09.015793+07:00,253.66405483000017,34.3814397139995,RECOVERY,1467.195430748,0.999960736000503,0.2521182799991948,8.384300053876359e-05,DISABLED,on,user_reported,36.61517333984375,54.81929016113281,1007.123671875,105982.1953125,True,True,True,176,0,0,109,178,101,2026-10-03T17:02:09.015876+07:00,253.66414855099902,0.1858283070014295,OK,,True,2026-10-03T17:02:09.201717+07:00,253.8499858769992,0.0333052250007313,OK,,True,1573,0.196625,,2026-10-03T17:02:09.235025+07:00,253.88329576899923,0.03286832200137724,OK,,True,2772,0.34650000000000003,
18ebb433656a4f7882ed466d1e76ad7d,255,2026-10-03T17:02:10.015831+07:00,254.66409140199903,35.38147628599836,RECOVERY,1468.195467319999,1.0000365719988622,0.2529639570002473,0.00012041499940096401,DISABLED,on,user_reported,36.61581039428711,54.81298828125,1007.124609375,105850.734375,True,True,True,176,0,0,109,178,101,2026-10-03T17:02:10.015921+07:00,254.6641936420001,0.1861608780000097,OK,,True,2026-10-03T17:02:10.202108+07:00,254.8503712239999,0.03345870500015735,OK,,True,1557,0.194625,,2026-10-03T17:02:10.235571+07:00,254.88383844800046,0.03320283699940774,OK,,True,2756,0.34450000000000003,
18ebb433656a4f7882ed466d1e76ad7d,256,2026-10-03T17:02:11.015846+07:00,255.66409936700074,36.381484251000074,RECOVERY,1469.1954752850006,1.0000079650017142,0.2528328669995972,0.00012838000111514702,DISABLED,on,user_reported,36.60942840576172,54.78647232055664,1007.169140625,105916.421875,True,True,True,176,0,0,109,178,101,2026-10-03T17:02:11.015990+07:00,255.66426032799973,0.18677900300099282,OK,,True,2026-10-03T17:02:11.202779+07:00,255.851048257,0.03300970999953279,OK,,True,1564,0.1955,,2026-10-03T17:02:11.235790+07:00,255.88406172599935,0.03286223000031896,OK,,True,2771,0.346375,
18ebb433656a4f7882ed466d1e76ad7d,257,2026-10-03T17:02:12.015798+07:00,256.66405976200076,37.38144464600009,RECOVERY,1470.1954356800006,0.9999603950000164,0.2519933019993914,8.877500113158021e-05,DISABLED,on,user_reported,36.61453628540039,54.787235260009766,1007.1159375,105850.734375,True,True,True,176,0,0,109,178,101,2026-10-03T17:02:12.015880+07:00,256.66415255799984,0.18581793799967272,OK,,True,2026-10-03T17:02:12.201710+07:00,256.8499789039997,0.03319891200044367,OK,,True,1566,0.19575,,2026-10-03T17:02:12.234914+07:00,256.8831830929994,0.032861231000424596,OK,,True,2769,0.346125,
18ebb433656a4f7882ed466d1e76ad7d,258,2026-10-03T17:02:13.015839+07:00,257.6640975680002,38.381482451999545,RECOVERY,1471.195473486,1.0000378059994546,0.2517547129991726,0.00012658100058615673,DISABLED,on,user_reported,36.61453628540039,54.79362487792969,1007.1090625,106113.9921875,True,True,True,176,0,0,109,178,101,2026-10-03T17:02:13.015925+07:00,257.6641976970004,0.18583227199997054,OK,,True,2026-10-03T17:02:13.201770+07:00,257.8500383949995,0.032984987999952864,OK,,True,1568,0.196,,2026-10-03T17:02:13.234756+07:00,257.88302740200015,0.03281654599959438,OK,,True,2770,0.34625,
18ebb433656a4f7882ed466d1e76ad7d,259,2026-10-03T17:02:14.015952+07:00,258.66421554299995,39.381600426999285,RECOVERY,1472.1955914609998,1.000117974999739,0.25305729399951815,0.0002445560003252467,DISABLED,on,user_reported,36.613258361816406,54.79343032836914,1007.216484375,105523.4921875,True,True,True,176,0,0,109,179,101,2026-10-03T17:02:14.016028+07:00,258.66430061699975,0.18698613199921965,OK,,True,2026-10-03T17:02:14.203027+07:00,258.85129513799984,0.033134282999526476,OK,,True,1556,0.1945,,2026-10-03T17:02:14.236163+07:00,258.8844333649995,0.03283017600006133,OK,,True,2780,0.34750000000000003,
18ebb433656a4f7882ed466d1e76ad7d,260,2026-10-03T17:02:15.015806+07:00,259.6640668580003,40.381451741999626,RECOVERY,1473.1954427760002,0.9998513150003419,0.25324521899892716,9.587100066710263e-05,DISABLED,on,user_reported,36.61389923095703,54.79352569580078,1007.23109375,105916.421875,True,True,True,176,0,0,109,179,101,2026-10-03T17:02:15.015886+07:00,259.66415854300067,0.18582581099872186,OK,,True,2026-10-03T17:02:15.201724+07:00,259.8499926679997,0.033990701000220724,OK,,True,1560,0.195,,2026-10-03T17:02:15.235724+07:00,259.8839910179995,0.033302800000456045,OK,,True,2756,0.34450000000000003,
18ebb433656a4f7882ed466d1e76ad7d,261,2026-10-03T17:02:16.015838+07:00,260.66409765699973,41.38148254099906,RECOVERY,1474.1954735749996,1.0000307989994326,0.2615930259999004,0.00012667000009969342,DISABLED,on,user_reported,36.61517333984375,54.800113677978516,1007.226328125,106644.4453125,True,True,True,176,0,0,109,178,101,2026-10-03T17:02:16.015926+07:00,260.6641983779991,0.18976055100029043,OK,,True,2026-10-03T17:02:16.205708+07:00,260.85397411399936,0.036853617000815575,OK,,True,1574,0.19675,,2026-10-03T17:02:16.242568+07:00,260.89083597199897,0.034834896001484594,OK,,True,2781,0.347625,
18ebb433656a4f7882ed466d1e76ad7d,262,2026-10-03T17:02:17.016005+07:00,261.66425658799926,42.38164147199859,RECOVERY,1475.1956325059991,1.0001589309995325,0.2624663890001102,0.0002856009996321518,DISABLED,on,user_reported,36.61453628540039,54.800018310546875,1007.2253125,105850.734375,True,True,True,176,0,0,109,179,101,2026-10-03T17:02:17.016160+07:00,261.6644310310003,0.18912551999892457,OK,,True,2026-10-03T17:02:17.205300+07:00,261.853567791999,0.036044792001121095,OK,,True,1579,0.197375,,2026-10-03T17:02:17.241352+07:00,261.889619657999,0.0370833560009487,OK,,True,2775,0.346875,
18ebb433656a4f7882ed466d1e76ad7d,263,2026-10-03T17:02:18.015863+07:00,262.6641150260002,43.38149990999955,RECOVERY,1476.195490944,0.9998584380009561,0.25305937099983566,0.00014403900058823638,DISABLED,on,user_reported,36.621551513671875,54.77549743652344,1007.23671875,106844.7421875,True,True,True,176,0,0,109,178,101,2026-10-03T17:02:18.016014+07:00,262.66428478300077,0.18700102399998286,OK,,True,2026-10-03T17:02:18.203026+07:00,262.8512948810003,0.03301241500048491,OK,,True,1579,0.197375,,2026-10-03T17:02:18.236041+07:00,262.88431122099973,0.032853917000466026,OK,,True,2769,0.346125,
18ebb433656a4f7882ed466d1e76ad7d,264,2026-10-03T17:02:19.015801+07:00,263.6640623179992,44.381447201998526,RECOVERY,1477.195438235999,0.9999472919989785,0.2530723540003237,9.133099956670776e-05,DISABLED,on,user_reported,36.61644744873047,54.79391098022461,1007.19421875,106844.7421875,True,True,True,176,0,0,109,178,101,2026-10-03T17:02:19.015877+07:00,263.66414927999904,0.18596564600011334,OK,,True,2026-10-03T17:02:19.201858+07:00,263.8501254999992,0.03315559800103074,OK,,True,1563,0.195375,,2026-10-03T17:02:19.235020+07:00,263.8832875240005,0.03383307399963087,OK,,True,2758,0.34475,
18ebb433656a4f7882ed466d1e76ad7d,265,2026-10-03T17:02:20.015807+07:00,264.66406757599907,45.3814524599984,RECOVERY,1478.195443493999,1.0000052579998737,0.2530782990015723,9.658899944042787e-05,DISABLED,on,user_reported,36.61644744873047,54.7811279296875,1007.166953125,106378.5546875,True,True,True,176,0,0,109,178,101,2026-10-03T17:02:20.015887+07:00,264.6641598719998,0.18582788800085837,OK,,True,2026-10-03T17:02:20.201728+07:00,264.8499965379997,0.033447613999669557,OK,,True,1573,0.196625,,2026-10-03T17:02:20.235182+07:00,264.88345007799944,0.033668519999991986,OK,,True,2774,0.34675,
18ebb433656a4f7882ed466d1e76ad7d,266,2026-10-03T17:02:21.015812+07:00,265.6640722459997,46.381457129999035,RECOVERY,1479.1954481639996,1.000004670000635,0.2522640120005235,0.00010125900007551536,DISABLED,on,user_reported,36.6107063293457,54.78666687011719,1007.171171875,106444.90625,True,True,True,176,0,0,109,178,101,2026-10-03T17:02:21.015892+07:00,265.6641649859994,0.1858149820000108,OK,,True,2026-10-03T17:02:21.201720+07:00,265.84998859699954,0.03346066999984032,OK,,True,1565,0.195625,,2026-10-03T17:02:21.235185+07:00,265.88345426699925,0.03287119500055269,OK,,True,2774,0.34675,
18ebb433656a4f7882ed466d1e76ad7d,267,2026-10-03T17:02:22.015806+07:00,266.6640672529993,47.38145213699863,RECOVERY,1480.1954431709992,0.9999950069995975,0.25250676900031976,9.626599967305083e-05,DISABLED,on,user_reported,36.60942840576172,54.78007888793945,1007.134921875,106113.9921875,True,True,True,176,0,0,109,178,101,2026-10-03T17:02:22.015885+07:00,266.66415784499986,0.18594312899949728,OK,,True,2026-10-03T17:02:22.201841+07:00,266.85010978900027,0.033372874999258784,OK,,True,1561,0.195125,,2026-10-03T17:02:22.235219+07:00,266.88348838599995,0.0330763219990331,OK,,True,2768,0.34600000000000003,
18ebb433656a4f7882ed466d1e76ad7d,268,2026-10-03T17:02:23.015805+07:00,267.6640665779996,48.38145146199895,RECOVERY,1481.1954424959995,0.9999993250003172,0.2638850100011041,9.559099999023601e-05,DISABLED,on,user_reported,36.61198043823242,54.793243408203125,1007.111796875,105588.78125,True,True,True,176,0,0,109,179,101,2026-10-03T17:02:23.015883+07:00,267.66415600300024,0.18970555600026273,OK,,True,2026-10-03T17:02:23.205708+07:00,267.8538770409996,0.037373631001173635,OK,,True,1558,0.19475,,2026-10-03T17:02:23.242995+07:00,267.89126109800054,0.036671953999757534,OK,,True,2783,0.347875,
18ebb433656a4f7882ed466d1e76ad7d,269,2026-10-03T17:02:24.015870+07:00,268.66412198099897,49.3815068649983,RECOVERY,1482.1954978989988,1.000055402999351,0.2542155140017712,0.00015099399934115354,DISABLED,on,user_reported,36.61453628540039,54.78084182739258,1007.184296875,106378.5546875,True,True,True,176,0,0,109,178,101,2026-10-03T17:02:24.016021+07:00,268.6642917379995,0.18742589500106988,OK,,True,2026-10-03T17:02:24.203460+07:00,268.85172822499953,0.03329528299946105,OK,,True,1566,0.19575,,2026-10-03T17:02:24.236760+07:00,268.8850290270002,0.033296800998869,OK,,True,2766,0.34575,
18ebb433656a4f7882ed466d1e76ad7d,270,2026-10-03T17:02:25.015801+07:00,269.6640631659993,50.38144804999865,RECOVERY,1483.1954390839992,0.9999411850003526,0.25280980699972133,9.217899969371501e-05,DISABLED,on,user_reported,36.61581039428711,54.800201416015625,1007.152109375,106113.9921875,True,True,True,176,0,0,109,178,101,2026-10-03T17:02:25.015876+07:00,269.66414899899974,0.18581970699960948,OK,,True,2026-10-03T17:02:25.201708+07:00,269.8499769650007,0.033948183998290915,OK,,True,1563,0.195375,,2026-10-03T17:02:25.235662+07:00,269.8839315559999,0.03293223100081377,OK,,True,2773,0.346625,
18ebb433656a4f7882ed466d1e76ad7d,271,2026-10-03T17:02:26.015801+07:00,270.6640625580003,51.381447441999626,RECOVERY,1484.1954384760002,0.9999993920009729,0.25230860900046537,9.157100066659041e-05,DISABLED,on,user_reported,36.61261749267578,54.7933349609375,1007.15390625,106048.0546875,True,True,True,176,0,0,109,178,101,2026-10-03T17:02:26.015881+07:00,270.6641535020008,0.18584659599946463,OK,,True,2026-10-03T17:02:26.201741+07:00,270.85000956099975,0.033086211000409094,OK,,True,1564,0.1955,,2026-10-03T17:02:26.234831+07:00,270.88310036499934,0.03325980200133927,OK,,True,2775,0.346875,
18ebb433656a4f7882ed466d1e76ad7d,272,2026-10-03T17:02:27.015795+07:00,271.6640582689997,52.381443152999054,RECOVERY,1485.1954341869996,0.9999957109994284,0.2522844430004625,8.728200009500142e-05,DISABLED,on,user_reported,36.61453628540039,54.787235260009766,1007.1090625,106113.9921875,True,True,True,176,0,0,109,178,101,2026-10-03T17:02:27.015871+07:00,271.6641438610004,0.18586633700033417,OK,,True,2026-10-03T17:02:27.201755+07:00,271.850022790999,0.03342996700121148,OK,,True,1563,0.195375,,2026-10-03T17:02:27.235189+07:00,271.88345883200054,0.03287363900017226,OK,,True,2767,0.345875,
18ebb433656a4f7882ed466d1e76ad7d,273,2026-10-03T17:02:28.015796+07:00,272.6640600390001,53.381444922999435,RECOVERY,1486.195435957,1.000001770000381,0.2541810919992713,8.905200047593098e-05,DISABLED,on,user_reported,36.60879135131836,54.79277420043945,1007.14765625,105850.734375,True,True,True,176,0,0,109,178,101,2026-10-03T17:02:28.015870+07:00,272.66414257500037,0.1860594099998707,OK,,True,2026-10-03T17:02:28.201945+07:00,272.8502128559994,0.03513085800113913,OK,,True,1582,0.19775,,2026-10-03T17:02:28.237081+07:00,272.88535012099965,0.03288158400027896,OK,,True,2773,0.346625,
18ebb433656a4f7882ed466d1e76ad7d,274,2026-10-03T17:02:29.015796+07:00,273.66405864599983,54.38144352999916,RECOVERY,1487.1954345639997,0.9999986069997249,0.26464023100015766,8.765900020080153e-05,DISABLED,on,user_reported,36.617088317871094,54.8004035949707,1007.154296875,106511.3359375,True,True,True,176,0,0,109,178,101,2026-10-03T17:02:29.015875+07:00,273.6641481259994,0.19065643999965687,OK,,True,2026-10-03T17:02:29.206557+07:00,273.85482165900066,0.037018598999566166,OK,,True,1555,0.194375,,2026-10-03T17:02:29.243591+07:00,273.8918549980008,0.036818137999944156,OK,,True,2779,0.347375,
18ebb433656a4f7882ed466d1e76ad7d,275,2026-10-03T17:02:30.015811+07:00,274.66407353400064,55.381458417999966,RECOVERY,1488.1954494520005,1.0000148880008055,0.2529844389991922,0.00010254700100631453,DISABLED,on,user_reported,36.61581039428711,54.80659484863281,1007.213671875,105719.59375,True,True,True,176,0,0,109,178,101,2026-10-03T17:02:30.015891+07:00,274.6641638109995,0.18581280299986247,OK,,True,2026-10-03T17:02:30.201716+07:00,274.84998448400074,0.03304900900002394,OK,,True,1569,0.196125,,2026-10-03T17:02:30.234768+07:00,274.8830380849995,0.03400468499967246,OK,,True,2762,0.34525,
18ebb433656a4f7882ed466d1e76ad7d,276,2026-10-03T17:02:31.015800+07:00,275.66406298199945,56.38144786599878,RECOVERY,1489.1954388999993,0.9999894479988143,0.25421207600084017,9.199499982059933e-05,DISABLED,on,user_reported,36.61198043823242,54.79963302612305,1007.228125,106312.2890625,True,True,True,176,0,0,109,178,101,2026-10-03T17:02:31.015875+07:00,275.66414755500045,0.18582191499990586,OK,,True,2026-10-03T17:02:31.201709+07:00,275.8499777289999,0.033043027000530856,OK,,True,1559,0.194875,,2026-10-03T17:02:31.234754+07:00,275.883024793,0.03523600600055943,OK,,True,2753,0.344125,
18ebb433656a4f7882ed466d1e76ad7d,277,2026-10-03T17:02:32.015801+07:00,276.6640634329997,57.38144831699901,RECOVERY,1490.1954393509995,1.0000004510002327,0.2524131869995472,9.244600005331449e-05,DISABLED,on,user_reported,36.6107063293457,54.7994499206543,1007.2259375,106511.3359375,True,True,True,176,0,0,109,178,101,2026-10-03T17:02:32.015886+07:00,276.66415874700033,0.18582184099977894,OK,,True,2026-10-03T17:02:32.201720+07:00,276.84998895900026,0.03304326800025592,OK,,True,1568,0.196,,2026-10-03T17:02:32.234766+07:00,276.88303669000015,0.03342846799932886,OK,,True,2769,0.346125,
18ebb433656a4f7882ed466d1e76ad7d,278,2026-10-03T17:02:33.015792+07:00,277.66405625900006,58.38144114299939,RECOVERY,1491.195432177,0.9999928260003799,0.2523401140006172,8.527200043317862e-05,DISABLED,on,user_reported,36.61261749267578,54.81890869140625,1007.2221875,105393.1640625,True,True,True,176,0,0,109,178,101,2026-10-03T17:02:33.015869+07:00,277.6641415359991,0.1860882280016085,OK,,True,2026-10-03T17:02:33.201967+07:00,277.8502363379994,0.0330715460004285,OK,,True,1561,0.195125,,2026-10-03T17:02:33.235045+07:00,277.88331310600006,0.033072045000153594,OK,,True,2769,0.346125,
18ebb433656a4f7882ed466d1e76ad7d,279,2026-10-03T17:02:34.015792+07:00,278.6640553840007,59.381440268000006,RECOVERY,1492.1954313020005,0.9999991250006133,0.25661886999841954,8.439700104645453e-05,DISABLED,on,user_reported,36.610069274902344,54.80574417114258,1007.183828125,106180.0078125,True,True,True,176,0,0,109,178,101,2026-10-03T17:02:34.015872+07:00,278.66414449399963,0.18588611999985005,OK,,True,2026-10-03T17:02:34.201776+07:00,278.8500431880002,0.035462541000015335,OK,,True,1555,0.194375,,2026-10-03T17:02:34.237245+07:00,278.88551330299924,0.03514604400152166,OK,,True,2763,0.345375,
18ebb433656a4f7882ed466d1e76ad7d,280,2026-10-03T17:02:35.015840+07:00,279.66409282699897,0.38147771099829697,WAIT_FINISH,1493.1954687449988,1.0000374429982912,0.2695298560010997,0.00012183999933768064,DISABLED,on,user_reported,36.613258361816406,54.7998161315918,1007.216484375,105654.1484375,True,True,True,176,0,0,109,178,101,2026-10-03T17:02:35.015973+07:00,279.6642446780006,0.19662660799986043,OK,,True,2026-10-03T17:02:35.212619+07:00,279.86088447099974,0.03736600299998827,OK,,True,1572,0.1965,,2026-10-03T17:02:35.249996+07:00,279.89826228899983,0.03533791299923905,OK,,True,2780,0.34750000000000003,
18ebb433656a4f7882ed466d1e76ad7d,281,2026-10-03T17:02:36.015812+07:00,280.66407492299913,1.381459806998464,WAIT_FINISH,1494.195450840999,0.9999820960001671,0.2514515900002152,0.00010393599950475618,DISABLED,on,user_reported,36.610069274902344,54.79935073852539,1007.218046875,106577.8515625,True,True,True,176,0,0,109,178,101,2026-10-03T17:02:36.015886+07:00,280.66415868200056,0.18581160299982002,OK,,True,2026-10-03T17:02:36.201708+07:00,280.8499776179997,0.032673161000275286,OK,,True,1569,0.196125,,2026-10-03T17:02:36.234389+07:00,280.882658298,0.03285308500016981,OK,,True,2758,0.34475,
18ebb433656a4f7882ed466d1e76ad7d,282,2026-10-03T17:02:37.015797+07:00,281.6640605039993,2.3814453879986104,WAIT_FINISH,1495.1954364219991,0.9999855810001463,0.25274180000087654,8.951699965109583e-05,DISABLED,on,user_reported,36.61581039428711,54.79381561279297,1007.19984375,105785.125,True,True,True,176,0,0,109,178,101,2026-10-03T17:02:37.015872+07:00,281.664144336999,0.185818696001661,OK,,True,2026-10-03T17:02:37.201703+07:00,281.8499712550001,0.032713586999307154,OK,,True,1567,0.195875,,2026-10-03T17:02:37.234422+07:00,281.8826901749999,0.034098685000572004,OK,,True,2769,0.346125,
18ebb433656a4f7882ed466d1e76ad7d,283,2026-10-03T17:02:38.015833+07:00,282.66409321799983,3.381478101999164,WAIT_FINISH,1496.1954691359997,1.0000327140005538,0.2535048490008194,0.00012223100020491984,DISABLED,on,user_reported,36.61517333984375,54.79372024536133,1007.185234375,106312.2890625,True,True,True,176,0,0,109,178,101,2026-10-03T17:02:38.015921+07:00,282.6641934950003,0.1858366409996961,OK,,True,2026-10-03T17:02:38.201772+07:00,282.850039895,0.03439675600020564,OK,,True,1560,0.195,,2026-10-03T17:02:38.236173+07:00,282.88444244700077,0.03314498999861826,OK,,True,2764,0.34550000000000003,
18ebb433656a4f7882ed466d1e76ad7d,284,2026-10-03T17:02:39.015794+07:00,283.66405782499896,4.381442708998293,WAIT_FINISH,1497.1954337429988,0.9999646069991286,0.2555983110014495,8.68379993335111e-05,DISABLED,on,user_reported,36.60942840576172,54.79925537109375,1007.217109375,106180.0078125,True,True,True,176,0,0,109,178,101,2026-10-03T17:02:39.015867+07:00,283.66413961999933,0.1858128650001163,OK,,True,2026-10-03T17:02:39.201690+07:00,283.8499601330004,0.0350049909993686,OK,,True,1567,0.195875,,2026-10-03T17:02:39.236701+07:00,283.8849702160005,0.03467271599947708,OK,,True,2768,0.34600000000000003,
18ebb433656a4f7882ed466d1e76ad7d,285,2026-10-03T17:02:40.015795+07:00,284.6640583799999,5.381443263999245,WAIT_FINISH,1498.1954342979998,1.0000005550009519,0.2520332160001999,8.7393000285374e-05,DISABLED,on,user_reported,36.60688018798828,54.80527114868164,1007.171796875,105393.1640625,True,True,True,176,0,0,109,178,101,2026-10-03T17:02:40.015871+07:00,284.6641439340001,0.18580758799907926,OK,,True,2026-10-03T17:02:40.201689+07:00,284.8499587440001,0.03299565799898119,OK,,True,1560,0.195,,2026-10-03T17:02:40.234687+07:00,284.88295793900033,0.033123045999673195,OK,,True,2769,0.346125,
18ebb433656a4f7882ed466d1e76ad7d,286,2026-10-03T17:02:41.015795+07:00,285.66405632699934,6.381441210998673,WAIT_FINISH,1499.1954322449992,0.9999979469994287,0.252205271001003,8.533999971405137e-05,DISABLED,on,user_reported,36.60879135131836,54.811946868896484,1007.2365625,106180.0078125,True,True,True,176,0,0,109,178,101,2026-10-03T17:02:41.015878+07:00,285.6641505669995,0.1858172909996938,OK,,True,2026-10-03T17:02:41.201706+07:00,285.8499753769993,0.033286415000475245,OK,,True,1564,0.1955,,2026-10-03T17:02:41.234995+07:00,285.88326599500033,0.03298532599910686,OK,,True,2765,0.345625,
18ebb433656a4f7882ed466d1e76ad7d,287,2026-10-03T17:02:42.015794+07:00,286.664057426,7.381442309999329,WAIT_FINISH,1500.1954333439999,1.0000010990006558,0.25327302100049565,8.643900036986452e-05,DISABLED,on,user_reported,36.61198043823242,54.80602264404297,1007.200703125,105916.421875,True,True,True,176,0,0,109,178,101,2026-10-03T17:02:42.015869+07:00,286.6641414250007,0.18586036599845102,OK,,True,2026-10-03T17:02:42.201742+07:00,286.85001073499916,0.03310223200060136,OK,,True,1561,0.195125,,2026-10-03T17:02:42.234847+07:00,286.8831171889997,0.03420049899978039,OK,,True,2767,0.345875,
18ebb433656a4f7882ed466d1e76ad7d,288,2026-10-03T17:02:43.015794+07:00,287.6640578059996,8.381442689998948,WAIT_FINISH,1501.1954337239995,1.0000003799996193,0.2534635760002857,8.681899998919107e-05,DISABLED,on,user_reported,36.61453628540039,54.79362487792969,1007.156953125,105850.734375,True,True,True,176,0,0,109,178,101,2026-10-03T17:02:43.015867+07:00,287.66413952699986,0.18581088599967188,OK,,True,2026-10-03T17:02:43.201688+07:00,287.8499576539998,0.032995732999552274,OK,,True,1574,0.19675,,2026-10-03T17:02:43.234686+07:00,287.88295735000065,0.03455299499910325,OK,,True,2775,0.346875,
18ebb433656a4f7882ed466d1e76ad7d,289,2026-10-03T17:02:44.015834+07:00,288.66409404099977,9.3814789249991,WAIT_FINISH,1502.1954699589996,1.0000362350001524,0.25182911199954106,0.00012305400014156476,DISABLED,on,user_reported,36.61644744873047,54.80669403076172,1007.16,106644.4453125,True,True,True,176,0,0,109,178,101,2026-10-03T17:02:44.015924+07:00,288.6641966879997,0.18583396100075333,OK,,True,2026-10-03T17:02:44.201770+07:00,288.8500390379995,0.03300649199991312,OK,,True,1567,0.195875,,2026-10-03T17:02:44.234778+07:00,288.8830489560005,0.032864770999367465,OK,,True,2775,0.346875,
18ebb433656a4f7882ed466d1e76ad7d,290,2026-10-03T17:02:45.015799+07:00,289.6640607619993,10.38144564599861,WAIT_FINISH,1503.1954366799991,0.9999667209995096,0.2517579100003786,8.977499965112656e-05,DISABLED,on,user_reported,36.610069274902344,54.80574417114258,1007.211171875,105523.4921875,True,True,True,176,0,0,109,178,101,2026-10-03T17:02:45.015876+07:00,289.6641490210004,0.18581625699880533,OK,,True,2026-10-03T17:02:45.201702+07:00,289.8499725189995,0.03295943699959025,OK,,True,1572,0.1965,,2026-10-03T17:02:45.234663+07:00,289.8829347709998,0.03287477100093383,OK,,True,2775,0.346875,
18ebb433656a4f7882ed466d1e76ad7d,291,2026-10-03T17:02:46.015852+07:00,290.6641067269993,11.381491610998637,WAIT_FINISH,1504.1954826449992,1.0000459650000266,0.2626980069999263,0.00013573999967775308,DISABLED,on,user_reported,36.606239318847656,54.81156921386719,1007.205,105654.1484375,True,True,True,176,0,0,109,178,101,2026-10-03T17:02:46.015999+07:00,290.6642695589999,0.1917648670005292,OK,,True,2026-10-03T17:02:46.207782+07:00,290.856049091999,0.03550089400050638,OK,,True,1574,0.19675,,2026-10-03T17:02:46.243292+07:00,290.8915593750007,0.03522771099960664,OK,,True,2788,0.34850000000000003,
18ebb433656a4f7882ed466d1e76ad7d,292,2026-10-03T17:02:47.015872+07:00,291.6641242509995,12.38150913499885,WAIT_FINISH,1505.1955001689994,1.0000175240002136,0.2638960700005555,0.00015326399989135098,DISABLED,on,user_reported,36.60751724243164,54.81175231933594,1007.241328125,105393.1640625,True,True,True,176,0,0,109,179,101,2026-10-03T17:02:47.016033+07:00,291.66430391599897,0.1920929010011605,OK,,True,2026-10-03T17:02:47.208147+07:00,291.8564126509991,0.03624372000012954,OK,,True,1567,0.195875,,2026-10-03T17:02:47.244400+07:00,291.8926670189994,0.03533189500012668,OK,,True,2793,0.349125,
18ebb433656a4f7882ed466d1e76ad7d,293,2026-10-03T17:02:48.015852+07:00,292.664106446,13.381491329999335,WAIT_FINISH,1506.1954823639999,0.9999821950004844,0.262660065000091,0.0001354590003757039,DISABLED,on,user_reported,36.613258361816406,54.81260299682617,1007.236953125,106777.890625,True,True,True,176,0,0,109,178,101,2026-10-03T17:02:48.016000+07:00,292.66427116699924,0.1917577940002957,OK,,True,2026-10-03T17:02:48.207777+07:00,292.85604384900034,0.035466949999317876,OK,,True,1550,0.19375,,2026-10-03T17:02:48.243253+07:00,292.89152005899996,0.03522746999988158,OK,,True,2790,0.34875,
18ebb433656a4f7882ed466d1e76ad7d,294,2026-10-03T17:02:49.015846+07:00,293.66409951400055,14.381484397999884,WAIT_FINISH,1507.1954754320004,0.9999930680005491,0.2631013769987476,0.00012852700092480518,DISABLED,on,user_reported,36.61198043823242,54.81241226196289,1007.214453125,106048.0546875,True,True,True,176,0,0,109,178,101,2026-10-03T17:02:49.015991+07:00,293.6642618650003,0.19174560899955395,OK,,True,2026-10-03T17:02:49.207757+07:00,293.85602295600074,0.03573920700000599,OK,,True,1609,0.201125,,2026-10-03T17:02:49.243507+07:00,293.89177366200056,0.03540772899941658,OK,,True,2781,0.347625,
18ebb433656a4f7882ed466d1e76ad7d,295,2026-10-03T17:02:50.015918+07:00,294.6641681229994,15.381553006998729,WAIT_FINISH,1508.1955440409993,1.0000686089988449,0.2609838980006316,0.0001971359997696709,DISABLED,on,user_reported,36.60879135131836,54.8055534362793,1007.181875,105916.421875,True,True,True,176,0,0,109,178,101,2026-10-03T17:02:50.016087+07:00,294.6643585839993,0.19090493300063827,OK,,True,2026-10-03T17:02:50.207014+07:00,294.85527962800006,0.03464594000070065,OK,,True,1577,0.197125,,2026-10-03T17:02:50.241666+07:00,294.88993542000026,0.03519382299964491,OK,,True,2783,0.347875,
18ebb433656a4f7882ed466d1e76ad7d,296,2026-10-03T17:02:51.015809+07:00,295.66407236600025,16.381457249999585,WAIT_FINISH,1509.1954482840001,0.9999042430008558,0.25179433999983303,0.00010137900062545668,DISABLED,on,user_reported,36.61261749267578,54.806121826171875,1007.160625,105588.78125,True,True,True,176,0,0,109,178,101,2026-10-03T17:02:51.015878+07:00,295.66415101299935,0.185817761999715,OK,,True,2026-10-03T17:02:51.201707+07:00,295.84997642300004,0.03297821500018472,OK,,True,1558,0.19475,,2026-10-03T17:02:51.234686+07:00,295.8829577310007,0.03289906799909659,OK,,True,2769,0.346125,
18ebb433656a4f7882ed466d1e76ad7d,297,2026-10-03T17:02:52.015797+07:00,296.66406016700057,17.3814450509999,WAIT_FINISH,1510.1954360850004,0.9999878010003158,0.2519665619984153,8.91800009412691e-05,DISABLED,on,user_reported,36.61453628540039,54.787235260009766,1007.211640625,105850.734375,True,True,True,176,0,0,109,178,101,2026-10-03T17:02:52.015873+07:00,296.6641454069995,0.18583967000085977,OK,,True,2026-10-03T17:02:52.201724+07:00,296.8499929289992,0.03310354700079188,OK,,True,1565,0.195625,,2026-10-03T17:02:52.234833+07:00,296.88310214299963,0.03291386400087504,OK,,True,2770,0.34625,
18ebb433656a4f7882ed466d1e76ad7d,298,2026-10-03T17:02:53.015800+07:00,297.66406239800017,18.3814472819995,WAIT_FINISH,1511.195438316,1.0000022309995984,0.25173039800029073,9.141100053966511e-05,DISABLED,on,user_reported,36.60432815551758,54.798492431640625,1007.188203125,105263.15625,True,True,True,176,0,0,109,179,101,2026-10-03T17:02:53.015874+07:00,297.66414684200026,0.18581292899943946,OK,,True,2026-10-03T17:02:53.201698+07:00,297.84996693799985,0.03295493800033,OK,,True,1570,0.19625,,2026-10-03T17:02:53.234653+07:00,297.88292469099906,0.03285930900165113,OK,,True,2772,0.34650000000000003,
18ebb433656a4f7882ed466d1e76ad7d,299,2026-10-03T17:02:54.015796+07:00,298.6640591510004,19.38144403499973,WAIT_FINISH,1512.1954350690003,0.9999967530002323,0.25197834099890315,8.816400077193975e-05,DISABLED,on,user_reported,36.59858322143555,54.78485107421875,1007.172109375,106777.890625,True,True,True,176,0,0,109,178,101,2026-10-03T17:02:54.015867+07:00,298.66413953899973,0.18581426399941847,OK,,True,2026-10-03T17:02:54.201691+07:00,298.8499611360003,0.03319560199997795,OK,,True,1567,0.195875,,2026-10-03T17:02:54.234888+07:00,298.8831597570006,0.03286834599930444,OK,,True,2771,0.346375,
18ebb433656a4f7882ed466d1e76ad7d,300,2026-10-03T17:02:55.015796+07:00,299.6640597959995,20.381444679998822,WAIT_FINISH,1513.1954357139994,1.0000006449990906,0.2517093450005632,8.880899986252189e-05,DISABLED,on,user_reported,36.603050231933594,54.78551483154297,1007.186171875,106577.8515625,True,True,True,176,0,0,109,178,101,2026-10-03T17:02:55.015868+07:00,299.6641404439997,0.18580720799945993,OK,,True,2026-10-03T17:02:55.201685+07:00,299.8499550409997,0.0329411610000534,OK,,True,1572,0.1965,,2026-10-03T17:02:55.234627+07:00,299.88289903499935,0.03286086499974772,OK,,True,2771,0.346375,
18ebb433656a4f7882ed466d1e76ad7d,301,2026-10-03T17:02:56.015837+07:00,300.6640878149992,21.38147269899855,WAIT_FINISH,1514.195463732999,1.0000280189997284,0.26434205599980487,0.00011682799959089607,DISABLED,on,user_reported,36.59986114501953,54.77226638793945,1007.146796875,105916.421875,True,True,True,176,0,0,109,178,101,2026-10-03T17:02:56.015998+07:00,300.6642694429993,0.19086301199968148,OK,,True,2026-10-03T17:02:56.206882+07:00,300.85514702900036,0.037791538999954355,OK,,True,1559,0.194875,,2026-10-03T17:02:56.244682+07:00,300.8929493279993,0.03546030200050154,OK,,True,2783,0.347875,
18ebb433656a4f7882ed466d1e76ad7d,302,2026-10-03T17:02:57.015845+07:00,301.6641044120006,22.381489295999927,WAIT_FINISH,1515.1954803300005,1.0000165970013768,0.252419579999696,0.00013342500096769072,DISABLED,on,user_reported,36.606239318847656,54.78600311279297,1007.122890625,106113.9921875,True,True,True,176,0,0,109,178,101,2026-10-03T17:02:57.015933+07:00,301.6642058920006,0.18585107999933825,OK,,True,2026-10-03T17:02:57.201798+07:00,301.8500659349993,0.0330176229999779,OK,,True,1568,0.196,,2026-10-03T17:02:57.234817+07:00,301.883087279999,0.03342573100053414,OK,,True,2770,0.34625,
18ebb433656a4f7882ed466d1e76ad7d,303,2026-10-03T17:02:58.015792+07:00,302.66405425300036,23.38143913699969,WAIT_FINISH,1516.1954301710002,0.9999498409997614,0.2537536050003837,8.326600072905421e-05,DISABLED,on,user_reported,36.606239318847656,54.77960968017578,1007.19140625,105588.78125,True,True,True,176,0,0,109,179,101,2026-10-03T17:02:58.015868+07:00,302.6641406229992,0.18581959900075162,OK,,True,2026-10-03T17:02:58.201700+07:00,302.84996864799905,0.0346231630010152,OK,,True,1566,0.19575,,2026-10-03T17:02:58.236329+07:00,302.88459768100074,0.03319860299961874,OK,,True,2772,0.34650000000000003,
