run_id,seq,timestamp,elapsed_s,phase_elapsed_s,phase,sensor_uptime_s,loop_interval_s,loop_duration_s,schedule_lag_s,pump_command,external_pump_state,external_pump_source,temperature_c,humidity_pct,pressure_hpa,gas_resistance_ohm,gas_valid,heater_stable,new_data,bme_status_bits,bme_meas_index,bme_gas_index,bme_res_heat,bme_idac,bme_gas_wait,bme_read_started_at,bme_read_elapsed_s,bme_read_duration_s,bme_status,bme_error,bme_fresh,mq135_read_started_at,mq135_read_elapsed_s,mq135_read_duration_s,mq135_status,mq135_error,mq135_fresh,mq135_adc_count,mq135_voltage_v,mq135_ao_voltage_v,mq3_read_started_at,mq3_read_elapsed_s,mq3_read_duration_s,mq3_status,mq3_error,mq3_fresh,mq3_adc_count,mq3_voltage_v,mq3_ao_voltage_v
ab14be9977d645198f54717810b879c8,1,2026-10-03T16:37:42.015729+07:00,0.04443852400072501,0.04443852400072501,MONITOR,0.1953695530000914,,0.25362095199943724,2.2648000594926998e-05,DISABLED,unknown,not_reported,39.20748519897461,50.459259033203125,1009.061484375,68687.953125,True,False,True,160,0,0,109,158,101,2026-10-03T16:37:42.015807+07:00,0.04452420899997378,0.1858723130008002,OK,,True,2026-10-03T16:37:42.201692+07:00,0.23040505900007702,0.032726893000472046,OK,,True,1588,0.1985,,2026-10-03T16:37:42.234425+07:00,0.2631387480005287,0.03490765399965312,OK,,True,2800,0.35000000000000003,
ab14be9977d645198f54717810b879c8,2,2026-10-03T16:37:43.015804+07:00,1.0445107040004586,1.0445107040004586,MONITOR,1.195441732999825,1.0000721799997336,0.25375269199957984,9.482800032856176e-05,DISABLED,unknown,not_reported,39.297447204589844,50.43437194824219,1009.0903125,5879.11083984375,True,True,True,176,0,0,109,178,101,2026-10-03T16:37:43.015881+07:00,1.0445962780004265,0.1860466070002076,OK,,True,2026-10-03T16:37:43.201943+07:00,1.2306547930002125,0.0340180680004778,OK,,True,1591,0.198875,,2026-10-03T16:37:43.235971+07:00,1.2646831950005435,0.03356797899959929,OK,,True,2802,0.35025,
ab14be9977d645198f54717810b879c8,3,2026-10-03T16:37:44.015801+07:00,2.044507627000712,2.044507627000712,MONITOR,2.1954386560000785,0.9999969230002534,0.25179735499932576,9.175100058200769e-05,DISABLED,unknown,not_reported,39.39251708984375,50.34748840332031,1009.106953125,6983.849609375,True,True,True,176,0,0,109,178,101,2026-10-03T16:37:44.015908+07:00,2.044625126000028,0.18584092400033114,OK,,True,2026-10-03T16:37:44.201768+07:00,2.2304814570006783,0.03298763299972052,OK,,True,1600,0.2,,2026-10-03T16:37:44.234757+07:00,2.263474053000209,0.03282161500010261,OK,,True,2822,0.35275,
ab14be9977d645198f54717810b879c8,4,2026-10-03T16:37:45.015803+07:00,3.044510457000797,3.044510457000797,MONITOR,3.1954414860001634,1.000002830000085,0.251777652999408,9.458100066694897e-05,DISABLED,unknown,not_reported,39.420589447021484,50.20098114013672,1009.097265625,8537.88671875,True,True,True,176,0,0,109,178,101,2026-10-03T16:37:45.015885+07:00,3.0446020859999408,0.18582935100039322,OK,,True,2026-10-03T16:37:45.201727+07:00,3.2304401220008003,0.03297872499933874,OK,,True,1596,0.1995,,2026-10-03T16:37:45.234705+07:00,3.2634221990001606,0.03285680000044522,OK,,True,2821,0.352625,
ab14be9977d645198f54717810b879c8,5,2026-10-03T16:37:46.015851+07:00,4.044547493000209,4.044547493000209,MONITOR,4.195478521999576,1.0000370359994122,0.2532271039999614,0.00013161700007913169,DISABLED,unknown,not_reported,39.42250442504883,50.08846664428711,1009.059296875,10392.984375,True,True,True,176,0,0,109,178,101,2026-10-03T16:37:46.015999+07:00,4.044715325000652,0.18699647199991887,OK,,True,2026-10-03T16:37:46.203008+07:00,4.231720741000572,0.03316607499982638,OK,,True,1600,0.2,,2026-10-03T16:37:46.236177+07:00,4.264891187000103,0.03287413300040498,OK,,True,2823,0.352875,
ab14be9977d645198f54717810b879c8,6,2026-10-03T16:37:47.015800+07:00,5.044506492999972,5.044506492999972,MONITOR,5.195437521999338,0.9999589999997625,0.2521011880007791,9.061699984158622e-05,DISABLED,unknown,not_reported,39.42314147949219,50.02592468261719,1009.115234375,12703.4541015625,True,True,True,176,0,0,109,178,101,2026-10-03T16:37:47.015876+07:00,5.044593844000701,0.1858509999992748,OK,,True,2026-10-03T16:37:47.201740+07:00,5.230453361999935,0.03325535200019658,OK,,True,1597,0.199625,,2026-10-03T16:37:47.235000+07:00,5.263713400000597,0.032884743999602506,OK,,True,2823,0.352875,
ab14be9977d645198f54717810b879c8,7,2026-10-03T16:37:48.015805+07:00,6.044510309000543,6.044510309000543,MONITOR,6.19544133799991,1.0000038160005715,0.2521201689996815,9.443300041311886e-05,DISABLED,unknown,not_reported,39.414207458496094,49.9557991027832,1009.086953125,14967.2587890625,True,True,True,176,0,0,109,178,101,2026-10-03T16:37:48.015889+07:00,6.044606845000089,0.18586649999997462,OK,,True,2026-10-03T16:37:48.201768+07:00,6.230481233000319,0.032853912000064156,OK,,True,1594,0.19925,,2026-10-03T16:37:48.234635+07:00,6.263343848000659,0.03326837099939439,OK,,True,2806,0.35075,
ab14be9977d645198f54717810b879c8,8,2026-10-03T16:37:49.015805+07:00,7.0445103480005855,7.0445103480005855,MONITOR,7.195441376999952,1.0000000390000423,0.25223252100022364,9.447200045542559e-05,DISABLED,unknown,not_reported,39.4020881652832,49.9102783203125,1009.060546875,17241.37890625,True,True,True,176,0,0,109,178,101,2026-10-03T16:37:49.015881+07:00,7.044598348000363,0.1858332589999918,OK,,True,2026-10-03T16:37:49.201726+07:00,7.230439902999933,0.033430110000153945,OK,,True,1596,0.1995,,2026-10-03T16:37:49.235161+07:00,7.263874921000024,0.032858633000614645,OK,,True,2818,0.35225,
ab14be9977d645198f54717810b879c8,9,2026-10-03T16:37:50.015791+07:00,8.0444985740005,8.0444985740005,MONITOR,8.195429602999866,0.999988225999914,0.25197100399964256,8.269800036941888e-05,DISABLED,unknown,not_reported,39.3880500793457,49.87701416015625,1009.1065625,19637.92578125,True,True,True,176,0,0,109,178,101,2026-10-03T16:37:50.015869+07:00,8.044586777000404,0.18582985200009716,OK,,True,2026-10-03T16:37:50.201711+07:00,8.230424610000227,0.03298505900056625,OK,,True,1604,0.2005,,2026-10-03T16:37:50.234697+07:00,8.263412724000773,0.0330471689994738,OK,,True,2821,0.352625,
ab14be9977d645198f54717810b879c8,10,2026-10-03T16:37:51.015796+07:00,9.044503319000796,9.044503319000796,MONITOR,9.195434348000163,1.0000047450002967,0.261344913999892,8.744300066609867e-05,DISABLED,unknown,not_reported,39.37528991699219,49.862709045410156,1009.092734375,21783.525390625,True,True,True,176,0,0,109,178,101,2026-10-03T16:37:51.015871+07:00,9.044588671000383,0.18971530300041195,OK,,True,2026-10-03T16:37:51.205608+07:00,9.23431852900012,0.03702317599982052,OK,,True,1598,0.19975,,2026-10-03T16:37:51.242640+07:00,9.271351130000767,0.03447897299975011,OK,,True,2824,0.353,
ab14be9977d645198f54717810b879c8,11,2026-10-03T16:37:52.015853+07:00,10.04455221400076,10.04455221400076,MONITOR,10.195483243000126,1.0000488949999635,0.2612877839992507,0.0001363380006296211,DISABLED,unknown,not_reported,39.36061477661133,49.86689758300781,1009.0690625,24815.8203125,True,True,True,176,0,0,109,177,101,2026-10-03T16:37:52.015991+07:00,10.044707546000609,0.19020172499949695,OK,,True,2026-10-03T16:37:52.206214+07:00,10.234923734000404,0.03505278299962811,OK,,True,1594,0.19925,,2026-10-03T16:37:52.241272+07:00,10.269984517000012,0.03584101800061035,OK,,True,2828,0.3535,
ab14be9977d645198f54717810b879c8,12,2026-10-03T16:37:53.015844+07:00,11.04454075800004,11.04454075800004,MONITOR,11.195471786999406,0.9999885439992795,0.26161852200038993,0.00012488199990912108,DISABLED,unknown,not_reported,39.34593963623047,49.86482238769531,1009.100234375,26778.2421875,True,True,True,176,0,0,109,178,101,2026-10-03T16:37:53.015999+07:00,11.044714552000187,0.19026026299980003,OK,,True,2026-10-03T16:37:53.206280+07:00,11.234991037000327,0.03760494899961486,OK,,True,1609,0.201125,,2026-10-03T16:37:53.243898+07:00,11.272608300000684,0.033538405999934184,OK,,True,2821,0.352625,
ab14be9977d645198f54717810b879c8,13,2026-10-03T16:37:54.015805+07:00,12.044510488000014,12.044510488000014,MONITOR,12.19544151699938,0.9999697299999752,0.2571475760005342,9.46119998843642e-05,DISABLED,unknown,not_reported,39.32999038696289,49.87510299682617,1009.08125,29038.11328125,True,True,True,176,0,0,109,177,101,2026-10-03T16:37:54.015886+07:00,12.044603801999983,0.18599794400051906,OK,,True,2026-10-03T16:37:54.201904+07:00,12.230614523999975,0.03579737000018213,OK,,True,1593,0.199125,,2026-10-03T16:37:54.237706+07:00,12.266419060000771,0.035221985999669414,OK,,True,2802,0.35025,
ab14be9977d645198f54717810b879c8,14,2026-10-03T16:37:55.015804+07:00,13.044510368000374,13.044510368000374,MONITOR,13.19544139699974,0.9999998800003596,0.25249940899993817,9.449200024391757e-05,DISABLED,unknown,not_reported,39.31722640991211,49.88581085205078,1009.101796875,31090.599609375,True,True,True,176,0,0,109,177,101,2026-10-03T16:37:55.015883+07:00,13.04460060800011,0.18583361200035142,OK,,True,2026-10-03T16:37:55.201729+07:00,13.2304429600008,0.033329370999126695,OK,,True,1594,0.19925,,2026-10-03T16:37:55.235062+07:00,13.263776572000097,0.033223834000637,OK,,True,2825,0.353125,
ab14be9977d645198f54717810b879c8,15,2026-10-03T16:37:56.015799+07:00,14.044504767000035,14.044504767000035,MONITOR,14.195435795999401,0.9999943989996609,0.2522825220003142,8.889099990483373e-05,DISABLED,on,user_reported,39.300636291503906,49.921024322509766,1009.095625,33092.0390625,True,True,True,176,0,0,109,177,101,2026-10-03T16:37:56.015881+07:00,14.044597951000469,0.18582453900035034,OK,,True,2026-10-03T16:37:56.201717+07:00,14.230430804000207,0.033207612999831326,OK,,True,1608,0.201,,2026-10-03T16:37:56.234930+07:00,14.263643787000547,0.03313381699990714,OK,,True,2816,0.352,
ab14be9977d645198f54717810b879c8,16,2026-10-03T16:37:57.015802+07:00,15.04450900000029,15.04450900000029,MONITOR,15.195440028999656,1.0000042330002543,0.2553345360001913,9.312400015915046e-05,DISABLED,on,user_reported,39.282135009765625,49.937191009521484,1009.08625,34991.796875,True,True,True,176,0,0,109,178,101,2026-10-03T16:37:57.015883+07:00,15.044600370000808,0.1859065559992814,OK,,True,2026-10-03T16:37:57.201804+07:00,15.230516870999963,0.03516039300029661,OK,,True,1595,0.199375,,2026-10-03T16:37:57.236968+07:00,15.265682653000113,0.03415056799985905,OK,,True,2816,0.352,
ab14be9977d645198f54717810b879c8,17,2026-10-03T16:37:58.015791+07:00,16.044499291000648,16.044499291000648,MONITOR,16.195430320000014,0.9999902910003584,0.2582247169993934,8.341500051756157e-05,DISABLED,on,user_reported,39.26108169555664,49.952999114990234,1009.079609375,36930.1796875,True,True,True,176,0,0,109,177,101,2026-10-03T16:37:58.015863+07:00,16.04458029000034,0.1876286180004172,OK,,True,2026-10-03T16:37:58.203507+07:00,16.232218019000356,0.033962643000450043,OK,,True,1590,0.19875,,2026-10-03T16:37:58.237475+07:00,16.2661878100007,0.03651730899946415,OK,,True,2816,0.352,
ab14be9977d645198f54717810b879c8,18,2026-10-03T16:37:59.015807+07:00,17.044514138000523,17.044514138000523,MONITOR,17.19544516699989,1.0000148469998749,0.2526872419994106,9.826200039242394e-05,DISABLED,on,user_reported,39.24385452270508,49.98813247680664,1009.10671875,38705.77734375,True,True,True,176,0,0,109,178,101,2026-10-03T16:37:59.015890+07:00,17.044607378000364,0.1859745749998183,OK,,True,2026-10-03T16:37:59.201879+07:00,17.2305922860005,0.0338794589997633,OK,,True,1585,0.198125,,2026-10-03T16:37:59.235765+07:00,17.26447800400001,0.03270935700038535,OK,,True,2804,0.35050000000000003,
ab14be9977d645198f54717810b879c8,19,2026-10-03T16:38:00.015799+07:00,18.044507023000733,18.044507023000733,MONITOR,18.1954380520001,0.9999928850002107,0.25388680699961697,9.114700060308678e-05,DISABLED,on,user_reported,39.22981643676758,50.01744842529297,1009.083984375,40777.31640625,True,True,True,176,0,0,109,177,101,2026-10-03T16:38:00.015872+07:00,18.044589800000722,0.1858264099992084,OK,,True,2026-10-03T16:38:00.201711+07:00,18.230425024000397,0.033222353999917686,OK,,True,1588,0.1985,,2026-10-03T16:38:00.234938+07:00,18.263652526000442,0.03472945199973765,OK,,True,2822,0.35275,
ab14be9977d645198f54717810b879c8,20,2026-10-03T16:38:01.015799+07:00,19.044505946000754,19.044505946000754,MONITOR,19.19543697500012,0.999998923000021,0.25806716399984,9.007000062410953e-05,DISABLED,on,user_reported,39.20940017700195,50.045875549316406,1009.085234375,42440.31640625,True,True,True,176,0,0,109,177,101,2026-10-03T16:38:01.015879+07:00,19.044596612000532,0.18582105799941928,OK,,True,2026-10-03T16:38:01.201712+07:00,19.230425485000524,0.039075048999620776,OK,,True,1607,0.200875,,2026-10-03T16:38:01.240791+07:00,19.26950514500004,0.03305674300008832,OK,,True,2824,0.353,
ab14be9977d645198f54717810b879c8,21,2026-10-03T16:38:02.015806+07:00,20.04451212999993,20.04451212999993,MONITOR,20.195443158999296,1.0000061839991758,0.25636669600044115,9.625399979995564e-05,DISABLED,on,user_reported,39.1972770690918,50.09425354003906,1009.093125,44016.5078125,True,True,True,176,0,0,109,177,101,2026-10-03T16:38:02.015890+07:00,20.044607444000576,0.18581979899954604,OK,,True,2026-10-03T16:38:02.201722+07:00,20.230435946999933,0.034528713000327116,OK,,True,1604,0.2005,,2026-10-03T16:38:02.236256+07:00,20.264970308000557,0.03589611099960166,OK,,True,2809,0.351125,
ab14be9977d645198f54717810b879c8,22,2026-10-03T16:38:03.015801+07:00,21.044507834000797,21.044507834000797,MONITOR,21.195438863000163,0.9999957040008667,0.25266627999917546,9.195800066663651e-05,DISABLED,on,user_reported,39.18196487426758,50.11714553833008,1009.07515625,45470.69140625,True,True,True,176,0,0,109,178,101,2026-10-03T16:38:03.015876+07:00,21.04459340700032,0.18581609499960905,OK,,True,2026-10-03T16:38:03.201702+07:00,21.230416965000586,0.03320944600000075,OK,,True,1590,0.19875,,2026-10-03T16:38:03.234918+07:00,21.26363217100061,0.033531368999319966,OK,,True,2812,0.35150000000000003,
ab14be9977d645198f54717810b879c8,23,2026-10-03T16:38:04.015829+07:00,22.04453511200063,22.04453511200063,MONITOR,22.195466140999997,1.000027277999834,0.251628621999771,0.00011923600050067762,DISABLED,on,user_reported,39.16282272338867,50.15201950073242,1009.099140625,47850.46875,True,True,True,176,0,0,109,178,101,2026-10-03T16:38:04.015917+07:00,22.044633647999945,0.18582046600022295,OK,,True,2026-10-03T16:38:04.201749+07:00,22.23046265100038,0.03314966899961291,OK,,True,1607,0.200875,,2026-10-03T16:38:04.234904+07:00,22.26361780100069,0.03253332199983561,OK,,True,2812,0.35150000000000003,
ab14be9977d645198f54717810b879c8,24,2026-10-03T16:38:05.015840+07:00,23.04454465100025,23.04454465100025,MONITOR,23.195475679999618,1.0000095389996204,0.2536360700005389,0.00012877500012109522,DISABLED,on,user_reported,39.151973724365234,50.19434356689453,1009.095234375,49573.97265625,True,True,True,176,0,0,109,177,101,2026-10-03T16:38:05.015927+07:00,23.044644094999967,0.18582518800030812,OK,,True,2026-10-03T16:38:05.201764+07:00,23.230477412000255,0.033208576000106405,OK,,True,1599,0.199875,,2026-10-03T16:38:05.234972+07:00,23.263689340000383,0.0344797509997079,OK,,True,2810,0.35125,
ab14be9977d645198f54717810b879c8,25,2026-10-03T16:38:06.015801+07:00,24.04450771000029,24.04450771000029,MONITOR,24.195438738999655,0.9999630590000379,0.25317346199972235,9.183400015899679e-05,DISABLED,on,user_reported,39.1264533996582,50.21580123901367,1009.074609375,50996.015625,True,True,True,176,0,0,109,177,101,2026-10-03T16:38:06.015882+07:00,24.044599931000448,0.1858098559996506,OK,,True,2026-10-03T16:38:06.201703+07:00,24.230416879000586,0.03294922599980055,OK,,True,1610,0.20125,,2026-10-03T16:38:06.234652+07:00,24.263369253000747,0.03429893799966521,OK,,True,2818,0.35225,
ab14be9977d645198f54717810b879c8,26,2026-10-03T16:38:07.015805+07:00,25.044511640000565,25.044511640000565,MONITOR,25.19544266899993,1.0000039300002754,0.25519100299970887,9.576400043442845e-05,DISABLED,on,user_reported,39.11624526977539,50.258216857910156,1009.071796875,52244.8984375,True,True,True,176,0,0,109,178,101,2026-10-03T16:38:07.015884+07:00,25.044601417000194,0.18581522600015887,OK,,True,2026-10-03T16:38:07.201709+07:00,25.230423958000756,0.033875829999487905,OK,,True,1597,0.199625,,2026-10-03T16:38:07.235592+07:00,25.264305787000012,0.0353824670000904,OK,,True,2823,0.352875,
ab14be9977d645198f54717810b879c8,27,2026-10-03T16:38:08.015826+07:00,26.044532386000355,26.044532386000355,MONITOR,26.195463414999722,1.000020745999791,0.25252143099987734,0.00011651000022538938,DISABLED,on,user_reported,39.09838104248047,50.299564361572266,1009.083984375,53556.484375,True,True,True,176,0,0,109,178,101,2026-10-03T16:38:08.015913+07:00,26.044630718000008,0.18624201900001935,OK,,True,2026-10-03T16:38:08.202167+07:00,26.230880460000662,0.03328940799929114,OK,,True,1601,0.200125,,2026-10-03T16:38:08.235461+07:00,26.264175146000525,0.032868651999706344,OK,,True,2820,0.3525,
ab14be9977d645198f54717810b879c8,28,2026-10-03T16:38:09.015798+07:00,27.04450581800029,27.04450581800029,MONITOR,27.195436846999655,0.9999734319999334,0.2517105120004999,8.994200015877141e-05,DISABLED,on,user_reported,39.08370590209961,50.34764099121094,1009.080859375,54935.62109375,True,True,True,176,0,0,109,178,101,2026-10-03T16:38:09.015876+07:00,27.04459326200049,0.1858210969994616,OK,,True,2026-10-03T16:38:09.201708+07:00,27.23042235899993,0.032972485000755114,OK,,True,1599,0.199875,,2026-10-03T16:38:09.234681+07:00,27.263397788000475,0.03281063499980519,OK,,True,2819,0.352375,
ab14be9977d645198f54717810b879c8,29,2026-10-03T16:38:10.015800+07:00,28.044506881000416,28.044506881000416,MONITOR,28.195437909999782,1.000001063000127,0.2521095649999552,9.100500028580427e-05,DISABLED,on,user_reported,39.06647872924805,50.38282012939453,1009.080546875,56499.66796875,True,True,True,176,0,0,109,177,101,2026-10-03T16:38:10.015884+07:00,28.04460202900009,0.18580509700041148,OK,,True,2026-10-03T16:38:10.201699+07:00,28.230414348000522,0.03335575999972207,OK,,True,1611,0.201375,,2026-10-03T16:38:10.235058+07:00,28.263773849000245,0.032833856000252126,OK,,True,2818,0.35225,
ab14be9977d645198f54717810b879c8,30,2026-10-03T16:38:11.015801+07:00,29.044507686000543,29.044507686000543,MONITOR,29.19543871499991,1.000000805000127,0.25168188299994654,9.18100004128064e-05,DISABLED,on,user_reported,39.05244064331055,50.42473220825195,1009.112734375,58036.7265625,True,True,True,176,0,0,109,177,101,2026-10-03T16:38:11.015880+07:00,29.044598000000406,0.18581159800032765,OK,,True,2026-10-03T16:38:11.201702+07:00,29.23041685700082,0.032947373999377305,OK,,True,1601,0.200125,,2026-10-03T16:38:11.234650+07:00,29.263367342000492,0.0328142830003344,OK,,True,2825,0.353125,
ab14be9977d645198f54717810b879c8,31,2026-10-03T16:38:12.015799+07:00,30.044505937000395,30.044505937000395,MONITOR,30.19543696599976,0.9999982509998517,0.2518153450000682,9.006100026454078e-05,DISABLED,on,user_reported,39.03904342651367,50.44792938232422,1009.09109375,58434.1484375,True,True,True,176,0,0,109,177,101,2026-10-03T16:38:12.015875+07:00,30.044592732000638,0.1858187640000324,OK,,True,2026-10-03T16:38:12.201704+07:00,30.230418626000755,0.033052780999241804,OK,,True,1605,0.200625,,2026-10-03T16:38:12.234762+07:00,30.26347629600059,0.0328355969995755,OK,,True,2814,0.35175,
ab14be9977d645198f54717810b879c8,32,2026-10-03T16:38:13.015796+07:00,31.044502966000437,31.044502966000437,MONITOR,31.195433994999803,0.999997029000042,0.25168288399981975,8.709000030648895e-05,DISABLED,on,user_reported,39.02500534057617,50.49611282348633,1009.095703125,59618.0703125,True,True,True,176,0,0,109,177,101,2026-10-03T16:38:13.015870+07:00,31.044586521000383,0.18582656099988526,OK,,True,2026-10-03T16:38:13.201706+07:00,31.230420174000756,0.032942725999419054,OK,,True,1600,0.2,,2026-10-03T16:38:13.234649+07:00,31.263365937000344,0.03281219099972077,OK,,True,2821,0.352625,
ab14be9977d645198f54717810b879c8,33,2026-10-03T16:38:14.015843+07:00,32.04454138500023,32.04454138500023,MONITOR,32.195472413999596,1.000038418999793,0.26251387400043313,0.00012550900009955512,DISABLED,on,user_reported,38.99246597290039,50.529144287109375,1006.84578125,60548.72265625,True,True,True,176,0,0,109,177,101,2026-10-03T16:38:14.015988+07:00,32.04470366200076,0.1917675139993662,OK,,True,2026-10-03T16:38:14.207774+07:00,32.23648510200019,0.03537489300015295,OK,,True,1627,0.203375,,2026-10-03T16:38:14.243153+07:00,32.271867865000786,0.035169227999176655,OK,,True,2828,0.3535,
ab14be9977d645198f54717810b879c8,34,2026-10-03T16:38:15.015831+07:00,33.04453712100076,33.04453712100076,MONITOR,33.195468150000124,0.9999957360005283,0.2520580099999279,0.00012124500062782317,DISABLED,on,user_reported,38.9688606262207,50.569725036621094,1006.835078125,61642.1875,True,True,True,176,0,0,109,178,101,2026-10-03T16:38:15.015913+07:00,33.04463104600018,0.1858888010001465,OK,,True,2026-10-03T16:38:15.201815+07:00,33.230528680000134,0.03323411300061707,OK,,True,1601,0.200125,,2026-10-03T16:38:15.235049+07:00,33.26376603400058,0.03282080099961604,OK,,True,2814,0.35175,
ab14be9977d645198f54717810b879c8,35,2026-10-03T16:38:16.015797+07:00,34.044504543000585,34.044504543000585,MONITOR,34.19543557199995,0.9999674219998269,0.2516834210000525,8.866700045473408e-05,DISABLED,on,user_reported,38.93886947631836,50.590572357177734,1006.834765625,62822.0859375,True,True,True,176,0,0,109,178,101,2026-10-03T16:38:16.015873+07:00,34.044590857,0.18582363500081556,OK,,True,2026-10-03T16:38:16.201707+07:00,34.2304212880008,0.032942466999884346,OK,,True,1591,0.198875,,2026-10-03T16:38:16.234649+07:00,34.263366829000006,0.032813024000461155,OK,,True,2815,0.351875,
ab14be9977d645198f54717810b879c8,36,2026-10-03T16:38:17.015805+07:00,35.04451020600027,35.04451020600027,MONITOR,35.195441234999635,1.0000056629996834,0.25247110100008285,9.433000013814308e-05,DISABLED,on,user_reported,38.89803695678711,50.622432708740234,1006.87171875,63665.75390625,True,True,True,176,0,0,109,178,101,2026-10-03T16:38:17.015888+07:00,35.04460535300041,0.18580872799975623,OK,,True,2026-10-03T16:38:17.201706+07:00,35.23042134100069,0.03366925699992862,OK,,True,1591,0.198875,,2026-10-03T16:38:17.235381+07:00,35.26409526499992,0.03287709700089181,OK,,True,2816,0.352,
ab14be9977d645198f54717810b879c8,37,2026-10-03T16:38:18.015791+07:00,36.04449894500067,36.04449894500067,MONITOR,36.195429974000035,0.9999887390004005,0.2518785129996104,8.306900053867139e-05,DISABLED,on,user_reported,38.850181579589844,50.62191390991211,1006.911015625,64826.5390625,True,True,True,176,0,0,109,178,101,2026-10-03T16:38:18.015858+07:00,36.0445760370003,0.18583456099986506,OK,,True,2026-10-03T16:38:18.201705+07:00,36.23041850500067,0.033105928999248135,OK,,True,1603,0.200375,,2026-10-03T16:38:18.234811+07:00,36.26352749000034,0.03284167099991464,OK,,True,2820,0.3525,
ab14be9977d645198f54717810b879c8,38,2026-10-03T16:38:19.015790+07:00,37.044497629000034,37.044497629000034,MONITOR,37.1954286579994,0.9999986839993653,0.25169266300054005,8.175299990398344e-05,DISABLED,on,user_reported,38.81509017944336,50.62321472167969,1006.92984375,65725.2890625,True,True,True,176,0,0,109,178,101,2026-10-03T16:38:19.015860+07:00,37.04457788700074,0.18582372899982147,OK,,True,2026-10-03T16:38:19.201696+07:00,37.23040950400082,0.03295531899948401,OK,,True,1588,0.1985,,2026-10-03T16:38:19.234651+07:00,37.263367786000344,0.03281474600044021,OK,,True,2807,0.350875,
ab14be9977d645198f54717810b879c8,39,2026-10-03T16:38:20.015836+07:00,38.04453594300048,38.04453594300048,MONITOR,38.19546697199985,1.0000383140004487,0.2625912089997655,0.00012006700035271933,DISABLED,on,user_reported,38.77489471435547,50.62378692626953,1006.9609375,66753.5859375,True,True,True,176,0,0,109,178,101,2026-10-03T16:38:20.015981+07:00,38.04469696100023,0.19175283000004129,OK,,True,2026-10-03T16:38:20.207753+07:00,38.23646416200063,0.035439872999631916,OK,,True,1607,0.200875,,2026-10-03T16:38:20.243197+07:00,38.271911832000114,0.03519739400053368,OK,,True,2823,0.352875,
ab14be9977d645198f54717810b879c8,40,2026-10-03T16:38:21.015920+07:00,39.044618980999985,39.044618980999985,MONITOR,39.19555000999935,1.0000830379995023,0.26285116899998684,0.0002031049998549861,DISABLED,on,user_reported,38.730873107910156,50.64890670776367,1006.98578125,67599.6796875,True,True,True,176,0,0,109,178,101,2026-10-03T16:38:21.016064+07:00,39.04478001700045,0.1914367030003632,OK,,True,2026-10-03T16:38:21.207522+07:00,39.23623249800039,0.03607035000004544,OK,,True,1589,0.198625,,2026-10-03T16:38:21.243596+07:00,39.2723106630001,0.03514071000063268,OK,,True,2818,0.35225,
ab14be9977d645198f54717810b879c8,41,2026-10-03T16:38:22.015810+07:00,40.04451807600071,40.04451807600071,MONITOR,40.19544910500008,0.9998990950007283,0.25197801400008757,0.0001022000005832524,DISABLED,on,user_reported,38.69832992553711,50.6442985534668,1006.946953125,68357.8125,True,True,True,176,0,0,109,178,101,2026-10-03T16:38:22.015887+07:00,40.0446047610003,0.18581693200030713,OK,,True,2026-10-03T16:38:22.201714+07:00,40.230428638000376,0.03322057599962136,OK,,True,1602,0.20025,,2026-10-03T16:38:22.234939+07:00,40.2636538250008,0.03283311699942715,OK,,True,2815,0.351875,
ab14be9977d645198f54717810b879c8,42,2026-10-03T16:38:23.015798+07:00,41.0445065240001,41.0445065240001,MONITOR,41.195437552999465,0.9999884479993852,0.2517260160002479,9.064799996849615e-05,DISABLED,on,user_reported,38.677276611328125,50.647579193115234,1006.926640625,69414.3203125,True,True,True,176,0,0,109,178,101,2026-10-03T16:38:23.015865+07:00,41.044582672000615,0.18582259899994824,OK,,True,2026-10-03T16:38:23.201698+07:00,41.23041290100082,0.03298017099950812,OK,,True,1598,0.19975,,2026-10-03T16:38:23.234681+07:00,41.263396831000136,0.03282791200035717,OK,,True,2808,0.35100000000000003,
ab14be9977d645198f54717810b879c8,43,2026-10-03T16:38:24.015796+07:00,42.04450465800073,42.04450465800073,MONITOR,42.1954356870001,0.9999981340006343,0.2517127569999502,8.878200060280506e-05,DISABLED,on,user_reported,38.64665222167969,50.67461395263672,1006.94578125,70271.7578125,True,True,True,176,0,0,109,178,101,2026-10-03T16:38:24.015861+07:00,42.04457838000053,0.18582645100013906,OK,,True,2026-10-03T16:38:24.201698+07:00,42.230412294000416,0.03297861600003671,OK,,True,1598,0.19975,,2026-10-03T16:38:24.234677+07:00,42.26339394700062,0.03281522699944617,OK,,True,2804,0.35050000000000003,
ab14be9977d645198f54717810b879c8,44,2026-10-03T16:38:25.015796+07:00,43.04450466400067,43.04450466400067,MONITOR,43.195435693000036,1.0000000059999365,0.25168923799992626,8.878800053935265e-05,DISABLED,on,user_reported,38.61219787597656,50.663448333740234,1006.87625,70796.4609375,True,True,True,176,0,0,109,178,101,2026-10-03T16:38:25.015865+07:00,43.0445815890007,0.18582874799994897,OK,,True,2026-10-03T16:38:25.201704+07:00,43.23041817000012,0.03294826399996964,OK,,True,1601,0.200125,,2026-10-03T16:38:25.234653+07:00,43.26336947100026,0.03281620899997506,OK,,True,2810,0.35125,
ab14be9977d645198f54717810b879c8,45,2026-10-03T16:38:26.015796+07:00,44.044503504000204,44.044503504000204,MONITOR,44.19543453299957,0.9999988399995345,0.25168799800030683,8.76280000738916e-05,DISABLED,on,user_reported,38.58858871459961,50.685203552246094,1006.851953125,71930.3203125,True,True,True,176,0,0,109,178,101,2026-10-03T16:38:26.015867+07:00,44.044584892000785,0.18582450699977926,OK,,True,2026-10-03T16:38:26.201702+07:00,44.230416270000205,0.032942003999778535,OK,,True,1595,0.199375,,2026-10-03T16:38:26.234644+07:00,44.26336127400009,0.032822006000060355,OK,,True,2808,0.35100000000000003,
ab14be9977d645198f54717810b879c8,46,2026-10-03T16:38:27.015834+07:00,45.04453434400057,45.04453434400057,MONITOR,45.195465372999934,1.0000308400003632,0.2632701869997618,0.00011846800043713301,DISABLED,on,user_reported,38.55158233642578,50.69878387451172,1006.881328125,72480.1796875,True,True,True,176,0,0,109,178,101,2026-10-03T16:38:27.015974+07:00,45.044689936000395,0.19154568500016467,OK,,True,2026-10-03T16:38:27.207541+07:00,45.2362506770005,0.03629825600000913,OK,,True,1605,0.200625,,2026-10-03T16:38:27.243848+07:00,45.27255922900076,0.03522459799933131,OK,,True,2824,0.353,
ab14be9977d645198f54717810b879c8,47,2026-10-03T16:38:28.015862+07:00,46.044560464000824,46.044560464000824,MONITOR,46.19549149300019,1.000026120000257,0.2626134509991971,0.00014458800069405697,DISABLED,on,user_reported,38.52478790283203,50.694976806640625,1006.906640625,73352.4375,True,True,True,176,0,0,109,178,101,2026-10-03T16:38:28.016010+07:00,46.044725555000696,0.1917728509997687,OK,,True,2026-10-03T16:38:28.207803+07:00,46.236513628000466,0.0354451519997383,OK,,True,1588,0.1985,,2026-10-03T16:38:28.243255+07:00,46.27196778000052,0.035187802000109514,OK,,True,2829,0.353625,
ab14be9977d645198f54717810b879c8,48,2026-10-03T16:38:29.015821+07:00,47.044527732999995,47.044527732999995,MONITOR,47.19545876199936,0.9999672689991712,0.2516835920005178,0.00011185699986526743,DISABLED,on,user_reported,38.49607467651367,50.74111557006836,1006.82578125,74052.6484375,True,True,True,176,0,0,109,178,101,2026-10-03T16:38:29.015901+07:00,47.04461819500011,0.18581350800013752,OK,,True,2026-10-03T16:38:29.201725+07:00,47.23043937000057,0.0329495420000967,OK,,True,1601,0.200125,,2026-10-03T16:38:29.234675+07:00,47.26339211499999,0.032811839000714826,OK,,True,2806,0.35075,
ab14be9977d645198f54717810b879c8,49,2026-10-03T16:38:30.015799+07:00,48.04450746600014,48.04450746600014,MONITOR,48.19543849499951,0.9999797330001456,0.2516726479998397,9.159000001091044e-05,DISABLED,on,user_reported,38.45587921142578,50.7730712890625,1006.87734375,74766.3515625,True,True,True,176,0,0,109,178,101,2026-10-03T16:38:30.015874+07:00,48.04459211400081,0.18581722999988415,OK,,True,2026-10-03T16:38:30.201704+07:00,48.23041751100027,0.03294100499988417,OK,,True,1595,0.199375,,2026-10-03T16:38:30.234644+07:00,48.263361293000344,0.032810783999593696,OK,,True,2812,0.35150000000000003,
ab14be9977d645198f54717810b879c8,50,2026-10-03T16:38:31.015799+07:00,49.04450649699993,49.04450649699993,MONITOR,49.195437525999296,0.9999990309997884,0.25167664700074965,9.062099979928462e-05,DISABLED,on,user_reported,38.4258918762207,50.78765106201172,1006.959375,75294.1171875,True,True,True,176,0,0,109,178,101,2026-10-03T16:38:31.015873+07:00,49.04459095900074,0.18582335999963107,OK,,True,2026-10-03T16:38:31.201707+07:00,49.230421912000565,0.03294381900013832,OK,,True,1597,0.199625,,2026-10-03T16:38:31.234652+07:00,49.263368750000154,0.032806320000418054,OK,,True,2809,0.351125,
ab14be9977d645198f54717810b879c8,51,2026-10-03T16:38:32.015805+07:00,50.044512768999994,50.044512768999994,MONITOR,50.19544379799936,1.0000062720000642,0.25191475700012234,9.689299986348487e-05,DISABLED,on,user_reported,38.395267486572266,50.83353042602539,1006.9096875,75627.7734375,True,True,True,176,0,0,109,178,101,2026-10-03T16:38:32.015882+07:00,50.044599824000215,0.18581587900007435,OK,,True,2026-10-03T16:38:32.201709+07:00,50.23042299900044,0.03305739299958077,OK,,True,1601,0.200125,,2026-10-03T16:38:32.234772+07:00,50.26348565100034,0.03293172699977731,OK,,True,2802,0.35025,
ab14be9977d645198f54717810b879c8,52,2026-10-03T16:38:33.015794+07:00,51.04450037600054,51.04450037600054,MONITOR,51.19543140499991,0.9999876070005485,0.2520422379993761,8.450000041193562e-05,DISABLED,on,user_reported,38.380592346191406,50.86283874511719,1006.920390625,76372.3125,True,True,True,176,0,0,109,178,101,2026-10-03T16:38:33.015875+07:00,51.04459220800072,0.18581517599977815,OK,,True,2026-10-03T16:38:33.201700+07:00,51.23041484700025,0.033279260999734106,OK,,True,1586,0.19825,,2026-10-03T16:38:33.234983+07:00,51.26369870100007,0.03283517199997732,OK,,True,2806,0.35075,
ab14be9977d645198f54717810b879c8,53,2026-10-03T16:38:34.015806+07:00,52.04451215000063,52.04451215000063,MONITOR,52.195443178999994,1.000011774000086,0.2517192219993376,9.627400049794232e-05,DISABLED,on,user_reported,38.35315704345703,50.90918731689453,1006.978984375,76992.484375,True,True,True,176,0,0,109,178,101,2026-10-03T16:38:34.015885+07:00,52.04460263100009,0.18580984200070816,OK,,True,2026-10-03T16:38:34.201705+07:00,52.2304200840008,0.032966504999421886,OK,,True,1598,0.19975,,2026-10-03T16:38:34.234674+07:00,52.26338992199999,0.03283396900042135,OK,,True,2808,0.35100000000000003,
ab14be9977d645198f54717810b879c8,54,2026-10-03T16:38:35.015797+07:00,53.044504222000796,53.044504222000796,MONITOR,53.19543525100016,0.9999920720001683,0.25171281499933684,8.834600066620624e-05,DISABLED,on,user_reported,38.33784103393555,50.938411712646484,1006.885390625,77622.8046875,True,True,True,176,0,0,109,178,101,2026-10-03T16:38:35.015871+07:00,53.04458907300068,0.1858221570000751,OK,,True,2026-10-03T16:38:35.201704+07:00,53.23041837800065,0.03296585699990828,OK,,True,1600,0.2,,2026-10-03T16:38:35.234672+07:00,53.26338764200045,0.03282133900029294,OK,,True,2804,0.35050000000000003,
ab14be9977d645198f54717810b879c8,55,2026-10-03T16:38:36.015803+07:00,54.04450981300033,54.04450981300033,MONITOR,54.1954408419997,1.0000055909995353,0.2517172039997604,9.393700020154938e-05,DISABLED,on,user_reported,38.30402755737305,50.98387145996094,1006.85828125,78263.53125,True,True,True,176,0,0,109,178,101,2026-10-03T16:38:36.015877+07:00,54.04459446000055,0.1858336949999284,OK,,True,2026-10-03T16:38:36.201719+07:00,54.23043380300078,0.032957541999167006,OK,,True,1594,0.19925,,2026-10-03T16:38:36.234679+07:00,54.263394622000305,0.032824525000251015,OK,,True,2805,0.350625,
ab14be9977d645198f54717810b879c8,56,2026-10-03T16:38:37.015803+07:00,55.04451086800054,55.04451086800054,MONITOR,55.19544189699991,1.0000010550002116,0.2519018140001208,9.499200041318545e-05,DISABLED,on,user_reported,38.28807830810547,51.0318603515625,1006.873671875,78479.4609375,True,True,True,176,0,0,109,178,101,2026-10-03T16:38:37.015879+07:00,55.04459675599992,0.18581060300039098,OK,,True,2026-10-03T16:38:37.201698+07:00,55.23041315499995,0.033115596000243386,OK,,True,1593,0.199125,,2026-10-03T16:38:37.234819+07:00,55.26353341800041,0.03287067200017191,OK,,True,2804,0.35050000000000003,
ab14be9977d645198f54717810b879c8,57,2026-10-03T16:38:38.015918+07:00,56.04461323800024,56.04461323800024,MONITOR,56.195544266999605,1.000102369999695,0.25200622200009093,0.00019736200010811444,DISABLED,on,user_reported,38.270851135253906,51.054542541503906,1006.838828125,79207.921875,True,True,True,176,0,0,109,178,101,2026-10-03T16:38:38.016001+07:00,56.04471814499993,0.18580834300064453,OK,,True,2026-10-03T16:38:38.201818+07:00,56.23053306200018,0.033238633000109985,OK,,True,1588,0.1985,,2026-10-03T16:38:38.235061+07:00,56.26377612000033,0.03283391399963875,OK,,True,2807,0.350875,
ab14be9977d645198f54717810b879c8,58,2026-10-03T16:38:39.015805+07:00,57.044511074000184,57.044511074000184,MONITOR,57.19544210299955,0.9998978359999455,0.25171368700011953,9.519800005364232e-05,DISABLED,on,user_reported,38.24405288696289,51.08216094970703,1006.898359375,80025.0078125,True,True,True,176,0,0,109,178,101,2026-10-03T16:38:39.015887+07:00,57.04460477700013,0.18580741799996758,OK,,True,2026-10-03T16:38:39.201705+07:00,57.23041941700012,0.03296511600001395,OK,,True,1593,0.199125,,2026-10-03T16:38:39.234672+07:00,57.263387792000685,0.03282900599970162,OK,,True,2806,0.35075,
ab14be9977d645198f54717810b879c8,59,2026-10-03T16:38:40.015800+07:00,58.044508411000606,58.044508411000606,MONITOR,58.19543943999997,0.9999973370004227,0.2517097609998018,9.253500047634589e-05,DISABLED,on,user_reported,38.22682571411133,51.11742401123047,1006.932265625,80250.78125,True,True,True,176,0,0,109,178,101,2026-10-03T16:38:40.015875+07:00,58.04459226200015,0.18581310300032783,OK,,True,2026-10-03T16:38:40.201698+07:00,58.2304125870005,0.03297167100026854,OK,,True,1600,0.2,,2026-10-03T16:38:40.234672+07:00,58.26338818400018,0.0328219689999969,OK,,True,2805,0.350625,
ab14be9977d645198f54717810b879c8,60,2026-10-03T16:38:41.015803+07:00,59.044510674000776,59.044510674000776,MONITOR,59.19544170300014,1.0000022630001695,0.2516885569993974,9.479800064582378e-05,DISABLED,on,user_reported,38.208961486816406,51.12744903564453,1006.958203125,81166.7734375,True,True,True,176,0,0,109,178,101,2026-10-03T16:38:41.015885+07:00,59.04460246899998,0.18579802900057985,OK,,True,2026-10-03T16:38:41.201692+07:00,59.23040679500082,0.03295504199923016,OK,,True,1605,0.200625,,2026-10-03T16:38:41.234649+07:00,59.2633650960006,0.032825764999870444,OK,,True,2807,0.350875,
ab14be9977d645198f54717810b879c8,61,2026-10-03T16:38:42.015795+07:00,60.044503271000394,60.044503271000394,MONITOR,60.19543429999976,0.9999925969996184,0.2519278709996797,8.73950002642232e-05,DISABLED,on,user_reported,38.184715270996094,51.19316864013672,1006.96015625,81321.4765625,True,True,True,176,0,0,109,178,101,2026-10-03T16:38:42.015871+07:00,60.0445886410007,0.18582619599965255,OK,,True,2026-10-03T16:38:42.201710+07:00,60.23042368900042,0.03312563300005422,OK,,True,1590,0.19875,,2026-10-03T16:38:42.234840+07:00,60.26355430300009,0.032867932000044675,OK,,True,2806,0.35075,
ab14be9977d645198f54717810b879c8,62,2026-10-03T16:38:43.015792+07:00,61.04450105500018,61.04450105500018,MONITOR,61.19543208399955,0.9999977839997882,0.2517797979999159,8.517900005244883e-05,DISABLED,on,user_reported,38.168766021728516,51.21604537963867,1006.968671875,81399.046875,True,True,True,176,0,0,109,178,101,2026-10-03T16:38:43.015866+07:00,61.04458364700076,0.18581004799943912,OK,,True,2026-10-03T16:38:43.201684+07:00,61.23039952800082,0.03300031999970088,OK,,True,1591,0.198875,,2026-10-03T16:38:43.234689+07:00,61.263404496000476,0.032867672000065795,OK,,True,2808,0.35100000000000003,
ab14be9977d645198f54717810b879c8,63,2026-10-03T16:38:44.015833+07:00,62.044532173000334,62.044532173000334,MONITOR,62.1954632019997,1.0000311180001518,0.263058767000075,0.00011629700020421296,DISABLED,on,user_reported,38.1445198059082,51.25032043457031,1006.956875,82341.5859375,True,True,True,176,0,0,109,178,101,2026-10-03T16:38:44.015975+07:00,62.0446913020005,0.19151954100016155,OK,,True,2026-10-03T16:38:44.207514+07:00,62.2362249910002,0.03606903600029909,OK,,True,1605,0.200625,,2026-10-03T16:38:44.243589+07:00,62.27230287900056,0.03526967200014042,OK,,True,2818,0.35225,
ab14be9977d645198f54717810b879c8,64,2026-10-03T16:38:45.015845+07:00,63.04454364400044,63.04454364400044,MONITOR,63.19547467299981,1.0000114710001071,0.2625636049997411,0.00012776800031133462,DISABLED,on,user_reported,38.12346649169922,51.27877426147461,1006.9228125,82660.640625,True,True,True,176,0,0,109,178,101,2026-10-03T16:38:45.015999+07:00,63.04471477200059,0.19173037400014437,OK,,True,2026-10-03T16:38:45.207746+07:00,63.23645775700061,0.035417188999417704,OK,,True,1623,0.202875,,2026-10-03T16:38:45.243170+07:00,63.271883928000534,0.035204969000005804,OK,,True,2815,0.351875,
ab14be9977d645198f54717810b879c8,65,2026-10-03T16:38:46.015801+07:00,64.04450991300018,64.04450991300018,MONITOR,64.19544094199955,0.9999662689997422,0.2517708360001052,9.403700005350402e-05,DISABLED,on,user_reported,38.10368728637695,51.307403564453125,1006.911328125,83387.625,True,True,True,176,0,0,109,178,101,2026-10-03T16:38:46.015877+07:00,64.04459422700074,0.18581501099924935,OK,,True,2026-10-03T16:38:46.201702+07:00,64.23041703500076,0.03299133799919218,OK,,True,1590,0.19875,,2026-10-03T16:38:46.234697+07:00,64.26341244700052,0.0328605240001707,OK,,True,2806,0.35075,
ab14be9977d645198f54717810b879c8,66,2026-10-03T16:38:47.015789+07:00,65.04449801600003,65.04449801600003,MONITOR,65.1954290449994,0.9999881029998505,0.2520711860006486,8.213999990402954e-05,DISABLED,on,user_reported,38.08390808105469,51.329742431640625,1006.8725,83550.9140625,True,True,True,176,0,0,109,178,101,2026-10-03T16:38:47.015866+07:00,65.04458373700072,0.18582849299946247,OK,,True,2026-10-03T16:38:47.201707+07:00,65.23042045200054,0.033182355999997526,OK,,True,1598,0.19975,,2026-10-03T16:38:47.234894+07:00,65.26360784500048,0.032952059999843186,OK,,True,2803,0.350375,
ab14be9977d645198f54717810b879c8,67,2026-10-03T16:38:48.015816+07:00,66.04452441600006,66.04452441600006,MONITOR,66.19545544499942,1.0000264000000243,0.25179592900076386,0.00010853999992832541,DISABLED,on,user_reported,38.067955017089844,51.37781524658203,1006.8878125,83961.953125,True,True,True,176,0,0,109,178,101,2026-10-03T16:38:48.015890+07:00,66.04460739600017,0.1858045310000307,OK,,True,2026-10-03T16:38:48.201704+07:00,66.23041863000071,0.03300580199993419,OK,,True,1602,0.20025,,2026-10-03T16:38:48.234713+07:00,66.26342859800025,0.03288178399998287,OK,,True,2804,0.35050000000000003,
ab14be9977d645198f54717810b879c8,68,2026-10-03T16:38:49.015834+07:00,67.04453963100059,67.04453963100059,MONITOR,67.19547065999996,1.0000152150005306,0.2568170949998603,0.00012375500045891386,DISABLED,on,user_reported,38.05647277832031,51.3824577331543,1006.848671875,84210.5234375,True,True,True,176,0,0,109,178,101,2026-10-03T16:38:49.015919+07:00,67.04463679700075,0.18909837599949242,OK,,True,2026-10-03T16:38:49.205031+07:00,67.23374465400047,0.03410997799983306,OK,,True,1585,0.198125,,2026-10-03T16:38:49.239145+07:00,67.26785928000027,0.03348522400028742,OK,,True,2804,0.35050000000000003,
ab14be9977d645198f54717810b879c8,69,2026-10-03T16:38:50.015800+07:00,68.04450564500075,68.04450564500075,MONITOR,68.19543667400012,0.9999660140001652,0.2523154809996413,8.976900062407367e-05,DISABLED,on,user_reported,38.03924560546875,51.417762756347656,1006.8825,84796.2890625,True,True,True,176,0,0,109,178,101,2026-10-03T16:38:50.015880+07:00,68.04459775500072,0.18581132700001035,OK,,True,2026-10-03T16:38:50.201703+07:00,68.23041695300071,0.033249299000090105,OK,,True,1594,0.19925,,2026-10-03T16:38:50.234954+07:00,68.2636697150001,0.03314302200033126,OK,,True,2802,0.35025,
ab14be9977d645198f54717810b879c8,70,2026-10-03T16:38:51.015790+07:00,69.04449947400008,69.04449947400008,MONITOR,69.19543050299944,0.9999938289993224,0.2521377420007411,8.35979999465053e-05,DISABLED,on,user_reported,38.020103454589844,51.44650650024414,1006.87890625,85049.8359375,True,True,True,176,0,0,109,178,101,2026-10-03T16:38:51.015866+07:00,69.04458358400007,0.1858194940004978,OK,,True,2026-10-03T16:38:51.201697+07:00,69.23041174500031,0.03300609699999768,OK,,True,1593,0.199125,,2026-10-03T16:38:51.234706+07:00,69.2634218610001,0.0332069659998524,OK,,True,2808,0.35100000000000003,
ab14be9977d645198f54717810b879c8,71,2026-10-03T16:38:52.015791+07:00,70.04449930400006,70.04449930400006,MONITOR,70.19543033299942,0.9999998299999788,0.2522021680006219,8.3427999925334e-05,DISABLED,on,user_reported,38.004154205322266,51.46940994262695,1006.94234375,85475.796875,True,True,True,176,0,0,109,178,101,2026-10-03T16:38:52.015867+07:00,70.04458484099996,0.18581164200077183,OK,,True,2026-10-03T16:38:52.201690+07:00,70.23040485300044,0.033263483999689925,OK,,True,1590,0.19875,,2026-10-03T16:38:52.234959+07:00,70.26367306000066,0.03301872700012609,OK,,True,2802,0.35025,
ab14be9977d645198f54717810b879c8,72,2026-10-03T16:38:53.015790+07:00,71.04449889500029,71.04449889500029,MONITOR,71.19542992399965,0.9999995910002326,0.25414187499973195,8.301900015794672e-05,DISABLED,on,user_reported,37.99266815185547,51.49294662475586,1006.930546875,85819.6484375,True,True,True,176,0,0,109,178,101,2026-10-03T16:38:53.015867+07:00,71.04458450500078,0.1858289389992933,OK,,True,2026-10-03T16:38:53.201708+07:00,71.23042146200078,0.033892571999786014,OK,,True,1574,0.19675,,2026-10-03T16:38:53.235608+07:00,71.26432099700014,0.03430982800000493,OK,,True,2794,0.34925,
ab14be9977d645198f54717810b879c8,73,2026-10-03T16:38:54.015854+07:00,72.04455359700023,72.04455359700023,MONITOR,72.1954846259996,1.000054701999943,0.2519366880005691,0.00013772100010100985,DISABLED,on,user_reported,37.97352981567383,51.54058074951172,1006.933828125,86079.3515625,True,True,True,176,0,0,109,178,101,2026-10-03T16:38:54.015951+07:00,72.04466865100039,0.18595062300028076,OK,,True,2026-10-03T16:38:54.201914+07:00,72.23062718200072,0.0329842089995509,OK,,True,1586,0.19825,,2026-10-03T16:38:54.234899+07:00,72.26361500200073,0.032865634999325266,OK,,True,2804,0.35050000000000003,
ab14be9977d645198f54717810b879c8,74,2026-10-03T16:38:55.015793+07:00,73.04450126400025,73.04450126400025,MONITOR,73.19543229299961,0.9999476670000149,0.25196726200010744,8.538800011592684e-05,DISABLED,on,user_reported,37.95885467529297,51.5573844909668,1006.930703125,86868.0,True,True,True,176,0,0,109,178,101,2026-10-03T16:38:55.015865+07:00,73.04458296700068,0.1858036240000729,OK,,True,2026-10-03T16:38:55.201679+07:00,73.23039370200058,0.033251781000217306,OK,,True,1590,0.19875,,2026-10-03T16:38:55.234935+07:00,73.26364970500072,0.03281091400003788,OK,,True,2812,0.35150000000000003,
ab14be9977d645198f54717810b879c8,75,2026-10-03T16:38:56.015873+07:00,74.04456961600044,74.04456961600044,MONITOR,74.19550064499981,1.0000683520001985,0.2625482920002469,0.00015374000031442847,DISABLED,on,user_reported,37.94545364379883,51.60585021972656,1006.936328125,87045.2265625,True,True,True,176,0,0,109,178,101,2026-10-03T16:38:56.016022+07:00,74.04473815100027,0.19156113600001845,OK,,True,2026-10-03T16:38:56.207604+07:00,74.23631434300023,0.03548644900001818,OK,,True,1604,0.2005,,2026-10-03T16:38:56.243096+07:00,74.27180992100057,0.03528774699952919,OK,,True,2810,0.35125,
ab14be9977d645198f54717810b879c8,76,2026-10-03T16:38:57.015808+07:00,75.04451619200063,75.04451619200063,MONITOR,75.195447221,0.999946576000184,0.2518705789998421,0.00010031600049842382,DISABLED,on,user_reported,37.92823028564453,51.62228775024414,1006.9428125,87223.171875,True,True,True,176,0,0,109,178,101,2026-10-03T16:38:57.015883+07:00,75.04460082100013,0.1858134029998837,OK,,True,2026-10-03T16:38:57.201708+07:00,75.23042237200025,0.03305428200019378,OK,,True,1589,0.198625,,2026-10-03T16:38:57.234767+07:00,75.26348143199994,0.03289548700013256,OK,,True,2803,0.350375,
ab14be9977d645198f54717810b879c8,77,2026-10-03T16:38:58.015795+07:00,76.0445033800006,76.0445033800006,MONITOR,76.19543440899997,0.9999871879999773,0.2517525429993839,8.750400047574658e-05,DISABLED,on,user_reported,37.91291427612305,51.67681121826172,1006.863046875,87491.453125,True,True,True,176,0,0,109,178,101,2026-10-03T16:38:58.015869+07:00,76.04458706500009,0.18581077300041215,OK,,True,2026-10-03T16:38:58.201691+07:00,76.23040511599993,0.032944561000476824,OK,,True,1598,0.19975,,2026-10-03T16:38:58.234635+07:00,76.26335239900072,0.03289456099992094,OK,,True,2802,0.35025,
ab14be9977d645198f54717810b879c8,78,2026-10-03T16:38:59.015811+07:00,77.04451599500044,77.04451599500044,MONITOR,77.1954470239998,1.0000126149998323,0.2517231920000995,0.000100119000308041,DISABLED,on,user_reported,37.899513244628906,51.712703704833984,1006.87578125,87761.3984375,True,True,True,176,0,0,109,178,101,2026-10-03T16:38:59.015895+07:00,77.04461227200045,0.1858305140003722,OK,,True,2026-10-03T16:38:59.201737+07:00,77.23045080400061,0.03294796899990615,OK,,True,1593,0.199125,,2026-10-03T16:38:59.234684+07:00,77.26340164300018,0.03282971099997667,OK,,True,2802,0.35025,
ab14be9977d645198f54717810b879c8,79,2026-10-03T16:39:00.015791+07:00,78.04450014800022,78.04450014800022,MONITOR,78.19543117699959,0.9999841529997866,0.2517226549998668,8.427200009464286e-05,DISABLED,on,user_reported,37.89186096191406,51.730506896972656,1006.883984375,88306.3125,True,True,True,176,0,0,109,178,101,2026-10-03T16:39:00.015866+07:00,78.0445834810007,0.18581442199956655,OK,,True,2026-10-03T16:39:00.201690+07:00,78.23040495800069,0.0329671720000988,OK,,True,1591,0.198875,,2026-10-03T16:39:00.234659+07:00,78.26337522300037,0.03283869099959702,OK,,True,2802,0.35025,
ab14be9977d645198f54717810b879c8,80,2026-10-03T16:39:01.015792+07:00,79.04450065400033,79.04450065400033,MONITOR,79.1954316829997,1.0000005060001058,0.2519834129998344,8.477800020045834e-05,DISABLED,on,user_reported,37.87399673461914,51.77837371826172,1006.834375,88489.4609375,True,True,True,176,0,0,109,178,101,2026-10-03T16:39:01.015865+07:00,79.04458302400053,0.18581905100018048,OK,,True,2026-10-03T16:39:01.201695+07:00,79.23040974200012,0.033200226000190014,OK,,True,1596,0.1995,,2026-10-03T16:39:01.234897+07:00,79.26361352300046,0.03286224699968443,OK,,True,2803,0.350375,
ab14be9977d645198f54717810b879c8,81,2026-10-03T16:39:02.015850+07:00,80.04455210500055,80.04455210500055,MONITOR,80.19548313399991,1.0000514510002176,0.26280332999976963,0.0001362290004180977,DISABLED,on,user_reported,37.85740661621094,51.80121612548828,1006.869375,88950.6640625,True,True,True,176,0,0,109,178,101,2026-10-03T16:39:02.015957+07:00,80.04467447500065,0.19092771599935077,OK,,True,2026-10-03T16:39:02.206908+07:00,80.23561759800032,0.036353849999613885,OK,,True,1589,0.198625,,2026-10-03T16:39:02.243273+07:00,80.27198307700019,0.03535256200029835,OK,,True,2813,0.351625,
ab14be9977d645198f54717810b879c8,82,2026-10-03T16:39:03.015807+07:00,81.04451427999993,81.04451427999993,MONITOR,81.1954453089993,0.9999621749993821,0.2517830260003393,9.840399980021175e-05,DISABLED,on,user_reported,37.848472595214844,51.84408187866211,1006.978203125,89229.6953125,True,True,True,176,0,0,109,178,101,2026-10-03T16:39:03.015886+07:00,81.0446034280003,0.18581186600022193,OK,,True,2026-10-03T16:39:03.201708+07:00,81.23042249800073,0.03296602399950643,OK,,True,1598,0.19975,,2026-10-03T16:39:03.234674+07:00,81.26339148500028,0.03289615399989998,OK,,True,2805,0.350625,
ab14be9977d645198f54717810b879c8,83,2026-10-03T16:39:04.016212+07:00,82.04491639700063,82.04491639700063,MONITOR,82.195847426,1.0004021170007036,0.25175722999938444,0.0005005210005037952,DISABLED,on,user_reported,37.833797454833984,51.87350082397461,1006.981953125,89510.4921875,True,True,True,176,0,0,109,178,101,2026-10-03T16:39:04.016299+07:00,82.04501647000052,0.18584660800024722,OK,,True,2026-10-03T16:39:04.202157+07:00,82.23087074400064,0.032958412999505526,OK,,True,1588,0.1985,,2026-10-03T16:39:04.235115+07:00,82.26383212000019,0.03283295100027317,OK,,True,2802,0.35025,
ab14be9977d645198f54717810b879c8,84,2026-10-03T16:39:05.015791+07:00,83.0444998360008,83.0444998360008,MONITOR,83.19543086500016,0.9995834390001619,0.25173267499940266,8.396000066568376e-05,DISABLED,on,user_reported,37.82997131347656,51.904502868652344,1006.96890625,89982.421875,True,True,True,176,0,0,109,178,101,2026-10-03T16:39:05.015866+07:00,83.04458341000009,0.18581607000032818,OK,,True,2026-10-03T16:39:05.201692+07:00,83.2304072020006,0.032962579999548325,OK,,True,1592,0.199,,2026-10-03T16:39:05.234656+07:00,83.26337280100051,0.03285098800006381,OK,,True,2804,0.35050000000000003,
ab14be9977d645198f54717810b879c8,85,2026-10-03T16:39:06.015799+07:00,84.04450692099999,84.04450692099999,MONITOR,84.19543794999936,1.000007084999197,0.2519732099999601,9.104499986278825e-05,DISABLED,on,user_reported,37.81976318359375,51.92826843261719,1006.904296875,90077.4140625,True,True,True,176,0,0,109,178,101,2026-10-03T16:39:06.015879+07:00,84.04459688299994,0.1858113490006872,OK,,True,2026-10-03T16:39:06.201702+07:00,84.23041588000069,0.03320339299989428,OK,,True,1594,0.19925,,2026-10-03T16:39:06.234906+07:00,84.26362266200067,0.032848524999280926,OK,,True,2800,0.35000000000000003,
ab14be9977d645198f54717810b879c8,86,2026-10-03T16:39:07.015808+07:00,85.04451587700078,85.04451587700078,MONITOR,85.19544690600014,1.0000089560007837,0.2519685999996,0.00010000100064644357,DISABLED,on,user_reported,37.80955505371094,51.95203399658203,1006.95640625,89887.640625,True,True,True,176,0,0,109,178,101,2026-10-03T16:39:07.015888+07:00,85.04460469200058,0.18580758899952343,OK,,True,2026-10-03T16:39:07.201706+07:00,85.23042024400002,0.033145023000543006,OK,,True,1591,0.198875,,2026-10-03T16:39:07.234856+07:00,85.26357058200028,0.03290532099981647,OK,,True,2801,0.350125,
ab14be9977d645198f54717810b879c8,87,2026-10-03T16:39:08.015854+07:00,86.0445522050004,86.0445522050004,MONITOR,86.19548323399977,1.0000363279996236,0.2628301080003439,0.00013632900027005235,DISABLED,on,user_reported,37.798709869384766,51.982025146484375,1006.8565625,90651.5546875,True,True,True,176,0,0,109,178,101,2026-10-03T16:39:08.016005+07:00,86.04472113000065,0.19178411699977005,OK,,True,2026-10-03T16:39:08.207811+07:00,86.23652128400045,0.03539519100013422,OK,,True,1610,0.20125,,2026-10-03T16:39:08.243211+07:00,86.2719246050001,0.03543604200058326,OK,,True,2812,0.35150000000000003,
ab14be9977d645198f54717810b879c8,88,2026-10-03T16:39:09.015912+07:00,87.04460973700043,87.04460973700043,MONITOR,87.1955407659998,1.000057532000028,0.2518799339995894,0.00019386100029805675,DISABLED,on,user_reported,37.78722381591797,52.011932373046875,1006.885859375,90651.5546875,True,True,True,176,0,0,109,178,101,2026-10-03T16:39:09.016044+07:00,87.04476058800083,0.18589716299993597,OK,,True,2026-10-03T16:39:09.201954+07:00,87.23066706600002,0.03296280199992907,OK,,True,1588,0.1985,,2026-10-03T16:39:09.234916+07:00,87.26363290500012,0.03284691400040174,OK,,True,2805,0.350625,
ab14be9977d645198f54717810b879c8,89,2026-10-03T16:39:10.015798+07:00,88.04450456700033,88.04450456700033,MONITOR,88.1954355959997,0.9998948299999029,0.2518104350001522,8.869100020092446e-05,DISABLED,on,user_reported,37.76552963256836,52.040367126464844,1006.933046875,90747.9609375,True,True,True,176,0,0,109,178,101,2026-10-03T16:39:10.015882+07:00,88.04459919600049,0.18582931199944142,OK,,True,2026-10-03T16:39:10.201724+07:00,88.23043773100017,0.03298207900024863,OK,,True,1589,0.198625,,2026-10-03T16:39:10.234707+07:00,88.26342375500008,0.03288180300023669,OK,,True,2804,0.35050000000000003,
ab14be9977d645198f54717810b879c8,90,2026-10-03T16:39:11.015798+07:00,89.04450493500008,89.04450493500008,MONITOR,89.19543596399944,1.0000003679997462,0.25179595300051005,8.905899994715583e-05,DISABLED,on,user_reported,37.75149154663086,52.063594818115234,1006.903359375,91428.5703125,True,True,True,176,0,0,109,178,101,2026-10-03T16:39:11.015880+07:00,89.04459750800015,0.1858218500001385,OK,,True,2026-10-03T16:39:11.201714+07:00,89.23042750600052,0.03297900599955028,OK,,True,1594,0.19925,,2026-10-03T16:39:11.234693+07:00,89.26340947500012,0.03288209899983485,OK,,True,2802,0.35025,
ab14be9977d645198f54717810b879c8,91,2026-10-03T16:39:12.015800+07:00,90.04450691500006,90.04450691500006,MONITOR,90.19543794399942,1.000001979999979,0.25231270900076197,9.103899992624065e-05,DISABLED,on,user_reported,37.7508544921875,52.101383209228516,1006.895625,91723.3984375,True,True,True,176,0,0,109,178,101,2026-10-03T16:39:12.015883+07:00,90.04460087700045,0.18582757199965272,OK,,True,2026-10-03T16:39:12.201723+07:00,90.23043659700033,0.03343665000011242,OK,,True,1598,0.19975,,2026-10-03T16:39:12.235165+07:00,90.26387813600013,0.032931581000411825,OK,,True,2805,0.350625,
ab14be9977d645198f54717810b879c8,92,2026-10-03T16:39:13.015839+07:00,91.04454321000048,91.04454321000048,MONITOR,91.19547423899985,1.0000362950004273,0.2518219349994979,0.000127334000353585,DISABLED,on,user_reported,37.74064636230469,52.11885452270508,1006.872265625,91038.40625,True,True,True,176,0,0,109,178,101,2026-10-03T16:39:13.015927+07:00,91.0446444500003,0.18581971999992675,OK,,True,2026-10-03T16:39:13.201759+07:00,91.23047270700044,0.03299326500018651,OK,,True,1600,0.2,,2026-10-03T16:39:13.234752+07:00,91.26346869500048,0.03288722799970856,OK,,True,2796,0.34950000000000003,
ab14be9977d645198f54717810b879c8,93,2026-10-03T16:39:14.015960+07:00,92.04464985800041,92.04464985800041,MONITOR,92.19558088699978,1.000106647999928,0.2563017160000527,0.00023398200028168503,DISABLED,on,user_reported,37.72788619995117,52.14859390258789,1006.93390625,91822.09375,True,True,True,176,0,0,109,178,101,2026-10-03T16:39:14.016158+07:00,92.04487394900025,0.18908810199991422,OK,,True,2026-10-03T16:39:14.205260+07:00,92.23397288500018,0.033906442999978026,OK,,True,1589,0.198625,,2026-10-03T16:39:14.239170+07:00,92.26788453200061,0.033056337999369134,OK,,True,2797,0.349625,
ab14be9977d645198f54717810b879c8,94,2026-10-03T16:39:15.015799+07:00,93.0445064710002,93.0445064710002,MONITOR,93.19543749999957,0.9998566129997926,0.2517073260005418,9.059500007424504e-05,DISABLED,on,user_reported,37.72724914550781,52.173763275146484,1007.021875,91723.3984375,True,True,True,176,0,0,109,178,101,2026-10-03T16:39:15.015881+07:00,93.04459845200017,0.18581872100003238,OK,,True,2026-10-03T16:39:15.201712+07:00,93.23042537600031,0.03293917300015892,OK,,True,1584,0.198,,2026-10-03T16:39:15.234650+07:00,93.26336729000013,0.03283743300016795,OK,,True,2802,0.35025,
ab14be9977d645198f54717810b879c8,95,2026-10-03T16:39:16.015839+07:00,94.04454310300025,94.04454310300025,MONITOR,94.19547413199962,1.0000366320000467,0.2517471030005254,0.00012722700012091082,DISABLED,on,user_reported,37.71640396118164,52.20378494262695,1006.990625,92219.0234375,True,True,True,176,0,0,109,178,101,2026-10-03T16:39:16.015924+07:00,94.04464099100005,0.18582833200071036,OK,,True,2026-10-03T16:39:16.201765+07:00,94.23047843400036,0.03295702499963227,OK,,True,1585,0.198125,,2026-10-03T16:39:16.234721+07:00,94.26343805100078,0.032842321999851265,OK,,True,2802,0.35025,
ab14be9977d645198f54717810b879c8,96,2026-10-03T16:39:17.017791+07:00,95.0464956650003,95.0464956650003,MONITOR,95.19742669399966,1.0019525620000422,0.25227756300046167,0.002079789000163146,DISABLED,on,user_reported,37.70427703857422,52.21467590332031,1006.984765625,93807.2578125,True,True,True,176,0,0,109,178,101,2026-10-03T16:39:17.017872+07:00,95.04658890500014,0.18583925800066936,OK,,True,2026-10-03T16:39:17.203723+07:00,95.23243640400051,0.03338155799974629,OK,,True,1594,0.19925,,2026-10-03T16:39:17.237109+07:00,95.26582366599996,0.03293922800003202,OK,,True,2798,0.34975,
ab14be9977d645198f54717810b879c8,97,2026-10-03T16:39:18.015900+07:00,96.04460238800038,96.04460238800038,MONITOR,96.19553341699975,0.9981067230000917,0.2518210469997939,0.00018651200025487924,DISABLED,on,user_reported,37.688331604003906,52.237640380859375,1006.979453125,93807.2578125,True,True,True,176,0,0,109,178,101,2026-10-03T16:39:18.016011+07:00,96.04472805300065,0.18586935099938273,OK,,True,2026-10-03T16:39:18.201892+07:00,96.23060573700059,0.03297261699935916,OK,,True,1591,0.198875,,2026-10-03T16:39:18.234864+07:00,96.26358115000039,0.03283404499961762,OK,,True,2801,0.350125,
ab14be9977d645198f54717810b879c8,98,2026-10-03T16:39:19.015857+07:00,97.04455981900082,97.04455981900082,MONITOR,97.19549084800019,0.9999574310004391,0.2550910779991682,0.00014394300069398014,DISABLED,on,user_reported,37.687049865722656,52.269046783447266,1006.970546875,94013.953125,True,True,True,176,0,0,109,178,101,2026-10-03T16:39:19.015960+07:00,97.04467661500075,0.18646682700000383,OK,,True,2026-10-03T16:39:19.202444+07:00,97.23115462700025,0.03362611200009269,OK,,True,1575,0.196875,,2026-10-03T16:39:19.236080+07:00,97.26479116500013,0.034841270000470104,OK,,True,2784,0.34800000000000003,
ab14be9977d645198f54717810b879c8,99,2026-10-03T16:39:20.015819+07:00,98.04452747400046,98.04452747400046,MONITOR,98.19545850299983,0.9999676549996366,0.2521246380001685,0.00011159800033055944,DISABLED,on,user_reported,37.67876052856445,52.274166107177734,1006.9228125,94430.1015625,True,True,True,176,0,0,109,178,101,2026-10-03T16:39:20.015892+07:00,98.04460926899992,0.1861231270004282,OK,,True,2026-10-03T16:39:20.202026+07:00,98.23074002500016,0.0329902100002073,OK,,True,1567,0.195875,,2026-10-03T16:39:20.235018+07:00,98.26373419800075,0.03290789499988023,OK,,True,2798,0.34975,
ab14be9977d645198f54717810b879c8,100,2026-10-03T16:39:21.015803+07:00,99.0445088510005,99.0445088510005,MONITOR,99.19543987999987,0.9999813770000401,0.2519653070003187,9.29750003706431e-05,DISABLED,on,user_reported,37.67046356201172,52.29192352294922,1006.94359375,94430.1015625,True,True,True,176,0,0,109,178,101,2026-10-03T16:39:21.015881+07:00,99.0445986650002,0.18581870399975742,OK,,True,2026-10-03T16:39:21.201712+07:00,99.23042592399997,0.03313043100024515,OK,,True,1598,0.19975,,2026-10-03T16:39:21.234844+07:00,99.26355994700043,0.032904785000027914,OK,,True,2801,0.350125,
ab14be9977d645198f54717810b879c8,101,2026-10-03T16:39:22.015793+07:00,100.04449919300077,100.04449919300077,MONITOR,100.19543022200014,0.9999903420002738,0.25197312099953706,8.331700064445613e-05,DISABLED,on,user_reported,37.6551513671875,52.31499481201172,1006.884609375,94482.375,True,True,True,176,0,0,109,178,101,2026-10-03T16:39:22.015875+07:00,100.04459280300034,0.1858251849998851,OK,,True,2026-10-03T16:39:22.201713+07:00,100.2304265620005,0.033117930999651435,OK,,True,1605,0.200625,,2026-10-03T16:39:22.234835+07:00,100.26354927100056,0.032912616999965394,OK,,True,2802,0.35025,
ab14be9977d645198f54717810b879c8,102,2026-10-03T16:39:23.015799+07:00,101.04450575700048,101.04450575700048,MONITOR,101.19543678599985,1.0000065639997047,0.2520358989995657,8.98810003491235e-05,DISABLED,on,user_reported,37.64685821533203,52.30747985839844,1006.919140625,95008.3515625,True,True,True,176,0,0,109,178,101,2026-10-03T16:39:23.015877+07:00,101.0445943120003,0.18582542600051966,OK,,True,2026-10-03T16:39:23.201714+07:00,101.23042821900071,0.03322483800002374,OK,,True,1602,0.20025,,2026-10-03T16:39:23.234939+07:00,101.26365644600082,0.032875154999601364,OK,,True,2798,0.34975,
ab14be9977d645198f54717810b879c8,103,2026-10-03T16:39:24.015804+07:00,102.04451106400029,102.04451106400029,MONITOR,102.19544209299966,1.0000053069998103,0.26342692199978046,9.518800015939632e-05,DISABLED,on,user_reported,37.63983917236328,52.33174133300781,1006.84609375,94797.2578125,True,True,True,176,0,0,109,178,101,2026-10-03T16:39:24.015884+07:00,102.04460206300064,0.18988880199958658,OK,,True,2026-10-03T16:39:24.205800+07:00,102.23450893900008,0.0366424410003674,OK,,True,1590,0.19875,,2026-10-03T16:39:24.242458+07:00,102.27116586100055,0.03674318100001983,OK,,True,2797,0.349625,
ab14be9977d645198f54717810b879c8,104,2026-10-03T16:39:25.015816+07:00,103.0445219080002,103.0445219080002,MONITOR,103.19545293699957,1.0000108439999167,0.2521136760005902,0.00010603200007608393,DISABLED,on,user_reported,37.628353118896484,52.34904098510742,1006.86171875,95220.3828125,True,True,True,176,0,0,109,178,101,2026-10-03T16:39:25.015896+07:00,103.04461398100011,0.18599268400066649,OK,,True,2026-10-03T16:39:25.201902+07:00,103.230615554,0.033062413000152446,OK,,True,1595,0.199375,,2026-10-03T16:39:25.234967+07:00,103.26368209700013,0.032941376000053424,OK,,True,2798,0.34975,
ab14be9977d645198f54717810b879c8,105,2026-10-03T16:39:26.015801+07:00,104.04450805000033,104.04450805000033,MONITOR,104.1954390789997,0.9999861420001253,0.25215804599974945,9.217400020133937e-05,DISABLED,on,user_reported,37.621971130371094,52.35443878173828,1006.899453125,94797.2578125,True,True,True,176,0,0,109,178,101,2026-10-03T16:39:26.015876+07:00,104.04459356700045,0.18582724099996994,OK,,True,2026-10-03T16:39:26.201715+07:00,104.2304291420005,0.033286670000052254,OK,,True,1587,0.198375,,2026-10-03T16:39:26.235006+07:00,104.2637205710007,0.03293667399975675,OK,,True,2794,0.34925,
ab14be9977d645198f54717810b879c8,106,2026-10-03T16:39:27.015803+07:00,105.0445092480004,105.0445092480004,MONITOR,105.19544027699976,1.0000011980000636,0.2520686770003522,9.33720002649352e-05,DISABLED,on,user_reported,37.61176300048828,52.371925354003906,1006.965,95433.3671875,True,True,True,176,0,0,109,178,101,2026-10-03T16:39:27.015883+07:00,105.04460087700045,0.18582598099965253,OK,,True,2026-10-03T16:39:27.201722+07:00,105.23043591400074,0.033254670999667724,OK,,True,1599,0.199875,,2026-10-03T16:39:27.234982+07:00,105.26369562200034,0.03287326600002416,OK,,True,2798,0.34975,
ab14be9977d645198f54717810b879c8,107,2026-10-03T16:39:28.015797+07:00,106.04450361300042,106.04450361300042,MONITOR,106.19543464199978,0.9999943650000205,0.25224021400026686,8.773700028541498e-05,DISABLED,on,user_reported,37.60346984863281,52.39602279663086,1006.9928125,96132.1796875,True,True,True,176,0,0,109,178,101,2026-10-03T16:39:28.015875+07:00,106.04459209400011,0.18582398200032912,OK,,True,2026-10-03T16:39:28.201711+07:00,106.23042405800061,0.03328681799939659,OK,,True,1588,0.1985,,2026-10-03T16:39:28.235004+07:00,106.26371739500064,0.033016321000104654,OK,,True,2801,0.350125,
ab14be9977d645198f54717810b879c8,108,2026-10-03T16:39:29.015800+07:00,107.04450648000056,107.04450648000056,MONITOR,107.19543750899993,1.0000028670001484,0.2546567689996664,9.060400043381378e-05,DISABLED,on,user_reported,37.59326171875,52.400875091552734,1006.962578125,96132.1796875,True,True,True,176,0,0,109,178,101,2026-10-03T16:39:29.015878+07:00,107.04459622000013,0.18637268200018298,OK,,True,2026-10-03T16:39:29.202272+07:00,107.2309824390004,0.03296924699952797,OK,,True,1593,0.199125,,2026-10-03T16:39:29.235247+07:00,107.26395933399999,0.035190582000723225,OK,,True,2788,0.34850000000000003,
ab14be9977d645198f54717810b879c8,109,2026-10-03T16:39:30.015861+07:00,108.04455569900074,108.04455569900074,MONITOR,108.1954867280001,1.000049219000175,0.25804987299943605,0.0001398230006088852,DISABLED,on,user_reported,37.586246490478516,52.41881561279297,1006.903203125,95700.9375,True,True,True,176,0,0,109,178,101,2026-10-03T16:39:30.016014+07:00,108.04473010500078,0.18981591499959904,OK,,True,2026-10-03T16:39:30.205848+07:00,108.23455989000013,0.03414592300032382,OK,,True,1593,0.199125,,2026-10-03T16:39:30.240001+07:00,108.26871377600037,0.03387311099959334,OK,,True,2810,0.35125,
ab14be9977d645198f54717810b879c8,110,2026-10-03T16:39:31.015853+07:00,109.04455153100025,109.04455153100025,MONITOR,109.19548255999962,0.999995831999513,0.2579652439999336,0.00013565500012191478,DISABLED,on,user_reported,37.578590393066406,52.42403793334961,1006.918359375,96403.6875,True,True,True,176,0,0,109,178,101,2026-10-03T16:39:31.015998+07:00,109.04471395500059,0.19168664199969498,OK,,True,2026-10-03T16:39:31.207709+07:00,109.23641843000041,0.03319387499959703,OK,,True,1591,0.198875,,2026-10-03T16:39:31.240903+07:00,109.2696167310005,0.032890043999941554,OK,,True,2800,0.35000000000000003,
ab14be9977d645198f54717810b879c8,111,2026-10-03T16:39:32.015796+07:00,110.04450303000067,110.04450303000067,MONITOR,110.19543405900004,0.9999514990004172,0.25435910599935596,8.7154000539158e-05,DISABLED,on,user_reported,37.57667541503906,52.4364013671875,1006.915078125,96349.265625,True,True,True,176,0,0,109,178,101,2026-10-03T16:39:32.015879+07:00,110.04459649199998,0.18591874200046732,OK,,True,2026-10-03T16:39:32.201815+07:00,110.230526456,0.034214349000649236,OK,,True,1585,0.198125,,2026-10-03T16:39:32.236036+07:00,110.26474804500049,0.03410294199966302,OK,,True,2796,0.34950000000000003,
ab14be9977d645198f54717810b879c8,112,2026-10-03T16:39:33.015792+07:00,111.0444986600005,111.0444986600005,MONITOR,111.19542968899987,0.9999956299998303,0.2542350140001872,8.278400036942912e-05,DISABLED,on,user_reported,37.56391143798828,52.45353698730469,1006.94921875,96841.3125,True,True,True,176,0,0,109,178,101,2026-10-03T16:39:33.015870+07:00,111.04458771500049,0.18592801900013,OK,,True,2026-10-03T16:39:33.201812+07:00,111.23052597400056,0.03525321199958853,OK,,True,1584,0.198,,2026-10-03T16:39:33.237071+07:00,111.2657848710005,0.03293752500030678,OK,,True,2799,0.349875,
ab14be9977d645198f54717810b879c8,113,2026-10-03T16:39:34.015793+07:00,112.04450040100073,112.04450040100073,MONITOR,112.1954314300001,1.0000017410002329,0.2547489369999312,8.452500060229795e-05,DISABLED,on,user_reported,37.55817413330078,52.47799301147461,1006.912734375,96896.2890625,True,True,True,176,0,0,109,178,101,2026-10-03T16:39:34.015870+07:00,112.04458712300038,0.185881667999638,OK,,True,2026-10-03T16:39:34.201764+07:00,112.23047764300009,0.03422107100050198,OK,,True,1574,0.19675,,2026-10-03T16:39:34.236000+07:00,112.2647117510005,0.03451917999973375,OK,,True,2781,0.347625,
ab14be9977d645198f54717810b879c8,114,2026-10-03T16:39:35.015810+07:00,113.04451549600071,113.04451549600071,MONITOR,113.19544652500008,1.0000150949999806,0.2515087579995452,9.962000058294507e-05,DISABLED,on,user_reported,37.561363220214844,52.497432708740234,1006.903984375,96896.2890625,True,True,True,176,0,0,109,178,101,2026-10-03T16:39:35.015888+07:00,113.04460527300034,0.18581918699965172,OK,,True,2026-10-03T16:39:35.201717+07:00,113.23043099700044,0.033042727999600174,OK,,True,1588,0.1985,,2026-10-03T16:39:35.234764+07:00,113.26347829900078,0.03253241799939133,OK,,True,2787,0.348375,
ab14be9977d645198f54717810b879c8,115,2026-10-03T16:39:36.015796+07:00,114.04450351700052,114.04450351700052,MONITOR,114.19543454599989,0.9999880209998082,0.2603034869998737,8.764100039115874e-05,DISABLED,on,user_reported,37.55498123168945,52.49650573730469,1006.83890625,97282.921875,True,True,True,176,0,0,109,178,101,2026-10-03T16:39:36.015870+07:00,114.04458771999998,0.18656884900065052,OK,,True,2026-10-03T16:39:36.202457+07:00,114.23116795700025,0.03592172499975277,OK,,True,1586,0.19825,,2026-10-03T16:39:36.238394+07:00,114.2671030520005,0.03767578599945409,OK,,True,2801,0.350125,
ab14be9977d645198f54717810b879c8,116,2026-10-03T16:39:37.015855+07:00,115.04455953900015,115.04455953900015,MONITOR,115.19549056799951,1.000056021999626,0.2532715229999667,0.00014366300001711352,DISABLED,on,user_reported,37.53456497192383,52.51884841918945,1006.847109375,97560.9765625,True,True,True,176,0,0,109,178,101,2026-10-03T16:39:37.015939+07:00,115.04465711300054,0.18582068700015952,OK,,True,2026-10-03T16:39:37.201773+07:00,115.23048657800064,0.03292067299935297,OK,,True,1581,0.197625,,2026-10-03T16:39:37.234700+07:00,115.2634130660008,0.03440538499944523,OK,,True,2788,0.34850000000000003,
ab14be9977d645198f54717810b879c8,117,2026-10-03T16:39:38.015801+07:00,116.0445076370006,116.0445076370006,MONITOR,116.19543866599997,0.9999480980004591,0.2543898289995923,9.176100047625368e-05,DISABLED,on,user_reported,37.53009796142578,52.53084945678711,1006.894609375,97560.9765625,True,True,True,176,0,0,109,178,101,2026-10-03T16:39:38.015878+07:00,116.04459541400047,0.18583935399965412,OK,,True,2026-10-03T16:39:38.201731+07:00,116.23044432400002,0.033468521000031615,OK,,True,1578,0.19725,,2026-10-03T16:39:38.235204+07:00,116.26391782700011,0.03496373200050584,OK,,True,2800,0.35000000000000003,
ab14be9977d645198f54717810b879c8,118,2026-10-03T16:39:39.015806+07:00,117.04451323500052,117.04451323500052,MONITOR,117.19544426399989,1.000005597999916,0.256849458999568,9.735900039231637e-05,DISABLED,on,user_reported,37.520530700683594,52.542118072509766,1006.85859375,97672.640625,True,True,True,176,0,0,109,178,101,2026-10-03T16:39:39.015883+07:00,117.04460025300068,0.1864246830000411,OK,,True,2026-10-03T16:39:39.202316+07:00,117.23103032500057,0.0366552559999036,OK,,True,1587,0.198375,,2026-10-03T16:39:39.238978+07:00,117.26769154400063,0.03365526099969429,OK,,True,2775,0.346875,
ab14be9977d645198f54717810b879c8,119,2026-10-03T16:39:40.015803+07:00,118.04451064900059,118.04451064900059,MONITOR,118.19544167799995,0.9999974140000631,0.25771702699967136,9.477300045546144e-05,DISABLED,on,user_reported,37.510955810546875,52.547054290771484,1006.925234375,97896.75,True,True,True,176,0,0,109,178,101,2026-10-03T16:39:40.015879+07:00,118.0445966670004,0.18581067000013718,OK,,True,2026-10-03T16:39:40.201700+07:00,118.23041485500016,0.03766484100015077,OK,,True,1586,0.19825,,2026-10-03T16:39:40.239370+07:00,118.26808456700019,0.03413125699989905,OK,,True,2788,0.34850000000000003,
ab14be9977d645198f54717810b879c8,120,2026-10-03T16:39:41.015801+07:00,119.04450719400029,119.04450719400029,MONITOR,119.19543822299966,0.9999965449997035,0.2554914510001254,9.131800015893532e-05,DISABLED,on,user_reported,37.5141487121582,52.5601806640625,1006.93046875,98009.1875,True,True,True,176,0,0,109,178,101,2026-10-03T16:39:41.015879+07:00,119.04459634200066,0.18581298399931256,OK,,True,2026-10-03T16:39:41.201702+07:00,119.23041656700025,0.03451266100000794,OK,,True,1577,0.197125,,2026-10-03T16:39:41.236224+07:00,119.2649365060006,0.03504811999937374,OK,,True,2780,0.34750000000000003,
ab14be9977d645198f54717810b879c8,121,2026-10-03T16:39:42.015864+07:00,120.0445610910001,120.0445610910001,MONITOR,120.19549211999947,1.000053896999816,0.26876584900037415,0.00014521499997499632,DISABLED,on,user_reported,37.50521469116211,52.57154083251953,1006.922734375,97952.9375,True,True,True,176,0,0,109,178,101,2026-10-03T16:39:42.016019+07:00,120.04473529300049,0.1917688100002124,OK,,True,2026-10-03T16:39:42.207807+07:00,120.23651782500019,0.03752100900055666,OK,,True,1569,0.196125,,2026-10-03T16:39:42.245340+07:00,120.27405027800069,0.03925012599938782,OK,,True,2800,0.35000000000000003,
ab14be9977d645198f54717810b879c8,122,2026-10-03T16:39:43.015817+07:00,121.04452393400061,121.04452393400061,MONITOR,121.19545496299997,0.9999628430005032,0.25219838399971195,0.00010805800047819503,DISABLED,on,user_reported,37.5001106262207,52.583457946777344,1006.941953125,98234.84375,True,True,True,176,0,0,109,178,101,2026-10-03T16:39:43.015900+07:00,121.04461743299998,0.18580039300013595,OK,,True,2026-10-03T16:39:43.201710+07:00,121.23042469600023,0.033378818000528554,OK,,True,1598,0.19975,,2026-10-03T16:39:43.235094+07:00,121.26380884800074,0.03289778499947715,OK,,True,2797,0.349625,
ab14be9977d645198f54717810b879c8,123,2026-10-03T16:39:44.015801+07:00,122.04450951900071,122.04450951900071,MONITOR,122.19544054800008,0.999985585000104,0.25560074699933466,9.364300058223307e-05,DISABLED,on,user_reported,37.49755859375,52.58308792114258,1006.89671875,98518.375,True,True,True,176,0,0,109,178,101,2026-10-03T16:39:44.015873+07:00,122.04459072200007,0.18581420700047602,OK,,True,2026-10-03T16:39:44.201697+07:00,122.230411818,0.0329683580002893,OK,,True,1584,0.198,,2026-10-03T16:39:44.234668+07:00,122.26338386200041,0.036714793000101054,OK,,True,2797,0.349625,
ab14be9977d645198f54717810b879c8,124,2026-10-03T16:39:45.015800+07:00,123.04450728900065,123.04450728900065,MONITOR,123.19543831800001,0.9999977699999363,0.2515292789994419,9.141300051851431e-05,DISABLED,on,user_reported,37.477779388427734,52.599185943603516,1006.92625,98746.3828125,True,True,True,176,0,0,109,178,101,2026-10-03T16:39:45.015878+07:00,123.04459590000079,0.18580870699952357,OK,,True,2026-10-03T16:39:45.201697+07:00,123.2304115700008,0.03293450699948153,OK,,True,1593,0.199125,,2026-10-03T16:39:45.234632+07:00,123.26334892900013,0.032674490000317746,OK,,True,2793,0.349125,
ab14be9977d645198f54717810b879c8,125,2026-10-03T16:39:46.015796+07:00,124.04450459800046,124.04450459800046,MONITOR,124.19543562699982,0.9999973089998093,0.2534898369995062,8.87220003278344e-05,DISABLED,on,user_reported,37.47522735595703,52.61781311035156,1006.86734375,98575.28125,True,True,True,176,0,0,109,178,101,2026-10-03T16:39:46.015872+07:00,124.04459002300064,0.1858199299995249,OK,,True,2026-10-03T16:39:46.201703+07:00,124.23041773000023,0.03303558100014925,OK,,True,1580,0.1975,,2026-10-03T16:39:46.234739+07:00,124.26345625500016,0.03452406900032656,OK,,True,2800,0.35000000000000003,
ab14be9977d645198f54717810b879c8,126,2026-10-03T16:39:47.015800+07:00,125.0445076850001,125.0445076850001,MONITOR,125.19543871399947,1.0000030869996408,0.25196629400034,9.180899996863445e-05,DISABLED,on,user_reported,37.47905731201172,52.61836242675781,1006.9215625,98689.28125,True,True,True,176,0,0,109,178,101,2026-10-03T16:39:47.015881+07:00,125.04459890599992,0.18581143000028533,OK,,True,2026-10-03T16:39:47.201703+07:00,125.23041772500073,0.0331250799999907,OK,,True,1582,0.19775,,2026-10-03T16:39:47.234833+07:00,125.26354750900009,0.0329175810002198,OK,,True,2798,0.34975,
ab14be9977d645198f54717810b879c8,127,2026-10-03T16:39:48.015835+07:00,126.04453401299997,126.04453401299997,MONITOR,126.19546504199934,1.0000263279998762,0.26257362100022874,0.00011813699984486448,DISABLED,on,user_reported,37.471397399902344,52.64257049560547,1006.92984375,98918.0859375,True,True,True,176,0,0,109,178,101,2026-10-03T16:39:48.015986+07:00,126.04470258600031,0.1917411809999976,OK,,True,2026-10-03T16:39:48.207746+07:00,126.23645798899997,0.03542715500043414,OK,,True,1609,0.201125,,2026-10-03T16:39:48.243180+07:00,126.27189336600077,0.03519695299928571,OK,,True,2804,0.35050000000000003,
ab14be9977d645198f54717810b879c8,128,2026-10-03T16:39:49.015918+07:00,127.0446142690007,127.0446142690007,MONITOR,127.19554529800007,1.0000802560007287,0.26352616799977113,0.00019839300057356013,DISABLED,on,user_reported,37.46693420410156,52.64191818237305,1006.85390625,98918.0859375,True,True,True,176,0,0,109,178,101,2026-10-03T16:39:49.016066+07:00,127.04478115600068,0.19221706699954666,OK,,True,2026-10-03T16:39:49.208306+07:00,127.23701588900076,0.035720578999644204,OK,,True,1604,0.2005,,2026-10-03T16:39:49.244036+07:00,127.27274663400021,0.035373007000089274,OK,,True,2801,0.350125,
ab14be9977d645198f54717810b879c8,129,2026-10-03T16:39:50.015805+07:00,128.0445128780002,128.0445128780002,MONITOR,128.19544390699957,0.9998986089995014,0.251697036999758,9.700200007500825e-05,DISABLED,on,user_reported,37.45736312866211,52.6595344543457,1006.934375,98918.0859375,True,True,True,176,0,0,109,178,101,2026-10-03T16:39:50.015881+07:00,128.0445981920002,0.18580867099990428,OK,,True,2026-10-03T16:39:50.201701+07:00,128.23041460400054,0.032967487999485456,OK,,True,1591,0.198875,,2026-10-03T16:39:50.234669+07:00,128.26338533300077,0.03281665599934058,OK,,True,2799,0.349875,
ab14be9977d645198f54717810b879c8,130,2026-10-03T16:39:51.015793+07:00,129.04450002400063,129.04450002400063,MONITOR,129.195431053,0.9999871460004215,0.2517431119995308,8.414800049649784e-05,DISABLED,on,user_reported,37.45034408569336,52.67749786376953,1006.916171875,99090.3828125,True,True,True,176,0,0,109,178,101,2026-10-03T16:39:51.015864+07:00,129.04458182000053,0.18582396799956769,OK,,True,2026-10-03T16:39:51.201699+07:00,129.23041286200078,0.03296800699990854,OK,,True,1596,0.1995,,2026-10-03T16:39:51.234667+07:00,129.26338410900007,0.03285017500002141,OK,,True,2801,0.350125,
ab14be9977d645198f54717810b879c8,131,2026-10-03T16:39:52.015798+07:00,130.04450424600054,130.04450424600054,MONITOR,130.1954352749999,1.000004221999916,0.2518573329998617,8.837000041239662e-05,DISABLED,on,user_reported,37.44906997680664,52.702640533447266,1006.907109375,99321.046875,True,True,True,176,0,0,109,178,101,2026-10-03T16:39:52.015877+07:00,130.04459494900038,0.18580689299960795,OK,,True,2026-10-03T16:39:52.201692+07:00,130.23040763900008,0.03307224700074585,OK,,True,1573,0.196625,,2026-10-03T16:39:52.234771+07:00,130.26348544100074,0.032867285999600426,OK,,True,2790,0.34875,
ab14be9977d645198f54717810b879c8,132,2026-10-03T16:39:53.015797+07:00,131.044503524,131.044503524,MONITOR,131.19543455299936,0.99999927799945,0.2517983699999604,8.764799986238359e-05,DISABLED,on,user_reported,37.43630599975586,52.72610092163086,1006.8728125,99436.78125,True,True,True,176,0,0,109,178,101,2026-10-03T16:39:53.015875+07:00,131.04459283800043,0.1858108380001795,OK,,True,2026-10-03T16:39:53.201695+07:00,131.23040982400016,0.03305624699987675,OK,,True,1588,0.1985,,2026-10-03T16:39:53.234753+07:00,131.2634692010006,0.032824582000102964,OK,,True,2799,0.349875,
ab14be9977d645198f54717810b879c8,133,2026-10-03T16:39:54.015790+07:00,132.04449824700077,132.04449824700077,MONITOR,132.19542927600014,0.999994723000782,0.2517497969993201,8.237100064434344e-05,DISABLED,on,user_reported,37.421634674072266,52.74296569824219,1006.986015625,99669.0703125,True,True,True,176,0,0,109,178,101,2026-10-03T16:39:54.015863+07:00,132.04458078300013,0.18581419100064522,OK,,True,2026-10-03T16:39:54.201687+07:00,132.23040114000014,0.03295823000007658,OK,,True,1590,0.19875,,2026-10-03T16:39:54.234645+07:00,132.2633622960002,0.032876785000553355,OK,,True,2795,0.349375,
ab14be9977d645198f54717810b879c8,134,2026-10-03T16:39:55.015800+07:00,133.04450711900063,133.04450711900063,MONITOR,133.195438148,1.000008871999853,0.25171272399984446,9.124300049734302e-05,DISABLED,on,user_reported,37.41908264160156,52.74893569946289,1006.975078125,99378.8828125,True,True,True,176,0,0,109,178,101,2026-10-03T16:39:55.015885+07:00,133.04460265500074,0.18581165399973543,OK,,True,2026-10-03T16:39:55.201706+07:00,133.23042092000014,0.03295193299982202,OK,,True,1584,0.198,,2026-10-03T16:39:55.234658+07:00,133.26337555700047,0.03283539699987159,OK,,True,2795,0.349375,
ab14be9977d645198f54717810b879c8,135,2026-10-03T16:39:56.015791+07:00,134.04449939999995,134.04449939999995,MONITOR,134.19543042899932,0.9999922809993222,0.251824408000175,8.352399981959024e-05,DISABLED,on,user_reported,37.41971969604492,52.78069305419922,1006.983046875,99669.0703125,True,True,True,176,0,0,109,178,101,2026-10-03T16:39:56.015862+07:00,134.04457958400053,0.1858230799998637,OK,,True,2026-10-03T16:39:56.201696+07:00,134.2304101080008,0.03296487799980241,OK,,True,1588,0.1985,,2026-10-03T16:39:56.234661+07:00,134.26337824500024,0.03293554399988352,OK,,True,2794,0.34925,
ab14be9977d645198f54717810b879c8,136,2026-10-03T16:39:57.015793+07:00,135.04450020000058,135.04450020000058,MONITOR,135.19543122899995,1.0000008000006346,0.252009258999351,8.432400045421673e-05,DISABLED,on,user_reported,37.426734924316406,52.79438400268555,1006.93953125,99785.6171875,True,True,True,176,0,0,109,178,101,2026-10-03T16:39:57.015872+07:00,135.04459010600021,0.18582424699980038,OK,,True,2026-10-03T16:39:57.201708+07:00,135.23042196400002,0.03317469100056769,OK,,True,1596,0.1995,,2026-10-03T16:39:57.234888+07:00,135.26360169200052,0.0328989889994773,OK,,True,2799,0.349875,
ab14be9977d645198f54717810b879c8,137,2026-10-03T16:39:58.015793+07:00,136.04450148200067,136.04450148200067,MONITOR,136.19543251100004,1.0000012820000848,0.25173872399955144,8.56060005389736e-05,DISABLED,on,user_reported,37.422271728515625,52.81273651123047,1006.884375,99669.0703125,True,True,True,176,0,0,109,178,101,2026-10-03T16:39:58.015862+07:00,136.04457957400064,0.18581717199958803,OK,,True,2026-10-03T16:39:58.201688+07:00,136.23040300600042,0.03297706200009998,OK,,True,1582,0.19775,,2026-10-03T16:39:58.234668+07:00,136.26338347599994,0.032848601000296185,OK,,True,2792,0.34900000000000003,
ab14be9977d645198f54717810b879c8,138,2026-10-03T16:39:59.015790+07:00,137.04449752500022,137.04449752500022,MONITOR,137.1954285539996,0.9999960429995554,0.2518335009999646,8.16490000943304e-05,DISABLED,on,user_reported,37.414615631103516,52.805294036865234,1006.899375,100019.53125,True,True,True,176,0,0,109,178,101,2026-10-03T16:39:59.015866+07:00,137.04458365400023,0.1858167649997995,OK,,True,2026-10-03T16:39:59.201692+07:00,137.23040665900044,0.03305535900017276,OK,,True,1598,0.19975,,2026-10-03T16:39:59.234749+07:00,137.26346514800025,0.03285656299976836,OK,,True,2793,0.349125,
ab14be9977d645198f54717810b879c8,139,2026-10-03T16:40:00.015798+07:00,138.04450619800082,138.04450619800082,MONITOR,138.19543722700018,1.0000086730005933,0.2516975949993139,9.032200068759266e-05,DISABLED,on,user_reported,37.41270065307617,52.811344146728516,1006.889375,99843.9921875,True,True,True,176,0,0,109,178,101,2026-10-03T16:40:00.015864+07:00,138.04458140099996,0.1858305060004568,OK,,True,2026-10-03T16:40:00.201704+07:00,138.23041890700006,0.03294393300075171,OK,,True,1591,0.198875,,2026-10-03T16:40:00.234648+07:00,138.2633654880001,0.032830249000653566,OK,,True,2798,0.34975,
ab14be9977d645198f54717810b879c8,140,2026-10-03T16:40:01.015801+07:00,139.04450676000033,139.04450676000033,MONITOR,139.1954377889997,1.0000005619995136,0.25174670700016577,9.08840002011857e-05,DISABLED,on,user_reported,37.408233642578125,52.855037689208984,1006.861640625,99436.78125,True,True,True,176,0,0,109,178,101,2026-10-03T16:40:01.015884+07:00,139.04460151900003,0.18581195100068726,OK,,True,2026-10-03T16:40:01.201706+07:00,139.23042084000008,0.03297165599997243,OK,,True,1580,0.1975,,2026-10-03T16:40:01.234679+07:00,139.26339618100064,0.032847489999767276,OK,,True,2794,0.34925,
ab14be9977d645198f54717810b879c8,141,2026-10-03T16:40:02.015796+07:00,140.04450388000078,140.04450388000078,MONITOR,140.19543490900014,0.9999971200004438,0.25200390800000605,8.800400064501446e-05,DISABLED,on,user_reported,37.40504455566406,52.84823989868164,1006.918125,100372.4765625,True,True,True,176,0,0,109,178,101,2026-10-03T16:40:02.015866+07:00,140.04458323100062,0.18581752499994764,OK,,True,2026-10-03T16:40:02.201692+07:00,140.23040744100035,0.03315017299973988,OK,,True,1582,0.19775,,2026-10-03T16:40:02.234848+07:00,140.26356200300052,0.03293680400020094,OK,,True,2798,0.34975,
ab14be9977d645198f54717810b879c8,142,2026-10-03T16:40:03.015792+07:00,141.044500815,141.044500815,MONITOR,141.19543184399936,0.999996934999217,0.2517401510003765,8.493899986206088e-05,DISABLED,on,user_reported,37.399940490722656,52.86650848388672,1006.84140625,100254.5546875,True,True,True,176,0,0,109,178,101,2026-10-03T16:40:03.015860+07:00,141.04457787000047,0.18581454299965117,OK,,True,2026-10-03T16:40:03.201684+07:00,141.23039913600041,0.032968544000141264,OK,,True,1589,0.198625,,2026-10-03T16:40:03.234655+07:00,141.26337114300077,0.03286073099934583,OK,,True,2796,0.34950000000000003,
ab14be9977d645198f54717810b879c8,143,2026-10-03T16:40:04.015789+07:00,142.04449821400067,142.04449821400067,MONITOR,142.19542924300004,0.9999973990006765,0.2517362989992762,8.233800053858431e-05,DISABLED,on,user_reported,37.38909149169922,52.877593994140625,1006.89234375,100490.6796875,True,True,True,176,0,0,109,178,101,2026-10-03T16:40:04.015854+07:00,142.04457215799994,0.18581650600026478,OK,,True,2026-10-03T16:40:04.201680+07:00,142.23039473800054,0.032955322999441705,OK,,True,1580,0.1975,,2026-10-03T16:40:04.234637+07:00,142.26335350499994,0.03287132300010853,OK,,True,2796,0.34950000000000003,
ab14be9977d645198f54717810b879c8,144,2026-10-03T16:40:05.015853+07:00,143.04455228000006,143.04455228000006,MONITOR,143.19548330899943,1.000054065999393,0.2625231800002439,0.00013640399993164465,DISABLED,on,user_reported,37.382713317871094,52.88300704956055,1006.87515625,100787.3984375,True,True,True,176,0,0,109,178,101,2026-10-03T16:40:05.015993+07:00,143.04470874100025,0.1917597769997883,OK,,True,2026-10-03T16:40:05.207770+07:00,143.23648199900072,0.0353699150000466,OK,,True,1579,0.197375,,2026-10-03T16:40:05.243145+07:00,143.27186015500047,0.0351964350002163,OK,,True,2810,0.35125,
ab14be9977d645198f54717810b879c8,145,2026-10-03T16:40:06.015851+07:00,144.04454994000025,144.04454994000025,MONITOR,144.19548096899962,0.9999976600001901,0.26259727199976624,0.00013406400012172526,DISABLED,on,user_reported,37.38718032836914,52.896331787109375,1006.9165625,100431.5390625,True,True,True,176,0,0,109,178,101,2026-10-03T16:40:06.015991+07:00,144.04470803100048,0.19153859299967735,OK,,True,2026-10-03T16:40:06.207551+07:00,144.23626212399995,0.035695931000191194,OK,,True,1598,0.19975,,2026-10-03T16:40:06.243252+07:00,144.27196590700078,0.035161638999852585,OK,,True,2800,0.35000000000000003,
ab14be9977d645198f54717810b879c8,146,2026-10-03T16:40:07.015803+07:00,145.044511952,145.044511952,MONITOR,145.19544298099936,0.9999620119997417,0.25183243000083166,9.607599986338755e-05,DISABLED,on,user_reported,37.375057220458984,52.894561767578125,1006.8559375,100609.15625,True,True,True,176,0,0,109,178,101,2026-10-03T16:40:07.015874+07:00,145.04459182200026,0.18582543299999088,OK,,True,2026-10-03T16:40:07.201712+07:00,145.23042614400038,0.03304517400010809,OK,,True,1582,0.19775,,2026-10-03T16:40:07.234761+07:00,145.2634761140007,0.03285924899955717,OK,,True,2794,0.34925,
ab14be9977d645198f54717810b879c8,147,2026-10-03T16:40:08.015794+07:00,146.04450320700016,146.04450320700016,MONITOR,146.19543423599953,0.9999912550001682,0.2516910780004764,8.733100003155414e-05,DISABLED,on,user_reported,37.375057220458984,52.91357421875,1006.924375,100846.953125,True,True,True,176,0,0,109,178,101,2026-10-03T16:40:08.015863+07:00,146.0445808730001,0.18581300700043357,OK,,True,2026-10-03T16:40:08.201686+07:00,146.23040036200018,0.03293241499977739,OK,,True,1593,0.199125,,2026-10-03T16:40:08.234619+07:00,146.2633356840006,0.03284978699957719,OK,,True,2793,0.349125,
ab14be9977d645198f54717810b879c8,148,2026-10-03T16:40:09.015794+07:00,147.04450270300003,147.04450270300003,MONITOR,147.1954337319994,0.999999495999873,0.2517165780000141,8.682699990458786e-05,DISABLED,on,user_reported,37.374420166015625,52.93250274658203,1006.998671875,100727.9140625,True,True,True,176,0,0,109,178,101,2026-10-03T16:40:09.015860+07:00,147.04457738700057,0.18581052699937572,OK,,True,2026-10-03T16:40:09.201679+07:00,147.23039369100024,0.0329644149996966,OK,,True,1591,0.198875,,2026-10-03T16:40:09.234644+07:00,147.26336103199992,0.032849620000888535,OK,,True,2794,0.34925,
ab14be9977d645198f54717810b879c8,149,2026-10-03T16:40:10.015800+07:00,148.04450673600059,148.04450673600059,MONITOR,148.19543776499995,1.0000040330005504,0.25166537599943695,9.086000045499532e-05,DISABLED,on,user_reported,37.36421203613281,52.93733596801758,1006.93421875,100609.15625,True,True,True,176,0,0,109,178,101,2026-10-03T16:40:10.015880+07:00,148.0445969400007,0.18581091499981994,OK,,True,2026-10-03T16:40:10.201700+07:00,148.23041426200052,0.03293767499962996,OK,,True,1587,0.198375,,2026-10-03T16:40:10.234638+07:00,148.26335482600007,0.032809285999974236,OK,,True,2790,0.34875,
ab14be9977d645198f54717810b879c8,150,2026-10-03T16:40:11.015804+07:00,149.0445100300003,149.0445100300003,MONITOR,149.19544105899968,1.0000032939997254,0.2516740060000302,9.415400018042419e-05,DISABLED,on,user_reported,37.35846710205078,52.942840576171875,1006.966015625,100727.9140625,True,True,True,176,0,0,109,178,101,2026-10-03T16:40:11.015883+07:00,149.04460108500007,0.1858094710005389,OK,,True,2026-10-03T16:40:11.201702+07:00,149.2304172970007,0.03293961899998976,OK,,True,1588,0.1985,,2026-10-03T16:40:11.234643+07:00,149.26335997100068,0.03281608299948857,OK,,True,2792,0.34900000000000003,
ab14be9977d645198f54717810b879c8,151,2026-10-03T16:40:12.015887+07:00,150.0445846020002,150.0445846020002,MONITOR,150.19551563099958,1.0000745719999031,0.26204535299984855,0.0001687260000835522,DISABLED,on,user_reported,37.359745025634766,52.955711364746094,1006.933828125,100727.9140625,True,True,True,176,0,0,109,178,101,2026-10-03T16:40:12.016026+07:00,150.04474243500044,0.19137363200024993,OK,,True,2026-10-03T16:40:12.207419+07:00,150.23612986300031,0.03595722600039153,OK,,True,1592,0.199,,2026-10-03T16:40:12.243387+07:00,150.27209768100056,0.034513384999627306,OK,,True,2797,0.349625,
ab14be9977d645198f54717810b879c8,152,2026-10-03T16:40:13.015869+07:00,151.04456491700057,151.04456491700057,MONITOR,151.19549594599994,0.9999803150003572,0.26251142299952335,0.00014904100044077495,DISABLED,on,user_reported,37.34762191772461,52.953941345214844,1006.907421875,100787.3984375,True,True,True,176,0,0,109,178,101,2026-10-03T16:40:13.016028+07:00,151.04474350800047,0.19177294400014944,OK,,True,2026-10-03T16:40:13.207818+07:00,151.23653048899996,0.03535782300059509,OK,,True,1576,0.197,,2026-10-03T16:40:13.243182+07:00,151.2718965160002,0.03516119400046591,OK,,True,2797,0.349625,
ab14be9977d645198f54717810b879c8,153,2026-10-03T16:40:14.015813+07:00,152.04451956600042,152.04451956600042,MONITOR,152.19545059499978,0.9999546489998465,0.25166972799979703,0.00010369000028731534,DISABLED,on,user_reported,37.34634780883789,52.972774505615234,1006.925703125,101145.7890625,True,True,True,176,0,0,109,178,101,2026-10-03T16:40:14.015890+07:00,152.04460739800015,0.18580932399981975,OK,,True,2026-10-03T16:40:14.201708+07:00,152.23042259200065,0.03293630400003167,OK,,True,1580,0.1975,,2026-10-03T16:40:14.234645+07:00,152.26336174800053,0.03281904599953123,OK,,True,2795,0.349375,
ab14be9977d645198f54717810b879c8,154,2026-10-03T16:40:15.015793+07:00,153.04449993700018,153.04449993700018,MONITOR,153.19543096599955,0.999980370999765,0.2516718770002626,8.406100005231565e-05,DISABLED,on,user_reported,37.33677673339844,52.97772216796875,1006.903359375,101085.8828125,True,True,True,176,0,0,109,178,101,2026-10-03T16:40:15.015873+07:00,153.04459017699992,0.1858114900005603,OK,,True,2026-10-03T16:40:15.201694+07:00,153.23040840800059,0.03294124900003226,OK,,True,1580,0.1975,,2026-10-03T16:40:15.234635+07:00,153.26335265700072,0.03281163799965725,OK,,True,2796,0.34950000000000003,
ab14be9977d645198f54717810b879c8,155,2026-10-03T16:40:16.015801+07:00,154.04450729100063,154.04450729100063,MONITOR,154.19543832,1.000007354000445,0.2516893579995667,9.141500049736351e-05,DISABLED,on,user_reported,37.34315872192383,52.984989166259766,1006.920703125,100966.28125,True,True,True,176,0,0,109,178,101,2026-10-03T16:40:16.015878+07:00,154.04459540100015,0.1858063609997771,OK,,True,2026-10-03T16:40:16.201694+07:00,154.23040852100075,0.03293439699973533,OK,,True,1584,0.198,,2026-10-03T16:40:16.234629+07:00,154.26334577000034,0.03284304600038013,OK,,True,2795,0.349375,
ab14be9977d645198f54717810b879c8,156,2026-10-03T16:40:17.015801+07:00,155.04450764600006,155.04450764600006,MONITOR,155.19543867499942,1.000000354999429,0.2519197820001864,9.176999992632773e-05,DISABLED,on,user_reported,37.3425178527832,53.016597747802734,1006.8990625,100966.28125,True,True,True,176,0,0,109,178,101,2026-10-03T16:40:17.015883+07:00,155.04460075600036,0.18581102799998916,OK,,True,2026-10-03T16:40:17.201704+07:00,155.23041806100082,0.03312622899920825,OK,,True,1587,0.198375,,2026-10-03T16:40:17.234835+07:00,155.26354904900018,0.032868508999854384,OK,,True,2793,0.349125,
ab14be9977d645198f54717810b879c8,157,2026-10-03T16:40:18.015801+07:00,156.04450766800073,156.04450766800073,MONITOR,156.1954386970001,1.0000000220006768,0.25171163599952706,9.179200060316361e-05,DISABLED,on,user_reported,37.32912063598633,53.008304595947266,1006.9115625,101567.1484375,True,True,True,176,0,0,109,178,101,2026-10-03T16:40:18.015879+07:00,156.04459661200053,0.1858089529996505,OK,,True,2026-10-03T16:40:18.201696+07:00,156.23041113900035,0.03295926800001325,OK,,True,1585,0.198125,,2026-10-03T16:40:18.234656+07:00,156.26337351800066,0.032837009000104445,OK,,True,2794,0.34925,
ab14be9977d645198f54717810b879c8,158,2026-10-03T16:40:19.015856+07:00,157.04455135700027,157.04455135700027,MONITOR,157.19548238599964,1.0000436889995399,0.2626637020002818,0.0001354810001430451,DISABLED,on,user_reported,37.327842712402344,53.02079772949219,1006.895859375,101265.8203125,True,True,True,176,0,0,109,178,101,2026-10-03T16:40:19.016012+07:00,157.0447275230008,0.19174709299932147,OK,,True,2026-10-03T16:40:19.207777+07:00,157.2364881350004,0.03563895000024786,OK,,True,1591,0.198875,,2026-10-03T16:40:19.243421+07:00,157.27213495600063,0.03506376899986208,OK,,True,2808,0.35100000000000003,
ab14be9977d645198f54717810b879c8,159,2026-10-03T16:40:20.015810+07:00,158.04451636300018,158.04451636300018,MONITOR,158.19544739199955,0.9999650059999112,0.25172043300062796,0.00010048700005427236,DISABLED,on,user_reported,37.318912506103516,53.02583694458008,1006.8609375,101446.40625,True,True,True,176,0,0,109,178,101,2026-10-03T16:40:20.015892+07:00,158.04460947400003,0.18581375000030675,OK,,True,2026-10-03T16:40:20.201716+07:00,158.2304295390004,0.032940359999884095,OK,,True,1581,0.197625,,2026-10-03T16:40:20.234656+07:00,158.26337278700066,0.032855953999387566,OK,,True,2786,0.34825,
ab14be9977d645198f54717810b879c8,160,2026-10-03T16:40:21.015800+07:00,159.04450675800035,159.04450675800035,MONITOR,159.19543778699972,0.9999903950001681,0.25168917500013777,9.08820002223365e-05,DISABLED,on,user_reported,37.31572341918945,53.038047790527344,1006.883046875,101085.8828125,True,True,True,176,0,0,109,178,101,2026-10-03T16:40:21.015880+07:00,159.044597221,0.18580626900075004,OK,,True,2026-10-03T16:40:21.201695+07:00,159.2304098780005,0.03293874900009541,OK,,True,1587,0.198375,,2026-10-03T16:40:21.234634+07:00,159.26335172000017,0.032836194000083196,OK,,True,2792,0.34900000000000003,
ab14be9977d645198f54717810b879c8,161,2026-10-03T16:40:22.015804+07:00,160.0445099510007,160.0445099510007,MONITOR,160.19544098000006,1.0000031930003388,0.2517941919995792,9.407500056113349e-05,DISABLED,on,user_reported,37.30678939819336,53.055763244628906,1006.86859375,101627.6328125,True,True,True,176,0,0,109,178,101,2026-10-03T16:40:22.015885+07:00,160.04460224600007,0.1858056770006442,OK,,True,2026-10-03T16:40:22.201699+07:00,160.23041370100054,0.03306450699983543,OK,,True,1589,0.198625,,2026-10-03T16:40:22.234769+07:00,160.26348294900072,0.03281226799936121,OK,,True,2796,0.34950000000000003,
ab14be9977d645198f54717810b879c8,162,2026-10-03T16:40:23.015796+07:00,161.04450325500056,161.04450325500056,MONITOR,161.19543428399993,0.9999933039998723,0.2517137859995273,8.737900043342961e-05,DISABLED,on,user_reported,37.30359649658203,53.07432556152344,1006.98671875,101992.03125,True,True,True,176,0,0,109,178,101,2026-10-03T16:40:23.015879+07:00,161.04459656900053,0.1858105470000737,OK,,True,2026-10-03T16:40:23.201698+07:00,161.2304132270001,0.032948120000583,OK,,True,1590,0.19875,,2026-10-03T16:40:23.234647+07:00,161.26336399499996,0.032844285999999556,OK,,True,2792,0.34900000000000003,
ab14be9977d645198f54717810b879c8,163,2026-10-03T16:40:24.015797+07:00,162.04450346800058,162.04450346800058,MONITOR,162.19543449699995,1.0000002130000212,0.2517019339993567,8.759200045460602e-05,DISABLED,on,user_reported,37.30359649658203,53.07432556152344,1006.966171875,101265.8203125,True,True,True,176,0,0,109,178,101,2026-10-03T16:40:24.015875+07:00,162.04459285600024,0.18585352799982502,OK,,True,2026-10-03T16:40:24.201738+07:00,162.23045286600063,0.03293206399939663,OK,,True,1584,0.198,,2026-10-03T16:40:24.234671+07:00,162.26338778100035,0.03280969499974162,OK,,True,2790,0.34875,
ab14be9977d645198f54717810b879c8,164,2026-10-03T16:40:25.015800+07:00,163.0445070700007,163.0445070700007,MONITOR,163.19543809900006,1.0000036020001062,0.25178293399949325,9.11940005607903e-05,DISABLED,on,user_reported,37.29147720336914,53.09159469604492,1006.953203125,101809.5078125,True,True,True,176,0,0,109,178,101,2026-10-03T16:40:25.015880+07:00,163.0445979770002,0.18580252900028427,OK,,True,2026-10-03T16:40:25.201693+07:00,163.230407172,0.033052673999918625,OK,,True,1586,0.19825,,2026-10-03T16:40:25.234747+07:00,163.26346327200008,0.032818620999933046,OK,,True,2789,0.348625,
ab14be9977d645198f54717810b879c8,165,2026-10-03T16:40:26.015805+07:00,164.04451172900008,164.04451172900008,MONITOR,164.19544275799944,1.0000046589993872,0.2516906190003283,9.585299994796515e-05,DISABLED,on,user_reported,37.2946662902832,53.0920524597168,1006.9653125,101809.5078125,True,True,True,176,0,0,109,178,101,2026-10-03T16:40:26.015887+07:00,164.04460500599998,0.18580991800081392,OK,,True,2026-10-03T16:40:26.201706+07:00,164.23042114600048,0.03293237900015811,OK,,True,1583,0.197875,,2026-10-03T16:40:26.234639+07:00,164.2633562840001,0.03283821300010459,OK,,True,2791,0.348875,
ab14be9977d645198f54717810b879c8,166,2026-10-03T16:40:27.015792+07:00,165.0444989810003,165.0444989810003,MONITOR,165.19543000999965,0.99998725200021,0.25201306200051476,8.310500015795697e-05,DISABLED,on,user_reported,37.29147720336914,53.11696243286133,1006.93953125,102359.0546875,True,True,True,176,0,0,109,178,101,2026-10-03T16:40:27.015872+07:00,165.04459012900043,0.18581245499990473,OK,,True,2026-10-03T16:40:27.201693+07:00,165.23040841700004,0.0332273020003413,OK,,True,1582,0.19775,,2026-10-03T16:40:27.234927+07:00,165.26364079300038,0.03286178700000164,OK,,True,2792,0.34900000000000003,
ab14be9977d645198f54717810b879c8,167,2026-10-03T16:40:28.015795+07:00,166.04450128999997,166.04450128999997,MONITOR,166.19543231899934,1.000002308999683,0.25167447200055904,8.541399984096643e-05,DISABLED,on,user_reported,37.28190612792969,53.10921096801758,1006.917421875,102359.0546875,True,True,True,176,0,0,109,178,101,2026-10-03T16:40:28.015874+07:00,166.0445919370004,0.18581275199994707,OK,,True,2026-10-03T16:40:28.201695+07:00,166.23041000300054,0.032931398000073386,OK,,True,1581,0.197625,,2026-10-03T16:40:28.234627+07:00,166.2633441780008,0.032823935999658715,OK,,True,2790,0.34875,
ab14be9977d645198f54717810b879c8,168,2026-10-03T16:40:29.015821+07:00,167.04451602500012,167.04451602500012,MONITOR,167.1954470539995,1.0000147350001498,0.2519467660004011,0.00010014899999077898,DISABLED,on,user_reported,37.277442932128906,53.12759017944336,1006.896328125,102420.484375,True,True,True,176,0,0,109,178,101,2026-10-03T16:40:29.015913+07:00,167.04463032000058,0.18582454799980042,OK,,True,2026-10-03T16:40:29.201746+07:00,167.23046060900015,0.0331503960005648,OK,,True,1578,0.19725,,2026-10-03T16:40:29.234898+07:00,167.26361439300035,0.03283941700010473,OK,,True,2794,0.34925,
ab14be9977d645198f54717810b879c8,169,2026-10-03T16:40:30.015796+07:00,168.04450259500027,168.04450259500027,MONITOR,168.19543362399963,0.9999865700001465,0.25178295299974707,8.671900013723643e-05,DISABLED,on,user_reported,37.276161193847656,53.133758544921875,1006.907890625,101809.5078125,True,True,True,176,0,0,109,178,101,2026-10-03T16:40:30.015877+07:00,168.0445950200001,0.18581575200005318,OK,,True,2026-10-03T16:40:30.201704+07:00,168.2304185490002,0.03299915600018721,OK,,True,1566,0.19575,,2026-10-03T16:40:30.234705+07:00,168.26342124200073,0.03285686099934537,OK,,True,2791,0.348875,
ab14be9977d645198f54717810b879c8,170,2026-10-03T16:40:31.015799+07:00,169.0445058130008,169.0445058130008,MONITOR,169.19543684200016,1.0000032180005292,0.25177565699959814,8.993700066639576e-05,DISABLED,on,user_reported,37.270423889160156,53.14561462402344,1006.905625,102053.0234375,True,True,True,176,0,0,109,178,101,2026-10-03T16:40:31.015880+07:00,169.04459690500062,0.18581904799975746,OK,,True,2026-10-03T16:40:31.201710+07:00,169.23042430500027,0.03298347100007959,OK,,True,1574,0.19675,,2026-10-03T16:40:31.234695+07:00,169.26341140600016,0.03286147200014966,OK,,True,2795,0.349375,
ab14be9977d645198f54717810b879c8,171,2026-10-03T16:40:32.015801+07:00,170.04450730999997,170.04450730999997,MONITOR,170.19543833899934,1.0000014969991753,0.2521805989999848,9.143399984168354e-05,DISABLED,on,user_reported,37.26914596557617,53.158103942871094,1006.889765625,102605.2109375,True,True,True,176,0,0,109,178,101,2026-10-03T16:40:32.015879+07:00,170.04459712400057,0.18581614100003208,OK,,True,2026-10-03T16:40:32.201707+07:00,170.2304210430002,0.03341326400004618,OK,,True,1575,0.196875,,2026-10-03T16:40:32.235125+07:00,170.2638392150002,0.03283960099997785,OK,,True,2789,0.348625,
ab14be9977d645198f54717810b879c8,172,2026-10-03T16:40:33.015799+07:00,171.04450486400037,171.04450486400037,MONITOR,171.19543589299974,0.9999975540004016,0.25176252799974463,8.898800024326192e-05,DISABLED,on,user_reported,37.265953063964844,53.16398620605469,1006.932578125,102236.421875,True,True,True,176,0,0,109,178,101,2026-10-03T16:40:33.015879+07:00,171.04459662200043,0.1858141410002645,OK,,True,2026-10-03T16:40:33.201704+07:00,171.23041833700063,0.032974435000141966,OK,,True,1578,0.19725,,2026-10-03T16:40:33.234680+07:00,171.26339636400007,0.03286280600059399,OK,,True,2792,0.34900000000000003,
ab14be9977d645198f54717810b879c8,173,2026-10-03T16:40:34.015800+07:00,172.04450630700012,172.04450630700012,MONITOR,172.1954373359995,1.0000014429997464,0.25182991700057755,9.043099998962134e-05,DISABLED,on,user_reported,37.26850891113281,53.18339157104492,1006.881953125,102481.984375,True,True,True,176,0,0,109,178,101,2026-10-03T16:40:34.015882+07:00,172.04459945500003,0.185821955999927,OK,,True,2026-10-03T16:40:34.201715+07:00,172.23042965100012,0.03298163799991016,OK,,True,1591,0.198875,,2026-10-03T16:40:34.234699+07:00,172.26341467800012,0.03291248999994423,OK,,True,2794,0.34925,
ab14be9977d645198f54717810b879c8,174,2026-10-03T16:40:35.015813+07:00,173.0445169550003,173.0445169550003,MONITOR,173.19544798399966,1.0000106480001705,0.2617783590003455,0.00010107900016009808,DISABLED,on,user_reported,37.265316009521484,53.18292999267578,1006.9246875,102481.984375,True,True,True,176,0,0,109,178,101,2026-10-03T16:40:35.015915+07:00,173.04463241700068,0.19094693599981838,OK,,True,2026-10-03T16:40:35.206885+07:00,173.23559568600012,0.03545265600041603,OK,,True,1591,0.198875,,2026-10-03T16:40:35.242343+07:00,173.27105745300014,0.03521862100024009,OK,,True,2809,0.351125,
ab14be9977d645198f54717810b879c8,175,2026-10-03T16:40:36.015815+07:00,174.04452110300008,174.04452110300008,MONITOR,174.19545213199945,1.000004147999789,0.25172277000001486,0.0001052269999490818,DISABLED,on,user_reported,37.256385803222656,53.19430923461914,1006.9171875,101992.03125,True,True,True,176,0,0,109,178,101,2026-10-03T16:40:36.015895+07:00,174.04461225100022,0.18581601200003206,OK,,True,2026-10-03T16:40:36.201722+07:00,174.23043644800055,0.03296885999952792,OK,,True,1586,0.19825,,2026-10-03T16:40:36.234693+07:00,174.2634088450004,0.032827269000335946,OK,,True,2793,0.349125,
ab14be9977d645198f54717810b879c8,176,2026-10-03T16:40:37.015797+07:00,175.04450408600042,175.04450408600042,MONITOR,175.19543511499978,0.9999829830003364,0.2518229919996884,8.821000028547132e-05,DISABLED,on,user_reported,37.25255584716797,53.20009994506836,1006.842265625,102666.9375,True,True,True,176,0,0,109,178,101,2026-10-03T16:40:37.015877+07:00,175.04459440100072,0.18581734500003222,OK,,True,2026-10-03T16:40:37.201704+07:00,175.23041919000025,0.03305378599998221,OK,,True,1582,0.19775,,2026-10-03T16:40:37.234764+07:00,175.26347738300046,0.032841287000337616,OK,,True,2793,0.349125,
ab14be9977d645198f54717810b879c8,177,2026-10-03T16:40:38.015799+07:00,176.04450616300073,176.04450616300073,MONITOR,176.1954371920001,1.0000020770003175,0.2519711749991984,9.028700060298434e-05,DISABLED,on,user_reported,37.24362564086914,53.179752349853516,1006.9853125,102790.6015625,True,True,True,176,0,0,109,178,101,2026-10-03T16:40:38.015881+07:00,176.0445990320004,0.1858122719995663,OK,,True,2026-10-03T16:40:38.201705+07:00,176.23041934100002,0.03322995100006665,OK,,True,1583,0.197875,,2026-10-03T16:40:38.234936+07:00,176.26365292100036,0.032816343000376946,OK,,True,2795,0.349375,
ab14be9977d645198f54717810b879c8,178,2026-10-03T16:40:39.015797+07:00,177.0445026840007,177.0445026840007,MONITOR,177.19543371300006,0.9999965209999573,0.2517618069996388,8.680800056026783e-05,DISABLED,on,user_reported,37.23660659790039,53.223148345947266,1006.981015625,102666.9375,True,True,True,176,0,0,109,178,101,2026-10-03T16:40:39.015879+07:00,177.04459672100074,0.18580740099969262,OK,,True,2026-10-03T16:40:39.201696+07:00,177.2304111400008,0.03299363799942512,OK,,True,1585,0.198125,,2026-10-03T16:40:39.234692+07:00,177.26340783400065,0.032848008999280864,OK,,True,2792,0.34900000000000003,
ab14be9977d645198f54717810b879c8,179,2026-10-03T16:40:40.015798+07:00,178.0445047990006,178.0445047990006,MONITOR,178.19543582799997,1.0000021149999156,0.251745825999933,8.892300047591561e-05,DISABLED,on,user_reported,37.23469161987305,53.23556137084961,1006.9640625,102236.421875,True,True,True,176,0,0,109,178,101,2026-10-03T16:40:40.015878+07:00,178.04459596500055,0.1858235869995042,OK,,True,2026-10-03T16:40:40.201714+07:00,178.23042775500016,0.03298056400035421,OK,,True,1582,0.19775,,2026-10-03T16:40:40.234695+07:00,178.26341146699997,0.032830473000103666,OK,,True,2794,0.34925,
ab14be9977d645198f54717810b879c8,180,2026-10-03T16:40:41.015834+07:00,179.04453306300002,179.04453306300002,MONITOR,179.19546409199938,1.0000282639994111,0.26232330099992396,0.00011718699988705339,DISABLED,on,user_reported,37.235328674316406,53.24200439453125,1006.971953125,102297.703125,True,True,True,176,0,0,109,178,101,2026-10-03T16:40:41.015976+07:00,179.0446926730001,0.19153204299982463,OK,,True,2026-10-03T16:40:41.207529+07:00,179.23623962300007,0.035403990000304475,OK,,True,1573,0.196625,,2026-10-03T16:40:41.242938+07:00,179.27165150200017,0.03518645500025741,OK,,True,2804,0.35050000000000003,
ab14be9977d645198f54717810b879c8,181,2026-10-03T16:40:42.015806+07:00,180.04451247600082,180.04451247600082,MONITOR,180.19544350500018,0.9999794130008013,0.25235133999922255,9.660000068834051e-05,DISABLED,on,user_reported,37.23851776123047,53.255157470703125,1006.93609375,102420.484375,True,True,True,176,0,0,109,178,101,2026-10-03T16:40:42.015888+07:00,180.04460525300055,0.18580162399939582,OK,,True,2026-10-03T16:40:42.201700+07:00,180.23041456200008,0.03348719000041456,OK,,True,1582,0.19775,,2026-10-03T16:40:42.235193+07:00,180.2639070110008,0.032947787000011886,OK,,True,2797,0.349625,
ab14be9977d645198f54717810b879c8,182,2026-10-03T16:40:43.015800+07:00,181.0445065010008,181.0445065010008,MONITOR,181.19543753000016,0.9999940249999781,0.2517438079994463,9.062500066647772e-05,DISABLED,on,user_reported,37.231502532958984,53.2731819152832,1006.924609375,102790.6015625,True,True,True,176,0,0,109,178,101,2026-10-03T16:40:43.015884+07:00,181.0446016850001,0.18581931000062468,OK,,True,2026-10-03T16:40:43.201714+07:00,181.23042882800019,0.03295728600005532,OK,,True,1587,0.198375,,2026-10-03T16:40:43.234672+07:00,181.26338887300062,0.03285317700010637,OK,,True,2793,0.349125,
ab14be9977d645198f54717810b879c8,183,2026-10-03T16:40:44.015799+07:00,182.0445050820008,182.0445050820008,MONITOR,182.19543611100016,0.9999985809999998,0.2517181229995913,8.920600066630868e-05,DISABLED,on,user_reported,37.232139587402344,53.27327346801758,1006.918984375,102790.6015625,True,True,True,176,0,0,109,178,101,2026-10-03T16:40:44.015881+07:00,182.04459815500013,0.18581292100043356,OK,,True,2026-10-03T16:40:44.201704+07:00,182.23041890900004,0.03294610200009629,OK,,True,1582,0.19775,,2026-10-03T16:40:44.234651+07:00,182.26336808500037,0.03284663900012674,OK,,True,2794,0.34925,
ab14be9977d645198f54717810b879c8,184,2026-10-03T16:40:45.015864+07:00,183.0445665900006,183.0445665900006,MONITOR,183.19549761899998,1.000061507999817,0.25198619499951747,0.00015071400048327632,DISABLED,on,user_reported,37.22639846801758,53.28512954711914,1006.92328125,102728.734375,True,True,True,176,0,0,109,178,101,2026-10-03T16:40:45.015965+07:00,183.04468238500067,0.18606065999938437,OK,,True,2026-10-03T16:40:45.202037+07:00,183.2307513780006,0.03295049000007566,OK,,True,1590,0.19875,,2026-10-03T16:40:45.234988+07:00,183.26370518300064,0.032838971999808564,OK,,True,2790,0.34875,
ab14be9977d645198f54717810b879c8,185,2026-10-03T16:40:46.015825+07:00,184.04453074699995,184.04453074699995,MONITOR,184.19546177599932,0.99996415699934,0.2517839010006355,0.00011487099982332438,DISABLED,on,user_reported,37.223209381103516,53.297367095947266,1006.918125,102481.984375,True,True,True,176,0,0,109,178,101,2026-10-03T16:40:46.015913+07:00,184.04463093100003,0.1858128840003701,OK,,True,2026-10-03T16:40:46.201738+07:00,184.2304520560001,0.03297156400003587,OK,,True,1583,0.197875,,2026-10-03T16:40:46.234710+07:00,184.263426601,0.03287875000023632,OK,,True,2791,0.348875,
ab14be9977d645198f54717810b879c8,186,2026-10-03T16:40:47.015821+07:00,185.04452459000004,185.04452459000004,MONITOR,185.1954556189994,0.9999938430000839,0.2620635630000834,0.0001087139999071951,DISABLED,on,user_reported,37.22065353393555,53.3033332824707,1006.92765625,102481.984375,True,True,True,176,0,0,109,178,101,2026-10-03T16:40:47.015929+07:00,185.04464612600077,0.19101749199944607,OK,,True,2026-10-03T16:40:47.206969+07:00,185.2356790440008,0.03557289599939395,OK,,True,1574,0.19675,,2026-10-03T16:40:47.242551+07:00,185.2712621260007,0.035306082999341015,OK,,True,2802,0.35025,
ab14be9977d645198f54717810b879c8,187,2026-10-03T16:40:48.015852+07:00,186.04455191500074,186.04455191500074,MONITOR,186.1954829440001,1.0000273250007012,0.2629277979995095,0.00013603900060843443,DISABLED,on,user_reported,37.218101501464844,53.30296325683594,1006.875546875,103288.28125,True,True,True,176,0,0,109,178,101,2026-10-03T16:40:48.015984+07:00,186.04470052500074,0.1914181189995361,OK,,True,2026-10-03T16:40:48.207424+07:00,186.23613401400053,0.036064263000298524,OK,,True,1597,0.199625,,2026-10-03T16:40:48.243493+07:00,186.27220662900072,0.035254750999229145,OK,,True,2814,0.35175,
ab14be9977d645198f54717810b879c8,188,2026-10-03T16:40:49.015812+07:00,187.04451853699993,187.04451853699993,MONITOR,187.1954495659993,0.9999666219991923,0.2519491970006129,0.00010266099980071886,DISABLED,on,user_reported,37.217464447021484,53.31555938720703,1006.915625,102481.984375,True,True,True,176,0,0,109,178,101,2026-10-03T16:40:49.015895+07:00,187.0446127770001,0.18581353300032788,OK,,True,2026-10-03T16:40:49.201719+07:00,187.2304338470003,0.03309500700015633,OK,,True,1586,0.19825,,2026-10-03T16:40:49.234818+07:00,187.26353294700039,0.03292410199992446,OK,,True,2792,0.34900000000000003,
ab14be9977d645198f54717810b879c8,189,2026-10-03T16:40:50.016790+07:00,188.0454951900001,188.0454951900001,MONITOR,188.19642621899948,1.0009766530001798,0.25231163799981005,0.0010793139999805135,DISABLED,on,user_reported,37.216190338134766,53.347129821777344,1006.879296875,102605.2109375,True,True,True,176,0,0,109,178,101,2026-10-03T16:40:50.016877+07:00,188.04559500400046,0.18638458399982483,OK,,True,2026-10-03T16:40:50.203274+07:00,188.23198781000065,0.03296030499950575,OK,,True,1588,0.1985,,2026-10-03T16:40:50.236234+07:00,188.2649512450007,0.03284669499953452,OK,,True,2788,0.34850000000000003,
ab14be9977d645198f54717810b879c8,190,2026-10-03T16:40:51.015799+07:00,189.04450545100008,189.04450545100008,MONITOR,189.19543647999944,0.9990102609999667,0.2518445870000505,8.957499994721729e-05,DISABLED,on,user_reported,37.20725631713867,53.339473724365234,1006.871640625,103476.1484375,True,True,True,176,0,0,109,178,101,2026-10-03T16:40:51.015879+07:00,189.04459646900068,0.18582612499994866,OK,,True,2026-10-03T16:40:51.201716+07:00,189.23043066800074,0.0329690649996337,OK,,True,1575,0.196875,,2026-10-03T16:40:51.234687+07:00,189.26340308399995,0.032937417000539426,OK,,True,2792,0.34900000000000003,
ab14be9977d645198f54717810b879c8,191,2026-10-03T16:40:52.015830+07:00,190.04453585400006,190.04453585400006,MONITOR,190.19546688299943,1.0000304029999825,0.25195232600071904,0.00011997799992968794,DISABLED,on,user_reported,37.20725631713867,53.345821380615234,1006.919609375,103350.828125,True,True,True,176,0,0,109,178,101,2026-10-03T16:40:52.015917+07:00,190.0446337050007,0.18582682899977954,OK,,True,2026-10-03T16:40:52.201755+07:00,190.23046881100072,0.033111341999756405,OK,,True,1579,0.197375,,2026-10-03T16:40:52.234870+07:00,190.2635851340001,0.03289223200044944,OK,,True,2789,0.348625,
ab14be9977d645198f54717810b879c8,192,2026-10-03T16:40:53.015869+07:00,191.04457414600074,191.04457414600074,MONITOR,191.1955051750001,1.0000382920006814,0.2520165480000287,0.00015827000061108265,DISABLED,on,user_reported,37.20279312133789,53.357872009277344,1007.00140625,103163.40625,True,True,True,176,0,0,109,178,101,2026-10-03T16:40:53.015962+07:00,191.0446792190005,0.1858407729996543,OK,,True,2026-10-03T16:40:53.201815+07:00,191.23052854800062,0.03320759899997938,OK,,True,1580,0.1975,,2026-10-03T16:40:53.235022+07:00,191.2637392960005,0.03284215799976664,OK,,True,2793,0.349125,
ab14be9977d645198f54717810b879c8,193,2026-10-03T16:40:54.015893+07:00,192.04458993800017,192.04458993800017,MONITOR,192.19552096699954,1.0000157919994308,0.26262744999985443,0.00017406200004188577,DISABLED,on,user_reported,37.1938591003418,53.356563568115234,1006.993828125,102976.671875,True,True,True,176,0,0,109,178,101,2026-10-03T16:40:54.016041+07:00,192.04475725200064,0.189699873999416,OK,,True,2026-10-03T16:40:54.205757+07:00,192.234469256,0.03746510400014813,OK,,True,1600,0.2,,2026-10-03T16:40:54.243228+07:00,192.2719422120008,0.03525750999961019,OK,,True,2795,0.349375,
ab14be9977d645198f54717810b879c8,194,2026-10-03T16:40:55.021760+07:00,193.0504619660005,193.0504619660005,MONITOR,193.20139299499988,1.00587202800034,0.25182197599951905,0.00604609000038181,DISABLED,on,user_reported,37.19194412231445,53.35627365112305,1006.9428125,103288.28125,True,True,True,176,0,0,109,178,101,2026-10-03T16:40:55.021863+07:00,193.0505802050002,0.18584712600022613,OK,,True,2026-10-03T16:40:55.207723+07:00,193.23643610900035,0.03298728600020695,OK,,True,1576,0.197,,2026-10-03T16:40:55.240710+07:00,193.26942643200073,0.03284976899976755,OK,,True,2793,0.349125,
ab14be9977d645198f54717810b879c8,195,2026-10-03T16:40:56.015798+07:00,194.0445048420006,194.0445048420006,MONITOR,194.19543587099997,0.9940428760000941,0.251831050999499,8.896600047592074e-05,DISABLED,on,user_reported,37.18492889404297,53.361602783203125,1007.02046875,103038.84375,True,True,True,176,0,0,109,178,101,2026-10-03T16:40:56.015877+07:00,194.0445945450001,0.18581864499992662,OK,,True,2026-10-03T16:40:56.201708+07:00,194.2304211340006,0.03299243499986915,OK,,True,1579,0.197375,,2026-10-03T16:40:56.234701+07:00,194.2634174020004,0.03290776900030323,OK,,True,2791,0.348875,
ab14be9977d645198f54717810b879c8,196,2026-10-03T16:40:57.017015+07:00,195.04572281400033,195.04572281400033,MONITOR,195.1966538429997,1.001217971999722,0.2519968830001744,0.001306938000197988,DISABLED,on,user_reported,37.18492889404297,53.37430191040039,1006.965703125,102976.671875,True,True,True,176,0,0,109,178,101,2026-10-03T16:40:57.017086+07:00,195.04580336900017,0.1858672739999747,OK,,True,2026-10-03T16:40:57.202966+07:00,195.23167910600023,0.033122044000265305,OK,,True,1569,0.196125,,2026-10-03T16:40:57.236092+07:00,195.26480641000035,0.032903360999625875,OK,,True,2792,0.34900000000000003,
ab14be9977d645198f54717810b879c8,197,2026-10-03T16:40:58.015831+07:00,196.0445353970008,196.0445353970008,MONITOR,196.19546642600017,0.9988125830004719,0.25177010699917446,0.00011952100066991989,DISABLED,on,user_reported,37.19258117675781,53.38812255859375,1006.95765625,103727.7109375,True,True,True,176,0,0,109,178,101,2026-10-03T16:40:58.015922+07:00,196.04463897000005,0.1858170710002014,OK,,True,2026-10-03T16:40:58.201750+07:00,196.23046389299998,0.03298650900069333,OK,,True,1585,0.198125,,2026-10-03T16:40:58.234736+07:00,196.263453476,0.03284430600069754,OK,,True,2792,0.34900000000000003,
ab14be9977d645198f54717810b879c8,198,2026-10-03T16:40:59.016129+07:00,197.04483485800029,197.04483485800029,MONITOR,197.19576588699965,1.0002994609994857,0.251997995000238,0.00041898200015566545,DISABLED,on,user_reported,37.17790985107422,53.3859748840332,1006.974765625,103101.0859375,True,True,True,176,0,0,109,178,101,2026-10-03T16:40:59.016209+07:00,197.04492600600042,0.18586821799999598,OK,,True,2026-10-03T16:40:59.202088+07:00,197.2308019280008,0.033211191999726,OK,,True,1578,0.19725,,2026-10-03T16:40:59.235299+07:00,197.26401593500032,0.03280867700050294,OK,,True,2791,0.348875,
ab14be9977d645198f54717810b879c8,199,2026-10-03T16:41:00.015868+07:00,198.04457304700009,198.04457304700009,MONITOR,198.19550407599945,0.9997381889997996,0.25181966299987835,0.0001571709999552695,DISABLED,on,user_reported,37.1798210144043,53.411659240722656,1006.930078125,103727.7109375,True,True,True,176,0,0,109,178,101,2026-10-03T16:41:00.015952+07:00,198.0446693800004,0.18585720000010042,OK,,True,2026-10-03T16:41:00.201822+07:00,198.23053574700043,0.032991433999995934,OK,,True,1589,0.198625,,2026-10-03T16:41:00.234814+07:00,198.26353045900032,0.03285388000040257,OK,,True,2790,0.34875,
ab14be9977d645198f54717810b879c8,200,2026-10-03T16:41:01.016395+07:00,199.04510312000002,199.04510312000002,MONITOR,199.1960341489994,1.0005300729999362,0.2517552560002514,0.000687243999891507,DISABLED,on,user_reported,37.184288024902344,53.40596389770508,1006.90984375,103101.0859375,True,True,True,176,0,0,109,178,101,2026-10-03T16:41:01.016469+07:00,199.04518617400026,0.18583447899982275,OK,,True,2026-10-03T16:41:01.202316+07:00,199.23102967100021,0.032972158000120544,OK,,True,1588,0.1985,,2026-10-03T16:41:01.235289+07:00,199.26400525400004,0.032844547999957285,OK,,True,2790,0.34875,
ab14be9977d645198f54717810b879c8,201,2026-10-03T16:41:02.015823+07:00,200.04452870100067,200.04452870100067,MONITOR,200.19545973000004,0.9994255810006507,0.25198471800013067,0.000112825000542216,DISABLED,on,user_reported,37.17918395996094,53.40522003173828,1006.901640625,103853.953125,True,True,True,176,0,0,109,178,101,2026-10-03T16:41:02.015907+07:00,200.04462479300037,0.18583259000024555,OK,,True,2026-10-03T16:41:02.201753+07:00,200.23046588300076,0.03314259999933711,OK,,True,1583,0.197875,,2026-10-03T16:41:02.234899+07:00,200.2636133720007,0.03289013899939164,OK,,True,2793,0.349125,
ab14be9977d645198f54717810b879c8,202,2026-10-03T16:41:03.015795+07:00,201.0445023350003,201.0445023350003,MONITOR,201.19543336399965,0.9999736339996161,0.2517896449999171,8.64590001583565e-05,DISABLED,on,user_reported,37.17407989501953,53.40446853637695,1006.893359375,103538.9296875,True,True,True,176,0,0,109,178,101,2026-10-03T16:41:03.015870+07:00,201.04458809400057,0.18582953399982216,OK,,True,2026-10-03T16:41:03.201713+07:00,201.2304259980001,0.033041898000192305,OK,,True,1592,0.199,,2026-10-03T16:41:03.234755+07:00,201.2634713030002,0.03281306600001699,OK,,True,2791,0.348875,
ab14be9977d645198f54717810b879c8,203,2026-10-03T16:41:04.015794+07:00,202.04450071000065,202.04450071000065,MONITOR,202.195431739,0.9999983750003594,0.2520007180000903,8.48340005177306e-05,DISABLED,on,user_reported,37.16706085205078,53.40343475341797,1006.86828125,103413.453125,True,True,True,176,0,0,109,178,101,2026-10-03T16:41:04.015872+07:00,202.0445898020007,0.18582042299931345,OK,,True,2026-10-03T16:41:04.201705+07:00,202.23041826200006,0.03323476700006722,OK,,True,1573,0.196625,,2026-10-03T16:41:04.234939+07:00,202.2636562510006,0.032836620999660227,OK,,True,2788,0.34850000000000003,
ab14be9977d645198f54717810b879c8,204,2026-10-03T16:41:05.015841+07:00,203.04454558600082,203.04454558600082,MONITOR,203.1954766150002,1.0000448760001746,0.26027926599999773,0.00012971000069228467,DISABLED,on,user_reported,37.176631927490234,53.41754913330078,1006.91109375,103664.7109375,True,True,True,176,0,0,109,178,101,2026-10-03T16:41:05.015935+07:00,203.04465123299997,0.19078610800079332,OK,,True,2026-10-03T16:41:05.206748+07:00,203.23545674800062,0.035545859999729146,OK,,True,1566,0.19575,,2026-10-03T16:41:05.242297+07:00,203.27101010800016,0.03380209599981754,OK,,True,2799,0.349875,
ab14be9977d645198f54717810b879c8,205,2026-10-03T16:41:06.015840+07:00,204.0445373880002,204.0445373880002,MONITOR,204.19546841699957,0.9999918019993856,0.25844396600041364,0.00012151200007792795,DISABLED,on,user_reported,37.17216491699219,53.43594741821289,1006.8765625,103853.953125,True,True,True,176,0,0,109,178,101,2026-10-03T16:41:06.015995+07:00,204.04471140600072,0.1886900310000783,OK,,True,2026-10-03T16:41:06.204700+07:00,204.23341254800016,0.03580041399982292,OK,,True,1587,0.198375,,2026-10-03T16:41:06.240509+07:00,204.26922153600026,0.03374681800050894,OK,,True,2795,0.349375,
ab14be9977d645198f54717810b879c8,206,2026-10-03T16:41:07.015911+07:00,205.04460528400068,205.04460528400068,MONITOR,205.19553631300005,1.0000678960004734,0.25823889299954317,0.00018940800055133877,DISABLED,on,user_reported,37.168338775634766,53.42268371582031,1006.911484375,103413.453125,True,True,True,176,0,0,109,178,101,2026-10-03T16:41:07.016085+07:00,205.04480076400068,0.18967204299951845,OK,,True,2026-10-03T16:41:07.205775+07:00,205.234486714,0.035457713000141666,OK,,True,1592,0.199,,2026-10-03T16:41:07.241236+07:00,205.26994957500028,0.032885120999708306,OK,,True,2789,0.348625,
ab14be9977d645198f54717810b879c8,207,2026-10-03T16:41:08.015792+07:00,206.04449925600056,206.04449925600056,MONITOR,206.19543028499993,0.9998939719998816,0.253934647999813,8.338000043295324e-05,DISABLED,on,user_reported,37.1651496887207,53.415863037109375,1006.90625,103790.796875,True,True,True,176,0,0,109,178,101,2026-10-03T16:41:08.015869+07:00,206.04458686600083,0.1866952879991004,OK,,True,2026-10-03T16:41:08.202578+07:00,206.2312915800003,0.034212462000141386,OK,,True,1562,0.19525,,2026-10-03T16:41:08.236796+07:00,206.26550970900007,0.03291360200000781,OK,,True,2786,0.34825,
ab14be9977d645198f54717810b879c8,208,2026-10-03T16:41:09.015793+07:00,207.04450039400035,207.04450039400035,MONITOR,207.19543142299972,1.0000011379997886,0.2520874219999314,8.45180002215784e-05,DISABLED,on,user_reported,37.15813064575195,53.41482925415039,1006.98390625,104043.890625,True,True,True,176,0,0,109,178,101,2026-10-03T16:41:09.015870+07:00,207.04458818900002,0.18588686900056928,OK,,True,2026-10-03T16:41:09.201771+07:00,207.2304853350006,0.032983916999910434,OK,,True,1574,0.19675,,2026-10-03T16:41:09.234756+07:00,207.263472826,0.03310541600058059,OK,,True,2789,0.348625,
ab14be9977d645198f54717810b879c8,209,2026-10-03T16:41:10.015880+07:00,208.0445817360005,208.0445817360005,MONITOR,208.19551276499988,1.0000813420001577,0.2537758720000056,0.00016586000037932536,DISABLED,on,user_reported,37.157493591308594,53.42109298706055,1006.969296875,103664.7109375,True,True,True,176,0,0,109,178,101,2026-10-03T16:41:10.015997+07:00,208.0447133460002,0.1859068310004659,OK,,True,2026-10-03T16:41:10.201916+07:00,208.23062949199993,0.033227452000573976,OK,,True,1572,0.1965,,2026-10-03T16:41:10.235150+07:00,208.26386361000004,0.03446609100046771,OK,,True,2783,0.347875,
ab14be9977d645198f54717810b879c8,210,2026-10-03T16:41:11.015794+07:00,209.0445014320003,209.0445014320003,MONITOR,209.19543246099965,0.9999196959997789,0.2522850129998915,8.555600015824893e-05,DISABLED,on,user_reported,37.16450881958008,53.4411735534668,1006.939375,103664.7109375,True,True,True,176,0,0,109,178,101,2026-10-03T16:41:11.015873+07:00,209.04459030199996,0.18587173900050402,OK,,True,2026-10-03T16:41:11.201758+07:00,209.23047178100023,0.033224878000510216,OK,,True,1583,0.197875,,2026-10-03T16:41:11.234988+07:00,209.26370230700013,0.03307325000059791,OK,,True,2792,0.34900000000000003,
ab14be9977d645198f54717810b879c8,211,2026-10-03T16:41:12.015791+07:00,210.04449870200006,210.04449870200006,MONITOR,210.19542973099942,0.999997269999767,0.25884824200056755,8.28259999252623e-05,DISABLED,on,user_reported,37.157493591308594,53.427452087402344,1006.955546875,104362.0078125,True,True,True,176,0,0,109,178,101,2026-10-03T16:41:12.015872+07:00,210.04458979400079,0.18589166499987186,OK,,True,2026-10-03T16:41:12.201782+07:00,210.2304947550001,0.03608537499985687,OK,,True,1570,0.19625,,2026-10-03T16:41:12.237880+07:00,210.26659120400018,0.03673842500029423,OK,,True,2798,0.34975,
ab14be9977d645198f54717810b879c8,212,2026-10-03T16:41:13.015881+07:00,211.04457758400076,211.04457758400076,MONITOR,211.19550861300013,1.0000788820007074,0.2603506749992448,0.00016170800063264323,DISABLED,on,user_reported,37.15557861328125,53.43987274169922,1006.972890625,103601.78125,True,True,True,176,0,0,109,178,101,2026-10-03T16:41:13.016044+07:00,211.04475836000074,0.19093996099945798,OK,,True,2026-10-03T16:41:13.207003+07:00,211.23571358000027,0.035335861000021396,OK,,True,1578,0.19725,,2026-10-03T16:41:13.242346+07:00,211.27105766400018,0.03385496500050067,OK,,True,2793,0.349125,
ab14be9977d645198f54717810b879c8,213,2026-10-03T16:41:14.015845+07:00,212.04454330099998,212.04454330099998,MONITOR,212.19547432999934,0.9999657169992133,0.2647218080001039,0.0001274249998459709,DISABLED,on,user_reported,37.1511116027832,53.45192337036133,1006.951953125,103853.953125,True,True,True,176,0,0,109,178,101,2026-10-03T16:41:14.015995+07:00,212.04471115100023,0.1918658240001605,OK,,True,2026-10-03T16:41:14.207887+07:00,212.23659569700067,0.037100625999300973,OK,,True,1587,0.198375,,2026-10-03T16:41:14.245000+07:00,212.27370915600022,0.0355449899998348,OK,,True,2780,0.34750000000000003,
ab14be9977d645198f54717810b879c8,214,2026-10-03T16:41:15.015793+07:00,213.04450103700037,213.04450103700037,MONITOR,213.19543206599974,0.9999577360003968,0.254797956999937,8.516100024280604e-05,DISABLED,on,user_reported,37.1485595703125,53.45789337158203,1006.9615625,103853.953125,True,True,True,176,0,0,109,178,101,2026-10-03T16:41:15.015870+07:00,213.04458722100026,0.18582929500007594,OK,,True,2026-10-03T16:41:15.201711+07:00,213.23042486800023,0.033486154000456736,OK,,True,1582,0.19775,,2026-10-03T16:41:15.235203+07:00,213.263917022,0.03536447300029977,OK,,True,2773,0.346625,
ab14be9977d645198f54717810b879c8,215,2026-10-03T16:41:16.015807+07:00,214.04451497600076,214.04451497600076,MONITOR,214.19544600500012,1.0000139390003824,0.2532703399992897,9.91000006251852e-05,DISABLED,on,user_reported,37.14217758178711,53.45060729980469,1006.9375,104362.0078125,True,True,True,176,0,0,109,178,101,2026-10-03T16:41:16.015883+07:00,214.04460034600015,0.1865069940004105,OK,,True,2026-10-03T16:41:16.202404+07:00,214.23111693300052,0.03321795200008637,OK,,True,1566,0.19575,,2026-10-03T16:41:16.235628+07:00,214.26434107000023,0.03343278400006966,OK,,True,2790,0.34875,
ab14be9977d645198f54717810b879c8,216,2026-10-03T16:41:17.015793+07:00,215.04450047299997,215.04450047299997,MONITOR,215.19543150199934,0.9999854969992157,0.2585143000005701,8.45969998408691e-05,DISABLED,on,user_reported,37.14026641845703,53.463035583496094,1006.948046875,104553.8046875,True,True,True,176,0,0,109,178,101,2026-10-03T16:41:17.015869+07:00,215.0445868980005,0.18782524400012335,OK,,True,2026-10-03T16:41:17.203707+07:00,215.232420456,0.036280744000578125,OK,,True,1574,0.19675,,2026-10-03T16:41:17.239999+07:00,215.26870955200047,0.0342922029994952,OK,,True,2791,0.348875,
ab14be9977d645198f54717810b879c8,217,2026-10-03T16:41:18.015801+07:00,216.04450845200063,216.04450845200063,MONITOR,216.195439481,1.0000079790006566,0.2534557089993541,9.257600049750181e-05,DISABLED,on,user_reported,37.13388442993164,53.462100982666016,1006.910390625,104107.359375,True,True,True,176,0,0,109,178,101,2026-10-03T16:41:18.015876+07:00,216.0445938210005,0.18595720299981622,OK,,True,2026-10-03T16:41:18.201847+07:00,216.23056052300035,0.03279523299988796,OK,,True,1569,0.196125,,2026-10-03T16:41:18.234650+07:00,216.2633629230004,0.034588886000165076,OK,,True,2777,0.347125,
ab14be9977d645198f54717810b879c8,218,2026-10-03T16:41:19.015803+07:00,217.04450941200048,217.04450941200048,MONITOR,217.19544044099985,1.000000959999852,0.25801252699966426,9.353600034955889e-05,DISABLED,on,user_reported,37.13707733154297,53.47526931762695,1006.9496875,103790.796875,True,True,True,176,0,0,109,178,101,2026-10-03T16:41:19.015883+07:00,217.04460035600005,0.18583414800013998,OK,,True,2026-10-03T16:41:19.201726+07:00,217.23044018900055,0.03380389199992351,OK,,True,1575,0.196875,,2026-10-03T16:41:19.235538+07:00,217.2642516550004,0.03823559899956308,OK,,True,2791,0.348875,
ab14be9977d645198f54717810b879c8,219,2026-10-03T16:41:20.015857+07:00,218.04455370699998,218.04455370699998,MONITOR,218.19548473599934,1.0000442949994977,0.2540667610001037,0.00013783099984721048,DISABLED,on,user_reported,37.13515853881836,53.47499465942383,1006.89875,104170.90625,True,True,True,176,0,0,109,178,101,2026-10-03T16:41:20.016013+07:00,218.04472872400038,0.18707623099999182,OK,,True,2026-10-03T16:41:20.203112+07:00,218.231822103,0.03404924200003734,OK,,True,1581,0.197625,,2026-10-03T16:41:20.237163+07:00,218.26587669700075,0.03273104899926693,OK,,True,2781,0.347625,
ab14be9977d645198f54717810b879c8,220,2026-10-03T16:41:21.015805+07:00,219.04451237300054,219.04451237300054,MONITOR,219.1954434019999,0.9999586660005662,0.2541130569998131,9.649700041336473e-05,DISABLED,on,user_reported,37.13388442993164,53.481163024902344,1006.9240625,104489.796875,True,True,True,176,0,0,109,178,101,2026-10-03T16:41:21.015880+07:00,219.0445971320005,0.18580742599988298,OK,,True,2026-10-03T16:41:21.201697+07:00,219.23041209500025,0.033690060000481026,OK,,True,1581,0.197625,,2026-10-03T16:41:21.235394+07:00,219.264107858,0.03450612800043018,OK,,True,2783,0.347875,
ab14be9977d645198f54717810b879c8,221,2026-10-03T16:41:22.015806+07:00,220.04451159600012,220.04451159600012,MONITOR,220.1954426249995,0.9999992229995769,0.25460914599989337,9.571999999025138e-05,DISABLED,on,user_reported,37.13579559326172,53.487796783447266,1006.872421875,104746.3203125,True,True,True,176,0,0,109,178,101,2026-10-03T16:41:22.015886+07:00,220.04460333600036,0.1858011300000726,OK,,True,2026-10-03T16:41:22.201697+07:00,220.23041189200012,0.034958346000166785,OK,,True,1589,0.198625,,2026-10-03T16:41:22.236662+07:00,220.265375942,0.03373055900010513,OK,,True,2768,0.34600000000000003,
ab14be9977d645198f54717810b879c8,222,2026-10-03T16:41:23.015800+07:00,221.04450711500067,221.04450711500067,MONITOR,221.19543814400004,0.9999955190005494,0.25538317799964716,9.123900053964462e-05,DISABLED,on,user_reported,37.13324737548828,53.5001220703125,1006.916171875,104682.0703125,True,True,True,176,0,0,109,178,101,2026-10-03T16:41:23.015878+07:00,221.04459563300043,0.18580957500034856,OK,,True,2026-10-03T16:41:23.201697+07:00,221.23041176300012,0.035650582000016584,OK,,True,1595,0.199375,,2026-10-03T16:41:23.237354+07:00,221.26606830800029,0.033806559000368,OK,,True,2776,0.34700000000000003,
ab14be9977d645198f54717810b879c8,223,2026-10-03T16:41:24.015804+07:00,222.04451035800048,222.04451035800048,MONITOR,222.19544138699985,1.00000324299981,0.25554121299956023,9.448200034967158e-05,DISABLED,on,user_reported,37.13388442993164,53.481163024902344,1006.91734375,104107.359375,True,True,True,176,0,0,109,178,101,2026-10-03T16:41:24.015879+07:00,222.04459619000045,0.18580568600009428,OK,,True,2026-10-03T16:41:24.201694+07:00,222.23040909800056,0.03298395399997389,OK,,True,1585,0.198125,,2026-10-03T16:41:24.234680+07:00,222.26339684899995,0.03664100000059989,OK,,True,2782,0.34775,
ab14be9977d645198f54717810b879c8,224,2026-10-03T16:41:25.015813+07:00,223.0445183790007,223.0445183790007,MONITOR,223.19544940800006,1.0000080210002125,0.27352126200003113,0.00010250300056213746,DISABLED,on,user_reported,37.12622833251953,53.49909973144531,1006.966484375,105198.2734375,True,True,True,176,0,0,109,178,101,2026-10-03T16:41:25.015895+07:00,223.0446121190007,0.19402193799942324,OK,,True,2026-10-03T16:41:25.209943+07:00,223.23865281600047,0.04032962099972792,OK,,True,1578,0.19725,,2026-10-03T16:41:25.250287+07:00,223.27899617799994,0.03902746300082072,OK,,True,2783,0.347875,
ab14be9977d645198f54717810b879c8,225,2026-10-03T16:41:26.015804+07:00,224.044511049,224.044511049,MONITOR,224.19544207799936,0.9999926699993011,0.2525090700000874,9.517299986327998e-05,DISABLED,on,user_reported,37.127506256103516,53.511993408203125,1006.982109375,104234.53125,True,True,True,176,0,0,109,178,101,2026-10-03T16:41:26.015878+07:00,224.04459473299994,0.1858133710002221,OK,,True,2026-10-03T16:41:26.201700+07:00,224.230415215,0.03296423200026766,OK,,True,1584,0.198,,2026-10-03T16:41:26.234666+07:00,224.26338235500043,0.03362485599973297,OK,,True,2793,0.349125,
ab14be9977d645198f54717810b879c8,226,2026-10-03T16:41:27.015802+07:00,225.044509071,225.044509071,MONITOR,225.19544009999936,0.9999980219999998,0.2552531609999278,9.319499986304436e-05,DISABLED,on,user_reported,37.13005828857422,53.506019592285156,1006.958984375,104617.8984375,True,True,True,176,0,0,109,178,101,2026-10-03T16:41:27.015878+07:00,225.04459533000045,0.18580544500036922,OK,,True,2026-10-03T16:41:27.201692+07:00,225.230408034,0.033851892000711814,OK,,True,1580,0.1975,,2026-10-03T16:41:27.235550+07:00,225.26426479700058,0.03548639800010278,OK,,True,2789,0.348625,
ab14be9977d645198f54717810b879c8,227,2026-10-03T16:41:28.015803+07:00,226.04451092800082,226.04451092800082,MONITOR,226.19544195700018,1.0000018570008251,0.25170003899984295,9.505200068815611e-05,DISABLED,on,user_reported,37.12622833251953,53.51180648803711,1006.945859375,104362.0078125,True,True,True,176,0,0,109,178,101,2026-10-03T16:41:28.015879+07:00,226.04459633500028,0.18580418600049597,OK,,True,2026-10-03T16:41:28.201692+07:00,226.2304071510007,0.03298632399946655,OK,,True,1579,0.197375,,2026-10-03T16:41:28.234681+07:00,226.26339667899992,0.03280662200086226,OK,,True,2788,0.34850000000000003,
ab14be9977d645198f54717810b879c8,228,2026-10-03T16:41:29.015795+07:00,227.04450202600037,227.04450202600037,MONITOR,227.19543305499974,0.9999910979995548,0.2517856499998743,8.615000024292385e-05,DISABLED,on,user_reported,37.12431335449219,53.51787567138672,1006.928984375,104362.0078125,True,True,True,176,0,0,109,178,101,2026-10-03T16:41:29.015875+07:00,227.0445928220006,0.18588277799972275,OK,,True,2026-10-03T16:41:29.201769+07:00,227.2304831930005,0.032978453999930935,OK,,True,1582,0.19775,,2026-10-03T16:41:29.234749+07:00,227.26346522099993,0.03281440000046132,OK,,True,2785,0.348125,
ab14be9977d645198f54717810b879c8,229,2026-10-03T16:41:30.015799+07:00,228.04450567999993,228.04450567999993,MONITOR,228.1954367089993,1.0000036539995563,0.25465285100017354,8.98039997991873e-05,DISABLED,on,user_reported,37.122398376464844,53.51124954223633,1006.9603125,104553.8046875,True,True,True,176,0,0,109,178,101,2026-10-03T16:41:30.015877+07:00,228.0445949950008,0.1860582949993841,OK,,True,2026-10-03T16:41:30.201954+07:00,228.2306659750002,0.035624768000161566,OK,,True,1577,0.197125,,2026-10-03T16:41:30.237587+07:00,228.26629902100012,0.032846640000570915,OK,,True,2776,0.34700000000000003,
ab14be9977d645198f54717810b879c8,230,2026-10-03T16:41:31.015804+07:00,229.04451129900008,229.04451129900008,MONITOR,229.19544232799944,1.0000056190001487,0.2517604840004424,9.542299994791392e-05,DISABLED,on,user_reported,37.11920928955078,53.52984619140625,1006.961953125,104362.0078125,True,True,True,176,0,0,109,178,101,2026-10-03T16:41:31.015885+07:00,229.04460289000053,0.18581340899982024,OK,,True,2026-10-03T16:41:31.201710+07:00,229.2304240960002,0.03299419399991166,OK,,True,1586,0.19825,,2026-10-03T16:41:31.234705+07:00,229.26342169800046,0.032841399000062665,OK,,True,2789,0.348625,
ab14be9977d645198f54717810b879c8,231,2026-10-03T16:41:32.015797+07:00,230.04450373200052,230.04450373200052,MONITOR,230.1954347609999,0.9999924330004433,0.2519472419999147,8.785600039118435e-05,DISABLED,on,user_reported,37.11091613769531,53.54133987426758,1006.9278125,104362.0078125,True,True,True,176,0,0,109,178,101,2026-10-03T16:41:32.015877+07:00,230.04459469500034,0.18581468600041262,OK,,True,2026-10-03T16:41:32.201701+07:00,230.230416548,0.033144934000119974,OK,,True,1582,0.19775,,2026-10-03T16:41:32.234852+07:00,230.263566353,0.03287567700044747,OK,,True,2788,0.34850000000000003,
ab14be9977d645198f54717810b879c8,232,2026-10-03T16:41:33.015795+07:00,231.04450492600063,231.04450492600063,MONITOR,231.195435955,1.000001194000106,0.2519692979994943,8.905000049708178e-05,DISABLED,on,user_reported,37.107723236083984,53.54722213745117,1006.9090625,104043.890625,True,True,True,176,0,0,109,178,101,2026-10-03T16:41:33.015864+07:00,231.0445814070008,0.18582048299958842,OK,,True,2026-10-03T16:41:33.201694+07:00,231.23040894600035,0.03322347100038314,OK,,True,1575,0.196875,,2026-10-03T16:41:33.234919+07:00,231.26363565700012,0.03283014099997672,OK,,True,2790,0.34875,
ab14be9977d645198f54717810b879c8,233,2026-10-03T16:41:34.015794+07:00,232.04450254600033,232.04450254600033,MONITOR,232.1954335749997,0.9999976199997036,0.25177726299989445,8.667000020068372e-05,DISABLED,on,user_reported,37.10517120361328,53.53413391113281,1006.946015625,105004.1015625,True,True,True,176,0,0,109,178,101,2026-10-03T16:41:34.015866+07:00,232.0445830460003,0.18583818699971744,OK,,True,2026-10-03T16:41:34.201716+07:00,232.2304298250001,0.032990084000630304,OK,,True,1583,0.197875,,2026-10-03T16:41:34.234707+07:00,232.26342337200003,0.03284802899997885,OK,,True,2789,0.348625,
ab14be9977d645198f54717810b879c8,234,2026-10-03T16:41:35.015803+07:00,233.044509501,233.044509501,MONITOR,233.19544052999936,1.0000069549996624,0.2559632310003508,9.362499986309558e-05,DISABLED,on,user_reported,37.10517120361328,53.5595588684082,1006.939140625,104234.53125,True,True,True,176,0,0,109,178,101,2026-10-03T16:41:35.015882+07:00,233.04459964800026,0.1870339380002406,OK,,True,2026-10-03T16:41:35.202934+07:00,233.23164621500018,0.03306239799985633,OK,,True,1575,0.196875,,2026-10-03T16:41:35.236011+07:00,233.26471770600074,0.03573758099992119,OK,,True,2775,0.346875,
ab14be9977d645198f54717810b879c8,235,2026-10-03T16:41:36.015842+07:00,234.04454243700002,234.04454243700002,MONITOR,234.19547346599938,1.000032936000025,0.2623662380001406,0.00012656099988817004,DISABLED,on,user_reported,37.09751510620117,53.571144104003906,1006.933671875,104489.796875,True,True,True,176,0,0,109,178,101,2026-10-03T16:41:36.015973+07:00,234.04468893600006,0.19139866400018946,OK,,True,2026-10-03T16:41:36.207394+07:00,234.23610461800035,0.03547930599961546,OK,,True,1594,0.19925,,2026-10-03T16:41:36.242880+07:00,234.271593165,0.03529397400052403,OK,,True,2806,0.35075,
ab14be9977d645198f54717810b879c8,236,2026-10-03T16:41:37.015806+07:00,235.04451424500076,235.04451424500076,MONITOR,235.19544527400012,0.9999718080007369,0.25191387299946655,9.836900062509812e-05,DISABLED,on,user_reported,37.09241485595703,53.576759338378906,1006.91171875,104553.8046875,True,True,True,176,0,0,109,178,101,2026-10-03T16:41:37.015872+07:00,235.0445894860004,0.185823204999906,OK,,True,2026-10-03T16:41:37.201705+07:00,235.23041967300014,0.033119323999926564,OK,,True,1583,0.197875,,2026-10-03T16:41:37.234830+07:00,235.26354436700058,0.032874085000003106,OK,,True,2788,0.34850000000000003,
ab14be9977d645198f54717810b879c8,237,2026-10-03T16:41:38.015797+07:00,236.0445066100001,236.0445066100001,MONITOR,236.19543763899946,0.9999923649993434,0.25197961300000316,9.07339999685064e-05,DISABLED,on,user_reported,37.088584899902344,53.57619094848633,1006.871171875,104617.8984375,True,True,True,176,0,0,109,178,101,2026-10-03T16:41:38.015865+07:00,236.04458231300032,0.18582440899990615,OK,,True,2026-10-03T16:41:38.201700+07:00,236.2304142590001,0.03321978600069997,OK,,True,1591,0.198875,,2026-10-03T16:41:38.234922+07:00,236.2636378420002,0.0328404550000414,OK,,True,2792,0.34900000000000003,
ab14be9977d645198f54717810b879c8,238,2026-10-03T16:41:39.015795+07:00,237.0445039740007,237.0445039740007,MONITOR,237.19543500300006,0.9999973640005919,0.2517338009993182,8.80980005604215e-05,DISABLED,on,user_reported,37.088584899902344,53.582550048828125,1006.932734375,105198.2734375,True,True,True,176,0,0,109,178,101,2026-10-03T16:41:39.015865+07:00,237.04458297400015,0.18582296500062512,OK,,True,2026-10-03T16:41:39.201698+07:00,237.23041314300008,0.03297547300007864,OK,,True,1593,0.199125,,2026-10-03T16:41:39.234677+07:00,237.26339270800054,0.032836862999829464,OK,,True,2786,0.34825,
ab14be9977d645198f54717810b879c8,239,2026-10-03T16:41:40.015794+07:00,238.04450265500054,238.04450265500054,MONITOR,238.1954336839999,0.9999986809998518,0.25181985499966686,8.67790004122071e-05,DISABLED,on,user_reported,37.0841178894043,53.58824920654297,1006.95296875,104489.796875,True,True,True,176,0,0,109,178,101,2026-10-03T16:41:40.015860+07:00,238.0445775800008,0.185827965999124,OK,,True,2026-10-03T16:41:40.201698+07:00,238.23041293500046,0.03296710199992958,OK,,True,1584,0.198,,2026-10-03T16:41:40.234675+07:00,238.2633877040007,0.03291543599971192,OK,,True,2772,0.34650000000000003,
ab14be9977d645198f54717810b879c8,240,2026-10-03T16:41:41.015807+07:00,239.0445132620007,239.0445132620007,MONITOR,239.19544429100006,1.0000106070001493,0.2517501339998489,9.738600056152791e-05,DISABLED,on,user_reported,37.08794403076172,53.601531982421875,1007.04140625,104746.3203125,True,True,True,176,0,0,109,178,101,2026-10-03T16:41:41.015889+07:00,239.04460694600039,0.1858069660002002,OK,,True,2026-10-03T16:41:41.201706+07:00,239.23042098600035,0.03297478799959208,OK,,True,1591,0.198875,,2026-10-03T16:41:41.234683+07:00,239.26339962600014,0.03285367700027564,OK,,True,2787,0.348375,
ab14be9977d645198f54717810b879c8,241,2026-10-03T16:41:42.015883+07:00,240.04457977600032,240.04457977600032,MONITOR,240.19551080499969,1.0000665139996272,0.2627640890004841,0.00016390000018873252,DISABLED,on,user_reported,37.08922576904297,53.601715087890625,1007.022890625,104746.3203125,True,True,True,176,0,0,109,178,101,2026-10-03T16:41:42.016027+07:00,240.04474327500066,0.19157214499955444,OK,,True,2026-10-03T16:41:42.207622+07:00,240.23633143799998,0.035662064000462124,OK,,True,1582,0.19775,,2026-10-03T16:41:42.243293+07:00,240.27200337200065,0.03531928899974446,OK,,True,2805,0.350625,
ab14be9977d645198f54717810b879c8,242,2026-10-03T16:41:43.015855+07:00,241.0445551440007,241.0445551440007,MONITOR,241.19548617300006,0.9999753680003778,0.2626957369993761,0.000139268000566517,DISABLED,on,user_reported,37.08284378051758,53.60078048706055,1006.950859375,104682.0703125,True,True,True,176,0,0,109,178,101,2026-10-03T16:41:43.015998+07:00,241.0447136060002,0.1917564579998725,OK,,True,2026-10-03T16:41:43.207773+07:00,241.2364842500001,0.03546245400048065,OK,,True,1586,0.19825,,2026-10-03T16:41:43.243242+07:00,241.2719562780003,0.035276474000056623,OK,,True,2811,0.351375,
ab14be9977d645198f54717810b879c8,243,2026-10-03T16:41:44.015802+07:00,242.04451105000044,242.04451105000044,MONITOR,242.1954420789998,0.9999559059997409,0.25198387399996136,9.517400030745193e-05,DISABLED,on,user_reported,37.079654693603516,53.6130256652832,1006.94578125,104617.8984375,True,True,True,176,0,0,109,178,101,2026-10-03T16:41:44.015881+07:00,242.04459836500064,0.18580874399958702,OK,,True,2026-10-03T16:41:44.201700+07:00,242.23041405300046,0.03321365600004356,OK,,True,1586,0.19825,,2026-10-03T16:41:44.234914+07:00,242.26363059800042,0.03285573300036049,OK,,True,2790,0.34875,
ab14be9977d645198f54717810b879c8,244,2026-10-03T16:41:45.015795+07:00,243.04450408600042,243.04450408600042,MONITOR,243.19543511499978,0.999993035999978,0.2535259739997855,8.821000028547132e-05,DISABLED,on,user_reported,37.07901382446289,53.61292266845703,1006.985859375,104553.8046875,True,True,True,176,0,0,109,178,101,2026-10-03T16:41:45.015864+07:00,243.04458191899994,0.18581596600051853,OK,,True,2026-10-03T16:41:45.201690+07:00,243.23040573700018,0.03294404799999029,OK,,True,1579,0.197375,,2026-10-03T16:41:45.234635+07:00,243.2633526360005,0.0346549240002787,OK,,True,2784,0.34800000000000003,
ab14be9977d645198f54717810b879c8,245,2026-10-03T16:41:46.015807+07:00,244.04451490100018,244.04451490100018,MONITOR,244.19544592999955,1.0000108149997686,0.25172228300016286,9.90250000540982e-05,DISABLED,on,user_reported,37.07901382446289,53.63199996948242,1006.9721875,105004.1015625,True,True,True,176,0,0,109,178,101,2026-10-03T16:41:46.015873+07:00,244.0445901410003,0.18581557699963014,OK,,True,2026-10-03T16:41:46.201699+07:00,244.23041316300078,0.032962546999442566,OK,,True,1580,0.1975,,2026-10-03T16:41:46.234661+07:00,244.26337861699994,0.03284925200023281,OK,,True,2787,0.348375,
ab14be9977d645198f54717810b879c8,246,2026-10-03T16:41:47.015829+07:00,245.04453403000025,245.04453403000025,MONITOR,245.19546505899962,1.0000191290000657,0.2519736340000236,0.00011815400011983002,DISABLED,on,user_reported,37.071998596191406,53.6309700012207,1006.953828125,104617.8984375,True,True,True,176,0,0,109,178,101,2026-10-03T16:41:47.015915+07:00,245.044632567,0.18581970700051897,OK,,True,2026-10-03T16:41:47.201747+07:00,245.23046020000038,0.0331117309997353,OK,,True,1574,0.19675,,2026-10-03T16:41:47.234862+07:00,245.2635765240002,0.032921177000389434,OK,,True,2791,0.348875,
ab14be9977d645198f54717810b879c8,247,2026-10-03T16:41:48.015793+07:00,246.0445024390001,246.0445024390001,MONITOR,246.19543346799946,0.9999684089998482,0.2517083950006054,8.656299996800954e-05,DISABLED,on,user_reported,37.06306457519531,53.629661560058594,1006.953125,105198.2734375,True,True,True,176,0,0,109,178,101,2026-10-03T16:41:48.015870+07:00,246.04458771600002,0.18582589300058316,OK,,True,2026-10-03T16:41:48.201707+07:00,246.23042147900014,0.0329476960005195,OK,,True,1583,0.197875,,2026-10-03T16:41:48.234655+07:00,246.26337228600005,0.03283003000069584,OK,,True,2790,0.34875,
ab14be9977d645198f54717810b879c8,248,2026-10-03T16:41:49.015846+07:00,247.04454566300046,247.04454566300046,MONITOR,247.19547669199983,1.0000432240003647,0.26326584500020545,0.00012978700033272617,DISABLED,on,user_reported,37.060508728027344,53.641998291015625,1006.91484375,105198.2734375,True,True,True,176,0,0,109,178,101,2026-10-03T16:41:49.016001+07:00,247.0447170690004,0.19174338500033627,OK,,True,2026-10-03T16:41:49.207763+07:00,247.23647449100008,0.036097209000217845,OK,,True,1609,0.201125,,2026-10-03T16:41:49.243866+07:00,247.27258057000017,0.035211790000175824,OK,,True,2798,0.34975,
ab14be9977d645198f54717810b879c8,249,2026-10-03T16:41:50.015865+07:00,248.04456394299996,248.04456394299996,MONITOR,248.19549497199932,1.0000182799994946,0.2626010350004435,0.00014806699982727878,DISABLED,on,user_reported,37.06816864013672,53.66220474243164,1006.89296875,104234.53125,True,True,True,176,0,0,109,178,101,2026-10-03T16:41:50.016019+07:00,248.04473503400004,0.19179968100070255,OK,,True,2026-10-03T16:41:50.207838+07:00,248.23654934500064,0.035396639999817125,OK,,True,1600,0.2,,2026-10-03T16:41:50.243241+07:00,248.27195452200067,0.0351917339994543,OK,,True,2796,0.34950000000000003,
ab14be9977d645198f54717810b879c8,250,2026-10-03T16:41:51.015850+07:00,249.04455455700008,249.04455455700008,MONITOR,249.19548558599945,0.9999906140001258,0.25174732100003894,0.00013868099995306693,DISABLED,on,user_reported,37.066890716552734,53.662010192871094,1006.90453125,104746.3203125,True,True,True,176,0,0,109,178,101,2026-10-03T16:41:51.015936+07:00,249.04465405700012,0.18581022600028518,OK,,True,2026-10-03T16:41:51.201757+07:00,249.23047182000028,0.03299158400022861,OK,,True,1580,0.1975,,2026-10-03T16:41:51.234750+07:00,249.26346692300012,0.032825936999870464,OK,,True,2788,0.34850000000000003,
ab14be9977d645198f54717810b879c8,251,2026-10-03T16:41:52.015798+07:00,250.0445051910001,250.0445051910001,MONITOR,250.19543621999946,0.9999506340000153,0.25188396900011867,8.931499996833736e-05,DISABLED,on,user_reported,37.065616607666016,53.6745491027832,1006.92984375,104617.8984375,True,True,True,176,0,0,109,178,101,2026-10-03T16:41:52.015877+07:00,250.04459450500053,0.1858137640001587,OK,,True,2026-10-03T16:41:52.201701+07:00,250.23041539900078,0.03306152799996198,OK,,True,1576,0.197,,2026-10-03T16:41:52.234768+07:00,250.26348213000074,0.03289701099947706,OK,,True,2790,0.34875,
ab14be9977d645198f54717810b879c8,252,2026-10-03T16:41:53.015795+07:00,251.044501159,251.044501159,MONITOR,251.19543218799936,0.9999959679998938,0.2517431360001865,8.528299986210186e-05,DISABLED,on,user_reported,37.059234619140625,53.6672477722168,1006.9059375,105004.1015625,True,True,True,176,0,0,109,178,101,2026-10-03T16:41:53.015878+07:00,251.04459552900062,0.18581026299943915,OK,,True,2026-10-03T16:41:53.201698+07:00,251.23041216300044,0.032967379999718105,OK,,True,1576,0.197,,2026-10-03T16:41:53.234666+07:00,251.2633824880004,0.03285269600019092,OK,,True,2789,0.348625,
ab14be9977d645198f54717810b879c8,253,2026-10-03T16:41:54.015791+07:00,252.0445000160007,252.0445000160007,MONITOR,252.19543104500008,0.999998857000719,0.251718358999824,8.414000058110105e-05,DISABLED,on,user_reported,37.059234619140625,53.67361068725586,1006.912734375,105068.75,True,True,True,176,0,0,109,178,101,2026-10-03T16:41:54.015864+07:00,252.04458149700076,0.18581254199943942,OK,,True,2026-10-03T16:41:54.201685+07:00,252.23040007600048,0.03294880700013891,OK,,True,1575,0.196875,,2026-10-03T16:41:54.234634+07:00,252.26335171600022,0.03285795600004349,OK,,True,2796,0.34950000000000003,
ab14be9977d645198f54717810b879c8,254,2026-10-03T16:41:55.015795+07:00,253.04450402200018,253.04450402200018,MONITOR,253.19543505099955,1.0000040059994717,0.25197617200046807,8.814600005280226e-05,DISABLED,on,user_reported,37.04902648925781,53.678470611572266,1006.9234375,104875.0546875,True,True,True,176,0,0,109,178,101,2026-10-03T16:41:55.015869+07:00,253.04458637300013,0.18582345000049827,OK,,True,2026-10-03T16:41:55.201703+07:00,253.23041715599993,0.0331990640006552,OK,,True,1582,0.19775,,2026-10-03T16:41:55.234902+07:00,253.26361949800048,0.0328517699999793,OK,,True,2791,0.348875,
ab14be9977d645198f54717810b879c8,255,2026-10-03T16:41:56.015794+07:00,254.04450343700046,254.04450343700046,MONITOR,254.19543446599982,0.9999994150002749,0.2517329330003122,8.756100032769609e-05,DISABLED,on,user_reported,37.04520034790039,53.67789840698242,1006.896640625,104810.6484375,True,True,True,176,0,0,109,178,101,2026-10-03T16:41:56.015871+07:00,254.04458819499996,0.1858244860004561,OK,,True,2026-10-03T16:41:56.201707+07:00,254.23042051500033,0.03295393600001262,OK,,True,1574,0.19675,,2026-10-03T16:41:56.234660+07:00,254.2633774140004,0.03285015999972529,OK,,True,2792,0.34900000000000003,
ab14be9977d645198f54717810b879c8,256,2026-10-03T16:41:57.015794+07:00,255.0445016850008,255.0445016850008,MONITOR,255.19543271400016,0.9999982480003382,0.25197193099938886,8.580900066590402e-05,DISABLED,on,user_reported,37.04456329345703,53.69689178466797,1007.018984375,105004.1015625,True,True,True,176,0,0,109,178,101,2026-10-03T16:41:57.015874+07:00,255.04459216600026,0.18581794900001114,OK,,True,2026-10-03T16:41:57.201704+07:00,255.23041759600073,0.033111861999714165,OK,,True,1572,0.1965,,2026-10-03T16:41:57.234820+07:00,255.2635345130002,0.03292864100058068,OK,,True,2792,0.34900000000000003,
ab14be9977d645198f54717810b879c8,257,2026-10-03T16:41:58.015801+07:00,256.0445074520003,256.0445074520003,MONITOR,256.19543848099966,1.000005766999493,0.2517579340001248,9.157600015896605e-05,DISABLED,on,user_reported,37.0413703918457,53.690059661865234,1007.020703125,104875.0546875,True,True,True,176,0,0,109,178,101,2026-10-03T16:41:58.015885+07:00,256.04460265500074,0.18581361699943955,OK,,True,2026-10-03T16:41:58.201709+07:00,256.230422568,0.03296176999992895,OK,,True,1580,0.1975,,2026-10-03T16:41:58.234671+07:00,256.2633875040001,0.032868085000700376,OK,,True,2789,0.348625,
ab14be9977d645198f54717810b879c8,258,2026-10-03T16:41:59.015795+07:00,257.04450348000046,257.04450348000046,MONITOR,257.1954345089998,0.9999960280001687,0.25177615499978856,8.760400032770121e-05,DISABLED,on,user_reported,37.03562927246094,53.70193099975586,1007.01828125,104875.0546875,True,True,True,176,0,0,109,178,101,2026-10-03T16:41:59.015874+07:00,257.04459151600076,0.18581289399935486,OK,,True,2026-10-03T16:41:59.201696+07:00,257.2304102070002,0.03295734400035144,OK,,True,1576,0.197,,2026-10-03T16:41:59.234653+07:00,257.2633703650008,0.032900270999562053,OK,,True,2788,0.34850000000000003,
ab14be9977d645198f54717810b879c8,259,2026-10-03T16:42:00.015790+07:00,258.0444978600008,258.0444978600008,MONITOR,258.19542888900014,0.9999943800003166,0.25213302299926,8.198400064429734e-05,DISABLED,on,user_reported,37.03945541381836,53.70248794555664,1006.97640625,105068.75,True,True,True,176,0,0,109,178,101,2026-10-03T16:42:00.015865+07:00,258.04458280400013,0.18581070900017949,OK,,True,2026-10-03T16:42:00.201684+07:00,258.2303990500004,0.033220712000002095,OK,,True,1589,0.198625,,2026-10-03T16:42:00.234906+07:00,258.2636229100008,0.03299978799987002,OK,,True,2784,0.34800000000000003,
ab14be9977d645198f54717810b879c8,260,2026-10-03T16:42:01.015789+07:00,259.0444973700005,259.0444973700005,MONITOR,259.19542839899987,0.999999509999725,0.2517229340000995,8.149400036927545e-05,DISABLED,on,user_reported,37.03818130493164,53.71503448486328,1006.974453125,105198.2734375,True,True,True,176,0,0,109,178,101,2026-10-03T16:42:01.015865+07:00,259.0445831290008,0.185814097999355,OK,,True,2026-10-03T16:42:01.201688+07:00,259.23040311600016,0.0329471029999695,OK,,True,1577,0.197125,,2026-10-03T16:42:01.234636+07:00,259.26335316400036,0.03285860399955709,OK,,True,2783,0.347875,
ab14be9977d645198f54717810b879c8,261,2026-10-03T16:42:02.015789+07:00,260.0444974740003,260.0444974740003,MONITOR,260.1954285029997,1.0000001039998097,0.25224480100041546,8.159800017892849e-05,DISABLED,on,user_reported,37.032440185546875,53.71418380737305,1007.026640625,105393.1640625,True,True,True,176,0,0,109,178,101,2026-10-03T16:42:02.015865+07:00,260.04458315900047,0.18580715299958683,OK,,True,2026-10-03T16:42:02.201684+07:00,260.23039809000056,0.033348340999509674,OK,,True,1580,0.1975,,2026-10-03T16:42:02.235037+07:00,260.26375107900003,0.03298160300073505,OK,,True,2788,0.34850000000000003,
ab14be9977d645198f54717810b879c8,262,2026-10-03T16:42:03.015802+07:00,261.04450824500054,261.04450824500054,MONITOR,261.1954392739999,1.000010771000234,0.2518173230000684,9.236900041287299e-05,DISABLED,on,user_reported,37.029884338378906,53.72653579711914,1006.92671875,105654.1484375,True,True,True,176,0,0,109,178,101,2026-10-03T16:42:03.015884+07:00,261.044601392,0.18581709900081478,OK,,True,2026-10-03T16:42:03.201711+07:00,261.230426139,0.0329746770003112,OK,,True,1587,0.198375,,2026-10-03T16:42:03.234688+07:00,261.2634039270006,0.03291273299964814,OK,,True,2786,0.34825,
ab14be9977d645198f54717810b879c8,263,2026-10-03T16:42:04.015793+07:00,262.04450133200044,262.04450133200044,MONITOR,262.1954323609998,0.9999930869998934,0.25181804499970895,8.54560003062943e-05,DISABLED,on,user_reported,37.02797317504883,53.71989059448242,1006.9509375,104875.0546875,True,True,True,176,0,0,109,178,101,2026-10-03T16:42:04.015869+07:00,262.04458684900055,0.18582361700009642,OK,,True,2026-10-03T16:42:04.201703+07:00,262.2304175400004,0.032988306999868655,OK,,True,1590,0.19875,,2026-10-03T16:42:04.234693+07:00,262.2634088290006,0.03290143699996406,OK,,True,2784,0.34800000000000003,
ab14be9977d645198f54717810b879c8,264,2026-10-03T16:42:05.015792+07:00,263.04450090000046,263.04450090000046,MONITOR,263.1954319289998,0.9999995680000211,0.2517506020003566,8.502400032739388e-05,DISABLED,on,user_reported,37.02861022949219,53.713623046875,1006.93828125,105393.1640625,True,True,True,176,0,0,109,178,101,2026-10-03T16:42:05.015870+07:00,263.0445873260005,0.18581250599982013,OK,,True,2026-10-03T16:42:05.201692+07:00,263.23040694300016,0.032983140000396816,OK,,True,1578,0.19725,,2026-10-03T16:42:05.234677+07:00,263.26339400899997,0.032848659000592306,OK,,True,2787,0.348375,
ab14be9977d645198f54717810b879c8,265,2026-10-03T16:42:06.015846+07:00,264.0445438400002,264.0445438400002,MONITOR,264.19547486899955,1.0000429399997302,0.26357195699984004,0.0001279640000575455,DISABLED,on,user_reported,37.03499221801758,53.72091293334961,1006.955546875,105328.125,True,True,True,176,0,0,109,178,101,2026-10-03T16:42:06.016002+07:00,264.04471826400004,0.19176222100031737,OK,,True,2026-10-03T16:42:06.207783+07:00,264.2364948550003,0.036181708999720286,OK,,True,1586,0.19825,,2026-10-03T16:42:06.243971+07:00,264.2726849340006,0.035410714999670745,OK,,True,2802,0.35025,
ab14be9977d645198f54717810b879c8,266,2026-10-03T16:42:07.015853+07:00,265.04455278000023,265.04455278000023,MONITOR,265.1954838089996,1.0000089400000434,0.26356949399996665,0.00013690400010091253,DISABLED,on,user_reported,37.033077239990234,53.70155715942383,1006.877109375,105263.15625,True,True,True,176,0,0,109,178,101,2026-10-03T16:42:07.016009+07:00,265.04472522300057,0.19173501800014492,OK,,True,2026-10-03T16:42:07.207763+07:00,265.23647479600004,0.03565523100041901,OK,,True,1573,0.196625,,2026-10-03T16:42:07.243431+07:00,265.2721409530004,0.03596152499994787,OK,,True,2803,0.350375,
ab14be9977d645198f54717810b879c8,267,2026-10-03T16:42:08.015860+07:00,266.0445568320001,266.0445568320001,MONITOR,266.1954878609995,1.0000040519998947,0.2614796400002888,0.00014095599999564,DISABLED,on,user_reported,37.025421142578125,53.719512939453125,1006.8853125,105004.1015625,True,True,True,176,0,0,109,178,101,2026-10-03T16:42:08.016017+07:00,266.04473294200034,0.1908997829996224,OK,,True,2026-10-03T16:42:08.206936+07:00,266.2356472620004,0.034650997999960964,OK,,True,1587,0.198375,,2026-10-03T16:42:08.241592+07:00,266.2703059080004,0.03570863799996005,OK,,True,2801,0.350125,
ab14be9977d645198f54717810b879c8,268,2026-10-03T16:42:09.015808+07:00,267.04451614500067,267.04451614500067,MONITOR,267.19544717400004,0.9999593130005451,0.25193230399963795,0.0001002690005407203,DISABLED,on,user_reported,37.02861022949219,53.72634506225586,1006.951875,106180.0078125,True,True,True,176,0,0,109,178,101,2026-10-03T16:42:09.015888+07:00,267.0446055150005,0.1858188030000747,OK,,True,2026-10-03T16:42:09.201717+07:00,267.23043196600065,0.03294988099969487,OK,,True,1585,0.198125,,2026-10-03T16:42:09.234668+07:00,267.26338484700045,0.03305436200025724,OK,,True,2790,0.34875,
ab14be9977d645198f54717810b879c8,269,2026-10-03T16:42:10.015794+07:00,268.04450227300003,268.04450227300003,MONITOR,268.1954333019994,0.9999861279993638,0.25188369400075317,8.639699990453664e-05,DISABLED,on,user_reported,37.024147033691406,53.719322204589844,1006.917421875,105393.1640625,True,True,True,176,0,0,109,178,101,2026-10-03T16:42:10.015872+07:00,268.0445899390006,0.18582474699996965,OK,,True,2026-10-03T16:42:10.201708+07:00,268.2304225380003,0.03295488100047805,OK,,True,1580,0.1975,,2026-10-03T16:42:10.234663+07:00,268.2633802529999,0.032996695000292675,OK,,True,2785,0.348125,
ab14be9977d645198f54717810b879c8,270,2026-10-03T16:42:11.015792+07:00,269.0445009940004,269.0445009940004,MONITOR,269.19543202299974,0.9999987210003383,0.2519993779997094,8.511800024280092e-05,DISABLED,on,user_reported,37.013938903808594,53.71146011352539,1006.900859375,105393.1640625,True,True,True,176,0,0,109,178,101,2026-10-03T16:42:11.015869+07:00,269.0445865490001,0.18582061800043448,OK,,True,2026-10-03T16:42:11.201700+07:00,269.230415,0.033218379000572895,OK,,True,1579,0.197375,,2026-10-03T16:42:11.234920+07:00,269.2636368980002,0.03285480800059304,OK,,True,2784,0.34800000000000003,
ab14be9977d645198f54717810b879c8,271,2026-10-03T16:42:12.015794+07:00,270.04450208600065,270.04450208600065,MONITOR,270.195433115,1.000001092000275,0.2518950280000354,8.621000051789451e-05,DISABLED,on,user_reported,37.01457595825195,53.73064422607422,1006.867734375,105393.1640625,True,True,True,176,0,0,109,178,101,2026-10-03T16:42:12.015871+07:00,270.04458830800013,0.18581765500039182,OK,,True,2026-10-03T16:42:12.201699+07:00,270.2304135180002,0.033063435999793,OK,,True,1579,0.197375,,2026-10-03T16:42:12.234768+07:00,270.2634821950005,0.03290514099990105,OK,,True,2786,0.34825,
ab14be9977d645198f54717810b879c8,272,2026-10-03T16:42:13.015793+07:00,271.04450214200006,271.04450214200006,MONITOR,271.1954331709994,1.0000000559994078,0.25170027000058326,8.626599992567208e-05,DISABLED,on,user_reported,37.012657165527344,53.7303581237793,1007.015234375,105523.4921875,True,True,True,176,0,0,109,178,101,2026-10-03T16:42:13.015871+07:00,271.0445883450002,0.185820896000223,OK,,True,2026-10-03T16:42:13.201702+07:00,271.2304163890003,0.03294312199977867,OK,,True,1584,0.198,,2026-10-03T16:42:13.234645+07:00,271.2633622890007,0.032830788999490323,OK,,True,2786,0.34825,
ab14be9977d645198f54717810b879c8,273,2026-10-03T16:42:14.015872+07:00,272.04457132800053,272.04457132800053,MONITOR,272.1955023569999,1.0000691860004736,0.2620054879998861,0.00015545200039923657,DISABLED,on,user_reported,37.01457595825195,53.72428894042969,1007.018359375,105133.46875,True,True,True,176,0,0,109,178,101,2026-10-03T16:42:14.015999+07:00,272.04471553000076,0.19124202199964202,OK,,True,2026-10-03T16:42:14.207261+07:00,272.23597281100047,0.03538510399994266,OK,,True,1591,0.198875,,2026-10-03T16:42:14.242651+07:00,272.27136589600013,0.03518947600059619,OK,,True,2801,0.350125,
ab14be9977d645198f54717810b879c8,274,2026-10-03T16:42:15.015853+07:00,273.0445544030008,273.0445544030008,MONITOR,273.19548543200017,0.999983075000273,0.2623641159998442,0.00013852700067218393,DISABLED,on,user_reported,37.02095413208008,53.75702667236328,1007.008046875,105328.125,True,True,True,176,0,0,109,178,101,2026-10-03T16:42:15.015990+07:00,273.04470619900076,0.19153696399916953,OK,,True,2026-10-03T16:42:15.207547+07:00,273.23625881099997,0.03542501100037043,OK,,True,1591,0.198875,,2026-10-03T16:42:15.242977+07:00,273.27169145100015,0.035208531000535004,OK,,True,2794,0.34925,
ab14be9977d645198f54717810b879c8,275,2026-10-03T16:42:16.015928+07:00,274.0446263310005,274.0446263310005,MONITOR,274.19555735999984,1.0000719279996702,0.25168517800011614,0.00021045500034233555,DISABLED,on,user_reported,37.00946807861328,53.7680549621582,1006.962109375,105263.15625,True,True,True,176,0,0,109,178,101,2026-10-03T16:42:16.016007+07:00,274.044723645,0.18580076700072823,OK,,True,2026-10-03T16:42:16.201817+07:00,274.23053176400026,0.03292582599988236,OK,,True,1589,0.198625,,2026-10-03T16:42:16.234743+07:00,274.26346025600014,0.032842012000401155,OK,,True,2785,0.348125,
ab14be9977d645198f54717810b879c8,276,2026-10-03T16:42:17.015794+07:00,275.0445010760004,275.0445010760004,MONITOR,275.1954321049998,0.9998747449999428,0.25217154399979336,8.520000028511276e-05,DISABLED,on,user_reported,37.011383056640625,53.76197052001953,1006.93109375,105785.125,True,True,True,176,0,0,109,178,101,2026-10-03T16:42:17.015875+07:00,275.04459294500066,0.18581782299952465,OK,,True,2026-10-03T16:42:17.201704+07:00,275.2304189160004,0.03334878599980584,OK,,True,1584,0.198,,2026-10-03T16:42:17.235058+07:00,275.2637722940008,0.03289152999968792,OK,,True,2787,0.348375,
ab14be9977d645198f54717810b879c8,277,2026-10-03T16:42:18.015792+07:00,276.0444988200006,276.0444988200006,MONITOR,276.195429849,0.9999977440002112,0.2517106599998442,8.294400049635442e-05,DISABLED,on,user_reported,37.010108947753906,53.768150329589844,1006.908359375,105133.46875,True,True,True,176,0,0,109,178,101,2026-10-03T16:42:18.015877+07:00,276.0445941900007,0.1858140629992704,OK,,True,2026-10-03T16:42:18.201702+07:00,276.2304159380001,0.03295832599997084,OK,,True,1585,0.198125,,2026-10-03T16:42:18.234659+07:00,276.2633767080006,0.03282499399938388,OK,,True,2790,0.34875,
ab14be9977d645198f54717810b879c8,278,2026-10-03T16:42:19.015803+07:00,277.04450889800046,277.04450889800046,MONITOR,277.1954399269998,1.000010077999832,0.25171627100007754,9.302200032834662e-05,DISABLED,on,user_reported,37.003089904785156,53.77984619140625,1006.93796875,105523.4921875,True,True,True,176,0,0,109,178,101,2026-10-03T16:42:19.015884+07:00,277.0446012680004,0.18582971199975873,OK,,True,2026-10-03T16:42:19.201726+07:00,277.2304392570004,0.03295714100022451,OK,,True,1579,0.197375,,2026-10-03T16:42:19.234682+07:00,277.26339930500035,0.03281710499959445,OK,,True,2786,0.34825,
ab14be9977d645198f54717810b879c8,279,2026-10-03T16:42:20.015805+07:00,278.04451032900033,278.04451032900033,MONITOR,278.1954413579997,1.0000014309998733,0.25170358600007603,9.445300020161085e-05,DISABLED,on,user_reported,37.00819396972656,53.78059387207031,1006.94640625,105523.4921875,True,True,True,176,0,0,109,178,101,2026-10-03T16:42:20.015887+07:00,278.0446048290005,0.1858183039994401,OK,,True,2026-10-03T16:42:20.201717+07:00,278.23043137400055,0.032950566000181425,OK,,True,1576,0.197,,2026-10-03T16:42:20.234667+07:00,278.26338453300013,0.032821030000377505,OK,,True,2784,0.34800000000000003,
ab14be9977d645198f54717810b879c8,280,2026-10-03T16:42:21.015797+07:00,279.0445041310004,279.0445041310004,MONITOR,279.19543515999976,0.9999938020000627,0.2516963460002444,8.825500026432564e-05,DISABLED,on,user_reported,37.010746002197266,53.793697357177734,1006.95046875,105393.1640625,True,True,True,176,0,0,109,178,101,2026-10-03T16:42:21.015878+07:00,279.0445957970005,0.18581726799948228,OK,,True,2026-10-03T16:42:21.201706+07:00,279.23042063899993,0.032947011000032944,OK,,True,1573,0.196625,,2026-10-03T16:42:21.234654+07:00,279.2633706310007,0.03282164199936233,OK,,True,2787,0.348375,
ab14be9977d645198f54717810b879c8,281,2026-10-03T16:42:22.015801+07:00,280.044508897,280.044508897,MONITOR,280.1954399259994,1.0000047659996198,0.2521257130001686,9.302099988417467e-05,DISABLED,on,user_reported,37.00819396972656,53.78696060180664,1006.94640625,105393.1640625,True,True,True,176,0,0,109,178,101,2026-10-03T16:42:22.015880+07:00,280.044597952,0.18581945300047664,OK,,True,2026-10-03T16:42:22.201712+07:00,280.23042540500046,0.03333200799988845,OK,,True,1582,0.19775,,2026-10-03T16:42:22.235049+07:00,280.26376265399995,0.032863085000826686,OK,,True,2781,0.347625,
ab14be9977d645198f54717810b879c8,282,2026-10-03T16:42:23.015800+07:00,281.04450777500006,281.04450777500006,MONITOR,281.1954388039994,0.9999988780000422,0.25169454900060373,9.18989999263431e-05,DISABLED,on,user_reported,37.00244903564453,53.79246520996094,1006.936953125,105523.4921875,True,True,True,176,0,0,109,178,101,2026-10-03T16:42:23.015879+07:00,281.0445962920003,0.18581980500039208,OK,,True,2026-10-03T16:42:23.201711+07:00,281.23042448600063,0.03296006699929421,OK,,True,1581,0.197625,,2026-10-03T16:42:23.234670+07:00,281.26338738600043,0.03280678999999509,OK,,True,2786,0.34825,
ab14be9977d645198f54717810b879c8,283,2026-10-03T16:42:24.015798+07:00,282.044504986,282.044504986,MONITOR,282.19543601499936,0.9999972109999362,0.25170171600075264,8.910999986255774e-05,DISABLED,on,user_reported,36.99925994873047,53.811092376708984,1006.938671875,105198.2734375,True,True,True,176,0,0,109,178,101,2026-10-03T16:42:24.015874+07:00,282.04459202199996,0.1858244350005407,OK,,True,2026-10-03T16:42:24.201711+07:00,282.2304245310006,0.032953918000202975,OK,,True,1575,0.196875,,2026-10-03T16:42:24.234664+07:00,282.26338111600035,0.03281745700041938,OK,,True,2789,0.348625,
ab14be9977d645198f54717810b879c8,284,2026-10-03T16:42:25.015800+07:00,283.0445057720008,283.0445057720008,MONITOR,283.19543680100014,1.0000007860007827,0.2517227719999937,8.989600064523984e-05,DISABLED,on,user_reported,37.003089904785156,53.79893112182617,1006.9175,105393.1640625,True,True,True,176,0,0,109,178,101,2026-10-03T16:42:25.015883+07:00,283.0446005120002,0.18582369399973686,OK,,True,2026-10-03T16:42:25.201719+07:00,283.23043239100025,0.03296669599967572,OK,,True,1581,0.197625,,2026-10-03T16:42:25.234685+07:00,283.26340204999997,0.032817568000609754,OK,,True,2784,0.34800000000000003,
ab14be9977d645198f54717810b879c8,285,2026-10-03T16:42:26.015840+07:00,284.0445386700003,284.0445386700003,MONITOR,284.19546969899966,1.0000328979995174,0.26261191200046596,0.00012279400016268482,DISABLED,on,user_reported,36.99862289428711,53.81100082397461,1006.88296875,105263.15625,True,True,True,176,0,0,109,178,101,2026-10-03T16:42:26.015983+07:00,284.04469941000025,0.19155774299997574,OK,,True,2026-10-03T16:42:26.207563+07:00,284.2362733940008,0.03549278799982858,OK,,True,1586,0.19825,,2026-10-03T16:42:26.243059+07:00,284.27177425600075,0.03535488199941028,OK,,True,2799,0.349875,
ab14be9977d645198f54717810b879c8,286,2026-10-03T16:42:27.015914+07:00,285.0446115680006,285.0446115680006,MONITOR,285.195542597,1.000072898000326,0.2528878929997518,0.00019569200048863422,DISABLED,on,user_reported,36.99479675292969,53.816795349121094,1006.95203125,105654.1484375,True,True,True,176,0,0,109,178,101,2026-10-03T16:42:27.016056+07:00,285.04477212300026,0.18667026100047224,OK,,True,2026-10-03T16:42:27.202737+07:00,285.23145069900056,0.0331518060002054,OK,,True,1586,0.19825,,2026-10-03T16:42:27.235894+07:00,285.26460804199996,0.03288188200076547,OK,,True,2785,0.348125,
ab14be9977d645198f54717810b879c8,287,2026-10-03T16:42:28.015823+07:00,286.0445277640001,286.0445277640001,MONITOR,286.1954587929995,0.9999161959995035,0.2519543630005501,0.00011188799999217736,DISABLED,on,user_reported,36.99543380737305,53.829620361328125,1006.8709375,105916.421875,True,True,True,176,0,0,109,178,101,2026-10-03T16:42:28.015908+07:00,286.0446252270003,0.18581663799977832,OK,,True,2026-10-03T16:42:28.201737+07:00,286.2304499950005,0.03322228700017149,OK,,True,1584,0.198,,2026-10-03T16:42:28.234958+07:00,286.26367544799996,0.03279838300022675,OK,,True,2788,0.34850000000000003,
ab14be9977d645198f54717810b879c8,288,2026-10-03T16:42:29.015797+07:00,287.0445027760006,287.0445027760006,MONITOR,287.195433805,0.9999750120005046,0.25172573500003637,8.690000049682567e-05,DISABLED,on,user_reported,36.98969268798828,53.82878112792969,1006.97125,105523.4921875,True,True,True,176,0,0,109,178,101,2026-10-03T16:42:29.015881+07:00,287.04459831200074,0.18582213899935596,OK,,True,2026-10-03T16:42:29.201714+07:00,287.230428414,0.03296490000047925,OK,,True,1574,0.19675,,2026-10-03T16:42:29.234679+07:00,287.2633962580003,0.03282379000029323,OK,,True,2785,0.348125,
ab14be9977d645198f54717810b879c8,289,2026-10-03T16:42:30.015830+07:00,288.0445346210008,288.0445346210008,MONITOR,288.1954656500002,1.0000318450001942,0.25176058699980786,0.00011874500069097849,DISABLED,on,user_reported,36.9884147644043,53.83495330810547,1006.948515625,105850.734375,True,True,True,176,0,0,109,178,101,2026-10-03T16:42:30.015918+07:00,288.0446353420002,0.18581869500030734,OK,,True,2026-10-03T16:42:30.201748+07:00,288.23046196199994,0.032970030000797124,OK,,True,1583,0.197875,,2026-10-03T16:42:30.234718+07:00,288.263435029,0.032851438000761846,OK,,True,2787,0.348375,
ab14be9977d645198f54717810b879c8,290,2026-10-03T16:42:31.015837+07:00,289.0445393,289.0445393,MONITOR,289.19547032899936,1.0000046789991757,0.2517573650002305,0.00012342399986664532,DISABLED,on,user_reported,36.99160385131836,53.867252349853516,1006.994765625,105588.78125,True,True,True,176,0,0,109,178,101,2026-10-03T16:42:31.015934+07:00,289.0446507250008,0.185831397999209,OK,,True,2026-10-03T16:42:31.201776+07:00,289.2304904190005,0.03296904899980291,OK,,True,1580,0.1975,,2026-10-03T16:42:31.234745+07:00,289.26346228200055,0.032825493999553146,OK,,True,2789,0.348625,
ab14be9977d645198f54717810b879c8,291,2026-10-03T16:42:32.015858+07:00,290.0445614240007,290.0445614240007,MONITOR,290.19549245300004,1.0000221240006795,0.26117296099982923,0.00014554800054611405,DISABLED,on,user_reported,36.990966796875,53.86714553833008,1006.94578125,105654.1484375,True,True,True,176,0,0,109,178,101,2026-10-03T16:42:32.015953+07:00,290.0446706640005,0.19061669500024436,OK,,True,2026-10-03T16:42:32.206594+07:00,290.235303767,0.035787471000730875,OK,,True,1590,0.19875,,2026-10-03T16:42:32.242390+07:00,290.2711017750007,0.03461629499997798,OK,,True,2804,0.35050000000000003,
ab14be9977d645198f54717810b879c8,292,2026-10-03T16:42:33.015944+07:00,291.04464514100073,291.04464514100073,MONITOR,291.1955761700001,1.0000837170000523,0.25286018999941007,0.00022926500059838872,DISABLED,on,user_reported,36.98714065551758,53.8665885925293,1006.980859375,105458.2890625,True,True,True,176,0,0,109,178,101,2026-10-03T16:42:33.016066+07:00,291.04478275100064,0.18662426299943036,OK,,True,2026-10-03T16:42:33.202702+07:00,291.2314161250006,0.03325156400023843,OK,,True,1583,0.197875,,2026-10-03T16:42:33.235954+07:00,291.2646708560005,0.03282634599963785,OK,,True,2787,0.348375,
ab14be9977d645198f54717810b879c8,293,2026-10-03T16:42:34.015792+07:00,292.04450124899995,292.04450124899995,MONITOR,292.1954322779993,0.9998561079992214,0.2517509400004201,8.53729998198105e-05,DISABLED,on,user_reported,36.98267364501953,53.87229537963867,1006.959765625,106246.109375,True,True,True,176,0,0,109,178,101,2026-10-03T16:42:34.015869+07:00,292.04458663700007,0.18582012100068823,OK,,True,2026-10-03T16:42:34.201702+07:00,292.23041511000065,0.033001195999531774,OK,,True,1588,0.1985,,2026-10-03T16:42:34.234702+07:00,292.26341888000024,0.03282504900016647,OK,,True,2787,0.348375,
ab14be9977d645198f54717810b879c8,294,2026-10-03T16:42:35.019072+07:00,293.04778011000053,293.04778011000053,MONITOR,293.1987111389999,1.003278861000581,0.25169823600026575,0.0033642340004007565,DISABLED,on,user_reported,36.985225677490234,53.87267303466797,1007.018671875,105458.2890625,True,True,True,176,0,0,109,178,101,2026-10-03T16:42:35.019146+07:00,293.0478639790008,0.18583139899965317,OK,,True,2026-10-03T16:42:35.204990+07:00,293.2337037110001,0.03296788199986622,OK,,True,1577,0.197125,,2026-10-03T16:42:35.237959+07:00,293.2666751300003,0.03279490099976101,OK,,True,2790,0.34875,
ab14be9977d645198f54717810b879c8,295,2026-10-03T16:42:36.015848+07:00,294.0445525940004,294.0445525940004,MONITOR,294.19548362299975,0.9967724839998482,0.2518169949998992,0.00013671800024894765,DISABLED,on,user_reported,36.97948455810547,53.87818908691406,1006.975078125,105393.1640625,True,True,True,176,0,0,109,178,101,2026-10-03T16:42:36.015939+07:00,294.0446564820004,0.18583960300020408,OK,,True,2026-10-03T16:42:36.201790+07:00,294.23050397299994,0.03295743800026685,OK,,True,1577,0.197125,,2026-10-03T16:42:36.234748+07:00,294.2634648000003,0.0328956230005133,OK,,True,2785,0.348125,
ab14be9977d645198f54717810b879c8,296,2026-10-03T16:42:37.015867+07:00,295.04457164700034,295.04457164700034,MONITOR,295.1955026759997,1.00001905299996,0.25193369899989193,0.0001557710002089152,DISABLED,on,user_reported,36.98012161254883,53.891014099121094,1006.921328125,105458.2890625,True,True,True,176,0,0,109,178,101,2026-10-03T16:42:37.015951+07:00,295.0446674620007,0.18584350899982383,OK,,True,2026-10-03T16:42:37.201806+07:00,295.2305188420005,0.03313732500009792,OK,,True,1585,0.198125,,2026-10-03T16:42:37.234946+07:00,295.26366083300036,0.032834605000061856,OK,,True,2790,0.34875,
ab14be9977d645198f54717810b879c8,297,2026-10-03T16:42:38.015831+07:00,296.04453583100076,296.04453583100076,MONITOR,296.1954668600001,0.9999641840004188,0.26158460799979366,0.0001199550006276695,DISABLED,on,user_reported,36.977569580078125,53.89063262939453,1006.9171875,105654.1484375,True,True,True,176,0,0,109,178,101,2026-10-03T16:42:38.015917+07:00,296.0446351090004,0.1906207510000968,OK,,True,2026-10-03T16:42:38.206562+07:00,296.235272508,0.035424216000137676,OK,,True,1576,0.197,,2026-10-03T16:42:38.241992+07:00,296.2707052420001,0.035394660000747535,OK,,True,2799,0.349875,
ab14be9977d645198f54717810b879c8,298,2026-10-03T16:42:39.015870+07:00,297.04456936800034,297.04456936800034,MONITOR,297.1955003969997,1.000033536999581,0.2532441880002807,0.00015349200020864373,DISABLED,on,user_reported,36.966087341308594,53.888946533203125,1006.9671875,105850.734375,True,True,True,176,0,0,109,178,101,2026-10-03T16:42:39.016016+07:00,297.044731811,0.18699140900025668,OK,,True,2026-10-03T16:42:39.203018+07:00,297.23173162700004,0.03324050900027942,OK,,True,1579,0.197375,,2026-10-03T16:42:39.236258+07:00,297.2649754140002,0.03282988299997669,OK,,True,2786,0.34825,
ab14be9977d645198f54717810b879c8,299,2026-10-03T16:42:40.015794+07:00,298.04450281200025,298.04450281200025,MONITOR,298.1954338409996,0.9999334439999075,0.2517737930002113,8.693600011611125e-05,DISABLED,on,user_reported,36.9743766784668,53.90290069580078,1006.966875,105393.1640625,True,True,True,176,0,0,109,178,101,2026-10-03T16:42:40.015868+07:00,298.0445860710006,0.1858375289994001,OK,,True,2026-10-03T16:42:40.201719+07:00,298.2304317850003,0.032987567000418494,OK,,True,1581,0.197625,,2026-10-03T16:42:40.234706+07:00,298.26342279600067,0.032844826999280485,OK,,True,2787,0.348375,
ab14be9977d645198f54717810b879c8,300,2026-10-03T16:42:41.015800+07:00,299.04450579400054,299.04450579400054,MONITOR,299.1954368229999,1.0000029820002965,0.25187142199956725,8.991800041258102e-05,DISABLED,on,user_reported,36.976295471191406,53.903175354003906,1006.9153125,105654.1484375,True,True,True,176,0,0,109,178,101,2026-10-03T16:42:41.015884+07:00,299.0446011640006,0.18584562100022595,OK,,True,2026-10-03T16:42:41.201742+07:00,299.2304557110001,0.03305873299996165,OK,,True,1581,0.197625,,2026-10-03T16:42:41.234802+07:00,299.2635179810004,0.03285073499955615,OK,,True,2783,0.347875,
ab14be9977d645198f54717810b879c8,301,2026-10-03T16:42:42.015800+07:00,300.04450627700044,300.04450627700044,MONITOR,300.1954373059998,1.0000004829998943,0.2519957909998993,9.040100030688336e-05,DISABLED,on,user_reported,36.96799850463867,53.91468811035156,1006.91546875,105785.125,True,True,True,176,0,0,109,178,101,2026-10-03T16:42:42.015882+07:00,300.0445992950008,0.1858456029995068,OK,,True,2026-10-03T16:42:42.201741+07:00,300.23045460200046,0.03315400999963458,OK,,True,1568,0.196,,2026-10-03T16:42:42.234899+07:00,300.26361331499993,0.0328787350008497,OK,,True,2790,0.34875,
ab14be9977d645198f54717810b879c8,302,2026-10-03T16:42:43.015800+07:00,301.0445067970004,301.0445067970004,MONITOR,301.19543782599976,1.0000005199999578,0.251990644000216,9.092100026464323e-05,DISABLED,on,user_reported,36.96736145019531,53.920963287353516,1006.914453125,105458.2890625,True,True,True,176,0,0,109,178,101,2026-10-03T16:42:43.015879+07:00,301.04459616700024,0.1858286960004989,OK,,True,2026-10-03T16:42:43.201720+07:00,301.23043330700057,0.03318086199942627,OK,,True,1575,0.196875,,2026-10-03T16:42:43.234905+07:00,301.26361928000006,0.032869290000235196,OK,,True,2787,0.348375,
ab14be9977d645198f54717810b879c8,303,2026-10-03T16:42:44.015801+07:00,302.0445078370003,302.0445078370003,MONITOR,302.1954388659997,1.0000010399999155,0.2565485349996379,9.196100018016296e-05,DISABLED,on,user_reported,36.96544647216797,53.93341064453125,1006.870234375,106113.9921875,True,True,True,176,0,0,109,178,101,2026-10-03T16:42:44.015882+07:00,302.04459957700055,0.18847499099956622,OK,,True,2026-10-03T16:42:44.204378+07:00,302.2330884940002,0.03432459400028165,OK,,True,1576,0.197,,2026-10-03T16:42:44.238707+07:00,302.2674198470004,0.03362309899966931,OK,,True,2791,0.348875,
ab14be9977d645198f54717810b879c8,304,2026-10-03T16:42:45.015863+07:00,303.0445598770002,303.0445598770002,MONITOR,303.1954909059996,1.0000520399999004,0.2649057680000624,0.0001440010000806069,DISABLED,on,user_reported,36.969276428222656,53.927608489990234,1006.992734375,105198.2734375,True,True,True,176,0,0,109,178,101,2026-10-03T16:42:45.016023+07:00,303.04473870900074,0.19089508399974875,OK,,True,2026-10-03T16:42:45.206938+07:00,303.2356478670008,0.03710290599974542,OK,,True,1585,0.198125,,2026-10-03T16:42:45.244049+07:00,303.27276018000066,0.03668855799969606,OK,,True,2786,0.34825,
ab14be9977d645198f54717810b879c8,305,2026-10-03T16:42:46.015846+07:00,304.04454827000063,304.04454827000063,MONITOR,304.195479299,0.9999883930004216,0.25879896199967334,0.00013239400050224504,DISABLED,on,user_reported,36.97565460205078,53.9412841796875,1007.030625,105785.125,True,True,True,176,0,0,109,178,101,2026-10-03T16:42:46.015960+07:00,304.04467665800075,0.19085815799917327,OK,,True,2026-10-03T16:42:46.206842+07:00,304.23555166799997,0.034862627000620705,OK,,True,1581,0.197625,,2026-10-03T16:42:46.241707+07:00,304.2704196090008,0.03291840099973342,OK,,True,2782,0.34775,
ab14be9977d645198f54717810b879c8,306,2026-10-03T16:42:47.015847+07:00,305.044553533,305.044553533,MONITOR,305.19548456199936,1.000005262999366,0.25404227700073534,0.0001376569998683408,DISABLED,on,user_reported,36.97310256958008,53.934539794921875,1007.0059375,105785.125,True,True,True,176,0,0,109,178,101,2026-10-03T16:42:47.015928+07:00,305.04464551399997,0.18584604800071247,OK,,True,2026-10-03T16:42:47.201789+07:00,305.2305012659999,0.03500873700068041,OK,,True,1566,0.19575,,2026-10-03T16:42:47.236801+07:00,305.2655147250007,0.033070565999878454,OK,,True,2781,0.347625,
ab14be9977d645198f54717810b879c8,307,2026-10-03T16:42:48.015837+07:00,306.04454179799995,306.04454179799995,MONITOR,306.1954728269993,0.9999882649999563,0.25271067500034405,0.0001259219998246408,DISABLED,on,user_reported,36.96799850463867,53.93379211425781,1007.00453125,105393.1640625,True,True,True,176,0,0,109,178,101,2026-10-03T16:42:48.015923+07:00,306.04464048200043,0.18594791800023813,OK,,True,2026-10-03T16:42:48.201884+07:00,306.2305971960004,0.033473286000116786,OK,,True,1573,0.196625,,2026-10-03T16:42:48.235362+07:00,306.26407592600026,0.03316376900056639,OK,,True,2779,0.347375,
ab14be9977d645198f54717810b879c8,308,2026-10-03T16:42:49.015799+07:00,307.04450626700054,307.04450626700054,MONITOR,307.1954372959999,0.999964469000588,0.25265397200018924,9.039100041263737e-05,DISABLED,on,user_reported,36.962894439697266,53.94576644897461,1007.003046875,106048.0546875,True,True,True,176,0,0,109,178,101,2026-10-03T16:42:49.015873+07:00,307.04459108100036,0.1858924369998931,OK,,True,2026-10-03T16:42:49.201780+07:00,307.23049342500053,0.03357308100021328,OK,,True,1578,0.19725,,2026-10-03T16:42:49.235358+07:00,307.2640715430007,0.033076400000027206,OK,,True,2787,0.348375,
ab14be9977d645198f54717810b879c8,309,2026-10-03T16:42:50.015798+07:00,308.04450573600025,308.04450573600025,MONITOR,308.1954367649996,0.9999994689997038,0.2525463250003668,8.986000011645956e-05,DISABLED,on,user_reported,36.955238342285156,53.95737838745117,1006.963203125,105393.1640625,True,True,True,176,0,0,109,178,101,2026-10-03T16:42:50.015877+07:00,308.04459432800013,0.18582080800024414,OK,,True,2026-10-03T16:42:50.201907+07:00,308.230620671,0.03354789700006222,OK,,True,1565,0.195625,,2026-10-03T16:42:50.235460+07:00,308.2641741790003,0.03286843800015049,OK,,True,2791,0.348875,
ab14be9977d645198f54717810b879c8,310,2026-10-03T16:42:51.015807+07:00,309.0445123170002,309.0445123170002,MONITOR,309.1954433459996,1.0000065809999796,0.25668494300043676,9.644100009609247e-05,DISABLED,on,user_reported,36.9597053527832,53.958030700683594,1006.94984375,105328.125,True,True,True,176,0,0,109,178,101,2026-10-03T16:42:51.015893+07:00,309.0446101870002,0.18606937999993534,OK,,True,2026-10-03T16:42:51.201977+07:00,309.2306901970005,0.034955367000293336,OK,,True,1590,0.19875,,2026-10-03T16:42:51.236948+07:00,309.265658841,0.03551886300010665,OK,,True,2802,0.35025,
ab14be9977d645198f54717810b879c8,311,2026-10-03T16:42:52.015863+07:00,310.0445603240005,310.0445603240005,MONITOR,310.19549135299985,1.0000480070002595,0.26591603999986546,0.00014444800035562366,DISABLED,on,user_reported,36.96034240722656,53.964500427246094,1006.909921875,105004.1015625,True,True,True,176,0,0,109,178,101,2026-10-03T16:42:52.016015+07:00,310.04473145300017,0.19463025999993988,OK,,True,2026-10-03T16:42:52.210666+07:00,310.2393759910001,0.03524538300007407,OK,,True,1593,0.199125,,2026-10-03T16:42:52.245923+07:00,310.2746339670002,0.035824137999952654,OK,,True,2788,0.34850000000000003,
ab14be9977d645198f54717810b879c8,312,2026-10-03T16:42:53.015861+07:00,311.0445609620001,311.0445609620001,MONITOR,311.19549199099947,1.0000006379996194,0.26501241799996933,0.00014508599997498095,DISABLED,on,user_reported,36.96097946166992,53.97095489501953,1006.979296875,105719.59375,True,True,True,176,0,0,109,178,101,2026-10-03T16:42:53.015999+07:00,311.044715387,0.19347371399999247,OK,,True,2026-10-03T16:42:53.209496+07:00,311.2382049710004,0.03459670299980644,OK,,True,1583,0.197875,,2026-10-03T16:42:53.244099+07:00,311.27281039600075,0.036740038999596436,OK,,True,2783,0.347875,
ab14be9977d645198f54717810b879c8,313,2026-10-03T16:42:54.015816+07:00,312.0445215640002,312.0445215640002,MONITOR,312.1954525929996,0.9999606020001011,0.25230371700035903,0.00010568800007604295,DISABLED,on,user_reported,36.962894439697266,53.98397445678711,1006.94140625,105263.15625,True,True,True,176,0,0,109,178,101,2026-10-03T16:42:54.015899+07:00,312.0446163780007,0.185836141999971,OK,,True,2026-10-03T16:42:54.201746+07:00,312.230460279,0.03317100999993272,OK,,True,1576,0.197,,2026-10-03T16:42:54.234921+07:00,312.263635585,0.03317676999995456,OK,,True,2783,0.347875,
ab14be9977d645198f54717810b879c8,314,2026-10-03T16:42:55.015799+07:00,313.0445064810001,313.0445064810001,MONITOR,313.19543750999946,0.9999849169998924,0.254306665000513,9.060499996849103e-05,DISABLED,on,user_reported,36.96034240722656,53.977237701416016,1006.9371875,105785.125,True,True,True,176,0,0,109,178,101,2026-10-03T16:42:55.015875+07:00,313.0445927950004,0.186924282000291,OK,,True,2026-10-03T16:42:55.202810+07:00,313.23152400300023,0.03411018800034071,OK,,True,1580,0.1975,,2026-10-03T16:42:55.236924+07:00,313.26563861700015,0.03315925100014283,OK,,True,2779,0.347375,
ab14be9977d645198f54717810b879c8,315,2026-10-03T16:42:56.015864+07:00,314.0445685470004,314.0445685470004,MONITOR,314.19549957599975,1.0000620660002824,0.2552651389996754,0.000152671000250848,DISABLED,on,user_reported,36.95842742919922,53.983314514160156,1006.9409375,105850.734375,True,True,True,176,0,0,109,178,101,2026-10-03T16:42:56.015956+07:00,314.04467311999997,0.1871456870003385,OK,,True,2026-10-03T16:42:56.203118+07:00,314.2318301410005,0.0337119129999337,OK,,True,1566,0.19575,,2026-10-03T16:42:56.236838+07:00,314.2655495910003,0.034272001999852364,OK,,True,2775,0.346875,
ab14be9977d645198f54717810b879c8,316,2026-10-03T16:42:57.015801+07:00,315.04450753900073,315.04450753900073,MONITOR,315.1954385680001,0.9999389920003523,0.25401466799939953,9.166300060314825e-05,DISABLED,on,user_reported,36.96097946166992,54.01553726196289,1006.945078125,105458.2890625,True,True,True,176,0,0,109,178,101,2026-10-03T16:42:57.015878+07:00,315.0445959280005,0.18587452999963716,OK,,True,2026-10-03T16:42:57.201767+07:00,315.2304806430002,0.033926912000424636,OK,,True,1564,0.1955,,2026-10-03T16:42:57.235700+07:00,315.26441361100024,0.034092484999746375,OK,,True,2769,0.346125,
ab14be9977d645198f54717810b879c8,317,2026-10-03T16:42:58.015803+07:00,316.0445107170008,316.0445107170008,MONITOR,316.19544174600014,1.0000031780000427,0.25643279799987795,9.48410006458289e-05,DISABLED,on,user_reported,36.95396041870117,54.01449966430664,1006.913203125,105523.4921875,True,True,True,176,0,0,109,178,101,2026-10-03T16:42:58.015877+07:00,316.04459392100034,0.18663867299983394,OK,,True,2026-10-03T16:42:58.202524+07:00,316.2312378710003,0.03435713100043358,OK,,True,1582,0.19775,,2026-10-03T16:42:58.236889+07:00,316.2656020760005,0.03532599400023173,OK,,True,2768,0.34600000000000003,
ab14be9977d645198f54717810b879c8,318,2026-10-03T16:42:59.015840+07:00,317.04453735900006,317.04453735900006,MONITOR,317.1954683879994,1.000026641999284,0.26671544300006644,0.00012148299992986722,DISABLED,on,user_reported,36.95842742919922,54.015159606933594,1006.899921875,105523.4921875,True,True,True,176,0,0,109,178,101,2026-10-03T16:42:59.015993+07:00,317.04470909800057,0.19175907999942865,OK,,True,2026-10-03T16:42:59.207773+07:00,317.23648319600034,0.03709583300042141,OK,,True,1584,0.198,,2026-10-03T16:42:59.244881+07:00,317.2735907140004,0.03763729099955526,OK,,True,2786,0.34825,
ab14be9977d645198f54717810b879c8,319,2026-10-03T16:43:00.015811+07:00,318.0445180760007,318.0445180760007,MONITOR,318.1954491050001,0.9999807170006534,0.2519598680000854,0.0001022000005832524,DISABLED,on,user_reported,36.95332336425781,54.027156829833984,1006.9121875,105523.4921875,True,True,True,176,0,0,109,178,101,2026-10-03T16:43:00.015892+07:00,318.0446096860005,0.18580451300022105,OK,,True,2026-10-03T16:43:00.201706+07:00,318.2304211620003,0.03282275400033541,OK,,True,1573,0.196625,,2026-10-03T16:43:00.234535+07:00,318.26324928600025,0.03321778800000175,OK,,True,2775,0.346875,
ab14be9977d645198f54717810b879c8,320,2026-10-03T16:43:01.015801+07:00,319.0445068300005,319.0445068300005,MONITOR,319.19543785899987,0.9999887539997871,0.256170411000312,9.095400037040235e-05,DISABLED,on,user_reported,36.955875396728516,54.02116012573242,1006.902578125,105588.78125,True,True,True,176,0,0,109,178,101,2026-10-03T16:43:01.015882+07:00,319.04459968100036,0.18582295699980023,OK,,True,2026-10-03T16:43:01.201717+07:00,319.23043069400046,0.03534423499968398,OK,,True,1570,0.19625,,2026-10-03T16:43:01.237065+07:00,319.26577989199995,0.034884182000496367,OK,,True,2765,0.345625,
ab14be9977d645198f54717810b879c8,321,2026-10-03T16:43:02.015802+07:00,320.04450858400014,320.04450858400014,MONITOR,320.1954396129995,1.0000017539996406,0.2570488680003109,9.270800001104362e-05,DISABLED,on,user_reported,36.95332336425781,54.027156829833984,1007.09015625,105588.78125,True,True,True,176,0,0,109,178,101,2026-10-03T16:43:02.015883+07:00,320.04460025000026,0.18581071700009488,OK,,True,2026-10-03T16:43:02.201704+07:00,320.2304175600002,0.033416268000109994,OK,,True,1587,0.198375,,2026-10-03T16:43:02.235125+07:00,320.26383938300023,0.03769851400011248,OK,,True,2781,0.347625,
ab14be9977d645198f54717810b879c8,322,2026-10-03T16:43:03.015814+07:00,321.04452089500046,321.04452089500046,MONITOR,321.1954519239998,1.0000123110003187,0.25198683199960215,0.00010501900032977574,DISABLED,on,user_reported,36.94949722290039,54.020206451416016,1007.036015625,105719.59375,True,True,True,176,0,0,109,178,101,2026-10-03T16:43:03.015891+07:00,321.04460850600026,0.185802920000242,OK,,True,2026-10-03T16:43:03.201704+07:00,321.23041820400067,0.0329673449996335,OK,,True,1582,0.19775,,2026-10-03T16:43:03.234671+07:00,321.2633886420008,0.0331041589997767,OK,,True,2781,0.347625,
ab14be9977d645198f54717810b879c8,323,2026-10-03T16:43:04.015800+07:00,322.0445063920006,322.0445063920006,MONITOR,322.19543742099995,0.9999854970001252,0.25260149399946386,9.051600045495434e-05,DISABLED,on,user_reported,36.94438934326172,54.03857421875,1007.034609375,105785.125,True,True,True,176,0,0,109,178,101,2026-10-03T16:43:04.015877+07:00,322.0445944660005,0.18581099399943923,OK,,True,2026-10-03T16:43:04.201698+07:00,322.23041266400014,0.03295540100043581,OK,,True,1577,0.197125,,2026-10-03T16:43:04.234654+07:00,322.26337091700043,0.033724191000146675,OK,,True,2779,0.347375,
ab14be9977d645198f54717810b879c8,324,2026-10-03T16:43:05.015865+07:00,323.04456218500036,323.04456218500036,MONITOR,323.1954932139997,1.000055792999774,0.26300930500019604,0.0001463090002289391,DISABLED,on,user_reported,36.94247817993164,54.05739212036133,1006.97671875,105393.1640625,True,True,True,176,0,0,109,178,101,2026-10-03T16:43:05.016020+07:00,323.044735554,0.19178406200080644,OK,,True,2026-10-03T16:43:05.207825+07:00,323.23653528200066,0.0353927529995417,OK,,True,1581,0.197625,,2026-10-03T16:43:05.243221+07:00,323.2719359060002,0.035611195000456064,OK,,True,2786,0.34825,
ab14be9977d645198f54717810b879c8,325,2026-10-03T16:43:06.016084+07:00,324.04478351500074,324.04478351500074,MONITOR,324.1957145440001,1.000221330000386,0.25329117399996903,0.0003676390006148722,DISABLED,on,user_reported,36.941200256347656,54.076324462890625,1006.995390625,106180.0078125,True,True,True,176,0,0,109,178,101,2026-10-03T16:43:06.016342+07:00,324.04505825400065,0.18636032399990654,OK,,True,2026-10-03T16:43:06.202714+07:00,324.2314275410008,0.03303064099964104,OK,,True,1581,0.197625,,2026-10-03T16:43:06.235748+07:00,324.2644628120006,0.03359824800008937,OK,,True,2784,0.34800000000000003,
ab14be9977d645198f54717810b879c8,326,2026-10-03T16:43:07.015804+07:00,325.0445113300002,325.0445113300002,MONITOR,325.19544235899957,0.99972781499946,0.2517953900005523,9.545400007482385e-05,DISABLED,on,user_reported,36.943115234375,54.08297348022461,1007.005234375,105654.1484375,True,True,True,176,0,0,109,178,101,2026-10-03T16:43:07.015882+07:00,325.0445995710006,0.1858078649993331,OK,,True,2026-10-03T16:43:07.201700+07:00,325.23041510300027,0.03306214100030047,OK,,True,1579,0.197375,,2026-10-03T16:43:07.234768+07:00,325.2634818360002,0.032816253999953915,OK,,True,2788,0.34850000000000003,
ab14be9977d645198f54717810b879c8,327,2026-10-03T16:43:08.015797+07:00,326.04450438500044,326.04450438500044,MONITOR,326.1954354139998,0.9999930550002318,0.25169644600009633,8.850900030665798e-05,DISABLED,on,user_reported,36.93737030029297,54.088497161865234,1006.982265625,105785.125,True,True,True,176,0,0,109,178,101,2026-10-03T16:43:08.015871+07:00,326.04458912500013,0.18581801400068798,OK,,True,2026-10-03T16:43:08.201700+07:00,326.23041423199993,0.03295080800035066,OK,,True,1576,0.197,,2026-10-03T16:43:08.234651+07:00,326.26336813300077,0.03282408699942607,OK,,True,2781,0.347625,
ab14be9977d645198f54717810b879c8,328,2026-10-03T16:43:09.015797+07:00,327.0445037740001,327.0445037740001,MONITOR,327.19543480299944,0.9999993889996404,0.25169496400030766,8.789799994701752e-05,DISABLED,on,user_reported,36.93928909301758,54.088783264160156,1006.957890625,105982.1953125,True,True,True,176,0,0,109,178,101,2026-10-03T16:43:09.015874+07:00,327.044591459,0.1858130690006874,OK,,True,2026-10-03T16:43:09.201697+07:00,327.23041182399993,0.032958882999992056,OK,,True,1567,0.195875,,2026-10-03T16:43:09.234656+07:00,327.2633734660003,0.03281699499984825,OK,,True,2778,0.34725,
ab14be9977d645198f54717810b879c8,329,2026-10-03T16:43:10.015796+07:00,328.04450362600073,328.04450362600073,MONITOR,328.1954346550001,0.9999998520006557,0.25164470599975175,8.775000060268212e-05,DISABLED,on,user_reported,36.938011169433594,54.094970703125,1006.9284375,105719.59375,True,True,True,176,0,0,109,178,101,2026-10-03T16:43:10.015870+07:00,328.04458779200013,0.1858140510003068,OK,,True,2026-10-03T16:43:10.201695+07:00,328.2304091770002,0.032932308000454213,OK,,True,1576,0.197,,2026-10-03T16:43:10.234627+07:00,328.2633441150001,0.03279618000033224,OK,,True,2791,0.348875,
ab14be9977d645198f54717810b879c8,330,2026-10-03T16:43:11.015908+07:00,329.0446063490008,329.0446063490008,MONITOR,329.19553737800015,1.0001027230000545,0.25182305599992105,0.00019047300065722084,DISABLED,on,user_reported,36.93673324584961,54.107521057128906,1006.9675,105588.78125,True,True,True,176,0,0,109,178,101,2026-10-03T16:43:11.016041+07:00,329.0447579030006,0.18586530999982642,OK,,True,2026-10-03T16:43:11.201919+07:00,329.230632713,0.03297260500039556,OK,,True,1579,0.197375,,2026-10-03T16:43:11.234891+07:00,329.26360841099995,0.03281314200012275,OK,,True,2784,0.34800000000000003,
ab14be9977d645198f54717810b879c8,331,2026-10-03T16:43:12.015799+07:00,330.0445051660008,330.0445051660008,MONITOR,330.1954361950002,0.9998988170000302,0.251998925999942,8.929000068746973e-05,DISABLED,on,user_reported,36.934181213378906,54.11351776123047,1006.963203125,105523.4921875,True,True,True,176,0,0,109,178,101,2026-10-03T16:43:12.015881+07:00,330.044598425,0.18581881000045541,OK,,True,2026-10-03T16:43:12.201711+07:00,330.2304244200004,0.03310754799986171,OK,,True,1586,0.19825,,2026-10-03T16:43:12.234823+07:00,330.263537283,0.032956272000774334,OK,,True,2786,0.34825,
ab14be9977d645198f54717810b879c8,332,2026-10-03T16:43:13.015802+07:00,331.04450974300016,331.04450974300016,MONITOR,331.19544077199953,1.0000045769993449,0.25168416799988336,9.386700003233273e-05,DISABLED,on,user_reported,36.93609619140625,54.11380386352539,1006.986953125,105850.734375,True,True,True,176,0,0,109,178,101,2026-10-03T16:43:13.015874+07:00,331.0445915570008,0.1858208289995673,OK,,True,2026-10-03T16:43:13.201706+07:00,331.23042033,0.03295023500049865,OK,,True,1576,0.197,,2026-10-03T16:43:13.234656+07:00,331.26337337900077,0.03281216199957271,OK,,True,2779,0.347375,
ab14be9977d645198f54717810b879c8,333,2026-10-03T16:43:14.015797+07:00,332.0445044120006,332.0445044120006,MONITOR,332.195435441,0.9999946690004435,0.2517397430001438,8.853600047586951e-05,DISABLED,on,user_reported,36.938011169433594,54.12045669555664,1006.901015625,105328.125,True,True,True,176,0,0,109,178,101,2026-10-03T16:43:14.015869+07:00,332.0445868370007,0.18582503299967357,OK,,True,2026-10-03T16:43:14.201705+07:00,332.2304197220001,0.032973697000670654,OK,,True,1581,0.197625,,2026-10-03T16:43:14.234679+07:00,332.26339630800067,0.03283884699976625,OK,,True,2784,0.34800000000000003,
ab14be9977d645198f54717810b879c8,334,2026-10-03T16:43:15.015790+07:00,333.04449852700054,333.04449852700054,MONITOR,333.1954295559999,0.9999941149999358,0.25173370499942394,8.265100041171536e-05,DISABLED,on,user_reported,36.93163299560547,54.113136291503906,1006.959140625,105654.1484375,True,True,True,176,0,0,109,178,101,2026-10-03T16:43:15.015860+07:00,333.04457732300034,0.18581525500030693,OK,,True,2026-10-03T16:43:15.201685+07:00,333.23039917000006,0.03297503100020549,OK,,True,1574,0.19675,,2026-10-03T16:43:15.234660+07:00,333.26337731200056,0.032846827999492234,OK,,True,2783,0.347875,
ab14be9977d645198f54717810b879c8,335,2026-10-03T16:43:16.015862+07:00,334.044566216,334.044566216,MONITOR,334.1954972449994,1.0000676889994793,0.26307512000039424,0.00015033999989100266,DISABLED,on,user_reported,36.938011169433594,54.12045669555664,1006.9353125,105198.2734375,True,True,True,176,0,0,109,178,101,2026-10-03T16:43:16.015955+07:00,334.04467260399997,0.19077640300019993,OK,,True,2026-10-03T16:43:16.206756+07:00,334.2354648220007,0.03628070899958402,OK,,True,1573,0.196625,,2026-10-03T16:43:16.243047+07:00,334.2717568650005,0.03587102700021205,OK,,True,2781,0.347625,
ab14be9977d645198f54717810b879c8,336,2026-10-03T16:43:17.015835+07:00,335.0445403870008,335.0445403870008,MONITOR,335.19547141600015,0.9999741710007584,0.2519549639991965,0.00012451100064936327,DISABLED,on,user_reported,36.93163299560547,54.10676574707031,1006.94546875,105588.78125,True,True,True,176,0,0,109,178,101,2026-10-03T16:43:17.015922+07:00,335.0446393310003,0.18582144100037112,OK,,True,2026-10-03T16:43:17.201754+07:00,335.2304682900003,0.03311178900003142,OK,,True,1583,0.197875,,2026-10-03T16:43:17.234870+07:00,335.26358513500054,0.03290034600013314,OK,,True,2785,0.348125,
ab14be9977d645198f54717810b879c8,337,2026-10-03T16:43:18.015794+07:00,336.04450272600025,336.04450272600025,MONITOR,336.1954337549996,0.9999623389994667,0.25173752099999547,8.6850000116101e-05,DISABLED,on,user_reported,36.929080963134766,54.112762451171875,1006.920859375,106312.2890625,True,True,True,176,0,0,109,178,101,2026-10-03T16:43:18.015865+07:00,336.04458272600004,0.18581645900030708,OK,,True,2026-10-03T16:43:18.201692+07:00,336.23040620400025,0.032977955999740516,OK,,True,1577,0.197125,,2026-10-03T16:43:18.234671+07:00,336.2633871600001,0.03284484699997847,OK,,True,2782,0.34775,
ab14be9977d645198f54717810b879c8,338,2026-10-03T16:43:19.015797+07:00,337.0445052510004,337.0445052510004,MONITOR,337.19543627999974,1.0000025250001272,0.25176215000010416,8.937500024330802e-05,DISABLED,on,user_reported,36.92588806152344,54.086795806884766,1007.06625,105458.2890625,True,True,True,176,0,0,109,178,101,2026-10-03T16:43:19.015866+07:00,337.04458258400064,0.1858324029999494,OK,,True,2026-10-03T16:43:19.201708+07:00,337.23042204300054,0.03298891899976297,OK,,True,1579,0.197375,,2026-10-03T16:43:19.234697+07:00,337.26341379600035,0.03284529099983047,OK,,True,2778,0.34725,
ab14be9977d645198f54717810b879c8,339,2026-10-03T16:43:20.015803+07:00,338.04450914600056,338.04450914600056,MONITOR,338.19544017499993,1.0000038950001908,0.2517128919998868,9.327000043413136e-05,DISABLED,on,user_reported,36.92461395263672,54.1057243347168,1007.05734375,105654.1484375,True,True,True,176,0,0,109,178,101,2026-10-03T16:43:20.015881+07:00,338.04459905300064,0.18582014499952493,OK,,True,2026-10-03T16:43:20.201713+07:00,338.2304271610001,0.03296025300005567,OK,,True,1582,0.19775,,2026-10-03T16:43:20.234673+07:00,338.2633902100006,0.03282355000010284,OK,,True,2784,0.34800000000000003,
ab14be9977d645198f54717810b879c8,340,2026-10-03T16:43:21.015797+07:00,339.0445036910005,339.0445036910005,MONITOR,339.19543471999987,0.9999945449999359,0.25265251400014677,8.781500037002843e-05,DISABLED,on,user_reported,36.92078399658203,54.11791229248047,1007.044296875,105654.1484375,True,True,True,176,0,0,109,178,101,2026-10-03T16:43:21.015874+07:00,339.0445914490001,0.18582510800024465,OK,,True,2026-10-03T16:43:21.201712+07:00,339.2304251680007,0.03390176499942754,OK,,True,1583,0.197875,,2026-10-03T16:43:21.235621+07:00,339.26433382100004,0.032809755000016594,OK,,True,2767,0.345875,
ab14be9977d645198f54717810b879c8,341,2026-10-03T16:43:22.015854+07:00,340.04455162400063,340.04455162400063,MONITOR,340.195482653,1.0000479330001326,0.26211855499968806,0.00013574800050264457,DISABLED,on,user_reported,36.915042877197266,54.091575622558594,1006.9803125,105719.59375,True,True,True,176,0,0,109,178,101,2026-10-03T16:43:22.016007+07:00,340.04472301200076,0.19177098899945122,OK,,True,2026-10-03T16:43:22.207797+07:00,340.2365081120006,0.0358381019996159,OK,,True,1572,0.1965,,2026-10-03T16:43:22.243646+07:00,340.27235697300057,0.034295149999707064,OK,,True,2794,0.34925,
ab14be9977d645198f54717810b879c8,342,2026-10-03T16:43:23.015812+07:00,341.0445178550008,341.0445178550008,MONITOR,341.19544888400014,0.999966231000144,0.2517183549998663,0.0001019790006466792,DISABLED,on,user_reported,36.91823196411133,54.10478973388672,1007.01953125,105654.1484375,True,True,True,176,0,0,109,178,101,2026-10-03T16:43:23.015891+07:00,341.04460892800034,0.18582016399977874,OK,,True,2026-10-03T16:43:23.201722+07:00,341.2304365730006,0.032963660999485,OK,,True,1576,0.197,,2026-10-03T16:43:23.234687+07:00,341.26340351100043,0.03282421800031443,OK,,True,2779,0.347375,
ab14be9977d645198f54717810b879c8,343,2026-10-03T16:43:24.015793+07:00,342.04450242000075,342.04450242000075,MONITOR,342.1954334490001,0.999984564999977,0.25166294799964817,8.65440006236895e-05,DISABLED,on,user_reported,36.911216735839844,54.1101188659668,1007.015078125,105198.2734375,True,True,True,176,0,0,109,178,101,2026-10-03T16:43:24.015859+07:00,342.04457610400004,0.18581827500020154,OK,,True,2026-10-03T16:43:24.201686+07:00,342.23040106400003,0.03293736500017985,OK,,True,1573,0.196625,,2026-10-03T16:43:24.234624+07:00,342.26334122500066,0.03281636500014429,OK,,True,2783,0.347875,
ab14be9977d645198f54717810b879c8,344,2026-10-03T16:43:25.015789+07:00,343.04449722500067,343.04449722500067,MONITOR,343.19542825400003,0.9999948049999148,0.25169644899960986,8.13490005384665e-05,DISABLED,on,user_reported,36.915679931640625,54.11715316772461,1006.96078125,105916.421875,True,True,True,176,0,0,109,178,101,2026-10-03T16:43:25.015853+07:00,343.0445710210006,0.18582427499950427,OK,,True,2026-10-03T16:43:25.201687+07:00,343.23040227799993,0.032950086000710144,OK,,True,1572,0.1965,,2026-10-03T16:43:25.234638+07:00,343.26335530899996,0.03283040200039977,OK,,True,2784,0.34800000000000003,
ab14be9977d645198f54717810b879c8,345,2026-10-03T16:43:26.015789+07:00,344.04449801400006,344.04449801400006,MONITOR,344.1954290429994,1.0000007889993867,0.25284056899999996,8.213799992518034e-05,DISABLED,on,user_reported,36.911216735839844,54.12286376953125,1006.939765625,106180.0078125,True,True,True,176,0,0,109,178,101,2026-10-03T16:43:26.015856+07:00,344.0445735130006,0.18583596000007674,OK,,True,2026-10-03T16:43:26.201704+07:00,344.2304177880005,0.03299404900008085,OK,,True,1571,0.196375,,2026-10-03T16:43:26.234699+07:00,344.2634155960004,0.0339030429995546,OK,,True,2779,0.347375,
ab14be9977d645198f54717810b879c8,346,2026-10-03T16:43:27.015802+07:00,345.0445109500006,345.0445109500006,MONITOR,345.19544197899995,1.0000129360005303,0.25200061299983645,9.50740004554973e-05,DISABLED,on,user_reported,36.916316986083984,54.12999725341797,1006.98234375,105785.125,True,True,True,176,0,0,109,178,101,2026-10-03T16:43:27.015869+07:00,345.04458719000013,0.18582153500028653,OK,,True,2026-10-03T16:43:27.201701+07:00,345.2304157430008,0.03323615899989818,OK,,True,1570,0.19625,,2026-10-03T16:43:27.234943+07:00,345.26365703100055,0.032844661999661184,OK,,True,2784,0.34800000000000003,
ab14be9977d645198f54717810b879c8,347,2026-10-03T16:43:28.015857+07:00,346.0445554800008,346.0445554800008,MONITOR,346.19548650900015,1.0000445300001957,0.26257775599970046,0.00013960400065116119,DISABLED,on,user_reported,36.91823196411133,54.11116027832031,1006.964765625,105719.59375,True,True,True,176,0,0,109,178,101,2026-10-03T16:43:28.015995+07:00,346.04471096,0.19174158300029376,OK,,True,2026-10-03T16:43:28.207756+07:00,346.23646717200063,0.035382623999794305,OK,,True,1569,0.196125,,2026-10-03T16:43:28.243143+07:00,346.2718579070006,0.03525632899982156,OK,,True,2789,0.348625,
ab14be9977d645198f54717810b879c8,348,2026-10-03T16:43:29.015889+07:00,347.0445872320006,347.0445872320006,MONITOR,347.19551826099996,1.0000317519998134,0.26228229600019404,0.0001713560004645842,DISABLED,on,user_reported,36.91823196411133,54.117530822753906,1006.951015625,106048.0546875,True,True,True,176,0,0,109,178,101,2026-10-03T16:43:29.016029+07:00,347.0447445460004,0.19141517800017027,OK,,True,2026-10-03T16:43:29.207466+07:00,347.23617626100076,0.035421493999820086,OK,,True,1575,0.196875,,2026-10-03T16:43:29.242891+07:00,347.2716059210006,0.03524312499939697,OK,,True,2800,0.35000000000000003,
ab14be9977d645198f54717810b879c8,349,2026-10-03T16:43:30.015850+07:00,348.04454607800017,348.04454607800017,MONITOR,348.19547710699953,0.9999588459995721,0.2626789599999029,0.00013020200003666105,DISABLED,on,user_reported,36.921424865722656,54.13075256347656,1006.963203125,106048.0546875,True,True,True,176,0,0,109,178,101,2026-10-03T16:43:30.016007+07:00,348.0447228360008,0.1917475829995965,OK,,True,2026-10-03T16:43:30.207773+07:00,348.23648501200023,0.035407364000093366,OK,,True,1576,0.197,,2026-10-03T16:43:30.243186+07:00,348.2719002470003,0.035308550000081595,OK,,True,2797,0.349625,
ab14be9977d645198f54717810b879c8,350,2026-10-03T16:43:31.015845+07:00,349.04454201800036,349.04454201800036,MONITOR,349.1954730469997,0.9999959400001899,0.2574859420001303,0.00012614200022653677,DISABLED,on,user_reported,36.91376495361328,54.12324523925781,1006.964375,106048.0546875,True,True,True,176,0,0,109,178,101,2026-10-03T16:43:31.016000+07:00,349.04471610900055,0.18726235699978133,OK,,True,2026-10-03T16:43:31.203284+07:00,349.2319946510006,0.035631214999739313,OK,,True,1565,0.195625,,2026-10-03T16:43:31.238921+07:00,349.26763299600043,0.0343844649996754,OK,,True,2770,0.34625,
ab14be9977d645198f54717810b879c8,351,2026-10-03T16:43:32.015795+07:00,350.04450153200014,350.04450153200014,MONITOR,350.1954325609995,0.9999595139997837,0.2519662620006784,8.565600001020357e-05,DISABLED,on,user_reported,36.916316986083984,54.12362289428711,1006.9959375,105982.1953125,True,True,True,176,0,0,109,178,101,2026-10-03T16:43:32.015876+07:00,350.04459360500005,0.18581334999998944,OK,,True,2026-10-03T16:43:32.201699+07:00,350.23041393600033,0.03313597499982279,OK,,True,1570,0.19625,,2026-10-03T16:43:32.234840+07:00,350.26355417000013,0.03290521600047214,OK,,True,2780,0.34750000000000003,
ab14be9977d645198f54717810b879c8,352,2026-10-03T16:43:33.015793+07:00,351.0445006200007,351.0445006200007,MONITOR,351.19543164900006,0.9999990880005498,0.2517615229999137,8.474400056002196e-05,DISABLED,on,user_reported,36.908660888671875,54.12886428833008,1006.935703125,106577.8515625,True,True,True,176,0,0,109,178,101,2026-10-03T16:43:33.015872+07:00,351.04458989700015,0.1858170350005821,OK,,True,2026-10-03T16:43:33.201699+07:00,351.2304137660003,0.032990474999678554,OK,,True,1580,0.1975,,2026-10-03T16:43:33.234691+07:00,351.2634078710007,0.03284562399949209,OK,,True,2779,0.347375,
ab14be9977d645198f54717810b879c8,353,2026-10-03T16:43:34.015801+07:00,352.044507265,352.044507265,MONITOR,352.19543829399936,1.0000066449993028,0.2517508010005258,9.138899986282922e-05,DISABLED,on,user_reported,36.91312789916992,54.129520416259766,1006.970234375,105654.1484375,True,True,True,176,0,0,109,178,101,2026-10-03T16:43:34.015878+07:00,352.044595931,0.1858183310005188,OK,,True,2026-10-03T16:43:34.201706+07:00,352.23042072499993,0.03297686400037492,OK,,True,1573,0.196625,,2026-10-03T16:43:34.234683+07:00,352.26340044100016,0.032849866000105976,OK,,True,2780,0.34750000000000003,
ab14be9977d645198f54717810b879c8,354,2026-10-03T16:43:35.015805+07:00,353.04451163200065,353.04451163200065,MONITOR,353.195442661,1.0000043670006562,0.25180517099943245,9.575600051903166e-05,DISABLED,on,user_reported,36.90993881225586,54.13542175292969,1006.94453125,106577.8515625,True,True,True,176,0,0,109,178,101,2026-10-03T16:43:35.015886+07:00,353.04460396500053,0.18581614599952445,OK,,True,2026-10-03T16:43:35.201713+07:00,353.2304277410003,0.033016123000379594,OK,,True,1567,0.195875,,2026-10-03T16:43:35.234730+07:00,353.2634469750001,0.032860680000339926,OK,,True,2781,0.347625,
ab14be9977d645198f54717810b879c8,355,2026-10-03T16:43:36.015801+07:00,354.04450788900067,354.04450788900067,MONITOR,354.19543891800004,0.9999962570000207,0.26652580199970544,9.201300053973682e-05,DISABLED,on,user_reported,36.90164566040039,54.127830505371094,1007.068046875,106378.5546875,True,True,True,176,0,0,109,178,101,2026-10-03T16:43:36.015881+07:00,354.0445989440004,0.19076964600026258,OK,,True,2026-10-03T16:43:36.206678+07:00,354.23538740500044,0.037853679999898304,OK,,True,1584,0.198,,2026-10-03T16:43:36.244545+07:00,354.2732546770003,0.03775143999973807,OK,,True,2786,0.34825,
ab14be9977d645198f54717810b879c8,356,2026-10-03T16:43:37.015825+07:00,355.0445305350004,355.0445305350004,MONITOR,355.19546156399974,1.0000226459997066,0.25192554099976405,0.00011465900024631992,DISABLED,on,user_reported,36.90355682373047,54.134483337402344,1007.02328125,106113.9921875,True,True,True,176,0,0,109,178,101,2026-10-03T16:43:37.015904+07:00,355.04462136800066,0.18581153499962966,OK,,True,2026-10-03T16:43:37.201725+07:00,355.2304394030007,0.03311988199948246,OK,,True,1585,0.198125,,2026-10-03T16:43:37.234850+07:00,355.26356447000035,0.03288256900032138,OK,,True,2778,0.34725,
ab14be9977d645198f54717810b879c8,357,2026-10-03T16:43:38.015802+07:00,356.0445080900008,356.0445080900008,MONITOR,356.1954391190002,0.9999775550004415,0.2516882459995031,9.221400068781804e-05,DISABLED,on,user_reported,36.908660888671875,54.15435791015625,1007.0178125,106048.0546875,True,True,True,176,0,0,109,178,101,2026-10-03T16:43:38.015881+07:00,356.04459844100074,0.18580659100007324,OK,,True,2026-10-03T16:43:38.201697+07:00,356.23041203200046,0.03295188300035079,OK,,True,1574,0.19675,,2026-10-03T16:43:38.234650+07:00,356.26336676700066,0.03282131000014488,OK,,True,2777,0.347125,
ab14be9977d645198f54717810b879c8,358,2026-10-03T16:43:39.015808+07:00,357.04451499600054,357.04451499600054,MONITOR,357.1954460249999,1.0000069059997259,0.2517264870002691,9.912000041367719e-05,DISABLED,on,user_reported,36.90610885620117,54.16035461425781,1007.034296875,106378.5546875,True,True,True,176,0,0,109,178,101,2026-10-03T16:43:39.015886+07:00,357.04460394000034,0.18581298000026436,OK,,True,2026-10-03T16:43:39.201709+07:00,357.23042379100025,0.03294828999969468,OK,,True,1572,0.1965,,2026-10-03T16:43:39.234658+07:00,357.2633751000003,0.032858198000212724,OK,,True,2778,0.34725,
ab14be9977d645198f54717810b879c8,359,2026-10-03T16:43:40.015802+07:00,358.044508682,358.044508682,MONITOR,358.1954397109994,0.9999936859994705,0.251694413000223,9.280599988414906e-05,DISABLED,on,user_reported,36.908023834228516,54.15426254272461,1007.03046875,106048.0546875,True,True,True,176,0,0,109,178,101,2026-10-03T16:43:40.015880+07:00,358.0445973290007,0.1858158689992706,OK,,True,2026-10-03T16:43:40.201706+07:00,358.23042021700076,0.032949715999166074,OK,,True,1570,0.19625,,2026-10-03T16:43:40.234656+07:00,358.2633731920005,0.03282247700008156,OK,,True,2785,0.348125,
ab14be9977d645198f54717810b879c8,360,2026-10-03T16:43:41.015859+07:00,359.04456266300076,359.04456266300076,MONITOR,359.1954936920001,1.0000539810007467,0.25526257199999236,0.0001467870006308658,DISABLED,on,user_reported,36.90228271484375,54.15341567993164,1007.055390625,106246.109375,True,True,True,176,0,0,109,178,101,2026-10-03T16:43:41.015957+07:00,359.0446740510006,0.18657790099950944,OK,,True,2026-10-03T16:43:41.202552+07:00,359.23126437800056,0.03315536299942323,OK,,True,1570,0.19625,,2026-10-03T16:43:41.235716+07:00,359.264428296,0.03537925399996311,OK,,True,2766,0.34575,
ab14be9977d645198f54717810b879c8,361,2026-10-03T16:43:42.015861+07:00,360.04455760900055,360.04455760900055,MONITOR,360.1954886379999,0.9999949459997879,0.2629417369998919,0.00014173300041875336,DISABLED,on,user_reported,36.89653778076172,54.15256118774414,1007.0803125,105850.734375,True,True,True,176,0,0,109,178,101,2026-10-03T16:43:42.016015+07:00,360.0447309220008,0.19175388099938573,OK,,True,2026-10-03T16:43:42.207786+07:00,360.23649776599996,0.03569343600065622,OK,,True,1600,0.2,,2026-10-03T16:43:42.243490+07:00,360.2722013320008,0.03527742099959141,OK,,True,2791,0.348875,
ab14be9977d645198f54717810b879c8,362,2026-10-03T16:43:43.015813+07:00,361.0445190370001,361.0445190370001,MONITOR,361.19545006599947,0.9999614279995512,0.25172495000060735,0.00010316099996998673,DISABLED,on,user_reported,36.8978157043457,54.15913009643555,1007.02078125,106113.9921875,True,True,True,176,0,0,109,178,101,2026-10-03T16:43:43.015890+07:00,361.04460766600005,0.18581194300077186,OK,,True,2026-10-03T16:43:43.201711+07:00,361.230425535,0.03295910600081697,OK,,True,1568,0.196,,2026-10-03T16:43:43.234671+07:00,361.26338777,0.03284858799997892,OK,,True,2780,0.34750000000000003,
ab14be9977d645198f54717810b879c8,363,2026-10-03T16:43:44.015803+07:00,362.04450903900033,362.04450903900033,MONITOR,362.1954400679997,0.9999900020002315,0.2517843389996415,9.316300020145718e-05,DISABLED,on,user_reported,36.89973068237305,54.172149658203125,1007.02390625,106048.0546875,True,True,True,176,0,0,109,178,101,2026-10-03T16:43:44.015882+07:00,362.04459977900024,0.18580557400036923,OK,,True,2026-10-03T16:43:44.201697+07:00,362.23041161200035,0.03300427199974365,OK,,True,1568,0.196,,2026-10-03T16:43:44.234703+07:00,362.26341916100046,0.0328661989997272,OK,,True,2780,0.34750000000000003,
ab14be9977d645198f54717810b879c8,364,2026-10-03T16:43:45.015803+07:00,363.044509542,363.044509542,MONITOR,363.1954405709994,1.0000005029996828,0.25175293200027227,9.36659998842515e-05,DISABLED,on,user_reported,36.89908981323242,54.1593132019043,1007.029765625,105916.421875,True,True,True,176,0,0,109,178,101,2026-10-03T16:43:45.015882+07:00,363.04459937499996,0.18581109200022183,OK,,True,2026-10-03T16:43:45.201702+07:00,363.2304170040006,0.032984345999466314,OK,,True,1574,0.19675,,2026-10-03T16:43:45.234688+07:00,363.2634042010004,0.0328501439998945,OK,,True,2783,0.347875,
ab14be9977d645198f54717810b879c8,365,2026-10-03T16:43:46.015799+07:00,364.04450567500044,364.04450567500044,MONITOR,364.1954367039998,0.9999961330004226,0.25342380900019634,8.979900030681165e-05,DISABLED,on,user_reported,36.8927116394043,54.16474151611328,1006.99875,106844.7421875,True,True,True,176,0,0,109,178,101,2026-10-03T16:43:46.015877+07:00,364.04459510000015,0.1858095739999044,OK,,True,2026-10-03T16:43:46.201696+07:00,364.23041095200006,0.03450363100000686,OK,,True,1576,0.197,,2026-10-03T16:43:46.236209+07:00,364.26492185999996,0.03298956800063024,OK,,True,2766,0.34575,
ab14be9977d645198f54717810b879c8,366,2026-10-03T16:43:47.015846+07:00,365.0445485120008,365.0445485120008,MONITOR,365.19547954100017,1.0000428370003647,0.25225804000001517,0.00013263600067148218,DISABLED,on,user_reported,36.89207458496094,54.1710205078125,1006.93609375,106444.90625,True,True,True,176,0,0,109,178,101,2026-10-03T16:43:47.015936+07:00,365.04465338200043,0.1858404069998869,OK,,True,2026-10-03T16:43:47.201787+07:00,365.2305012880006,0.03336073199989187,OK,,True,1577,0.197125,,2026-10-03T16:43:47.235153+07:00,365.26386678000017,0.03292936500020005,OK,,True,2780,0.34750000000000003,
ab14be9977d645198f54717810b879c8,367,2026-10-03T16:43:48.015852+07:00,366.0445496830007,366.0445496830007,MONITOR,366.19548071200006,1.0000011709998944,0.2627399439998044,0.00013380700056586647,DISABLED,on,user_reported,36.88888168334961,54.17054748535156,1006.985703125,105785.125,True,True,True,176,0,0,109,178,101,2026-10-03T16:43:48.016011+07:00,366.0447270150007,0.19177164099983202,OK,,True,2026-10-03T16:43:48.207802+07:00,366.2365126930008,0.035467363999487134,OK,,True,1573,0.196625,,2026-10-03T16:43:48.243275+07:00,366.27198855700044,0.035282959000142,OK,,True,2794,0.34925,
ab14be9977d645198f54717810b879c8,368,2026-10-03T16:43:49.015813+07:00,367.04451950400016,367.04451950400016,MONITOR,367.19545053299953,0.9999698209994676,0.2517205069998454,0.00010362800003349548,DISABLED,on,user_reported,36.89398956298828,54.16493606567383,1006.939140625,106444.90625,True,True,True,176,0,0,109,178,101,2026-10-03T16:43:49.015890+07:00,367.04460770700007,0.18580966600075044,OK,,True,2026-10-03T16:43:49.201709+07:00,367.23042402100054,0.03294921699944098,OK,,True,1583,0.197875,,2026-10-03T16:43:49.234659+07:00,367.2633760710005,0.0328552179998951,OK,,True,2776,0.34700000000000003,
ab14be9977d645198f54717810b879c8,369,2026-10-03T16:43:50.015797+07:00,368.0445040650002,368.0445040650002,MONITOR,368.19543509399955,0.9999845610000193,0.25172067400035303,8.818900005280739e-05,DISABLED,on,user_reported,36.88888168334961,54.15780258178711,1006.985703125,106180.0078125,True,True,True,176,0,0,109,178,101,2026-10-03T16:43:50.015876+07:00,368.0445937680006,0.18581440700017993,OK,,True,2026-10-03T16:43:50.201700+07:00,368.23041432300033,0.03295271699971636,OK,,True,1578,0.19725,,2026-10-03T16:43:50.234653+07:00,368.2633702250005,0.032845996000105515,OK,,True,2780,0.34750000000000003,
ab14be9977d645198f54717810b879c8,370,2026-10-03T16:43:51.015801+07:00,369.0445081080006,369.0445081080006,MONITOR,369.195439137,1.0000040430004447,0.25317577499936306,9.223200049746083e-05,DISABLED,on,user_reported,36.881229400634766,54.15667724609375,1006.91171875,105982.1953125,True,True,True,176,0,0,109,178,101,2026-10-03T16:43:51.015879+07:00,369.0445967559999,0.1858107040006871,OK,,True,2026-10-03T16:43:51.201699+07:00,369.2304138670006,0.032940735000011045,OK,,True,1570,0.19625,,2026-10-03T16:43:51.234640+07:00,369.2633573060002,0.03430828000000474,OK,,True,2769,0.346125,
ab14be9977d645198f54717810b879c8,371,2026-10-03T16:43:52.015810+07:00,370.04451713400067,370.04451713400067,MONITOR,370.19544816300004,1.0000090260000434,0.2519158389995937,0.00010125800054083811,DISABLED,on,user_reported,36.87101745605469,54.15516662597656,1006.943203125,106113.9921875,True,True,True,176,0,0,109,178,101,2026-10-03T16:43:52.015891+07:00,370.0446081890004,0.1858079630001157,OK,,True,2026-10-03T16:43:52.201706+07:00,370.2304210780003,0.033122622000519186,OK,,True,1571,0.196375,,2026-10-03T16:43:52.234835+07:00,370.26354879300015,0.03287430999989738,OK,,True,2778,0.34725,
ab14be9977d645198f54717810b879c8,372,2026-10-03T16:43:53.015803+07:00,371.04450903,371.04450903,MONITOR,371.19544005899934,0.999991895999301,0.25169508199996926,9.315399984188844e-05,DISABLED,on,user_reported,36.87995147705078,54.143733978271484,1007.080703125,106444.90625,True,True,True,176,0,0,109,178,101,2026-10-03T16:43:53.015882+07:00,371.04459988100007,0.18580701900009444,OK,,True,2026-10-03T16:43:53.201698+07:00,371.23041301100056,0.03295045799950458,OK,,True,1581,0.197625,,2026-10-03T16:43:53.234650+07:00,371.26336633900064,0.032829198999934306,OK,,True,2777,0.347125,
ab14be9977d645198f54717810b879c8,373,2026-10-03T16:43:54.015852+07:00,372.0445497970004,372.0445497970004,MONITOR,372.19548082599977,1.0000407670004279,0.26265863000026,0.0001339210002697655,DISABLED,on,user_reported,36.874847412109375,54.15572738647461,1007.09984375,106777.890625,True,True,True,176,0,0,109,178,101,2026-10-03T16:43:54.016011+07:00,372.0447272400006,0.19185997400018096,OK,,True,2026-10-03T16:43:54.207890+07:00,372.2366012320008,0.035390420999647176,OK,,True,1583,0.197875,,2026-10-03T16:43:54.243285+07:00,372.271999523,0.03519103400049062,OK,,True,2791,0.348875,
ab14be9977d645198f54717810b879c8,374,2026-10-03T16:43:55.015858+07:00,373.0445539910006,373.0445539910006,MONITOR,373.19548502,1.000004194000212,0.2626771289997123,0.0001381150004817755,DISABLED,on,user_reported,36.879310607910156,54.14363479614258,1007.0865625,106246.109375,True,True,True,176,0,0,109,178,101,2026-10-03T16:43:55.016011+07:00,373.0447268780008,0.19175834499947086,OK,,True,2026-10-03T16:43:55.207786+07:00,373.2364980560005,0.03545275400028913,OK,,True,1571,0.196375,,2026-10-03T16:43:55.243245+07:00,373.2719585880004,0.035253236000244215,OK,,True,2793,0.349125,
ab14be9977d645198f54717810b879c8,375,2026-10-03T16:43:56.015811+07:00,374.0445175370005,374.0445175370005,MONITOR,374.19544856599987,0.9999635459998899,0.2517232669997611,0.0001016610003716778,DISABLED,on,user_reported,36.882503509521484,54.144107818603516,1007.0575,106113.9921875,True,True,True,176,0,0,109,178,101,2026-10-03T16:43:56.015891+07:00,374.0446082590006,0.18580479699994612,OK,,True,2026-10-03T16:43:56.201706+07:00,374.2304206480003,0.03297273499993025,OK,,True,1572,0.1965,,2026-10-03T16:43:56.234680+07:00,374.2633966980002,0.032835273000273446,OK,,True,2782,0.34775,
ab14be9977d645198f54717810b879c8,376,2026-10-03T16:43:57.015793+07:00,375.0445006400005,375.0445006400005,MONITOR,375.19543166899984,0.9999831029999768,0.2521783749998576,8.476400034851395e-05,DISABLED,on,user_reported,36.881866455078125,54.13764572143555,1007.09078125,106777.890625,True,True,True,176,0,0,109,178,101,2026-10-03T16:43:57.015873+07:00,375.0445907500007,0.18584398199982388,OK,,True,2026-10-03T16:43:57.201729+07:00,375.230442991,0.033374343000105,OK,,True,1582,0.19775,,2026-10-03T16:43:57.235108+07:00,375.2638222790001,0.03284729100050754,OK,,True,2779,0.347375,
ab14be9977d645198f54717810b879c8,377,2026-10-03T16:43:58.015831+07:00,376.0445367050006,376.0445367050006,MONITOR,376.195467734,1.0000360650001312,0.25197037699945213,0.00012082900047971634,DISABLED,on,user_reported,36.876121520996094,54.14954376220703,1007.040390625,106444.90625,True,True,True,176,0,0,109,178,101,2026-10-03T16:43:58.015918+07:00,376.0446354450005,0.18598148099954415,OK,,True,2026-10-03T16:43:58.201911+07:00,376.23062516700065,0.033002586999828054,OK,,True,1569,0.196125,,2026-10-03T16:43:58.234915+07:00,376.2636314760002,0.03286653200029832,OK,,True,2783,0.347875,
ab14be9977d645198f54717810b879c8,378,2026-10-03T16:43:59.015795+07:00,377.04450140100016,377.04450140100016,MONITOR,377.1954324299995,0.9999646959995516,0.2518184710006608,8.5525000031339e-05,DISABLED,on,user_reported,36.876121520996094,54.12405014038086,1007.047265625,106246.109375,True,True,True,176,0,0,109,178,101,2026-10-03T16:43:59.015875+07:00,377.0445929560001,0.18582244500066736,OK,,True,2026-10-03T16:43:59.201709+07:00,377.23042323500067,0.03302488299959805,OK,,True,1567,0.195875,,2026-10-03T16:43:59.234736+07:00,377.2634517840006,0.032860792000064976,OK,,True,2773,0.346625,
ab14be9977d645198f54717810b879c8,379,2026-10-03T16:44:00.015796+07:00,378.044503524,378.044503524,MONITOR,378.19543455299936,1.000002122999831,0.25204496900005324,8.764799986238359e-05,DISABLED,on,user_reported,36.882503509521484,54.13773727416992,1007.043828125,106312.2890625,True,True,True,176,0,0,109,178,101,2026-10-03T16:44:00.015874+07:00,378.04459185700034,0.18581938900024397,OK,,True,2026-10-03T16:44:00.201705+07:00,378.2304193760001,0.033180252000420296,OK,,True,1571,0.196375,,2026-10-03T16:44:00.234890+07:00,378.2636043320008,0.03293490199939697,OK,,True,2779,0.347375,
ab14be9977d645198f54717810b879c8,380,2026-10-03T16:44:01.015875+07:00,379.0445715720007,379.0445715720007,MONITOR,379.19550260100004,1.000068048000685,0.26289079599973775,0.0001556960005473229,DISABLED,on,user_reported,36.880592346191406,54.143821716308594,1007.0203125,106511.3359375,True,True,True,176,0,0,109,178,101,2026-10-03T16:44:01.016031+07:00,379.0447456640004,0.1917716970001493,OK,,True,2026-10-03T16:44:01.207821+07:00,379.23653241600005,0.03569612299997971,OK,,True,1595,0.199375,,2026-10-03T16:44:01.243523+07:00,379.27223744599996,0.035206793000725156,OK,,True,2790,0.34875,
ab14be9977d645198f54717810b879c8,381,2026-10-03T16:44:02.015807+07:00,380.04451430800054,380.04451430800054,MONITOR,380.1954453369999,0.9999427359998663,0.2519927100001951,9.843200041359523e-05,DISABLED,on,user_reported,36.87995147705078,54.150108337402344,1007.00546875,106444.90625,True,True,True,176,0,0,109,178,101,2026-10-03T16:44:02.015891+07:00,380.0446082510007,0.18581248299960862,OK,,True,2026-10-03T16:44:02.201714+07:00,380.2304285670007,0.03316240099957213,OK,,True,1566,0.19575,,2026-10-03T16:44:02.234881+07:00,380.26359541200054,0.032901568999477604,OK,,True,2777,0.347125,
ab14be9977d645198f54717810b879c8,382,2026-10-03T16:44:03.015796+07:00,381.0445020240004,381.0445020240004,MONITOR,381.19543305299976,0.9999877159998505,0.2517933239996637,8.614800026407465e-05,DISABLED,on,user_reported,36.87739944458008,54.136985778808594,1007.001328125,106844.7421875,True,True,True,176,0,0,109,178,101,2026-10-03T16:44:03.015877+07:00,381.0445948760007,0.1858151309997993,OK,,True,2026-10-03T16:44:03.201703+07:00,381.2304180430001,0.03299945800063142,OK,,True,1573,0.196625,,2026-10-03T16:44:03.234705+07:00,381.2634207790006,0.032867086999431194,OK,,True,2779,0.347375,
ab14be9977d645198f54717810b879c8,383,2026-10-03T16:44:04.015829+07:00,382.0445344640002,382.0445344640002,MONITOR,382.1954654929996,1.0000324399998135,0.251765286000591,0.00011858800007757964,DISABLED,on,user_reported,36.867191314697266,54.135467529296875,1007.005390625,106312.2890625,True,True,True,176,0,0,109,178,101,2026-10-03T16:44:04.015915+07:00,382.044632741,0.18582266800058278,OK,,True,2026-10-03T16:44:04.201751+07:00,382.23046426100063,0.03300049399967975,OK,,True,1568,0.196,,2026-10-03T16:44:04.234753+07:00,382.2634686070005,0.032821828999658464,OK,,True,2776,0.34700000000000003,
ab14be9977d645198f54717810b879c8,384,2026-10-03T16:44:05.015794+07:00,383.0445008860006,383.0445008860006,MONITOR,383.195431915,0.9999664220003979,0.2518269530000907,8.501000047544949e-05,DISABLED,on,user_reported,36.869102478027344,54.142127990722656,1007.042734375,106511.3359375,True,True,True,176,0,0,109,178,101,2026-10-03T16:44:05.015876+07:00,383.04459321800005,0.18581966800047667,OK,,True,2026-10-03T16:44:05.201707+07:00,383.23042084900044,0.033020586999555235,OK,,True,1572,0.1965,,2026-10-03T16:44:05.234729+07:00,383.2634449920006,0.03287451300002431,OK,,True,2781,0.347625,
ab14be9977d645198f54717810b879c8,385,2026-10-03T16:44:06.015797+07:00,384.0445031600002,384.0445031600002,MONITOR,384.19543418899957,1.0000022739995984,0.2518223229999421,8.728400007385062e-05,DISABLED,on,user_reported,36.86591339111328,54.135284423828125,1007.01703125,106246.109375,True,True,True,176,0,0,109,178,101,2026-10-03T16:44:06.015878+07:00,384.0445953260005,0.18582513099954667,OK,,True,2026-10-03T16:44:06.201716+07:00,384.230429364,0.03303203100040264,OK,,True,1572,0.1965,,2026-10-03T16:44:06.234749+07:00,384.26346500599993,0.032851755000592675,OK,,True,2782,0.34775,
ab14be9977d645198f54717810b879c8,386,2026-10-03T16:44:07.015796+07:00,385.0445029900002,385.0445029900002,MONITOR,385.19543401899955,0.9999998299999788,0.2520065810003871,8.711400005267933e-05,DISABLED,on,user_reported,36.863365173339844,54.14127731323242,1006.985390625,106711.1328125,True,True,True,176,0,0,109,178,101,2026-10-03T16:44:07.015877+07:00,385.04459498899996,0.18582855700060463,OK,,True,2026-10-03T16:44:07.201718+07:00,385.2304316760001,0.03316691899999569,OK,,True,1580,0.1975,,2026-10-03T16:44:07.234889+07:00,385.263603761,0.032896033000724856,OK,,True,2778,0.34725,
ab14be9977d645198f54717810b879c8,387,2026-10-03T16:44:08.015806+07:00,386.04451304300073,386.04451304300073,MONITOR,386.1954440720001,1.0000100530005511,0.25206943299963314,9.71670006038039e-05,DISABLED,on,user_reported,36.86527633666992,54.14794158935547,1006.995390625,106444.90625,True,True,True,176,0,0,109,178,101,2026-10-03T16:44:08.015885+07:00,386.044602209,0.18582518600032927,OK,,True,2026-10-03T16:44:08.201722+07:00,386.23043563600004,0.03329715900053998,OK,,True,1571,0.196375,,2026-10-03T16:44:08.235021+07:00,386.2637360360004,0.03283830999953352,OK,,True,2782,0.34775,
ab14be9977d645198f54717810b879c8,388,2026-10-03T16:44:09.015798+07:00,387.04450480000014,387.04450480000014,MONITOR,387.1954358289995,0.9999917569994068,0.2518003610002779,8.892400001059286e-05,DISABLED,on,user_reported,36.85825729370117,54.140525817871094,1006.94296875,106711.1328125,True,True,True,176,0,0,109,178,101,2026-10-03T16:44:09.015883+07:00,387.0446001320006,0.18583096499969542,OK,,True,2026-10-03T16:44:09.201726+07:00,387.23044004200074,0.03303612299987435,OK,,True,1567,0.195875,,2026-10-03T16:44:09.234765+07:00,387.2634801840004,0.03281506999974226,OK,,True,2781,0.347625,
ab14be9977d645198f54717810b879c8,389,2026-10-03T16:44:10.015833+07:00,388.0445380020001,388.0445380020001,MONITOR,388.19546903099945,1.0000332019999405,0.25176904599993577,0.00012212599995109485,DISABLED,on,user_reported,36.85315704345703,54.12065505981445,1007.09203125,106312.2890625,True,True,True,176,0,0,109,178,101,2026-10-03T16:44:10.015919+07:00,388.04463651900005,0.18582805799997004,OK,,True,2026-10-03T16:44:10.201760+07:00,388.23047307700017,0.032990161000270746,OK,,True,1582,0.19775,,2026-10-03T16:44:10.234750+07:00,388.2634662010005,0.032832254999448196,OK,,True,2783,0.347875,
ab14be9977d645198f54717810b879c8,390,2026-10-03T16:44:11.015805+07:00,389.0445113900005,389.0445113900005,MONITOR,389.19544241899985,0.9999733880003987,0.25179178700000193,9.551400034979451e-05,DISABLED,on,user_reported,36.85443115234375,54.146331787109375,1007.11453125,106777.890625,True,True,True,176,0,0,109,178,101,2026-10-03T16:44:11.015886+07:00,389.04460396300055,0.18582590899950446,OK,,True,2026-10-03T16:44:11.201725+07:00,389.2304387060003,0.033026252999661665,OK,,True,1579,0.197375,,2026-10-03T16:44:11.234751+07:00,389.2634680700003,0.03282673700050509,OK,,True,2783,0.347875,
ab14be9977d645198f54717810b879c8,391,2026-10-03T16:44:12.015917+07:00,390.0446115370005,390.0446115370005,MONITOR,390.19554256599986,1.000100147000012,0.2623680050000985,0.0001956610003617243,DISABLED,on,user_reported,36.85315704345703,54.13339614868164,1007.071484375,106777.890625,True,True,True,176,0,0,109,178,101,2026-10-03T16:44:12.016076+07:00,390.04479179400005,0.19004610100000718,OK,,True,2026-10-03T16:44:12.206141+07:00,390.23485156100014,0.036753670000507555,OK,,True,1568,0.196,,2026-10-03T16:44:12.242904+07:00,390.2716153050005,0.03534386599949357,OK,,True,2790,0.34875,
ab14be9977d645198f54717810b879c8,392,2026-10-03T16:44:13.015881+07:00,391.04458062899994,391.04458062899994,MONITOR,391.1955116579993,0.9999690919994464,0.26369575500029896,0.00016475299980811542,DISABLED,on,user_reported,36.84613800048828,54.12599563598633,1007.0328125,106911.671875,True,True,True,176,0,0,109,178,101,2026-10-03T16:44:13.016027+07:00,391.0447430540007,0.19090718699953868,OK,,True,2026-10-03T16:44:13.206956+07:00,391.23566546300026,0.03735649900045246,OK,,True,1579,0.197375,,2026-10-03T16:44:13.244318+07:00,391.2730317020005,0.03522608899947954,OK,,True,2789,0.348625,
ab14be9977d645198f54717810b879c8,393,2026-10-03T16:44:14.015891+07:00,392.04458983400036,392.04458983400036,MONITOR,392.19552086299973,1.0000092050004241,0.26515531800032477,0.00017395800023223273,DISABLED,on,user_reported,36.85123825073242,54.1458625793457,1007.061640625,106444.90625,True,True,True,176,0,0,109,178,101,2026-10-03T16:44:14.016038+07:00,392.04475424000066,0.1916036439997697,OK,,True,2026-10-03T16:44:14.207665+07:00,392.2363751990006,0.03652593100014201,OK,,True,1568,0.196,,2026-10-03T16:44:14.244197+07:00,392.27290933400036,0.03681578099985927,OK,,True,2792,0.34900000000000003,
ab14be9977d645198f54717810b879c8,394,2026-10-03T16:44:15.015861+07:00,393.04455785400023,393.04455785400023,MONITOR,393.1954888829996,0.9999680199998693,0.26302555599977495,0.00014197800010151695,DISABLED,on,user_reported,36.85762023925781,54.127685546875,1007.078828125,106577.8515625,True,True,True,176,0,0,109,178,101,2026-10-03T16:44:15.016021+07:00,393.0447372410008,0.19179308799994033,OK,,True,2026-10-03T16:44:15.207837+07:00,393.2365470140003,0.03569675200014899,OK,,True,1575,0.196875,,2026-10-03T16:44:15.243538+07:00,393.2722518770006,0.035310199999912584,OK,,True,2793,0.349125,
ab14be9977d645198f54717810b879c8,395,2026-10-03T16:44:16.015900+07:00,394.0445965400004,394.0445965400004,MONITOR,394.19552756899975,1.0000386860001527,0.2577160780001577,0.0001806640002541826,DISABLED,on,user_reported,36.856346130371094,54.15298843383789,1007.02890625,106644.4453125,True,True,True,176,0,0,109,178,101,2026-10-03T16:44:16.016060+07:00,394.0447754830002,0.18869224100035353,OK,,True,2026-10-03T16:44:16.204765+07:00,394.2334778350005,0.0348047770003177,OK,,True,1590,0.19875,,2026-10-03T16:44:16.239575+07:00,394.26828876000036,0.03400533900003211,OK,,True,2783,0.347875,
ab14be9977d645198f54717810b879c8,396,2026-10-03T16:44:17.015814+07:00,395.04452013600076,395.04452013600076,MONITOR,395.1954511650001,0.9999235960003716,0.2519936199996664,0.00010426000062579988,DISABLED,on,user_reported,36.86272430419922,54.14118576049805,1007.0596875,107045.7890625,True,True,True,176,0,0,109,178,101,2026-10-03T16:44:17.015894+07:00,395.0446113200005,0.18582279899965215,OK,,True,2026-10-03T16:44:17.201729+07:00,395.2304425450002,0.033157642000333,OK,,True,1574,0.19675,,2026-10-03T16:44:17.234890+07:00,395.2636045570007,0.03289884700006951,OK,,True,2782,0.34775,
ab14be9977d645198f54717810b879c8,397,2026-10-03T16:44:18.015804+07:00,396.04451021300065,396.04451021300065,MONITOR,396.195441242,0.9999900769998931,0.2518259359994772,9.433700051886262e-05,DISABLED,on,user_reported,36.85570526123047,54.13377380371094,1007.0415625,106777.890625,True,True,True,176,0,0,109,178,101,2026-10-03T16:44:18.015879+07:00,396.0445965450008,0.18582603999948333,OK,,True,2026-10-03T16:44:18.201718+07:00,396.2304312330007,0.03304219799974817,OK,,True,1584,0.198,,2026-10-03T16:44:18.234762+07:00,396.2634776350005,0.03284827300012694,OK,,True,2778,0.34725,
ab14be9977d645198f54717810b879c8,398,2026-10-03T16:44:19.015797+07:00,397.0445046970008,397.0445046970008,MONITOR,397.19543572600014,0.9999944840001262,0.25183154799924523,8.882100064511178e-05,DISABLED,on,user_reported,36.85570526123047,54.14014434814453,1007.04828125,107450.15625,True,True,True,176,0,0,109,178,101,2026-10-03T16:44:19.015875+07:00,397.0445923820007,0.18582489199980046,OK,,True,2026-10-03T16:44:19.201712+07:00,397.23042508800063,0.03302977299972554,OK,,True,1571,0.196375,,2026-10-03T16:44:19.234744+07:00,397.2634587120001,0.03286716300044645,OK,,True,2781,0.347625,
ab14be9977d645198f54717810b879c8,399,2026-10-03T16:44:20.015799+07:00,398.04450510900006,398.04450510900006,MONITOR,398.1954361379994,1.000000411999281,0.25232520999998087,8.923299992602551e-05,DISABLED,on,user_reported,36.861446380615234,54.147377014160156,1007.057578125,106978.6875,True,True,True,176,0,0,109,178,101,2026-10-03T16:44:20.015880+07:00,398.0445978860007,0.18583692899937887,OK,,True,2026-10-03T16:44:20.201730+07:00,398.23044379600015,0.033318140000119456,OK,,True,1574,0.19675,,2026-10-03T16:44:20.235051+07:00,398.26376608400005,0.03305466100027843,OK,,True,2775,0.346875,
ab14be9977d645198f54717810b879c8,400,2026-10-03T16:44:21.015793+07:00,399.04449998400014,399.04449998400014,MONITOR,399.1954310129995,0.999994875000084,0.25196932400012884,8.410800001001917e-05,DISABLED,on,user_reported,36.85825729370117,54.12778091430664,1007.031875,106312.2890625,True,True,True,176,0,0,109,178,101,2026-10-03T16:44:21.015870+07:00,399.0445874270008,0.1858631699997204,OK,,True,2026-10-03T16:44:21.201747+07:00,399.2304599860008,0.03309590099979687,OK,,True,1571,0.196375,,2026-10-03T16:44:21.234845+07:00,399.26356018300066,0.03289995799968892,OK,,True,2777,0.347125,
ab14be9977d645198f54717810b879c8,401,2026-10-03T16:44:22.015797+07:00,400.04450445100065,400.04450445100065,MONITOR,400.19543548,1.0000044670005082,0.25219626799935213,8.857500051817624e-05,DISABLED,on,user_reported,36.856346130371094,54.13386535644531,1007.02203125,106844.7421875,True,True,True,176,0,0,109,178,101,2026-10-03T16:44:22.015877+07:00,400.0445933400006,0.18586316900018574,OK,,True,2026-10-03T16:44:22.201751+07:00,400.23046475000046,0.03333493599984649,OK,,True,1577,0.197125,,2026-10-03T16:44:22.235090+07:00,400.2638041680002,0.03288782900017395,OK,,True,2778,0.34725,
ab14be9977d645198f54717810b879c8,402,2026-10-03T16:44:23.015793+07:00,401.044499568,401.044499568,MONITOR,401.19543059699936,0.9999951169993437,0.2522045080004318,8.369199986191234e-05,DISABLED,on,user_reported,36.852516174316406,54.13330078125,1007.063671875,106978.6875,True,True,True,176,0,0,109,178,101,2026-10-03T16:44:23.015873+07:00,401.04459054900053,0.18587735500022973,OK,,True,2026-10-03T16:44:23.201762+07:00,401.2304762550002,0.03324904900000547,OK,,True,1568,0.196,,2026-10-03T16:44:23.235016+07:00,401.26372971100045,0.032964864999485144,OK,,True,2772,0.34650000000000003,
ab14be9977d645198f54717810b879c8,403,2026-10-03T16:44:24.015799+07:00,402.0445062590006,402.0445062590006,MONITOR,402.195437288,1.0000066910006353,0.2520941019993188,9.038300049724057e-05,DISABLED,on,user_reported,36.85570526123047,54.114654541015625,1007.05515625,106246.109375,True,True,True,176,0,0,109,178,101,2026-10-03T16:44:24.015877+07:00,402.04459492500064,0.18582763299946237,OK,,True,2026-10-03T16:44:24.201717+07:00,402.2304307430004,0.03327114100011386,OK,,True,1562,0.19525,,2026-10-03T16:44:24.234993+07:00,402.2637069020002,0.032883885000046575,OK,,True,2777,0.347125,
ab14be9977d645198f54717810b879c8,404,2026-10-03T16:44:25.015806+07:00,403.0445121360008,403.0445121360008,MONITOR,403.19544316500014,1.0000058770001488,0.2520959909998055,9.626000064599793e-05,DISABLED,on,user_reported,36.8499641418457,54.1392936706543,1007.073125,106444.90625,True,True,True,176,0,0,109,178,101,2026-10-03T16:44:25.015890+07:00,403.0446072090008,0.18582126299952506,OK,,True,2026-10-03T16:44:25.201723+07:00,403.2304365280006,0.03326930699950026,OK,,True,1563,0.195375,,2026-10-03T16:44:25.234997+07:00,403.2637106680004,0.032887495999602834,OK,,True,2775,0.346875,
ab14be9977d645198f54717810b879c8,405,2026-10-03T16:44:26.015799+07:00,404.04450586500025,404.04450586500025,MONITOR,404.1954368939996,0.9999937289994705,0.25201928800015594,8.998900011647493e-05,DISABLED,on,user_reported,36.845497131347656,54.138633728027344,1006.9496875,106644.4453125,True,True,True,176,0,0,109,178,101,2026-10-03T16:44:26.015875+07:00,404.04459210500045,0.18583178199969552,OK,,True,2026-10-03T16:44:26.201719+07:00,404.2304321090005,0.03303808700002264,OK,,True,1581,0.197625,,2026-10-03T16:44:26.234760+07:00,404.26347488100055,0.03303958699962095,OK,,True,2782,0.34775,
ab14be9977d645198f54717810b879c8,406,2026-10-03T16:44:27.015861+07:00,405.0445579650004,405.0445579650004,MONITOR,405.1954889939998,1.0000521000001754,0.2607633159996112,0.00014208900029188953,DISABLED,on,user_reported,36.84294891357422,54.13188552856445,1007.1234375,106844.7421875,True,True,True,176,0,0,109,178,101,2026-10-03T16:44:27.016025+07:00,405.044740927,0.18982736199995998,OK,,True,2026-10-03T16:44:27.205874+07:00,405.23458427100013,0.03473083300013968,OK,,True,1567,0.195875,,2026-10-03T16:44:27.240611+07:00,405.2693233080008,0.035982101999252336,OK,,True,2790,0.34875,
ab14be9977d645198f54717810b879c8,407,2026-10-03T16:44:28.015844+07:00,406.0445419730004,406.0445419730004,MONITOR,406.19547300199974,0.9999840079999558,0.26153903199974593,0.00012609700024768244,DISABLED,on,user_reported,36.84358596801758,54.14472579956055,1007.117734375,106644.4453125,True,True,True,176,0,0,109,178,101,2026-10-03T16:44:28.016000+07:00,406.0447158800007,0.19099261299925274,OK,,True,2026-10-03T16:44:28.207016+07:00,406.23572578900075,0.03604649099997914,OK,,True,1560,0.195,,2026-10-03T16:44:28.243076+07:00,406.27178626100067,0.034284688999832724,OK,,True,2773,0.346625,
ab14be9977d645198f54717810b879c8,408,2026-10-03T16:44:29.015793+07:00,407.04450014900067,407.04450014900067,MONITOR,407.19543117800004,0.9999581760002911,0.25240839599973697,8.427300053881481e-05,DISABLED,on,user_reported,36.83975601196289,54.15690994262695,1007.097734375,106978.6875,True,True,True,176,0,0,109,178,101,2026-10-03T16:44:29.015872+07:00,407.044589741,0.1858451520001836,OK,,True,2026-10-03T16:44:29.201729+07:00,407.23044283700074,0.033338454999466194,OK,,True,1567,0.195875,,2026-10-03T16:44:29.235072+07:00,407.26378621799995,0.033112420000179554,OK,,True,2777,0.347125,
ab14be9977d645198f54717810b879c8,409,2026-10-03T16:44:30.015791+07:00,408.04449862100046,408.04449862100046,MONITOR,408.1954296499998,0.9999984719997883,0.2523790639997969,8.27450003271224e-05,DISABLED,on,user_reported,36.83975601196289,54.144161224365234,1007.097734375,106711.1328125,True,True,True,176,0,0,109,178,101,2026-10-03T16:44:30.015868+07:00,408.044586084,0.18582196700026543,OK,,True,2026-10-03T16:44:30.201703+07:00,408.2304156800001,0.03332278900052188,OK,,True,1568,0.196,,2026-10-03T16:44:30.235030+07:00,408.2637438210004,0.03312434500003292,OK,,True,2778,0.34725,
ab14be9977d645198f54717810b879c8,410,2026-10-03T16:44:31.015793+07:00,409.04449937200025,409.04449937200025,MONITOR,409.1954304009996,1.0000007509997886,0.25246334100029344,8.349600011570146e-05,DISABLED,on,user_reported,36.84422302246094,54.15756607055664,1007.08453125,106378.5546875,True,True,True,176,0,0,109,178,101,2026-10-03T16:44:31.015875+07:00,409.04459237100036,0.18607498399978795,OK,,True,2026-10-03T16:44:31.201963+07:00,409.2306762440003,0.03321253000012803,OK,,True,1557,0.194625,,2026-10-03T16:44:31.235180+07:00,409.2638939590006,0.03305719799936924,OK,,True,2779,0.347375,
ab14be9977d645198f54717810b879c8,411,2026-10-03T16:44:32.015804+07:00,410.0445101410005,410.0445101410005,MONITOR,410.19544116999987,1.000010769000255,0.2561963130001459,9.426500037079677e-05,DISABLED,on,user_reported,36.83911895751953,54.16318130493164,1007.069453125,106711.1328125,True,True,True,176,0,0,109,178,101,2026-10-03T16:44:32.015885+07:00,410.0446022700007,0.1882259679996423,OK,,True,2026-10-03T16:44:32.204124+07:00,410.2328374050003,0.03480527700048697,OK,,True,1561,0.195125,,2026-10-03T16:44:32.238937+07:00,410.2676497930006,0.0330448280001292,OK,,True,2772,0.34650000000000003,
ab14be9977d645198f54717810b879c8,412,2026-10-03T16:44:33.015795+07:00,411.04450328200073,411.04450328200073,MONITOR,411.1954343110001,0.9999931410002318,0.2586228129994197,8.740600060264114e-05,DISABLED,on,user_reported,36.831459045410156,54.16205596923828,1007.02265625,106644.4453125,True,True,True,176,0,0,109,178,101,2026-10-03T16:44:33.015871+07:00,411.0445890400006,0.19035587799953646,OK,,True,2026-10-03T16:44:33.206240+07:00,411.2349531030004,0.033088975999817194,OK,,True,1564,0.1955,,2026-10-03T16:44:33.239337+07:00,411.2680495050008,0.035054664999734086,OK,,True,2773,0.346625,
ab14be9977d645198f54717810b879c8,413,2026-10-03T16:44:34.015867+07:00,412.0445644220008,412.0445644220008,MONITOR,412.19549545100017,1.0000611400000707,0.27144486699944537,0.00014854600067337742,DISABLED,on,user_reported,36.834014892578125,54.18155288696289,1007.006328125,106644.4453125,True,True,True,176,0,0,109,178,101,2026-10-03T16:44:34.016021+07:00,412.04473673600023,0.19315559799997573,OK,,True,2026-10-03T16:44:34.209204+07:00,412.2379122780003,0.04214794499966956,OK,,True,1574,0.19675,,2026-10-03T16:44:34.251553+07:00,412.28006966700013,0.03592577000017627,OK,,True,2771,0.346375,
ab14be9977d645198f54717810b879c8,414,2026-10-03T16:44:35.015798+07:00,413.0445043230002,413.0445043230002,MONITOR,413.19543535199955,0.9999399009993795,0.25197938200017234,8.844700005283812e-05,DISABLED,on,user_reported,36.82954788208008,54.17451477050781,1006.985390625,106644.4453125,True,True,True,176,0,0,109,178,101,2026-10-03T16:44:35.015876+07:00,413.0445932120001,0.18592770700070105,OK,,True,2026-10-03T16:44:35.201814+07:00,413.23052786300013,0.03266557200004172,OK,,True,1557,0.194625,,2026-10-03T16:44:35.234485+07:00,413.26319821200013,0.03327521500068542,OK,,True,2773,0.346625,
ab14be9977d645198f54717810b879c8,415,2026-10-03T16:44:36.015796+07:00,414.04450281700065,414.04450281700065,MONITOR,414.195433846,0.9999984940004651,0.25432980899950053,8.694100051798159e-05,DISABLED,on,user_reported,36.828269958496094,54.174320220947266,1007.00390625,106777.890625,True,True,True,176,0,0,109,178,101,2026-10-03T16:44:36.015877+07:00,414.0445947420003,0.1858142270002645,OK,,True,2026-10-03T16:44:36.201702+07:00,414.23041650600044,0.03425848599999881,OK,,True,1563,0.195375,,2026-10-03T16:44:36.235968+07:00,414.2646815100006,0.03413643099975161,OK,,True,2764,0.34550000000000003,
ab14be9977d645198f54717810b879c8,416,2026-10-03T16:44:37.015803+07:00,415.04450903399993,415.04450903399993,MONITOR,415.1954400629993,1.0000062169992816,0.251738624000609,9.315799979958683e-05,DISABLED,on,user_reported,36.83209991455078,54.181278228759766,1007.016953125,106246.109375,True,True,True,176,0,0,109,178,101,2026-10-03T16:44:37.015886+07:00,415.04460364400074,0.18581176399948163,OK,,True,2026-10-03T16:44:37.201708+07:00,415.23042261200044,0.03321941899957892,OK,,True,1574,0.19675,,2026-10-03T16:44:37.234934+07:00,415.2636473090006,0.03258670099967276,OK,,True,2756,0.34450000000000003,
ab14be9977d645198f54717810b879c8,417,2026-10-03T16:44:38.015799+07:00,416.0445072320008,416.0445072320008,MONITOR,416.19543826100016,0.999998198000867,0.2556028929993772,9.13560006665648e-05,DISABLED,on,user_reported,36.83911895751953,54.182308197021484,1007.055703125,107045.7890625,True,True,True,176,0,0,109,178,101,2026-10-03T16:44:38.015875+07:00,416.0445932500006,0.18581528300001082,OK,,True,2026-10-03T16:44:38.201701+07:00,416.23041605100025,0.03506494300017948,OK,,True,1575,0.196875,,2026-10-03T16:44:38.236771+07:00,416.2654857160005,0.034611426999617834,OK,,True,2763,0.345375,
ab14be9977d645198f54717810b879c8,418,2026-10-03T16:44:39.015797+07:00,417.04450504300075,417.04450504300075,MONITOR,417.1954360720001,0.9999978109999574,0.2607645569996748,8.916700062400196e-05,DISABLED,on,user_reported,36.83209991455078,54.181278228759766,1007.016953125,106844.7421875,True,True,True,176,0,0,109,178,101,2026-10-03T16:44:39.015875+07:00,417.044592579,0.18581615300081467,OK,,True,2026-10-03T16:44:39.201701+07:00,417.2304156950004,0.03302314299980935,OK,,True,1570,0.19625,,2026-10-03T16:44:39.234726+07:00,417.2634423750005,0.04179896599998756,OK,,True,2767,0.345875,
ab14be9977d645198f54717810b879c8,419,2026-10-03T16:44:40.015811+07:00,418.0445179090002,418.0445179090002,MONITOR,418.1954489379996,1.0000128659994516,0.2519257350004409,0.00010203300007560756,DISABLED,on,user_reported,36.831459045410156,54.18754959106445,1007.008984375,106844.7421875,True,True,True,176,0,0,109,178,101,2026-10-03T16:44:40.015887+07:00,418.044604834,0.18580245000066498,OK,,True,2026-10-03T16:44:40.201701+07:00,418.2304152460001,0.03295329200045671,OK,,True,1574,0.19675,,2026-10-03T16:44:40.234655+07:00,418.2633718160005,0.03305890199953865,OK,,True,2774,0.34675,
ab14be9977d645198f54717810b879c8,420,2026-10-03T16:44:41.015806+07:00,419.0445111280005,419.0445111280005,MONITOR,419.1954421569999,0.9999932190003165,0.2530380039997908,9.525200039206538e-05,DISABLED,on,user_reported,36.82891082763672,54.193546295166016,1007.0321875,106444.90625,True,True,True,176,0,0,109,178,101,2026-10-03T16:44:41.015885+07:00,419.0446024790008,0.18581083799927,OK,,True,2026-10-03T16:44:41.201706+07:00,419.23042079900006,0.03308875299990177,OK,,True,1579,0.197375,,2026-10-03T16:44:41.234796+07:00,419.26351264500045,0.0340228200002457,OK,,True,2777,0.347125,
ab14be9977d645198f54717810b879c8,421,2026-10-03T16:44:42.015800+07:00,420.0445069390007,420.0445069390007,MONITOR,420.1954379680001,0.9999958110001899,0.25205106799967325,9.106300058192573e-05,DISABLED,on,user_reported,36.82891082763672,54.187171936035156,1007.0321875,106511.3359375,True,True,True,176,0,0,109,178,101,2026-10-03T16:44:42.015885+07:00,420.0446028640008,0.18581459799952427,OK,,True,2026-10-03T16:44:42.201711+07:00,420.23042494400033,0.03312893800011807,OK,,True,1573,0.196625,,2026-10-03T16:44:42.234844+07:00,420.26355854900066,0.03298914300012257,OK,,True,2776,0.34700000000000003,
ab14be9977d645198f54717810b879c8,422,2026-10-03T16:44:43.015791+07:00,421.0444991410004,421.0444991410004,MONITOR,421.1954301699998,0.999992201999703,0.25172866199955024,8.326500028488226e-05,DISABLED,on,user_reported,36.82316589355469,54.18632507324219,1006.981875,106978.6875,True,True,True,176,0,0,109,178,101,2026-10-03T16:44:43.015868+07:00,421.0445850840006,0.18581776500013802,OK,,True,2026-10-03T16:44:43.201695+07:00,421.23041014499995,0.032953755000562523,OK,,True,1577,0.197125,,2026-10-03T16:44:43.234650+07:00,421.26336691800043,0.03285251499983133,OK,,True,2782,0.34775,
ab14be9977d645198f54717810b879c8,423,2026-10-03T16:44:44.015796+07:00,422.0445040090008,422.0445040090008,MONITOR,422.19543503800014,1.0000048680003601,0.25173877399993216,8.813300064502982e-05,DISABLED,on,user_reported,36.825721740722656,54.1994514465332,1006.992890625,106777.890625,True,True,True,176,0,0,109,178,101,2026-10-03T16:44:44.015872+07:00,422.04458913800045,0.1858187090001593,OK,,True,2026-10-03T16:44:44.201700+07:00,422.2304150130003,0.03296175499963283,OK,,True,1574,0.19675,,2026-10-03T16:44:44.234663+07:00,422.26337975000024,0.0328539769998315,OK,,True,2775,0.346875,
ab14be9977d645198f54717810b879c8,424,2026-10-03T16:44:45.015849+07:00,423.0445472480005,423.0445472480005,MONITOR,423.1954782769999,1.0000432389997513,0.26262559999941004,0.0001313720003963681,DISABLED,on,user_reported,36.820613861083984,54.217811584472656,1007.073515625,106777.890625,True,True,True,176,0,0,109,178,101,2026-10-03T16:44:45.016000+07:00,423.04471622800065,0.1917680719998316,OK,,True,2026-10-03T16:44:45.207787+07:00,423.23649879999994,0.03544686600071145,OK,,True,1588,0.1985,,2026-10-03T16:44:45.243241+07:00,423.2719545550008,0.035200440999688,OK,,True,2794,0.34925,
ab14be9977d645198f54717810b879c8,425,2026-10-03T16:44:46.015866+07:00,424.04456324700004,424.04456324700004,MONITOR,424.1954942759994,1.0000159989995154,0.26250291599990305,0.00014737099991180003,DISABLED,on,user_reported,36.81742477416992,54.217342376708984,1007.11640625,106777.890625,True,True,True,176,0,0,109,178,101,2026-10-03T16:44:46.016016+07:00,424.04473152300034,0.19174407300033636,OK,,True,2026-10-03T16:44:46.207778+07:00,424.2364900770008,0.03539171800002805,OK,,True,1567,0.195875,,2026-10-03T16:44:46.243177+07:00,424.27189070200075,0.035157552999407926,OK,,True,2789,0.348625,
ab14be9977d645198f54717810b879c8,426,2026-10-03T16:44:47.015810+07:00,425.0445166170002,425.0445166170002,MONITOR,425.1954476459996,0.9999533700001848,0.2523872880001363,0.0001007410000966047,DISABLED,on,user_reported,36.815513610839844,54.22343444824219,1007.0446875,106711.1328125,True,True,True,176,0,0,109,178,101,2026-10-03T16:44:47.015890+07:00,425.044607672,0.18580556100005197,OK,,True,2026-10-03T16:44:47.201706+07:00,425.2304204740003,0.033529102000102284,OK,,True,1573,0.196625,,2026-10-03T16:44:47.235240+07:00,425.2639540200007,0.032939310999609006,OK,,True,2782,0.34775,
ab14be9977d645198f54717810b879c8,427,2026-10-03T16:44:48.015795+07:00,426.0445037650006,426.0445037650006,MONITOR,426.195434794,0.9999871480004003,0.25176092199944833,8.788900049694348e-05,DISABLED,on,user_reported,36.82316589355469,54.21819305419922,1007.06390625,106777.890625,True,True,True,176,0,0,109,178,101,2026-10-03T16:44:48.015867+07:00,426.04458459800026,0.18581478299984155,OK,,True,2026-10-03T16:44:48.201691+07:00,426.2304060660008,0.03297881099933875,OK,,True,1564,0.1955,,2026-10-03T16:44:48.234671+07:00,426.26338778400077,0.03286812599981204,OK,,True,2781,0.347625,
ab14be9977d645198f54717810b879c8,428,2026-10-03T16:44:49.015792+07:00,427.04450076600006,427.04450076600006,MONITOR,427.1954317949994,0.9999970009994286,0.25179112600017106,8.488999992550816e-05,DISABLED,on,user_reported,36.819976806640625,54.24322509765625,1007.051875,106644.4453125,True,True,True,176,0,0,109,178,101,2026-10-03T16:44:49.015860+07:00,427.04457715400076,0.1858090979994813,OK,,True,2026-10-03T16:44:49.201678+07:00,427.2303930120006,0.032969975999549206,OK,,True,1575,0.196875,,2026-10-03T16:44:49.234649+07:00,427.2633660070005,0.03291632899981778,OK,,True,2781,0.347625,
ab14be9977d645198f54717810b879c8,429,2026-10-03T16:44:50.015796+07:00,428.0445045260003,428.0445045260003,MONITOR,428.1954355549997,1.0000037600002543,0.2517373860000589,8.865000017976854e-05,DISABLED,on,user_reported,36.820613861083984,54.2369384765625,1007.073515625,107382.546875,True,True,True,176,0,0,109,178,101,2026-10-03T16:44:50.015864+07:00,428.04458197000076,0.1858197649999056,OK,,True,2026-10-03T16:44:50.201693+07:00,428.230408161,0.03294438400007493,OK,,True,1560,0.195,,2026-10-03T16:44:50.234638+07:00,428.263355434,0.03287755200017273,OK,,True,2781,0.347625,
ab14be9977d645198f54717810b879c8,430,2026-10-03T16:44:51.015795+07:00,429.04450376800014,429.04450376800014,MONITOR,429.1954347969995,0.9999992419998307,0.25169503500001156,8.789200001046993e-05,DISABLED,on,user_reported,36.81678771972656,54.25550842285156,1007.046875,106911.671875,True,True,True,176,0,0,109,178,101,2026-10-03T16:44:51.015860+07:00,429.0445774160007,0.18581707999965147,OK,,True,2026-10-03T16:44:51.201687+07:00,429.230401496,0.03294442100013839,OK,,True,1573,0.196625,,2026-10-03T16:44:51.234632+07:00,429.2633492140003,0.03284095900016837,OK,,True,2778,0.34725,
ab14be9977d645198f54717810b879c8,431,2026-10-03T16:44:52.015798+07:00,430.04450401100075,430.04450401100075,MONITOR,430.1954350400001,1.0000002430006134,0.25200219899943477,8.813500062387902e-05,DISABLED,on,user_reported,36.82189178466797,54.25625228881836,1007.04140625,106911.671875,True,True,True,176,0,0,109,178,101,2026-10-03T16:44:52.015880+07:00,430.0445978810003,0.18581080199965072,OK,,True,2026-10-03T16:44:52.201702+07:00,430.23041714600004,0.03312853100032953,OK,,True,1573,0.196625,,2026-10-03T16:44:52.234836+07:00,430.26355027000045,0.03294644000015978,OK,,True,2781,0.347625,
ab14be9977d645198f54717810b879c8,432,2026-10-03T16:44:53.016403+07:00,431.04510576900066,431.04510576900066,MONITOR,431.196036798,1.0006017579999025,0.25209608699969976,0.0006898930005263537,DISABLED,on,user_reported,36.825721740722656,54.25682830810547,1007.02703125,106844.7421875,True,True,True,176,0,0,109,178,101,2026-10-03T16:44:53.016487+07:00,431.04520458300067,0.1858311349997166,OK,,True,2026-10-03T16:44:53.202330+07:00,431.2310434780002,0.0332560110000486,OK,,True,1559,0.194875,,2026-10-03T16:44:53.235586+07:00,431.2643023970004,0.032889811000131886,OK,,True,2780,0.34750000000000003,
ab14be9977d645198f54717810b879c8,433,2026-10-03T16:44:54.015796+07:00,432.04450533199997,432.04450533199997,MONITOR,432.19543636099934,0.9993995629993151,0.25174327500008076,8.945599984144792e-05,DISABLED,on,user_reported,36.81678771972656,54.24275588989258,1007.04,106444.90625,True,True,True,176,0,0,109,178,101,2026-10-03T16:44:54.015864+07:00,432.04458142400017,0.18581417299992609,OK,,True,2026-10-03T16:44:54.201688+07:00,432.23040291100006,0.03294945900051971,OK,,True,1566,0.19575,,2026-10-03T16:44:54.234638+07:00,432.26335501800077,0.03288438499930635,OK,,True,2776,0.34700000000000003,
ab14be9977d645198f54717810b879c8,434,2026-10-03T16:44:55.015796+07:00,433.04450502000054,433.04450502000054,MONITOR,433.1954360489999,0.999999688000571,0.25177755299955606,8.914400041248882e-05,DISABLED,on,user_reported,36.821250915527344,54.24342346191406,1007.047265625,106711.1328125,True,True,True,176,0,0,109,178,101,2026-10-03T16:44:55.015863+07:00,433.0445805750005,0.1858202289995461,OK,,True,2026-10-03T16:44:55.201694+07:00,433.2304084330008,0.03299069900003815,OK,,True,1566,0.19575,,2026-10-03T16:44:55.234685+07:00,433.2634019290008,0.03287177399943175,OK,,True,2781,0.347625,
ab14be9977d645198f54717810b879c8,435,2026-10-03T16:44:56.015795+07:00,434.0445039320002,434.0445039320002,MONITOR,434.1954349609996,0.9999989119996826,0.2517434230003346,8.805600009509362e-05,DISABLED,on,user_reported,36.82954788208008,54.26376724243164,1007.04015625,106711.1328125,True,True,True,176,0,0,109,178,101,2026-10-03T16:44:56.015862+07:00,434.0445793200006,0.1858243950000542,OK,,True,2026-10-03T16:44:56.201697+07:00,434.23041136400025,0.03294899499996973,OK,,True,1572,0.1965,,2026-10-03T16:44:56.234646+07:00,434.26336321100007,0.03287490399998205,OK,,True,2778,0.34725,
ab14be9977d645198f54717810b879c8,436,2026-10-03T16:44:57.015809+07:00,435.04451336200054,435.04451336200054,MONITOR,435.1954443909999,1.0000094300003184,0.26239378900027077,9.748600041348254e-05,DISABLED,on,user_reported,36.81806182861328,54.25568771362305,1007.007890625,106577.8515625,True,True,True,176,0,0,109,178,101,2026-10-03T16:44:57.015912+07:00,435.0446291390008,0.19092348699996364,OK,,True,2026-10-03T16:44:57.206858+07:00,435.2355681450008,0.03593547299988131,OK,,True,1578,0.19725,,2026-10-03T16:44:57.242802+07:00,435.2715131550003,0.035371070000110194,OK,,True,2785,0.348125,
ab14be9977d645198f54717810b879c8,437,2026-10-03T16:44:58.015806+07:00,436.04451190500004,436.04451190500004,MONITOR,436.1954429339994,0.9999985429994922,0.25179894100074307,9.602899990568403e-05,DISABLED,on,user_reported,36.820613861083984,54.25606918334961,1006.991484375,106444.90625,True,True,True,176,0,0,109,178,101,2026-10-03T16:44:58.015891+07:00,436.0446084040004,0.18581513600020116,OK,,True,2026-10-03T16:44:58.201718+07:00,436.2304319290006,0.03298345799976232,OK,,True,1567,0.195875,,2026-10-03T16:44:58.234701+07:00,436.26341809099995,0.032882885000617534,OK,,True,2783,0.347875,
ab14be9977d645198f54717810b879c8,438,2026-10-03T16:44:59.015793+07:00,437.04450126200027,437.04450126200027,MONITOR,437.19543229099963,0.9999893570002314,0.251800072000151,8.538600013707764e-05,DISABLED,on,user_reported,36.81487274169922,54.255226135253906,1007.00953125,106777.890625,True,True,True,176,0,0,109,178,101,2026-10-03T16:44:59.015858+07:00,437.04457561300023,0.18581387700032792,OK,,True,2026-10-03T16:44:59.201681+07:00,437.2303961760008,0.032980216999931145,OK,,True,1575,0.196875,,2026-10-03T16:44:59.234662+07:00,437.2633791340004,0.03291240300040954,OK,,True,2781,0.347625,
ab14be9977d645198f54717810b879c8,439,2026-10-03T16:45:00.015797+07:00,438.0445059530002,438.0445059530002,MONITOR,438.1954369819996,1.0000046909999583,0.2519880520003426,9.007700009533437e-05,DISABLED,on,user_reported,36.81104278564453,54.2546501159668,1006.996484375,106777.890625,True,True,True,176,0,0,109,178,101,2026-10-03T16:45:00.015865+07:00,438.04458286000045,0.18581611799982056,OK,,True,2026-10-03T16:45:00.201691+07:00,438.23040547800065,0.0332052339999791,OK,,True,1578,0.19725,,2026-10-03T16:45:00.234897+07:00,438.26361376800014,0.03287077400000271,OK,,True,2779,0.347375,
ab14be9977d645198f54717810b879c8,440,2026-10-03T16:45:01.015794+07:00,439.04450357099995,439.04450357099995,MONITOR,439.1954345999993,0.9999976179997248,0.25173299800007953,8.76949998200871e-05,DISABLED,on,user_reported,36.81806182861328,54.26844024658203,1006.953046875,106444.90625,True,True,True,176,0,0,109,178,101,2026-10-03T16:45:01.015863+07:00,439.0445809040002,0.18581909900058236,OK,,True,2026-10-03T16:45:01.201692+07:00,439.2304071140006,0.03294623700003285,OK,,True,1568,0.196,,2026-10-03T16:45:01.234639+07:00,439.2633562210003,0.032871514999897045,OK,,True,2775,0.346875,
ab14be9977d645198f54717810b879c8,441,2026-10-03T16:45:02.015833+07:00,440.0445376150001,440.0445376150001,MONITOR,440.19546864399945,1.000034044000131,0.2519728670004042,0.00012173899995104875,DISABLED,on,user_reported,36.81487274169922,54.255226135253906,1007.098515625,106511.3359375,True,True,True,176,0,0,109,178,101,2026-10-03T16:45:02.015918+07:00,440.0446350960001,0.18582382100066752,OK,,True,2026-10-03T16:45:02.201753+07:00,440.23046710200015,0.033099273000516405,OK,,True,1561,0.195125,,2026-10-03T16:45:02.234857+07:00,440.26357139300035,0.03292932899967127,OK,,True,2778,0.34725,
ab14be9977d645198f54717810b879c8,442,2026-10-03T16:45:03.015798+07:00,441.04450682600054,441.04450682600054,MONITOR,441.1954378549999,0.9999692110004617,0.25188508999963233,9.095000041270396e-05,DISABLED,on,user_reported,36.813594818115234,54.255027770996094,1007.0828125,106777.890625,True,True,True,176,0,0,109,178,101,2026-10-03T16:45:03.015864+07:00,441.04458212200007,0.18582541400064656,OK,,True,2026-10-03T16:45:03.201699+07:00,441.2304144990003,0.03295884799990745,OK,,True,1567,0.195875,,2026-10-03T16:45:03.234659+07:00,441.2633760510007,0.03300682799999777,OK,,True,2776,0.34700000000000003,
ab14be9977d645198f54717810b879c8,443,2026-10-03T16:45:04.015800+07:00,442.0445075010002,442.0445075010002,MONITOR,442.1954385299996,1.0000006749996828,0.25175768400004017,9.162500009551877e-05,DISABLED,on,user_reported,36.81423568725586,54.26150131225586,1007.056484375,106113.9921875,True,True,True,176,0,0,109,178,101,2026-10-03T16:45:04.015885+07:00,442.0446014450008,0.18582495099963126,OK,,True,2026-10-03T16:45:04.201720+07:00,442.2304342110001,0.03296142199997121,OK,,True,1564,0.1955,,2026-10-03T16:45:04.234682+07:00,442.2633992070005,0.032855643999937456,OK,,True,2777,0.347125,
ab14be9977d645198f54717810b879c8,444,2026-10-03T16:45:05.015805+07:00,443.0445108060003,443.0445108060003,MONITOR,443.19544183499966,1.0000033050000638,0.25175440600014554,9.493000015936559e-05,DISABLED,on,user_reported,36.812957763671875,54.27406692504883,1007.08859375,106444.90625,True,True,True,176,0,0,109,178,101,2026-10-03T16:45:05.015885+07:00,443.04460221299996,0.18581584000003204,OK,,True,2026-10-03T16:45:05.201711+07:00,443.23042533100033,0.03297058800035302,OK,,True,1574,0.19675,,2026-10-03T16:45:05.234682+07:00,443.26339893800014,0.0328570520005087,OK,,True,2778,0.34725,
ab14be9977d645198f54717810b879c8,445,2026-10-03T16:45:06.015796+07:00,444.04450453700065,444.04450453700065,MONITOR,444.195435566,0.9999937310003588,0.2520146639999439,8.866100051818648e-05,DISABLED,on,user_reported,36.819339752197266,54.26225662231445,1007.085078125,106444.90625,True,True,True,176,0,0,109,178,101,2026-10-03T16:45:06.015870+07:00,444.04458792600053,0.1858236729995042,OK,,True,2026-10-03T16:45:06.201704+07:00,444.23041908100004,0.03322547500010842,OK,,True,1563,0.195375,,2026-10-03T16:45:06.234931+07:00,444.26364777800063,0.03286134900008619,OK,,True,2774,0.34675,
ab14be9977d645198f54717810b879c8,446,2026-10-03T16:45:07.015866+07:00,445.0445694350001,445.0445694350001,MONITOR,445.19550046399945,1.0000648979994367,0.252051293000477,0.00015355899995483924,DISABLED,on,user_reported,36.812957763671875,54.27406692504883,1007.074921875,106844.7421875,True,True,True,176,0,0,109,178,101,2026-10-03T16:45:07.015964+07:00,445.0446812680002,0.1858562659999734,OK,,True,2026-10-03T16:45:07.201833+07:00,445.2305460340003,0.0331203280002228,OK,,True,1579,0.197375,,2026-10-03T16:45:07.234957+07:00,445.26367099100025,0.03293851499984157,OK,,True,2781,0.347625,
ab14be9977d645198f54717810b879c8,447,2026-10-03T16:45:08.015849+07:00,446.0445480190001,446.0445480190001,MONITOR,446.19547904799947,0.9999785840000186,0.2628255839999838,0.00013214299997343915,DISABLED,on,user_reported,36.819339752197266,54.26863479614258,1007.057734375,107045.7890625,True,True,True,176,0,0,109,178,101,2026-10-03T16:45:08.015998+07:00,446.0447135740005,0.19177829599993856,OK,,True,2026-10-03T16:45:08.207797+07:00,446.2365072960001,0.03543853300016053,OK,,True,1569,0.196125,,2026-10-03T16:45:08.243239+07:00,446.27195381,0.03539899600036733,OK,,True,2778,0.34725,
ab14be9977d645198f54717810b879c8,448,2026-10-03T16:45:09.015810+07:00,447.04451608599993,447.04451608599993,MONITOR,447.1954471149993,0.999968066999827,0.2517845730008048,0.00010020999980042689,DISABLED,on,user_reported,36.81742477416992,54.27472686767578,1007.0821875,106577.8515625,True,True,True,176,0,0,109,178,101,2026-10-03T16:45:09.015893+07:00,447.0446101410007,0.18582508100007544,OK,,True,2026-10-03T16:45:09.201729+07:00,447.23044366700015,0.03297542100062856,OK,,True,1567,0.195875,,2026-10-03T16:45:09.234705+07:00,447.26342236600067,0.032867756000086956,OK,,True,2779,0.347375,
ab14be9977d645198f54717810b879c8,449,2026-10-03T16:45:10.015799+07:00,448.0445065970007,448.0445065970007,MONITOR,448.19543762600006,0.9999905110007603,0.2517006849993777,9.072100056073396e-05,DISABLED,on,user_reported,36.81742477416992,54.26197052001953,1007.088984375,106577.8515625,True,True,True,176,0,0,109,178,101,2026-10-03T16:45:10.015875+07:00,448.0445927260007,0.18581254499986244,OK,,True,2026-10-03T16:45:10.201698+07:00,448.23041241900046,0.03296019899971725,OK,,True,1569,0.196125,,2026-10-03T16:45:10.234659+07:00,448.26337565500035,0.032822959999975865,OK,,True,2779,0.347375,
ab14be9977d645198f54717810b879c8,450,2026-10-03T16:45:11.015801+07:00,449.0445075530006,449.0445075530006,MONITOR,449.19543858199995,1.0000009559998944,0.25168914799996855,9.167700045509264e-05,DISABLED,on,user_reported,36.811683654785156,54.28662872314453,1007.059140625,106978.6875,True,True,True,176,0,0,109,178,101,2026-10-03T16:45:11.015883+07:00,449.04460086700055,0.18580834099975618,OK,,True,2026-10-03T16:45:11.201701+07:00,449.23041528200065,0.032941978000053496,OK,,True,1577,0.197125,,2026-10-03T16:45:11.234643+07:00,449.2633602780006,0.032828014999722654,OK,,True,2773,0.346625,
ab14be9977d645198f54717810b879c8,451,2026-10-03T16:45:12.015798+07:00,450.0445046020004,450.0445046020004,MONITOR,450.1954356309998,0.9999970489998304,0.2520891450003546,8.872600028553279e-05,DISABLED,on,user_reported,36.808494567871094,54.28615951538086,1007.06078125,106711.1328125,True,True,True,176,0,0,109,178,101,2026-10-03T16:45:12.015878+07:00,450.0445952680002,0.18582174899984238,OK,,True,2026-10-03T16:45:12.201710+07:00,450.23042416499993,0.033276067000770126,OK,,True,1573,0.196625,,2026-10-03T16:45:12.234990+07:00,450.26370460199996,0.03287888600061706,OK,,True,2779,0.347375,
ab14be9977d645198f54717810b879c8,452,2026-10-03T16:45:13.015808+07:00,451.044515781,451.044515781,MONITOR,451.19544680999934,1.0000111789995572,0.25191470200024924,9.990499984269263e-05,DISABLED,on,user_reported,36.815513610839844,54.287193298339844,1007.078984375,106844.7421875,True,True,True,176,0,0,109,178,101,2026-10-03T16:45:13.015880+07:00,451.04459779900026,0.1858023780005169,OK,,True,2026-10-03T16:45:13.201691+07:00,451.23040608500014,0.03319062300033693,OK,,True,1579,0.197375,,2026-10-03T16:45:13.234883+07:00,451.2636002270001,0.03282205200048338,OK,,True,2782,0.34775,
ab14be9977d645198f54717810b879c8,453,2026-10-03T16:45:14.015841+07:00,452.0445406830004,452.0445406830004,MONITOR,452.19547171199974,1.0000249020004048,0.2628514170000926,0.00012480700024752878,DISABLED,on,user_reported,36.80721664428711,54.29234313964844,1007.07921875,106644.4453125,True,True,True,176,0,0,109,178,101,2026-10-03T16:45:14.015991+07:00,452.0447071810004,0.19176448300004267,OK,,True,2026-10-03T16:45:14.207775+07:00,452.23648553400017,0.035419718000412104,OK,,True,1575,0.196875,,2026-10-03T16:45:14.243198+07:00,452.27191297400077,0.035456495999824256,OK,,True,2791,0.348875,
ab14be9977d645198f54717810b879c8,454,2026-10-03T16:45:15.015849+07:00,453.04455386300015,453.04455386300015,MONITOR,453.1954848919995,1.000013179999769,0.251754314000209,0.00013798700001643738,DISABLED,on,user_reported,36.80657958984375,54.30501174926758,1007.05078125,106444.90625,True,True,True,176,0,0,109,178,101,2026-10-03T16:45:15.015935+07:00,453.0446522320008,0.1858233229995676,OK,,True,2026-10-03T16:45:15.201769+07:00,453.23048303700034,0.032981717999973625,OK,,True,1574,0.19675,,2026-10-03T16:45:15.234751+07:00,453.2634676430007,0.03283164499953273,OK,,True,2778,0.34725,
ab14be9977d645198f54717810b879c8,455,2026-10-03T16:45:16.015789+07:00,454.0444975250002,454.0444975250002,MONITOR,454.1954285539996,0.9999436620000779,0.25171633399986604,8.16490000943304e-05,DISABLED,on,user_reported,36.80721664428711,54.31147384643555,1007.045,106777.890625,True,True,True,176,0,0,109,178,101,2026-10-03T16:45:16.015862+07:00,454.04457974700017,0.1858094159997563,OK,,True,2026-10-03T16:45:16.201681+07:00,454.230395218,0.03295914400041511,OK,,True,1573,0.196625,,2026-10-03T16:45:16.234641+07:00,454.263357584,0.03284827500010579,OK,,True,2776,0.34700000000000003,
ab14be9977d645198f54717810b879c8,456,2026-10-03T16:45:17.015841+07:00,455.0445461320005,455.0445461320005,MONITOR,455.19547716099987,1.0000486070002808,0.2519802939996225,0.0001302560003750841,DISABLED,on,user_reported,36.80402374267578,54.317386627197266,1007.0125,106113.9921875,True,True,True,176,0,0,109,178,101,2026-10-03T16:45:17.015928+07:00,455.04464492700026,0.18582836099994893,OK,,True,2026-10-03T16:45:17.201766+07:00,455.23048013900006,0.03312299500066729,OK,,True,1577,0.197125,,2026-10-03T16:45:17.234894+07:00,455.26360846700027,0.03290844100047252,OK,,True,2782,0.34775,
ab14be9977d645198f54717810b879c8,457,2026-10-03T16:45:18.015818+07:00,456.04452635100006,456.04452635100006,MONITOR,456.1954573799994,0.9999802189995535,0.2516515380002602,0.00011047499992855592,DISABLED,on,user_reported,36.8021125793457,54.32986068725586,1006.995625,106711.1328125,True,True,True,176,0,0,109,178,101,2026-10-03T16:45:18.015893+07:00,456.04461051700036,0.18580278599984013,OK,,True,2026-10-03T16:45:18.201704+07:00,456.2304191180001,0.032934644000306434,OK,,True,1579,0.197375,,2026-10-03T16:45:18.234640+07:00,456.26335661400026,0.032813145000545774,OK,,True,2778,0.34725,
ab14be9977d645198f54717810b879c8,458,2026-10-03T16:45:19.015794+07:00,457.0445031440004,457.0445031440004,MONITOR,457.19543417299974,0.9999767930003145,0.25190444399959233,8.726800024305703e-05,DISABLED,on,user_reported,36.7970085144043,54.33547592163086,1006.994296875,106577.8515625,True,True,True,176,0,0,109,178,101,2026-10-03T16:45:19.015865+07:00,457.04458262500066,0.18580741599998873,OK,,True,2026-10-03T16:45:19.201682+07:00,457.2303963560007,0.03318228999978601,OK,,True,1580,0.1975,,2026-10-03T16:45:19.234865+07:00,457.2635820170008,0.03281734799929836,OK,,True,2781,0.347625,
ab14be9977d645198f54717810b879c8,459,2026-10-03T16:45:20.015851+07:00,458.044549493,458.044549493,MONITOR,458.19548052199934,1.0000463489996037,0.26258523400065314,0.0001336169998467085,DISABLED,on,user_reported,36.794456481933594,54.34147644042969,1007.10640625,106378.5546875,True,True,True,176,0,0,109,178,101,2026-10-03T16:45:20.016008+07:00,458.0447243060007,0.19173729799967987,OK,,True,2026-10-03T16:45:20.207763+07:00,458.2364739750001,0.03540006999992329,OK,,True,1605,0.200625,,2026-10-03T16:45:20.243167+07:00,458.27188180400026,0.0352321270001994,OK,,True,2793,0.349125,
ab14be9977d645198f54717810b879c8,460,2026-10-03T16:45:21.015824+07:00,459.0445297690003,459.0445297690003,MONITOR,459.19546079799966,0.9999802760003149,0.2517800369996621,0.00011389300016162451,DISABLED,on,user_reported,36.79254150390625,54.36033248901367,1007.0828125,106711.1328125,True,True,True,176,0,0,109,178,101,2026-10-03T16:45:21.015909+07:00,459.0446266750005,0.18582350900032907,OK,,True,2026-10-03T16:45:21.201743+07:00,459.2304582020006,0.033002791999933834,OK,,True,1568,0.196,,2026-10-03T16:45:21.234748+07:00,459.26346388300044,0.032836553000379354,OK,,True,2774,0.34675,
ab14be9977d645198f54717810b879c8,461,2026-10-03T16:45:22.015833+07:00,460.044538526,460.044538526,MONITOR,460.19546955499936,1.000008756999705,0.2522344790004354,0.00012264999986655312,DISABLED,on,user_reported,36.787437438964844,54.34682083129883,1007.074609375,106511.3359375,True,True,True,176,0,0,109,178,101,2026-10-03T16:45:22.015921+07:00,460.0446387290003,0.18582539799990627,OK,,True,2026-10-03T16:45:22.201759+07:00,460.23047303400017,0.03336588199999824,OK,,True,1569,0.196125,,2026-10-03T16:45:22.235129+07:00,460.2638435640001,0.03292105200034712,OK,,True,2777,0.347125,
ab14be9977d645198f54717810b879c8,462,2026-10-03T16:45:23.015790+07:00,461.0444973400008,461.0444973400008,MONITOR,461.1954283690002,0.99995881400082,0.2517619079999349,8.146400068653747e-05,DISABLED,on,user_reported,36.79381561279297,54.354148864746094,1007.084765625,106378.5546875,True,True,True,176,0,0,109,178,101,2026-10-03T16:45:23.015868+07:00,461.0445858760004,0.185813527999926,OK,,True,2026-10-03T16:45:23.201692+07:00,461.2304071440003,0.03299214399976336,OK,,True,1573,0.196625,,2026-10-03T16:45:23.234686+07:00,461.26340254800016,0.032848663000550005,OK,,True,2777,0.347125,
ab14be9977d645198f54717810b879c8,463,2026-10-03T16:45:24.015790+07:00,462.0444987840001,462.0444987840001,MONITOR,462.19542981299946,1.000001443999281,0.2518160560002798,8.290799996757414e-05,DISABLED,on,user_reported,36.78935241699219,54.35348129272461,1007.036484375,106711.1328125,True,True,True,176,0,0,109,178,101,2026-10-03T16:45:24.015866+07:00,462.044583764,0.18582160200003273,OK,,True,2026-10-03T16:45:24.201697+07:00,462.2304126250001,0.03303008800048701,OK,,True,1570,0.19625,,2026-10-03T16:45:24.234730+07:00,462.2634462320002,0.032861145000424585,OK,,True,2777,0.347125,
ab14be9977d645198f54717810b879c8,464,2026-10-03T16:45:25.015819+07:00,463.0445242280002,463.0445242280002,MONITOR,463.1954552569996,1.00002544400013,0.25178701900040323,0.00010835200009751134,DISABLED,on,user_reported,36.79126739501953,54.33462905883789,1007.053359375,106777.890625,True,True,True,176,0,0,109,178,101,2026-10-03T16:45:25.015906+07:00,463.04462333800075,0.18581360200005292,OK,,True,2026-10-03T16:45:25.201730+07:00,463.230444199,0.03302651400008472,OK,,True,1559,0.194875,,2026-10-03T16:45:25.234758+07:00,463.26347404600074,0.032829422999384406,OK,,True,2783,0.347875,
ab14be9977d645198f54717810b879c8,465,2026-10-03T16:45:26.015836+07:00,464.0445353570003,464.0445353570003,MONITOR,464.1954663859997,1.000011129000086,0.2625177549998625,0.00011948100018344121,DISABLED,on,user_reported,36.786800384521484,54.33396530151367,1007.053046875,106978.6875,True,True,True,176,0,0,109,178,101,2026-10-03T16:45:26.015984+07:00,464.04470007800046,0.19175022499985062,OK,,True,2026-10-03T16:45:26.207754+07:00,464.23646532100065,0.036164045999612426,OK,,True,1568,0.196,,2026-10-03T16:45:26.243924+07:00,464.2726383300005,0.03439878199969826,OK,,True,2778,0.34725,
ab14be9977d645198f54717810b879c8,466,2026-10-03T16:45:27.015928+07:00,465.0446221910006,465.0446221910006,MONITOR,465.19555321999997,1.0000868340002853,0.2531455090002055,0.00020631500046874862,DISABLED,on,user_reported,36.79317855834961,54.328529357910156,1007.06328125,106444.90625,True,True,True,176,0,0,109,178,101,2026-10-03T16:45:27.016094+07:00,465.0448098750003,0.1868299460002163,OK,,True,2026-10-03T16:45:27.202936+07:00,465.2316493950002,0.03318538300027285,OK,,True,1565,0.195625,,2026-10-03T16:45:27.236126+07:00,465.2648397410003,0.03291847800028336,OK,,True,2778,0.34725,
ab14be9977d645198f54717810b879c8,467,2026-10-03T16:45:28.015788+07:00,466.04449619300067,466.04449619300067,MONITOR,466.19542722200003,0.9998740020000696,0.2516894089994821,8.031700053834356e-05,DISABLED,on,user_reported,36.78424835205078,54.314449310302734,1007.04890625,106911.671875,True,True,True,176,0,0,109,178,101,2026-10-03T16:45:28.015863+07:00,466.04458085900023,0.18581356499998947,OK,,True,2026-10-03T16:45:28.201687+07:00,466.2304014050005,0.032955218000097375,OK,,True,1568,0.196,,2026-10-03T16:45:28.234643+07:00,466.26335956799994,0.032818719000715646,OK,,True,2776,0.34700000000000003,
ab14be9977d645198f54717810b879c8,468,2026-10-03T16:45:29.015796+07:00,467.0445045460001,467.0445045460001,MONITOR,467.19543557499946,1.00000835299943,0.251704706000055,8.866999996826053e-05,DISABLED,on,user_reported,36.78488540649414,54.308170318603516,1007.056796875,106644.4453125,True,True,True,176,0,0,109,178,101,2026-10-03T16:45:29.015872+07:00,467.04458987900034,0.18582154599971545,OK,,True,2026-10-03T16:45:29.201704+07:00,467.23041901800025,0.032938162999926135,OK,,True,1575,0.196875,,2026-10-03T16:45:29.234643+07:00,467.26336010700015,0.03284018200065475,OK,,True,2775,0.346875,
ab14be9977d645198f54717810b879c8,469,2026-10-03T16:45:30.015796+07:00,468.04450401100075,468.04450401100075,MONITOR,468.1954350400001,0.9999994650006556,0.2516702429993529,8.813500062387902e-05,DISABLED,on,user_reported,36.78488540649414,54.308170318603516,1006.9815625,106911.671875,True,True,True,176,0,0,109,178,101,2026-10-03T16:45:30.015869+07:00,468.04458686199996,0.18582143599996925,OK,,True,2026-10-03T16:45:30.201702+07:00,468.2304162240007,0.03294010699937644,OK,,True,1576,0.197,,2026-10-03T16:45:30.234642+07:00,468.26335942400056,0.03280690399969899,OK,,True,2777,0.347125,
ab14be9977d645198f54717810b879c8,470,2026-10-03T16:45:31.015830+07:00,469.0445361990005,469.0445361990005,MONITOR,469.19546722799987,1.00003218799975,0.2517048720001185,0.00012032300037390087,DISABLED,on,user_reported,36.78488540649414,54.28266525268555,1007.008828125,106711.1328125,True,True,True,176,0,0,109,178,101,2026-10-03T16:45:31.015917+07:00,469.0446342540008,0.18581934199937677,OK,,True,2026-10-03T16:45:31.201747+07:00,469.23046157800036,0.03294912599994859,OK,,True,1573,0.196625,,2026-10-03T16:45:31.234697+07:00,469.2634138330004,0.032818996999594674,OK,,True,2774,0.34675,
ab14be9977d645198f54717810b879c8,471,2026-10-03T16:45:32.015794+07:00,470.0445017580005,470.0445017580005,MONITOR,470.19543278699985,0.9999655589999747,0.2561291909996726,8.588200034864713e-05,DISABLED,on,user_reported,36.78488540649414,54.27628707885742,1007.01578125,106777.890625,True,True,True,176,0,0,109,178,101,2026-10-03T16:45:32.015871+07:00,470.04458840500047,0.18697666800017032,OK,,True,2026-10-03T16:45:32.202862+07:00,470.2315754990004,0.034949703000165755,OK,,True,1561,0.195125,,2026-10-03T16:45:32.237818+07:00,470.2665310910006,0.034088061999682395,OK,,True,2771,0.346375,
ab14be9977d645198f54717810b879c8,472,2026-10-03T16:45:33.015799+07:00,471.04450463100056,471.04450463100056,MONITOR,471.19543565999993,1.000002873000085,0.2516805579998618,8.875500043359352e-05,DISABLED,on,user_reported,36.78807830810547,54.270381927490234,1007.027578125,106711.1328125,True,True,True,176,0,0,109,178,101,2026-10-03T16:45:33.015881+07:00,471.0445989460004,0.1858187320003708,OK,,True,2026-10-03T16:45:33.201712+07:00,471.23042540000006,0.03294316300070932,OK,,True,1578,0.19725,,2026-10-03T16:45:33.234654+07:00,471.2633712659999,0.032804905000375584,OK,,True,2776,0.34700000000000003,
ab14be9977d645198f54717810b879c8,473,2026-10-03T16:45:34.015795+07:00,472.04450280200035,472.04450280200035,MONITOR,472.1954338309997,0.9999981709997883,0.2516521509996892,8.692600022186525e-05,DISABLED,on,user_reported,36.779781341552734,54.26277160644531,1006.986875,106911.671875,True,True,True,176,0,0,109,178,101,2026-10-03T16:45:34.015874+07:00,472.04459196800053,0.1858158059994821,OK,,True,2026-10-03T16:45:34.201701+07:00,472.2304154960002,0.03293766299975687,OK,,True,1573,0.196625,,2026-10-03T16:45:34.234639+07:00,472.26335578900034,0.03279147900047974,OK,,True,2778,0.34725,
ab14be9977d645198f54717810b879c8,474,2026-10-03T16:45:35.015796+07:00,473.04450275100044,473.04450275100044,MONITOR,473.1954337799998,0.9999999490000846,0.2517232990003322,8.687500030646333e-05,DISABLED,on,user_reported,36.77659225463867,54.25592803955078,1006.981796875,106711.1328125,True,True,True,176,0,0,109,178,101,2026-10-03T16:45:35.015877+07:00,473.0445950100002,0.18581012100003136,OK,,True,2026-10-03T16:45:35.201698+07:00,473.23041218600065,0.032973995999782346,OK,,True,1576,0.197,,2026-10-03T16:45:35.234673+07:00,473.26338918200054,0.03282862699961697,OK,,True,2774,0.34675,
ab14be9977d645198f54717810b879c8,475,2026-10-03T16:45:36.015798+07:00,474.0445049780001,474.0445049780001,MONITOR,474.19543600699944,1.0000022269996407,0.25164902200049255,8.910199994716095e-05,DISABLED,on,user_reported,36.778507232666016,54.26258087158203,1007.0121875,106511.3359375,True,True,True,176,0,0,109,178,101,2026-10-03T16:45:36.015880+07:00,474.0445979770002,0.18581252900003165,OK,,True,2026-10-03T16:45:36.201704+07:00,474.2304180430001,0.03293062600005214,OK,,True,1573,0.196625,,2026-10-03T16:45:36.234634+07:00,474.26335131700034,0.03279505299997254,OK,,True,2773,0.346625,
ab14be9977d645198f54717810b879c8,476,2026-10-03T16:45:37.015800+07:00,475.04450600200016,475.04450600200016,MONITOR,475.1954370309995,1.0000010240000847,0.2606289180002932,9.012600003188709e-05,DISABLED,on,user_reported,36.772762298583984,54.2553596496582,1007.098671875,106644.4453125,True,True,True,176,0,0,109,178,101,2026-10-03T16:45:37.015882+07:00,475.0445998720006,0.19082802799948695,OK,,True,2026-10-03T16:45:37.206747+07:00,475.2354525110004,0.035009592000278644,OK,,True,1571,0.196375,,2026-10-03T16:45:37.241774+07:00,475.2704799360008,0.03463852099957876,OK,,True,2778,0.34725,
ab14be9977d645198f54717810b879c8,477,2026-10-03T16:45:38.015839+07:00,476.0445441560005,476.0445441560005,MONITOR,476.19547518499985,1.0000381540003218,0.2519916849996662,0.0001282800003536977,DISABLED,on,user_reported,36.7682991027832,54.25469970703125,1007.1325,107112.96875,True,True,True,176,0,0,109,178,101,2026-10-03T16:45:38.015923+07:00,476.0446404330005,0.1858236019998003,OK,,True,2026-10-03T16:45:38.201760+07:00,476.23047357199994,0.03323238300072262,OK,,True,1569,0.196125,,2026-10-03T16:45:38.234992+07:00,476.2637090300004,0.03281760800018674,OK,,True,2777,0.347125,
ab14be9977d645198f54717810b879c8,478,2026-10-03T16:45:39.015926+07:00,477.04463203200066,477.04463203200066,MONITOR,477.19556306100003,1.0000878760001797,0.2516666699993948,0.00021615600053337403,DISABLED,on,user_reported,36.76957321166992,54.267635345458984,1007.0934375,107247.59375,True,True,True,176,0,0,109,178,101,2026-10-03T16:45:39.016012+07:00,477.0447300680007,0.18580915799975628,OK,,True,2026-10-03T16:45:39.201831+07:00,477.2305466890002,0.03291757100032555,OK,,True,1575,0.196875,,2026-10-03T16:45:39.234750+07:00,477.26346726000065,0.03282314499938366,OK,,True,2774,0.34675,
ab14be9977d645198f54717810b879c8,479,2026-10-03T16:45:40.015787+07:00,478.04449368800033,478.04449368800033,MONITOR,478.1954247169997,0.9998616559996663,0.25170181700013927,7.781200019962853e-05,DISABLED,on,user_reported,36.780418395996094,54.243751525878906,1007.09734375,107315.03125,True,True,True,176,0,0,109,178,101,2026-10-03T16:45:40.015867+07:00,478.04458463100036,0.185809251000137,OK,,True,2026-10-03T16:45:40.201687+07:00,478.23040132700044,0.03295540399994934,OK,,True,1575,0.196875,,2026-10-03T16:45:40.234643+07:00,478.2633595269999,0.032828404000611044,OK,,True,2771,0.346375,
ab14be9977d645198f54717810b879c8,480,2026-10-03T16:45:41.015795+07:00,479.0445018240007,479.0445018240007,MONITOR,479.19543285300006,1.0000081360003605,0.2517454109993196,8.594800056016538e-05,DISABLED,on,user_reported,36.78169631958008,54.23755645751953,1007.078984375,107315.03125,True,True,True,176,0,0,109,178,101,2026-10-03T16:45:41.015877+07:00,479.04459493500053,0.18581556600020122,OK,,True,2026-10-03T16:45:41.201704+07:00,479.23041848200046,0.032978625999930955,OK,,True,1577,0.197125,,2026-10-03T16:45:41.234684+07:00,479.26340053400054,0.0328385149996393,OK,,True,2773,0.346625,
ab14be9977d645198f54717810b879c8,481,2026-10-03T16:45:42.015788+07:00,480.0444962020001,480.0444962020001,MONITOR,480.1954272309995,0.9999943779994283,0.2535212680004406,8.032599998841761e-05,DISABLED,on,user_reported,36.783607482910156,54.23783493041992,1007.0615625,106444.90625,True,True,True,176,0,0,109,178,101,2026-10-03T16:45:42.015871+07:00,480.04458897900076,0.18596878799962724,OK,,True,2026-10-03T16:45:42.201855+07:00,480.23056824800005,0.032960367000669066,OK,,True,1561,0.195125,,2026-10-03T16:45:42.234821+07:00,480.26353468900015,0.03446316999998089,OK,,True,2781,0.347625,
ab14be9977d645198f54717810b879c8,482,2026-10-03T16:45:43.015824+07:00,481.0445283400004,481.0445283400004,MONITOR,481.19545936899976,1.0000321380002788,0.2617138180003167,0.00011246400026720949,DISABLED,on,user_reported,36.779781341552734,54.230892181396484,1007.0690625,107382.546875,True,True,True,176,0,0,109,178,101,2026-10-03T16:45:43.015929+07:00,481.0446460610001,0.19093265799983783,OK,,True,2026-10-03T16:45:43.206884+07:00,481.2355946080006,0.03543503299988515,OK,,True,1562,0.19525,,2026-10-03T16:45:43.242324+07:00,481.2710376970008,0.03518673899998248,OK,,True,2782,0.34775,
ab14be9977d645198f54717810b879c8,483,2026-10-03T16:45:44.015885+07:00,482.04458495900053,482.04458495900053,MONITOR,482.1955159879999,1.0000566190001337,0.26274525499957235,0.00016908300040086033,DISABLED,on,user_reported,36.77404022216797,54.21730041503906,1007.10078125,106911.671875,True,True,True,176,0,0,109,178,101,2026-10-03T16:45:44.016008+07:00,482.0447250690004,0.19125048899968533,OK,,True,2026-10-03T16:45:44.207281+07:00,482.2359912990005,0.036137805999715056,OK,,True,1584,0.198,,2026-10-03T16:45:44.243423+07:00,482.2721376970003,0.03517272099998081,OK,,True,2783,0.347875,
ab14be9977d645198f54717810b879c8,484,2026-10-03T16:45:45.015839+07:00,483.0445403950007,483.0445403950007,MONITOR,483.19547142400006,0.9999554360001639,0.2621100930000466,0.00012451900056476006,DISABLED,on,user_reported,36.77404022216797,54.21730041503906,1007.066640625,106711.1328125,True,True,True,176,0,0,109,178,101,2026-10-03T16:45:45.015966+07:00,483.04468231900046,0.19124910099981207,OK,,True,2026-10-03T16:45:45.207236+07:00,483.23594675300046,0.03539021899996442,OK,,True,1590,0.19875,,2026-10-03T16:45:45.242630+07:00,483.2713445640002,0.0352882020006291,OK,,True,2793,0.349125,
ab14be9977d645198f54717810b879c8,485,2026-10-03T16:45:46.015860+07:00,484.0445642000004,484.0445642000004,MONITOR,484.1954952289998,1.0000238049997279,0.2517283930001213,0.00014832400029263226,DISABLED,on,user_reported,36.783607482910156,54.205963134765625,1007.0684375,107382.546875,True,True,True,176,0,0,109,178,101,2026-10-03T16:45:46.015947+07:00,484.0446633110005,0.18582982499992795,OK,,True,2026-10-03T16:45:46.201788+07:00,484.23050208099994,0.03295851400071115,OK,,True,1565,0.195625,,2026-10-03T16:45:46.234747+07:00,484.2634640210008,0.032820849000017915,OK,,True,2777,0.347125,
ab14be9977d645198f54717810b879c8,486,2026-10-03T16:45:47.015843+07:00,485.0445466730007,485.0445466730007,MONITOR,485.19547770200006,0.9999824730002729,0.2524077399993985,0.00013079700056550791,DISABLED,on,user_reported,36.779781341552734,54.20539855957031,1007.02109375,107247.59375,True,True,True,176,0,0,109,178,101,2026-10-03T16:45:47.015935+07:00,485.04465235800035,0.18633928399958677,OK,,True,2026-10-03T16:45:47.202288+07:00,485.23100097600036,0.03333704899978329,OK,,True,1566,0.19575,,2026-10-03T16:45:47.235630+07:00,485.2643435990003,0.03259851700022409,OK,,True,2761,0.345125,
ab14be9977d645198f54717810b879c8,487,2026-10-03T16:45:48.015805+07:00,486.04451096200046,486.04451096200046,MONITOR,486.1954419909998,0.9999642889997631,0.25172055900020496,9.508600032859249e-05,DISABLED,on,user_reported,36.78424835205078,54.212432861328125,1007.028359375,106844.7421875,True,True,True,176,0,0,109,178,101,2026-10-03T16:45:48.015887+07:00,486.0446048870008,0.18581617799918604,OK,,True,2026-10-03T16:45:48.201716+07:00,486.2304290460006,0.03296823700020468,OK,,True,1576,0.197,,2026-10-03T16:45:48.234684+07:00,486.2634005050004,0.0328237009998702,OK,,True,2778,0.34725,
ab14be9977d645198f54717810b879c8,488,2026-10-03T16:45:49.015836+07:00,487.04454041700046,487.04454041700046,MONITOR,487.19547144599983,1.0000294550000035,0.2517480409997006,0.00012454100033210125,DISABLED,on,user_reported,36.77659225463867,54.204933166503906,1007.029609375,106978.6875,True,True,True,176,0,0,109,178,101,2026-10-03T16:45:49.015923+07:00,487.04464037900016,0.18582034400060365,OK,,True,2026-10-03T16:45:49.201755+07:00,487.230468834,0.03297623700018448,OK,,True,1569,0.196125,,2026-10-03T16:45:49.234731+07:00,487.2634480710003,0.03283205299976544,OK,,True,2775,0.346875,
ab14be9977d645198f54717810b879c8,489,2026-10-03T16:45:50.015845+07:00,488.04455013200004,488.04455013200004,MONITOR,488.1954811609994,1.0000097149995781,0.2517516890002298,0.00013425599991023773,DISABLED,on,user_reported,36.77659225463867,54.204933166503906,1007.0090625,107247.59375,True,True,True,176,0,0,109,178,101,2026-10-03T16:45:50.015933+07:00,488.04465074200016,0.18583036300060485,OK,,True,2026-10-03T16:45:50.201776+07:00,488.23048958600066,0.03296979300012026,OK,,True,1565,0.195625,,2026-10-03T16:45:50.234746+07:00,488.263462379,0.03282997900078044,OK,,True,2785,0.348125,
ab14be9977d645198f54717810b879c8,490,2026-10-03T16:45:51.016487+07:00,489.045183231,489.045183231,MONITOR,489.1961142599994,1.0006330989999697,0.2629571990000841,0.000767354999879899,DISABLED,on,user_reported,36.773399353027344,54.21720504760742,1007.031171875,107450.15625,True,True,True,176,0,0,109,178,101,2026-10-03T16:45:51.016626+07:00,489.04534267500003,0.19159006100016995,OK,,True,2026-10-03T16:45:51.208239+07:00,489.23694897600035,0.03601006700046128,OK,,True,1595,0.199375,,2026-10-03T16:45:51.244252+07:00,489.2729669870005,0.035154701999999816,OK,,True,2786,0.34825,
ab14be9977d645198f54717810b879c8,491,2026-10-03T16:45:52.015917+07:00,490.0446194140004,490.0446194140004,MONITOR,490.1955504429998,0.9994361830003982,0.2563120450004135,0.00020353800027805846,DISABLED,on,user_reported,36.773399353027344,54.21720504760742,1006.990078125,106844.7421875,True,True,True,176,0,0,109,178,101,2026-10-03T16:45:52.016044+07:00,490.0447595430005,0.18705389099977765,OK,,True,2026-10-03T16:45:52.203111+07:00,490.2318238600001,0.03367215800062695,OK,,True,1564,0.1955,,2026-10-03T16:45:52.236791+07:00,490.26550359200064,0.035410829999818816,OK,,True,2761,0.345125,
ab14be9977d645198f54717810b879c8,492,2026-10-03T16:45:53.018299+07:00,491.0470050390004,491.0470050390004,MONITOR,491.19793606799976,1.002385624999988,0.25168928200037044,0.002589163000266126,DISABLED,on,user_reported,36.77659225463867,54.217681884765625,1007.0228125,107180.2421875,True,True,True,176,0,0,109,178,101,2026-10-03T16:45:53.018381+07:00,491.04709822400037,0.1858201220002229,OK,,True,2026-10-03T16:45:53.204214+07:00,491.23292730899993,0.03294255200034968,OK,,True,1569,0.196125,,2026-10-03T16:45:53.237156+07:00,491.2658728430006,0.03281332999995357,OK,,True,2781,0.347625,
ab14be9977d645198f54717810b879c8,493,2026-10-03T16:45:54.018115+07:00,492.0468201650001,492.0468201650001,MONITOR,492.19775119399947,0.999815125999703,0.25172596700031136,0.0024042889999691397,DISABLED,on,user_reported,36.77404022216797,54.204551696777344,1007.011875,107382.546875,True,True,True,176,0,0,109,178,101,2026-10-03T16:45:54.018204+07:00,492.04692121900007,0.1858199380003498,OK,,True,2026-10-03T16:45:54.204036+07:00,492.23274965700057,0.032967848000225786,OK,,True,1578,0.19725,,2026-10-03T16:45:54.237004+07:00,492.2657207460006,0.03281721899929835,OK,,True,2780,0.34750000000000003,
ab14be9977d645198f54717810b879c8,494,2026-10-03T16:45:55.018274+07:00,493.0469822700006,493.0469822700006,MONITOR,493.197913299,1.000162105000527,0.2518323549993511,0.002566394000496075,DISABLED,on,user_reported,36.779144287109375,54.21167755126953,1007.143359375,106978.6875,True,True,True,176,0,0,109,178,101,2026-10-03T16:45:55.018348+07:00,493.04706539900053,0.18581545599954552,OK,,True,2026-10-03T16:45:55.204176+07:00,493.23288931800016,0.03307068000049185,OK,,True,1580,0.1975,,2026-10-03T16:45:55.237250+07:00,493.2659644610003,0.032841053000083775,OK,,True,2779,0.347375,
ab14be9977d645198f54717810b879c8,495,2026-10-03T16:45:56.015796+07:00,494.04450400600035,494.04450400600035,MONITOR,494.1954350349997,0.9975217359997259,0.25170748599975923,8.813000022200868e-05,DISABLED,on,user_reported,36.773399353027344,54.223575592041016,1007.0859375,107382.546875,True,True,True,176,0,0,109,178,101,2026-10-03T16:45:56.015868+07:00,494.0445855420003,0.18582445599986386,OK,,True,2026-10-03T16:45:56.201705+07:00,494.230418442,0.0329713860000993,OK,,True,1577,0.197125,,2026-10-03T16:45:56.234677+07:00,494.2633930130005,0.032810183000037796,OK,,True,2779,0.347375,
ab14be9977d645198f54717810b879c8,496,2026-10-03T16:45:57.015797+07:00,495.04450468699997,495.04450468699997,MONITOR,495.19543571599934,1.0000006809996194,0.2645768720003616,8.881099984137109e-05,DISABLED,on,user_reported,36.76702117919922,54.21625900268555,1007.103046875,107247.59375,True,True,True,176,0,0,109,178,101,2026-10-03T16:45:57.015873+07:00,495.0445909270002,0.1897739450005247,OK,,True,2026-10-03T16:45:57.205671+07:00,495.23438144600004,0.03721135400064668,OK,,True,1549,0.193625,,2026-10-03T16:45:57.242895+07:00,495.2716045590005,0.03745088899995608,OK,,True,2781,0.347625,
ab14be9977d645198f54717810b879c8,497,2026-10-03T16:45:58.015816+07:00,496.0445242200003,496.0445242200003,MONITOR,496.1954552489997,1.0000195330003407,0.2516871159996299,0.00010834400018211454,DISABLED,on,user_reported,36.77467727661133,54.2173957824707,1007.08125,107180.2421875,True,True,True,176,0,0,109,178,101,2026-10-03T16:45:58.015892+07:00,496.0446099790006,0.18581162299960852,OK,,True,2026-10-03T16:45:58.201716+07:00,496.2304296760003,0.032955532999949355,OK,,True,1567,0.195875,,2026-10-03T16:45:58.234672+07:00,496.26338837599997,0.0328146090005248,OK,,True,2778,0.34725,
ab14be9977d645198f54717810b879c8,498,2026-10-03T16:45:59.015797+07:00,497.04450540200014,497.04450540200014,MONITOR,497.1954364309995,0.9999811819998286,0.2522946310000407,8.952600001066457e-05,DISABLED,on,user_reported,36.771488189697266,54.22967529296875,1007.048671875,107585.625,True,True,True,176,0,0,109,178,101,2026-10-03T16:45:59.015869+07:00,497.04458703100045,0.1858559559996138,OK,,True,2026-10-03T16:45:59.201748+07:00,497.23045172799993,0.033480845000667614,OK,,True,1578,0.19725,,2026-10-03T16:45:59.235224+07:00,497.26393798000026,0.03285233099995821,OK,,True,2778,0.34725,
ab14be9977d645198f54717810b879c8,499,2026-10-03T16:46:00.015799+07:00,498.044507177,498.044507177,MONITOR,498.1954382059994,1.0000017749998733,0.25192787400010275,9.130099988396978e-05,DISABLED,on,user_reported,36.773399353027344,54.22995376586914,1007.038046875,106978.6875,True,True,True,176,0,0,109,178,101,2026-10-03T16:46:00.015878+07:00,498.04459543600024,0.1858276040002238,OK,,True,2026-10-03T16:46:00.201718+07:00,498.23043120700004,0.03312794000066788,OK,,True,1582,0.19775,,2026-10-03T16:46:00.234850+07:00,498.26356333200056,0.03286157099955744,OK,,True,2783,0.347875,
ab14be9977d645198f54717810b879c8,500,2026-10-03T16:46:01.015800+07:00,499.04450752699995,499.04450752699995,MONITOR,499.1954385559993,1.0000003499999366,0.251930170000378,9.165099982055835e-05,DISABLED,on,user_reported,36.779781341552734,54.224517822265625,1007.0621875,107112.96875,True,True,True,176,0,0,109,178,101,2026-10-03T16:46:01.015877+07:00,499.044594211,0.18583292000039364,OK,,True,2026-10-03T16:46:01.201722+07:00,499.2304352600004,0.033098144000177854,OK,,True,1568,0.196,,2026-10-03T16:46:01.234824+07:00,499.26353846000075,0.03289031099939166,OK,,True,2777,0.347125,
ab14be9977d645198f54717810b879c8,501,2026-10-03T16:46:02.015799+07:00,500.0445073030005,500.0445073030005,MONITOR,500.19543833199987,0.9999997760005499,0.25197065100019245,9.14270003704587e-05,DISABLED,on,user_reported,36.77595520019531,54.22395706176758,1007.069609375,107315.03125,True,True,True,176,0,0,109,178,101,2026-10-03T16:46:02.015872+07:00,500.04458937600066,0.18583373399997072,OK,,True,2026-10-03T16:46:02.201718+07:00,500.2304316660002,0.03318771700014622,OK,,True,1574,0.19675,,2026-10-03T16:46:02.234910+07:00,500.2636244760006,0.032844718999513134,OK,,True,2772,0.34650000000000003,
ab14be9977d645198f54717810b879c8,502,2026-10-03T16:46:03.015795+07:00,501.0445035980001,501.0445035980001,MONITOR,501.1954346269995,0.9999962949996188,0.2519833550004478,8.772199998929864e-05,DISABLED,on,user_reported,36.770851135253906,54.22319412231445,1007.06140625,106777.890625,True,True,True,176,0,0,109,178,101,2026-10-03T16:46:03.015867+07:00,501.0445848930003,0.18584588300018368,OK,,True,2026-10-03T16:46:03.201727+07:00,501.23044049800046,0.03300231100001838,OK,,True,1572,0.1965,,2026-10-03T16:46:03.234731+07:00,501.2634464020002,0.03302994000023318,OK,,True,2771,0.346375,
ab14be9977d645198f54717810b879c8,503,2026-10-03T16:46:04.015797+07:00,502.0445058000005,502.0445058000005,MONITOR,502.19543682899985,1.0000022020003598,0.2524801479994494,8.992400034912862e-05,DISABLED,on,user_reported,36.76638412475586,54.216163635253906,1006.9925,106978.6875,True,True,True,176,0,0,109,178,101,2026-10-03T16:46:04.015871+07:00,502.0445886890002,0.18583825299992895,OK,,True,2026-10-03T16:46:04.201722+07:00,502.2304358670008,0.033238735999475466,OK,,True,1574,0.19675,,2026-10-03T16:46:04.234963+07:00,502.2636784360002,0.03329551299975719,OK,,True,2772,0.34650000000000003,
ab14be9977d645198f54717810b879c8,504,2026-10-03T16:46:05.015799+07:00,503.0445077260001,503.0445077260001,MONITOR,503.1954387549995,1.0000019259996407,0.2519928740002797,9.184999998979038e-05,DISABLED,on,user_reported,36.771488189697266,54.22967529296875,1007.055546875,106978.6875,True,True,True,176,0,0,109,178,101,2026-10-03T16:46:05.015876+07:00,503.0445935030002,0.1858624750002491,OK,,True,2026-10-03T16:46:05.201751+07:00,503.2304645330005,0.03298799699950905,OK,,True,1565,0.195625,,2026-10-03T16:46:05.234741+07:00,503.2634564560003,0.03303327400044509,OK,,True,2769,0.346125,
ab14be9977d645198f54717810b879c8,505,2026-10-03T16:46:06.015800+07:00,504.0445066150005,504.0445066150005,MONITOR,504.19543764399987,0.9999988890003806,0.25217048400008935,9.073900037037674e-05,DISABLED,on,user_reported,36.76319122314453,54.22844314575195,1007.0284375,107450.15625,True,True,True,176,0,0,109,178,101,2026-10-03T16:46:06.015882+07:00,504.04459928100005,0.1858342530003938,OK,,True,2026-10-03T16:46:06.201729+07:00,504.23044238500006,0.03335434600012377,OK,,True,1568,0.196,,2026-10-03T16:46:06.235088+07:00,504.2638018790003,0.03286542299974826,OK,,True,2777,0.347125,
ab14be9977d645198f54717810b879c8,506,2026-10-03T16:46:07.015797+07:00,505.04450593,505.04450593,MONITOR,505.1954369589994,0.9999993149995134,0.2529075340007694,9.005399988382123e-05,DISABLED,on,user_reported,36.76000213623047,54.22797393798828,1007.023359375,107112.96875,True,True,True,176,0,0,109,178,101,2026-10-03T16:46:07.015873+07:00,505.0445898000007,0.18596619599975384,OK,,True,2026-10-03T16:46:07.201854+07:00,505.23056681100024,0.03368969500024832,OK,,True,1549,0.193625,,2026-10-03T16:46:07.235548+07:00,505.26426191300015,0.033138440000584524,OK,,True,2779,0.347375,
ab14be9977d645198f54717810b879c8,507,2026-10-03T16:46:08.015800+07:00,506.0445089490004,506.0445089490004,MONITOR,506.19543997799974,1.00000301900036,0.2516810799997984,9.307300024374854e-05,DISABLED,on,user_reported,36.76128005981445,54.24091720581055,1006.997890625,107247.59375,True,True,True,176,0,0,109,178,101,2026-10-03T16:46:08.015873+07:00,506.0445904850003,0.1859544939998159,OK,,True,2026-10-03T16:46:08.201842+07:00,506.23055560800003,0.032747147000009136,OK,,True,1563,0.195375,,2026-10-03T16:46:08.234594+07:00,506.26330829200015,0.03287218200057396,OK,,True,2780,0.34750000000000003,
ab14be9977d645198f54717810b879c8,508,2026-10-03T16:46:09.015796+07:00,507.0445040610002,507.0445040610002,MONITOR,507.1954350899996,0.9999951119998514,0.2550516119999884,8.818500009510899e-05,DISABLED,on,user_reported,36.76319122314453,54.24119186401367,1007.0215625,106978.6875,True,True,True,176,0,0,109,178,101,2026-10-03T16:46:09.015870+07:00,507.0445872090004,0.18931513499956054,OK,,True,2026-10-03T16:46:09.205202+07:00,507.2339137700001,0.032711832000131835,OK,,True,1545,0.193125,,2026-10-03T16:46:09.237918+07:00,507.2666315460001,0.032914219000304,OK,,True,2775,0.346875,
ab14be9977d645198f54717810b879c8,509,2026-10-03T16:46:10.015799+07:00,508.04450758200073,508.04450758200073,MONITOR,508.1954386110001,1.000003521000508,0.25371619499946974,9.170600060315337e-05,DISABLED,on,user_reported,36.764469146728516,54.24775314331055,1007.003125,107180.2421875,True,True,True,176,0,0,109,178,101,2026-10-03T16:46:10.015871+07:00,508.0445882849999,0.18583354900056293,OK,,True,2026-10-03T16:46:10.201716+07:00,508.23042983400046,0.034350523999819416,OK,,True,1571,0.196375,,2026-10-03T16:46:10.236075+07:00,508.26478830199994,0.033423993000724295,OK,,True,2774,0.34675,
ab14be9977d645198f54717810b879c8,510,2026-10-03T16:46:11.015801+07:00,509.0445087500002,509.0445087500002,MONITOR,509.19543977899957,1.0000011679994714,0.25241205700058345,9.287400007451652e-05,DISABLED,on,user_reported,36.76255416870117,54.24109649658203,1006.993125,107382.546875,True,True,True,176,0,0,109,178,101,2026-10-03T16:46:11.015880+07:00,509.04459736100034,0.18593547500040586,OK,,True,2026-10-03T16:46:11.201830+07:00,509.2305429100006,0.03320642099970428,OK,,True,1579,0.197375,,2026-10-03T16:46:11.235042+07:00,509.263755553,0.03315349500007869,OK,,True,2772,0.34650000000000003,
ab14be9977d645198f54717810b879c8,511,2026-10-03T16:46:12.015794+07:00,510.04450262299997,510.04450262299997,MONITOR,510.19543365199934,0.9999938729997666,0.25611003000085475,8.674699984112522e-05,DISABLED,on,user_reported,36.760643005371094,54.253562927246094,1007.113203125,106711.1328125,True,True,True,176,0,0,109,178,101,2026-10-03T16:46:12.015867+07:00,510.04458445599994,0.1890976740005499,OK,,True,2026-10-03T16:46:12.204982+07:00,510.233693315,0.03418815400073072,OK,,True,1565,0.195625,,2026-10-03T16:46:12.239179+07:00,510.2678902840007,0.03270972099926439,OK,,True,2771,0.346375,
ab14be9977d645198f54717810b879c8,512,2026-10-03T16:46:13.015854+07:00,511.04455303300074,511.04455303300074,MONITOR,511.1954840620001,1.0000504100007674,0.26466776300003403,0.00013715700060856761,DISABLED,on,user_reported,36.75617218017578,54.259281158447266,1007.085390625,107045.7890625,True,True,True,176,0,0,109,178,101,2026-10-03T16:46:13.016001+07:00,511.044716847,0.1939346380004281,OK,,True,2026-10-03T16:46:13.209961+07:00,511.23867026300013,0.034890945000370266,OK,,True,1575,0.196875,,2026-10-03T16:46:13.244861+07:00,511.2735713560005,0.035627348000161874,OK,,True,2769,0.346125,
ab14be9977d645198f54717810b879c8,513,2026-10-03T16:46:14.015989+07:00,512.0446974619999,512.0446974619999,MONITOR,512.1956284909993,1.0001444289991923,0.25462113300000055,0.00028158599980088184,DISABLED,on,user_reported,36.75553512573242,54.252811431884766,1007.07765625,106577.8515625,True,True,True,176,0,0,109,178,101,2026-10-03T16:46:14.016061+07:00,512.0447788310003,0.18751798199991754,OK,,True,2026-10-03T16:46:14.203589+07:00,512.2323027390003,0.03391289699993649,OK,,True,1559,0.194875,,2026-10-03T16:46:14.237507+07:00,512.2662211360002,0.033086348000324506,OK,,True,2775,0.346875,
ab14be9977d645198f54717810b879c8,514,2026-10-03T16:46:15.015799+07:00,513.0445062819999,513.0445062819999,MONITOR,513.1954373109993,0.9998088199999984,0.25461989200084645,9.040599979925901e-05,DISABLED,on,user_reported,36.760643005371094,54.25994110107422,1007.065390625,106644.4453125,True,True,True,176,0,0,109,178,101,2026-10-03T16:46:15.015878+07:00,513.0445951510001,0.1858158100003493,OK,,True,2026-10-03T16:46:15.201704+07:00,513.2304180720002,0.035647866000545037,OK,,True,1573,0.196625,,2026-10-03T16:46:15.237357+07:00,513.266071215,0.03304496000055224,OK,,True,2769,0.346125,
ab14be9977d645198f54717810b879c8,515,2026-10-03T16:46:16.015804+07:00,514.0445092300006,514.0445092300006,MONITOR,514.195440259,1.000002948000656,0.25386004699976183,9.335400045529241e-05,DISABLED,on,user_reported,36.75809097290039,54.265933990478516,1007.095390625,106911.671875,True,True,True,176,0,0,109,178,101,2026-10-03T16:46:16.015890+07:00,514.044607322,0.18580256900077075,OK,,True,2026-10-03T16:46:16.201703+07:00,514.2304173730008,0.03395867399922281,OK,,True,1573,0.196625,,2026-10-03T16:46:16.235669+07:00,514.2643826400008,0.03393611899991811,OK,,True,2759,0.344875,
ab14be9977d645198f54717810b879c8,516,2026-10-03T16:46:17.015806+07:00,515.0445119020005,515.0445119020005,MONITOR,515.1954429309999,1.0000026719999369,0.2554385160001402,9.602600039215758e-05,DISABLED,on,user_reported,36.75617218017578,54.259281158447266,1007.07859375,107180.2421875,True,True,True,176,0,0,109,178,101,2026-10-03T16:46:17.015889+07:00,515.0446063640002,0.18580756900064443,OK,,True,2026-10-03T16:46:17.201707+07:00,515.2304212480003,0.03481305700006487,OK,,True,1563,0.195375,,2026-10-03T16:46:17.236526+07:00,515.2652398050004,0.03469716899962805,OK,,True,2751,0.343875,
ab14be9977d645198f54717810b879c8,517,2026-10-03T16:46:18.015797+07:00,516.0445043140007,516.0445043140007,MONITOR,516.1954353430001,0.9999924120002106,0.25292518399965047,8.843800060276408e-05,DISABLED,on,user_reported,36.76000213623047,54.27897644042969,1007.064375,107180.2421875,True,True,True,176,0,0,109,178,101,2026-10-03T16:46:18.015873+07:00,516.0445902400006,0.18581106900001032,OK,,True,2026-10-03T16:46:18.201694+07:00,516.2304082160008,0.03348395599914511,OK,,True,1577,0.197125,,2026-10-03T16:46:18.235179+07:00,516.26389569,0.03351890000067215,OK,,True,2766,0.34575,
ab14be9977d645198f54717810b879c8,518,2026-10-03T16:46:19.015856+07:00,517.0445532270005,517.0445532270005,MONITOR,517.1954842559999,1.0000489129997732,0.2646705959996325,0.0001373510003759293,DISABLED,on,user_reported,36.751708984375,54.271366119384766,1007.037109375,106711.1328125,True,True,True,176,0,0,109,178,101,2026-10-03T16:46:19.016008+07:00,517.0447235030006,0.19172478499967838,OK,,True,2026-10-03T16:46:19.207751+07:00,517.2364628800005,0.035365054000067175,OK,,True,1563,0.195375,,2026-10-03T16:46:19.243120+07:00,517.2718356190007,0.03735729699928925,OK,,True,2780,0.34750000000000003,
ab14be9977d645198f54717810b879c8,519,2026-10-03T16:46:20.015834+07:00,518.0445416400007,518.0445416400007,MONITOR,518.1954726690001,0.9999884130002101,0.2537303259996406,0.0001257640005860594,DISABLED,on,user_reported,36.75043487548828,54.271183013916016,1007.062421875,106711.1328125,True,True,True,176,0,0,109,178,101,2026-10-03T16:46:20.015913+07:00,518.0446300840003,0.18580329199994594,OK,,True,2026-10-03T16:46:20.201726+07:00,518.2304407830006,0.032946977999927185,OK,,True,1570,0.19625,,2026-10-03T16:46:20.234674+07:00,518.2633907240006,0.034868482999627304,OK,,True,2777,0.347125,
ab14be9977d645198f54717810b879c8,520,2026-10-03T16:46:21.015804+07:00,519.0445111839999,519.0445111839999,MONITOR,519.1954422129993,0.9999695439992138,0.2517312670006504,9.530799979984295e-05,DISABLED,on,user_reported,36.75553512573242,54.271942138671875,1007.0228125,107112.96875,True,True,True,176,0,0,109,178,101,2026-10-03T16:46:21.015878+07:00,519.0445954800007,0.18581532799998968,OK,,True,2026-10-03T16:46:21.201704+07:00,519.2304183640008,0.03298060699944472,OK,,True,1582,0.19775,,2026-10-03T16:46:21.234685+07:00,519.2634018230001,0.03283210900008271,OK,,True,2773,0.346625,
ab14be9977d645198f54717810b879c8,521,2026-10-03T16:46:22.015835+07:00,520.0445400420003,520.0445400420003,MONITOR,520.1954710709997,1.0000288580004053,0.25208157900033257,0.00012416600020515034,DISABLED,on,user_reported,36.7542610168457,54.26537322998047,1007.00703125,107450.15625,True,True,True,176,0,0,109,178,101,2026-10-03T16:46:22.015923+07:00,520.0446408380003,0.18581742100013798,OK,,True,2026-10-03T16:46:22.201752+07:00,520.2304658520006,0.033255624000048556,OK,,True,1576,0.197,,2026-10-03T16:46:22.235012+07:00,520.2637266060001,0.032885108000300534,OK,,True,2769,0.346125,
ab14be9977d645198f54717810b879c8,522,2026-10-03T16:46:23.015800+07:00,521.0445071240001,521.0445071240001,MONITOR,521.1954381529995,0.9999670819997846,0.2519380800004001,9.124799998971866e-05,DISABLED,on,user_reported,36.75617218017578,54.27840805053711,1007.044296875,106911.671875,True,True,True,176,0,0,109,178,101,2026-10-03T16:46:23.015875+07:00,521.0445930310007,0.1858091059993967,OK,,True,2026-10-03T16:46:23.201694+07:00,521.2304094710007,0.03318856899932143,OK,,True,1566,0.19575,,2026-10-03T16:46:23.234885+07:00,521.2636014290001,0.03283564600042155,OK,,True,2773,0.346625,
ab14be9977d645198f54717810b879c8,523,2026-10-03T16:46:24.015800+07:00,522.0445072980001,522.0445072980001,MONITOR,522.1954383269995,1.0000001739999789,0.25164819400015404,9.142199996858835e-05,DISABLED,on,user_reported,36.7491569519043,54.264617919921875,1007.067421875,107517.8515625,True,True,True,176,0,0,109,178,101,2026-10-03T16:46:24.015875+07:00,522.0445924830001,0.18581253200045467,OK,,True,2026-10-03T16:46:24.201697+07:00,522.230411478,0.03292781200070749,OK,,True,1573,0.196625,,2026-10-03T16:46:24.234625+07:00,522.2633423090001,0.03280499799984682,OK,,True,2776,0.34700000000000003,
ab14be9977d645198f54717810b879c8,524,2026-10-03T16:46:25.015845+07:00,523.0445423430001,523.0445423430001,MONITOR,523.1954733719995,1.0000350450000042,0.26263137200021447,0.000126466999972763,DISABLED,on,user_reported,36.753623962402344,54.27165222167969,1007.0334375,107112.96875,True,True,True,176,0,0,109,178,101,2026-10-03T16:46:25.015992+07:00,523.04470786,0.19174752600065403,OK,,True,2026-10-03T16:46:25.207761+07:00,523.2364715160002,0.03541297799984022,OK,,True,1576,0.197,,2026-10-03T16:46:25.243179+07:00,523.2718927350006,0.03526272099952621,OK,,True,2784,0.34800000000000003,
ab14be9977d645198f54717810b879c8,525,2026-10-03T16:46:26.015861+07:00,524.0445592400001,524.0445592400001,MONITOR,524.1954902689995,1.0000168970000232,0.2625311510000756,0.00014336399999592686,DISABLED,on,user_reported,36.74468994140625,54.276710510253906,1007.03265625,106577.8515625,True,True,True,176,0,0,109,178,101,2026-10-03T16:46:26.016007+07:00,524.0447232020006,0.19175130399980844,OK,,True,2026-10-03T16:46:26.207780+07:00,524.2364906540006,0.03540432999943732,OK,,True,1557,0.194625,,2026-10-03T16:46:26.243189+07:00,524.2719036510007,0.035167684000043664,OK,,True,2787,0.348375,
ab14be9977d645198f54717810b879c8,526,2026-10-03T16:46:27.015846+07:00,525.0445510640002,525.0445510640002,MONITOR,525.1954820929996,0.9999918240000625,0.2520714500005852,0.00013518800005840603,DISABLED,on,user_reported,36.74596405029297,54.27690124511719,1007.0415625,106844.7421875,True,True,True,176,0,0,109,178,101,2026-10-03T16:46:27.015932+07:00,525.0446494520002,0.18582101500032877,OK,,True,2026-10-03T16:46:27.201764+07:00,525.2304780780005,0.033262641999499465,OK,,True,1567,0.195875,,2026-10-03T16:46:27.235031+07:00,525.263745702,0.032867552999960026,OK,,True,2772,0.34650000000000003,
ab14be9977d645198f54717810b879c8,527,2026-10-03T16:46:28.015796+07:00,526.0445037220006,526.0445037220006,MONITOR,526.195434751,0.9999526580004385,0.25158211999951163,8.784600049693836e-05,DISABLED,on,user_reported,36.74405288696289,54.276615142822266,1007.018046875,106644.4453125,True,True,True,176,0,0,109,178,101,2026-10-03T16:46:28.015868+07:00,526.0445850180004,0.18581625499973597,OK,,True,2026-10-03T16:46:28.201694+07:00,526.2304084770003,0.03292075599983946,OK,,True,1571,0.196375,,2026-10-03T16:46:28.234615+07:00,526.2633319000006,0.03274588699969172,OK,,True,2775,0.346875,
ab14be9977d645198f54717810b879c8,528,2026-10-03T16:46:29.015792+07:00,527.0444988250001,527.0444988250001,MONITOR,527.1954298539995,0.9999951029994918,0.2516550640002606,8.294899998873007e-05,DISABLED,on,user_reported,36.742774963378906,54.282806396484375,1007.1321875,106978.6875,True,True,True,176,0,0,109,178,101,2026-10-03T16:46:29.015869+07:00,527.0445862680008,0.18581132999952388,OK,,True,2026-10-03T16:46:29.201690+07:00,527.2304048940005,0.03293592299996817,OK,,True,1564,0.1955,,2026-10-03T16:46:29.234627+07:00,527.263343613,0.032802276000438724,OK,,True,2778,0.34725,
ab14be9977d645198f54717810b879c8,529,2026-10-03T16:46:30.015790+07:00,528.0444975380005,528.0444975380005,MONITOR,528.1954285669999,0.9999987130004229,0.25191082199944503,8.166200041159755e-05,DISABLED,on,user_reported,36.74532699584961,54.27680206298828,1007.16359375,107112.96875,True,True,True,176,0,0,109,178,101,2026-10-03T16:46:30.015863+07:00,528.044581186,0.18580266300068615,OK,,True,2026-10-03T16:46:30.201676+07:00,528.2303908120002,0.03319699500025308,OK,,True,1570,0.19625,,2026-10-03T16:46:30.234874+07:00,528.263590992,0.03280938700027036,OK,,True,2776,0.34700000000000003,
ab14be9977d645198f54717810b879c8,530,2026-10-03T16:46:31.015831+07:00,529.044535512,529.044535512,MONITOR,529.1954665409994,1.000037973999497,0.2516684720003468,0.00011963599990849616,DISABLED,on,user_reported,36.74086380004883,54.276153564453125,1007.1221875,106911.671875,True,True,True,176,0,0,109,178,101,2026-10-03T16:46:31.015917+07:00,529.0446346220006,0.18580036699950142,OK,,True,2026-10-03T16:46:31.201728+07:00,529.230442266,0.03294662700045592,OK,,True,1572,0.1965,,2026-10-03T16:46:31.234675+07:00,529.2633920970002,0.032803572000375425,OK,,True,2776,0.34700000000000003,
ab14be9977d645198f54717810b879c8,531,2026-10-03T16:46:32.015836+07:00,530.0445356710006,530.0445356710006,MONITOR,530.1954667,1.0000001590005922,0.26481476399931125,0.00011979500050074421,DISABLED,on,user_reported,36.74150085449219,54.27623748779297,1007.082265625,106844.7421875,True,True,True,176,0,0,109,178,101,2026-10-03T16:46:32.015983+07:00,530.0446985960007,0.19172285900003772,OK,,True,2026-10-03T16:46:32.207725+07:00,530.2364368630006,0.0359095489993706,OK,,True,1584,0.198,,2026-10-03T16:46:32.243646+07:00,530.2723575230002,0.03697513400038588,OK,,True,2785,0.348125,
ab14be9977d645198f54717810b879c8,532,2026-10-03T16:46:33.015801+07:00,531.0445072010007,531.0445072010007,MONITOR,531.19543823,0.9999715300000389,0.2517291379999733,9.132500053965487e-05,DISABLED,on,user_reported,36.74788284301758,54.2899284362793,1007.11984375,106777.890625,True,True,True,176,0,0,109,178,101,2026-10-03T16:46:33.015881+07:00,531.044598423,0.18580551400009426,OK,,True,2026-10-03T16:46:33.201696+07:00,531.230410956,0.03295810800045729,OK,,True,1577,0.197125,,2026-10-03T16:46:33.234655+07:00,531.26337212,0.032855164000466175,OK,,True,2771,0.346375,
ab14be9977d645198f54717810b879c8,533,2026-10-03T16:46:34.015789+07:00,532.0444967130006,532.0444967130006,MONITOR,532.195427742,0.9999895119999564,0.25170287899982213,8.083700049610343e-05,DISABLED,on,user_reported,36.74532699584961,54.289554595947266,1007.081484375,106978.6875,True,True,True,176,0,0,109,178,101,2026-10-03T16:46:34.015859+07:00,532.044576583,0.1858125700000528,OK,,True,2026-10-03T16:46:34.201683+07:00,532.2303968750002,0.03295594199971674,OK,,True,1574,0.19675,,2026-10-03T16:46:34.234639+07:00,532.2633560200002,0.0328353690001677,OK,,True,2776,0.34700000000000003,
ab14be9977d645198f54717810b879c8,534,2026-10-03T16:46:35.015791+07:00,533.0444992070006,533.0444992070006,MONITOR,533.195430236,1.0000024940000003,0.2517426379999961,8.333100049640052e-05,DISABLED,on,user_reported,36.739585876464844,54.28871154785156,1007.072265625,106978.6875,True,True,True,176,0,0,109,178,101,2026-10-03T16:46:35.015861+07:00,533.0445782250008,0.18581243999960861,OK,,True,2026-10-03T16:46:35.201684+07:00,533.2303977390002,0.03300729300008243,OK,,True,1570,0.19625,,2026-10-03T16:46:35.234692+07:00,533.2634085690006,0.03282484999999724,OK,,True,2774,0.34675,
ab14be9977d645198f54717810b879c8,535,2026-10-03T16:46:36.015789+07:00,534.0444981270002,534.0444981270002,MONITOR,534.1954291559996,0.999998919999598,0.2519393040001887,8.225100009440212e-05,DISABLED,on,user_reported,36.74213790893555,54.30184555053711,1007.048984375,106711.1328125,True,True,True,176,0,0,109,178,101,2026-10-03T16:46:36.015859+07:00,534.0445765150007,0.18580519999977696,OK,,True,2026-10-03T16:46:36.201674+07:00,534.2303889190007,0.03321127299932414,OK,,True,1580,0.1975,,2026-10-03T16:46:36.234886+07:00,534.2636028590005,0.03282653499991284,OK,,True,2770,0.34625,
ab14be9977d645198f54717810b879c8,536,2026-10-03T16:46:37.015792+07:00,535.0445006030004,535.0445006030004,MONITOR,535.1954316319998,1.0000024760001907,0.251939804000358,8.472700028505642e-05,DISABLED,on,user_reported,36.74086380004883,54.29528045654297,1007.0675,107315.03125,True,True,True,176,0,0,109,178,101,2026-10-03T16:46:37.015867+07:00,535.0445846390003,0.18582147800043458,OK,,True,2026-10-03T16:46:37.201699+07:00,535.2304138019999,0.033131348000097205,OK,,True,1566,0.19575,,2026-10-03T16:46:37.234836+07:00,535.2635502980002,0.03288173800046934,OK,,True,2770,0.34625,
ab14be9977d645198f54717810b879c8,537,2026-10-03T16:46:38.015792+07:00,536.0444987650008,536.0444987650008,MONITOR,536.1954297940001,0.9999981620003382,0.2517091759991672,8.28890006232541e-05,DISABLED,on,user_reported,36.74022674560547,54.314308166503906,1007.09390625,106844.7421875,True,True,True,176,0,0,109,178,101,2026-10-03T16:46:38.015874+07:00,536.0445911710003,0.18581858899960935,OK,,True,2026-10-03T16:46:38.201704+07:00,536.2304171860005,0.032955220000076224,OK,,True,1563,0.195375,,2026-10-03T16:46:38.234658+07:00,536.2633752020001,0.032824146000166365,OK,,True,2777,0.347125,
ab14be9977d645198f54717810b879c8,538,2026-10-03T16:46:39.015795+07:00,537.0445030750006,537.0445030750006,MONITOR,537.195434104,1.0000043099998948,0.25166597299994464,8.719900051801233e-05,DISABLED,on,user_reported,36.74788284301758,54.309059143066406,1007.0925,106444.90625,True,True,True,176,0,0,109,179,101,2026-10-03T16:46:39.015863+07:00,537.0445810000001,0.18581242300024314,OK,,True,2026-10-03T16:46:39.201685+07:00,537.230399608,0.03294447799999034,OK,,True,1569,0.196125,,2026-10-03T16:46:39.234630+07:00,537.2633469940001,0.032814498000334424,OK,,True,2769,0.346125,
ab14be9977d645198f54717810b879c8,539,2026-10-03T16:46:40.015794+07:00,538.0445019970002,538.0445019970002,MONITOR,538.1954330259996,0.9999989219995769,0.25165847200059943,8.612100009486312e-05,DISABLED,on,user_reported,36.742774963378906,54.29555892944336,1007.084296875,106511.3359375,True,True,True,176,0,0,109,178,101,2026-10-03T16:46:40.015864+07:00,538.0445816260008,0.18580897799984086,OK,,True,2026-10-03T16:46:40.201683+07:00,538.230398363,0.03295842300030927,OK,,True,1566,0.19575,,2026-10-03T16:46:40.234643+07:00,538.2633596750002,0.03279286900033185,OK,,True,2775,0.346875,
ab14be9977d645198f54717810b879c8,540,2026-10-03T16:46:41.015794+07:00,539.0445031220006,539.0445031220006,MONITOR,539.195434151,1.0000011250003809,0.2516676209997968,8.724600047571585e-05,DISABLED,on,user_reported,36.739585876464844,54.307838439941406,1007.0928125,107247.59375,True,True,True,176,0,0,109,178,101,2026-10-03T16:46:41.015861+07:00,539.0445783620007,0.1858107009993546,OK,,True,2026-10-03T16:46:41.201682+07:00,539.2303968590004,0.032945126999948116,OK,,True,1569,0.196125,,2026-10-03T16:46:41.234628+07:00,539.2633449860004,0.03281731300012325,OK,,True,2775,0.346875,
ab14be9977d645198f54717810b879c8,541,2026-10-03T16:46:42.015794+07:00,540.0445023040002,540.0445023040002,MONITOR,540.1954333329995,0.9999991819995557,0.25181239799985633,8.642800003144657e-05,DISABLED,on,user_reported,36.738311767578125,54.320411682128906,1007.07015625,106577.8515625,True,True,True,176,0,0,109,178,101,2026-10-03T16:46:42.015861+07:00,540.0445782290008,0.18580938599916408,OK,,True,2026-10-03T16:46:42.201680+07:00,540.2303948000008,0.03307695999956195,OK,,True,1562,0.19525,,2026-10-03T16:46:42.234762+07:00,540.2634762220005,0.03282946200033621,OK,,True,2766,0.34575,
ab14be9977d645198f54717810b879c8,542,2026-10-03T16:46:43.015792+07:00,541.0445006160007,541.0445006160007,MONITOR,541.1954316450001,0.9999983120005709,0.251944822999576,8.474000060232356e-05,DISABLED,on,user_reported,36.739585876464844,54.326969146728516,1007.079140625,106911.671875,True,True,True,176,0,0,109,178,101,2026-10-03T16:46:43.015859+07:00,541.0445769120006,0.1858040709994384,OK,,True,2026-10-03T16:46:43.201674+07:00,541.2303888350007,0.033211605999895255,OK,,True,1576,0.197,,2026-10-03T16:46:43.234887+07:00,541.2636039040008,0.032833182999638666,OK,,True,2780,0.34750000000000003,
ab14be9977d645198f54717810b879c8,543,2026-10-03T16:46:44.015793+07:00,542.0445017430002,542.0445017430002,MONITOR,542.1954327719995,1.0000011269994502,0.25164915900040796,8.586700005253078e-05,DISABLED,on,user_reported,36.737674713134766,54.33306121826172,1007.069140625,106312.2890625,True,True,True,176,0,0,109,179,101,2026-10-03T16:46:44.015861+07:00,542.0445790390004,0.185810496999693,OK,,True,2026-10-03T16:46:44.201682+07:00,542.2303969250006,0.03293870099969354,OK,,True,1561,0.195125,,2026-10-03T16:46:44.234622+07:00,542.2633385510007,0.03280340599940246,OK,,True,2772,0.34650000000000003,
ab14be9977d645198f54717810b879c8,544,2026-10-03T16:46:45.015800+07:00,543.0445074450008,543.0445074450008,MONITOR,543.1954384740002,1.0000057020006352,0.25164991699966777,9.156900068774121e-05,DISABLED,on,user_reported,36.738311767578125,54.333160400390625,1007.0221875,107112.96875,True,True,True,176,0,0,109,178,101,2026-10-03T16:46:45.015876+07:00,543.0445939440006,0.18581251599971438,OK,,True,2026-10-03T16:46:45.201699+07:00,543.2304139970001,0.03292896000039036,OK,,True,1569,0.196125,,2026-10-03T16:46:45.234629+07:00,543.2633457530001,0.032803832000354305,OK,,True,2774,0.34675,
ab14be9977d645198f54717810b879c8,545,2026-10-03T16:46:46.015797+07:00,544.0445038690004,544.0445038690004,MONITOR,544.1954348979998,0.9999964239996189,0.25170247299956827,8.799300030659651e-05,DISABLED,on,user_reported,36.74213790893555,54.32735824584961,1007.144765625,107112.96875,True,True,True,176,0,0,109,178,101,2026-10-03T16:46:46.015876+07:00,544.0445934610007,0.1858122559997355,OK,,True,2026-10-03T16:46:46.201699+07:00,544.2304134210008,0.03296297799988679,OK,,True,1572,0.1965,,2026-10-03T16:46:46.234663+07:00,544.263379344,0.032818979000694526,OK,,True,2775,0.346875,
ab14be9977d645198f54717810b879c8,546,2026-10-03T16:46:47.015797+07:00,545.0445043490008,545.0445043490008,MONITOR,545.1954353780002,1.0000004800003808,0.2519653049994304,8.84730006873724e-05,DISABLED,on,user_reported,36.737674713134766,54.3458137512207,1007.123828125,107315.03125,True,True,True,176,0,0,109,178,101,2026-10-03T16:46:47.015876+07:00,545.0445932560006,0.18580351499986136,OK,,True,2026-10-03T16:46:47.201689+07:00,545.2304036230007,0.03312581099999079,OK,,True,1561,0.195125,,2026-10-03T16:46:47.234819+07:00,545.2635339150002,0.03292664600030548,OK,,True,2773,0.346625,
ab14be9977d645198f54717810b879c8,547,2026-10-03T16:46:48.015855+07:00,546.0445517360004,546.0445517360004,MONITOR,546.1954827649997,1.0000473869995403,0.26258907900046324,0.0001358600002276944,DISABLED,on,user_reported,36.73639678955078,54.35201644897461,1007.115078125,106644.4453125,True,True,True,176,0,0,109,178,101,2026-10-03T16:46:48.016015+07:00,546.0447306240003,0.19174584200027311,OK,,True,2026-10-03T16:46:48.207781+07:00,546.2364923180003,0.035415035000369244,OK,,True,1575,0.196875,,2026-10-03T16:46:48.243201+07:00,546.271915667,0.03520779600057722,OK,,True,2788,0.34850000000000003,
ab14be9977d645198f54717810b879c8,548,2026-10-03T16:46:49.015818+07:00,547.0445239210003,547.0445239210003,MONITOR,547.1954549499997,0.9999721849999332,0.2519592310000007,0.00010804500016092788,DISABLED,on,user_reported,36.74086380004883,54.34629821777344,1007.1290625,106978.6875,True,True,True,176,0,0,109,178,101,2026-10-03T16:46:49.015901+07:00,547.0446176610003,0.18581472000005306,OK,,True,2026-10-03T16:46:49.201725+07:00,547.2304404360002,0.03321488500023406,OK,,True,1572,0.1965,,2026-10-03T16:46:49.234941+07:00,547.2636581910001,0.032816665000609646,OK,,True,2777,0.347125,
ab14be9977d645198f54717810b879c8,549,2026-10-03T16:46:50.015833+07:00,548.0445388840008,548.0445388840008,MONITOR,548.1954699130001,1.000014963000467,0.2516348629997083,0.0001230080006280332,DISABLED,on,user_reported,36.738948822021484,54.33962631225586,1007.11234375,106978.6875,True,True,True,176,0,0,109,178,101,2026-10-03T16:46:50.015911+07:00,548.0446286980005,0.18579481300002954,OK,,True,2026-10-03T16:46:50.201716+07:00,548.2304307510003,0.03293468300034874,OK,,True,1569,0.196125,,2026-10-03T16:46:50.234651+07:00,548.263368119,0.03279736900003627,OK,,True,2773,0.346625,
ab14be9977d645198f54717810b879c8,550,2026-10-03T16:46:51.015799+07:00,549.0445052360001,549.0445052360001,MONITOR,549.1954362649994,0.9999663519993192,0.2516401600005338,8.935999994719168e-05,DISABLED,on,user_reported,36.738311767578125,54.34592056274414,1007.12484375,107247.59375,True,True,True,176,0,0,109,178,101,2026-10-03T16:46:51.015879+07:00,549.0445964770006,0.18580845999986195,OK,,True,2026-10-03T16:46:51.201697+07:00,549.2304123440008,0.03292368299935333,OK,,True,1564,0.1955,,2026-10-03T16:46:51.234622+07:00,549.2633388419999,0.032798221000120975,OK,,True,2779,0.347375,
ab14be9977d645198f54717810b879c8,551,2026-10-03T16:46:52.015798+07:00,550.0445046080004,550.0445046080004,MONITOR,550.1954356369997,0.9999993720002749,0.25180995400023676,8.873200022208039e-05,DISABLED,on,user_reported,36.746604919433594,54.34076690673828,1007.056328125,107247.59375,True,True,True,176,0,0,109,178,101,2026-10-03T16:46:52.015877+07:00,550.0445949770001,0.18580757200015796,OK,,True,2026-10-03T16:46:52.201695+07:00,550.2304097710003,0.033063736999793036,OK,,True,1566,0.19575,,2026-10-03T16:46:52.234764+07:00,550.263478416,0.03282659100023011,OK,,True,2776,0.34700000000000003,
ab14be9977d645198f54717810b879c8,552,2026-10-03T16:46:53.015806+07:00,551.0445119230008,551.0445119230008,MONITOR,551.1954429520001,1.0000073150004027,0.25165997499971127,9.604700062482152e-05,DISABLED,on,user_reported,36.73703384399414,54.35210418701172,1007.081796875,107247.59375,True,True,True,176,0,0,109,178,101,2026-10-03T16:46:53.015885+07:00,551.0446027560001,0.18581068300045445,OK,,True,2026-10-03T16:46:53.201707+07:00,551.23042068,0.03293381200001022,OK,,True,1569,0.196125,,2026-10-03T16:46:53.234640+07:00,551.2633573810008,0.03280671999982587,OK,,True,2775,0.346875,
ab14be9977d645198f54717810b879c8,553,2026-10-03T16:46:54.015857+07:00,552.0445541839999,552.0445541839999,MONITOR,552.1954852129993,1.0000422609991801,0.2623766170008821,0.00013830799980496522,DISABLED,on,user_reported,36.738311767578125,54.352294921875,1007.11796875,106978.6875,True,True,True,176,0,0,109,178,101,2026-10-03T16:46:54.016010+07:00,552.0447261460004,0.19175193499995657,OK,,True,2026-10-03T16:46:54.207782+07:00,552.2364928770003,0.03536236899981304,OK,,True,1611,0.201375,,2026-10-03T16:46:54.243148+07:00,552.2718627820004,0.03505185300036828,OK,,True,2789,0.348625,
ab14be9977d645198f54717810b879c8,554,2026-10-03T16:46:55.015810+07:00,553.0445166490008,553.0445166490008,MONITOR,553.1954476780002,0.9999624650008627,0.25194560199997795,0.00010077300066768657,DISABLED,on,user_reported,36.7351188659668,54.33906173706055,1007.085625,106711.1328125,True,True,True,176,0,0,109,178,101,2026-10-03T16:46:55.015890+07:00,553.0446076850003,0.18581518300015887,OK,,True,2026-10-03T16:46:55.201717+07:00,553.230431035,0.033202180999978737,OK,,True,1565,0.195625,,2026-10-03T16:46:55.234920+07:00,553.2636364750006,0.03281735000018671,OK,,True,2775,0.346875,
ab14be9977d645198f54717810b879c8,555,2026-10-03T16:46:56.015811+07:00,554.0445184100008,554.0445184100008,MONITOR,554.1954494390002,1.0000017610000214,0.2516302899994116,0.00010253400068904739,DISABLED,on,user_reported,36.732566833496094,54.332305908203125,1007.08140625,107315.03125,True,True,True,176,0,0,109,178,101,2026-10-03T16:46:56.015890+07:00,554.044607373,0.18579675700038933,OK,,True,2026-10-03T16:46:56.201695+07:00,554.2304103340002,0.032922997000241594,OK,,True,1567,0.195875,,2026-10-03T16:46:56.234620+07:00,554.2633366830005,0.032804147000206285,OK,,True,2776,0.34700000000000003,
ab14be9977d645198f54717810b879c8,556,2026-10-03T16:46:57.015804+07:00,555.0445093020007,555.0445093020007,MONITOR,555.1954403310001,0.9999908919999143,0.2519635649996417,9.342600060335826e-05,DISABLED,on,user_reported,36.730655670166016,54.344783782958984,1007.016796875,106711.1328125,True,True,True,176,0,0,109,178,101,2026-10-03T16:46:57.015884+07:00,555.0446016720007,0.1858154609999474,OK,,True,2026-10-03T16:46:57.201712+07:00,555.2304258730001,0.03310331100055919,OK,,True,1578,0.19725,,2026-10-03T16:46:57.234820+07:00,555.2635340550005,0.03292936799971358,OK,,True,2775,0.346875,
ab14be9977d645198f54717810b879c8,557,2026-10-03T16:46:58.015809+07:00,556.0445157680006,556.0445157680006,MONITOR,556.1954467969999,1.0000064659998316,0.2516352900001948,9.989200043492019e-05,DISABLED,on,user_reported,36.73320770263672,54.35791015625,1007.05515625,106911.671875,True,True,True,176,0,0,109,178,101,2026-10-03T16:46:58.015888+07:00,556.0446049530001,0.18580433100032678,OK,,True,2026-10-03T16:46:58.201702+07:00,556.2304161730008,0.03292016399973363,OK,,True,1571,0.196375,,2026-10-03T16:46:58.234622+07:00,556.2633393000006,0.03280364700003702,OK,,True,2776,0.34700000000000003,
ab14be9977d645198f54717810b879c8,558,2026-10-03T16:46:59.015802+07:00,557.044508809,557.044508809,MONITOR,557.1954398379994,0.9999930409994704,0.2516408820001743,9.293299990531523e-05,DISABLED,on,user_reported,36.72937774658203,54.376487731933594,1007.03515625,107045.7890625,True,True,True,176,0,0,109,178,101,2026-10-03T16:46:59.015882+07:00,557.044600104,0.1858054060003269,OK,,True,2026-10-03T16:46:59.201698+07:00,557.2304120840008,0.032929404999777034,OK,,True,1573,0.196625,,2026-10-03T16:46:59.234627+07:00,557.2633445440006,0.032796888000120816,OK,,True,2767,0.345875,
ab14be9977d645198f54717810b879c8,559,2026-10-03T16:47:00.015834+07:00,558.0445321270008,558.0445321270008,MONITOR,558.1954631560002,1.0000233180007854,0.2625249869997788,0.0001162510006906814,DISABLED,on,user_reported,36.72235870361328,54.35630798339844,1007.023828125,106978.6875,True,True,True,176,0,0,109,178,101,2026-10-03T16:47:00.015993+07:00,558.044708978,0.1917160650000369,OK,,True,2026-10-03T16:47:00.207727+07:00,558.2364383210006,0.03538412799935031,OK,,True,1568,0.196,,2026-10-03T16:47:00.243117+07:00,558.2718303930005,0.03520885099987936,OK,,True,2789,0.348625,
ab14be9977d645198f54717810b879c8,560,2026-10-03T16:47:01.015903+07:00,559.0445987420007,559.0445987420007,MONITOR,559.1955297710001,1.0000666149999233,0.26232678499945905,0.0001828660006140126,DISABLED,on,user_reported,36.730018615722656,54.35744094848633,1007.043046875,106711.1328125,True,True,True,176,0,0,109,178,101,2026-10-03T16:47:01.016059+07:00,559.0447747590006,0.1915750489997663,OK,,True,2026-10-03T16:47:01.207655+07:00,559.2363650300003,0.035397478999584564,OK,,True,1561,0.195125,,2026-10-03T16:47:01.243056+07:00,559.2717706570002,0.03513566699984949,OK,,True,2782,0.34775,
ab14be9977d645198f54717810b879c8,561,2026-10-03T16:47:02.015817+07:00,560.0445230620007,560.0445230620007,MONITOR,560.1954540910001,0.999924319999991,0.2520699719998447,0.00010718600060499739,DISABLED,on,user_reported,36.725547790527344,54.375919342041016,1006.981171875,106444.90625,True,True,True,176,0,0,109,178,101,2026-10-03T16:47:02.015898+07:00,560.0446150240004,0.18579255399981776,OK,,True,2026-10-03T16:47:02.201699+07:00,560.230413282,0.033312106000266795,OK,,True,1570,0.19625,,2026-10-03T16:47:02.235016+07:00,560.2637305550006,0.03285279400006402,OK,,True,2778,0.34725,
ab14be9977d645198f54717810b879c8,562,2026-10-03T16:47:03.015805+07:00,561.0445114000004,561.0445114000004,MONITOR,561.1954424289997,0.999988337999639,0.2516283459999613,9.552400024404051e-05,DISABLED,on,user_reported,36.731292724609375,54.370384216308594,1007.120390625,106777.890625,True,True,True,176,0,0,109,178,101,2026-10-03T16:47:03.015885+07:00,561.0446024740004,0.18580075800036866,OK,,True,2026-10-03T16:47:03.201695+07:00,561.2304099720004,0.03292344199962827,OK,,True,1564,0.1955,,2026-10-03T16:47:03.234619+07:00,561.263336174,0.03279570200083981,OK,,True,2774,0.34675,
ab14be9977d645198f54717810b879c8,563,2026-10-03T16:47:04.015800+07:00,562.0445066280008,562.0445066280008,MONITOR,562.1954376570002,0.9999952280004436,0.25176854899928003,9.075200068764389e-05,DISABLED,on,user_reported,36.72108459472656,54.39439010620117,1007.1175,106978.6875,True,True,True,176,0,0,109,178,101,2026-10-03T16:47:04.015880+07:00,562.0445972570005,0.18581557299967244,OK,,True,2026-10-03T16:47:04.201706+07:00,562.2304205150003,0.03302497799995763,OK,,True,1564,0.1955,,2026-10-03T16:47:04.234732+07:00,562.2634484930004,0.03281883199997537,OK,,True,2774,0.34675,
ab14be9977d645198f54717810b879c8,564,2026-10-03T16:47:05.015803+07:00,563.0445096150006,563.0445096150006,MONITOR,563.195440644,1.0000029869997888,0.25167406799937453,9.373900047648931e-05,DISABLED,on,user_reported,36.72937774658203,54.38286590576172,1007.076171875,106844.7421875,True,True,True,176,0,0,109,178,101,2026-10-03T16:47:05.015884+07:00,563.0446012440007,0.18580205499984004,OK,,True,2026-10-03T16:47:05.201696+07:00,563.2304106870006,0.03295359000003373,OK,,True,1558,0.19475,,2026-10-03T16:47:05.234651+07:00,563.263367388,0.0328079990003971,OK,,True,2776,0.34700000000000003,
ab14be9977d645198f54717810b879c8,565,2026-10-03T16:47:06.015801+07:00,564.0445073990004,564.0445073990004,MONITOR,564.1954384279998,0.9999977839997882,0.25197560299966426,9.152300026471494e-05,DISABLED,on,user_reported,36.730655670166016,54.389434814453125,1007.16734375,106113.9921875,True,True,True,176,0,0,109,178,101,2026-10-03T16:47:06.015879+07:00,564.0445963800003,0.18581007300053898,OK,,True,2026-10-03T16:47:06.201699+07:00,564.2304140270007,0.0332189209993885,OK,,True,1572,0.1965,,2026-10-03T16:47:06.234920+07:00,564.2636360780007,0.03283907199966052,OK,,True,2772,0.34650000000000003,
ab14be9977d645198f54717810b879c8,566,2026-10-03T16:47:07.015886+07:00,565.0445816090005,565.0445816090005,MONITOR,565.1955126379999,1.0000742100000934,0.26267324600030406,0.0001657330003581592,DISABLED,on,user_reported,36.72810363769531,54.395442962646484,1007.14265625,106844.7421875,True,True,True,176,0,0,109,178,101,2026-10-03T16:47:07.016036+07:00,565.0447519040008,0.19098647899954813,OK,,True,2026-10-03T16:47:07.207041+07:00,565.2357519940006,0.036190713999531,OK,,True,1557,0.194625,,2026-10-03T16:47:07.243242+07:00,565.2719532450001,0.035280166000120516,OK,,True,2790,0.34875,
ab14be9977d645198f54717810b879c8,567,2026-10-03T16:47:08.015823+07:00,566.0445284130001,566.0445284130001,MONITOR,566.1954594419994,0.9999468039995918,0.25196688100004394,0.00011253699994995259,DISABLED,on,user_reported,36.724273681640625,54.407623291015625,1007.10890625,107045.7890625,True,True,True,176,0,0,109,178,101,2026-10-03T16:47:08.015907+07:00,566.0446242820008,0.18579492499975458,OK,,True,2026-10-03T16:47:08.201711+07:00,566.2304261700001,0.03320244000042294,OK,,True,1573,0.196625,,2026-10-03T16:47:08.234915+07:00,566.2636318510004,0.03285433200016996,OK,,True,2781,0.347625,
ab14be9977d645198f54717810b879c8,568,2026-10-03T16:47:09.015793+07:00,567.0444996240003,567.0444996240003,MONITOR,567.1954306529997,0.9999712110002292,0.25183619699964765,8.37480001791846e-05,DISABLED,on,user_reported,36.73320770263672,54.40256881713867,1007.082421875,106444.90625,True,True,True,176,0,0,109,178,101,2026-10-03T16:47:09.015873+07:00,567.0445910120006,0.18581029500001023,OK,,True,2026-10-03T16:47:09.201693+07:00,567.2304076220007,0.03300690499963821,OK,,True,1574,0.19675,,2026-10-03T16:47:09.234702+07:00,567.263418212,0.03290890500011301,OK,,True,2779,0.347375,
ab14be9977d645198f54717810b879c8,569,2026-10-03T16:47:10.015800+07:00,568.0445067240007,568.0445067240007,MONITOR,568.1954377530001,1.0000071000004027,0.25171838299957017,9.084800058190012e-05,DISABLED,on,user_reported,36.731292724609375,54.39590835571289,1007.10671875,106978.6875,True,True,True,176,0,0,109,178,101,2026-10-03T16:47:10.015880+07:00,568.0445968900003,0.1858091100002639,OK,,True,2026-10-03T16:47:10.201698+07:00,568.2304126670006,0.03294836799977929,OK,,True,1584,0.198,,2026-10-03T16:47:10.234648+07:00,568.2633645720007,0.03285192399926018,OK,,True,2778,0.34725,
ab14be9977d645198f54717810b879c8,570,2026-10-03T16:47:11.015801+07:00,569.0445069730004,569.0445069730004,MONITOR,569.1954380019997,1.0000002489996405,0.2516910869999265,9.109700022236211e-05,DISABLED,on,user_reported,36.731292724609375,54.37677001953125,1007.086171875,106911.671875,True,True,True,176,0,0,109,178,101,2026-10-03T16:47:11.015879+07:00,569.0445964730006,0.18580647999988287,OK,,True,2026-10-03T16:47:11.201695+07:00,569.23040949,0.0329598120006267,OK,,True,1560,0.195,,2026-10-03T16:47:11.234657+07:00,569.2633733390003,0.03281685100046161,OK,,True,2771,0.346375,
ab14be9977d645198f54717810b879c8,571,2026-10-03T16:47:12.015795+07:00,570.0445012970004,570.0445012970004,MONITOR,570.1954323259997,0.9999943239999993,0.2518702890001805,8.542100022168597e-05,DISABLED,on,user_reported,36.72682571411133,54.38886260986328,1007.0584375,107315.03125,True,True,True,176,0,0,109,178,101,2026-10-03T16:47:12.015873+07:00,570.0445907030007,0.1857999989997552,OK,,True,2026-10-03T16:47:12.201682+07:00,570.2303964250004,0.03307423699970968,OK,,True,1567,0.195875,,2026-10-03T16:47:12.234761+07:00,570.2634754950004,0.03288753499964514,OK,,True,2773,0.346625,
ab14be9977d645198f54717810b879c8,572,2026-10-03T16:47:13.015847+07:00,571.04454162,571.04454162,MONITOR,571.1954726489994,1.0000403229996664,0.2520103440001549,0.00012574399988807272,DISABLED,on,user_reported,36.72172164916992,54.38811111450195,1007.09125,106577.8515625,True,True,True,176,0,0,109,178,101,2026-10-03T16:47:13.015944+07:00,571.0446611560001,0.18607034900014696,OK,,True,2026-10-03T16:47:13.202025+07:00,571.2307390610003,0.0329778859995713,OK,,True,1574,0.19675,,2026-10-03T16:47:13.235005+07:00,571.2637210400007,0.03282236799987004,OK,,True,2776,0.34700000000000003,
ab14be9977d645198f54717810b879c8,573,2026-10-03T16:47:14.015800+07:00,572.044506704,572.044506704,MONITOR,572.1954377329994,0.9999650839999958,0.25170075300047756,9.082799988391344e-05,DISABLED,on,user_reported,36.72682571411133,54.39524841308594,1007.072109375,106444.90625,True,True,True,176,0,0,109,178,101,2026-10-03T16:47:14.015878+07:00,572.0445957210004,0.18580388899954414,OK,,True,2026-10-03T16:47:14.201692+07:00,572.2304068130006,0.032972089999930176,OK,,True,1564,0.1955,,2026-10-03T16:47:14.234666+07:00,572.2633826440006,0.03281629499997507,OK,,True,2773,0.346625,
ab14be9977d645198f54717810b879c8,574,2026-10-03T16:47:15.015801+07:00,573.0445068610006,573.0445068610006,MONITOR,573.19543789,1.0000001570006134,0.2519560119999369,9.098500049731229e-05,DISABLED,on,user_reported,36.72810363769531,54.38905715942383,1007.06734375,106978.6875,True,True,True,176,0,0,109,178,101,2026-10-03T16:47:15.015881+07:00,573.0445986020004,0.18580649900013668,OK,,True,2026-10-03T16:47:15.201697+07:00,573.2304116750001,0.03321429200059356,OK,,True,1576,0.197,,2026-10-03T16:47:15.234914+07:00,573.2636295960001,0.03282479500012414,OK,,True,2777,0.347125,
ab14be9977d645198f54717810b879c8,575,2026-10-03T16:47:16.015801+07:00,574.044506409,574.044506409,MONITOR,574.1954374379993,0.9999995479993231,0.25167293900085497,9.053299982042518e-05,DISABLED,on,user_reported,36.72235870361328,54.38819885253906,1007.051171875,106511.3359375,True,True,True,176,0,0,109,178,101,2026-10-03T16:47:16.015882+07:00,574.0446000750007,0.18580229500003043,OK,,True,2026-10-03T16:47:16.201695+07:00,574.2304093330004,0.0329524050002874,OK,,True,1570,0.19625,,2026-10-03T16:47:16.234649+07:00,574.2633652750001,0.03280561000065063,OK,,True,2773,0.346625,
ab14be9977d645198f54717810b879c8,576,2026-10-03T16:47:17.015796+07:00,575.0445033270007,575.0445033270007,MONITOR,575.1954343560001,0.9999969180007611,0.2520594549996531,8.745100058149546e-05,DISABLED,on,user_reported,36.71916961669922,54.40049743652344,1007.100625,107045.7890625,True,True,True,176,0,0,109,178,101,2026-10-03T16:47:17.015878+07:00,575.0445953440003,0.18580968500009476,OK,,True,2026-10-03T16:47:17.201697+07:00,575.2304115470006,0.03325147699979425,OK,,True,1571,0.196375,,2026-10-03T16:47:17.234953+07:00,575.2636677650007,0.032885201999306446,OK,,True,2773,0.346625,
ab14be9977d645198f54717810b879c8,577,2026-10-03T16:47:18.017790+07:00,576.0464900260004,576.0464900260004,MONITOR,576.1974210549997,1.0019866989996444,0.2522443249999924,0.002074150000225927,DISABLED,on,user_reported,36.719810485839844,54.40058135986328,1007.10171875,106978.6875,True,True,True,176,0,0,109,178,101,2026-10-03T16:47:18.017893+07:00,576.0466097660001,0.1862278120006522,OK,,True,2026-10-03T16:47:18.204130+07:00,576.2328442810003,0.033025831000486505,OK,,True,1571,0.196375,,2026-10-03T16:47:18.237158+07:00,576.2658735929999,0.03285188700010622,OK,,True,2777,0.347125,
ab14be9977d645198f54717810b879c8,578,2026-10-03T16:47:19.015795+07:00,577.0445009230007,577.0445009230007,MONITOR,577.195431952,0.998010897000313,0.2517768829993656,8.504700053890701e-05,DISABLED,on,user_reported,36.71916961669922,54.40049743652344,1007.0528125,106844.7421875,True,True,True,176,0,0,109,178,101,2026-10-03T16:47:19.015876+07:00,577.0445932740004,0.1858099620003486,OK,,True,2026-10-03T16:47:19.201694+07:00,577.2304093100001,0.03299662700010231,OK,,True,1568,0.196,,2026-10-03T16:47:19.234693+07:00,577.2634096230004,0.03286003500033985,OK,,True,2772,0.34650000000000003,
ab14be9977d645198f54717810b879c8,579,2026-10-03T16:47:20.015792+07:00,578.0444993600004,578.0444993600004,MONITOR,578.1954303889997,0.9999984369997037,0.2517979390004257,8.348400024260627e-05,DISABLED,on,user_reported,36.72172164916992,54.41362762451172,1007.10484375,106777.890625,True,True,True,176,0,0,109,178,101,2026-10-03T16:47:20.015874+07:00,578.0445920080001,0.18580962900068698,OK,,True,2026-10-03T16:47:20.201693+07:00,578.230408118,0.033014349000040966,OK,,True,1566,0.19575,,2026-10-03T16:47:20.234710+07:00,578.2634256900001,0.032863164999980654,OK,,True,2773,0.346625,
ab14be9977d645198f54717810b879c8,580,2026-10-03T16:47:21.015790+07:00,579.0444974280008,579.0444974280008,MONITOR,579.1954284570002,0.9999980680004228,0.25205395499961014,8.155200066539692e-05,DISABLED,on,user_reported,36.717254638671875,54.412967681884766,1007.17984375,106711.1328125,True,True,True,176,0,0,109,178,101,2026-10-03T16:47:21.015871+07:00,579.044588668,0.18581674000051862,OK,,True,2026-10-03T16:47:21.201697+07:00,579.2304122600008,0.0332687359996271,OK,,True,1566,0.19575,,2026-10-03T16:47:21.234969+07:00,579.2636848850007,0.03285842399964167,OK,,True,2774,0.34675,
ab14be9977d645198f54717810b879c8,581,2026-10-03T16:47:22.015800+07:00,580.0445065510003,580.0445065510003,MONITOR,580.1954375799996,1.0000091229994723,0.25186242000017955,9.067500013770768e-05,DISABLED,on,user_reported,36.72746276855469,54.40810012817383,1007.15515625,106844.7421875,True,True,True,176,0,0,109,178,101,2026-10-03T16:47:22.015883+07:00,580.0446005690001,0.18580761100020027,OK,,True,2026-10-03T16:47:22.201699+07:00,580.2304135320001,0.03306475600038539,OK,,True,1574,0.19675,,2026-10-03T16:47:22.234769+07:00,580.2634832880003,0.0328765909998765,OK,,True,2774,0.34675,
ab14be9977d645198f54717810b879c8,582,2026-10-03T16:47:23.015900+07:00,581.044594471,581.044594471,MONITOR,581.1955254999993,1.0000879199997144,0.25311046600018017,0.0001785949998520664,DISABLED,on,user_reported,36.717891693115234,54.413063049316406,1007.11921875,106978.6875,True,True,True,176,0,0,109,178,101,2026-10-03T16:47:23.016064+07:00,581.0447795620003,0.18702371299968945,OK,,True,2026-10-03T16:47:23.203097+07:00,581.231810886,0.03299981200052571,OK,,True,1572,0.1965,,2026-10-03T16:47:23.236099+07:00,581.264814309,0.03288105400042696,OK,,True,2773,0.346625,
ab14be9977d645198f54717810b879c8,583,2026-10-03T16:47:24.015798+07:00,582.044504466,582.044504466,MONITOR,582.1954354949994,0.9999099950000527,0.25179562399989663,8.858999990479788e-05,DISABLED,on,user_reported,36.719810485839844,54.42610168457031,1007.156484375,106911.671875,True,True,True,176,0,0,109,178,101,2026-10-03T16:47:24.015880+07:00,582.0445975760003,0.18581487000028574,OK,,True,2026-10-03T16:47:24.201705+07:00,582.2304185760004,0.03298953499961499,OK,,True,1573,0.196625,,2026-10-03T16:47:24.234695+07:00,582.263411555,0.032880369000849896,OK,,True,2779,0.347375,
ab14be9977d645198f54717810b879c8,584,2026-10-03T16:47:25.015827+07:00,583.0445329600007,583.0445329600007,MONITOR,583.195463989,1.0000284940006168,0.2517815139999584,0.0001170840005215723,DISABLED,on,user_reported,36.72235870361328,54.420101165771484,1007.09234375,106644.4453125,True,True,True,176,0,0,109,178,101,2026-10-03T16:47:25.015911+07:00,583.0446285340004,0.18580631500026357,OK,,True,2026-10-03T16:47:25.201726+07:00,583.2304409230001,0.03300194200073747,OK,,True,1575,0.196875,,2026-10-03T16:47:25.234731+07:00,583.2634466980007,0.03285940599926107,OK,,True,2772,0.34650000000000003,
ab14be9977d645198f54717810b879c8,585,2026-10-03T16:47:26.015801+07:00,584.0445080490008,584.0445080490008,MONITOR,584.1954390780002,0.9999750890001451,0.2518137349998142,9.217300066666212e-05,DISABLED,on,user_reported,36.723636627197266,54.43943786621094,1007.073671875,106711.1328125,True,True,True,176,0,0,109,178,101,2026-10-03T16:47:26.015884+07:00,584.0446016780006,0.18581379599982029,OK,,True,2026-10-03T16:47:26.201709+07:00,584.2304224180007,0.033016719999977795,OK,,True,1581,0.197625,,2026-10-03T16:47:26.234728+07:00,584.2634429530008,0.032870534999347,OK,,True,2775,0.346875,
ab14be9977d645198f54717810b879c8,586,2026-10-03T16:47:27.015807+07:00,585.0445128220008,585.0445128220008,MONITOR,585.1954438510002,1.0000047730000006,0.25198582699977123,9.694600066723069e-05,DISABLED,on,user_reported,36.725547790527344,54.446102142333984,1007.124765625,107045.7890625,True,True,True,176,0,0,109,178,101,2026-10-03T16:47:27.015891+07:00,585.0446090250007,0.18581629599975713,OK,,True,2026-10-03T16:47:27.201717+07:00,585.2304319330005,0.033163050999974075,OK,,True,1577,0.197125,,2026-10-03T16:47:27.234886+07:00,585.2636000950006,0.032889368999349244,OK,,True,2773,0.346625,
ab14be9977d645198f54717810b879c8,587,2026-10-03T16:47:28.015854+07:00,586.0445578730005,586.0445578730005,MONITOR,586.1954889019999,1.000045050999688,0.26039065399982064,0.0001419970003553317,DISABLED,on,user_reported,36.72682571411133,54.42715072631836,1007.078984375,106577.8515625,True,True,True,176,0,0,109,178,101,2026-10-03T16:47:28.015948+07:00,586.0446649100004,0.1907111860000441,OK,,True,2026-10-03T16:47:28.206685+07:00,586.2353946140001,0.0359249950006415,OK,,True,1576,0.197,,2026-10-03T16:47:28.242613+07:00,586.2713261460003,0.033611492999625625,OK,,True,2782,0.34775,
ab14be9977d645198f54717810b879c8,588,2026-10-03T16:47:29.015860+07:00,587.0445582770008,587.0445582770008,MONITOR,587.1954893060001,1.000000404000275,0.2610383349992844,0.00014240100063034333,DISABLED,on,user_reported,36.72682571411133,54.452674865722656,1007.08578125,106911.671875,True,True,True,176,0,0,109,178,101,2026-10-03T16:47:29.016009+07:00,587.04472498,0.19071659300061583,OK,,True,2026-10-03T16:47:29.206747+07:00,587.2354575550007,0.034706595999523415,OK,,True,1581,0.197625,,2026-10-03T16:47:29.241462+07:00,587.2701740770008,0.03540164599962736,OK,,True,2776,0.34700000000000003,
ab14be9977d645198f54717810b879c8,589,2026-10-03T16:47:30.015895+07:00,588.0445924780006,588.0445924780006,MONITOR,588.195523507,1.0000342009998349,0.2624383239999588,0.00017660200046520913,DISABLED,on,user_reported,36.724910736083984,54.452388763427734,1007.0553125,106978.6875,True,True,True,176,0,0,109,178,101,2026-10-03T16:47:30.016046+07:00,588.0447620690002,0.191549328000292,OK,,True,2026-10-03T16:47:30.207614+07:00,588.2363246560008,0.03543892399920878,OK,,True,1566,0.19575,,2026-10-03T16:47:30.243059+07:00,588.2717723210008,0.03524049899988313,OK,,True,2783,0.347875,
ab14be9977d645198f54717810b879c8,590,2026-10-03T16:47:31.015896+07:00,589.0445908820002,589.0445908820002,MONITOR,589.1955219109996,0.9999984039995979,0.2530700790002811,0.00017500600006314926,DISABLED,on,user_reported,36.72172164916992,54.445533752441406,1007.084296875,106577.8515625,True,True,True,176,0,0,109,178,101,2026-10-03T16:47:31.016060+07:00,589.0447740290001,0.18698601000050985,OK,,True,2026-10-03T16:47:31.203052+07:00,589.2317662610003,0.0329778309996982,OK,,True,1563,0.195375,,2026-10-03T16:47:31.236032+07:00,589.2647477770006,0.032903276000070036,OK,,True,2772,0.34650000000000003,
ab14be9977d645198f54717810b879c8,591,2026-10-03T16:47:32.015858+07:00,590.0445615470007,590.0445615470007,MONITOR,590.1954925760001,0.9999706650005464,0.2519440870000835,0.00014567100060958182,DISABLED,on,user_reported,36.72618865966797,54.452579498291016,1007.03,107247.59375,True,True,True,176,0,0,109,178,101,2026-10-03T16:47:32.015953+07:00,590.0446703980006,0.18582644399975834,OK,,True,2026-10-03T16:47:32.201789+07:00,590.230502935,0.033106700000644196,OK,,True,1570,0.19625,,2026-10-03T16:47:32.234901+07:00,590.2636144870003,0.03288072099985584,OK,,True,2776,0.34700000000000003,
ab14be9977d645198f54717810b879c8,592,2026-10-03T16:47:33.015884+07:00,591.0445846740004,591.0445846740004,MONITOR,591.1955157029997,1.000023126999622,0.25655168299999787,0.00016879800023161806,DISABLED,on,user_reported,36.72874069213867,54.44656753540039,1007.0340625,106911.671875,True,True,True,176,0,0,109,178,101,2026-10-03T16:47:33.015981+07:00,591.0446979880007,0.18836555599955318,OK,,True,2026-10-03T16:47:33.204364+07:00,591.2330763400005,0.03492468700005702,OK,,True,1562,0.19525,,2026-10-03T16:47:33.239294+07:00,591.2680075640001,0.03311751500041282,OK,,True,2770,0.34625,
ab14be9977d645198f54717810b879c8,593,2026-10-03T16:47:34.015880+07:00,592.0445835800001,592.0445835800001,MONITOR,592.1955146089995,0.9999989059997461,0.2526101749999725,0.00016770399997767527,DISABLED,on,user_reported,36.72682571411133,54.446292877197266,1007.03109375,106911.671875,True,True,True,176,0,0,109,178,101,2026-10-03T16:47:34.015971+07:00,592.0446887460002,0.1863545329997578,OK,,True,2026-10-03T16:47:34.202335+07:00,592.2310493530003,0.033251644000301894,OK,,True,1564,0.1955,,2026-10-03T16:47:34.235588+07:00,592.2643043490007,0.032880293999369314,OK,,True,2773,0.346625,
ab14be9977d645198f54717810b879c8,594,2026-10-03T16:47:35.015803+07:00,593.0445077640006,593.0445077640006,MONITOR,593.195438793,0.9999241840005197,0.25181801399958204,9.188800049741985e-05,DISABLED,on,user_reported,36.722999572753906,54.44572448730469,1007.03171875,106577.8515625,True,True,True,176,0,0,109,178,101,2026-10-03T16:47:35.015891+07:00,593.044608745,0.18588859300052718,OK,,True,2026-10-03T16:47:35.201789+07:00,593.2305034300007,0.032958423999843944,OK,,True,1576,0.197,,2026-10-03T16:47:35.234748+07:00,593.2634647980003,0.0328517580001062,OK,,True,2777,0.347125,
ab14be9977d645198f54717810b879c8,595,2026-10-03T16:47:36.017771+07:00,594.0464761000003,594.0464761000003,MONITOR,594.1974071289997,1.0019683359996634,0.2604310990000158,0.002060224000160815,DISABLED,on,user_reported,36.7204475402832,54.45172882080078,1007.034296875,106777.890625,True,True,True,176,0,0,109,178,101,2026-10-03T16:47:36.017852+07:00,594.0465693220003,0.18900562500039086,OK,,True,2026-10-03T16:47:36.206875+07:00,594.2355864470001,0.036081864000152564,OK,,True,1585,0.198125,,2026-10-03T16:47:36.242965+07:00,594.2716775890003,0.0352104439998584,OK,,True,2791,0.348875,
ab14be9977d645198f54717810b879c8,596,2026-10-03T16:47:37.015948+07:00,595.0446421500001,595.0446421500001,MONITOR,595.1955731789994,0.9981660499997815,0.2532467260007252,0.0002262739999423502,DISABLED,on,user_reported,36.71853256225586,54.44505310058594,1007.031328125,106444.90625,True,True,True,176,0,0,109,178,101,2026-10-03T16:47:37.016138+07:00,595.0448529820005,0.18703656599973328,OK,,True,2026-10-03T16:47:37.203184+07:00,595.2318975850003,0.03298236800037557,OK,,True,1563,0.195375,,2026-10-03T16:47:37.236168+07:00,595.2648833790008,0.03299534899997525,OK,,True,2775,0.346875,
ab14be9977d645198f54717810b879c8,597,2026-10-03T16:47:38.015827+07:00,596.0445331700002,596.0445331700002,MONITOR,596.1954641989996,0.9998910200001774,0.2534065580002789,0.00011729400011972757,DISABLED,on,user_reported,36.72682571411133,54.43990707397461,1007.126796875,107382.546875,True,True,True,176,0,0,109,178,101,2026-10-03T16:47:38.015914+07:00,596.0446314650007,0.18583409299935738,OK,,True,2026-10-03T16:47:38.201761+07:00,596.2304745400006,0.03461889299978793,OK,,True,1569,0.196125,,2026-10-03T16:47:38.236391+07:00,596.2651043770002,0.032823425000060524,OK,,True,2763,0.345375,
ab14be9977d645198f54717810b879c8,598,2026-10-03T16:47:39.016692+07:00,597.0454008850002,597.0454008850002,MONITOR,597.1963319139995,1.000867714999913,0.2518607920001159,0.0009850090000327327,DISABLED,on,user_reported,36.72746276855469,54.42723846435547,1007.1346875,106844.7421875,True,True,True,176,0,0,109,178,101,2026-10-03T16:47:39.016761+07:00,597.0454791440006,0.18583022299935692,OK,,True,2026-10-03T16:47:39.202604+07:00,597.231317793,0.033032275000550726,OK,,True,1575,0.196875,,2026-10-03T16:47:39.235638+07:00,597.2643536420001,0.032897758000217436,OK,,True,2777,0.347125,
ab14be9977d645198f54717810b879c8,599,2026-10-03T16:47:40.015796+07:00,598.0445036330002,598.0445036330002,MONITOR,598.1954346619996,0.9991027480000412,0.25200231000053464,8.775700007390697e-05,DISABLED,on,user_reported,36.72682571411133,54.4207649230957,1007.099453125,106844.7421875,True,True,True,176,0,0,109,178,101,2026-10-03T16:47:40.015876+07:00,598.0445935400003,0.18582824199984316,OK,,True,2026-10-03T16:47:40.201716+07:00,598.2304297260007,0.033159958999931405,OK,,True,1575,0.196875,,2026-10-03T16:47:40.234877+07:00,598.2635933710008,0.032903849999456725,OK,,True,2781,0.347625,
ab14be9977d645198f54717810b879c8,600,2026-10-03T16:47:41.015798+07:00,599.044504468,599.044504468,MONITOR,599.1954354969994,1.0000008349998097,0.2521821780001119,8.859199988364708e-05,DISABLED,on,user_reported,36.72682571411133,54.41438674926758,1007.08578125,106777.890625,True,True,True,176,0,0,109,178,101,2026-10-03T16:47:41.015881+07:00,599.0445987820003,0.1858233149996522,OK,,True,2026-10-03T16:47:41.201717+07:00,599.2304303569999,0.03327744000034727,OK,,True,1568,0.196,,2026-10-03T16:47:41.234996+07:00,599.2637116850001,0.03296370200041565,OK,,True,2775,0.346875,
ab14be9977d645198f54717810b879c8,601,2026-10-03T16:47:42.015801+07:00,600.0445072090006,600.0445072090006,MONITOR,600.195438238,1.0000027410005714,0.26349278099951334,9.133300045505166e-05,DISABLED,on,user_reported,36.72746276855469,54.43362045288086,1007.093671875,107045.7890625,True,True,True,176,0,0,109,178,101,2026-10-03T16:47:42.015886+07:00,600.0446040790002,0.1898241010003403,OK,,True,2026-10-03T16:47:42.205735+07:00,600.2344445320005,0.0369117649997861,OK,,True,1578,0.19725,,2026-10-03T16:47:42.242653+07:00,600.2713652040002,0.036617194000427844,OK,,True,2779,0.347375,
ab14be9977d645198f54717810b879c8,602,2026-10-03T16:47:43.015845+07:00,601.0445423589999,601.0445423589999,MONITOR,601.1954733879993,1.0000351499993485,0.25376038900049025,0.0001264829998035566,DISABLED,on,user_reported,36.72235870361328,54.420101165771484,1007.0990625,107045.7890625,True,True,True,176,0,0,109,178,101,2026-10-03T16:47:43.016002+07:00,601.0447180240008,0.18710639899927628,OK,,True,2026-10-03T16:47:43.203119+07:00,601.23183272,0.033479049000561645,OK,,True,1562,0.19525,,2026-10-03T16:47:43.236605+07:00,601.265317714,0.032957442000224546,OK,,True,2759,0.344875,
ab14be9977d645198f54717810b879c8,603,2026-10-03T16:47:44.015804+07:00,602.0445105650006,602.0445105650006,MONITOR,602.1954415939999,0.9999682060006307,0.25211162399955356,9.46890004343004e-05,DISABLED,on,user_reported,36.722999572753906,54.413818359375,1007.08640625,106844.7421875,True,True,True,176,0,0,109,178,101,2026-10-03T16:47:44.015882+07:00,602.0445995830005,0.1858785929998703,OK,,True,2026-10-03T16:47:44.201774+07:00,602.230488102,0.0332470330004071,OK,,True,1569,0.196125,,2026-10-03T16:47:44.235026+07:00,602.2637398940005,0.03287284999987605,OK,,True,2772,0.34650000000000003,
ab14be9977d645198f54717810b879c8,604,2026-10-03T16:47:45.015778+07:00,603.0444857900002,603.0444857900002,MONITOR,603.1954168189995,0.9999752249996163,0.25251860200023657,6.991400005063042e-05,DISABLED,on,user_reported,36.724910736083984,54.414100646972656,1007.103203125,106444.90625,True,True,True,176,0,0,109,178,101,2026-10-03T16:47:45.015858+07:00,603.0445757699999,0.18582774200058338,OK,,True,2026-10-03T16:47:45.201698+07:00,603.2304113460004,0.03361964099985926,OK,,True,1571,0.196375,,2026-10-03T16:47:45.235321+07:00,603.264035876,0.03295912700014014,OK,,True,2777,0.347125,
ab14be9977d645198f54717810b879c8,605,2026-10-03T16:47:46.015792+07:00,604.0444993660003,604.0444993660003,MONITOR,604.1954303949997,1.0000135760001285,0.2525793800004976,8.349000017915387e-05,DISABLED,on,user_reported,36.722999572753906,54.407440185546875,1007.058984375,106444.90625,True,True,True,176,0,0,109,179,101,2026-10-03T16:47:46.015875+07:00,604.0445925690001,0.18583133500033,OK,,True,2026-10-03T16:47:46.201718+07:00,604.2304320330004,0.03332214399961231,OK,,True,1570,0.19625,,2026-10-03T16:47:46.235045+07:00,604.2637590290005,0.03330966199973773,OK,,True,2774,0.34675,
ab14be9977d645198f54717810b879c8,606,2026-10-03T16:47:47.015835+07:00,605.0445397390004,605.0445397390004,MONITOR,605.1954707679997,1.0000403730000471,0.2528136560003986,0.00012386300022626529,DISABLED,on,user_reported,36.72108459472656,54.41353225708008,1007.08328125,106844.7421875,True,True,True,176,0,0,109,178,101,2026-10-03T16:47:47.015921+07:00,605.0446386650001,0.18583975999990798,OK,,True,2026-10-03T16:47:47.201773+07:00,605.2304870180005,0.033713695999722404,OK,,True,1564,0.1955,,2026-10-03T16:47:47.235491+07:00,605.2642051950006,0.0331352559996958,OK,,True,2777,0.347125,
ab14be9977d645198f54717810b879c8,607,2026-10-03T16:47:48.015794+07:00,606.0445019650006,606.0445019650006,MONITOR,606.1954329939999,0.999962226000207,0.2627121579998857,8.608900043327594e-05,DISABLED,on,user_reported,36.717254638671875,54.412967681884766,1007.0703125,106777.890625,True,True,True,176,0,0,109,178,101,2026-10-03T16:47:48.015872+07:00,606.044589354,0.19162512500042794,OK,,True,2026-10-03T16:47:48.207524+07:00,606.2362333310002,0.03661434100013139,OK,,True,1579,0.197375,,2026-10-03T16:47:48.244156+07:00,606.272861339,0.034334413000578934,OK,,True,2759,0.344875,
ab14be9977d645198f54717810b879c8,608,2026-10-03T16:47:49.015799+07:00,607.0445067840001,607.0445067840001,MONITOR,607.1954378129994,1.000004818999514,0.25239434400009486,9.090799994737608e-05,DISABLED,on,user_reported,36.715980529785156,54.412776947021484,1007.06828125,107045.7890625,True,True,True,176,0,0,109,178,101,2026-10-03T16:47:49.015878+07:00,607.0445960610004,0.18592301900025632,OK,,True,2026-10-03T16:47:49.201814+07:00,607.2305273210004,0.033448809000219626,OK,,True,1557,0.194625,,2026-10-03T16:47:49.235267+07:00,607.2639808890008,0.03291140599958453,OK,,True,2776,0.34700000000000003,
ab14be9977d645198f54717810b879c8,609,2026-10-03T16:47:50.015792+07:00,608.0444993430001,608.0444993430001,MONITOR,608.1954303719995,0.9999925590000203,0.2521975500003464,8.346699996764073e-05,DISABLED,on,user_reported,36.7204475402832,54.419822692871094,1007.0753125,107247.59375,True,True,True,176,0,0,109,178,101,2026-10-03T16:47:50.015871+07:00,608.0445889350003,0.18585076100043807,OK,,True,2026-10-03T16:47:50.201736+07:00,608.2304499000002,0.03329547700013791,OK,,True,1560,0.195,,2026-10-03T16:47:50.235036+07:00,608.2637499320008,0.03293723899969336,OK,,True,2768,0.34600000000000003,
ab14be9977d645198f54717810b879c8,610,2026-10-03T16:47:51.015792+07:00,609.0444991439999,609.0444991439999,MONITOR,609.1954301729993,0.9999998009998308,0.25319920900074067,8.326799979840871e-05,DISABLED,on,user_reported,36.717254638671875,54.41935348510742,1007.0703125,107315.03125,True,True,True,176,0,0,109,178,101,2026-10-03T16:47:51.015869+07:00,609.0445868470006,0.18593664899981377,OK,,True,2026-10-03T16:47:51.201820+07:00,609.2305334410003,0.03392430500025512,OK,,True,1561,0.195125,,2026-10-03T16:47:51.235748+07:00,609.2644623200003,0.033223811000425485,OK,,True,2771,0.346375,
ab14be9977d645198f54717810b879c8,611,2026-10-03T16:47:52.015795+07:00,610.0445029270004,610.0445029270004,MONITOR,610.1954339559998,1.0000037830004658,0.25575843099977646,8.705100026418222e-05,DISABLED,on,user_reported,36.716617584228516,54.41925048828125,1007.041875,107112.96875,True,True,True,176,0,0,109,178,101,2026-10-03T16:47:52.015876+07:00,610.0445929450007,0.18742361899967364,OK,,True,2026-10-03T16:47:52.203319+07:00,610.2320287680004,0.035192499999538995,OK,,True,1578,0.19725,,2026-10-03T16:47:52.238512+07:00,610.2672260640002,0.033026052999957756,OK,,True,2777,0.347125,
ab14be9977d645198f54717810b879c8,612,2026-10-03T16:47:53.015804+07:00,611.0445085990004,611.0445085990004,MONITOR,611.1954396279998,1.000005672000043,0.255402507999861,9.272300030715996e-05,DISABLED,on,user_reported,36.716617584228516,54.41925048828125,1007.028125,107315.03125,True,True,True,176,0,0,109,178,101,2026-10-03T16:47:53.015887+07:00,611.0446043020002,0.1859494079999422,OK,,True,2026-10-03T16:47:53.201853+07:00,611.2305647840003,0.03380289899996569,OK,,True,1572,0.1965,,2026-10-03T16:47:53.235662+07:00,611.2643754240007,0.03550714599987259,OK,,True,2767,0.345875,
ab14be9977d645198f54717810b879c8,613,2026-10-03T16:47:54.015809+07:00,612.044516549,612.044516549,MONITOR,612.1954475779994,1.000007949999599,0.2558452450002733,0.00010067299990623724,DISABLED,on,user_reported,36.71087646484375,54.424781799316406,1006.9915625,106577.8515625,True,True,True,176,0,0,109,178,101,2026-10-03T16:47:54.015885+07:00,612.0446030850007,0.1858913529995334,OK,,True,2026-10-03T16:47:54.201793+07:00,612.2305049570004,0.035925383000176225,OK,,True,1571,0.196375,,2026-10-03T16:47:54.237738+07:00,612.2664385810003,0.03391350899983081,OK,,True,2774,0.34675,
ab14be9977d645198f54717810b879c8,614,2026-10-03T16:47:55.015792+07:00,613.0444997029999,613.0444997029999,MONITOR,613.1954307319993,0.9999831539998922,0.25349354000081803,8.38269997984753e-05,DISABLED,on,user_reported,36.717254638671875,54.42573165893555,1007.10453125,106577.8515625,True,True,True,176,0,0,109,178,101,2026-10-03T16:47:55.015872+07:00,613.0445898500002,0.18587872399984917,OK,,True,2026-10-03T16:47:55.201766+07:00,613.2304786110008,0.03299046099982661,OK,,True,1575,0.196875,,2026-10-03T16:47:55.234756+07:00,613.2634724610007,0.03450878199964791,OK,,True,2758,0.34475,
ab14be9977d645198f54717810b879c8,615,2026-10-03T16:47:56.015795+07:00,614.0445024500004,614.0445024500004,MONITOR,614.1954334789998,1.000002747000508,0.2556706360001044,8.657400030642748e-05,DISABLED,on,user_reported,36.71151351928711,54.43125534057617,1007.10890625,107112.96875,True,True,True,176,0,0,109,178,101,2026-10-03T16:47:56.015875+07:00,614.0445924680007,0.18613740699947812,OK,,True,2026-10-03T16:47:56.202027+07:00,614.2307400970003,0.03519070400034252,OK,,True,1567,0.195875,,2026-10-03T16:47:56.237224+07:00,614.2659374300001,0.03422337800020614,OK,,True,2774,0.34675,
ab14be9977d645198f54717810b879c8,616,2026-10-03T16:47:57.015806+07:00,615.0445124750004,615.0445124750004,MONITOR,615.1954435039997,1.0000100249999377,0.25415822099967045,9.659900024416856e-05,DISABLED,on,user_reported,36.712791442871094,54.42506790161133,1007.110859375,106777.890625,True,True,True,176,0,0,109,178,101,2026-10-03T16:47:57.015888+07:00,615.0446051590006,0.18584355799976038,OK,,True,2026-10-03T16:47:57.201745+07:00,615.2304580690006,0.034894761000032304,OK,,True,1562,0.19525,,2026-10-03T16:47:57.236646+07:00,615.2653590520003,0.03329771799963055,OK,,True,2757,0.344625,
ab14be9977d645198f54717810b879c8,617,2026-10-03T16:47:58.015809+07:00,616.0445159450001,616.0445159450001,MONITOR,616.1954469739994,1.0000034699996831,0.2530040259998714,0.00010006899992731633,DISABLED,on,user_reported,36.717891693115234,54.43858337402344,1007.09859375,106444.90625,True,True,True,176,0,0,109,178,101,2026-10-03T16:47:58.015885+07:00,616.0446028140004,0.18583590999969601,OK,,True,2026-10-03T16:47:58.201731+07:00,616.2304447790002,0.03329121800015855,OK,,True,1568,0.196,,2026-10-03T16:47:58.235029+07:00,616.2637426820002,0.03376217799996084,OK,,True,2762,0.34525,
ab14be9977d645198f54717810b879c8,618,2026-10-03T16:47:59.015839+07:00,617.0445439330006,617.0445439330006,MONITOR,617.1954749619999,1.000027988000511,0.26139542700002494,0.00012805700043827528,DISABLED,on,user_reported,36.71406555175781,54.43801498413086,1007.09265625,106978.6875,True,True,True,176,0,0,109,178,101,2026-10-03T16:47:59.015926+07:00,617.0446432470007,0.18582607699954679,OK,,True,2026-10-03T16:47:59.201765+07:00,617.2304784900007,0.03929332200004865,OK,,True,1564,0.1955,,2026-10-03T16:47:59.241069+07:00,617.2697801080003,0.03614278999975795,OK,,True,2761,0.345125,
ab14be9977d645198f54717810b879c8,619,2026-10-03T16:48:00.015804+07:00,618.0445099970002,618.0445099970002,MONITOR,618.1954410259996,0.9999660639996364,0.2544970890003242,9.412100007466506e-05,DISABLED,on,user_reported,36.716617584228516,54.43201446533203,1007.089765625,106711.1328125,True,True,True,176,0,0,109,178,101,2026-10-03T16:48:00.015885+07:00,618.0446027180005,0.18581707700013794,OK,,True,2026-10-03T16:48:00.201713+07:00,618.2304273320005,0.03514903699942806,OK,,True,1553,0.194125,,2026-10-03T16:48:00.236868+07:00,618.2655822209999,0.03341432800061739,OK,,True,2777,0.347125,
ab14be9977d645198f54717810b879c8,620,2026-10-03T16:48:01.015794+07:00,619.0445001900007,619.0445001900007,MONITOR,619.195431219,0.9999901930004853,0.254033425999296,8.431400055997074e-05,DISABLED,on,user_reported,36.708961486816406,54.44363784790039,1007.091171875,106844.7421875,True,True,True,176,0,0,109,178,101,2026-10-03T16:48:01.015874+07:00,619.0445915600003,0.18581265000011626,OK,,True,2026-10-03T16:48:01.201696+07:00,619.2304111359999,0.034562653000648424,OK,,True,1570,0.19625,,2026-10-03T16:48:01.236270+07:00,619.2649817890006,0.03353654900001857,OK,,True,2754,0.34425,
ab14be9977d645198f54717810b879c8,621,2026-10-03T16:48:02.015802+07:00,620.0445096980002,620.0445096980002,MONITOR,620.1954407269995,1.0000095079994935,0.25504506700053753,9.38220000534784e-05,DISABLED,on,user_reported,36.70832061767578,54.45630645751953,1007.05578125,106312.2890625,True,True,True,176,0,0,109,178,101,2026-10-03T16:48:02.015886+07:00,620.0446037350002,0.18580805800047528,OK,,True,2026-10-03T16:48:02.201705+07:00,620.2304192560005,0.03548812699955306,OK,,True,1565,0.195625,,2026-10-03T16:48:02.237198+07:00,620.2659128280002,0.03362943699994503,OK,,True,2765,0.345625,
ab14be9977d645198f54717810b879c8,622,2026-10-03T16:48:03.015805+07:00,621.0445110590008,621.0445110590008,MONITOR,621.1954420880002,1.0000013610006135,0.2540921289992184,9.518300066702068e-05,DISABLED,on,user_reported,36.7064094543457,54.45602798461914,1007.06640625,106644.4453125,True,True,True,176,0,0,109,178,101,2026-10-03T16:48:03.015880+07:00,621.0445977429999,0.18581596600051853,OK,,True,2026-10-03T16:48:03.201707+07:00,621.23042119,0.03292272100043192,OK,,True,1574,0.19675,,2026-10-03T16:48:03.234630+07:00,621.263347133,0.03524181500051782,OK,,True,2771,0.346375,
ab14be9977d645198f54717810b879c8,623,2026-10-03T16:48:04.015845+07:00,622.0445499930001,622.0445499930001,MONITOR,622.1954810219995,1.000038933999349,0.2540110010004355,0.00013411700001597637,DISABLED,on,user_reported,36.70258331298828,54.44907760620117,1007.06703125,107112.96875,True,True,True,176,0,0,109,178,101,2026-10-03T16:48:04.015930+07:00,622.0446480480005,0.1858111880001161,OK,,True,2026-10-03T16:48:04.201753+07:00,622.2304668660008,0.03297020099944348,OK,,True,1569,0.196125,,2026-10-03T16:48:04.234723+07:00,622.2634400670004,0.03509826099980273,OK,,True,2771,0.346375,
ab14be9977d645198f54717810b879c8,624,2026-10-03T16:48:05.015848+07:00,623.0445523550006,623.0445523550006,MONITOR,623.195483384,1.0000023620004868,0.25554361899958167,0.00013647900050273165,DISABLED,on,user_reported,36.70449447631836,54.4429817199707,1007.056484375,106777.890625,True,True,True,176,0,0,109,178,101,2026-10-03T16:48:05.015935+07:00,623.0446525760008,0.18580576199929055,OK,,True,2026-10-03T16:48:05.201751+07:00,623.2304660970003,0.03293551699971431,OK,,True,1578,0.19725,,2026-10-03T16:48:05.234687+07:00,623.2634045590003,0.03667924799992761,OK,,True,2773,0.346625,
ab14be9977d645198f54717810b879c8,625,2026-10-03T16:48:06.015798+07:00,624.0445055870005,624.0445055870005,MONITOR,624.1954366159998,0.9999532319998252,0.25394561200027965,8.97110003279522e-05,DISABLED,on,user_reported,36.70768356323242,54.4498291015625,1007.0615625,106978.6875,True,True,True,176,0,0,109,178,101,2026-10-03T16:48:06.015875+07:00,624.0445925860004,0.18581296600041242,OK,,True,2026-10-03T16:48:06.201699+07:00,624.2304137370002,0.03298503499991057,OK,,True,1575,0.196875,,2026-10-03T16:48:06.234685+07:00,624.2634015500007,0.03503642699979537,OK,,True,2770,0.34625,
ab14be9977d645198f54717810b879c8,626,2026-10-03T16:48:07.015805+07:00,625.044511653,625.044511653,MONITOR,625.1954426819993,1.0000060659995142,0.25425986900063435,9.57769998422009e-05,DISABLED,on,user_reported,36.70704650878906,54.44973373413086,1007.02625,106644.4453125,True,True,True,176,0,0,109,178,101,2026-10-03T16:48:07.015887+07:00,625.0446047080004,0.18580789099996764,OK,,True,2026-10-03T16:48:07.201705+07:00,625.2304201360002,0.0333739030002107,OK,,True,1552,0.194,,2026-10-03T16:48:07.235085+07:00,625.2637990020003,0.03495931599991309,OK,,True,2776,0.34700000000000003,
ab14be9977d645198f54717810b879c8,627,2026-10-03T16:48:08.015795+07:00,626.0445021260002,626.0445021260002,MONITOR,626.1954331549996,0.9999904730002527,0.25224390299990773,8.625000009487849e-05,DISABLED,on,user_reported,36.70832061767578,54.45630645751953,1007.035234375,106777.890625,True,True,True,176,0,0,109,178,101,2026-10-03T16:48:08.015871+07:00,626.0445891260006,0.185805798999354,OK,,True,2026-10-03T16:48:08.201688+07:00,626.2304024430005,0.032960349999484606,OK,,True,1572,0.1965,,2026-10-03T16:48:08.234649+07:00,626.2633659040002,0.03336771799968119,OK,,True,2777,0.347125,
ab14be9977d645198f54717810b879c8,628,2026-10-03T16:48:09.015858+07:00,627.0445575250005,627.0445575250005,MONITOR,627.1954885539999,1.0000553990003027,0.26420503800000006,0.00014164900039759232,DISABLED,on,user_reported,36.71087646484375,54.45668411254883,1006.9915625,106577.8515625,True,True,True,176,0,0,109,178,101,2026-10-03T16:48:09.016001+07:00,627.0447166540007,0.1915367569999944,OK,,True,2026-10-03T16:48:09.207558+07:00,627.2362683370002,0.035365683999771136,OK,,True,1591,0.198875,,2026-10-03T16:48:09.242927+07:00,627.2716417250003,0.03709481900023093,OK,,True,2783,0.347875,
ab14be9977d645198f54717810b879c8,629,2026-10-03T16:48:10.015829+07:00,628.0445354810008,628.0445354810008,MONITOR,628.1954665100002,0.9999779560002935,0.25176029599970207,0.00011960500069108093,DISABLED,on,user_reported,36.70258331298828,54.44907760620117,1007.039609375,106444.90625,True,True,True,176,0,0,109,179,101,2026-10-03T16:48:10.015910+07:00,628.0446272400004,0.185818205999567,OK,,True,2026-10-03T16:48:10.201739+07:00,628.2304532800008,0.03301871999974537,OK,,True,1568,0.196,,2026-10-03T16:48:10.234761+07:00,628.2634761110003,0.032810018000418495,OK,,True,2776,0.34700000000000003,
ab14be9977d645198f54717810b879c8,630,2026-10-03T16:48:11.015801+07:00,629.044507697,629.044507697,MONITOR,629.1954387259993,0.9999722159991506,0.2516978140001811,9.182099984172964e-05,DISABLED,on,user_reported,36.70449447631836,54.43659591674805,1007.029140625,107247.59375,True,True,True,176,0,0,109,178,101,2026-10-03T16:48:11.015882+07:00,629.0445999370004,0.18581254000037006,OK,,True,2026-10-03T16:48:11.201705+07:00,629.2304205320006,0.03295355399950495,OK,,True,1571,0.196375,,2026-10-03T16:48:11.234661+07:00,629.263377364,0.03281905500080029,OK,,True,2779,0.347375,
ab14be9977d645198f54717810b879c8,631,2026-10-03T16:48:12.015800+07:00,630.0445060970005,630.0445060970005,MONITOR,630.1954371259999,0.9999984000005497,0.25185786899965024,9.022100039146608e-05,DISABLED,on,user_reported,36.70513153076172,54.4494514465332,1006.982265625,107045.7890625,True,True,True,176,0,0,109,178,101,2026-10-03T16:48:12.015881+07:00,630.0445988930005,0.1858080029996927,OK,,True,2026-10-03T16:48:12.201700+07:00,630.2304149150004,0.03305960800025787,OK,,True,1569,0.196125,,2026-10-03T16:48:12.234765+07:00,630.2634794860005,0.032874165999601246,OK,,True,2778,0.34725,
ab14be9977d645198f54717810b879c8,632,2026-10-03T16:48:13.015797+07:00,631.0445050349999,631.0445050349999,MONITOR,631.1954360639993,0.9999989379994076,0.25158792700040067,8.915899979911046e-05,DISABLED,on,user_reported,36.69811248779297,54.4611701965332,1007.10765625,106777.890625,True,True,True,176,0,0,109,178,101,2026-10-03T16:48:13.015873+07:00,631.0445897570007,0.18580602199926943,OK,,True,2026-10-03T16:48:13.201687+07:00,631.2304024450004,0.032925442999840016,OK,,True,1578,0.19725,,2026-10-03T16:48:13.234614+07:00,631.263331092,0.032753833000242594,OK,,True,2772,0.34650000000000003,
ab14be9977d645198f54717810b879c8,633,2026-10-03T16:48:14.015796+07:00,632.0445039370006,632.0445039370006,MONITOR,632.195434966,0.9999989020006979,0.2519202019993827,8.806100049696397e-05,DISABLED,on,user_reported,36.69747543334961,54.44831466674805,1007.106640625,106711.1328125,True,True,True,176,0,0,109,178,101,2026-10-03T16:48:14.015872+07:00,632.0445899550004,0.18582098400020186,OK,,True,2026-10-03T16:48:14.201705+07:00,632.2304192910005,0.0331975520002743,OK,,True,1583,0.197875,,2026-10-03T16:48:14.234903+07:00,632.2636201580008,0.032795980999253516,OK,,True,2780,0.34750000000000003,
ab14be9977d645198f54717810b879c8,634,2026-10-03T16:48:15.015834+07:00,633.0445343200008,633.0445343200008,MONITOR,633.1954653490002,1.000030383000194,0.2619018689993027,0.00011844400069094263,DISABLED,on,user_reported,36.70258331298828,54.44269561767578,1007.114921875,107247.59375,True,True,True,176,0,0,109,178,101,2026-10-03T16:48:15.015969+07:00,633.0446859110007,0.19135261099927448,OK,,True,2026-10-03T16:48:15.207343+07:00,633.2360536510005,0.035346648000086134,OK,,True,1572,0.1965,,2026-10-03T16:48:15.242694+07:00,633.2714086690003,0.035009965000426746,OK,,True,2786,0.34825,
ab14be9977d645198f54717810b879c8,635,2026-10-03T16:48:16.015885+07:00,634.044583592,634.044583592,MONITOR,634.1955146209993,1.0000492719991598,0.2620827010005087,0.00016771599985077046,DISABLED,on,user_reported,36.70449447631836,54.4429817199707,1007.12484375,106711.1328125,True,True,True,176,0,0,109,178,101,2026-10-03T16:48:16.016022+07:00,634.0447381090007,0.19138488799944753,OK,,True,2026-10-03T16:48:16.207429+07:00,634.236138794,0.03536962800080801,OK,,True,1609,0.201125,,2026-10-03T16:48:16.242802+07:00,634.2715164040001,0.03512951900029293,OK,,True,2780,0.34750000000000003,
ab14be9977d645198f54717810b879c8,636,2026-10-03T16:48:17.015815+07:00,635.0445214020001,635.0445214020001,MONITOR,635.1954524309995,0.9999378100001195,0.2519508870000209,0.00010552599997026846,DISABLED,on,user_reported,36.705772399902344,54.449546813964844,1007.113203125,106312.2890625,True,True,True,176,0,0,109,178,101,2026-10-03T16:48:17.015898+07:00,635.0446151420001,0.1858038000000306,OK,,True,2026-10-03T16:48:17.201711+07:00,635.230426442,0.03316714500033413,OK,,True,1574,0.19675,,2026-10-03T16:48:17.234883+07:00,635.2635981420008,0.03286546199979057,OK,,True,2774,0.34675,
ab14be9977d645198f54717810b879c8,637,2026-10-03T16:48:18.015791+07:00,636.0444983240004,636.0444983240004,MONITOR,636.1954293529998,0.9999769220003145,0.2516640929998175,8.244800028478494e-05,DISABLED,on,user_reported,36.70258331298828,54.44907760620117,1007.080703125,107045.7890625,True,True,True,176,0,0,109,178,101,2026-10-03T16:48:18.015859+07:00,636.0445764900005,0.1858048369995231,OK,,True,2026-10-03T16:48:18.201674+07:00,636.2303887520002,0.03295875799994974,OK,,True,1573,0.196625,,2026-10-03T16:48:18.234633+07:00,636.2633506400007,0.03280364700003702,OK,,True,2779,0.347375,
ab14be9977d645198f54717810b879c8,638,2026-10-03T16:48:19.015789+07:00,637.0444982640001,637.0444982640001,MONITOR,637.1954292929995,0.999999939999725,0.25165155600006983,8.238800000981428e-05,DISABLED,on,user_reported,36.7064094543457,54.443267822265625,1007.059609375,106378.5546875,True,True,True,176,0,0,109,178,101,2026-10-03T16:48:19.015856+07:00,637.0445739670004,0.18581461400026456,OK,,True,2026-10-03T16:48:19.201682+07:00,637.2303961370008,0.03293653499986249,OK,,True,1571,0.196375,,2026-10-03T16:48:19.234619+07:00,637.2633355980006,0.03280609200010076,OK,,True,2769,0.346125,
ab14be9977d645198f54717810b879c8,639,2026-10-03T16:48:20.015795+07:00,638.0445015000005,638.0445015000005,MONITOR,638.1954325289998,1.0000032360003388,0.2519589799994719,8.562400034861639e-05,DISABLED,on,user_reported,36.705772399902344,54.455928802490234,1007.058515625,106978.6875,True,True,True,176,0,0,109,178,101,2026-10-03T16:48:20.015878+07:00,638.0445952590007,0.18581522599924938,OK,,True,2026-10-03T16:48:20.201704+07:00,638.2304181700001,0.03320945900031802,OK,,True,1567,0.195875,,2026-10-03T16:48:20.234914+07:00,638.2636307030007,0.03282090699940454,OK,,True,2780,0.34750000000000003,
ab14be9977d645198f54717810b879c8,640,2026-10-03T16:48:21.015792+07:00,639.044499738,639.044499738,MONITOR,639.1954307669994,0.9999982379995345,0.251728185000502,8.386199988308363e-05,DISABLED,on,user_reported,36.70768356323242,54.456214904785156,1007.0753125,107045.7890625,True,True,True,176,0,0,109,178,101,2026-10-03T16:48:21.015861+07:00,639.0445788480001,0.185817911000413,OK,,True,2026-10-03T16:48:21.201690+07:00,639.2304042410005,0.032968368000183546,OK,,True,1566,0.19575,,2026-10-03T16:48:21.234659+07:00,639.2633758870006,0.03284329500002059,OK,,True,2772,0.34650000000000003,
ab14be9977d645198f54717810b879c8,641,2026-10-03T16:48:22.015902+07:00,640.0445851410004,640.0445851410004,MONITOR,640.1955161699998,1.000085403000412,0.26287064099960844,0.0001692650002951268,DISABLED,on,user_reported,36.708961486816406,54.44363784790039,1007.056953125,106777.890625,True,True,True,176,0,0,109,178,101,2026-10-03T16:48:22.016052+07:00,640.0447685839999,0.19147573999998713,OK,,True,2026-10-03T16:48:22.207551+07:00,640.2362606570005,0.035868439999831025,OK,,True,1588,0.1985,,2026-10-03T16:48:22.243431+07:00,640.2721405970005,0.03529473999969923,OK,,True,2792,0.34900000000000003,
ab14be9977d645198f54717810b879c8,642,2026-10-03T16:48:23.015868+07:00,641.0445670460003,641.0445670460003,MONITOR,641.1954980749997,0.9999819049999132,0.26249693899990234,0.00015117000020836713,DISABLED,on,user_reported,36.712791442871094,54.444210052490234,1007.05609375,107315.03125,True,True,True,176,0,0,109,178,101,2026-10-03T16:48:23.016006+07:00,641.0447221740005,0.1917233859994667,OK,,True,2026-10-03T16:48:23.207748+07:00,641.2364593010007,0.035460258000057365,OK,,True,1587,0.198375,,2026-10-03T16:48:23.243213+07:00,641.2719276140006,0.035118482999678236,OK,,True,2785,0.348125,
ab14be9977d645198f54717810b879c8,643,2026-10-03T16:48:24.015807+07:00,642.0445149880006,642.0445149880006,MONITOR,642.195446017,0.9999479420002899,0.2517097410000133,9.91120004982804e-05,DISABLED,on,user_reported,36.70066833496094,54.45516586303711,1006.98875,106577.8515625,True,True,True,176,0,0,109,178,101,2026-10-03T16:48:24.015871+07:00,642.04458858,0.18581922600060352,OK,,True,2026-10-03T16:48:24.201701+07:00,642.2304152870001,0.0329796100004387,OK,,True,1575,0.196875,,2026-10-03T16:48:24.234681+07:00,642.263397619,0.032818888000292645,OK,,True,2779,0.347375,
ab14be9977d645198f54717810b879c8,644,2026-10-03T16:48:25.015793+07:00,643.0445011520005,643.0445011520005,MONITOR,643.1954321809999,0.9999861639998926,0.2517272969998885,8.527600039087702e-05,DISABLED,on,user_reported,36.70449447631836,54.44935989379883,1007.06328125,106711.1328125,True,True,True,176,0,0,109,178,101,2026-10-03T16:48:25.015862+07:00,643.0445791330003,0.1858087450000312,OK,,True,2026-10-03T16:48:25.201681+07:00,643.2303960440004,0.03294690599977912,OK,,True,1571,0.196375,,2026-10-03T16:48:25.234629+07:00,643.2633458950004,0.0328749059999609,OK,,True,2772,0.34650000000000003,
ab14be9977d645198f54717810b879c8,645,2026-10-03T16:48:26.015801+07:00,644.0445095760006,644.0445095760006,MONITOR,644.1954406049999,1.0000084240000433,0.25196194399995875,9.370000043418258e-05,DISABLED,on,user_reported,36.70513153076172,54.4494514465332,1007.02328125,106577.8515625,True,True,True,176,0,0,109,178,101,2026-10-03T16:48:26.015871+07:00,644.044588279,0.18582041200079402,OK,,True,2026-10-03T16:48:26.201703+07:00,644.2304169500003,0.0332165330000862,OK,,True,1580,0.1975,,2026-10-03T16:48:26.234920+07:00,644.2636364830005,0.03282612899965898,OK,,True,2779,0.347375,
ab14be9977d645198f54717810b879c8,646,2026-10-03T16:48:27.015801+07:00,645.0445070190008,645.0445070190008,MONITOR,645.1954380480001,0.9999974430002112,0.2521637749996444,9.114300064538838e-05,DISABLED,on,user_reported,36.70003128051758,54.46146011352539,1007.035546875,106844.7421875,True,True,True,176,0,0,109,178,101,2026-10-03T16:48:27.015883+07:00,645.0446012030006,0.18581267099943943,OK,,True,2026-10-03T16:48:27.201707+07:00,645.2304215410004,0.03327036599966959,OK,,True,1561,0.195125,,2026-10-03T16:48:27.234983+07:00,645.2636972400005,0.03296433200011961,OK,,True,2770,0.34625,
ab14be9977d645198f54717810b879c8,647,2026-10-03T16:48:28.015805+07:00,646.0445103510001,646.0445103510001,MONITOR,646.1954413799995,1.0000033319993236,0.2516654090004522,9.447499996895203e-05,DISABLED,on,user_reported,36.701942443847656,54.448974609375,1006.983828125,106911.671875,True,True,True,176,0,0,109,178,101,2026-10-03T16:48:28.015896+07:00,646.0446137389999,0.1858013380006014,OK,,True,2026-10-03T16:48:28.201708+07:00,646.2304223910005,0.03294314699996903,OK,,True,1569,0.196125,,2026-10-03T16:48:28.234651+07:00,646.2633685380006,0.03279868499976146,OK,,True,2773,0.346625,
ab14be9977d645198f54717810b879c8,648,2026-10-03T16:48:29.015792+07:00,647.0444988500003,647.0444988500003,MONITOR,647.1954298789997,0.9999884990002101,0.2517164640003102,8.29740001790924e-05,DISABLED,on,user_reported,36.68918228149414,54.46622848510742,1007.011015625,107112.96875,True,True,True,176,0,0,109,178,101,2026-10-03T16:48:29.015873+07:00,647.0445901460007,0.18581689299935533,OK,,True,2026-10-03T16:48:29.201701+07:00,647.230415131,0.032945888000540435,OK,,True,1570,0.19625,,2026-10-03T16:48:29.234647+07:00,647.2633638520001,0.032843166000020574,OK,,True,2770,0.34625,
ab14be9977d645198f54717810b879c8,649,2026-10-03T16:48:30.015790+07:00,648.044497164,648.044497164,MONITOR,648.1954281929993,0.9999983139996402,0.2517273350003961,8.128799981932389e-05,DISABLED,on,user_reported,36.703857421875,54.48117446899414,1007.1375,106644.4453125,True,True,True,176,0,0,109,178,101,2026-10-03T16:48:30.015868+07:00,648.0445852930006,0.18581426399941847,OK,,True,2026-10-03T16:48:30.201693+07:00,648.2304073340001,0.03294283200011705,OK,,True,1581,0.197625,,2026-10-03T16:48:30.234636+07:00,648.2633532770005,0.0328626290001921,OK,,True,2772,0.34650000000000003,
ab14be9977d645198f54717810b879c8,650,2026-10-03T16:48:31.015794+07:00,649.0445004970006,649.0445004970006,MONITOR,649.195431526,1.0000033330006772,0.25174053799946705,8.462100049655419e-05,DISABLED,on,user_reported,36.698753356933594,54.48041534423828,1007.108671875,106113.9921875,True,True,True,176,0,0,109,178,101,2026-10-03T16:48:31.015875+07:00,649.0445927000001,0.18582131900075183,OK,,True,2026-10-03T16:48:31.201707+07:00,649.230421575,0.032969702000627876,OK,,True,1580,0.1975,,2026-10-03T16:48:31.234677+07:00,649.263394351,0.03283796200048528,OK,,True,2767,0.345875,
ab14be9977d645198f54717810b879c8,651,2026-10-03T16:48:32.015795+07:00,650.0445019970002,650.0445019970002,MONITOR,650.1954330259996,1.0000014999995983,0.2520264249997126,8.612100009486312e-05,DISABLED,on,user_reported,36.69428634643555,54.47975158691406,1007.0809375,106113.9921875,True,True,True,176,0,0,109,178,101,2026-10-03T16:48:32.015876+07:00,650.0445937000004,0.18582243000037124,OK,,True,2026-10-03T16:48:32.201710+07:00,650.230424204,0.03313740500016138,OK,,True,1572,0.1965,,2026-10-03T16:48:32.234852+07:00,650.2635663130004,0.032952960999864445,OK,,True,2772,0.34650000000000003,
ab14be9977d645198f54717810b879c8,652,2026-10-03T16:48:33.015823+07:00,651.044527516,651.044527516,MONITOR,651.1954585449994,1.0000255189997915,0.2519413890004216,0.00011163999988639262,DISABLED,on,user_reported,36.69620132446289,54.48641586303711,1007.083984375,106246.109375,True,True,True,176,0,0,109,178,101,2026-10-03T16:48:33.015909+07:00,651.0446271630008,0.18580655999994633,OK,,True,2026-10-03T16:48:33.201727+07:00,651.2304410570005,0.03321238500029722,OK,,True,1572,0.1965,,2026-10-03T16:48:33.234940+07:00,651.2636562940006,0.03280322199952934,OK,,True,2774,0.34675,
ab14be9977d645198f54717810b879c8,653,2026-10-03T16:48:34.015849+07:00,652.0445459050006,652.0445459050006,MONITOR,652.195476934,1.0000183890006156,0.2624986259997968,0.0001300290005019633,DISABLED,on,user_reported,36.70258331298828,54.51289749145508,1007.080703125,106312.2890625,True,True,True,176,0,0,109,179,101,2026-10-03T16:48:34.016031+07:00,652.0447459780007,0.1917504419998295,OK,,True,2026-10-03T16:48:34.207800+07:00,652.2365102350004,0.03541760999996768,OK,,True,1595,0.199375,,2026-10-03T16:48:34.243221+07:00,652.271935752,0.035090835000119114,OK,,True,2786,0.34825,
ab14be9977d645198f54717810b879c8,654,2026-10-03T16:48:35.015807+07:00,653.0445140730008,653.0445140730008,MONITOR,653.1954451020001,0.9999681680001231,0.251633557999412,9.819700062507764e-05,DISABLED,on,user_reported,36.70832061767578,54.500980377197266,1007.062578125,106978.6875,True,True,True,176,0,0,109,178,101,2026-10-03T16:48:35.015889+07:00,653.0446067020002,0.18579196800055797,OK,,True,2026-10-03T16:48:35.201690+07:00,653.2304048180004,0.03292794299977686,OK,,True,1569,0.196125,,2026-10-03T16:48:35.234619+07:00,653.263335613,0.03280359200016392,OK,,True,2770,0.34625,
ab14be9977d645198f54717810b879c8,655,2026-10-03T16:48:36.015789+07:00,654.0444970930002,654.0444970930002,MONITOR,654.1954281219996,0.9999830199994904,0.25160166899968317,8.121700011542998e-05,DISABLED,on,user_reported,36.708961486816406,54.501075744628906,1007.050078125,106978.6875,True,True,True,176,0,0,109,178,101,2026-10-03T16:48:36.015867+07:00,654.0445843330008,0.1858085049998408,OK,,True,2026-10-03T16:48:36.201685+07:00,654.2303995050006,0.03292346099988208,OK,,True,1567,0.195875,,2026-10-03T16:48:36.234609+07:00,654.2633259660006,0.03276464800001122,OK,,True,2775,0.346875,
ab14be9977d645198f54717810b879c8,656,2026-10-03T16:48:37.015796+07:00,655.04450215,655.04450215,MONITOR,655.1954331789993,1.0000050569997256,0.25185116800003016,8.627399984106887e-05,DISABLED,on,user_reported,36.701942443847656,54.49365234375,1007.0728125,106444.90625,True,True,True,176,0,0,109,178,101,2026-10-03T16:48:37.015878+07:00,655.0445957239999,0.1858042640005806,OK,,True,2026-10-03T16:48:37.201692+07:00,655.2304065060007,0.03306860900011088,OK,,True,1570,0.19625,,2026-10-03T16:48:37.234765+07:00,655.2634796330003,0.03286344400021335,OK,,True,2778,0.34725,
ab14be9977d645198f54717810b879c8,657,2026-10-03T16:48:38.015792+07:00,656.0444996710003,656.0444996710003,MONITOR,656.1954306999996,0.9999975210002958,0.2515947800002323,8.379500013688812e-05,DISABLED,on,user_reported,36.70513153076172,54.49412536621094,1007.0096875,106577.8515625,True,True,True,176,0,0,109,178,101,2026-10-03T16:48:38.015870+07:00,656.0445872440005,0.1858072639997772,OK,,True,2026-10-03T16:48:38.201686+07:00,656.2304007860002,0.03292081400013558,OK,,True,1567,0.195875,,2026-10-03T16:48:38.234607+07:00,656.2633243590008,0.03276218499922834,OK,,True,2776,0.34700000000000003,
ab14be9977d645198f54717810b879c8,658,2026-10-03T16:48:39.015795+07:00,657.0445014510005,657.0445014510005,MONITOR,657.1954324799999,1.0000017800002752,0.25197931499951665,8.557500041206367e-05,DISABLED,on,user_reported,36.70768356323242,54.48812484741211,1007.020546875,106978.6875,True,True,True,176,0,0,109,178,101,2026-10-03T16:48:39.015880+07:00,657.0445973579999,0.18583681900054216,OK,,True,2026-10-03T16:48:39.201726+07:00,657.2304402700001,0.03319864400054939,OK,,True,1568,0.196,,2026-10-03T16:48:39.234926+07:00,657.2636425070004,0.03282974000012473,OK,,True,2770,0.34625,
ab14be9977d645198f54717810b879c8,659,2026-10-03T16:48:40.015852+07:00,658.0445489530002,658.0445489530002,MONITOR,658.1954799819996,1.0000475019996884,0.26260908899985225,0.00013307700010045664,DISABLED,on,user_reported,36.69811248779297,54.493080139160156,1007.03921875,106644.4453125,True,True,True,176,0,0,109,178,101,2026-10-03T16:48:40.016009+07:00,658.04472523,0.19174297900008241,OK,,True,2026-10-03T16:48:40.207771+07:00,658.2364811540001,0.03545799800031091,OK,,True,1564,0.1955,,2026-10-03T16:48:40.243234+07:00,658.2719471150003,0.03519292700002552,OK,,True,2783,0.347875,
ab14be9977d645198f54717810b879c8,660,2026-10-03T16:48:41.015866+07:00,659.0445629750002,659.0445629750002,MONITOR,659.1954940039996,1.0000140219999594,0.2627279019998241,0.0001470990000598249,DISABLED,on,user_reported,36.70704650878906,54.50079345703125,1007.04,107180.2421875,True,True,True,176,0,0,109,178,101,2026-10-03T16:48:41.016021+07:00,659.0447371030004,0.1917363499997009,OK,,True,2026-10-03T16:48:41.207777+07:00,659.2364888420007,0.03548272099942551,OK,,True,1554,0.19425,,2026-10-03T16:48:41.243268+07:00,659.2719799510005,0.03529222299948742,OK,,True,2794,0.34925,
ab14be9977d645198f54717810b879c8,661,2026-10-03T16:48:42.015841+07:00,660.0445459410003,660.0445459410003,MONITOR,660.1954769699996,0.9999829660000614,0.25194564899993566,0.00013006500012124889,DISABLED,on,user_reported,36.70258331298828,54.493751525878906,1006.99859375,106511.3359375,True,True,True,176,0,0,109,178,101,2026-10-03T16:48:42.015926+07:00,660.0446435330005,0.1858177269996304,OK,,True,2026-10-03T16:48:42.201754+07:00,660.2304683340008,0.033144553000056476,OK,,True,1575,0.196875,,2026-10-03T16:48:42.234903+07:00,660.2636172570001,0.032864647000678815,OK,,True,2770,0.34625,
ab14be9977d645198f54717810b879c8,662,2026-10-03T16:48:43.015805+07:00,661.0445130370008,661.0445130370008,MONITOR,661.1954440660002,0.999967096000546,0.2516814099999465,9.71610006672563e-05,DISABLED,on,user_reported,36.69620132446289,54.48641586303711,1007.036171875,106644.4453125,True,True,True,176,0,0,109,178,101,2026-10-03T16:48:43.015882+07:00,661.0445995180007,0.1858033569997133,OK,,True,2026-10-03T16:48:43.201695+07:00,661.2304103750002,0.032957090999843786,OK,,True,1580,0.1975,,2026-10-03T16:48:43.234654+07:00,661.2633710030004,0.03281588899972121,OK,,True,2777,0.347125,
ab14be9977d645198f54717810b879c8,663,2026-10-03T16:48:44.015802+07:00,662.0445070040005,662.0445070040005,MONITOR,662.1954380329998,0.999993966999682,0.2517147990001831,9.112800034927204e-05,DISABLED,on,user_reported,36.701942443847656,54.49365234375,1007.018046875,106844.7421875,True,True,True,176,0,0,109,178,101,2026-10-03T16:48:44.015887+07:00,662.0446044290002,0.18581283900039125,OK,,True,2026-10-03T16:48:44.201711+07:00,662.230424972,0.0329412199998842,OK,,True,1575,0.196875,,2026-10-03T16:48:44.234652+07:00,662.2633692110003,0.03284392499972455,OK,,True,2779,0.347375,
ab14be9977d645198f54717810b879c8,664,2026-10-03T16:48:45.015811+07:00,663.044517323,663.044517323,MONITOR,663.1954483519994,1.000010318999557,0.25166605899994465,0.00010144699990632944,DISABLED,on,user_reported,36.69556427001953,54.492706298828125,1006.98046875,106711.1328125,True,True,True,176,0,0,109,178,101,2026-10-03T16:48:45.015891+07:00,663.044608397,0.18580041200038977,OK,,True,2026-10-03T16:48:45.201701+07:00,663.2304159200003,0.032926517999840144,OK,,True,1573,0.196625,,2026-10-03T16:48:45.234628+07:00,663.2633452340006,0.0328295919998709,OK,,True,2776,0.34700000000000003,
ab14be9977d645198f54717810b879c8,665,2026-10-03T16:48:46.015801+07:00,664.0445081610005,664.0445081610005,MONITOR,664.1954391899999,0.9999908380004854,0.252090166999551,9.228500039171195e-05,DISABLED,on,user_reported,36.69747543334961,54.49937438964844,1006.997109375,106246.109375,True,True,True,176,0,0,109,178,101,2026-10-03T16:48:46.015880+07:00,664.0445974570002,0.1858167090003917,OK,,True,2026-10-03T16:48:46.201708+07:00,664.2304218880008,0.03324549599983584,OK,,True,1572,0.1965,,2026-10-03T16:48:46.234956+07:00,664.263671273,0.03291705500032549,OK,,True,2769,0.346125,
ab14be9977d645198f54717810b879c8,666,2026-10-03T16:48:47.015864+07:00,665.0445627950003,665.0445627950003,MONITOR,665.1954938239996,1.0000546339997527,0.2633126580003591,0.00014691900014440762,DISABLED,on,user_reported,36.69747543334961,54.49299240112305,1007.1271875,106978.6875,True,True,True,176,0,0,109,178,101,2026-10-03T16:48:47.016005+07:00,665.0447206830004,0.19144022300042707,OK,,True,2026-10-03T16:48:47.207469+07:00,665.2361789430006,0.035012242999982846,OK,,True,1548,0.1935,,2026-10-03T16:48:47.242488+07:00,665.2712003340002,0.036657712000305764,OK,,True,2779,0.347375,
ab14be9977d645198f54717810b879c8,667,2026-10-03T16:48:48.015804+07:00,666.0445107080004,666.0445107080004,MONITOR,666.1954417369998,0.9999479130001419,0.2516555780002818,9.483200028626015e-05,DISABLED,on,user_reported,36.69364929199219,54.49242401123047,1007.14140625,106444.90625,True,True,True,176,0,0,109,178,101,2026-10-03T16:48:48.015883+07:00,666.0446002450008,0.18580852399918513,OK,,True,2026-10-03T16:48:48.201702+07:00,666.2304166760005,0.03294031399946107,OK,,True,1574,0.19675,,2026-10-03T16:48:48.234643+07:00,666.2633595820007,0.03279887000007875,OK,,True,2774,0.34675,
ab14be9977d645198f54717810b879c8,668,2026-10-03T16:48:49.015800+07:00,667.0445061950004,667.0445061950004,MONITOR,667.1954372239998,0.9999954869999783,0.2516739109996706,9.031900026457151e-05,DISABLED,on,user_reported,36.69301223754883,54.50509262084961,1007.10625,106048.0546875,True,True,True,176,0,0,109,178,101,2026-10-03T16:48:49.015882+07:00,667.0445994170004,0.18581698700018023,OK,,True,2026-10-03T16:48:49.201710+07:00,667.2304240890007,0.03293959099937638,OK,,True,1564,0.1955,,2026-10-03T16:48:49.234650+07:00,667.2633667360005,0.0328051480000795,OK,,True,2779,0.347375,
ab14be9977d645198f54717810b879c8,669,2026-10-03T16:48:50.015795+07:00,668.0445017380007,668.0445017380007,MONITOR,668.195432767,0.9999955430002956,0.25158789299985074,8.586200056015514e-05,DISABLED,on,user_reported,36.69683837890625,54.50566101074219,1007.07828125,106180.0078125,True,True,True,176,0,0,109,178,101,2026-10-03T16:48:50.015875+07:00,668.0445927560004,0.18580433900024218,OK,,True,2026-10-03T16:48:50.201690+07:00,668.2304042620008,0.032924979999734205,OK,,True,1575,0.196875,,2026-10-03T16:48:50.234615+07:00,668.2633320570003,0.03274911100015743,OK,,True,2779,0.347375,
ab14be9977d645198f54717810b879c8,670,2026-10-03T16:48:51.015801+07:00,669.0445075960006,669.0445075960006,MONITOR,669.195438625,1.000005857999895,0.25166204099969036,9.172000045509776e-05,DISABLED,on,user_reported,36.689823150634766,54.49824142456055,1007.128515625,106644.4453125,True,True,True,176,0,0,109,178,101,2026-10-03T16:48:51.015881+07:00,669.0445990030003,0.18581233900022198,OK,,True,2026-10-03T16:48:51.201705+07:00,669.2304198050006,0.032934572999693046,OK,,True,1570,0.19625,,2026-10-03T16:48:51.234641+07:00,669.2633575810005,0.03280401899974095,OK,,True,2770,0.34625,
ab14be9977d645198f54717810b879c8,671,2026-10-03T16:48:52.015799+07:00,670.0445066580005,670.0445066580005,MONITOR,670.1954376869999,0.9999990619999153,0.2520779449996553,9.078200037038187e-05,DISABLED,on,user_reported,36.69556427001953,54.51824188232422,1007.083046875,106777.890625,True,True,True,176,0,0,109,178,101,2026-10-03T16:48:52.015880+07:00,670.0445972690004,0.18580728300003102,OK,,True,2026-10-03T16:48:52.201697+07:00,670.2304119970004,0.033315939999738475,OK,,True,1572,0.1965,,2026-10-03T16:48:52.235018+07:00,670.2637327700004,0.032843166000020574,OK,,True,2774,0.34675,
ab14be9977d645198f54717810b879c8,672,2026-10-03T16:48:53.015824+07:00,671.0445297020005,671.0445297020005,MONITOR,671.1954607309999,1.000023044000045,0.2516822070001581,0.00011382600041542901,DISABLED,on,user_reported,36.69620132446289,54.51194763183594,1007.097734375,106911.671875,True,True,True,176,0,0,109,178,101,2026-10-03T16:48:53.015910+07:00,671.0446280160004,0.18581754299975728,OK,,True,2026-10-03T16:48:53.201740+07:00,671.2304537620003,0.032939184000497335,OK,,True,1575,0.196875,,2026-10-03T16:48:53.234679+07:00,671.263395557,0.03280746300060855,OK,,True,2769,0.346125,
ab14be9977d645198f54717810b879c8,673,2026-10-03T16:48:54.015800+07:00,672.0445062090002,672.0445062090002,MONITOR,672.1954372379996,0.9999765069997011,0.25168987400047627,9.03330001165159e-05,DISABLED,on,user_reported,36.690460205078125,54.51747512817383,1007.047421875,106444.90625,True,True,True,176,0,0,109,179,101,2026-10-03T16:48:54.015882+07:00,672.0445994490001,0.1858125620001374,OK,,True,2026-10-03T16:48:54.201705+07:00,672.2304192880001,0.03295251800045662,OK,,True,1571,0.196375,,2026-10-03T16:48:54.234658+07:00,672.2633749720007,0.032812980999551655,OK,,True,2779,0.347375,
ab14be9977d645198f54717810b879c8,674,2026-10-03T16:48:55.015831+07:00,673.0445362160008,673.0445362160008,MONITOR,673.1954672450001,1.0000300070005324,0.25176289199953317,0.00012034000064886641,DISABLED,on,user_reported,36.69364929199219,54.5179557800293,1007.045625,106644.4453125,True,True,True,176,0,0,109,178,101,2026-10-03T16:48:55.015918+07:00,673.0446346230001,0.1858201539998845,OK,,True,2026-10-03T16:48:55.201750+07:00,673.2304630920007,0.03298088699921209,OK,,True,1577,0.197125,,2026-10-03T16:48:55.234730+07:00,673.2634469050008,0.03284281399919564,OK,,True,2777,0.347125,
ab14be9977d645198f54717810b879c8,675,2026-10-03T16:48:56.015806+07:00,674.0445107800006,674.0445107800006,MONITOR,674.1954418089999,0.9999745639997855,0.2516861699996298,9.490400043432601e-05,DISABLED,on,user_reported,36.69301223754883,54.52423858642578,1007.0446875,106511.3359375,True,True,True,176,0,0,109,178,101,2026-10-03T16:48:56.015889+07:00,674.0446061500006,0.18580650500007323,OK,,True,2026-10-03T16:48:56.201706+07:00,674.2304208040005,0.03295659099967452,OK,,True,1584,0.198,,2026-10-03T16:48:56.234663+07:00,674.2633804500001,0.03280840800016449,OK,,True,2769,0.346125,
ab14be9977d645198f54717810b879c8,676,2026-10-03T16:48:57.015803+07:00,675.0445086770005,675.0445086770005,MONITOR,675.1954397059999,0.9999978969999574,0.2521127969994268,9.280100039177341e-05,DISABLED,on,user_reported,36.69939422607422,54.5379524230957,1007.054921875,106711.1328125,True,True,True,176,0,0,109,178,101,2026-10-03T16:48:57.015886+07:00,675.0446034910001,0.18581335799990484,OK,,True,2026-10-03T16:48:57.201711+07:00,675.230424978,0.03318959000080213,OK,,True,1562,0.19525,,2026-10-03T16:48:57.234905+07:00,675.2636200310008,0.03299242399953073,OK,,True,2771,0.346375,
ab14be9977d645198f54717810b879c8,677,2026-10-03T16:48:58.015911+07:00,676.0446030360008,676.0446030360008,MONITOR,676.1955340650002,1.0000943590002862,0.26357067599928996,0.00018716000067797722,DISABLED,on,user_reported,36.69620132446289,54.53109359741211,1007.05671875,106911.671875,True,True,True,176,0,0,109,178,101,2026-10-03T16:48:58.016084+07:00,676.0447995160002,0.19190797999999631,OK,,True,2026-10-03T16:48:58.208014+07:00,676.236723811,0.03620014100033586,OK,,True,1574,0.19675,,2026-10-03T16:48:58.244220+07:00,676.2729335630002,0.035220427000240306,OK,,True,2787,0.348375,
ab14be9977d645198f54717810b879c8,678,2026-10-03T16:48:59.015830+07:00,677.0445360460008,677.0445360460008,MONITOR,677.1954670750001,0.9999330099999497,0.2518211689994132,0.00012017000062769512,DISABLED,on,user_reported,36.691097259521484,54.543113708496094,1007.048359375,107450.15625,True,True,True,176,0,0,109,178,101,2026-10-03T16:48:59.015917+07:00,677.044634508,0.18591491200004384,OK,,True,2026-10-03T16:48:59.201844+07:00,677.230557328,0.032967795000331535,OK,,True,1574,0.19675,,2026-10-03T16:48:59.234811+07:00,677.2635280300001,0.032820796000123664,OK,,True,2775,0.346875,
ab14be9977d645198f54717810b879c8,679,2026-10-03T16:49:00.015830+07:00,678.0445354060003,678.0445354060003,MONITOR,678.1954664349996,0.9999993599994923,0.2517449850001867,0.00011953000011999393,DISABLED,on,user_reported,36.68854522705078,54.54273223876953,1007.03734375,106312.2890625,True,True,True,176,0,0,109,178,101,2026-10-03T16:49:00.015915+07:00,678.0446324980003,0.1858165800003917,OK,,True,2026-10-03T16:49:00.201744+07:00,678.230457652,0.03298272100073518,OK,,True,1561,0.195125,,2026-10-03T16:49:00.234727+07:00,678.2634437250008,0.03282811099961691,OK,,True,2776,0.34700000000000003,
ab14be9977d645198f54717810b879c8,680,2026-10-03T16:49:01.015798+07:00,679.0445054710008,679.0445054710008,MONITOR,679.1954365000001,0.9999700650005252,0.25171809699986625,8.959500064520398e-05,DISABLED,on,user_reported,36.68663024902344,54.542449951171875,1007.05484375,106777.890625,True,True,True,176,0,0,109,178,101,2026-10-03T16:49:01.015889+07:00,679.0446068970004,0.1858148949995666,OK,,True,2026-10-03T16:49:01.201716+07:00,679.2304298839999,0.0329670540004372,OK,,True,1569,0.196125,,2026-10-03T16:49:01.234683+07:00,679.2633998460005,0.032815851000123075,OK,,True,2770,0.34625,
ab14be9977d645198f54717810b879c8,681,2026-10-03T16:49:02.015798+07:00,680.044504851,680.044504851,MONITOR,680.1954358799994,0.9999993799992808,0.25205913100035104,8.897499992599478e-05,DISABLED,on,user_reported,36.68152618408203,54.54167938232422,1007.026015625,106711.1328125,True,True,True,176,0,0,109,178,101,2026-10-03T16:49:02.015879+07:00,680.0445966100006,0.18581917299979978,OK,,True,2026-10-03T16:49:02.201710+07:00,680.2304237460003,0.033217997000065225,OK,,True,1565,0.195625,,2026-10-03T16:49:02.234933+07:00,680.2636469280005,0.032907388000239735,OK,,True,2777,0.347125,
ab14be9977d645198f54717810b879c8,682,2026-10-03T16:49:03.015800+07:00,681.0445064539999,681.0445064539999,MONITOR,681.1954374829993,1.0000016029998733,0.25165826300053595,9.05779997992795e-05,DISABLED,on,user_reported,36.68152618408203,54.55445098876953,1007.032890625,106978.6875,True,True,True,176,0,0,109,178,101,2026-10-03T16:49:03.015882+07:00,681.0445996010003,0.1858146550002857,OK,,True,2026-10-03T16:49:03.201708+07:00,681.2304218670006,0.03293279499939672,OK,,True,1571,0.196375,,2026-10-03T16:49:03.234640+07:00,681.2633575140007,0.03279870400001528,OK,,True,2772,0.34650000000000003,
ab14be9977d645198f54717810b879c8,683,2026-10-03T16:49:04.015837+07:00,682.0445422420007,682.0445422420007,MONITOR,682.1954732710001,1.0000357880007869,0.25168265199954476,0.00012636600058613112,DISABLED,on,user_reported,36.682804107666016,54.55464553833008,1007.007578125,106911.671875,True,True,True,176,0,0,109,178,101,2026-10-03T16:49:04.015921+07:00,682.0446389819999,0.18581582100068772,OK,,True,2026-10-03T16:49:04.201750+07:00,682.230463543,0.03294420300062484,OK,,True,1577,0.197125,,2026-10-03T16:49:04.234694+07:00,682.2634106530004,0.03280537099999492,OK,,True,2769,0.346125,
ab14be9977d645198f54717810b879c8,684,2026-10-03T16:49:05.015827+07:00,683.0445323450003,683.0445323450003,MONITOR,683.1954633739997,0.9999901029996181,0.2519342619998497,0.00011646900020423345,DISABLED,on,user_reported,36.68025207519531,54.567039489746094,1007.188046875,106844.7421875,True,True,True,176,0,0,109,178,101,2026-10-03T16:49:05.015914+07:00,683.0446311040005,0.18581080199965072,OK,,True,2026-10-03T16:49:05.201736+07:00,683.2304493690008,0.033205181999619526,OK,,True,1576,0.197,,2026-10-03T16:49:05.234942+07:00,683.2636583290005,0.032799888999761606,OK,,True,2773,0.346625,
ab14be9977d645198f54717810b879c8,685,2026-10-03T16:49:06.016114+07:00,684.0448188720002,684.0448188720002,MONITOR,684.1957499009995,1.0002865269998438,0.251655301000028,0.00040299600004800595,DISABLED,on,user_reported,36.682167053222656,54.573707580566406,1007.1434375,106844.7421875,True,True,True,176,0,0,109,178,101,2026-10-03T16:49:06.016201+07:00,684.0449189830006,0.18582044999948266,OK,,True,2026-10-03T16:49:06.202034+07:00,684.2307478960001,0.032938424999883864,OK,,True,1575,0.196875,,2026-10-03T16:49:06.234972+07:00,684.2636890250005,0.03277577799963183,OK,,True,2776,0.34700000000000003,
ab14be9977d645198f54717810b879c8,686,2026-10-03T16:49:07.015799+07:00,685.0445052000005,685.0445052000005,MONITOR,685.1954362289998,0.9996863280002799,0.25215153800036205,8.93240003279061e-05,DISABLED,on,user_reported,36.684078216552734,54.567604064941406,1007.1190625,106644.4453125,True,True,True,176,0,0,109,178,101,2026-10-03T16:49:07.015880+07:00,685.0445977740001,0.18582071000037104,OK,,True,2026-10-03T16:49:07.201713+07:00,685.2304264470004,0.033357328999954916,OK,,True,1574,0.19675,,2026-10-03T16:49:07.235074+07:00,685.2637884060005,0.03285994399993797,OK,,True,2772,0.34650000000000003,
ab14be9977d645198f54717810b879c8,687,2026-10-03T16:49:08.015853+07:00,686.0445573410007,686.0445573410007,MONITOR,686.19548837,1.0000521410001966,0.251724374999867,0.00014146500052447664,DISABLED,on,user_reported,36.68663024902344,54.58714294433594,1007.12328125,106577.8515625,True,True,True,176,0,0,109,178,101,2026-10-03T16:49:08.015946+07:00,686.0446633770007,0.1858581359992968,OK,,True,2026-10-03T16:49:08.201816+07:00,686.2305300130001,0.03292446200066479,OK,,True,1564,0.1955,,2026-10-03T16:49:08.234740+07:00,686.2634569940001,0.03281635100029234,OK,,True,2771,0.346375,
ab14be9977d645198f54717810b879c8,688,2026-10-03T16:49:09.017281+07:00,687.0459710650002,687.0459710650002,MONITOR,687.1969020939996,1.0014137239995762,0.25324717800049257,0.001555189000100654,DISABLED,on,user_reported,36.683441162109375,54.58027648925781,1007.14546875,106312.2890625,True,True,True,176,0,0,109,178,101,2026-10-03T16:49:09.017464+07:00,687.0461790630006,0.18707584899948415,OK,,True,2026-10-03T16:49:09.204550+07:00,687.2332634310005,0.03309727499981818,OK,,True,1567,0.195875,,2026-10-03T16:49:09.237649+07:00,687.2663649660008,0.03284464799980924,OK,,True,2774,0.34675,
ab14be9977d645198f54717810b879c8,689,2026-10-03T16:49:10.015801+07:00,688.044507439,688.044507439,MONITOR,688.1954384679993,0.998536373999741,0.2517278750001424,9.156299984169891e-05,DISABLED,on,user_reported,36.68918228149414,54.58751678466797,1007.086328125,106444.90625,True,True,True,176,0,0,109,178,101,2026-10-03T16:49:10.015883+07:00,688.0446005130007,0.1858199139996941,OK,,True,2026-10-03T16:49:10.201715+07:00,688.2304289450003,0.03296124000007694,OK,,True,1576,0.197,,2026-10-03T16:49:10.234677+07:00,688.2633934810001,0.03283381500023097,OK,,True,2773,0.346625,
ab14be9977d645198f54717810b879c8,690,2026-10-03T16:49:11.015850+07:00,689.044555081,689.044555081,MONITOR,689.1954861099994,1.0000476420000268,0.25197363200004474,0.0001392049998685252,DISABLED,on,user_reported,36.683441162109375,54.59943389892578,1007.0565625,106577.8515625,True,True,True,176,0,0,109,178,101,2026-10-03T16:49:11.015934+07:00,689.0446514880005,0.18582670999967377,OK,,True,2026-10-03T16:49:11.201773+07:00,689.23048655,0.0332267560006585,OK,,True,1563,0.195375,,2026-10-03T16:49:11.234999+07:00,689.2637163240006,0.03280425999946601,OK,,True,2778,0.34725,
ab14be9977d645198f54717810b879c8,691,2026-10-03T16:49:12.015828+07:00,690.0445353350005,690.0445353350005,MONITOR,690.1954663639999,0.9999802540005476,0.25177648499993666,0.00011945900041610003,DISABLED,on,user_reported,36.687904357910156,54.587318420410156,1007.0775,106246.109375,True,True,True,176,0,0,109,178,101,2026-10-03T16:49:12.015901+07:00,690.0446185380006,0.18582191399946169,OK,,True,2026-10-03T16:49:12.201735+07:00,690.2304486740004,0.03303603499989549,OK,,True,1564,0.1955,,2026-10-03T16:49:12.234775+07:00,690.2634893570003,0.032813019000059285,OK,,True,2773,0.346625,
ab14be9977d645198f54717810b879c8,692,2026-10-03T16:49:13.018256+07:00,691.0469595150007,691.0469595150007,MONITOR,691.1978905440001,1.0024241800001619,0.2522658150001007,0.0025436390005779685,DISABLED,on,user_reported,36.690460205078125,54.59408950805664,1007.102109375,106444.90625,True,True,True,176,0,0,109,178,101,2026-10-03T16:49:13.018351+07:00,691.0470687180004,0.18634116999965045,OK,,True,2026-10-03T16:49:13.204703+07:00,691.2334173500003,0.03297970299990993,OK,,True,1575,0.196875,,2026-10-03T16:49:13.237684+07:00,691.2664001270005,0.032816629000080866,OK,,True,2773,0.346625,
ab14be9977d645198f54717810b879c8,693,2026-10-03T16:49:14.015879+07:00,692.044583027,692.044583027,MONITOR,692.1955140559994,0.9976235119993362,0.25213898299989523,0.00016715099991415627,DISABLED,on,user_reported,36.69556427001953,54.588470458984375,1007.083046875,106978.6875,True,True,True,176,0,0,109,178,101,2026-10-03T16:49:14.015976+07:00,692.0446933780004,0.18601215400030924,OK,,True,2026-10-03T16:49:14.202000+07:00,692.2307137540001,0.03316007100056595,OK,,True,1567,0.195875,,2026-10-03T16:49:14.235162+07:00,692.2638776399999,0.032835852000062005,OK,,True,2767,0.345875,
ab14be9977d645198f54717810b879c8,694,2026-10-03T16:49:15.015800+07:00,693.0445060600005,693.0445060600005,MONITOR,693.1954370889998,0.9999230330004139,0.25178002299981017,9.018400032800855e-05,DISABLED,on,user_reported,36.68854522705078,54.59381103515625,1007.0715625,106048.0546875,True,True,True,176,0,0,109,179,101,2026-10-03T16:49:15.015880+07:00,693.044597782,0.18581726600041293,OK,,True,2026-10-03T16:49:15.201709+07:00,693.230422955,0.03299362800044037,OK,,True,1571,0.196375,,2026-10-03T16:49:15.234704+07:00,693.263420454,0.032856555000762455,OK,,True,2765,0.345625,
ab14be9977d645198f54717810b879c8,695,2026-10-03T16:49:16.015796+07:00,694.0445044070002,694.0445044070002,MONITOR,694.1954354359996,0.999998346999746,0.2517581709998922,8.853100007399917e-05,DISABLED,on,user_reported,36.689823150634766,54.60039138793945,1007.087421875,106511.3359375,True,True,True,176,0,0,109,178,101,2026-10-03T16:49:16.015870+07:00,694.0445869250007,0.1858296740001606,OK,,True,2026-10-03T16:49:16.201711+07:00,694.2304248760001,0.03298235100010061,OK,,True,1563,0.195375,,2026-10-03T16:49:16.234694+07:00,694.2634107080003,0.032843388999935996,OK,,True,2772,0.34650000000000003,
ab14be9977d645198f54717810b879c8,696,2026-10-03T16:49:17.015797+07:00,695.0445038470007,695.0445038470007,MONITOR,695.195434876,0.9999994400004653,0.2519343559997651,8.797100053925533e-05,DISABLED,on,user_reported,36.68152618408203,54.59914779663086,1007.01234375,107247.59375,True,True,True,176,0,0,109,178,101,2026-10-03T16:49:17.015880+07:00,695.0445972540001,0.1858347480001612,OK,,True,2026-10-03T16:49:17.201726+07:00,695.2304397240005,0.03310884900020028,OK,,True,1567,0.195875,,2026-10-03T16:49:17.234839+07:00,695.2635533700004,0.03287310999985493,OK,,True,2774,0.34675,
ab14be9977d645198f54717810b879c8,697,2026-10-03T16:49:18.015798+07:00,696.0445056770004,696.0445056770004,MONITOR,696.1954367059998,1.0000018299997464,0.25230350000038015,8.980100028566085e-05,DISABLED,on,user_reported,36.684078216552734,54.58675765991211,1007.071171875,106511.3359375,True,True,True,176,0,0,109,178,101,2026-10-03T16:49:18.015873+07:00,696.0445902870006,0.1858233590000964,OK,,True,2026-10-03T16:49:18.201708+07:00,696.2304218130002,0.03340914300042641,OK,,True,1564,0.1955,,2026-10-03T16:49:18.235122+07:00,696.2638363820006,0.03296299900011945,OK,,True,2778,0.34725,
ab14be9977d645198f54717810b879c8,698,2026-10-03T16:49:19.016106+07:00,697.044808486,697.044808486,MONITOR,697.1957395149993,1.0003028089995496,0.26968587300052604,0.00039260999983525835,DISABLED,on,user_reported,36.682804107666016,54.599342346191406,1007.062265625,106312.2890625,True,True,True,176,0,0,109,179,101,2026-10-03T16:49:19.016204+07:00,697.0449218180001,0.19696887000009156,OK,,True,2026-10-03T16:49:19.213201+07:00,697.2419101130008,0.03706157999931747,OK,,True,1580,0.1975,,2026-10-03T16:49:19.250274+07:00,697.2789842300008,0.0355013329999565,OK,,True,2773,0.346625,
ab14be9977d645198f54717810b879c8,699,2026-10-03T16:49:20.015797+07:00,698.0445030950004,698.0445030950004,MONITOR,698.1954341239998,0.9996946090004712,0.2519454479997876,8.721900030650431e-05,DISABLED,on,user_reported,36.67833709716797,54.59867858886719,1007.034609375,106978.6875,True,True,True,176,0,0,109,178,101,2026-10-03T16:49:20.015882+07:00,698.0445997430006,0.18582196999977896,OK,,True,2026-10-03T16:49:20.201716+07:00,698.2304298980007,0.03313214599984349,OK,,True,1565,0.195625,,2026-10-03T16:49:20.234854+07:00,698.2635676919999,0.032871611000700796,OK,,True,2775,0.346875,
ab14be9977d645198f54717810b879c8,700,2026-10-03T16:49:21.015796+07:00,699.0445040550003,699.0445040550003,MONITOR,699.1954350839997,1.000000959999852,0.25185146700005134,8.81790001585614e-05,DISABLED,on,user_reported,36.67833709716797,54.605064392089844,1007.02765625,106911.671875,True,True,True,176,0,0,109,178,101,2026-10-03T16:49:21.015872+07:00,699.0445895180001,0.18584804400052235,OK,,True,2026-10-03T16:49:21.201734+07:00,699.2304468390003,0.03302199900008418,OK,,True,1564,0.1955,,2026-10-03T16:49:21.234756+07:00,699.2634725040007,0.032874722000087786,OK,,True,2770,0.34625,
ab14be9977d645198f54717810b879c8,701,2026-10-03T16:49:22.015825+07:00,700.0445294040001,700.0445294040001,MONITOR,700.1954604329994,1.0000253489997704,0.2520809659999941,0.0001135279999289196,DISABLED,on,user_reported,36.675148010253906,54.61098098754883,1007.04296875,106777.890625,True,True,True,176,0,0,109,178,101,2026-10-03T16:49:22.015914+07:00,700.0446313290004,0.18583828499959054,OK,,True,2026-10-03T16:49:22.201764+07:00,700.2304773920005,0.033084646000133944,OK,,True,1574,0.19675,,2026-10-03T16:49:22.234852+07:00,700.2635665380003,0.033032850000381586,OK,,True,2775,0.346875,
ab14be9977d645198f54717810b879c8,702,2026-10-03T16:49:23.015796+07:00,701.0445036240008,701.0445036240008,MONITOR,701.1954346530001,0.9999742200006949,0.2521273359998304,8.774800062383292e-05,DISABLED,on,user_reported,36.684078216552734,54.6123046875,1007.16703125,106180.0078125,True,True,True,176,0,0,109,178,101,2026-10-03T16:49:23.015871+07:00,701.0445881230007,0.18585145199995168,OK,,True,2026-10-03T16:49:23.201736+07:00,701.2304494270002,0.033101720000559,OK,,True,1579,0.197375,,2026-10-03T16:49:23.234839+07:00,701.263555091,0.033065313000406604,OK,,True,2768,0.34600000000000003,
ab14be9977d645198f54717810b879c8,703,2026-10-03T16:49:24.015801+07:00,702.0445081400003,702.0445081400003,MONITOR,702.1954391689997,1.0000045159995352,0.25770560999990266,9.226400015904801e-05,DISABLED,on,user_reported,36.683441162109375,54.618595123291016,1007.124921875,106844.7421875,True,True,True,176,0,0,109,178,101,2026-10-03T16:49:24.015883+07:00,702.0446008430008,0.18727827499969862,OK,,True,2026-10-03T16:49:24.203178+07:00,702.2318904510003,0.03522611199969106,OK,,True,1560,0.195,,2026-10-03T16:49:24.238408+07:00,702.2671221549999,0.03507070600062434,OK,,True,2770,0.34625,
ab14be9977d645198f54717810b879c8,704,2026-10-03T16:49:25.015851+07:00,703.0445501010008,703.0445501010008,MONITOR,703.1954811300002,1.0000419610005338,0.26272190599956957,0.0001342250006928225,DISABLED,on,user_reported,36.676422119140625,54.611175537109375,1007.127265625,106711.1328125,True,True,True,176,0,0,109,178,101,2026-10-03T16:49:25.016002+07:00,703.0447176000007,0.1910096359997624,OK,,True,2026-10-03T16:49:25.207034+07:00,703.2357438470008,0.03644134399928589,OK,,True,1581,0.197625,,2026-10-03T16:49:25.243482+07:00,703.2721938020004,0.0350622050000311,OK,,True,2780,0.34750000000000003,
ab14be9977d645198f54717810b879c8,705,2026-10-03T16:49:26.015898+07:00,704.0445946180007,704.0445946180007,MONITOR,704.1955256470001,1.0000445169998784,0.26167104299929633,0.00017874200057121925,DISABLED,on,user_reported,36.675785064697266,54.59830093383789,1007.105625,106378.5546875,True,True,True,176,0,0,109,178,101,2026-10-03T16:49:26.016047+07:00,704.0447633940003,0.1900315140001112,OK,,True,2026-10-03T16:49:26.206100+07:00,704.2348102040005,0.036379917999511235,OK,,True,1574,0.19675,,2026-10-03T16:49:26.242490+07:00,704.2712024370003,0.035043427999880805,OK,,True,2774,0.34675,
ab14be9977d645198f54717810b879c8,706,2026-10-03T16:49:27.015878+07:00,705.0445827270005,705.0445827270005,MONITOR,705.1955137559999,0.9999881089997871,0.2523583719994349,0.00016685100035829237,DISABLED,on,user_reported,36.68025207519531,54.59257888793945,1007.1128125,106978.6875,True,True,True,176,0,0,109,178,101,2026-10-03T16:49:27.015963+07:00,705.0446801530006,0.18582950699965295,OK,,True,2026-10-03T16:49:27.201804+07:00,705.2305182340006,0.03322173800006567,OK,,True,1548,0.1935,,2026-10-03T16:49:27.235031+07:00,705.2637451760002,0.033179812000526,OK,,True,2774,0.34675,
ab14be9977d645198f54717810b879c8,707,2026-10-03T16:49:28.015800+07:00,706.0445085970005,706.0445085970005,MONITOR,706.1954396259998,0.99992586999997,0.2520810589994653,9.272100032831077e-05,DISABLED,on,user_reported,36.682804107666016,54.61211395263672,1007.096484375,106048.0546875,True,True,True,176,0,0,109,178,101,2026-10-03T16:49:28.015875+07:00,706.0445929300004,0.18585876700035442,OK,,True,2026-10-03T16:49:28.201749+07:00,706.2304618450007,0.03297009099969728,OK,,True,1560,0.195,,2026-10-03T16:49:28.234726+07:00,706.2634386210002,0.03313994200016168,OK,,True,2768,0.34600000000000003,
ab14be9977d645198f54717810b879c8,708,2026-10-03T16:49:29.015862+07:00,707.0445622070001,707.0445622070001,MONITOR,707.1954932359995,1.000053609999668,0.2594981709999047,0.0001463309999962803,DISABLED,on,user_reported,36.68088912963867,54.599063873291016,1007.0934375,106378.5546875,True,True,True,176,0,0,109,178,101,2026-10-03T16:49:29.015970+07:00,707.0446872990005,0.18603335799980414,OK,,True,2026-10-03T16:49:29.202017+07:00,707.2307301200008,0.03832701499959512,OK,,True,1556,0.1945,,2026-10-03T16:49:29.240361+07:00,707.269070024,0.034978169000169146,OK,,True,2755,0.344375,
ab14be9977d645198f54717810b879c8,709,2026-10-03T16:49:30.015800+07:00,708.0445084850007,708.0445084850007,MONITOR,708.1954395140001,0.999946278000607,0.25343795599928853,9.260900060326094e-05,DISABLED,on,user_reported,36.684078216552734,54.60591506958008,1007.08484375,106048.0546875,True,True,True,176,0,0,109,178,101,2026-10-03T16:49:30.015874+07:00,708.0445915770006,0.18582259999948292,OK,,True,2026-10-03T16:49:30.201708+07:00,708.230422177,0.03310853499988298,OK,,True,1567,0.195875,,2026-10-03T16:49:30.234822+07:00,708.2635361750008,0.03439706299923273,OK,,True,2766,0.34575,
ab14be9977d645198f54717810b879c8,710,2026-10-03T16:49:31.015801+07:00,709.0445096330004,709.0445096330004,MONITOR,709.1954406619998,1.0000011479996829,0.2530542920003427,9.37570002861321e-05,DISABLED,on,user_reported,36.68088912963867,54.5862922668457,1007.05921875,106844.7421875,True,True,True,176,0,0,109,178,101,2026-10-03T16:49:31.015876+07:00,709.0445935030002,0.18588721100059047,OK,,True,2026-10-03T16:49:31.201775+07:00,709.2304886400007,0.03372362299978704,OK,,True,1562,0.19525,,2026-10-03T16:49:31.235505+07:00,709.2642186700004,0.03333129299971915,OK,,True,2758,0.34475,
ab14be9977d645198f54717810b879c8,711,2026-10-03T16:49:32.015845+07:00,710.0445420960004,710.0445420960004,MONITOR,710.1954731249998,1.000032463000025,0.26694250499986083,0.00012622000031115022,DISABLED,on,user_reported,36.684078216552734,54.5739860534668,1007.071171875,106844.7421875,True,True,True,176,0,0,109,178,101,2026-10-03T16:49:32.016002+07:00,710.0447179460007,0.19126357899949653,OK,,True,2026-10-03T16:49:32.207285+07:00,710.2359959140003,0.03644019599960302,OK,,True,1581,0.197625,,2026-10-03T16:49:32.243738+07:00,710.2724473880007,0.0390099910000572,OK,,True,2773,0.346625,
ab14be9977d645198f54717810b879c8,712,2026-10-03T16:49:33.015813+07:00,711.044521541,711.044521541,MONITOR,711.1954525699994,0.9999794449995534,0.2528387010006554,0.00010566499986452982,DISABLED,on,user_reported,36.687904357910156,54.587318420410156,1007.10484375,106444.90625,True,True,True,176,0,0,109,178,101,2026-10-03T16:49:33.015888+07:00,711.0446051700001,0.1858278590007103,OK,,True,2026-10-03T16:49:33.201725+07:00,711.2304393439999,0.033300663000773056,OK,,True,1564,0.1955,,2026-10-03T16:49:33.235035+07:00,711.2637473960003,0.033590883999750076,OK,,True,2758,0.34475,
ab14be9977d645198f54717810b879c8,713,2026-10-03T16:49:34.015973+07:00,712.0446690220006,712.0446690220006,MONITOR,712.1956000509999,1.0001474810005675,0.25548729299953266,0.0002531460004320252,DISABLED,on,user_reported,36.676422119140625,54.56647872924805,1007.058828125,106711.1328125,True,True,True,176,0,0,109,178,101,2026-10-03T16:49:34.016088+07:00,712.0448054650005,0.18587408199982747,OK,,True,2026-10-03T16:49:34.201975+07:00,712.2306893620007,0.035831292999318975,OK,,True,1568,0.196,,2026-10-03T16:49:34.237815+07:00,712.2665283210008,0.033607530999688606,OK,,True,2754,0.34425,
ab14be9977d645198f54717810b879c8,714,2026-10-03T16:49:35.015804+07:00,713.0445123019999,713.0445123019999,MONITOR,713.1954433309993,0.999843279999368,0.25219031700089545,9.642599979997613e-05,DISABLED,on,user_reported,36.682804107666016,54.57379913330078,1007.062265625,106577.8515625,True,True,True,176,0,0,109,178,101,2026-10-03T16:49:35.015876+07:00,713.0445934680001,0.18580782300068677,OK,,True,2026-10-03T16:49:35.201694+07:00,713.2304083650006,0.0328279069999553,OK,,True,1557,0.194625,,2026-10-03T16:49:35.234528+07:00,713.2632419390002,0.03345038400038902,OK,,True,2768,0.34600000000000003,
ab14be9977d645198f54717810b879c8,715,2026-10-03T16:49:36.015800+07:00,714.0445076740007,714.0445076740007,MONITOR,714.195438703,0.9999953720007397,0.25406024799940496,9.179800053971121e-05,DISABLED,on,user_reported,36.684078216552734,54.58037185668945,1007.043828125,106911.671875,True,True,True,176,0,0,109,178,101,2026-10-03T16:49:36.015873+07:00,714.0445910799999,0.18581282300056046,OK,,True,2026-10-03T16:49:36.201696+07:00,714.2304110700006,0.03488017000017862,OK,,True,1569,0.196125,,2026-10-03T16:49:36.236583+07:00,714.2652967590002,0.033259032999922056,OK,,True,2759,0.344875,
ab14be9977d645198f54717810b879c8,716,2026-10-03T16:49:37.015806+07:00,715.0445118790003,715.0445118790003,MONITOR,715.1954429079997,1.000004204999641,0.25360769600047206,9.600300018064445e-05,DISABLED,on,user_reported,36.687904357910156,54.55539321899414,1007.04328125,107180.2421875,True,True,True,176,0,0,109,178,101,2026-10-03T16:49:37.015885+07:00,715.044602082,0.18591093300074135,OK,,True,2026-10-03T16:49:37.201808+07:00,715.2305217930007,0.032906165999520454,OK,,True,1564,0.1955,,2026-10-03T16:49:37.234720+07:00,715.2634340150007,0.03467413399994257,OK,,True,2766,0.34575,
ab14be9977d645198f54717810b879c8,717,2026-10-03T16:49:38.015879+07:00,716.0445776400002,716.0445776400002,MONITOR,716.1955086689995,1.0000657609998598,0.2676108900004692,0.0001617640000404208,DISABLED,on,user_reported,36.68854522705078,54.55550003051758,1007.003125,106444.90625,True,True,True,176,0,0,109,178,101,2026-10-03T16:49:38.016018+07:00,716.0447345460007,0.1913616149995505,OK,,True,2026-10-03T16:49:38.207400+07:00,716.2361110130005,0.03669643499961239,OK,,True,1585,0.198125,,2026-10-03T16:49:38.244110+07:00,716.2728194110005,0.0393386929999906,OK,,True,2775,0.346875,
ab14be9977d645198f54717810b879c8,718,2026-10-03T16:49:39.015875+07:00,717.0445740120003,717.0445740120003,MONITOR,717.1955050409997,0.9999963720001688,0.25966300399977627,0.00015813600020919694,DISABLED,on,user_reported,36.684078216552734,54.53567886352539,1007.050625,106711.1328125,True,True,True,176,0,0,109,178,101,2026-10-03T16:49:39.016030+07:00,717.0447461410004,0.18838822999987315,OK,,True,2026-10-03T16:49:39.204435+07:00,717.233147074,0.0360175320001872,OK,,True,1581,0.197625,,2026-10-03T16:49:39.240462+07:00,717.2691735690005,0.03504894700017758,OK,,True,2774,0.34675,
ab14be9977d645198f54717810b879c8,719,2026-10-03T16:49:40.015853+07:00,718.0445522,718.0445522,MONITOR,718.1954832289994,0.999978187999659,0.2742569520005418,0.000136323999868182,DISABLED,on,user_reported,36.682804107666016,54.52910614013672,1007.05546875,106577.8515625,True,True,True,176,0,0,109,178,101,2026-10-03T16:49:40.016003+07:00,718.0447188470007,0.19174879799993505,OK,,True,2026-10-03T16:49:40.207772+07:00,718.2364828300006,0.036696397999548935,OK,,True,1574,0.19675,,2026-10-03T16:49:40.244476+07:00,718.2731881540003,0.04559755399986898,OK,,True,2784,0.34800000000000003,
ab14be9977d645198f54717810b879c8,720,2026-10-03T16:49:41.015864+07:00,719.0445639060008,719.0445639060008,MONITOR,719.1954949350002,1.0000117060008051,0.2628854249996948,0.00014803000067331595,DISABLED,on,user_reported,36.67897415161133,54.52216339111328,1007.165703125,106911.671875,True,True,True,176,0,0,109,178,101,2026-10-03T16:49:41.016010+07:00,719.0447263310007,0.19173274300010235,OK,,True,2026-10-03T16:49:41.207762+07:00,719.2364735180008,0.035449610999421566,OK,,True,1543,0.192875,,2026-10-03T16:49:41.243217+07:00,719.2719317210003,0.03549064700018789,OK,,True,2780,0.34750000000000003,
ab14be9977d645198f54717810b879c8,721,2026-10-03T16:49:42.015868+07:00,720.0445666320002,720.0445666320002,MONITOR,720.1954976609995,1.0000027259993658,0.26904991599985806,0.0001507560000391095,DISABLED,on,user_reported,36.68088912963867,54.52244567871094,1007.10703125,106911.671875,True,True,True,176,0,0,109,178,101,2026-10-03T16:49:42.016021+07:00,720.0447366300004,0.19174692799970217,OK,,True,2026-10-03T16:49:42.207787+07:00,720.2364987990004,0.03569084900027519,OK,,True,1569,0.196125,,2026-10-03T16:49:42.243490+07:00,720.2722007780003,0.04139267800019297,OK,,True,2787,0.348375,
ab14be9977d645198f54717810b879c8,722,2026-10-03T16:49:43.015919+07:00,721.0446160970005,721.0446160970005,MONITOR,721.1955471259998,1.000049465000302,0.2625798720000603,0.00020022100034111645,DISABLED,on,user_reported,36.69364929199219,54.49880599975586,1007.07984375,107382.546875,True,True,True,176,0,0,109,178,101,2026-10-03T16:49:43.016077+07:00,721.044793522,0.1915574110007583,OK,,True,2026-10-03T16:49:43.207655+07:00,721.23636584,0.03561520200037194,OK,,True,1554,0.19425,,2026-10-03T16:49:43.243278+07:00,721.2719909310008,0.03518448299928423,OK,,True,2791,0.348875,
ab14be9977d645198f54717810b879c8,723,2026-10-03T16:49:44.015867+07:00,722.0445656760003,722.0445656760003,MONITOR,722.1954967049996,0.9999495789998036,0.2610177530004876,0.0001498000001447508,DISABLED,on,user_reported,36.68854522705078,54.504432678222656,1007.085234375,106577.8515625,True,True,True,176,0,0,109,178,101,2026-10-03T16:49:44.016015+07:00,722.0447305630005,0.189706035999734,OK,,True,2026-10-03T16:49:44.205740+07:00,722.2344510060002,0.03604317999997875,OK,,True,1572,0.1965,,2026-10-03T16:49:44.241797+07:00,722.2705062230007,0.035061927999777254,OK,,True,2762,0.34525,
ab14be9977d645198f54717810b879c8,724,2026-10-03T16:49:45.015798+07:00,723.0445068650006,723.0445068650006,MONITOR,723.195437894,0.9999411890003103,0.25188774700018257,9.098900045501068e-05,DISABLED,on,user_reported,36.68088912963867,54.48414993286133,1007.086484375,106711.1328125,True,True,True,176,0,0,109,178,101,2026-10-03T16:49:45.015872+07:00,723.0445896609999,0.185813823000899,OK,,True,2026-10-03T16:49:45.201695+07:00,723.2304097800006,0.033140165000077104,OK,,True,1572,0.1965,,2026-10-03T16:49:45.234838+07:00,723.2635538710001,0.03283283300061157,OK,,True,2775,0.346875,
ab14be9977d645198f54717810b879c8,725,2026-10-03T16:49:46.015798+07:00,724.0445064990008,724.0445064990008,MONITOR,724.1954375280002,0.9999996340002326,0.25178133999997954,9.062300068762852e-05,DISABLED,on,user_reported,36.682804107666016,54.49081039428711,1007.096484375,106844.7421875,True,True,True,176,0,0,109,178,101,2026-10-03T16:49:46.015868+07:00,724.0445857950008,0.18580911899971397,OK,,True,2026-10-03T16:49:46.201687+07:00,724.2304023590004,0.0330088689997865,OK,,True,1574,0.19675,,2026-10-03T16:49:46.234699+07:00,724.2634150430004,0.03286444399964239,OK,,True,2768,0.34600000000000003,
ab14be9977d645198f54717810b879c8,726,2026-10-03T16:49:47.015851+07:00,725.0445598360002,725.0445598360002,MONITOR,725.1954908649996,1.0000533369993718,0.25195126500057086,0.00014396000005945098,DISABLED,on,user_reported,36.68663024902344,54.49137878417969,1007.095859375,107315.03125,True,True,True,176,0,0,109,178,101,2026-10-03T16:49:47.015922+07:00,725.0446395580002,0.1857988789997762,OK,,True,2026-10-03T16:49:47.201730+07:00,725.2304448820005,0.03314725699965493,OK,,True,1552,0.194,,2026-10-03T16:49:47.234883+07:00,725.263597102,0.03290461000051437,OK,,True,2775,0.346875,
ab14be9977d645198f54717810b879c8,727,2026-10-03T16:49:48.015796+07:00,726.0445037120007,726.0445037120007,MONITOR,726.1954347410001,0.9999438760005432,0.2518019319995801,8.783600060269237e-05,DISABLED,on,user_reported,36.69428634643555,54.48612976074219,1007.1425,107517.8515625,True,True,True,176,0,0,109,178,101,2026-10-03T16:49:48.015870+07:00,726.0445877850007,0.18582324999988487,OK,,True,2026-10-03T16:49:48.201703+07:00,726.2304176460002,0.03299946200058912,OK,,True,1572,0.1965,,2026-10-03T16:49:48.234705+07:00,726.2634205520008,0.03287688899945351,OK,,True,2778,0.34725,
ab14be9977d645198f54717810b879c8,728,2026-10-03T16:49:49.015802+07:00,727.0445079210003,727.0445079210003,MONITOR,727.1954389499997,1.0000042089995986,0.2567464330004441,9.2045000201324e-05,DISABLED,on,user_reported,36.68854522705078,54.48528289794922,1007.03046875,107382.546875,True,True,True,176,0,0,109,178,101,2026-10-03T16:49:49.015883+07:00,727.044600364,0.18594256400047016,OK,,True,2026-10-03T16:49:49.201838+07:00,727.230551187,0.033073665000301844,OK,,True,1560,0.195,,2026-10-03T16:49:49.234923+07:00,727.2636347220005,0.0375926509996134,OK,,True,2756,0.34450000000000003,
ab14be9977d645198f54717810b879c8,729,2026-10-03T16:49:50.015820+07:00,728.0445272960005,728.0445272960005,MONITOR,728.1954583249999,1.0000193750001927,0.2517219330002263,0.00011142000039399136,DISABLED,on,user_reported,36.68663024902344,54.49137878417969,1007.06859375,107247.59375,True,True,True,176,0,0,109,178,101,2026-10-03T16:49:50.015892+07:00,728.0446097399999,0.18582187900028657,OK,,True,2026-10-03T16:49:50.201724+07:00,728.2304392490005,0.03297336899959191,OK,,True,1574,0.19675,,2026-10-03T16:49:50.234699+07:00,728.2634157660004,0.032825649000187695,OK,,True,2772,0.34650000000000003,
ab14be9977d645198f54717810b879c8,730,2026-10-03T16:49:51.015799+07:00,729.0445074130002,729.0445074130002,MONITOR,729.1954384419996,0.9999801169997227,0.2517600629998924,9.153700011665933e-05,DISABLED,on,user_reported,36.69237518310547,54.47946548461914,1007.064140625,106978.6875,True,True,True,176,0,0,109,178,101,2026-10-03T16:49:51.015869+07:00,729.0445866720002,0.18581726800039178,OK,,True,2026-10-03T16:49:51.201696+07:00,729.2304107730006,0.03299988799972198,OK,,True,1564,0.1955,,2026-10-03T16:49:51.234699+07:00,729.2634146050004,0.03284427800008416,OK,,True,2777,0.347125,
ab14be9977d645198f54717810b879c8,731,2026-10-03T16:49:52.015800+07:00,730.0445069370007,730.0445069370007,MONITOR,730.1954379660001,0.9999995240004864,0.2520786529994439,9.106100060307654e-05,DISABLED,on,user_reported,36.68918228149414,54.498138427734375,1007.045234375,106577.8515625,True,True,True,176,0,0,109,178,101,2026-10-03T16:49:52.015881+07:00,730.0445980290006,0.1858128610001586,OK,,True,2026-10-03T16:49:52.201704+07:00,730.2304188340004,0.0332778120000512,OK,,True,1563,0.195375,,2026-10-03T16:49:52.234988+07:00,730.2637017940006,0.03287481499955902,OK,,True,2773,0.346625,
ab14be9977d645198f54717810b879c8,732,2026-10-03T16:49:53.015797+07:00,731.0445042400006,731.0445042400006,MONITOR,731.195435269,0.9999973029998728,0.2517396180001015,8.836400047584902e-05,DISABLED,on,user_reported,36.691734313964844,54.51128387451172,1007.0015625,106777.890625,True,True,True,176,0,0,109,178,101,2026-10-03T16:49:53.015881+07:00,731.0445982760002,0.18580886099971394,OK,,True,2026-10-03T16:49:53.201699+07:00,731.2304141180002,0.03298570300012216,OK,,True,1566,0.19575,,2026-10-03T16:49:53.234687+07:00,731.2634032470005,0.03283251900029427,OK,,True,2778,0.34725,
ab14be9977d645198f54717810b879c8,733,2026-10-03T16:49:54.015801+07:00,732.044506839,732.044506839,MONITOR,732.1954378679993,1.0000025989993446,0.2524179100000765,9.09629998204764e-05,DISABLED,on,user_reported,36.690460205078125,54.49832534790039,1007.013125,107045.7890625,True,True,True,176,0,0,109,178,101,2026-10-03T16:49:54.015884+07:00,732.0446010230007,0.18589854599940736,OK,,True,2026-10-03T16:49:54.201797+07:00,732.2305100870008,0.0333632559995749,OK,,True,1551,0.193875,,2026-10-03T16:49:54.235168+07:00,732.263881287,0.033027332000528986,OK,,True,2758,0.34475,
ab14be9977d645198f54717810b879c8,734,2026-10-03T16:49:55.015796+07:00,733.0445044750004,733.0445044750004,MONITOR,733.1954355039998,0.9999976360004439,0.2517957480004043,8.859900026436662e-05,DISABLED,on,user_reported,36.68854522705078,54.504432678222656,1007.03046875,107450.15625,True,True,True,176,0,0,109,178,101,2026-10-03T16:49:55.015865+07:00,733.0445827520007,0.18582426899956772,OK,,True,2026-10-03T16:49:55.201700+07:00,733.2304143540005,0.03302488799999992,OK,,True,1570,0.19625,,2026-10-03T16:49:55.234727+07:00,733.2634430010003,0.032849093000550056,OK,,True,2778,0.34725,
ab14be9977d645198f54717810b879c8,735,2026-10-03T16:49:56.015789+07:00,734.0444977420002,734.0444977420002,MONITOR,734.1954287709996,0.9999932669998088,0.2517991920003624,8.186600007320521e-05,DISABLED,on,user_reported,36.67833709716797,54.51567840576172,1007.034609375,107045.7890625,True,True,True,176,0,0,109,178,101,2026-10-03T16:49:56.015856+07:00,734.0445732780008,0.1858133239993549,OK,,True,2026-10-03T16:49:56.201680+07:00,734.2303943430006,0.03302479499961919,OK,,True,1565,0.195625,,2026-10-03T16:49:56.234707+07:00,734.2634229340001,0.03286598100021365,OK,,True,2772,0.34650000000000003,
ab14be9977d645198f54717810b879c8,736,2026-10-03T16:49:57.015796+07:00,735.0445030820001,735.0445030820001,MONITOR,735.1954341109995,1.000005339999916,0.25199250600053347,8.720599998923717e-05,DISABLED,on,user_reported,36.677696228027344,54.528350830078125,1007.00609375,106644.4453125,True,True,True,176,0,0,109,178,101,2026-10-03T16:49:57.015874+07:00,735.0445917480001,0.18582004600011715,OK,,True,2026-10-03T16:49:57.201706+07:00,735.2304198500005,0.03314916399995127,OK,,True,1574,0.19675,,2026-10-03T16:49:57.234860+07:00,735.2635742370003,0.03291237000030378,OK,,True,2772,0.34650000000000003,
ab14be9977d645198f54717810b879c8,737,2026-10-03T16:49:58.015793+07:00,736.0445019600002,736.0445019600002,MONITOR,736.1954329889995,0.9999988780000422,0.2519905250001102,8.60840000314056e-05,DISABLED,on,user_reported,36.67833709716797,54.51567840576172,1007.061875,106711.1328125,True,True,True,176,0,0,109,178,101,2026-10-03T16:49:58.015862+07:00,736.0445789780006,0.18582830499963165,OK,,True,2026-10-03T16:49:58.201701+07:00,736.2304151170001,0.03319662700050685,OK,,True,1566,0.19575,,2026-10-03T16:49:58.234899+07:00,736.263615281,0.03286850000040431,OK,,True,2771,0.346375,
ab14be9977d645198f54717810b879c8,738,2026-10-03T16:49:59.015795+07:00,737.0445027640008,737.0445027640008,MONITOR,737.1954337930001,1.0000008040005923,0.252645556999596,8.688800062373048e-05,DISABLED,on,user_reported,36.68152618408203,54.53529739379883,1007.15609375,106577.8515625,True,True,True,176,0,0,109,178,101,2026-10-03T16:49:59.015860+07:00,737.0445778010007,0.18582832399988547,OK,,True,2026-10-03T16:49:59.201699+07:00,737.2304131250003,0.0334722919997148,OK,,True,1569,0.196125,,2026-10-03T16:49:59.235186+07:00,737.2638944720002,0.03323477499998262,OK,,True,2758,0.34475,
ab14be9977d645198f54717810b879c8,739,2026-10-03T16:50:00.017385+07:00,738.0460844090003,738.0460844090003,MONITOR,738.1970154379997,1.0015816449995327,0.26172247199974663,0.001668533000156458,DISABLED,on,user_reported,36.68025207519531,54.547882080078125,1007.1196875,107045.7890625,True,True,True,176,0,0,109,178,101,2026-10-03T16:50:00.017529+07:00,738.0462448520002,0.19144209800015233,OK,,True,2026-10-03T16:50:00.208992+07:00,738.2377026720005,0.03551268399951368,OK,,True,1596,0.1995,,2026-10-03T16:50:00.244512+07:00,738.273225375,0.03456300600009854,OK,,True,2791,0.348875,
ab14be9977d645198f54717810b879c8,740,2026-10-03T16:50:01.015862+07:00,739.044561873,739.044561873,MONITOR,739.1954929019994,0.998477463999734,0.2622501900004863,0.0001459969998904853,DISABLED,on,user_reported,36.67897415161133,54.54130935668945,1007.124609375,106777.890625,True,True,True,176,0,0,109,178,101,2026-10-03T16:50:01.016000+07:00,739.0447161680004,0.19176178100042307,OK,,True,2026-10-03T16:50:01.207781+07:00,739.2364930410004,0.03543266700035019,OK,,True,1583,0.197875,,2026-10-03T16:50:01.243221+07:00,739.2719341890006,0.034861373999774514,OK,,True,2788,0.34850000000000003,
ab14be9977d645198f54717810b879c8,741,2026-10-03T16:50:02.015804+07:00,740.0445105120007,740.0445105120007,MONITOR,740.195441541,0.9999486390006496,0.25232942899947375,9.463600054004928e-05,DISABLED,on,user_reported,36.67833709716797,54.53483200073242,1007.096171875,106644.4453125,True,True,True,176,0,0,109,178,101,2026-10-03T16:50:02.015887+07:00,740.0446046960005,0.18581623199952446,OK,,True,2026-10-03T16:50:02.201715+07:00,740.2304287050001,0.03347345900056098,OK,,True,1571,0.196375,,2026-10-03T16:50:02.235193+07:00,740.263906997,0.032924314999945636,OK,,True,2775,0.346875,
ab14be9977d645198f54717810b879c8,742,2026-10-03T16:50:03.015792+07:00,741.044500817,741.044500817,MONITOR,741.1954318459993,0.9999903049993009,0.25171374900037335,8.494099984091008e-05,DISABLED,on,user_reported,36.68025207519531,54.55426788330078,1007.099140625,106844.7421875,True,True,True,176,0,0,109,178,101,2026-10-03T16:50:03.015860+07:00,741.0445776310007,0.18581758399977844,OK,,True,2026-10-03T16:50:03.201687+07:00,741.230402141,0.03295822100062651,OK,,True,1576,0.197,,2026-10-03T16:50:03.234646+07:00,741.2633634550002,0.03284274100042239,OK,,True,2776,0.34700000000000003,
ab14be9977d645198f54717810b879c8,743,2026-10-03T16:50:04.015790+07:00,742.0444973450003,742.0444973450003,MONITOR,742.1954283739997,0.999996528000338,0.2521001349996368,8.146900017891312e-05,DISABLED,on,user_reported,36.682167053222656,54.55455017089844,1007.081875,106378.5546875,True,True,True,176,0,0,109,178,101,2026-10-03T16:50:04.015871+07:00,742.0445883440007,0.18582019499990565,OK,,True,2026-10-03T16:50:04.201701+07:00,742.2304157610006,0.032994313999552105,OK,,True,1579,0.197375,,2026-10-03T16:50:04.234698+07:00,742.2634138150006,0.03316594299940334,OK,,True,2771,0.346375,
ab14be9977d645198f54717810b879c8,744,2026-10-03T16:50:05.015806+07:00,743.0445130950002,743.0445130950002,MONITOR,743.1954441239996,1.000015749999875,0.25176361900048505,9.721900005388306e-05,DISABLED,on,user_reported,36.67961120605469,54.54779052734375,1007.08453125,106777.890625,True,True,True,176,0,0,109,178,101,2026-10-03T16:50:05.015888+07:00,743.0446053900005,0.18581041699962952,OK,,True,2026-10-03T16:50:05.201709+07:00,743.2304230300006,0.032979091000015615,OK,,True,1570,0.19625,,2026-10-03T16:50:05.234688+07:00,743.2634051580008,0.03286240799934603,OK,,True,2774,0.34675,
ab14be9977d645198f54717810b879c8,745,2026-10-03T16:50:06.015797+07:00,744.0445036230003,744.0445036230003,MONITOR,744.1954346519997,0.9999905280001258,0.251957802999641,8.774700017966097e-05,DISABLED,on,user_reported,36.670040130615234,54.539981842041016,1007.04171875,106378.5546875,True,True,True,176,0,0,109,178,101,2026-10-03T16:50:06.015883+07:00,744.0446004560008,0.1858113799999046,OK,,True,2026-10-03T16:50:06.201706+07:00,744.2304199100008,0.03312701599952561,OK,,True,1575,0.196875,,2026-10-03T16:50:06.234833+07:00,744.2635501120003,0.032902073000514065,OK,,True,2770,0.34625,
ab14be9977d645198f54717810b879c8,746,2026-10-03T16:50:07.015843+07:00,745.0445388920007,745.0445388920007,MONITOR,745.195469921,1.0000352690003638,0.263016351999795,0.00012301600054342998,DISABLED,on,user_reported,36.67961120605469,54.56694030761719,1007.0365625,106711.1328125,True,True,True,176,0,0,109,178,101,2026-10-03T16:50:07.016010+07:00,745.0447260390001,0.19175202200040076,OK,,True,2026-10-03T16:50:07.207782+07:00,745.2364927460003,0.0357009420004033,OK,,True,1582,0.19775,,2026-10-03T16:50:07.243494+07:00,745.2722053180005,0.035329962999639974,OK,,True,2780,0.34750000000000003,
ab14be9977d645198f54717810b879c8,747,2026-10-03T16:50:08.015868+07:00,746.0445641800006,746.0445641800006,MONITOR,746.195495209,1.0000252879999607,0.2625974100001258,0.00014830400050414028,DISABLED,on,user_reported,36.675785064697266,54.56637191772461,1007.030390625,106378.5546875,True,True,True,176,0,0,109,178,101,2026-10-03T16:50:08.016028+07:00,746.0447437340008,0.1917545219994281,OK,,True,2026-10-03T16:50:08.207801+07:00,746.2365124410007,0.03540888899988204,OK,,True,1581,0.197625,,2026-10-03T16:50:08.243216+07:00,746.2719290710002,0.035213816000577935,OK,,True,2790,0.34875,
ab14be9977d645198f54717810b879c8,748,2026-10-03T16:50:09.015810+07:00,747.044516506,747.044516506,MONITOR,747.1954475349994,0.9999523259994021,0.25181634100044903,0.00010062999990623211,DISABLED,on,user_reported,36.67450714111328,54.56618118286133,1007.041953125,106978.6875,True,True,True,176,0,0,109,178,101,2026-10-03T16:50:09.015891+07:00,747.0446090240002,0.18580641700009437,OK,,True,2026-10-03T16:50:09.201708+07:00,747.2304220330007,0.03299794399936218,OK,,True,1572,0.1965,,2026-10-03T16:50:09.234708+07:00,747.2634238290002,0.032900444000006246,OK,,True,2775,0.346875,
ab14be9977d645198f54717810b879c8,749,2026-10-03T16:50:10.015802+07:00,748.0445079240008,748.0445079240008,MONITOR,748.1954389530001,0.9999914180007181,0.2518248419992233,9.204800062434515e-05,DISABLED,on,user_reported,36.675148010253906,54.57904815673828,1007.00875,106378.5546875,True,True,True,176,0,0,109,178,101,2026-10-03T16:50:10.015885+07:00,748.0446030160001,0.18581864000043424,OK,,True,2026-10-03T16:50:10.201715+07:00,748.2304293780007,0.03296531399973901,OK,,True,1570,0.19625,,2026-10-03T16:50:10.234681+07:00,748.2633977470005,0.0329258519996074,OK,,True,2775,0.346875,
ab14be9977d645198f54717810b879c8,750,2026-10-03T16:50:11.015833+07:00,749.0445386200008,749.0445386200008,MONITOR,749.1954696490002,1.000030696000067,0.25173997199999576,0.00012274400069145486,DISABLED,on,user_reported,36.68663024902344,54.59352493286133,1007.041171875,106312.2890625,True,True,True,176,0,0,109,178,101,2026-10-03T16:50:11.015920+07:00,749.044637731,0.18581569500020123,OK,,True,2026-10-03T16:50:11.201746+07:00,749.2304605180007,0.03295481499935704,OK,,True,1571,0.196375,,2026-10-03T16:50:11.234702+07:00,749.2634184810004,0.03285042599964072,OK,,True,2774,0.34675,
ab14be9977d645198f54717810b879c8,751,2026-10-03T16:50:12.015799+07:00,750.0445063540001,750.0445063540001,MONITOR,750.1954373829994,0.9999677339992559,0.25183528600064164,9.047799994732486e-05,DISABLED,on,user_reported,36.677696228027344,54.57942581176758,1007.0403125,106180.0078125,True,True,True,176,0,0,109,178,101,2026-10-03T16:50:12.015883+07:00,750.0446002799999,0.18581234300017968,OK,,True,2026-10-03T16:50:12.201704+07:00,750.2304189380002,0.03305957200063858,OK,,True,1576,0.197,,2026-10-03T16:50:12.234768+07:00,750.2634827320007,0.03284812999936548,OK,,True,2772,0.34650000000000003,
ab14be9977d645198f54717810b879c8,752,2026-10-03T16:50:13.015800+07:00,751.0445063290008,751.0445063290008,MONITOR,751.1954373580002,0.9999999750007191,0.25181265599985636,9.045300066645723e-05,DISABLED,on,user_reported,36.677696228027344,54.566654205322266,1007.047109375,106444.90625,True,True,True,176,0,0,109,178,101,2026-10-03T16:50:13.015879+07:00,751.0445971060008,0.18580745399958687,OK,,True,2026-10-03T16:50:13.201696+07:00,751.230410264,0.03304659200057358,OK,,True,1578,0.19725,,2026-10-03T16:50:13.234743+07:00,751.2634594480005,0.03284987099959835,OK,,True,2771,0.346375,
ab14be9977d645198f54717810b879c8,753,2026-10-03T16:50:14.015860+07:00,752.0445565630007,752.0445565630007,MONITOR,752.1954875920001,1.0000502339999002,0.2627762239999356,0.00014068700056668604,DISABLED,on,user_reported,36.67450714111328,54.56618118286133,1007.069375,106711.1328125,True,True,True,176,0,0,109,178,101,2026-10-03T16:50:14.016023+07:00,752.0447388760003,0.1917645960002119,OK,,True,2026-10-03T16:50:14.207806+07:00,752.2365176020003,0.03547037000043929,OK,,True,1585,0.198125,,2026-10-03T16:50:14.243284+07:00,752.2719971570004,0.03531666700018832,OK,,True,2789,0.348625,
ab14be9977d645198f54717810b879c8,754,2026-10-03T16:50:15.015812+07:00,753.0445186310008,753.0445186310008,MONITOR,753.1954496600001,0.9999620680000589,0.2517073419994631,0.0001027550006256206,DISABLED,on,user_reported,36.67387008666992,54.5980224609375,1007.15734375,106378.5546875,True,True,True,176,0,0,109,178,101,2026-10-03T16:50:15.015894+07:00,753.044611241,0.18580901000041194,OK,,True,2026-10-03T16:50:15.201712+07:00,753.2304264550003,0.03294375899986335,OK,,True,1578,0.19725,,2026-10-03T16:50:15.234655+07:00,753.2633726950007,0.03284477799934393,OK,,True,2777,0.347125,
ab14be9977d645198f54717810b879c8,755,2026-10-03T16:50:16.015824+07:00,754.0445285880005,754.0445285880005,MONITOR,754.1954596169999,1.0000099569997474,0.2517051939994417,0.00011271200037299423,DISABLED,on,user_reported,36.668766021728516,54.603641510009766,1007.121640625,106711.1328125,True,True,True,176,0,0,109,178,101,2026-10-03T16:50:16.015908+07:00,754.0446259570008,0.1858100289991853,OK,,True,2026-10-03T16:50:16.201728+07:00,754.23044269,0.03293551800015848,OK,,True,1579,0.197375,,2026-10-03T16:50:16.234664+07:00,754.2633809480003,0.032842816000083985,OK,,True,2772,0.34650000000000003,
ab14be9977d645198f54717810b879c8,756,2026-10-03T16:50:17.015798+07:00,755.0445048040001,755.0445048040001,MONITOR,755.1954358329995,0.9999762159995953,0.2518271570006618,8.892799996829126e-05,DISABLED,on,user_reported,36.67387008666992,54.5980224609375,1007.109453125,106644.4453125,True,True,True,176,0,0,109,178,101,2026-10-03T16:50:17.015879+07:00,755.0445968220001,0.1858100290000948,OK,,True,2026-10-03T16:50:17.201699+07:00,755.2304129060003,0.03306236899970827,OK,,True,1568,0.196,,2026-10-03T16:50:17.234766+07:00,755.2634799420002,0.032842462999724376,OK,,True,2773,0.346625,
ab14be9977d645198f54717810b879c8,757,2026-10-03T16:50:18.015798+07:00,756.0445046320001,756.0445046320001,MONITOR,756.1954356609995,0.999999828,0.25171195400071156,8.875599996827077e-05,DISABLED,on,user_reported,36.66748809814453,54.603450775146484,1007.085390625,107045.7890625,True,True,True,176,0,0,109,178,101,2026-10-03T16:50:18.015878+07:00,756.0445953170001,0.18580521300009423,OK,,True,2026-10-03T16:50:18.201693+07:00,756.230407049,0.03295296200030862,OK,,True,1571,0.196375,,2026-10-03T16:50:18.234646+07:00,756.2633628820004,0.03284477800025343,OK,,True,2770,0.34625,
ab14be9977d645198f54717810b879c8,758,2026-10-03T16:50:19.015798+07:00,757.0445054790007,757.0445054790007,MONITOR,757.1954365080001,1.0000008470005923,0.2517216569995071,8.960300056060078e-05,DISABLED,on,user_reported,36.67323303222656,54.60430145263672,1007.04671875,106844.7421875,True,True,True,176,0,0,109,178,101,2026-10-03T16:50:19.015879+07:00,757.0445962560007,0.18582130599952507,OK,,True,2026-10-03T16:50:19.201709+07:00,757.2304235070005,0.032927962000030675,OK,,True,1567,0.195875,,2026-10-03T16:50:19.234637+07:00,757.2633546540001,0.032863075000022945,OK,,True,2774,0.34675,
ab14be9977d645198f54717810b879c8,759,2026-10-03T16:50:20.015860+07:00,758.044556844,758.044556844,MONITOR,758.1954878729994,1.0000513649993081,0.26292724199993245,0.0001409679998687352,DISABLED,on,user_reported,36.671958923339844,54.61689376831055,1007.078984375,106180.0078125,True,True,True,176,0,0,109,178,101,2026-10-03T16:50:20.016017+07:00,758.044732972,0.19174550400020962,OK,,True,2026-10-03T16:50:20.207780+07:00,758.2364918830008,0.0356452949999948,OK,,True,1562,0.19525,,2026-10-03T16:50:20.243431+07:00,758.2721453630002,0.035318130000632664,OK,,True,2784,0.34800000000000003,
ab14be9977d645198f54717810b879c8,760,2026-10-03T16:50:21.015814+07:00,759.04451995,759.04451995,MONITOR,759.1954509789994,0.9999631059999956,0.25179843500063726,0.0001040739998643403,DISABLED,on,user_reported,36.675785064697266,54.63661575317383,1007.06453125,106911.671875,True,True,True,176,0,0,109,178,101,2026-10-03T16:50:21.015898+07:00,759.0446154500005,0.18581643600009556,OK,,True,2026-10-03T16:50:21.201725+07:00,759.2304394780003,0.03301473999999871,OK,,True,1570,0.19625,,2026-10-03T16:50:21.234742+07:00,759.2634583290001,0.032849723000254016,OK,,True,2774,0.34675,
ab14be9977d645198f54717810b879c8,761,2026-10-03T16:50:22.015793+07:00,760.0444991500008,760.0444991500008,MONITOR,760.1954301790001,0.9999792000007801,0.2520923579995724,8.327400064445101e-05,DISABLED,on,user_reported,36.668128967285156,54.62909698486328,1007.058984375,106246.109375,True,True,True,176,0,0,109,178,101,2026-10-03T16:50:22.015877+07:00,760.044594168,0.18581076900045446,OK,,True,2026-10-03T16:50:22.201697+07:00,760.230411511,0.033254089999900316,OK,,True,1563,0.195375,,2026-10-03T16:50:22.234956+07:00,760.2636706200001,0.03291018500021892,OK,,True,2772,0.34650000000000003,
ab14be9977d645198f54717810b879c8,762,2026-10-03T16:50:23.015795+07:00,761.0445015340001,761.0445015340001,MONITOR,761.1954325629995,1.0000023839993446,0.2518436020000081,8.565799998905277e-05,DISABLED,on,user_reported,36.677696228027344,54.636905670166016,1007.06765625,106113.9921875,True,True,True,176,0,0,109,178,101,2026-10-03T16:50:23.015874+07:00,761.0445918860005,0.18581564000032813,OK,,True,2026-10-03T16:50:23.201700+07:00,761.2304146000006,0.03304859099989699,OK,,True,1569,0.196125,,2026-10-03T16:50:23.234752+07:00,761.2634672100003,0.03286901800038322,OK,,True,2774,0.34675,
ab14be9977d645198f54717810b879c8,763,2026-10-03T16:50:24.015799+07:00,762.0445046049999,762.0445046049999,MONITOR,762.1954356339993,1.00000307099981,0.25179439800012915,8.872899979905924e-05,DISABLED,on,user_reported,36.6725959777832,54.62337875366211,1007.038984375,106113.9921875,True,True,True,176,0,0,109,178,101,2026-10-03T16:50:24.015880+07:00,762.0445973260003,0.18581475100017997,OK,,True,2026-10-03T16:50:24.201705+07:00,762.2304189480001,0.032962592000330915,OK,,True,1571,0.196375,,2026-10-03T16:50:24.234667+07:00,762.2633842250007,0.032905610999478085,OK,,True,2777,0.347125,
ab14be9977d645198f54717810b879c8,764,2026-10-03T16:50:25.015801+07:00,763.0445073420005,763.0445073420005,MONITOR,763.1954383709999,1.0000027370006137,0.25188706399967487,9.146600041276542e-05,DISABLED,on,user_reported,36.675785064697266,54.63022994995117,1007.057734375,106711.1328125,True,True,True,176,0,0,109,178,101,2026-10-03T16:50:25.015883+07:00,763.0446004150008,0.18580499199924816,OK,,True,2026-10-03T16:50:25.201697+07:00,763.230411648,0.03297749900048075,OK,,True,1571,0.196375,,2026-10-03T16:50:25.234675+07:00,763.2633922210007,0.03299361099925591,OK,,True,2774,0.34675,
ab14be9977d645198f54717810b879c8,765,2026-10-03T16:50:26.015845+07:00,764.0445409310005,764.0445409310005,MONITOR,764.1954719599998,1.0000335889999405,0.2628495019998809,0.00012505500035331352,DISABLED,on,user_reported,36.675785064697266,54.63661575317383,1007.050859375,106644.4453125,True,True,True,176,0,0,109,178,101,2026-10-03T16:50:26.016000+07:00,764.0447162810005,0.1917727449999802,OK,,True,2026-10-03T16:50:26.207795+07:00,764.2365052670002,0.035417795999819646,OK,,True,1568,0.196,,2026-10-03T16:50:26.243217+07:00,764.2719317300007,0.03543783299937786,OK,,True,2783,0.347875,
ab14be9977d645198f54717810b879c8,766,2026-10-03T16:50:27.015845+07:00,765.0445434650001,765.0445434650001,MONITOR,765.1954744939994,1.0000025339995773,0.2650178750000123,0.00012758899993059458,DISABLED,on,user_reported,36.6725959777832,54.63615036010742,1007.0184375,106312.2890625,True,True,True,176,0,0,109,178,101,2026-10-03T16:50:27.015988+07:00,765.0447040930003,0.1906845310004428,OK,,True,2026-10-03T16:50:27.206693+07:00,765.2354038270005,0.037416262999613537,OK,,True,1585,0.198125,,2026-10-03T16:50:27.244118+07:00,765.2728291830008,0.03671382399988943,OK,,True,2779,0.347375,
ab14be9977d645198f54717810b879c8,767,2026-10-03T16:50:28.015842+07:00,766.0445423880001,766.0445423880001,MONITOR,766.1954734169994,0.999998923000021,0.26231167300011293,0.00012651199995161733,DISABLED,on,user_reported,36.671958923339844,54.64243698120117,1007.113125,106312.2890625,True,True,True,176,0,0,109,179,101,2026-10-03T16:50:28.015973+07:00,766.0446897940001,0.19145052500061865,OK,,True,2026-10-03T16:50:28.207445+07:00,766.2361558190005,0.035433869999906165,OK,,True,1581,0.197625,,2026-10-03T16:50:28.242884+07:00,766.2715974480006,0.03523733499969239,OK,,True,2799,0.349875,
ab14be9977d645198f54717810b879c8,768,2026-10-03T16:50:29.015830+07:00,767.0445327000007,767.0445327000007,MONITOR,767.195463729,0.9999903120005911,0.26184019499942224,0.00011682400054269237,DISABLED,on,user_reported,36.670040130615234,54.635765075683594,1007.11015625,106844.7421875,True,True,True,176,0,0,109,178,101,2026-10-03T16:50:29.015930+07:00,767.0446476249999,0.1909409730005791,OK,,True,2026-10-03T16:50:29.206893+07:00,767.2356032460002,0.0354682960005448,OK,,True,1587,0.198375,,2026-10-03T16:50:29.242364+07:00,767.2710788940003,0.035237946000052034,OK,,True,2786,0.34825,
ab14be9977d645198f54717810b879c8,769,2026-10-03T16:50:30.015815+07:00,768.0445213640005,768.0445213640005,MONITOR,768.1954523929999,0.9999886639998294,0.25170052900011797,0.00010548800037213368,DISABLED,on,user_reported,36.66366195678711,54.63481903076172,1007.079140625,106378.5546875,True,True,True,176,0,0,109,178,101,2026-10-03T16:50:30.015898+07:00,768.0446159010007,0.18580491800003074,OK,,True,2026-10-03T16:50:30.201713+07:00,768.2304278930005,0.03296053699978074,OK,,True,1573,0.196625,,2026-10-03T16:50:30.234675+07:00,768.2633919480004,0.0328220749997854,OK,,True,2779,0.347375,
ab14be9977d645198f54717810b879c8,770,2026-10-03T16:50:31.015797+07:00,769.0445034180002,769.0445034180002,MONITOR,769.1954344469996,0.9999820539997017,0.2517138809998869,8.754200007388135e-05,DISABLED,on,user_reported,36.66557693481445,54.63509750366211,1007.102890625,106644.4453125,True,True,True,176,0,0,109,178,101,2026-10-03T16:50:31.015877+07:00,769.0445941030002,0.1858147140001165,OK,,True,2026-10-03T16:50:31.201702+07:00,769.2304157610006,0.03296014799980185,OK,,True,1567,0.195875,,2026-10-03T16:50:31.234663+07:00,769.2633794830008,0.032829741999194084,OK,,True,2773,0.346625,
ab14be9977d645198f54717810b879c8,771,2026-10-03T16:50:32.015799+07:00,770.0445053610001,770.0445053610001,MONITOR,770.1954363899995,1.0000019429999156,0.2519831190002151,8.948499998950865e-05,DISABLED,on,user_reported,36.66685104370117,54.64167404174805,1007.050078125,106378.5546875,True,True,True,176,0,0,109,178,101,2026-10-03T16:50:32.015879+07:00,770.0445968230006,0.18581199199979892,OK,,True,2026-10-03T16:50:32.201702+07:00,770.2304162970004,0.03315905300041777,OK,,True,1567,0.195875,,2026-10-03T16:50:32.234866+07:00,770.263580332,0.032898370000111754,OK,,True,2779,0.347375,
ab14be9977d645198f54717810b879c8,772,2026-10-03T16:50:33.015835+07:00,771.0445403590002,771.0445403590002,MONITOR,771.1954713879995,1.0000349980000465,0.2517508620003355,0.00012448300003597979,DISABLED,on,user_reported,36.664939880371094,54.635005950927734,1007.0265625,106511.3359375,True,True,True,176,0,0,109,178,101,2026-10-03T16:50:33.015920+07:00,771.0446371730004,0.1858202519997576,OK,,True,2026-10-03T16:50:33.201750+07:00,771.2304636650006,0.03297481499976129,OK,,True,1578,0.19725,,2026-10-03T16:50:33.234724+07:00,771.2634413680007,0.03284048199930112,OK,,True,2774,0.34675,
ab14be9977d645198f54717810b879c8,773,2026-10-03T16:50:34.015801+07:00,772.0445077470004,772.0445077470004,MONITOR,772.1954387759997,0.9999673880001865,0.2518910090002464,9.187100022245431e-05,DISABLED,on,user_reported,36.675785064697266,54.63661575317383,1007.06453125,106644.4453125,True,True,True,176,0,0,109,178,101,2026-10-03T16:50:34.015885+07:00,772.0446026899999,0.1858134930007509,OK,,True,2026-10-03T16:50:34.201709+07:00,772.230422998,0.0330887950003671,OK,,True,1580,0.1975,,2026-10-03T16:50:34.234798+07:00,772.2635146070006,0.032874370999707025,OK,,True,2773,0.346625,
ab14be9977d645198f54717810b879c8,774,2026-10-03T16:50:35.015799+07:00,773.0445064310006,773.0445064310006,MONITOR,773.19543746,0.9999986840002748,0.25173764000010124,9.055500049726106e-05,DISABLED,on,user_reported,36.67387008666992,54.62356185913086,1007.0478125,106577.8515625,True,True,True,176,0,0,109,178,101,2026-10-03T16:50:35.015885+07:00,773.0446022260003,0.18582275199969445,OK,,True,2026-10-03T16:50:35.201719+07:00,773.2304325340001,0.032965166000394674,OK,,True,1580,0.1975,,2026-10-03T16:50:35.234684+07:00,773.2634008670002,0.03283422200001951,OK,,True,2769,0.346125,
ab14be9977d645198f54717810b879c8,775,2026-10-03T16:50:36.015798+07:00,774.0445048930005,774.0445048930005,MONITOR,774.1954359219999,0.9999984619998941,0.2517420289996153,8.901700039132265e-05,DISABLED,on,user_reported,36.671958923339844,54.61050796508789,1007.0584375,105916.421875,True,True,True,176,0,0,109,179,101,2026-10-03T16:50:36.015882+07:00,774.0445992069999,0.18581762200028606,OK,,True,2026-10-03T16:50:36.201709+07:00,774.2304234590001,0.03297740700054419,OK,,True,1565,0.195625,,2026-10-03T16:50:36.234688+07:00,774.2634049400003,0.0328336490001675,OK,,True,2776,0.34700000000000003,
ab14be9977d645198f54717810b879c8,776,2026-10-03T16:50:37.015848+07:00,775.0445531700007,775.0445531700007,MONITOR,775.195484199,1.0000482770001327,0.2521293780000633,0.00013729400052397978,DISABLED,on,user_reported,36.67387008666992,54.60440444946289,1007.061484375,106577.8515625,True,True,True,176,0,0,109,178,101,2026-10-03T16:50:37.015935+07:00,775.0446528730008,0.18581078899933345,OK,,True,2026-10-03T16:50:37.201756+07:00,775.2304706060004,0.033350775000144495,OK,,True,1574,0.19675,,2026-10-03T16:50:37.235112+07:00,775.2638264360003,0.03284738999991532,OK,,True,2772,0.34650000000000003,
ab14be9977d645198f54717810b879c8,777,2026-10-03T16:50:38.015832+07:00,776.0445374660003,776.0445374660003,MONITOR,776.1954684949997,0.9999842959996386,0.2517156590001832,0.0001215900001625414,DISABLED,on,user_reported,36.675148010253906,54.62375259399414,1007.056640625,106577.8515625,True,True,True,176,0,0,109,178,101,2026-10-03T16:50:38.015919+07:00,776.0446363540004,0.1858026970003266,OK,,True,2026-10-03T16:50:38.201730+07:00,776.2304450510001,0.032962425000732765,OK,,True,1582,0.19775,,2026-10-03T16:50:38.234694+07:00,776.263410384,0.032834852000632964,OK,,True,2776,0.34700000000000003,
ab14be9977d645198f54717810b879c8,778,2026-10-03T16:50:39.015797+07:00,777.0445040220002,777.0445040220002,MONITOR,777.1954350509995,0.9999665559998903,0.2517152700002043,8.814600005280226e-05,DISABLED,on,user_reported,36.68025207519531,54.60535430908203,1007.058125,107247.59375,True,True,True,176,0,0,109,178,101,2026-10-03T16:50:39.015880+07:00,777.0445977440004,0.18581825099954585,OK,,True,2026-10-03T16:50:39.201709+07:00,777.2304226440001,0.03295794400037266,OK,,True,1568,0.196,,2026-10-03T16:50:39.234667+07:00,777.2633838470001,0.03282685200065316,OK,,True,2772,0.34650000000000003,
ab14be9977d645198f54717810b879c8,779,2026-10-03T16:50:40.015838+07:00,778.044535948,778.044535948,MONITOR,778.1954669769993,1.0000319259997923,0.2628465590005362,0.00012007199984509498,DISABLED,on,user_reported,36.67387008666992,54.61079025268555,1007.013671875,105916.421875,True,True,True,176,0,0,109,179,101,2026-10-03T16:50:40.015999+07:00,778.0447139650005,0.19176185699961934,OK,,True,2026-10-03T16:50:40.207780+07:00,778.2364901370001,0.03565522000008059,OK,,True,1567,0.195875,,2026-10-03T16:50:40.243439+07:00,778.2721541350002,0.035210428000027605,OK,,True,2779,0.347375,
ab14be9977d645198f54717810b879c8,780,2026-10-03T16:50:41.015904+07:00,779.0446006150005,779.0446006150005,MONITOR,779.1955316439999,1.0000646670005153,0.2529257790001793,0.00018473900036042323,DISABLED,on,user_reported,36.671958923339844,54.59773635864258,1007.00375,106844.7421875,True,True,True,176,0,0,109,178,101,2026-10-03T16:50:41.016053+07:00,779.0447686130001,0.18663211700004467,OK,,True,2026-10-03T16:50:41.202694+07:00,779.2314076000002,0.033266590000494034,OK,,True,1561,0.195125,,2026-10-03T16:50:41.235961+07:00,779.2646778200005,0.032839982000041346,OK,,True,2774,0.34675,
ab14be9977d645198f54717810b879c8,781,2026-10-03T16:50:42.015813+07:00,780.0445184120008,780.0445184120008,MONITOR,780.1954494410002,0.9999177970003075,0.25205628599997,0.00010253600066789659,DISABLED,on,user_reported,36.67833709716797,54.605064392089844,1006.986640625,106644.4453125,True,True,True,176,0,0,109,178,101,2026-10-03T16:50:42.015899+07:00,780.0446164670002,0.18582688200058328,OK,,True,2026-10-03T16:50:42.201738+07:00,780.2304513300005,0.03313653599980171,OK,,True,1565,0.195625,,2026-10-03T16:50:42.234878+07:00,780.2635931990008,0.032972758999676444,OK,,True,2775,0.346875,
ab14be9977d645198f54717810b879c8,782,2026-10-03T16:50:43.015827+07:00,781.0445308950002,781.0445308950002,MONITOR,781.1954619239996,1.0000124829994093,0.2516748260004533,0.00011501900007715449,DISABLED,on,user_reported,36.668128967285156,54.59716033935547,1007.106953125,106312.2890625,True,True,True,176,0,0,109,178,101,2026-10-03T16:50:43.015916+07:00,781.0446337090007,0.18580899300013698,OK,,True,2026-10-03T16:50:43.201735+07:00,781.2304491090008,0.03293203699922742,OK,,True,1557,0.194625,,2026-10-03T16:50:43.234667+07:00,781.263384201,0.03281307500037656,OK,,True,2773,0.346625,
ab14be9977d645198f54717810b879c8,783,2026-10-03T16:50:44.015838+07:00,782.0445421550003,782.0445421550003,MONITOR,782.1954731839996,1.0000112600000648,0.2517440660003558,0.00012627900014194893,DISABLED,on,user_reported,36.67450714111328,54.59172439575195,1007.0625,106378.5546875,True,True,True,176,0,0,109,178,101,2026-10-03T16:50:44.015933+07:00,782.0446507100005,0.18588860299951193,OK,,True,2026-10-03T16:50:44.201832+07:00,782.2305461470005,0.03291112900024018,OK,,True,1577,0.197125,,2026-10-03T16:50:44.234743+07:00,782.263460313,0.03281800100012333,OK,,True,2778,0.34725,
ab14be9977d645198f54717810b879c8,784,2026-10-03T16:50:45.015847+07:00,783.0445512310007,783.0445512310007,MONITOR,783.1954822600001,1.000009076000424,0.25201932299933105,0.00013535500056605088,DISABLED,on,user_reported,36.669403076171875,54.57819747924805,1007.08171875,106312.2890625,True,True,True,176,0,0,109,178,101,2026-10-03T16:50:45.015944+07:00,783.044661211,0.18610065800021403,OK,,True,2026-10-03T16:50:45.202057+07:00,783.2307705910007,0.03295568499925139,OK,,True,1571,0.196375,,2026-10-03T16:50:45.235012+07:00,783.2637292019999,0.03283246400042117,OK,,True,2771,0.346375,
ab14be9977d645198f54717810b879c8,785,2026-10-03T16:50:46.015793+07:00,784.0444998810008,784.0444998810008,MONITOR,784.1954309100001,0.9999486500000785,0.2614181439994354,8.400500064453809e-05,DISABLED,on,user_reported,36.67961120605469,54.59886932373047,1007.098125,106312.2890625,True,True,True,176,0,0,109,178,101,2026-10-03T16:50:46.015878+07:00,784.044595417,0.19064305100073398,OK,,True,2026-10-03T16:50:46.206542+07:00,784.2352525790002,0.0354293520003921,OK,,True,1584,0.198,,2026-10-03T16:50:46.241977+07:00,784.2706907080001,0.035209076000683126,OK,,True,2788,0.34850000000000003,
ab14be9977d645198f54717810b879c8,786,2026-10-03T16:50:47.015880+07:00,785.0445707710005,785.0445707710005,MONITOR,785.1955017999999,1.0000708899997335,0.26262474699979066,0.00015489500037801918,DISABLED,on,user_reported,36.66557693481445,54.584007263183594,1007.061796875,107112.96875,True,True,True,176,0,0,109,178,101,2026-10-03T16:50:47.016063+07:00,785.0447787330004,0.1901651279995349,OK,,True,2026-10-03T16:50:47.206243+07:00,785.2349549529999,0.035897590000786295,OK,,True,1581,0.197625,,2026-10-03T16:50:47.242149+07:00,785.2708613940003,0.03631697600030748,OK,,True,2781,0.347625,
ab14be9977d645198f54717810b879c8,787,2026-10-03T16:50:48.015937+07:00,786.04462694,786.04462694,MONITOR,786.1955579689993,1.0000561689994356,0.2591391050000311,0.0002110639998136321,DISABLED,on,user_reported,36.668128967285156,54.58439254760742,1007.065859375,106644.4453125,True,True,True,176,0,0,109,178,101,2026-10-03T16:50:48.016130+07:00,786.0448455680007,0.18887880399961432,OK,,True,2026-10-03T16:50:48.205021+07:00,786.233733909,0.03457996900033322,OK,,True,1571,0.196375,,2026-10-03T16:50:48.239603+07:00,786.2683189520003,0.035428148999926634,OK,,True,2786,0.34825,
ab14be9977d645198f54717810b879c8,788,2026-10-03T16:50:49.021093+07:00,787.0497885340001,787.0497885340001,MONITOR,787.2007195629994,1.0051615940001284,0.2624440820000018,0.005372657999942021,DISABLED,on,user_reported,36.65983200073242,54.589542388916016,1007.025,106511.3359375,True,True,True,176,0,0,109,178,101,2026-10-03T16:50:49.021252+07:00,787.0499677739999,0.19088282600023376,OK,,True,2026-10-03T16:50:49.212155+07:00,787.2408655450008,0.03675780499997927,OK,,True,1575,0.196875,,2026-10-03T16:50:49.248916+07:00,787.2776308500006,0.03458224699988932,OK,,True,2783,0.347875,
ab14be9977d645198f54717810b879c8,789,2026-10-03T16:50:50.015848+07:00,788.0445519640007,788.0445519640007,MONITOR,788.195482993,0.994763430000603,0.25179808499979117,0.00013608800054498715,DISABLED,on,user_reported,36.670040130615234,54.591060638427734,1007.04171875,106444.90625,True,True,True,176,0,0,109,178,101,2026-10-03T16:50:50.015934+07:00,788.0446511120008,0.18580975199984096,OK,,True,2026-10-03T16:50:50.201754+07:00,788.2304677900001,0.032995333000144456,OK,,True,1570,0.19625,,2026-10-03T16:50:50.234752+07:00,788.2634675300005,0.0328725379995376,OK,,True,2779,0.347375,
ab14be9977d645198f54717810b879c8,790,2026-10-03T16:50:51.015831+07:00,789.0445360420008,789.0445360420008,MONITOR,789.1954670710002,0.999984078000125,0.25176282599932165,0.00012016600066999672,DISABLED,on,user_reported,36.661109924316406,54.58334732055664,1006.999765625,106312.2890625,True,True,True,176,0,0,109,178,101,2026-10-03T16:50:51.015917+07:00,789.0446341890001,0.18580351200034784,OK,,True,2026-10-03T16:50:51.201730+07:00,789.2304444970005,0.03296379600033106,OK,,True,1570,0.19625,,2026-10-03T16:50:51.234695+07:00,789.2634113860004,0.0328789080003844,OK,,True,2780,0.34750000000000003,
ab14be9977d645198f54717810b879c8,791,2026-10-03T16:50:52.017901+07:00,790.0466087520008,790.0466087520008,MONITOR,790.1975397810002,1.002072709999993,0.2521677489994545,0.002192876000663091,DISABLED,on,user_reported,36.661109924316406,54.5897331237793,1007.0271875,106048.0546875,True,True,True,176,0,0,109,179,101,2026-10-03T16:50:52.017974+07:00,790.0466917330004,0.1858778079995318,OK,,True,2026-10-03T16:50:52.203863+07:00,790.2325767810007,0.033260682999753044,OK,,True,1562,0.19525,,2026-10-03T16:50:52.237128+07:00,790.2658424640003,0.032925036999586155,OK,,True,2773,0.346625,
ab14be9977d645198f54717810b879c8,792,2026-10-03T16:50:53.015794+07:00,791.0445005300007,791.0445005300007,MONITOR,791.1954315590001,0.9978917779999392,0.2517183269992529,8.465400060231332e-05,DISABLED,on,user_reported,36.657920837402344,54.595645904541016,1007.00828125,106777.890625,True,True,True,176,0,0,109,178,101,2026-10-03T16:50:53.015871+07:00,791.0445886590005,0.1858136230002856,OK,,True,2026-10-03T16:50:53.201695+07:00,791.2304094300007,0.03297053699952812,OK,,True,1567,0.195875,,2026-10-03T16:50:53.234668+07:00,791.2633836520008,0.03282705699984945,OK,,True,2777,0.347125,
ab14be9977d645198f54717810b879c8,793,2026-10-03T16:50:54.015793+07:00,792.0444991820004,792.0444991820004,MONITOR,792.1954302109998,0.9999986519997037,0.25215932300034183,8.330600030603819e-05,DISABLED,on,user_reported,36.65727996826172,54.595550537109375,1007.034609375,106777.890625,True,True,True,176,0,0,109,178,101,2026-10-03T16:50:54.015873+07:00,792.044590941,0.18581756700041296,OK,,True,2026-10-03T16:50:54.201704+07:00,792.2304173970006,0.033364348999384674,OK,,True,1562,0.19525,,2026-10-03T16:50:54.235071+07:00,792.2637859310007,0.03286422299970582,OK,,True,2770,0.34625,
ab14be9977d645198f54717810b879c8,794,2026-10-03T16:50:55.015864+07:00,793.0445675190003,793.0445675190003,MONITOR,793.1954985479997,1.0000683369999024,0.25199093599985645,0.00015164300020842347,DISABLED,on,user_reported,36.66621398925781,54.60965347290039,1006.994453125,106577.8515625,True,True,True,176,0,0,109,178,101,2026-10-03T16:50:55.015971+07:00,793.0446882590004,0.1858502340000996,OK,,True,2026-10-03T16:50:55.201833+07:00,793.2305466410007,0.03298392599936051,OK,,True,1574,0.19675,,2026-10-03T16:50:55.234818+07:00,793.263534011,0.033015685000464146,OK,,True,2776,0.34700000000000003,
ab14be9977d645198f54717810b879c8,795,2026-10-03T16:50:56.015802+07:00,794.0445075980006,794.0445075980006,MONITOR,794.1954386269999,0.9999400790002255,0.2519520839996403,9.172200043394696e-05,DISABLED,on,user_reported,36.66046905517578,54.60240936279297,1006.99203125,106577.8515625,True,True,True,176,0,0,109,178,101,2026-10-03T16:50:56.015883+07:00,794.0446010600008,0.1858186419995036,OK,,True,2026-10-03T16:50:56.201715+07:00,794.2304283500007,0.03297088899944356,OK,,True,1563,0.195375,,2026-10-03T16:50:56.234685+07:00,794.2634023310002,0.03304712899989681,OK,,True,2775,0.346875,
ab14be9977d645198f54717810b879c8,796,2026-10-03T16:50:57.015805+07:00,795.0445109540005,795.0445109540005,MONITOR,795.1954419829999,1.0000033559999792,0.2520530649999273,9.50780004131957e-05,DISABLED,on,user_reported,36.661109924316406,54.608890533447266,1007.0134375,107180.2421875,True,True,True,176,0,0,109,178,101,2026-10-03T16:50:57.015889+07:00,795.0446061760003,0.18580493799981923,OK,,True,2026-10-03T16:50:57.201704+07:00,795.230417799,0.03321323900036077,OK,,True,1565,0.195625,,2026-10-03T16:50:57.234922+07:00,795.2636362040002,0.03291807500045252,OK,,True,2777,0.347125,
ab14be9977d645198f54717810b879c8,797,2026-10-03T16:50:58.015799+07:00,796.0445062560002,796.0445062560002,MONITOR,796.1954372849996,0.999995301999661,0.2519714540003406,9.038000007421942e-05,DISABLED,on,user_reported,36.65473175048828,54.62071228027344,1007.10578125,106312.2890625,True,True,True,176,0,0,109,178,101,2026-10-03T16:50:58.015878+07:00,796.0445957730008,0.1858151979995455,OK,,True,2026-10-03T16:50:58.201704+07:00,796.2304179520006,0.03317999799946847,OK,,True,1572,0.1965,,2026-10-03T16:50:58.234889+07:00,796.263603284,0.0328657590007424,OK,,True,2778,0.34725,
ab14be9977d645198f54717810b879c8,798,2026-10-03T16:50:59.015800+07:00,797.0445070200003,797.0445070200003,MONITOR,797.1954380489997,1.0000007640001058,0.2520568979998643,9.114400018006563e-05,DISABLED,on,user_reported,36.65664291381836,54.60184097290039,1007.0815625,106911.671875,True,True,True,176,0,0,109,178,101,2026-10-03T16:50:59.015878+07:00,797.0445952600003,0.18581471600009536,OK,,True,2026-10-03T16:50:59.201703+07:00,797.2304161790007,0.03324968299966713,OK,,True,1579,0.197375,,2026-10-03T16:50:59.234957+07:00,797.2636710100005,0.032885148999412195,OK,,True,2777,0.347125,
ab14be9977d645198f54717810b879c8,799,2026-10-03T16:51:00.015855+07:00,798.0445514319999,798.0445514319999,MONITOR,798.1954824609993,1.0000444119996246,0.25975119400027324,0.0001355559998046374,DISABLED,on,user_reported,36.65154266357422,54.59470748901367,1007.086875,106911.671875,True,True,True,176,0,0,109,178,101,2026-10-03T16:51:00.016015+07:00,798.0447308750008,0.1891600439994363,OK,,True,2026-10-03T16:51:00.205193+07:00,798.2339044740002,0.03616566199980298,OK,,True,1574,0.19675,,2026-10-03T16:51:00.241361+07:00,798.2700758210003,0.03420591699978104,OK,,True,2780,0.34750000000000003,
ab14be9977d645198f54717810b879c8,800,2026-10-03T16:51:01.015858+07:00,799.0445564380007,799.0445564380007,MONITOR,799.195487467,1.0000050060007197,0.26078583399976196,0.00014056200052436907,DISABLED,on,user_reported,36.65281677246094,54.60765838623047,1007.075234375,106312.2890625,True,True,True,176,0,0,109,178,101,2026-10-03T16:51:01.016006+07:00,799.044721362,0.1899529270003768,OK,,True,2026-10-03T16:51:01.205976+07:00,799.234687659,0.03529135300050257,OK,,True,1557,0.194625,,2026-10-03T16:51:01.241278+07:00,799.26998929,0.035334427000634605,OK,,True,2772,0.34650000000000003,
ab14be9977d645198f54717810b879c8,801,2026-10-03T16:51:02.015864+07:00,800.0445613690008,800.0445613690008,MONITOR,800.1954923980002,1.0000049310001486,0.25727658300002076,0.00014549300067301374,DISABLED,on,user_reported,36.65983200073242,54.59592819213867,1007.093515625,106113.9921875,True,True,True,176,0,0,109,178,101,2026-10-03T16:51:02.016022+07:00,800.04473822,0.1888046200001554,OK,,True,2026-10-03T16:51:02.204839+07:00,800.2335527660007,0.034963706999405986,OK,,True,1571,0.196375,,2026-10-03T16:51:02.239809+07:00,800.2685219920004,0.03330581200043525,OK,,True,2777,0.347125,
ab14be9977d645198f54717810b879c8,802,2026-10-03T16:51:03.015803+07:00,801.044508598,801.044508598,MONITOR,801.1954396269994,0.99994722899919,0.25371877500037954,9.272199986298801e-05,DISABLED,on,user_reported,36.66175079345703,54.61537551879883,1007.0625,106844.7421875,True,True,True,176,0,0,109,178,101,2026-10-03T16:51:03.015880+07:00,801.0445980980003,0.1858212340002865,OK,,True,2026-10-03T16:51:03.201714+07:00,801.2304277390003,0.03469871000015701,OK,,True,1555,0.194375,,2026-10-03T16:51:03.236418+07:00,801.2651316890006,0.03308338799979538,OK,,True,2774,0.34675,
ab14be9977d645198f54717810b879c8,803,2026-10-03T16:51:04.015798+07:00,802.0445044750004,802.0445044750004,MONITOR,802.1954355039998,0.9999958770004014,0.25239472900011606,8.859900026436662e-05,DISABLED,on,user_reported,36.65983200073242,54.583160400390625,1007.0865625,106444.90625,True,True,True,176,0,0,109,178,101,2026-10-03T16:51:04.015876+07:00,802.0445937700006,0.185884122999596,OK,,True,2026-10-03T16:51:04.201774+07:00,802.2304869120007,0.03331370099931519,OK,,True,1570,0.19625,,2026-10-03T16:51:04.235092+07:00,802.2638058910006,0.03308353600004921,OK,,True,2776,0.34700000000000003,
ab14be9977d645198f54717810b879c8,804,2026-10-03T16:51:05.015798+07:00,803.0445050180006,803.0445050180006,MONITOR,803.1954360469999,1.0000005430001693,0.25222808299986355,8.914200043363962e-05,DISABLED,on,user_reported,36.65919494628906,54.59583282470703,1007.017265625,107247.59375,True,True,True,176,0,0,109,178,101,2026-10-03T16:51:05.015878+07:00,803.0445960920006,0.18589506699936464,OK,,True,2026-10-03T16:51:05.201789+07:00,803.2305014550002,0.03335151600003883,OK,,True,1567,0.195875,,2026-10-03T16:51:05.235145+07:00,803.2638588970003,0.03286512999966362,OK,,True,2779,0.347375,
ab14be9977d645198f54717810b879c8,805,2026-10-03T16:51:06.015796+07:00,804.0445031360005,804.0445031360005,MONITOR,804.1954341649998,0.999998117999894,0.25389910800004145,8.726000032766024e-05,DISABLED,on,user_reported,36.66238784790039,54.58992385864258,1007.01546875,106444.90625,True,True,True,176,0,0,109,179,101,2026-10-03T16:51:06.015875+07:00,804.0445926910006,0.1858668269996997,OK,,True,2026-10-03T16:51:06.201758+07:00,804.2304710920007,0.03499826299957931,OK,,True,1560,0.195,,2026-10-03T16:51:06.236763+07:00,804.2654759659999,0.03291514800002915,OK,,True,2774,0.34675,
ab14be9977d645198f54717810b879c8,806,2026-10-03T16:51:07.015834+07:00,805.0445384210007,805.0445384210007,MONITOR,805.19546945,1.0000352850001946,0.2671111589997963,0.00012254500052222284,DISABLED,on,user_reported,36.65281677246094,54.582115173339844,1007.034296875,106911.671875,True,True,True,176,0,0,109,178,101,2026-10-03T16:51:07.015921+07:00,805.0446388460005,0.1909690860002229,OK,,True,2026-10-03T16:51:07.206915+07:00,805.2356251350002,0.03693076800027484,OK,,True,1572,0.1965,,2026-10-03T16:51:07.243858+07:00,805.2725677540002,0.03905973300061305,OK,,True,2775,0.346875,
ab14be9977d645198f54717810b879c8,807,2026-10-03T16:51:08.015810+07:00,806.0445166320005,806.0445166320005,MONITOR,806.1954476609999,0.9999782109998705,0.25429891899966606,0.00010075600039272103,DISABLED,on,user_reported,36.65473175048828,54.60155487060547,1007.003125,106844.7421875,True,True,True,176,0,0,109,178,101,2026-10-03T16:51:08.015889+07:00,806.044606853,0.18784005399993475,OK,,True,2026-10-03T16:51:08.203744+07:00,806.2324552580003,0.03285135300029651,OK,,True,1551,0.193875,,2026-10-03T16:51:08.236600+07:00,806.2653136850004,0.03348807000020315,OK,,True,2770,0.34625,
ab14be9977d645198f54717810b879c8,808,2026-10-03T16:51:09.015803+07:00,807.0445091020001,807.0445091020001,MONITOR,807.1954401309995,0.9999924699995972,0.25504800700036867,9.322599998995429e-05,DISABLED,on,user_reported,36.65473175048828,54.588783264160156,1007.01,106378.5546875,True,True,True,176,0,0,109,178,101,2026-10-03T16:51:09.015882+07:00,807.0445992130008,0.18596491899916145,OK,,True,2026-10-03T16:51:09.201861+07:00,807.2305739830008,0.03609593999954086,OK,,True,1563,0.195375,,2026-10-03T16:51:09.237965+07:00,807.2666779970004,0.03286655600004451,OK,,True,2765,0.345625,
ab14be9977d645198f54717810b879c8,809,2026-10-03T16:51:10.015797+07:00,808.0445038880007,808.0445038880007,MONITOR,808.1954349170001,0.9999947860005705,0.25447026999972877,8.801200056041125e-05,DISABLED,on,user_reported,36.65983200073242,54.59592819213867,1007.018203125,106777.890625,True,True,True,176,0,0,109,178,101,2026-10-03T16:51:10.015878+07:00,808.0445951649999,0.1858450490008181,OK,,True,2026-10-03T16:51:10.201737+07:00,808.230450307,0.0344680630005314,OK,,True,1565,0.195625,,2026-10-03T16:51:10.236209+07:00,808.2649234990004,0.034039715000290016,OK,,True,2766,0.34575,
ab14be9977d645198f54717810b879c8,810,2026-10-03T16:51:11.015800+07:00,809.0445062660001,809.0445062660001,MONITOR,809.1954372949995,1.000002377999408,0.25430014199992,9.038999996846542e-05,DISABLED,on,user_reported,36.6534538269043,54.607757568359375,1007.0146875,107045.7890625,True,True,True,176,0,0,109,178,101,2026-10-03T16:51:11.015879+07:00,809.044596617,0.1858923270001469,OK,,True,2026-10-03T16:51:11.201786+07:00,809.2304989260001,0.0355203140006779,OK,,True,1566,0.19575,,2026-10-03T16:51:11.237312+07:00,809.2660259070008,0.03276488999927096,OK,,True,2766,0.34575,
ab14be9977d645198f54717810b879c8,811,2026-10-03T16:51:12.015838+07:00,810.0445424960008,810.0445424960008,MONITOR,810.1954735250001,1.00003623000066,0.25822929900004965,0.00012662000062846346,DISABLED,on,user_reported,36.65664291381836,54.595455169677734,1007.13625,106444.90625,True,True,True,176,0,0,109,178,101,2026-10-03T16:51:12.015924+07:00,810.0446417180001,0.1865402110006471,OK,,True,2026-10-03T16:51:12.202474+07:00,810.2311885220006,0.03803368499939097,OK,,True,1561,0.195125,,2026-10-03T16:51:12.240514+07:00,810.269227707,0.03352775500025018,OK,,True,2754,0.34425,
ab14be9977d645198f54717810b879c8,812,2026-10-03T16:51:13.015861+07:00,811.0445577460005,811.0445577460005,MONITOR,811.1954887749998,1.0000152499997057,0.2697149730001911,0.00014187000033416552,DISABLED,on,user_reported,36.64579772949219,54.593841552734375,1007.098046875,107382.546875,True,True,True,176,0,0,109,178,101,2026-10-03T16:51:13.016013+07:00,811.0447289480007,0.1917794139999387,OK,,True,2026-10-03T16:51:13.207812+07:00,811.2365240100007,0.039503062999756366,OK,,True,1576,0.197,,2026-10-03T16:51:13.247337+07:00,811.2760438510004,0.03820107199953782,OK,,True,2777,0.347125,
ab14be9977d645198f54717810b879c8,813,2026-10-03T16:51:14.015825+07:00,812.0445315690004,812.0445315690004,MONITOR,812.1954625979997,0.9999738229998911,0.25425347599957604,0.00011569300022529205,DISABLED,on,user_reported,36.6585578918457,54.60850524902344,1007.098203125,106444.90625,True,True,True,176,0,0,109,179,101,2026-10-03T16:51:14.015904+07:00,812.0446212350007,0.18580190200009383,OK,,True,2026-10-03T16:51:14.201715+07:00,812.230430396,0.03532889000052819,OK,,True,1557,0.194625,,2026-10-03T16:51:14.237051+07:00,812.2657651200007,0.033007295999595954,OK,,True,2750,0.34375,
ab14be9977d645198f54717810b879c8,814,2026-10-03T16:51:15.015804+07:00,813.0445100229999,813.0445100229999,MONITOR,813.1954410519993,0.9999784539995744,0.2559271490008541,9.414699979970464e-05,DISABLED,on,user_reported,36.65473175048828,54.60155487060547,1007.078515625,106644.4453125,True,True,True,176,0,0,109,178,101,2026-10-03T16:51:15.015887+07:00,813.0446044480004,0.1858302350001395,OK,,True,2026-10-03T16:51:15.201730+07:00,813.2304435160004,0.03333007200035354,OK,,True,1560,0.195,,2026-10-03T16:51:15.235064+07:00,813.2637781250005,0.036645825000050536,OK,,True,2770,0.34625,
ab14be9977d645198f54717810b879c8,815,2026-10-03T16:51:16.015809+07:00,814.0445161800008,814.0445161800008,MONITOR,814.1954472090001,1.0000061570008256,0.2519336409995958,0.00010030400062532863,DISABLED,on,user_reported,36.65727996826172,54.58916473388672,1007.061953125,107112.96875,True,True,True,176,0,0,109,178,101,2026-10-03T16:51:16.015886+07:00,814.0446038090004,0.18580016099986096,OK,,True,2026-10-03T16:51:16.201696+07:00,814.2304109330007,0.03295181499925093,OK,,True,1568,0.196,,2026-10-03T16:51:16.234649+07:00,814.2633654700003,0.03306944399992062,OK,,True,2767,0.345875,
ab14be9977d645198f54717810b879c8,816,2026-10-03T16:51:17.015840+07:00,815.0445446520007,815.0445446520007,MONITOR,815.1954756810001,1.00002847199994,0.25205952899978,0.00012877600056526717,DISABLED,on,user_reported,36.65536880493164,54.58250045776367,1007.079453125,107112.96875,True,True,True,176,0,0,109,178,101,2026-10-03T16:51:17.015937+07:00,815.0446542810005,0.18583180899986473,OK,,True,2026-10-03T16:51:17.201780+07:00,815.2304939790001,0.033077814000535,OK,,True,1574,0.19675,,2026-10-03T16:51:17.234862+07:00,815.2635766450003,0.03301381399978709,OK,,True,2774,0.34675,
ab14be9977d645198f54717810b879c8,817,2026-10-03T16:51:18.015807+07:00,816.0445131440001,816.0445131440001,MONITOR,816.1954441729995,0.9999684919994252,0.251675420000538,9.726799999043578e-05,DISABLED,on,user_reported,36.65536880493164,54.58888626098633,1007.04515625,106444.90625,True,True,True,176,0,0,109,178,101,2026-10-03T16:51:18.015885+07:00,816.0446028840006,0.18580575399937516,OK,,True,2026-10-03T16:51:18.201701+07:00,816.2304159710002,0.03293685200060281,OK,,True,1566,0.19575,,2026-10-03T16:51:18.234639+07:00,816.263355823,0.03282444500018755,OK,,True,2777,0.347125,
ab14be9977d645198f54717810b879c8,818,2026-10-03T16:51:19.015798+07:00,817.0445057460001,817.0445057460001,MONITOR,817.1954367749995,0.9999926020000203,0.2516786060004961,8.987000001070555e-05,DISABLED,on,user_reported,36.65919494628906,54.58306121826172,1007.065078125,107247.59375,True,True,True,176,0,0,109,178,101,2026-10-03T16:51:19.015872+07:00,817.0445898570006,0.18580458699943847,OK,,True,2026-10-03T16:51:19.201687+07:00,817.2304020730007,0.03294609299973672,OK,,True,1568,0.196,,2026-10-03T16:51:19.234634+07:00,817.2633511290005,0.03282522300014534,OK,,True,2774,0.34675,
ab14be9977d645198f54717810b879c8,819,2026-10-03T16:51:20.015802+07:00,818.0445084600005,818.0445084600005,MONITOR,818.1954394889999,1.0000027140004022,0.2537964049997754,9.25840004128986e-05,DISABLED,on,user_reported,36.661109924316406,54.576961517333984,1006.99296875,106378.5546875,True,True,True,176,0,0,109,179,101,2026-10-03T16:51:20.015887+07:00,818.0446044780001,0.18593325300025754,OK,,True,2026-10-03T16:51:20.201835+07:00,818.2305487680005,0.03454126599990559,OK,,True,1570,0.19625,,2026-10-03T16:51:20.236384+07:00,818.2650971450003,0.03319705400008388,OK,,True,2769,0.346125,
ab14be9977d645198f54717810b879c8,820,2026-10-03T16:51:21.015795+07:00,819.0445020630004,819.0445020630004,MONITOR,819.1954330919998,0.9999936029998935,0.25180208700021467,8.618700030638138e-05,DISABLED,on,user_reported,36.66046905517578,54.57686233520508,1007.03984375,106711.1328125,True,True,True,176,0,0,109,178,101,2026-10-03T16:51:21.015871+07:00,819.0445891360005,0.18581953200009593,OK,,True,2026-10-03T16:51:21.201702+07:00,819.230416501,0.03303677800067817,OK,,True,1567,0.195875,,2026-10-03T16:51:21.234739+07:00,819.2634560380002,0.032839927000168245,OK,,True,2773,0.346625,
ab14be9977d645198f54717810b879c8,821,2026-10-03T16:51:22.015792+07:00,820.0444990370006,820.0444990370006,MONITOR,820.195430066,0.9999969740001688,0.25194108499999857,8.316100047522923e-05,DISABLED,on,user_reported,36.66748809814453,54.56513595581055,1007.06484375,106378.5546875,True,True,True,176,0,0,109,179,101,2026-10-03T16:51:22.015874+07:00,820.0445907580006,0.18581601299956674,OK,,True,2026-10-03T16:51:22.201700+07:00,820.2304146230008,0.033126313999673584,OK,,True,1563,0.195375,,2026-10-03T16:51:22.234832+07:00,820.2635462329999,0.03288472300027934,OK,,True,2775,0.346875,
ab14be9977d645198f54717810b879c8,822,2026-10-03T16:51:23.015836+07:00,821.0445410290004,821.0445410290004,MONITOR,821.1954720579997,1.0000419919997512,0.2517013830001815,0.00012515300022641895,DISABLED,on,user_reported,36.65919494628906,54.557518005371094,1007.037734375,106978.6875,True,True,True,176,0,0,109,178,101,2026-10-03T16:51:23.015921+07:00,821.044638583,0.1858036430003267,OK,,True,2026-10-03T16:51:23.201735+07:00,821.2304495600001,0.032938111000476056,OK,,True,1571,0.196375,,2026-10-03T16:51:23.234674+07:00,821.2633905230005,0.03284248199997819,OK,,True,2768,0.34600000000000003,
ab14be9977d645198f54717810b879c8,823,2026-10-03T16:51:24.015842+07:00,822.0445412060008,822.0445412060008,MONITOR,822.1954722350001,1.000000177000402,0.2625589529998251,0.0001253300006283098,DISABLED,on,user_reported,36.66046905517578,54.57048034667969,1007.019375,106444.90625,True,True,True,176,0,0,109,179,101,2026-10-03T16:51:24.015987+07:00,822.0447029460001,0.1917280630004825,OK,,True,2026-10-03T16:51:24.207735+07:00,822.236446027,0.03538827900047181,OK,,True,1580,0.1975,,2026-10-03T16:51:24.243128+07:00,822.2718423240003,0.03523711300022114,OK,,True,2788,0.34850000000000003,
ab14be9977d645198f54717810b879c8,824,2026-10-03T16:51:25.015942+07:00,823.0446362540006,823.0446362540006,MONITOR,823.195567283,1.000095047999821,0.2614537939998627,0.0002203780004492728,DISABLED,on,user_reported,36.65919494628906,54.557518005371094,1006.99671875,107247.59375,True,True,True,176,0,0,109,179,101,2026-10-03T16:51:25.016105+07:00,823.0448210670002,0.18862325300051452,OK,,True,2026-10-03T16:51:25.204744+07:00,823.2334556530004,0.03637627100033569,OK,,True,1573,0.196625,,2026-10-03T16:51:25.241137+07:00,823.2698464610003,0.036217957999724604,OK,,True,2778,0.34725,
ab14be9977d645198f54717810b879c8,825,2026-10-03T16:51:26.015859+07:00,824.0445587849999,824.0445587849999,MONITOR,824.1954898139993,0.9999225309993562,0.26253791600083787,0.0001429089998055133,DISABLED,on,user_reported,36.65154266357422,54.56277847290039,1007.13484375,107450.15625,True,True,True,176,0,0,109,178,101,2026-10-03T16:51:26.016006+07:00,824.0447217090004,0.19171780400029093,OK,,True,2026-10-03T16:51:26.207741+07:00,824.2364532170004,0.03546751799967751,OK,,True,1590,0.19875,,2026-10-03T16:51:26.243214+07:00,824.2719288460003,0.03514952099976654,OK,,True,2788,0.34850000000000003,
ab14be9977d645198f54717810b879c8,826,2026-10-03T16:51:27.015848+07:00,825.0445457410005,825.0445457410005,MONITOR,825.1954767699999,0.9999869560006118,0.26456167899959837,0.00012986500041733962,DISABLED,on,user_reported,36.654090881347656,54.550376892089844,1007.091015625,107382.546875,True,True,True,176,0,0,109,178,101,2026-10-03T16:51:27.016006+07:00,825.0447216470002,0.19173913699978584,OK,,True,2026-10-03T16:51:27.207767+07:00,825.2364771910006,0.03548983400014549,OK,,True,1593,0.199125,,2026-10-03T16:51:27.243265+07:00,825.2719770800004,0.03711424799985252,OK,,True,2783,0.347875,
ab14be9977d645198f54717810b879c8,827,2026-10-03T16:51:28.015847+07:00,826.0445471050007,826.0445471050007,MONITOR,826.195478134,1.000001364000127,0.26122136999947543,0.00013122900054440834,DISABLED,on,user_reported,36.6585578918457,54.56380844116211,1007.043515625,106844.7421875,True,True,True,176,0,0,109,178,101,2026-10-03T16:51:28.015991+07:00,826.0447075480006,0.18994715000008,OK,,True,2026-10-03T16:51:28.205957+07:00,826.2346689570004,0.035340223999810405,OK,,True,1570,0.19625,,2026-10-03T16:51:28.241300+07:00,826.2700154210006,0.035735220999413286,OK,,True,2782,0.34775,
ab14be9977d645198f54717810b879c8,828,2026-10-03T16:51:29.015843+07:00,827.0445417840001,827.0445417840001,MONITOR,827.1954728129995,0.9999946789994283,0.26186243900065165,0.00012590799997269642,DISABLED,on,user_reported,36.65919494628906,54.5511360168457,1007.065078125,107247.59375,True,True,True,176,0,0,109,178,101,2026-10-03T16:51:29.015985+07:00,827.044701283,0.19171747000018513,OK,,True,2026-10-03T16:51:29.207722+07:00,827.2364328270005,0.03538477900019643,OK,,True,1590,0.19875,,2026-10-03T16:51:29.243111+07:00,827.2718256060007,0.034561357999336906,OK,,True,2789,0.348625,
ab14be9977d645198f54717810b879c8,829,2026-10-03T16:51:30.015952+07:00,828.0446450550007,828.0446450550007,MONITOR,828.1955760840001,1.0001032710006257,0.2526350250000178,0.00022917900059837848,DISABLED,on,user_reported,36.65026092529297,54.54981231689453,1007.1053125,107247.59375,True,True,True,176,0,0,109,178,101,2026-10-03T16:51:30.016105+07:00,828.0448220530006,0.18663110099987534,OK,,True,2026-10-03T16:51:30.202747+07:00,828.2314604310004,0.03297935199952917,OK,,True,1570,0.19625,,2026-10-03T16:51:30.235727+07:00,828.2644433200003,0.03282826000031491,OK,,True,2780,0.34750000000000003,
ab14be9977d645198f54717810b879c8,830,2026-10-03T16:51:31.015792+07:00,829.0445004020003,829.0445004020003,MONITOR,829.1954314309996,0.9998553469995386,0.2516619220004941,8.45260001369752e-05,DISABLED,on,user_reported,36.65281677246094,54.54380798339844,1006.97953125,106577.8515625,True,True,True,176,0,0,109,178,101,2026-10-03T16:51:31.015862+07:00,829.0445795680007,0.18582227299975784,OK,,True,2026-10-03T16:51:31.201696+07:00,829.2304094150004,0.03294175900009577,OK,,True,1568,0.196,,2026-10-03T16:51:31.234638+07:00,829.263354619,0.03279920500062872,OK,,True,2774,0.34675,
ab14be9977d645198f54717810b879c8,831,2026-10-03T16:51:32.015790+07:00,830.0444985630002,830.0444985630002,MONITOR,830.1954295919995,0.999998160999894,0.25189110500014067,8.268700003100093e-05,DISABLED,on,user_reported,36.661109924316406,54.53865432739258,1007.040859375,107247.59375,True,True,True,176,0,0,109,178,101,2026-10-03T16:51:32.015866+07:00,830.044583766,0.18581253200045467,OK,,True,2026-10-03T16:51:32.201689+07:00,830.2304040200006,0.03306588899977214,OK,,True,1571,0.196375,,2026-10-03T16:51:32.234760+07:00,830.2634747600005,0.03290637099962623,OK,,True,2778,0.34725,
ab14be9977d645198f54717810b879c8,832,2026-10-03T16:51:33.015792+07:00,831.044500002,831.044500002,MONITOR,831.1954310309993,1.0000014389997887,0.25168660700001055,8.412599981966196e-05,DISABLED,on,user_reported,36.6585578918457,54.538272857666016,1007.016171875,106711.1328125,True,True,True,176,0,0,109,178,101,2026-10-03T16:51:33.015860+07:00,831.0445780570008,0.1858094949993756,OK,,True,2026-10-03T16:51:33.201679+07:00,831.2303949040006,0.03295642600005522,OK,,True,1570,0.19625,,2026-10-03T16:51:33.234637+07:00,831.2633542000003,0.03282489000048372,OK,,True,2774,0.34675,
ab14be9977d645198f54717810b879c8,833,2026-10-03T16:51:34.015799+07:00,832.0445055150003,832.0445055150003,MONITOR,832.1954365439997,1.0000055130003602,0.2518402360001346,8.963900017988635e-05,DISABLED,on,user_reported,36.650901794433594,54.54990768432617,1007.01734375,106777.890625,True,True,True,176,0,0,109,178,101,2026-10-03T16:51:34.015884+07:00,832.044601218,0.18581264400017972,OK,,True,2026-10-03T16:51:34.201708+07:00,832.2304216580005,0.033030796000275586,OK,,True,1571,0.196375,,2026-10-03T16:51:34.234739+07:00,832.2634556950006,0.032880963000025076,OK,,True,2777,0.347125,
ab14be9977d645198f54717810b879c8,834,2026-10-03T16:51:35.016013+07:00,833.0447138050004,833.0447138050004,MONITOR,833.1956448339997,1.000208290000046,0.26055798699962907,0.00029792900022584945,DISABLED,on,user_reported,36.656005859375,54.53789520263672,1006.998359375,106644.4453125,True,True,True,176,0,0,109,179,101,2026-10-03T16:51:35.016120+07:00,833.0448372860001,0.18798092399993038,OK,,True,2026-10-03T16:51:35.204117+07:00,833.2328293580003,0.03584129400042002,OK,,True,1574,0.19675,,2026-10-03T16:51:35.239960+07:00,833.268675837,0.03657760300029622,OK,,True,2770,0.34625,
ab14be9977d645198f54717810b879c8,835,2026-10-03T16:51:36.015866+07:00,834.0445653200004,834.0445653200004,MONITOR,834.1954963489998,0.9998515150000458,0.26255599100022664,0.00014944400027161464,DISABLED,on,user_reported,36.65664291381836,54.54438018798828,1007.026796875,107585.625,True,True,True,176,0,0,109,178,101,2026-10-03T16:51:36.016010+07:00,834.0447257080004,0.19176950699966255,OK,,True,2026-10-03T16:51:36.207799+07:00,834.236510752,0.035375927000131924,OK,,True,1596,0.1995,,2026-10-03T16:51:36.243180+07:00,834.2718946049999,0.035209595000196714,OK,,True,2790,0.34875,
ab14be9977d645198f54717810b879c8,836,2026-10-03T16:51:37.015810+07:00,835.0445172050004,835.0445172050004,MONITOR,835.1954482339997,0.9999518849999731,0.25225295499967615,0.00010132900024473201,DISABLED,on,user_reported,36.65536880493164,54.53142166137695,1006.98359375,106511.3359375,True,True,True,176,0,0,109,179,101,2026-10-03T16:51:37.015891+07:00,835.044608704,0.1858159590001378,OK,,True,2026-10-03T16:51:37.201718+07:00,835.2304319960003,0.033439793000070495,OK,,True,1564,0.1955,,2026-10-03T16:51:37.235162+07:00,835.2638766590007,0.03288425999926403,OK,,True,2775,0.346875,
ab14be9977d645198f54717810b879c8,837,2026-10-03T16:51:38.015801+07:00,836.0445079230003,836.0445079230003,MONITOR,836.1954389519997,0.9999907179999354,0.2517031630004567,9.20470001801732e-05,DISABLED,on,user_reported,36.65664291381836,54.537994384765625,1006.99265625,107112.96875,True,True,True,176,0,0,109,178,101,2026-10-03T16:51:38.015879+07:00,836.0445971630006,0.1858231070000329,OK,,True,2026-10-03T16:51:38.201713+07:00,836.2304273620002,0.03295385199999146,OK,,True,1570,0.19625,,2026-10-03T16:51:38.234667+07:00,836.2633842510004,0.0328184460004195,OK,,True,2775,0.346875,
ab14be9977d645198f54717810b879c8,838,2026-10-03T16:51:39.015800+07:00,837.0445068450008,837.0445068450008,MONITOR,837.1954378740002,0.9999989220004863,0.2516984769999908,9.09690006665187e-05,DISABLED,on,user_reported,36.64834976196289,54.549522399902344,1006.979140625,106577.8515625,True,True,True,176,0,0,109,178,101,2026-10-03T16:51:39.015878+07:00,837.0445952520004,0.18581592099963018,OK,,True,2026-10-03T16:51:39.201704+07:00,837.2304185250005,0.03295314800016058,OK,,True,1573,0.196625,,2026-10-03T16:51:39.234657+07:00,837.2633743210008,0.03282357599982788,OK,,True,2773,0.346625,
ab14be9977d645198f54717810b879c8,839,2026-10-03T16:51:40.015800+07:00,838.0445057860006,838.0445057860006,MONITOR,838.195436815,0.9999989409998307,0.2517759029997251,8.991000049718423e-05,DISABLED,on,user_reported,36.65473175048828,54.556861877441406,1007.085234375,106577.8515625,True,True,True,176,0,0,109,178,101,2026-10-03T16:51:40.015883+07:00,838.0446002300005,0.1858358279996537,OK,,True,2026-10-03T16:51:40.201731+07:00,838.2304443360008,0.03296749999935855,OK,,True,1567,0.195875,,2026-10-03T16:51:40.234698+07:00,838.2634147620001,0.032857908000551106,OK,,True,2777,0.347125,
ab14be9977d645198f54717810b879c8,840,2026-10-03T16:51:41.015798+07:00,839.0445047820003,839.0445047820003,MONITOR,839.1954358109997,0.9999989959997038,0.2517138849998446,8.890600020095007e-05,DISABLED,on,user_reported,36.654090881347656,54.56315231323242,1007.07046875,106777.890625,True,True,True,176,0,0,109,178,101,2026-10-03T16:51:41.015877+07:00,839.0445946150003,0.18581882899979973,OK,,True,2026-10-03T16:51:41.201707+07:00,839.2304211290002,0.03295727800013992,OK,,True,1575,0.196875,,2026-10-03T16:51:41.234665+07:00,839.2633816480002,0.03282879700054764,OK,,True,2773,0.346625,
ab14be9977d645198f54717810b879c8,841,2026-10-03T16:51:42.015859+07:00,840.0445569080002,840.0445569080002,MONITOR,840.1954879369996,1.0000521259999005,0.263262948999909,0.00014103200010140426,DISABLED,on,user_reported,36.65473175048828,54.5632438659668,1007.04421875,106113.9921875,True,True,True,176,0,0,109,178,101,2026-10-03T16:51:42.016017+07:00,840.0447330920006,0.1917734520002341,OK,,True,2026-10-03T16:51:42.207813+07:00,840.2365232660004,0.035938293999606685,OK,,True,1560,0.195,,2026-10-03T16:51:42.243762+07:00,840.2724726340002,0.035326705000443326,OK,,True,2784,0.34800000000000003,
ab14be9977d645198f54717810b879c8,842,2026-10-03T16:51:43.015812+07:00,841.0445201279999,841.0445201279999,MONITOR,841.1954511569993,0.9999632199996995,0.2516815890003272,0.00010425199980090838,DISABLED,on,user_reported,36.65217971801758,54.569244384765625,1007.053828125,106246.109375,True,True,True,176,0,0,109,179,101,2026-10-03T16:51:43.015891+07:00,841.0446085160002,0.18580869900051766,OK,,True,2026-10-03T16:51:43.201710+07:00,841.230424419,0.03294505600024422,OK,,True,1580,0.1975,,2026-10-03T16:51:43.234656+07:00,841.2633725490005,0.032820815999912156,OK,,True,2771,0.346375,
ab14be9977d645198f54717810b879c8,843,2026-10-03T16:51:44.015802+07:00,842.0445084030007,842.0445084030007,MONITOR,842.1954394320001,0.99998827500076,0.2517061629996533,9.252700056094909e-05,DISABLED,on,user_reported,36.65281677246094,54.57572937011719,1007.020546875,106711.1328125,True,True,True,176,0,0,109,178,101,2026-10-03T16:51:44.015883+07:00,842.0446002540002,0.18582340300054057,OK,,True,2026-10-03T16:51:44.201717+07:00,842.2304311750004,0.03294850099973701,OK,,True,1563,0.195375,,2026-10-03T16:51:44.234665+07:00,842.2633827130003,0.03282422299980681,OK,,True,2772,0.34650000000000003,
ab14be9977d645198f54717810b879c8,844,2026-10-03T16:51:45.015825+07:00,843.0445283630006,843.0445283630006,MONITOR,843.195459392,1.0000199599999178,0.25180257000010897,0.00011248700047872262,DISABLED,on,user_reported,36.65473175048828,54.57601547241211,1007.03734375,106911.671875,True,True,True,176,0,0,109,178,101,2026-10-03T16:51:45.015924+07:00,843.0446408990001,0.18584319900037372,OK,,True,2026-10-03T16:51:45.201779+07:00,843.2304923390002,0.03297307400043792,OK,,True,1568,0.196,,2026-10-03T16:51:45.234752+07:00,843.2634685980001,0.032852723999894806,OK,,True,2765,0.345625,
ab14be9977d645198f54717810b879c8,845,2026-10-03T16:51:46.015800+07:00,844.0445072870007,844.0445072870007,MONITOR,844.195438316,0.9999789240000609,0.2517861249998532,9.141100053966511e-05,DISABLED,on,user_reported,36.65217971801758,54.58840560913086,1007.019609375,106511.3359375,True,True,True,176,0,0,109,178,101,2026-10-03T16:51:46.015877+07:00,844.0445945270003,0.18581655100024363,OK,,True,2026-10-03T16:51:46.201703+07:00,844.2304177260003,0.03296811099971819,OK,,True,1568,0.196,,2026-10-03T16:51:46.234672+07:00,844.263388763,0.032896519000132685,OK,,True,2769,0.346125,
ab14be9977d645198f54717810b879c8,846,2026-10-03T16:51:47.015800+07:00,845.04450671,845.04450671,MONITOR,845.1954377389993,0.9999994229992808,0.2519966240006397,9.083399982046103e-05,DISABLED,on,user_reported,36.654090881347656,54.588687896728516,1007.01578125,106444.90625,True,True,True,176,0,0,109,178,101,2026-10-03T16:51:47.015878+07:00,845.044595673,0.18581773599998996,OK,,True,2026-10-03T16:51:47.201707+07:00,845.230420594,0.03315151800052263,OK,,True,1585,0.198125,,2026-10-03T16:51:47.234864+07:00,845.2635772410003,0.032916166999712004,OK,,True,2767,0.345875,
ab14be9977d645198f54717810b879c8,847,2026-10-03T16:51:48.015857+07:00,846.0445533380007,846.0445533380007,MONITOR,846.1954843670001,1.0000466280007458,0.2627091009999276,0.00013746200056630187,DISABLED,on,user_reported,36.64643478393555,54.58755111694336,1006.955390625,106312.2890625,True,True,True,176,0,0,109,178,101,2026-10-03T16:51:48.016014+07:00,846.0447302990005,0.19177978599964263,OK,,True,2026-10-03T16:51:48.207815+07:00,846.2365251410001,0.035435425999821746,OK,,True,1535,0.19187500000000002,,2026-10-03T16:51:48.243254+07:00,846.2719689560008,0.03527398299956985,OK,,True,2784,0.34800000000000003,
ab14be9977d645198f54717810b879c8,848,2026-10-03T16:51:49.015879+07:00,847.0445746880005,847.0445746880005,MONITOR,847.1955057169998,1.0000213499997699,0.2628989519998868,0.0001588120003361837,DISABLED,on,user_reported,36.650901794433594,54.58182907104492,1007.003671875,106444.90625,True,True,True,176,0,0,109,178,101,2026-10-03T16:51:49.016033+07:00,847.044749224,0.19176432200038107,OK,,True,2026-10-03T16:51:49.207817+07:00,847.2365278240004,0.03574499800015474,OK,,True,1567,0.195875,,2026-10-03T16:51:49.243567+07:00,847.2722812480006,0.035174761999769544,OK,,True,2793,0.349125,
ab14be9977d645198f54717810b879c8,849,2026-10-03T16:51:50.015810+07:00,848.0445169270006,848.0445169270006,MONITOR,848.195447956,0.99994223900012,0.25549720999970305,0.0001010510004562093,DISABLED,on,user_reported,36.64771270751953,54.5941276550293,1007.005390625,106844.7421875,True,True,True,176,0,0,109,178,101,2026-10-03T16:51:50.015889+07:00,848.0446071860006,0.18856129100004182,OK,,True,2026-10-03T16:51:50.204466+07:00,848.2331786060004,0.03396443800011184,OK,,True,1573,0.196625,,2026-10-03T16:51:50.238434+07:00,848.2671481730004,0.03285711199987418,OK,,True,2777,0.347125,
ab14be9977d645198f54717810b879c8,850,2026-10-03T16:51:51.015800+07:00,849.0445065370004,849.0445065370004,MONITOR,849.1954375659998,0.9999896099998296,0.2516787750000731,9.06610002857633e-05,DISABLED,on,user_reported,36.650901794433594,54.60098648071289,1006.983125,106844.7421875,True,True,True,176,0,0,109,178,101,2026-10-03T16:51:51.015877+07:00,849.0445950370004,0.18581156999971427,OK,,True,2026-10-03T16:51:51.201699+07:00,849.2304136250004,0.03294427800028643,OK,,True,1578,0.19725,,2026-10-03T16:51:51.234644+07:00,849.263360848,0.03281607500048267,OK,,True,2772,0.34650000000000003,
ab14be9977d645198f54717810b879c8,851,2026-10-03T16:51:52.015798+07:00,850.0445045920005,850.0445045920005,MONITOR,850.1954356209999,0.9999980550001055,0.25198604999968666,8.87160003912868e-05,DISABLED,on,user_reported,36.65026092529297,54.60089874267578,1007.01640625,107180.2421875,True,True,True,176,0,0,109,178,101,2026-10-03T16:51:52.015878+07:00,850.0445959990002,0.1858059960004539,OK,,True,2026-10-03T16:51:52.201693+07:00,850.230408032,0.03318851700078085,OK,,True,1571,0.196375,,2026-10-03T16:51:52.234887+07:00,850.2636014930004,0.03288055600023654,OK,,True,2771,0.346375,
ab14be9977d645198f54717810b879c8,852,2026-10-03T16:51:53.015804+07:00,851.0445105910003,851.0445105910003,MONITOR,851.1954416199997,1.000005998999768,0.25169599699984246,9.471500015933998e-05,DISABLED,on,user_reported,36.64643478393555,54.60032272338867,1007.030703125,106577.8515625,True,True,True,176,0,0,109,178,101,2026-10-03T16:51:53.015882+07:00,851.0445997570005,0.18580257000030542,OK,,True,2026-10-03T16:51:53.201693+07:00,851.2304078090001,0.03295400000024529,OK,,True,1578,0.19725,,2026-10-03T16:51:53.234649+07:00,851.2633649200006,0.032833019999998214,OK,,True,2775,0.346875,
ab14be9977d645198f54717810b879c8,853,2026-10-03T16:51:54.015800+07:00,852.0445066830007,852.0445066830007,MONITOR,852.1954377120001,0.9999960920004014,0.2517316630001005,9.08070005607442e-05,DISABLED,on,user_reported,36.64516067504883,54.62568283081055,1007.103828125,106312.2890625,True,True,True,176,0,0,109,178,101,2026-10-03T16:51:54.015878+07:00,852.0445955340001,0.18580494100024225,OK,,True,2026-10-03T16:51:54.201691+07:00,852.2304055490004,0.03297999999995227,OK,,True,1573,0.196625,,2026-10-03T16:51:54.234674+07:00,852.2633898450003,0.032839872000295145,OK,,True,2770,0.34625,
ab14be9977d645198f54717810b879c8,854,2026-10-03T16:51:55.015850+07:00,853.0445463310007,853.0445463310007,MONITOR,853.19547736,1.0000396479999836,0.26220891999946616,0.00013045500054431614,DISABLED,on,user_reported,36.64771270751953,54.62605667114258,1007.06015625,106711.1328125,True,True,True,176,0,0,109,178,101,2026-10-03T16:51:55.016004+07:00,853.0447201630004,0.19106330900012836,OK,,True,2026-10-03T16:51:55.207092+07:00,853.235802102,0.03499113300040335,OK,,True,1566,0.19575,,2026-10-03T16:51:55.242090+07:00,853.2708018840003,0.03593146000002889,OK,,True,2768,0.34600000000000003,
ab14be9977d645198f54717810b879c8,855,2026-10-03T16:51:56.015808+07:00,854.0445143680008,854.0445143680008,MONITOR,854.1954453970002,0.9999680370001442,0.2518839209997168,9.84920006885659e-05,DISABLED,on,user_reported,36.65026092529297,54.626441955566406,1007.057421875,106378.5546875,True,True,True,176,0,0,109,179,101,2026-10-03T16:51:56.015889+07:00,854.0446067380008,0.18579725499967026,OK,,True,2026-10-03T16:51:56.201695+07:00,854.2304111600006,0.033128275999843027,OK,,True,1567,0.195875,,2026-10-03T16:51:56.234828+07:00,854.2635440480008,0.032844574999217,OK,,True,2775,0.346875,
ab14be9977d645198f54717810b879c8,856,2026-10-03T16:51:57.015805+07:00,855.0445113310006,855.0445113310006,MONITOR,855.19544236,0.9999969629998304,0.2523955099995874,9.54550005189958e-05,DISABLED,on,user_reported,36.65281677246094,54.63958740234375,1007.05484375,106711.1328125,True,True,True,176,0,0,109,178,101,2026-10-03T16:51:57.015884+07:00,855.0446020340005,0.1858164029999898,OK,,True,2026-10-03T16:51:57.201712+07:00,855.2304262890002,0.033563904000402545,OK,,True,1571,0.196375,,2026-10-03T16:51:57.235281+07:00,855.2639951370002,0.03290237100009108,OK,,True,2776,0.34700000000000003,
ab14be9977d645198f54717810b879c8,857,2026-10-03T16:51:58.015795+07:00,856.0445016830008,856.0445016830008,MONITOR,856.1954327120002,0.9999903520001681,0.2518179219996455,8.580700068705482e-05,DISABLED,on,user_reported,36.65281677246094,54.63958740234375,1007.020546875,106378.5546875,True,True,True,176,0,0,109,179,101,2026-10-03T16:51:58.015875+07:00,856.0445928490008,0.1858112739992066,OK,,True,2026-10-03T16:51:58.201696+07:00,856.2304115490006,0.03303773999959958,OK,,True,1577,0.197125,,2026-10-03T16:51:58.234738+07:00,856.2634537150007,0.03285701999993762,OK,,True,2775,0.346875,
ab14be9977d645198f54717810b879c8,858,2026-10-03T16:51:59.015804+07:00,857.0445100730003,857.0445100730003,MONITOR,857.1954411019997,1.0000083899994934,0.2520566789999066,9.419700018042931e-05,DISABLED,on,user_reported,36.65026092529297,54.63921356201172,1006.988984375,106777.890625,True,True,True,176,0,0,109,178,101,2026-10-03T16:51:59.015886+07:00,857.0446031460006,0.18580845899941778,OK,,True,2026-10-03T16:51:59.201704+07:00,857.2304190680006,0.03327129399986006,OK,,True,1574,0.19675,,2026-10-03T16:51:59.234979+07:00,857.2636943810003,0.032864316000086546,OK,,True,2774,0.34675,
ab14be9977d645198f54717810b879c8,859,2026-10-03T16:52:00.015797+07:00,858.0445047590001,858.0445047590001,MONITOR,858.1954357879995,0.999994685999809,0.25741471400033333,8.888299998943694e-05,DISABLED,on,user_reported,36.654090881347656,54.64616394042969,1007.029453125,106312.2890625,True,True,True,176,0,0,109,179,101,2026-10-03T16:52:00.015881+07:00,858.0445983130003,0.1914439370002583,OK,,True,2026-10-03T16:52:00.207344+07:00,858.2360567680007,0.033018222999999125,OK,,True,1558,0.19475,,2026-10-03T16:52:00.240371+07:00,858.2690825830005,0.03281938999953127,OK,,True,2757,0.344625,
ab14be9977d645198f54717810b879c8,860,2026-10-03T16:52:01.015836+07:00,859.0445356300006,859.0445356300006,MONITOR,859.195466659,1.0000308710004902,0.2619961439995677,0.00011975400047958829,DISABLED,on,user_reported,36.64898681640625,54.6390266418457,1007.02796875,106444.90625,True,True,True,176,0,0,109,178,101,2026-10-03T16:52:01.015965+07:00,859.0446817030006,0.19135586299944407,OK,,True,2026-10-03T16:52:01.207341+07:00,859.2360522510007,0.03546925999944506,OK,,True,1592,0.199,,2026-10-03T16:52:01.242818+07:00,859.271530381,0.03498459700040257,OK,,True,2789,0.348625,
ab14be9977d645198f54717810b879c8,861,2026-10-03T16:52:02.015889+07:00,860.0445872790006,860.0445872790006,MONITOR,860.1955183079999,1.0000516489999427,0.2627622119998705,0.00017140300042228773,DISABLED,on,user_reported,36.65664291381836,54.6337776184082,1006.999375,106378.5546875,True,True,True,176,0,0,109,178,101,2026-10-03T16:52:02.016027+07:00,860.0447432400006,0.19151917699946353,OK,,True,2026-10-03T16:52:02.207571+07:00,860.2362802320004,0.03571096199993917,OK,,True,1570,0.19625,,2026-10-03T16:52:02.243289+07:00,860.2720013420003,0.03532685299978766,OK,,True,2787,0.348375,
ab14be9977d645198f54717810b879c8,862,2026-10-03T16:52:03.015864+07:00,861.0445607620004,861.0445607620004,MONITOR,861.1954917909998,0.9999734829998488,0.2633763009998802,0.00014488600027107168,DISABLED,on,user_reported,36.657920837402344,54.61479949951172,1006.9946875,106978.6875,True,True,True,176,0,0,109,178,101,2026-10-03T16:52:03.016026+07:00,861.0447419080001,0.19176445300035994,OK,,True,2026-10-03T16:52:03.207811+07:00,861.2365219540006,0.03614297700005409,OK,,True,1584,0.198,,2026-10-03T16:52:03.243960+07:00,861.2726739310001,0.035244428000623884,OK,,True,2781,0.347625,
ab14be9977d645198f54717810b879c8,863,2026-10-03T16:52:04.015866+07:00,862.0445628740008,862.0445628740008,MONITOR,862.1954939030002,1.0000021120004021,0.26286410099964996,0.00014699800067319302,DISABLED,on,user_reported,36.64898681640625,54.61347961425781,1006.966484375,106577.8515625,True,True,True,176,0,0,109,178,101,2026-10-03T16:52:04.016032+07:00,862.0447463360006,0.19177524899987475,OK,,True,2026-10-03T16:52:04.207825+07:00,862.2365361960001,0.03553972200006683,OK,,True,1590,0.19875,,2026-10-03T16:52:04.243372+07:00,862.2720845660006,0.03532398399966041,OK,,True,2785,0.348125,
ab14be9977d645198f54717810b879c8,864,2026-10-03T16:52:05.015871+07:00,863.0445669690007,863.0445669690007,MONITOR,863.1954979980001,1.0000040949998947,0.2637346309993518,0.00015109300056792563,DISABLED,on,user_reported,36.64516067504883,54.62568283081055,1006.960234375,106113.9921875,True,True,True,176,0,0,109,178,101,2026-10-03T16:52:05.016027+07:00,863.0447429300002,0.1917710090001492,OK,,True,2026-10-03T16:52:05.207819+07:00,863.2365294390002,0.0366480100001354,OK,,True,1585,0.198125,,2026-10-03T16:52:05.244483+07:00,863.2731916340008,0.03508115199929307,OK,,True,2786,0.34825,
ab14be9977d645198f54717810b879c8,865,2026-10-03T16:52:06.015822+07:00,864.044529064,864.044529064,MONITOR,864.1954600929994,0.9999620949993187,0.25175679299991316,0.00011318799988657702,DISABLED,on,user_reported,36.64643478393555,54.64502716064453,1006.9621875,106444.90625,True,True,True,176,0,0,109,178,101,2026-10-03T16:52:06.015904+07:00,864.0446213780006,0.18580507000024227,OK,,True,2026-10-03T16:52:06.201719+07:00,864.2304338190006,0.03300957400006155,OK,,True,1570,0.19625,,2026-10-03T16:52:06.234732+07:00,864.2634474850001,0.032830391000061354,OK,,True,2777,0.347125,
ab14be9977d645198f54717810b879c8,866,2026-10-03T16:52:07.015813+07:00,865.0445192140005,865.0445192140005,MONITOR,865.1954502429999,0.9999901500004853,0.25187110699971527,0.00010333800037187757,DISABLED,on,user_reported,36.64834976196289,54.61975860595703,1007.09546875,106911.671875,True,True,True,176,0,0,109,178,101,2026-10-03T16:52:07.015896+07:00,865.0446137320005,0.18580142300015723,OK,,True,2026-10-03T16:52:07.201707+07:00,865.2304223950005,0.0330594260003636,OK,,True,1568,0.196,,2026-10-03T16:52:07.234772+07:00,865.2634865800001,0.03289314900030149,OK,,True,2778,0.34725,
ab14be9977d645198f54717810b879c8,867,2026-10-03T16:52:08.015821+07:00,866.0445262540006,866.0445262540006,MONITOR,866.195457283,1.0000070400001277,0.25175795999984985,0.00011037800049962243,DISABLED,on,user_reported,36.65473175048828,54.61432647705078,1007.078515625,106577.8515625,True,True,True,176,0,0,109,178,101,2026-10-03T16:52:08.015907+07:00,866.0446241790005,0.18582075599988457,OK,,True,2026-10-03T16:52:08.201739+07:00,866.2304529350004,0.03298740700029157,OK,,True,1565,0.195625,,2026-10-03T16:52:08.234728+07:00,866.2634443980005,0.03283077899959608,OK,,True,2777,0.347125,
ab14be9977d645198f54717810b879c8,868,2026-10-03T16:52:09.015805+07:00,867.0445101080004,867.0445101080004,MONITOR,867.1954411369998,0.9999838539997654,0.25195916299981036,9.423200026503764e-05,DISABLED,on,user_reported,36.64834976196289,54.61975860595703,1007.054453125,106911.671875,True,True,True,176,0,0,109,178,101,2026-10-03T16:52:09.015888+07:00,867.0446059040005,0.18580696000026364,OK,,True,2026-10-03T16:52:09.201706+07:00,867.2304201970001,0.03326357200057828,OK,,True,1566,0.19575,,2026-10-03T16:52:09.234972+07:00,867.2636876020006,0.03277327999967383,OK,,True,2774,0.34675,
ab14be9977d645198f54717810b879c8,869,2026-10-03T16:52:10.015799+07:00,868.0445047960002,868.0445047960002,MONITOR,868.1954358249995,0.9999946879997879,0.2518030709998129,8.892000005289447e-05,DISABLED,on,user_reported,36.650901794433594,54.626529693603516,1007.03109375,106378.5546875,True,True,True,176,0,0,109,178,101,2026-10-03T16:52:10.015884+07:00,868.0446019990004,0.1858131079998202,OK,,True,2026-10-03T16:52:10.201708+07:00,868.230422607,0.03305061100036255,OK,,True,1573,0.196625,,2026-10-03T16:52:10.234762+07:00,868.2634775700008,0.032820759999594884,OK,,True,2765,0.345625,
ab14be9977d645198f54717810b879c8,870,2026-10-03T16:52:11.015821+07:00,869.0445230590003,869.0445230590003,MONITOR,869.1954540879997,1.000018263000129,0.26201768099963374,0.00010718300018197624,DISABLED,on,user_reported,36.6534538269043,54.626914978027344,1007.069453125,106844.7421875,True,True,True,176,0,0,109,178,101,2026-10-03T16:52:11.015943+07:00,869.0446599100005,0.19119856799989066,OK,,True,2026-10-03T16:52:11.207163+07:00,869.2358742370006,0.03544557499935763,OK,,True,1575,0.196875,,2026-10-03T16:52:11.242615+07:00,869.2713287010001,0.03519370600042748,OK,,True,2778,0.34725,
ab14be9977d645198f54717810b879c8,871,2026-10-03T16:52:12.015843+07:00,870.0445480800008,870.0445480800008,MONITOR,870.1954791090002,1.0000250210005106,0.25197912599924166,0.00013220400069258176,DISABLED,on,user_reported,36.654090881347656,54.607845306396484,1007.056796875,106312.2890625,True,True,True,176,0,0,109,178,101,2026-10-03T16:52:12.015928+07:00,870.0446455240008,0.1858111639994604,OK,,True,2026-10-03T16:52:12.201751+07:00,870.2304649100006,0.0329995179999969,OK,,True,1576,0.197,,2026-10-03T16:52:12.234752+07:00,870.2634685210005,0.033047721999537316,OK,,True,2774,0.34675,
ab14be9977d645198f54717810b879c8,872,2026-10-03T16:52:13.016223+07:00,871.0449250810007,871.0449250810007,MONITOR,871.19585611,1.0003770009998334,0.25198884800011,0.0005092050005259807,DISABLED,on,user_reported,36.650901794433594,54.60737228393555,1007.058359375,106844.7421875,True,True,True,176,0,0,109,178,101,2026-10-03T16:52:13.016325+07:00,871.0450423950006,0.18602232899957016,OK,,True,2026-10-03T16:52:13.202360+07:00,871.231073168,0.032992704000207596,OK,,True,1577,0.197125,,2026-10-03T16:52:13.235353+07:00,871.2640699460007,0.032835000999511976,OK,,True,2779,0.347375,
ab14be9977d645198f54717810b879c8,873,2026-10-03T16:52:14.015801+07:00,872.0445070510004,872.0445070510004,MONITOR,872.1954380799998,0.999581969999781,0.2517856450003819,9.117500030697556e-05,DISABLED,on,user_reported,36.65919494628906,54.608604431152344,1007.085625,107045.7890625,True,True,True,176,0,0,109,178,101,2026-10-03T16:52:14.015884+07:00,872.0446018279999,0.18582508899999084,OK,,True,2026-10-03T16:52:14.201722+07:00,872.2304347320005,0.03298907399948803,OK,,True,1575,0.196875,,2026-10-03T16:52:14.234711+07:00,872.2634272510004,0.03285718600000109,OK,,True,2775,0.346875,
ab14be9977d645198f54717810b879c8,874,2026-10-03T16:52:15.015801+07:00,873.0445074439995,873.0445074439995,MONITOR,873.1954384729988,1.000000392999027,0.2518078120010614,9.156799933407456e-05,DISABLED,on,user_reported,36.650901794433594,54.60098648071289,1007.01734375,107112.96875,True,True,True,176,0,0,109,178,101,2026-10-03T16:52:15.015882+07:00,873.044599406001,0.1858271999990393,OK,,True,2026-10-03T16:52:15.201721+07:00,873.2304344210006,0.03301522199944884,OK,,True,1570,0.19625,,2026-10-03T16:52:15.234737+07:00,873.2634532169996,0.03285326100012753,OK,,True,2772,0.34650000000000003,
ab14be9977d645198f54717810b879c8,875,2026-10-03T16:52:16.015802+07:00,874.0445080959998,874.0445080959998,MONITOR,874.1954391249992,1.0000006520003808,0.252043329001026,9.221999971487094e-05,DISABLED,on,user_reported,36.64771270751953,54.60689926147461,1006.978046875,106644.4453125,True,True,True,176,0,0,109,178,101,2026-10-03T16:52:16.015886+07:00,874.0446033730004,0.1858209780002653,OK,,True,2026-10-03T16:52:16.201718+07:00,874.2304318879997,0.03326735000155168,OK,,True,1574,0.19675,,2026-10-03T16:52:16.234988+07:00,874.2637035349999,0.03283979700063355,OK,,True,2767,0.345875,
ab14be9977d645198f54717810b879c8,876,2026-10-03T16:52:17.015845+07:00,875.0445441000011,875.0445441000011,MONITOR,875.1954751290004,1.000036004001231,0.2648713839989796,0.00012822400094592012,DISABLED,on,user_reported,36.6534538269043,54.59498596191406,1006.99421875,107180.2421875,True,True,True,176,0,0,109,178,101,2026-10-03T16:52:17.015993+07:00,875.0447092289996,0.19157428800099296,OK,,True,2026-10-03T16:52:17.207590+07:00,875.2362998870012,0.03705771099885169,OK,,True,1601,0.200125,,2026-10-03T16:52:17.244662+07:00,875.2733709870008,0.03602290399976482,OK,,True,2791,0.348875,
ab14be9977d645198f54717810b879c8,877,2026-10-03T16:52:18.015914+07:00,876.044609382001,876.044609382001,MONITOR,876.1955404110004,1.0000652819999232,0.252796804999889,0.00019350600086909253,DISABLED,on,user_reported,36.64771270751953,54.60689926147461,1006.971171875,106577.8515625,True,True,True,176,0,0,109,178,101,2026-10-03T16:52:18.016058+07:00,876.0447741589996,0.1867296010004793,OK,,True,2026-10-03T16:52:18.202798+07:00,876.2315118160004,0.032984425999529776,OK,,True,1573,0.196625,,2026-10-03T16:52:18.235785+07:00,876.2645006309995,0.032896186001380556,OK,,True,2776,0.34700000000000003,
ab14be9977d645198f54717810b879c8,878,2026-10-03T16:52:19.015830+07:00,877.0445356100008,877.0445356100008,MONITOR,877.1954666390002,0.999926227999822,0.25752769599966996,0.0001197340006910963,DISABLED,on,user_reported,36.64898681640625,54.607093811035156,1007.0075,106246.109375,True,True,True,176,0,0,109,178,101,2026-10-03T16:52:19.015915+07:00,877.044632313,0.18938023000009707,OK,,True,2026-10-03T16:52:19.205313+07:00,877.2340253020011,0.03422617599972,OK,,True,1559,0.194875,,2026-10-03T16:52:19.239548+07:00,877.2682604969996,0.033789920000344864,OK,,True,2756,0.34450000000000003,
ab14be9977d645198f54717810b879c8,879,2026-10-03T16:52:20.015834+07:00,878.0445386150004,878.0445386150004,MONITOR,878.1954696439998,1.0000030049995985,0.252111846999469,0.0001227390002895845,DISABLED,on,user_reported,36.642608642578125,54.599754333496094,1006.928671875,106577.8515625,True,True,True,176,0,0,109,178,101,2026-10-03T16:52:20.015922+07:00,878.0446396690004,0.1858164969999052,OK,,True,2026-10-03T16:52:20.201751+07:00,878.2304646110006,0.033253980000154115,OK,,True,1574,0.19675,,2026-10-03T16:52:20.235009+07:00,878.2637234800004,0.03291714800070622,OK,,True,2774,0.34675,
ab14be9977d645198f54717810b879c8,880,2026-10-03T16:52:21.015824+07:00,879.0445301939999,879.0445301939999,MONITOR,879.1954612229993,0.9999915789994702,0.2541151470013574,0.00011431799975980539,DISABLED,on,user_reported,36.64452362060547,54.61280822753906,1007.08234375,106444.90625,True,True,True,176,0,0,109,178,101,2026-10-03T16:52:21.015912+07:00,879.0446291560002,0.18602868100060732,OK,,True,2026-10-03T16:52:21.201964+07:00,879.230674411001,0.034902004999821656,OK,,True,1568,0.196,,2026-10-03T16:52:21.236868+07:00,879.2655821380013,0.03305268499934755,OK,,True,2770,0.34625,
ab14be9977d645198f54717810b879c8,881,2026-10-03T16:52:22.015818+07:00,880.0445242919996,880.0445242919996,MONITOR,880.1954553209989,0.9999940979996609,0.25239791900094133,0.0001084159994206857,DISABLED,on,user_reported,36.64898681640625,54.6007080078125,1007.055390625,106378.5546875,True,True,True,176,0,0,109,178,101,2026-10-03T16:52:22.015902+07:00,880.0446192910003,0.18582712699935655,OK,,True,2026-10-03T16:52:22.201741+07:00,880.2304550110002,0.033521015000587795,OK,,True,1563,0.195375,,2026-10-03T16:52:22.235266+07:00,880.2639808029999,0.03293122300055984,OK,,True,2769,0.346125,
ab14be9977d645198f54717810b879c8,882,2026-10-03T16:52:23.015857+07:00,881.0445616859997,881.0445616859997,MONITOR,881.1954927149991,1.0000373940001737,0.2608919690010225,0.00014580999959434848,DISABLED,on,user_reported,36.64962387084961,54.600791931152344,1007.035859375,106113.9921875,True,True,True,176,0,0,109,178,101,2026-10-03T16:52:23.015944+07:00,881.0446619080012,0.19047109299935983,OK,,True,2026-10-03T16:52:23.206436+07:00,881.2351467410008,0.034953504999066354,OK,,True,1591,0.198875,,2026-10-03T16:52:23.241397+07:00,881.2701094309996,0.035324297999977716,OK,,True,2790,0.34875,
ab14be9977d645198f54717810b879c8,883,2026-10-03T16:52:24.015949+07:00,882.0446459140003,882.0446459140003,MONITOR,882.1955769429997,1.00008422800056,0.2604363419995934,0.00023003800015430897,DISABLED,on,user_reported,36.641971588134766,54.60604476928711,1007.050859375,106911.671875,True,True,True,176,0,0,109,178,101,2026-10-03T16:52:24.016083+07:00,882.044799876001,0.18924280499959423,OK,,True,2026-10-03T16:52:24.205343+07:00,882.2340551630004,0.03536611200070183,OK,,True,1584,0.198,,2026-10-03T16:52:24.240718+07:00,882.2694310340012,0.035622684999907506,OK,,True,2782,0.34775,
ab14be9977d645198f54717810b879c8,884,2026-10-03T16:52:25.015843+07:00,883.0445499020007,883.0445499020007,MONITOR,883.195480931,0.9999039880003693,0.25177253499896324,0.00013402600052359048,DISABLED,on,user_reported,36.640052795410156,54.612152099609375,1007.0134375,106644.4453125,True,True,True,176,0,0,109,178,101,2026-10-03T16:52:25.015926+07:00,883.044642846,0.18582088600123825,OK,,True,2026-10-03T16:52:25.201758+07:00,883.2304716020008,0.03298796399940329,OK,,True,1571,0.196375,,2026-10-03T16:52:25.234746+07:00,883.2634625840001,0.03285081600006379,OK,,True,2770,0.34625,
ab14be9977d645198f54717810b879c8,885,2026-10-03T16:52:26.015844+07:00,884.044549223001,884.044549223001,MONITOR,884.1954802520004,0.9999993210003595,0.2517983870002354,0.00013334700088307727,DISABLED,on,user_reported,36.636863708496094,54.59890365600586,1007.035625,106911.671875,True,True,True,176,0,0,109,178,101,2026-10-03T16:52:26.015936+07:00,884.0446537040007,0.18583549699906143,OK,,True,2026-10-03T16:52:26.201784+07:00,884.2304979600012,0.032966055998258526,OK,,True,1557,0.194625,,2026-10-03T16:52:26.234751+07:00,884.2634674790006,0.032871130999410525,OK,,True,2772,0.34650000000000003,
ab14be9977d645198f54717810b879c8,886,2026-10-03T16:52:27.015808+07:00,885.0445161010011,885.0445161010011,MONITOR,885.1954471300005,0.999966878000123,0.2520730879987241,0.00010022500100603793,DISABLED,on,user_reported,36.643882751464844,54.59994125366211,1007.0471875,105982.1953125,True,True,True,176,0,0,109,178,101,2026-10-03T16:52:27.015879+07:00,885.0445969699995,0.1858222940009,OK,,True,2026-10-03T16:52:27.201713+07:00,885.2304269859997,0.033169203001307324,OK,,True,1568,0.196,,2026-10-03T16:52:27.234887+07:00,885.2636005960012,0.03297783399830223,OK,,True,2769,0.346125,
ab14be9977d645198f54717810b879c8,887,2026-10-03T16:52:28.015794+07:00,886.0445025150002,886.0445025150002,MONITOR,886.1954335439996,0.9999864139990677,0.2518336459997954,8.663900007377379e-05,DISABLED,on,user_reported,36.64452362060547,54.61280822753906,1007.01390625,106911.671875,True,True,True,176,0,0,109,178,101,2026-10-03T16:52:28.015872+07:00,886.0445891250001,0.1858254790004139,OK,,True,2026-10-03T16:52:28.201710+07:00,886.2304227519999,0.032999148999806494,OK,,True,1551,0.193875,,2026-10-03T16:52:28.234709+07:00,886.2634252709995,0.0329016120012966,OK,,True,2774,0.34675,
ab14be9977d645198f54717810b879c8,888,2026-10-03T16:52:29.015795+07:00,887.0445014659999,887.0445014659999,MONITOR,887.1954324949993,0.9999989509997249,0.2521814949996042,8.558999979868531e-05,DISABLED,on,user_reported,36.64133071899414,54.61872100830078,1007.015625,106048.0546875,True,True,True,176,0,0,109,178,101,2026-10-03T16:52:29.015882+07:00,887.0445992059995,0.1858231270016404,OK,,True,2026-10-03T16:52:29.201718+07:00,887.2304307590002,0.033255258000281174,OK,,True,1575,0.196875,,2026-10-03T16:52:29.234973+07:00,887.263689165,0.032983982000587275,OK,,True,2766,0.34575,
ab14be9977d645198f54717810b879c8,889,2026-10-03T16:52:30.015859+07:00,888.0445555469996,888.0445555469996,MONITOR,888.195486575999,1.0000540809996892,0.25811715600138996,0.000139670999487862,DISABLED,on,user_reported,36.634952545166016,54.617767333984375,1006.977890625,106312.2890625,True,True,True,176,0,0,109,178,101,2026-10-03T16:52:30.016026+07:00,888.0447416380011,0.18964358099947276,OK,,True,2026-10-03T16:52:30.205688+07:00,888.2343992740007,0.03379427300023963,OK,,True,1572,0.1965,,2026-10-03T16:52:30.239485+07:00,888.2681996579995,0.03445160000046599,OK,,True,2786,0.34825,
ab14be9977d645198f54717810b879c8,890,2026-10-03T16:52:31.015812+07:00,889.0445187000005,889.0445187000005,MONITOR,889.1954497289998,0.9999631530008628,0.2518410779994156,0.0001028240003506653,DISABLED,on,user_reported,36.64133071899414,54.60594940185547,1006.995078125,106911.671875,True,True,True,176,0,0,109,178,101,2026-10-03T16:52:31.015897+07:00,889.0446146800004,0.18584013399959076,OK,,True,2026-10-03T16:52:31.201751+07:00,889.2304642769996,0.03299685199999658,OK,,True,1578,0.19725,,2026-10-03T16:52:31.234748+07:00,889.2634642209996,0.03288589100156969,OK,,True,2774,0.34675,
ab14be9977d645198f54717810b879c8,891,2026-10-03T16:52:32.015798+07:00,890.0445045060005,890.0445045060005,MONITOR,890.1954355349999,0.9999858060000406,0.25234246299987717,8.863000039127655e-05,DISABLED,on,user_reported,36.635589599609375,54.611488342285156,1006.992578125,106978.6875,True,True,True,176,0,0,109,178,101,2026-10-03T16:52:32.015880+07:00,890.0445972079997,0.18582528500155604,OK,,True,2026-10-03T16:52:32.201717+07:00,890.2304305480011,0.03348182699846802,OK,,True,1577,0.197125,,2026-10-03T16:52:32.235203+07:00,890.2639175420009,0.03291861199977575,OK,,True,2768,0.34600000000000003,
ab14be9977d645198f54717810b879c8,892,2026-10-03T16:52:33.015801+07:00,891.044508342,891.044508342,MONITOR,891.1954393709993,1.0000038359994505,0.2520181740001135,9.246599984180648e-05,DISABLED,on,user_reported,36.6394157409668,54.618431091308594,1006.978203125,106711.1328125,True,True,True,176,0,0,109,178,101,2026-10-03T16:52:33.015884+07:00,891.0446019890005,0.18581980499948259,OK,,True,2026-10-03T16:52:33.201717+07:00,891.2304304789996,0.03312511000149243,OK,,True,1578,0.19725,,2026-10-03T16:52:33.234846+07:00,891.2635605890009,0.032955463999314816,OK,,True,2775,0.346875,
ab14be9977d645198f54717810b879c8,893,2026-10-03T16:52:34.015792+07:00,892.0445002640008,892.0445002640008,MONITOR,892.1954312930002,0.9999919220008451,0.2520848059994023,8.438800068688579e-05,DISABLED,on,user_reported,36.636863708496094,54.62445068359375,1006.953515625,107112.96875,True,True,True,176,0,0,109,179,101,2026-10-03T16:52:34.015870+07:00,892.0445880400002,0.18583167799988587,OK,,True,2026-10-03T16:52:34.201715+07:00,892.2304280879998,0.033191591001013876,OK,,True,1579,0.197375,,2026-10-03T16:52:34.234911+07:00,892.263625253001,0.03295063199948345,OK,,True,2774,0.34675,
ab14be9977d645198f54717810b879c8,894,2026-10-03T16:52:35.015794+07:00,893.044500475,893.044500475,MONITOR,893.1954315039993,1.0000002109991328,0.2560856790005346,8.45989998197183e-05,DISABLED,on,user_reported,36.63303756713867,54.60471725463867,1007.09109375,106844.7421875,True,True,True,176,0,0,109,178,101,2026-10-03T16:52:35.015877+07:00,893.044594252,0.18584612400081824,OK,,True,2026-10-03T16:52:35.201737+07:00,893.2304498570011,0.03672691300016595,OK,,True,1566,0.19575,,2026-10-03T16:52:35.238467+07:00,893.2671814360001,0.03339210699959949,OK,,True,2770,0.34625,
ab14be9977d645198f54717810b879c8,895,2026-10-03T16:52:36.015803+07:00,894.0445077170007,0.9675115110003389,BASELINE,894.195438746,1.00000724200072,0.25196883199896547,9.184100053971633e-05,DISABLED,on,user_reported,36.64133071899414,54.61872100830078,1007.063515625,106844.7421875,True,True,True,176,0,0,109,178,101,2026-10-03T16:52:36.015880+07:00,894.0445981230005,0.1858436080001411,OK,,True,2026-10-03T16:52:36.201738+07:00,894.2304510089998,0.032994650000546244,OK,,True,1565,0.195625,,2026-10-03T16:52:36.234732+07:00,894.2634487880005,0.033016465000400785,OK,,True,2771,0.346375,
ab14be9977d645198f54717810b879c8,896,2026-10-03T16:52:37.015799+07:00,895.0445054709999,1.967509264999535,BASELINE,895.1954364999992,0.999997753999196,0.2522927560003154,8.959499973570928e-05,DISABLED,on,user_reported,36.628570556640625,54.623207092285156,1007.02234375,106444.90625,True,True,True,176,0,0,109,178,101,2026-10-03T16:52:37.015881+07:00,895.0445983210011,0.18585275799887313,OK,,True,2026-10-03T16:52:37.201747+07:00,895.2304603749999,0.03332109100119851,OK,,True,1567,0.195875,,2026-10-03T16:52:37.235071+07:00,895.2637858729995,0.03300165100154118,OK,,True,2770,0.34625,
ab14be9977d645198f54717810b879c8,897,2026-10-03T16:52:38.015799+07:00,896.0445045140004,2.967508308000106,BASELINE,896.1954355429998,0.999999043000571,0.2518863759996748,8.863800030667335e-05,DISABLED,on,user_reported,36.63112258911133,54.623592376708984,1007.046953125,106844.7421875,True,True,True,176,0,0,109,178,101,2026-10-03T16:52:38.015882+07:00,896.044599457,0.185823519999758,OK,,True,2026-10-03T16:52:38.201717+07:00,896.2304309210012,0.032962558998406166,OK,,True,1563,0.195375,,2026-10-03T16:52:38.234680+07:00,896.2633966100002,0.03298194700073509,OK,,True,2774,0.34675,
ab14be9977d645198f54717810b879c8,898,2026-10-03T16:52:39.015797+07:00,897.0445041620005,3.9675079560001905,BASELINE,897.1954351909999,0.9999996480000846,0.25230529899999965,8.828600039123558e-05,DISABLED,on,user_reported,36.640052795410156,54.61853790283203,1007.05453125,106711.1328125,True,True,True,176,0,0,109,178,101,2026-10-03T16:52:39.015878+07:00,897.0445959010012,0.18590376199972525,OK,,True,2026-10-03T16:52:39.201794+07:00,897.2305077550009,0.03334196099967812,OK,,True,1561,0.195125,,2026-10-03T16:52:39.235141+07:00,897.2638547900006,0.03294446700056142,OK,,True,2774,0.34675,
ab14be9977d645198f54717810b879c8,899,2026-10-03T16:52:40.015797+07:00,898.0445032650005,4.967507059000127,BASELINE,898.1954342939998,0.9999991029999364,0.2524847439999576,8.73890003276756e-05,DISABLED,on,user_reported,36.63814163208008,54.61186218261719,1007.0446875,106711.1328125,True,True,True,176,0,0,109,178,101,2026-10-03T16:52:40.015879+07:00,898.0445964490009,0.18584972799908428,OK,,True,2026-10-03T16:52:40.201742+07:00,898.2304548989996,0.033466312001110055,OK,,True,1559,0.194875,,2026-10-03T16:52:40.235212+07:00,898.2639258769996,0.03304870700048923,OK,,True,2768,0.34600000000000003,
ab14be9977d645198f54717810b879c8,900,2026-10-03T16:52:41.015820+07:00,899.0445227689997,5.96752656299941,BASELINE,899.1954537979991,1.0000195039992832,0.26141051200102083,0.00010689299961086363,DISABLED,on,user_reported,36.635589599609375,54.61787414550781,1007.026796875,106511.3359375,True,True,True,176,0,0,109,178,101,2026-10-03T16:52:41.015930+07:00,899.0446467860002,0.1901916879996861,OK,,True,2026-10-03T16:52:41.206145+07:00,899.234855603001,0.03608829499899002,OK,,True,1570,0.19625,,2026-10-03T16:52:41.242247+07:00,899.2709571750001,0.03496425400044245,OK,,True,2766,0.34575,
ab14be9977d645198f54717810b879c8,901,2026-10-03T16:52:42.015796+07:00,900.044504341,6.967508134999662,BASELINE,900.1954353699994,0.9999815720002516,0.2555535219999001,8.846499986248091e-05,DISABLED,on,user_reported,36.64069366455078,54.60585403442383,1007.00765625,106511.3359375,True,True,True,176,0,0,109,178,101,2026-10-03T16:52:42.015873+07:00,900.0445909320006,0.1870063639998989,OK,,True,2026-10-03T16:52:42.202894+07:00,900.2316072220001,0.033795807999922545,OK,,True,1564,0.1955,,2026-10-03T16:52:42.236696+07:00,900.2654091040004,0.034631963000720134,OK,,True,2766,0.34575,
ab14be9977d645198f54717810b879c8,902,2026-10-03T16:52:43.015801+07:00,901.04450885,7.967512643999726,BASELINE,901.1954398789994,1.000004509000064,0.25340435200087086,9.297399992647115e-05,DISABLED,on,user_reported,36.643882751464844,54.606327056884766,1006.9925,106711.1328125,True,True,True,176,0,0,109,178,101,2026-10-03T16:52:43.015872+07:00,901.0445901080002,0.18584886400094547,OK,,True,2026-10-03T16:52:43.201735+07:00,901.2304481200008,0.0331668910002918,OK,,True,1567,0.195875,,2026-10-03T16:52:43.234907+07:00,901.2636207890009,0.03428152400010731,OK,,True,2770,0.34625,
ab14be9977d645198f54717810b879c8,903,2026-10-03T16:52:44.015794+07:00,902.044503389001,8.967507183000635,BASELINE,902.1954344180003,0.9999945390009088,0.2536178519985697,8.751300083531532e-05,DISABLED,on,user_reported,36.640052795410156,54.60576629638672,1006.98609375,107450.15625,True,True,True,176,0,0,109,178,101,2026-10-03T16:52:44.015869+07:00,902.0445868330007,0.18636876599885,OK,,True,2026-10-03T16:52:44.202249+07:00,902.230962691001,0.03384190099859552,OK,,True,1567,0.195875,,2026-10-03T16:52:44.236098+07:00,902.2648109069996,0.03329742599999008,OK,,True,2772,0.34650000000000003,
ab14be9977d645198f54717810b879c8,904,2026-10-03T16:52:45.015799+07:00,903.0445077550012,9.967511549000847,BASELINE,903.1954387840005,1.000004366000212,0.25355370699980995,9.187900104734581e-05,DISABLED,on,user_reported,36.64452362060547,54.606422424316406,1006.95921875,106711.1328125,True,True,True,176,0,0,109,178,101,2026-10-03T16:52:45.015875+07:00,903.0445927910005,0.1858438119998027,OK,,True,2026-10-03T16:52:45.201732+07:00,903.230445733001,0.03267471300023317,OK,,True,1570,0.19625,,2026-10-03T16:52:45.234412+07:00,903.2631258720012,0.034923293998872396,OK,,True,2765,0.345625,
ab14be9977d645198f54717810b879c8,905,2026-10-03T16:52:46.015835+07:00,904.0445394840008,10.967543278000448,BASELINE,904.1954705130001,1.000031728999602,0.256235986998945,0.0001236080006492557,DISABLED,on,user_reported,36.63877868652344,54.59280014038086,1007.011484375,106978.6875,True,True,True,176,0,0,109,178,101,2026-10-03T16:52:46.015925+07:00,904.0446416670002,0.18897110500074632,OK,,True,2026-10-03T16:52:46.204907+07:00,904.2336202530005,0.032949136999377515,OK,,True,1554,0.19425,,2026-10-03T16:52:46.237862+07:00,904.2665756490005,0.03417424899998878,OK,,True,2766,0.34575,
ab14be9977d645198f54717810b879c8,906,2026-10-03T16:52:47.015846+07:00,905.0445475760007,11.967551370000365,BASELINE,905.1954786050001,1.0000080919999164,0.2656583230000251,0.00013170000056561548,DISABLED,on,user_reported,36.636226654052734,54.60519027709961,1006.973125,106577.8515625,True,True,True,176,0,0,109,178,101,2026-10-03T16:52:47.015986+07:00,905.0447023699999,0.1915082200011966,OK,,True,2026-10-03T16:52:47.207515+07:00,905.2362259599995,0.03930171499996504,OK,,True,1574,0.19675,,2026-10-03T16:52:47.246832+07:00,905.2755408419998,0.03464689100110263,OK,,True,2771,0.346375,
ab14be9977d645198f54717810b879c8,907,2026-10-03T16:52:48.015852+07:00,906.0445501610011,12.967553955000767,BASELINE,906.1954811900005,1.0000025850004022,0.26628683599847136,0.00013428500096779317,DISABLED,on,user_reported,36.636226654052734,54.5924186706543,1006.959453125,107180.2421875,True,True,True,176,0,0,109,178,101,2026-10-03T16:52:48.016005+07:00,906.0447211219998,0.19173553400105448,OK,,True,2026-10-03T16:52:48.207761+07:00,906.2364720630012,0.03800239999873156,OK,,True,1588,0.1985,,2026-10-03T16:52:48.245775+07:00,906.2744851669995,0.03633381200052099,OK,,True,2779,0.347375,
ab14be9977d645198f54717810b879c8,908,2026-10-03T16:52:49.015851+07:00,907.0445492580002,13.967553051999857,BASELINE,907.1954802869996,0.9999990969990904,0.2689434509993589,0.0001333820000581909,DISABLED,on,user_reported,36.643245697021484,54.59345626831055,1007.032421875,106911.671875,True,True,True,176,0,0,109,178,101,2026-10-03T16:52:49.015997+07:00,907.044712682,0.1917341469998064,OK,,True,2026-10-03T16:52:49.207748+07:00,907.2364606070005,0.04275265000069339,OK,,True,1561,0.195125,,2026-10-03T16:52:49.250514+07:00,907.2792248120004,0.034247731000505155,OK,,True,2768,0.34600000000000003,
ab14be9977d645198f54717810b879c8,909,2026-10-03T16:52:50.015867+07:00,908.0445644780011,14.96756827200079,BASELINE,908.1954955070005,1.0000152200009325,0.26327132799997344,0.00014860200099064969,DISABLED,on,user_reported,36.64069366455078,54.59946823120117,1007.08296875,107382.546875,True,True,True,176,0,0,109,178,101,2026-10-03T16:52:50.016020+07:00,908.0447359200007,0.19173753799987026,OK,,True,2026-10-03T16:52:50.207777+07:00,908.2364881800004,0.03546273299980385,OK,,True,1577,0.197125,,2026-10-03T16:52:50.243246+07:00,908.2719598380008,0.03585304199987149,OK,,True,2782,0.34775,
ab14be9977d645198f54717810b879c8,910,2026-10-03T16:52:51.015924+07:00,909.0446180970011,15.967621891000817,BASELINE,909.1955491260005,1.0000536190000275,0.27033973399920797,0.00020222100101818796,DISABLED,on,user_reported,36.63750457763672,54.59260940551758,1007.030078125,106844.7421875,True,True,True,176,0,0,109,178,101,2026-10-03T16:52:51.016080+07:00,909.0447956870012,0.19147056299880205,OK,,True,2026-10-03T16:52:51.207574+07:00,909.236283305001,0.035490047999701346,OK,,True,1542,0.19275,,2026-10-03T16:52:51.243068+07:00,909.2717818340006,0.04315051599951403,OK,,True,2777,0.347125,
ab14be9977d645198f54717810b879c8,911,2026-10-03T16:52:52.015864+07:00,910.0445613400007,16.967565134000324,BASELINE,910.195492369,0.9999432429995068,0.2643792269991536,0.000145464000524953,DISABLED,on,user_reported,36.63877868652344,54.58002853393555,1006.9978125,106444.90625,True,True,True,176,0,0,109,179,101,2026-10-03T16:52:52.016020+07:00,910.0447359120008,0.19172519099993224,OK,,True,2026-10-03T16:52:52.207765+07:00,910.2364768250009,0.035629211999548716,OK,,True,1596,0.1995,,2026-10-03T16:52:52.243406+07:00,910.2721167230011,0.036798584998905426,OK,,True,2780,0.34750000000000003,
ab14be9977d645198f54717810b879c8,912,2026-10-03T16:52:53.015849+07:00,911.044548187001,17.967551981000724,BASELINE,911.1954792160004,0.9999868470004003,0.2644836170002236,0.00013231100092525594,DISABLED,on,user_reported,36.64133071899414,54.580406188964844,1007.063515625,107180.2421875,True,True,True,176,0,0,109,178,101,2026-10-03T16:52:53.016003+07:00,911.0447191479998,0.1917861729998549,OK,,True,2026-10-03T16:52:53.207808+07:00,911.2365189320008,0.03541955000036978,OK,,True,1568,0.196,,2026-10-03T16:52:53.243232+07:00,911.2719465930004,0.037065747999804444,OK,,True,2788,0.34850000000000003,
ab14be9977d645198f54717810b879c8,913,2026-10-03T16:52:54.015816+07:00,912.0445252680001,18.967529061999812,BASELINE,912.1954562969995,0.9999770809990878,0.25176990600084537,0.00010939200001303107,DISABLED,on,user_reported,36.63303756713867,54.598331451416016,1007.022734375,107180.2421875,True,True,True,176,0,0,109,178,101,2026-10-03T16:52:54.015893+07:00,912.0446105259998,0.18580922100045427,OK,,True,2026-10-03T16:52:54.201712+07:00,912.2304270250006,0.03303232299913361,OK,,True,1566,0.19575,,2026-10-03T16:52:54.234745+07:00,912.2634623110007,0.03282417799891846,OK,,True,2776,0.34700000000000003,
ab14be9977d645198f54717810b879c8,914,2026-10-03T16:52:55.015789+07:00,913.0444974340007,19.9675012280004,BASELINE,913.1954284630001,0.9999721660005889,0.2517023349992087,8.155800060194451e-05,DISABLED,on,user_reported,36.643882751464844,54.580787658691406,1007.033515625,106644.4453125,True,True,True,176,0,0,109,178,101,2026-10-03T16:52:55.015861+07:00,913.0445784510011,0.18581809299939778,OK,,True,2026-10-03T16:52:55.201690+07:00,913.2304041560001,0.032959787000436336,OK,,True,1570,0.19625,,2026-10-03T16:52:55.234650+07:00,913.2633669799998,0.03282473400031449,OK,,True,2773,0.346625,
ab14be9977d645198f54717810b879c8,915,2026-10-03T16:52:56.015790+07:00,914.0444976850013,20.96750147900093,BASELINE,914.1954287140006,1.0000002510005288,0.25173000499853515,8.18090011307504e-05,DISABLED,on,user_reported,36.643245697021484,54.5806884765625,1007.011875,107180.2421875,True,True,True,176,0,0,109,178,101,2026-10-03T16:52:56.015864+07:00,914.0445817390009,0.18582385499939846,OK,,True,2026-10-03T16:52:56.201701+07:00,914.230413964,0.03297123199990892,OK,,True,1570,0.19625,,2026-10-03T16:52:56.234671+07:00,914.263388196001,0.03283154899872898,OK,,True,2771,0.346375,
ab14be9977d645198f54717810b879c8,916,2026-10-03T16:52:57.015814+07:00,915.0445188920003,21.96752268599994,BASELINE,915.1954499209996,1.0000212069990084,0.2519686340001499,0.00010301600013917778,DISABLED,on,user_reported,36.64834976196289,54.56229019165039,1006.999609375,106911.671875,True,True,True,176,0,0,109,178,101,2026-10-03T16:52:57.015899+07:00,915.0446168720009,0.1858213010000327,OK,,True,2026-10-03T16:52:57.201734+07:00,915.2304470250001,0.03311997099990549,OK,,True,1566,0.19575,,2026-10-03T16:52:57.234857+07:00,915.2635714030002,0.03290667799956282,OK,,True,2773,0.346625,
ab14be9977d645198f54717810b879c8,917,2026-10-03T16:52:58.015797+07:00,916.0445055359996,22.967509329999302,BASELINE,916.195436564999,0.9999866439993639,0.25174830600008136,8.965999950305559e-05,DISABLED,on,user_reported,36.647071838378906,54.562103271484375,1006.983984375,106312.2890625,True,True,True,176,0,0,109,178,101,2026-10-03T16:52:58.015872+07:00,916.0445898870003,0.18581180299952393,OK,,True,2026-10-03T16:52:58.201694+07:00,916.2304086530003,0.03297615900009987,OK,,True,1578,0.19725,,2026-10-03T16:52:58.234671+07:00,916.2633877930002,0.03285788299945125,OK,,True,2769,0.346125,
ab14be9977d645198f54717810b879c8,918,2026-10-03T16:52:59.015850+07:00,917.0445488940004,23.96755268800007,BASELINE,917.1954799229998,1.0000433580007666,0.26264923400049156,0.00013301800026965793,DISABLED,on,user_reported,36.64834976196289,54.555908203125,1007.013359375,106511.3359375,True,True,True,176,0,0,109,178,101,2026-10-03T16:52:59.015998+07:00,917.0447139660009,0.19175363199974527,OK,,True,2026-10-03T16:52:59.207770+07:00,917.2364817640009,0.035430773999905796,OK,,True,1595,0.199375,,2026-10-03T16:52:59.243207+07:00,917.2719209269999,0.03525877600077365,OK,,True,2785,0.348125,
ab14be9977d645198f54717810b879c8,919,2026-10-03T16:53:00.015854+07:00,918.0445546350002,24.967558428999837,BASELINE,918.1954856639995,1.000005740999768,0.2625116279996291,0.00013875900003768038,DISABLED,on,user_reported,36.63877868652344,54.560874938964844,1006.984140625,107180.2421875,True,True,True,176,0,0,109,178,101,2026-10-03T16:53:00.016002+07:00,918.0447185030007,0.1917289119992347,OK,,True,2026-10-03T16:53:00.207750+07:00,918.2364613410009,0.0354362919988489,OK,,True,1574,0.19675,,2026-10-03T16:53:00.243191+07:00,918.2719058370003,0.035141648000717396,OK,,True,2789,0.348625,
ab14be9977d645198f54717810b879c8,920,2026-10-03T16:53:01.015830+07:00,919.0445332950003,25.96753708899996,BASELINE,919.1954643239997,0.9999786600001244,0.26174406700010877,0.00011741900016204454,DISABLED,on,user_reported,36.63877868652344,54.560874938964844,1006.9909375,106844.7421875,True,True,True,176,0,0,109,178,101,2026-10-03T16:53:01.015941+07:00,919.0446578669998,0.18818609200025094,OK,,True,2026-10-03T16:53:01.204142+07:00,919.2328545519995,0.03683558800003084,OK,,True,1574,0.19675,,2026-10-03T16:53:01.240982+07:00,919.2696969740009,0.03656438799953321,OK,,True,2778,0.34725,
ab14be9977d645198f54717810b879c8,921,2026-10-03T16:53:02.015807+07:00,920.0445149660009,26.96751876000053,BASELINE,920.1954459950002,0.9999816710005689,0.2519799809997494,9.909000073093921e-05,DISABLED,on,user_reported,36.640052795410156,54.56106948852539,1006.979296875,106911.671875,True,True,True,176,0,0,109,178,101,2026-10-03T16:53:02.015884+07:00,920.0446014829995,0.18580775700138474,OK,,True,2026-10-03T16:53:02.201702+07:00,920.2304167390012,0.03313597299893445,OK,,True,1574,0.19675,,2026-10-03T16:53:02.234843+07:00,920.2635570269995,0.03292810600032681,OK,,True,2776,0.34700000000000003,
ab14be9977d645198f54717810b879c8,922,2026-10-03T16:53:03.015791+07:00,921.0444995739999,27.967503367999598,BASELINE,921.1954306029993,0.9999846079990675,0.2517067839999072,8.369799979845993e-05,DISABLED,on,user_reported,36.64452362060547,54.55534362792969,1007.08234375,106577.8515625,True,True,True,176,0,0,109,178,101,2026-10-03T16:53:03.015866+07:00,921.0445840360007,0.18581673900007445,OK,,True,2026-10-03T16:53:03.201693+07:00,921.2304079050009,0.03296640199914691,OK,,True,1572,0.1965,,2026-10-03T16:53:03.234660+07:00,921.2633773440011,0.032820402999277576,OK,,True,2776,0.34700000000000003,
ab14be9977d645198f54717810b879c8,923,2026-10-03T16:53:04.015792+07:00,922.0445005260008,28.967504320000444,BASELINE,922.1954315550001,1.0000009520008462,0.2516809730004752,8.465000064461492e-05,DISABLED,on,user_reported,36.63814163208008,54.55439758300781,1007.07203125,106777.890625,True,True,True,176,0,0,109,178,101,2026-10-03T16:53:04.015863+07:00,922.0445804139999,0.18581874200026505,OK,,True,2026-10-03T16:53:04.201692+07:00,922.2304060450006,0.03294953099975828,OK,,True,1567,0.195875,,2026-10-03T16:53:04.234641+07:00,922.2633584100004,0.032814644000609405,OK,,True,2774,0.34675,
ab14be9977d645198f54717810b879c8,924,2026-10-03T16:53:05.015792+07:00,923.04450086,29.96750465399964,BASELINE,923.1954318889993,1.0000003339991963,0.2516929200010054,8.49839998409152e-05,DISABLED,on,user_reported,36.640052795410156,54.554683685302734,1007.075,106911.671875,True,True,True,176,0,0,109,178,101,2026-10-03T16:53:05.015863+07:00,923.0445802850008,0.1858292069991876,OK,,True,2026-10-03T16:53:05.201704+07:00,923.2304177690003,0.0329513289998431,OK,,True,1569,0.196125,,2026-10-03T16:53:05.234655+07:00,923.2633719309997,0.032813626999995904,OK,,True,2770,0.34625,
ab14be9977d645198f54717810b879c8,925,2026-10-03T16:53:06.015792+07:00,924.0445003900004,30.967504184000063,BASELINE,924.1954314189998,0.999999530000423,0.2517746619996615,8.451400026388001e-05,DISABLED,on,user_reported,36.63750457763672,54.56068420410156,1007.05734375,107112.96875,True,True,True,176,0,0,109,178,101,2026-10-03T16:53:06.015860+07:00,924.0445776859997,0.18582987500121817,OK,,True,2026-10-03T16:53:06.201702+07:00,924.2304159680007,0.03299295800024993,OK,,True,1574,0.19675,,2026-10-03T16:53:06.234696+07:00,924.263412241,0.032854441000381485,OK,,True,2776,0.34700000000000003,
ab14be9977d645198f54717810b879c8,926,2026-10-03T16:53:07.015838+07:00,925.0445375609997,31.967541354999412,BASELINE,925.1954685899991,1.0000371709993487,0.26279799599979015,0.00012168499961262569,DISABLED,on,user_reported,36.635589599609375,54.554019927978516,1007.040390625,107180.2421875,True,True,True,176,0,0,109,178,101,2026-10-03T16:53:07.015982+07:00,925.0446967070002,0.19173168599991186,OK,,True,2026-10-03T16:53:07.207731+07:00,925.2364429850004,0.03557453400026134,OK,,True,1567,0.195875,,2026-10-03T16:53:07.243317+07:00,925.2720276119999,0.035287964001327055,OK,,True,2791,0.348875,
ab14be9977d645198f54717810b879c8,927,2026-10-03T16:53:08.015847+07:00,926.0445495570002,32.96755335099988,BASELINE,926.1954805859996,1.0000119960004668,0.26251094799954444,0.00013368100007937755,DISABLED,on,user_reported,36.636863708496094,54.5542106628418,1007.049296875,107112.96875,True,True,True,176,0,0,109,178,101,2026-10-03T16:53:08.015959+07:00,926.044676204001,0.19135450799876708,OK,,True,2026-10-03T16:53:08.207335+07:00,926.2360460079999,0.035735292000026675,OK,,True,1588,0.1985,,2026-10-03T16:53:08.243076+07:00,926.2717893549998,0.03524970600119559,OK,,True,2785,0.348125,
ab14be9977d645198f54717810b879c8,928,2026-10-03T16:53:09.015855+07:00,927.0445541019999,33.96755789599956,BASELINE,927.1954851309993,1.0000045449996833,0.2625051730010455,0.00013822599976265337,DISABLED,on,user_reported,36.63750457763672,54.54153060913086,1007.07109375,107247.59375,True,True,True,176,0,0,109,178,101,2026-10-03T16:53:09.015999+07:00,927.0447143220008,0.19176711599902774,OK,,True,2026-10-03T16:53:09.207786+07:00,927.236496290001,0.035382592999667395,OK,,True,1576,0.197,,2026-10-03T16:53:09.243172+07:00,927.2718869939999,0.03515465199961909,OK,,True,2788,0.34850000000000003,
ab14be9977d645198f54717810b879c8,929,2026-10-03T16:53:10.015810+07:00,928.0445183440006,34.96752213800028,BASELINE,928.195449373,0.9999642420007149,0.2517218220000359,0.00010246800047752913,DISABLED,on,user_reported,36.64579772949219,54.56191635131836,1007.036484375,106511.3359375,True,True,True,176,0,0,109,178,101,2026-10-03T16:53:10.015878+07:00,928.0445957690008,0.18581408699901658,OK,,True,2026-10-03T16:53:10.201703+07:00,928.2304173190005,0.0329596079991461,OK,,True,1564,0.1955,,2026-10-03T16:53:10.234663+07:00,928.2633802050004,0.032851534999281284,OK,,True,2772,0.34650000000000003,
ab14be9977d645198f54717810b879c8,930,2026-10-03T16:53:11.015792+07:00,929.0445008000006,35.967504594000275,BASELINE,929.195431829,0.9999824559999979,0.2523936679990584,8.492400047543924e-05,DISABLED,on,user_reported,36.634315490722656,54.553836822509766,1007.01796875,106378.5546875,True,True,True,176,0,0,109,178,101,2026-10-03T16:53:11.015857+07:00,929.0445746700007,0.18595410600028117,OK,,True,2026-10-03T16:53:11.201825+07:00,929.2305386460012,0.033477600998594426,OK,,True,1581,0.197625,,2026-10-03T16:53:11.235308+07:00,929.2640216180007,0.03286347999892314,OK,,True,2771,0.346375,
ab14be9977d645198f54717810b879c8,931,2026-10-03T16:53:12.015797+07:00,930.0445049520004,36.96750874600002,BASELINE,930.1954359809997,1.0000041519997467,0.2518064560008497,8.907600022212137e-05,DISABLED,on,user_reported,36.636226654052734,54.54133987426758,1006.973125,106911.671875,True,True,True,176,0,0,109,178,101,2026-10-03T16:53:12.015872+07:00,930.0445893960004,0.18582018400047673,OK,,True,2026-10-03T16:53:12.201702+07:00,930.2304162830005,0.03305705200000375,OK,,True,1571,0.196375,,2026-10-03T16:53:12.234763+07:00,930.2634779460004,0.032825074000356835,OK,,True,2777,0.347125,
ab14be9977d645198f54717810b879c8,932,2026-10-03T16:53:13.015790+07:00,931.0444994860009,37.96750328000053,BASELINE,931.1954305150002,0.999994534000507,0.2516888680002012,8.361000072909519e-05,DISABLED,on,user_reported,36.635589599609375,54.547637939453125,1006.985703125,107180.2421875,True,True,True,176,0,0,109,178,101,2026-10-03T16:53:13.015863+07:00,931.0445807260003,0.18582120400060376,OK,,True,2026-10-03T16:53:13.201696+07:00,931.230409912001,0.03295683099895541,OK,,True,1561,0.195125,,2026-10-03T16:53:13.234653+07:00,931.2633699279995,0.03281048200005898,OK,,True,2772,0.34650000000000003,
ab14be9977d645198f54717810b879c8,933,2026-10-03T16:53:14.015796+07:00,932.0445039189999,38.96750771299958,BASELINE,932.1954349479993,1.0000044329990487,0.2519792189996224,8.804299977782648e-05,DISABLED,on,user_reported,36.64069366455078,54.54200744628906,1006.973515625,107517.8515625,True,True,True,176,0,0,109,178,101,2026-10-03T16:53:14.015871+07:00,932.0445891399995,0.18581567000001087,OK,,True,2026-10-03T16:53:14.201698+07:00,932.2304123470003,0.03321608700025536,OK,,True,1567,0.195875,,2026-10-03T16:53:14.234915+07:00,932.263631971,0.03284187099961855,OK,,True,2776,0.34700000000000003,
ab14be9977d645198f54717810b879c8,934,2026-10-03T16:53:15.015796+07:00,933.0445049749997,39.96750876899932,BASELINE,933.195436003999,1.0000010559997463,0.25175037200096995,8.90989995241398e-05,DISABLED,on,user_reported,36.63175964355469,54.54068374633789,1006.97953125,106777.890625,True,True,True,176,0,0,109,178,101,2026-10-03T16:53:15.015872+07:00,933.0445892700009,0.18582270799925027,OK,,True,2026-10-03T16:53:15.201705+07:00,933.2304191639996,0.03298222000012174,OK,,True,1577,0.197125,,2026-10-03T16:53:15.234688+07:00,933.2634044580009,0.03284237099978782,OK,,True,2775,0.346875,
ab14be9977d645198f54717810b879c8,935,2026-10-03T16:53:16.015798+07:00,934.044506356,40.967510149999725,BASELINE,934.1954373849994,1.000001381000402,0.25561495200054196,9.047999992617406e-05,DISABLED,on,user_reported,36.629207611083984,54.53392028808594,1006.934296875,106844.7421875,True,True,True,176,0,0,109,178,101,2026-10-03T16:53:16.015873+07:00,934.0445902619995,0.1875424470017606,OK,,True,2026-10-03T16:53:16.203434+07:00,934.2321452270007,0.034785436999300146,OK,,True,1555,0.194375,,2026-10-03T16:53:16.238223+07:00,934.2669370719996,0.03317349600001762,OK,,True,2769,0.346125,
ab14be9977d645198f54717810b879c8,936,2026-10-03T16:53:17.015799+07:00,935.0445056919998,41.96750948599947,BASELINE,935.1954367209992,0.9999993359997461,0.2519575420010369,8.981599967228249e-05,DISABLED,on,user_reported,36.62346649169922,54.53944778442383,1007.020859375,106711.1328125,True,True,True,176,0,0,109,178,101,2026-10-03T16:53:17.015880+07:00,935.044597469001,0.18582754599992768,OK,,True,2026-10-03T16:53:17.201719+07:00,935.2304329409999,0.03313123699990683,OK,,True,1559,0.194875,,2026-10-03T16:53:17.234855+07:00,935.2635685120003,0.03288596300080826,OK,,True,2771,0.346375,
ab14be9977d645198f54717810b879c8,937,2026-10-03T16:53:18.015800+07:00,936.044506743001,42.967510537000635,BASELINE,936.1954377720003,1.0000010510011634,0.25170980799885,9.086700083571486e-05,DISABLED,on,user_reported,36.63175964355469,54.55345153808594,1007.02734375,106777.890625,True,True,True,176,0,0,109,178,101,2026-10-03T16:53:18.015881+07:00,936.0445988160009,0.18581460399946081,OK,,True,2026-10-03T16:53:18.201707+07:00,936.2304213460011,0.03295585099840537,OK,,True,1561,0.195125,,2026-10-03T16:53:18.234663+07:00,936.2633803450008,0.03282792800018797,OK,,True,2766,0.34575,
ab14be9977d645198f54717810b879c8,938,2026-10-03T16:53:19.015799+07:00,937.0445053980002,43.96750919199985,BASELINE,937.1954364269995,0.9999986549992173,0.25182293800025946,8.952200005296618e-05,DISABLED,on,user_reported,36.629844665527344,54.546783447265625,1007.024296875,107112.96875,True,True,True,176,0,0,109,178,101,2026-10-03T16:53:19.015884+07:00,937.0446015079997,0.1858092350012157,OK,,True,2026-10-03T16:53:19.201704+07:00,937.2304180949995,0.033041906001017196,OK,,True,1563,0.195375,,2026-10-03T16:53:19.234746+07:00,937.2634630200009,0.03285596400019131,OK,,True,2775,0.346875,
ab14be9977d645198f54717810b879c8,939,2026-10-03T16:53:20.015847+07:00,938.0445439699997,44.96754776399939,BASELINE,938.1954749989991,1.0000385719995393,0.26274620100048196,0.0001280939995922381,DISABLED,on,user_reported,36.63048553466797,54.546871185302734,1007.0390625,107382.546875,True,True,True,176,0,0,109,178,101,2026-10-03T16:53:20.016005+07:00,938.0447206339995,0.1917713980001281,OK,,True,2026-10-03T16:53:20.207795+07:00,938.2365064400001,0.035467374000290874,OK,,True,1561,0.195125,,2026-10-03T16:53:20.243269+07:00,938.2719831650011,0.03528930299944477,OK,,True,2784,0.34800000000000003,
ab14be9977d645198f54717810b879c8,940,2026-10-03T16:53:21.015856+07:00,939.0445606829999,45.96756447699954,BASELINE,939.1954917119992,1.00001671300015,0.2556766699999571,0.00014480699974228628,DISABLED,on,user_reported,36.636863708496094,54.5542106628418,1007.049296875,107315.03125,True,True,True,176,0,0,109,178,101,2026-10-03T16:53:21.015946+07:00,939.0446632929998,0.18581998000081512,OK,,True,2026-10-03T16:53:21.201777+07:00,939.230491014001,0.03512145300010161,OK,,True,1558,0.19475,,2026-10-03T16:53:21.236910+07:00,939.2656215219995,0.03460555300080159,OK,,True,2760,0.34500000000000003,
ab14be9977d645198f54717810b879c8,941,2026-10-03T16:53:22.015796+07:00,940.0445025749996,46.96750636899924,BASELINE,940.1954336039989,0.999941891999697,0.25191294500109507,8.669899943924975e-05,DISABLED,on,user_reported,36.63367462158203,54.566497802734375,1007.05796875,106711.1328125,True,True,True,176,0,0,109,178,101,2026-10-03T16:53:22.015882+07:00,940.0445994809998,0.1858118710006238,OK,,True,2026-10-03T16:53:22.201704+07:00,940.2304183520009,0.0330682589992648,OK,,True,1579,0.197375,,2026-10-03T16:53:22.234778+07:00,940.2634921480003,0.03291427899966948,OK,,True,2775,0.346875,
ab14be9977d645198f54717810b879c8,942,2026-10-03T16:53:23.015791+07:00,941.0444976800009,47.96750147400053,BASELINE,941.1954287090002,0.9999951050012896,0.2517142099986813,8.180400072888006e-05,DISABLED,on,user_reported,36.624107360839844,54.545928955078125,1007.015078125,107112.96875,True,True,True,176,0,0,109,178,101,2026-10-03T16:53:23.015870+07:00,941.0445874010002,0.1858122989997355,OK,,True,2026-10-03T16:53:23.201692+07:00,941.2304061070008,0.03296520500043698,OK,,True,1582,0.19775,,2026-10-03T16:53:23.234657+07:00,941.2633746640004,0.03282889200090722,OK,,True,2771,0.346375,
ab14be9977d645198f54717810b879c8,943,2026-10-03T16:53:24.015796+07:00,942.0445026850011,48.967506479000804,BASELINE,942.1954337140005,1.0000050050002756,0.2517301009993389,8.680900100443978e-05,DISABLED,on,user_reported,36.634952545166016,54.54753494262695,1007.0053125,106711.1328125,True,True,True,176,0,0,109,178,101,2026-10-03T16:53:24.015876+07:00,942.0445942389997,0.18580967100024282,OK,,True,2026-10-03T16:53:24.201695+07:00,942.2304097249998,0.032969982999929925,OK,,True,1572,0.1965,,2026-10-03T16:53:24.234665+07:00,942.263382653,0.03284239200002048,OK,,True,2774,0.34675,
ab14be9977d645198f54717810b879c8,944,2026-10-03T16:53:25.015796+07:00,943.0445022559998,49.96750604999943,BASELINE,943.1954332849991,0.9999995709986251,0.25171971500094514,8.63799996295711e-05,DISABLED,on,user_reported,36.62538146972656,54.546119689941406,1007.051328125,106978.6875,True,True,True,176,0,0,109,178,101,2026-10-03T16:53:25.015878+07:00,943.0445951990005,0.1858070439993753,OK,,True,2026-10-03T16:53:25.201694+07:00,943.2304085760006,0.03296002099887119,OK,,True,1564,0.1955,,2026-10-03T16:53:25.234654+07:00,943.2633715780012,0.03284194799925899,OK,,True,2776,0.34700000000000003,
ab14be9977d645198f54717810b879c8,945,2026-10-03T16:53:26.015913+07:00,944.0446060209997,50.96760981499938,BASELINE,944.1955370499991,1.000103764999949,0.2635814660006872,0.00019014499957847875,DISABLED,on,user_reported,36.627296447753906,54.55278015136719,1007.0065625,107112.96875,True,True,True,176,0,0,109,178,101,2026-10-03T16:53:26.016088+07:00,944.0448039450002,0.1908873289994517,OK,,True,2026-10-03T16:53:26.206993+07:00,944.235703589,0.03681524700004957,OK,,True,1573,0.196625,,2026-10-03T16:53:26.243811+07:00,944.2725266510006,0.03563729999950738,OK,,True,2773,0.346625,
ab14be9977d645198f54717810b879c8,946,2026-10-03T16:53:27.015816+07:00,945.0445226520005,51.96752644600019,BASELINE,945.1954536809999,0.999916631000815,0.2521508810004889,0.00010677600039343815,DISABLED,on,user_reported,36.634952545166016,54.57306671142578,1006.9984375,106978.6875,True,True,True,176,0,0,109,178,101,2026-10-03T16:53:27.015900+07:00,945.0446174099998,0.1858053630003269,OK,,True,2026-10-03T16:53:27.201715+07:00,945.2304290499997,0.03335773900107597,OK,,True,1569,0.196125,,2026-10-03T16:53:27.235077+07:00,945.263791585001,0.0328722630001721,OK,,True,2771,0.346375,
ab14be9977d645198f54717810b879c8,947,2026-10-03T16:53:28.015799+07:00,946.0445053479998,52.96750914199947,BASELINE,946.1954363769992,0.9999826959992788,0.2516788160010037,8.947199967224151e-05,DISABLED,on,user_reported,36.634952545166016,54.55392074584961,1006.96421875,106711.1328125,True,True,True,176,0,0,109,178,101,2026-10-03T16:53:28.015881+07:00,946.0445980510012,0.18581114199878357,OK,,True,2026-10-03T16:53:28.201700+07:00,946.230414859001,0.032937484998910804,OK,,True,1565,0.195625,,2026-10-03T16:53:28.234639+07:00,946.263355344001,0.032820430998981465,OK,,True,2772,0.34650000000000003,
ab14be9977d645198f54717810b879c8,948,2026-10-03T16:53:29.015798+07:00,947.0445050359995,53.96750882999913,BASELINE,947.1954360649988,0.9999996879996615,0.251699541000562,8.915999933378771e-05,DISABLED,on,user_reported,36.63814163208008,54.567169189453125,1006.99671875,106378.5546875,True,True,True,176,0,0,109,178,101,2026-10-03T16:53:29.015878+07:00,947.0445952200007,0.18581986599929223,OK,,True,2026-10-03T16:53:29.201708+07:00,947.2304219380003,0.032950893000815995,OK,,True,1573,0.196625,,2026-10-03T16:53:29.234659+07:00,947.2633758860011,0.032820153999637114,OK,,True,2772,0.34650000000000003,
ab14be9977d645198f54717810b879c8,949,2026-10-03T16:53:30.015798+07:00,948.0445053460007,54.9675091400004,BASELINE,948.1954363750001,1.000000310001269,0.2517775790001906,8.947000060288701e-05,DISABLED,on,user_reported,36.621551513671875,54.54554748535156,1006.990390625,107112.96875,True,True,True,176,0,0,109,178,101,2026-10-03T16:53:30.015881+07:00,948.0445981780013,0.18581940499825578,OK,,True,2026-10-03T16:53:30.201710+07:00,948.2304242869996,0.032989207000355236,OK,,True,1571,0.196375,,2026-10-03T16:53:30.234701+07:00,948.2634168090008,0.03285813500042423,OK,,True,2774,0.34675,
ab14be9977d645198f54717810b879c8,950,2026-10-03T16:53:31.016297+07:00,949.0449998439999,55.96800363799957,BASELINE,949.1959308729993,1.0004944979991706,0.251883099999759,0.0005839679997734493,DISABLED,on,user_reported,36.629207611083984,54.5594482421875,1007.016484375,107112.96875,True,True,True,176,0,0,109,178,101,2026-10-03T16:53:31.016410+07:00,949.0451268979996,0.1858609630016872,OK,,True,2026-10-03T16:53:31.202282+07:00,949.2309959530012,0.03303357799995865,OK,,True,1563,0.195375,,2026-10-03T16:53:31.235318+07:00,949.2640332160008,0.03284082000027411,OK,,True,2773,0.346625,
ab14be9977d645198f54717810b879c8,951,2026-10-03T16:53:32.015851+07:00,950.0445465330013,56.967550327000936,BASELINE,950.1954775620006,0.9995466890013631,0.26319915499880153,0.0001306570011365693,DISABLED,on,user_reported,36.627296447753906,54.5655517578125,1007.116015625,106511.3359375,True,True,True,176,0,0,109,178,101,2026-10-03T16:53:32.016010+07:00,950.0447257899996,0.19177558900082659,OK,,True,2026-10-03T16:53:32.207807+07:00,950.2365170640005,0.03636460800044006,OK,,True,1599,0.199875,,2026-10-03T16:53:32.244181+07:00,950.2728919680012,0.03483586799848126,OK,,True,2793,0.349125,
ab14be9977d645198f54717810b879c8,952,2026-10-03T16:53:33.015857+07:00,951.0445538189997,57.96755761299937,BASELINE,951.1954848479991,1.0000072859984357,0.2626010170006339,0.0001379429995722603,DISABLED,on,user_reported,36.628570556640625,54.55297088623047,1007.07015625,106180.0078125,True,True,True,176,0,0,109,178,101,2026-10-03T16:53:33.016016+07:00,951.0447322050004,0.19174668499908876,OK,,True,2026-10-03T16:53:33.207782+07:00,951.2364936490012,0.03541589799897338,OK,,True,1592,0.199,,2026-10-03T16:53:33.243204+07:00,951.2719181949997,0.03521727100087446,OK,,True,2788,0.34850000000000003,
ab14be9977d645198f54717810b879c8,953,2026-10-03T16:53:34.015861+07:00,952.0445571889995,58.9675609829992,BASELINE,952.1954882179989,1.0000033699998312,0.26352680400123063,0.00014131299940345343,DISABLED,on,user_reported,36.63112258911133,54.56612014770508,1007.033203125,106777.890625,True,True,True,176,0,0,109,178,101,2026-10-03T16:53:34.016022+07:00,952.0447380389996,0.19177722300082678,OK,,True,2026-10-03T16:53:34.207821+07:00,952.2365310210007,0.036131332999502774,OK,,True,1574,0.19675,,2026-10-03T16:53:34.243957+07:00,952.272670761,0.03539519600053609,OK,,True,2784,0.34800000000000003,
ab14be9977d645198f54717810b879c8,954,2026-10-03T16:53:35.015855+07:00,953.0445523850012,59.967556179000894,BASELINE,953.1954834140006,0.9999951960016915,0.26308064599834324,0.00013650900109496433,DISABLED,on,user_reported,36.63367462158203,54.560115814208984,1007.03734375,106844.7421875,True,True,True,176,0,0,109,178,101,2026-10-03T16:53:35.016015+07:00,953.0447312720007,0.19089647699911438,OK,,True,2026-10-03T16:53:35.206932+07:00,953.235642656,0.03583681900090596,OK,,True,1563,0.195375,,2026-10-03T16:53:35.242791+07:00,953.2714951420003,0.03611975999956485,OK,,True,2778,0.34725,
ab14be9977d645198f54717810b879c8,955,2026-10-03T16:53:36.016857+07:00,954.0455527819995,0.9685565759991732,WAIT_EXPOSURE,954.1964838109989,1.001000396998279,0.2601509840005747,0.0011369059993739938,DISABLED,on,user_reported,36.63175964355469,54.55345153808594,1006.993125,106312.2890625,True,True,True,176,0,0,109,179,101,2026-10-03T16:53:36.016990+07:00,954.0457065760002,0.1886804719997599,OK,,True,2026-10-03T16:53:36.205687+07:00,954.2343991770013,0.03576907999922696,OK,,True,1578,0.19725,,2026-10-03T16:53:36.241459+07:00,954.2701737940006,0.035516824000296765,OK,,True,2788,0.34850000000000003,
ab14be9977d645198f54717810b879c8,956,2026-10-03T16:53:37.015798+07:00,955.0445047909998,1.9675085849994502,WAIT_EXPOSURE,955.1954358199991,0.998952009000277,0.2520137430001341,8.891499965102412e-05,DISABLED,on,user_reported,36.63303756713867,54.534488677978516,1006.9884375,106644.4453125,True,True,True,176,0,0,109,178,101,2026-10-03T16:53:37.015880+07:00,955.0445975860002,0.18581464099952427,OK,,True,2026-10-03T16:53:37.201706+07:00,955.2304203570002,0.03317822499957401,OK,,True,1570,0.19625,,2026-10-03T16:53:37.234890+07:00,955.2636034340012,0.03290598899911856,OK,,True,2779,0.347375,
ab14be9977d645198f54717810b879c8,957,2026-10-03T16:53:38.015792+07:00,956.0444997960003,2.9675035899999784,WAIT_EXPOSURE,956.1954308249997,0.9999950050005282,0.25175082299938367,8.392000017920509e-05,DISABLED,on,user_reported,36.62665557861328,54.53992462158203,1007.02609375,106978.6875,True,True,True,176,0,0,109,178,101,2026-10-03T16:53:38.015873+07:00,956.0445903130003,0.18581888399967283,OK,,True,2026-10-03T16:53:38.201702+07:00,956.2304164750003,0.03298661699955119,OK,,True,1570,0.19625,,2026-10-03T16:53:38.234689+07:00,956.2634063140013,0.03283686099894112,OK,,True,2774,0.34675,
ab14be9977d645198f54717810b879c8,958,2026-10-03T16:53:39.015793+07:00,957.0445003670011,3.967504161000761,WAIT_EXPOSURE,957.1954313960005,1.0000005710007827,0.2519905449989892,8.449100096186157e-05,DISABLED,on,user_reported,36.63175964355469,54.54068374633789,1007.020546875,106844.7421875,True,True,True,176,0,0,109,178,101,2026-10-03T16:53:39.015877+07:00,957.0445942170008,0.18581464599992614,OK,,True,2026-10-03T16:53:39.201702+07:00,957.2304164369998,0.03321426300135499,OK,,True,1560,0.195,,2026-10-03T16:53:39.234917+07:00,957.2636336249998,0.03284919399993669,OK,,True,2773,0.346625,
ab14be9977d645198f54717810b879c8,959,2026-10-03T16:53:40.015792+07:00,958.0444990220003,4.967502815999978,WAIT_EXPOSURE,958.1954300509997,0.9999986549992173,0.25173414399978356,8.314600017911289e-05,DISABLED,on,user_reported,36.63175964355469,54.54068374633789,1007.020546875,106978.6875,True,True,True,176,0,0,109,178,101,2026-10-03T16:53:40.015895+07:00,958.0446128540007,0.1858114070000738,OK,,True,2026-10-03T16:53:40.201718+07:00,958.2304320750009,0.03296561899878725,OK,,True,1564,0.1955,,2026-10-03T16:53:40.234684+07:00,958.2634004350002,0.03282500900058949,OK,,True,2775,0.346875,
ab14be9977d645198f54717810b879c8,960,2026-10-03T16:53:41.015800+07:00,959.044506577,5.967510370999662,WAIT_EXPOSURE,959.1954376059994,1.0000075549996836,0.2517390169996361,9.070099986274727e-05,DISABLED,on,user_reported,36.627296447753906,54.527252197265625,1006.986015625,107315.03125,True,True,True,176,0,0,109,178,101,2026-10-03T16:53:41.015883+07:00,959.0446001680011,0.1858285749985953,OK,,True,2026-10-03T16:53:41.201724+07:00,959.2304371320006,0.03297289699912653,OK,,True,1576,0.197,,2026-10-03T16:53:41.234696+07:00,959.2634134540003,0.032823862000441295,OK,,True,2772,0.34650000000000003,
ab14be9977d645198f54717810b879c8,961,2026-10-03T16:53:42.015885+07:00,960.0445822710008,6.967586065000432,WAIT_EXPOSURE,960.1955133000001,1.0000756940007705,0.2617440350004472,0.00016639500063320156,DISABLED,on,user_reported,36.622188568115234,54.54563903808594,1007.011953125,106711.1328125,True,True,True,176,0,0,109,178,101,2026-10-03T16:53:42.016034+07:00,960.0447503980013,0.19093365799926687,OK,,True,2026-10-03T16:53:42.206990+07:00,960.2357009070001,0.035364790999665274,OK,,True,1569,0.196125,,2026-10-03T16:53:42.242361+07:00,960.2710745690001,0.03523083000072802,OK,,True,2781,0.347625,
ab14be9977d645198f54717810b879c8,962,2026-10-03T16:53:43.015822+07:00,961.0445293840003,7.96753317799994,WAIT_EXPOSURE,961.1954604129996,0.9999471129995072,0.2516958930009423,0.00011350800014042761,DISABLED,on,user_reported,36.61517333984375,54.531837463378906,1007.01421875,106911.671875,True,True,True,176,0,0,109,178,101,2026-10-03T16:53:43.015904+07:00,961.0446216420005,0.18581413500032795,OK,,True,2026-10-03T16:53:43.201730+07:00,961.2304435919996,0.03295404500022414,OK,,True,1571,0.196375,,2026-10-03T16:53:43.234683+07:00,961.2634004890006,0.03281678799976362,OK,,True,2769,0.346125,
ab14be9977d645198f54717810b879c8,963,2026-10-03T16:53:44.015793+07:00,962.0444997670002,8.96750356099983,WAIT_EXPOSURE,962.1954307959995,0.9999703829998907,0.25173222800003714,8.389100003114436e-05,DISABLED,on,user_reported,36.61836242675781,54.532310485839844,1007.00578125,106378.5546875,True,True,True,176,0,0,109,179,101,2026-10-03T16:53:44.015876+07:00,962.0445936180004,0.18581741399975726,OK,,True,2026-10-03T16:53:44.201704+07:00,962.2304185129997,0.03297891600050207,OK,,True,1573,0.196625,,2026-10-03T16:53:44.234683+07:00,962.2634003920011,0.03282334399955289,OK,,True,2774,0.34675,
ab14be9977d645198f54717810b879c8,964,2026-10-03T16:53:45.015789+07:00,963.0444965300012,9.967500324000866,WAIT_EXPOSURE,963.1954275590006,0.999996763001036,0.25171439699988696,8.06540010671597e-05,DISABLED,on,user_reported,36.61836242675781,54.551456451416016,1006.978359375,107517.8515625,True,True,True,176,0,0,109,178,101,2026-10-03T16:53:45.015870+07:00,963.0445881209998,0.1858216380005615,OK,,True,2026-10-03T16:53:45.201703+07:00,963.2304177410006,0.03295800900014001,OK,,True,1568,0.196,,2026-10-03T16:53:45.234662+07:00,963.2633787310006,0.032824510999489576,OK,,True,2771,0.346375,
ab14be9977d645198f54717810b879c8,965,2026-10-03T16:53:46.015794+07:00,964.0445010250005,10.967504819000169,WAIT_EXPOSURE,964.1954320539999,1.0000044949993026,0.25669116800054326,8.514900036971085e-05,DISABLED,on,user_reported,36.617088317871094,54.55765914916992,1007.085859375,106444.90625,True,True,True,176,0,0,109,178,101,2026-10-03T16:53:46.015877+07:00,964.044595061001,0.18916585499937355,OK,,True,2026-10-03T16:53:46.205061+07:00,964.2337736009995,0.03447900800165371,OK,,True,1556,0.1945,,2026-10-03T16:53:46.239544+07:00,964.268257998001,0.03292545399926894,OK,,True,2771,0.346375,
ab14be9977d645198f54717810b879c8,966,2026-10-03T16:53:47.015794+07:00,965.0445005310012,11.967504325000846,WAIT_EXPOSURE,965.1954315600005,0.9999995060006768,0.2519834729991999,8.465500104648527e-05,DISABLED,on,user_reported,36.61899948120117,54.57708740234375,1007.102578125,106312.2890625,True,True,True,176,0,0,109,178,101,2026-10-03T16:53:47.015878+07:00,965.044595622001,0.1858276240000123,OK,,True,2026-10-03T16:53:47.201718+07:00,965.2304320229996,0.03312467500109051,OK,,True,1571,0.196375,,2026-10-03T16:53:47.234847+07:00,965.2635613639995,0.03291258500030381,OK,,True,2775,0.346875,
ab14be9977d645198f54717810b879c8,967,2026-10-03T16:53:48.015845+07:00,966.0445435090005,12.967547303000174,WAIT_EXPOSURE,966.1954745379999,1.0000429779993283,0.26252129999920726,0.00012763300037477165,DISABLED,on,user_reported,36.6247444152832,54.5651741027832,1007.0434375,106844.7421875,True,True,True,176,0,0,109,178,101,2026-10-03T16:53:48.015987+07:00,966.0447033410001,0.19163999299962597,OK,,True,2026-10-03T16:53:48.207648+07:00,966.2363586110005,0.03548386600050435,OK,,True,1585,0.198125,,2026-10-03T16:53:48.243136+07:00,966.2718502549997,0.03519570300159103,OK,,True,2788,0.34850000000000003,
ab14be9977d645198f54717810b879c8,968,2026-10-03T16:53:49.015817+07:00,967.0445234060007,13.967527200000404,WAIT_EXPOSURE,967.1954544350001,0.9999798970002303,0.2517092779999075,0.00010753000060503837,DISABLED,on,user_reported,36.63048553466797,54.55963897705078,1007.08015625,106644.4453125,True,True,True,176,0,0,109,178,101,2026-10-03T16:53:49.015902+07:00,967.0446184600005,0.18582486800005427,OK,,True,2026-10-03T16:53:49.201738+07:00,967.2304512730007,0.03295143600007577,OK,,True,1563,0.195375,,2026-10-03T16:53:49.234689+07:00,967.2634054869995,0.032819420001032995,OK,,True,2773,0.346625,
ab14be9977d645198f54717810b879c8,969,2026-10-03T16:53:50.015792+07:00,968.0444981100009,0.4477355310009443,EXPOSURE,968.1954291390002,0.9999747040001239,0.25208975699933944,8.223400072893128e-05,DISABLED,on,user_reported,36.63303756713867,54.56002426147461,1007.05,106378.5546875,True,True,True,176,0,0,109,178,101,2026-10-03T16:53:50.015875+07:00,968.0445925160002,0.18581677700058208,OK,,True,2026-10-03T16:53:50.201703+07:00,968.2304168120008,0.03329754299920751,OK,,True,1572,0.1965,,2026-10-03T16:53:50.235002+07:00,968.2637179110006,0.03286099300021306,OK,,True,2772,0.34650000000000003,
ab14be9977d645198f54717810b879c8,970,2026-10-03T16:53:51.015831+07:00,969.0445376370008,1.4477750580008433,EXPOSURE,969.1954686660001,1.000039526999899,0.25317830099993444,0.00012176100062788464,DISABLED,on,user_reported,36.629207611083984,54.55306625366211,1007.043828125,106911.671875,True,True,True,176,0,0,109,178,101,2026-10-03T16:53:51.015914+07:00,969.0446318770009,0.1862457919996814,OK,,True,2026-10-03T16:53:51.202176+07:00,969.2308888349999,0.03396590600095806,OK,,True,1557,0.194625,,2026-10-03T16:53:51.236147+07:00,969.2648610180004,0.03284506899944972,OK,,True,2767,0.345875,
ab14be9977d645198f54717810b879c8,971,2026-10-03T16:53:52.015839+07:00,970.0445437870003,2.4477812080003787,EXPOSURE,970.1954748159997,1.0000061499995354,0.2520108740009164,0.00012791100016329437,DISABLED,on,user_reported,36.62601852416992,54.5589714050293,1007.045546875,106511.3359375,True,True,True,176,0,0,109,178,101,2026-10-03T16:53:52.015925+07:00,970.0446420450007,0.18583144699914556,OK,,True,2026-10-03T16:53:52.201768+07:00,970.2304815290008,0.03318874899923685,OK,,True,1573,0.196625,,2026-10-03T16:53:52.234961+07:00,970.2636751669997,0.032869808999748784,OK,,True,2773,0.346625,
ab14be9977d645198f54717810b879c8,972,2026-10-03T16:53:53.015807+07:00,971.0445128539995,3.4477502749996347,EXPOSURE,971.1954438829989,0.999969066999256,0.2549540790005267,9.697799941932317e-05,DISABLED,on,user_reported,36.627296447753906,54.55278015136719,1007.0065625,106644.4453125,True,True,True,176,0,0,109,178,101,2026-10-03T16:53:53.015891+07:00,971.0446089819998,0.18582278299982136,OK,,True,2026-10-03T16:53:53.201727+07:00,971.2304399879995,0.03496444800111931,OK,,True,1570,0.19625,,2026-10-03T16:53:53.236697+07:00,971.2654108250008,0.03404473800037522,OK,,True,2767,0.345875,
ab14be9977d645198f54717810b879c8,973,2026-10-03T16:53:54.015817+07:00,972.0445221720001,4.447759593000228,EXPOSURE,972.1954532009995,1.0000093180005933,0.25173260500014294,0.00010629600001266226,DISABLED,on,user_reported,36.62538146972656,54.539737701416016,1006.97609375,107112.96875,True,True,True,176,0,0,109,178,101,2026-10-03T16:53:54.015902+07:00,972.0446198000009,0.18582743299884896,OK,,True,2026-10-03T16:53:54.201742+07:00,972.2304552149999,0.032961140999759664,OK,,True,1565,0.195625,,2026-10-03T16:53:54.234704+07:00,972.2634198560008,0.032826384998770664,OK,,True,2769,0.346125,
ab14be9977d645198f54717810b879c8,974,2026-10-03T16:53:55.015807+07:00,973.0445134439997,5.447750864999762,EXPOSURE,973.195444472999,0.9999912719995336,0.25177121900014754,9.756799954629969e-05,DISABLED,on,user_reported,36.629207611083984,54.54030227661133,1007.016484375,106444.90625,True,True,True,176,0,0,109,178,101,2026-10-03T16:53:55.015891+07:00,973.0446084430005,0.1858159910007089,OK,,True,2026-10-03T16:53:55.201719+07:00,973.2304329890012,0.033037381999747595,OK,,True,1566,0.19575,,2026-10-03T16:53:55.234757+07:00,973.2634735749998,0.03280307000022731,OK,,True,2769,0.346125,
ab14be9977d645198f54717810b879c8,975,2026-10-03T16:53:56.015838+07:00,974.0445432449997,6.447780665999744,EXPOSURE,974.195474273999,1.0000298009999824,0.25253676700049255,0.00012736899952869862,DISABLED,on,user_reported,36.629844665527344,54.546783447265625,1007.003828125,106777.890625,True,True,True,176,0,0,109,178,101,2026-10-03T16:53:56.015927+07:00,974.0446449850006,0.18594945299992105,OK,,True,2026-10-03T16:53:56.201894+07:00,974.2306061970012,0.03330274899963115,OK,,True,1560,0.195,,2026-10-03T16:53:56.235201+07:00,974.2639152800002,0.033154565000586445,OK,,True,2767,0.345875,
ab14be9977d645198f54717810b879c8,976,2026-10-03T16:53:57.015886+07:00,975.0445894820004,7.447826903000532,EXPOSURE,975.1955205109998,1.000046237000788,0.2525389359998371,0.00017360600031679496,DISABLED,on,user_reported,36.6247444152832,54.52687072753906,1006.927109375,106644.4453125,True,True,True,176,0,0,109,178,101,2026-10-03T16:53:57.015980+07:00,975.0446978140008,0.18587360399942554,OK,,True,2026-10-03T16:53:57.201866+07:00,975.2305795480006,0.03364809599952423,OK,,True,1566,0.19575,,2026-10-03T16:53:57.235519+07:00,975.2642327180001,0.0328856630003429,OK,,True,2771,0.346375,
ab14be9977d645198f54717810b879c8,977,2026-10-03T16:53:58.016283+07:00,976.0449902050004,8.448227626000516,EXPOSURE,976.1959212339998,1.0004007229999843,0.2522682939998049,0.000574329000301077,DISABLED,on,user_reported,36.627296447753906,54.53363037109375,1007.0134375,106844.7421875,True,True,True,176,0,0,109,178,101,2026-10-03T16:53:58.016648+07:00,976.0453641630011,0.1860911589992611,OK,,True,2026-10-03T16:53:58.202749+07:00,976.2314622110007,0.03295477299980121,OK,,True,1579,0.197375,,2026-10-03T16:53:58.235703+07:00,976.2644200209998,0.03282905200103414,OK,,True,2768,0.34600000000000003,
ab14be9977d645198f54717810b879c8,978,2026-10-03T16:53:59.015958+07:00,977.0446545960003,9.447892017000413,EXPOSURE,977.1955856249997,0.9996643909998966,0.26119432800078357,0.00023872000019764528,DISABLED,on,user_reported,36.624107360839844,54.52039337158203,1006.960390625,106180.0078125,True,True,True,176,0,0,109,178,101,2026-10-03T16:53:59.016101+07:00,977.0448174280009,0.18814763399859658,OK,,True,2026-10-03T16:53:59.204264+07:00,977.2329757650004,0.03624032299921964,OK,,True,1573,0.196625,,2026-10-03T16:53:59.240509+07:00,977.2692239400003,0.036608558000807534,OK,,True,2777,0.347125,
ab14be9977d645198f54717810b879c8,979,2026-10-03T16:54:00.015866+07:00,978.0445649570011,10.447802378001143,EXPOSURE,978.1954959860004,0.9999103610007296,0.2650152440000966,0.00014908100092725363,DISABLED,on,user_reported,36.629844665527344,54.52124786376953,1007.133828125,107112.96875,True,True,True,176,0,0,109,178,101,2026-10-03T16:54:00.016013+07:00,978.0447286220005,0.19092032200023823,OK,,True,2026-10-03T16:54:00.206952+07:00,978.2356626100009,0.03727038400029414,OK,,True,1569,0.196125,,2026-10-03T16:54:00.244231+07:00,978.2729422350003,0.0366215590001957,OK,,True,2780,0.34750000000000003,
ab14be9977d645198f54717810b879c8,980,2026-10-03T16:54:01.021033+07:00,979.0497265930007,11.452964014000827,EXPOSURE,979.2006576220001,1.0051616359996842,0.2570841279994056,0.005310717000611476,DISABLED,on,user_reported,36.629844665527344,54.52124786376953,1007.05859375,106911.671875,True,True,True,176,0,0,109,178,101,2026-10-03T16:54:01.021189+07:00,979.0499048689999,0.18711281800096913,OK,,True,2026-10-03T16:54:01.208315+07:00,979.2370288530001,0.03528220699990925,OK,,True,1556,0.1945,,2026-10-03T16:54:01.243608+07:00,979.2723180780013,0.034479457999623264,OK,,True,2756,0.34450000000000003,
ab14be9977d645198f54717810b879c8,981,2026-10-03T16:54:02.015797+07:00,980.0445029479997,12.447740368999803,EXPOSURE,980.1954339769991,0.9947763549989759,0.2519447160011623,8.707199958735146e-05,DISABLED,on,user_reported,36.642608642578125,54.52313995361328,1007.051875,106978.6875,True,True,True,176,0,0,109,178,101,2026-10-03T16:54:02.015879+07:00,980.0445964290011,0.1858185589990171,OK,,True,2026-10-03T16:54:02.201710+07:00,980.2304237099997,0.03313082700151426,OK,,True,1574,0.19675,,2026-10-03T16:54:02.234845+07:00,980.2635600560006,0.032877997000468895,OK,,True,2774,0.34675,
ab14be9977d645198f54717810b879c8,982,2026-10-03T16:54:03.015796+07:00,981.0445021340001,13.447739555000226,EXPOSURE,981.1954331629995,0.9999991860004229,0.25205764299971634,8.625800001027528e-05,DISABLED,on,user_reported,36.636863708496094,54.52228927612305,1007.049296875,106978.6875,True,True,True,176,0,0,109,178,101,2026-10-03T16:54:03.015879+07:00,981.0445966890002,0.18581919000098424,OK,,True,2026-10-03T16:54:03.201711+07:00,981.230424972,0.03327552900009323,OK,,True,1570,0.19625,,2026-10-03T16:54:03.234988+07:00,981.2637039640013,0.03284707199964032,OK,,True,2772,0.34650000000000003,
ab14be9977d645198f54717810b879c8,983,2026-10-03T16:54:04.015792+07:00,982.044498923,14.447736344000077,EXPOSURE,982.1954299519994,0.9999967889998516,0.2532137230009539,8.30469998618355e-05,DISABLED,on,user_reported,36.636863708496094,54.509525299072266,1007.063046875,106911.671875,True,True,True,176,0,0,109,178,101,2026-10-03T16:54:04.015878+07:00,982.0445957000011,0.18582617299944104,OK,,True,2026-10-03T16:54:04.201717+07:00,982.2304305960006,0.033061291000194615,OK,,True,1573,0.196625,,2026-10-03T16:54:04.234782+07:00,982.2634977390007,0.03420212899982289,OK,,True,2764,0.34550000000000003,
ab14be9977d645198f54717810b879c8,984,2026-10-03T16:54:05.015801+07:00,983.0445071470003,15.447744568000417,EXPOSURE,983.1954381759997,1.0000082240003394,0.25217633200009004,9.12710002012318e-05,DISABLED,on,user_reported,36.63750457763672,54.503231048583984,1007.036796875,107382.546875,True,True,True,176,0,0,109,178,101,2026-10-03T16:54:05.015882+07:00,983.0445999980002,0.1860841720008466,OK,,True,2026-10-03T16:54:05.201980+07:00,983.2306934299995,0.03306734700163361,OK,,True,1536,0.192,,2026-10-03T16:54:05.235050+07:00,983.2637658510012,0.03290771999854769,OK,,True,2775,0.346875,
ab14be9977d645198f54717810b879c8,985,2026-10-03T16:54:06.015799+07:00,984.0445050489998,16.447742469999866,EXPOSURE,984.1954360779991,0.9999979019994498,0.26618987300025765,8.917299965105485e-05,DISABLED,on,user_reported,36.63877868652344,54.509803771972656,1007.059453125,106711.1328125,True,True,True,176,0,0,109,178,101,2026-10-03T16:54:06.015880+07:00,984.0445978070002,0.19379373999981908,OK,,True,2026-10-03T16:54:06.209704+07:00,984.238412177001,0.036959963999834144,OK,,True,1568,0.196,,2026-10-03T16:54:06.246677+07:00,984.2753866029998,0.03528931999971974,OK,,True,2771,0.346375,
ab14be9977d645198f54717810b879c8,986,2026-10-03T16:54:07.015801+07:00,985.044508422001,17.44774584300103,EXPOSURE,985.1954394510003,1.0000033730011637,0.25225191000026825,9.254600081476383e-05,DISABLED,on,user_reported,36.635589599609375,54.502952575683594,1006.992578125,106777.890625,True,True,True,176,0,0,109,178,101,2026-10-03T16:54:07.015883+07:00,985.0446009210009,0.18585130899919022,OK,,True,2026-10-03T16:54:07.201749+07:00,985.2304616559995,0.033005219000187935,OK,,True,1567,0.195875,,2026-10-03T16:54:07.234754+07:00,985.2634699490009,0.033279735000178334,OK,,True,2773,0.346625,
ab14be9977d645198f54717810b879c8,987,2026-10-03T16:54:08.015796+07:00,986.044502195,18.447739616000035,EXPOSURE,986.1954332239993,0.9999937729990052,0.2527663310011121,8.631899981992319e-05,DISABLED,on,user_reported,36.63175964355469,54.496002197265625,1007.047890625,106844.7421875,True,True,True,176,0,0,109,178,101,2026-10-03T16:54:08.015882+07:00,986.0445990460012,0.18585134699969785,OK,,True,2026-10-03T16:54:08.201746+07:00,986.2304599859999,0.0336374890011939,OK,,True,1564,0.1955,,2026-10-03T16:54:08.235389+07:00,986.2641026050005,0.033153624999613385,OK,,True,2777,0.347125,
ab14be9977d645198f54717810b879c8,988,2026-10-03T16:54:09.015797+07:00,987.044503348001,19.44774076900103,EXPOSURE,987.1954343770003,1.0000011530009942,0.25401761299872305,8.74720008141594e-05,DISABLED,on,user_reported,36.63367462158203,54.5090446472168,1007.044296875,107382.546875,True,True,True,176,0,0,109,178,101,2026-10-03T16:54:09.015883+07:00,987.0446009759999,0.18736749700110522,OK,,True,2026-10-03T16:54:09.203269+07:00,987.2319810280005,0.0330494230001932,OK,,True,1546,0.19325,,2026-10-03T16:54:09.236328+07:00,987.2650391179995,0.03347065800153359,OK,,True,2756,0.34450000000000003,
ab14be9977d645198f54717810b879c8,989,2026-10-03T16:54:10.015800+07:00,988.0445069550005,20.447744376000628,EXPOSURE,988.1954379839999,1.0000036069995986,0.2529274259995873,9.107900041271932e-05,DISABLED,on,user_reported,36.63814163208008,54.50971603393555,1007.017265625,106711.1328125,True,True,True,176,0,0,109,178,101,2026-10-03T16:54:10.015882+07:00,988.0445991569995,0.18581414800064522,OK,,True,2026-10-03T16:54:10.201707+07:00,988.2304205090004,0.03400300400062406,OK,,True,1561,0.195125,,2026-10-03T16:54:10.235716+07:00,988.264429457,0.03299323899955198,OK,,True,2769,0.346125,
ab14be9977d645198f54717810b879c8,990,2026-10-03T16:54:11.015795+07:00,989.044500850001,21.44773827100107,EXPOSURE,989.1954318790004,0.9999938950004434,0.25578379899889114,8.497400085616391e-05,DISABLED,on,user_reported,36.635589599609375,54.4774284362793,1006.992578125,106978.6875,True,True,True,176,0,0,109,178,101,2026-10-03T16:54:11.015876+07:00,989.0445932740004,0.185851112999444,OK,,True,2026-10-03T16:54:11.201742+07:00,989.2304543680002,0.03498749100072018,OK,,True,1547,0.193375,,2026-10-03T16:54:11.236735+07:00,989.2654481370009,0.034814789998563356,OK,,True,2756,0.34450000000000003,
ab14be9977d645198f54717810b879c8,991,2026-10-03T16:54:12.015859+07:00,990.044555642,22.447793063000063,EXPOSURE,990.1954866709993,1.0000547919989913,0.2665598849998787,0.00013976599984744098,DISABLED,on,user_reported,36.63175964355469,54.48323440551758,1006.986328125,106844.7421875,True,True,True,176,0,0,109,178,101,2026-10-03T16:54:12.016020+07:00,990.0447359919999,0.19419689499954984,OK,,True,2026-10-03T16:54:12.210240+07:00,990.2389485530002,0.0373523500002193,OK,,True,1581,0.197625,,2026-10-03T16:54:12.247608+07:00,990.276317459,0.03478434600037872,OK,,True,2767,0.345875,
ab14be9977d645198f54717810b879c8,992,2026-10-03T16:54:13.015797+07:00,991.0445039650003,23.447741386000416,EXPOSURE,991.1954349939997,0.9999483230003534,0.25424893499985046,8.808900020085275e-05,DISABLED,on,user_reported,36.63112258911133,54.502288818359375,1006.964765625,107382.546875,True,True,True,176,0,0,109,178,101,2026-10-03T16:54:13.015880+07:00,991.0445979270007,0.18762113000047975,OK,,True,2026-10-03T16:54:13.203512+07:00,991.2322257420001,0.03322327400019276,OK,,True,1569,0.196125,,2026-10-03T16:54:13.236740+07:00,991.2654541640004,0.033286014000623254,OK,,True,2768,0.34600000000000003,
ab14be9977d645198f54717810b879c8,993,2026-10-03T16:54:14.015797+07:00,992.0445033699998,24.447740790999887,EXPOSURE,992.1954343989992,0.9999994049994712,0.2557300300013594,8.749399967200588e-05,DISABLED,on,user_reported,36.63175964355469,54.48961639404297,1007.123125,106777.890625,True,True,True,176,0,0,109,178,101,2026-10-03T16:54:14.015876+07:00,992.044593517001,0.18721208199895045,OK,,True,2026-10-03T16:54:14.203105+07:00,992.2318175620003,0.03401202299937722,OK,,True,1560,0.195,,2026-10-03T16:54:14.237122+07:00,992.2658357150012,0.0343657039993559,OK,,True,2757,0.344625,
ab14be9977d645198f54717810b879c8,994,2026-10-03T16:54:15.015880+07:00,993.0445854509999,25.44782287199996,EXPOSURE,993.1955164799992,1.0000820810000732,0.2536302999997133,0.0001695749997452367,DISABLED,on,user_reported,36.63240051269531,54.49609375,1007.069453125,107112.96875,True,True,True,176,0,0,109,178,101,2026-10-03T16:54:15.015962+07:00,993.044679857001,0.18583975000001374,OK,,True,2026-10-03T16:54:15.201816+07:00,993.2305294770013,0.03322575599850097,OK,,True,1565,0.195625,,2026-10-03T16:54:15.235046+07:00,993.2637601400002,0.034440649000316625,OK,,True,2767,0.345875,
ab14be9977d645198f54717810b879c8,995,2026-10-03T16:54:16.015799+07:00,994.0445064699998,26.447743890999845,EXPOSURE,994.1954374989991,0.9999210189998848,0.25304016200061596,9.059399963007309e-05,DISABLED,on,user_reported,36.6394157409668,54.503509521484375,1007.03984375,106911.671875,True,True,True,176,0,0,109,178,101,2026-10-03T16:54:16.015879+07:00,994.0445969690008,0.1858732130003773,OK,,True,2026-10-03T16:54:16.201767+07:00,994.2304799970007,0.032762650998847676,OK,,True,1556,0.1945,,2026-10-03T16:54:16.234536+07:00,994.2632492040011,0.03428526099924056,OK,,True,2754,0.34425,
ab14be9977d645198f54717810b879c8,996,2026-10-03T16:54:17.015809+07:00,995.0445142190001,27.447751640000206,EXPOSURE,995.1954452479995,1.0000077490003605,0.2572820170007617,9.834299999056384e-05,DISABLED,on,user_reported,36.63367462158203,54.496280670166016,1007.05109375,106711.1328125,True,True,True,176,0,0,109,178,101,2026-10-03T16:54:17.015890+07:00,995.0446073479998,0.18745865799974126,OK,,True,2026-10-03T16:54:17.203359+07:00,995.2320732830012,0.034568294999189675,OK,,True,1552,0.194,,2026-10-03T16:54:17.237936+07:00,995.2666487260012,0.03512319599940383,OK,,True,2757,0.344625,
ab14be9977d645198f54717810b879c8,997,2026-10-03T16:54:18.015880+07:00,996.0445752180003,28.447812639000404,EXPOSURE,996.1955062469997,1.0000609990001976,0.27521997400071996,0.00015934200018818956,DISABLED,on,user_reported,36.635589599609375,54.49019241333008,1007.026796875,106777.890625,True,True,True,176,0,0,109,178,101,2026-10-03T16:54:18.016039+07:00,996.0447553270005,0.1917733259997476,OK,,True,2026-10-03T16:54:18.207833+07:00,996.236544450001,0.04783264300021983,OK,,True,1575,0.196875,,2026-10-03T16:54:18.255681+07:00,996.2843908150007,0.03538652600036585,OK,,True,2763,0.345375,
ab14be9977d645198f54717810b879c8,998,2026-10-03T16:54:19.015900+07:00,997.044595450001,29.447832871001083,EXPOSURE,997.1955264790004,1.0000202320006792,0.26637225699960254,0.00017957400086743291,DISABLED,on,user_reported,36.63303756713867,54.48980712890625,1006.981640625,106978.6875,True,True,True,176,0,0,109,178,101,2026-10-03T16:54:19.016051+07:00,997.0447674850002,0.1915597200004413,OK,,True,2026-10-03T16:54:19.207633+07:00,997.2363429270008,0.037301778998880764,OK,,True,1571,0.196375,,2026-10-03T16:54:19.244949+07:00,997.2736575760009,0.03729046399894287,OK,,True,2772,0.34650000000000003,
ab14be9977d645198f54717810b879c8,999,2026-10-03T16:54:20.015805+07:00,998.044511655,30.447749076000036,EXPOSURE,998.1954426839993,0.9999162049989536,0.2529890620007791,9.577899982105009e-05,DISABLED,on,user_reported,36.63814163208008,54.51609802246094,1007.024140625,106911.671875,True,True,True,176,0,0,109,178,101,2026-10-03T16:54:20.015886+07:00,998.0446038580012,0.18580155499876128,OK,,True,2026-10-03T16:54:20.201698+07:00,998.2304128200012,0.03426304099957633,OK,,True,1568,0.196,,2026-10-03T16:54:20.235970+07:00,998.2646823610012,0.03280739299952984,OK,,True,2759,0.344875,
ab14be9977d645198f54717810b879c8,1000,2026-10-03T16:54:21.015799+07:00,999.0445058320001,31.447743253000226,EXPOSURE,999.1954368609995,0.9999941770001897,0.25525438700060477,8.99560000107158e-05,DISABLED,on,user_reported,36.64069366455078,54.49094009399414,1007.00765625,106511.3359375,True,True,True,176,0,0,109,178,101,2026-10-03T16:54:21.015880+07:00,999.0445981089997,0.18580750100045407,OK,,True,2026-10-03T16:54:21.201697+07:00,999.2304122770001,0.033048852999854716,OK,,True,1556,0.1945,,2026-10-03T16:54:21.234749+07:00,999.2634648889998,0.036282793000282254,OK,,True,2761,0.345125,
ab14be9977d645198f54717810b879c8,1001,2026-10-03T16:54:22.015803+07:00,1000.044508723,32.44774614400012,EXPOSURE,1000.1954397519994,1.0000028909998946,0.25279917900115834,9.284699990530498e-05,DISABLED,on,user_reported,36.643245697021484,54.51046371459961,1007.03921875,106711.1328125,True,True,True,176,0,0,109,178,101,2026-10-03T16:54:22.015882+07:00,1000.0446001100008,0.18582642900037172,OK,,True,2026-10-03T16:54:22.201720+07:00,1000.2304333909997,0.033289831000729464,OK,,True,1574,0.19675,,2026-10-03T16:54:22.235014+07:00,1000.2637279259998,0.03356590200019127,OK,,True,2768,0.34600000000000003,
ab14be9977d645198f54717810b879c8,1002,2026-10-03T16:54:23.015797+07:00,1001.0445043079999,33.44774172899997,EXPOSURE,1001.1954353369993,0.9999955849998514,0.2519144710004184,8.843199975672178e-05,DISABLED,on,user_reported,36.64133071899414,54.48465347290039,1007.022421875,106312.2890625,True,True,True,176,0,0,109,179,101,2026-10-03T16:54:23.015878+07:00,1001.0445953060007,0.1858097269996506,OK,,True,2026-10-03T16:54:23.201697+07:00,1001.2304119590008,0.03295424399948388,OK,,True,1571,0.196375,,2026-10-03T16:54:23.234652+07:00,1001.2633687400012,0.03303794599924004,OK,,True,2765,0.345625,
ab14be9977d645198f54717810b879c8,1003,2026-10-03T16:54:24.015801+07:00,1002.0445068469999,34.44774426799995,EXPOSURE,1002.1954378759992,1.0000025389999792,0.2532873820000532,9.097099973587319e-05,DISABLED,on,user_reported,36.64069366455078,54.4973258972168,1006.973515625,107247.59375,True,True,True,176,0,0,109,178,101,2026-10-03T16:54:24.015882+07:00,1002.0446001230011,0.1858405799994216,OK,,True,2026-10-03T16:54:24.201734+07:00,1002.2304475000001,0.03296137300094415,OK,,True,1576,0.197,,2026-10-03T16:54:24.234694+07:00,1002.2634115950004,0.0343697450007312,OK,,True,2771,0.346375,
ab14be9977d645198f54717810b879c8,1004,2026-10-03T16:54:25.015803+07:00,1003.0445100249999,35.447747445999994,EXPOSURE,1003.1954410539993,1.0000031780000427,0.2517798299995775,9.414899977855384e-05,DISABLED,on,user_reported,36.640052795410156,54.49085235595703,1007.027109375,107180.2421875,True,True,True,176,0,0,109,178,101,2026-10-03T16:54:25.015885+07:00,1003.0446028570004,0.1858047860005172,OK,,True,2026-10-03T16:54:25.201699+07:00,1003.2304141620007,0.033008057998813456,OK,,True,1569,0.196125,,2026-10-03T16:54:25.234710+07:00,1003.2634258680009,0.03285543099991628,OK,,True,2776,0.34700000000000003,
ab14be9977d645198f54717810b879c8,1005,2026-10-03T16:54:26.015800+07:00,1004.0445057870002,36.44774320800025,EXPOSURE,1004.1954368159995,0.9999957620002533,0.25170344400066824,8.991100003186148e-05,DISABLED,on,user_reported,36.63814163208008,54.47780227661133,1007.01046875,106711.1328125,True,True,True,176,0,0,109,178,101,2026-10-03T16:54:26.015880+07:00,1004.0445976560004,0.18580199099960737,OK,,True,2026-10-03T16:54:26.201692+07:00,1004.2304061100003,0.0329595410003094,OK,,True,1580,0.1975,,2026-10-03T16:54:26.234653+07:00,1004.2633693360003,0.03283187600027304,OK,,True,2770,0.34625,
ab14be9977d645198f54717810b879c8,1006,2026-10-03T16:54:27.015798+07:00,1005.0445051139995,37.447742534999634,EXPOSURE,1005.1954361429989,0.9999993269993865,0.2518545370003267,8.923799941840116e-05,DISABLED,on,user_reported,36.64452362060547,54.485130310058594,1006.979765625,106978.6875,True,True,True,176,0,0,109,178,101,2026-10-03T16:54:27.015879+07:00,1005.0445971490008,0.18580754899994645,OK,,True,2026-10-03T16:54:27.201697+07:00,1005.2304110130008,0.03306692899968766,OK,,True,1573,0.196625,,2026-10-03T16:54:27.234768+07:00,1005.2634828490009,0.03286746899902937,OK,,True,2771,0.346375,
ab14be9977d645198f54717810b879c8,1007,2026-10-03T16:54:28.015796+07:00,1006.044502617,38.44774003800012,EXPOSURE,1006.1954336459994,0.9999975030004862,0.2517875770008686,8.674099990457762e-05,DISABLED,on,user_reported,36.63814163208008,54.47780227661133,1007.0446875,106444.90625,True,True,True,176,0,0,109,178,101,2026-10-03T16:54:28.015876+07:00,1006.044593523,0.18580640199979825,OK,,True,2026-10-03T16:54:28.201691+07:00,1006.2304058509999,0.03298813400033396,OK,,True,1572,0.1965,,2026-10-03T16:54:28.234682+07:00,1006.2633978180002,0.03288474700093502,OK,,True,2774,0.34675,
ab14be9977d645198f54717810b879c8,1008,2026-10-03T16:54:29.015798+07:00,1007.0445039440001,39.447741365000184,EXPOSURE,1007.1954349729995,1.0000013270000636,0.25199263300055463,8.806799996818881e-05,DISABLED,on,user_reported,36.64133071899414,54.46550750732422,1007.11140625,106312.2890625,True,True,True,176,0,0,109,178,101,2026-10-03T16:54:29.015877+07:00,1007.0445944610001,0.1858082930011733,OK,,True,2026-10-03T16:54:29.201693+07:00,1007.2304087360008,0.033253612000407884,OK,,True,1572,0.1965,,2026-10-03T16:54:29.234950+07:00,1007.2636663110006,0.032822635999764316,OK,,True,2770,0.34625,
ab14be9977d645198f54717810b879c8,1009,2026-10-03T16:54:30.015820+07:00,1008.0445196319997,40.447757052999805,EXPOSURE,1008.1954506609991,1.0000156879996212,0.2623967800009268,0.0001037559995893389,DISABLED,on,user_reported,36.6394157409668,54.47159957885742,1007.0809375,106978.6875,True,True,True,176,0,0,109,178,101,2026-10-03T16:54:30.015951+07:00,1008.0446673530005,0.19136076100039645,OK,,True,2026-10-03T16:54:30.207331+07:00,1008.2360419280012,0.035467435998725705,OK,,True,1564,0.1955,,2026-10-03T16:54:30.242804+07:00,1008.2715181980002,0.035378418000618694,OK,,True,2783,0.347875,
ab14be9977d645198f54717810b879c8,1010,2026-10-03T16:54:31.015848+07:00,1009.0445468489997,41.44778426999983,EXPOSURE,1009.1954778779991,1.0000272170000244,0.2626914640004543,0.0001309729996137321,DISABLED,on,user_reported,36.635589599609375,54.4774284362793,1007.019921875,106844.7421875,True,True,True,176,0,0,109,178,101,2026-10-03T16:54:31.015997+07:00,1009.0447123459999,0.1918366830013838,OK,,True,2026-10-03T16:54:31.207853+07:00,1009.2365633810005,0.03543149200049811,OK,,True,1565,0.195625,,2026-10-03T16:54:31.243289+07:00,1009.2720033730002,0.03521677299977455,OK,,True,2787,0.348375,
ab14be9977d645198f54717810b879c8,1011,2026-10-03T16:54:32.015823+07:00,1010.0445291489996,42.44776656999966,EXPOSURE,1010.1954601779989,0.9999822999998287,0.25197080700127117,0.00011327299944241531,DISABLED,on,user_reported,36.63814163208008,54.47142028808594,1007.031015625,106444.90625,True,True,True,176,0,0,109,178,101,2026-10-03T16:54:32.015903+07:00,1010.0446208699996,0.18580809500053874,OK,,True,2026-10-03T16:54:32.201720+07:00,1010.2304350390004,0.033149835999211064,OK,,True,1563,0.195375,,2026-10-03T16:54:32.234875+07:00,1010.2635898200006,0.03290098800061969,OK,,True,2772,0.34650000000000003,
ab14be9977d645198f54717810b879c8,1012,2026-10-03T16:54:33.015796+07:00,1011.0445027919995,43.44774021299963,EXPOSURE,1011.1954338209989,0.9999736429999757,0.2517584600009286,8.691599941812456e-05,DISABLED,on,user_reported,36.640052795410156,54.46532440185547,1007.06828125,107247.59375,True,True,True,176,0,0,109,178,101,2026-10-03T16:54:33.015871+07:00,1011.0445889760013,0.18581459599954542,OK,,True,2026-10-03T16:54:33.201695+07:00,1011.230409795,0.03298557900052401,OK,,True,1572,0.1965,,2026-10-03T16:54:33.234683+07:00,1011.2633987820009,0.032854821998625994,OK,,True,2769,0.346125,
ab14be9977d645198f54717810b879c8,1013,2026-10-03T16:54:34.015799+07:00,1012.0445053700005,44.447742791000564,EXPOSURE,1012.1954363989998,1.000002578000931,0.25179849899905093,8.94940003490774e-05,DISABLED,on,user_reported,36.63814163208008,54.47780227661133,1007.024140625,107045.7890625,True,True,True,176,0,0,109,178,101,2026-10-03T16:54:34.015875+07:00,1012.0445926840002,0.18581017200085626,OK,,True,2026-10-03T16:54:34.201694+07:00,1012.2304089669997,0.03300376500010316,OK,,True,1573,0.196625,,2026-10-03T16:54:34.234702+07:00,1012.2634169539997,0.03287876700051129,OK,,True,2771,0.346375,
ab14be9977d645198f54717810b879c8,1014,2026-10-03T16:54:35.015828+07:00,1013.0445323090007,45.4477697300008,EXPOSURE,1013.1954633380001,1.0000269390002359,0.25214588599919807,0.00011643300058494788,DISABLED,on,user_reported,36.641971588134766,54.47836685180664,1007.030390625,106844.7421875,True,True,True,176,0,0,109,178,101,2026-10-03T16:54:35.015912+07:00,1013.0446294000012,0.18582971099931456,OK,,True,2026-10-03T16:54:35.201751+07:00,1013.2304655919997,0.033367928001098335,OK,,True,1573,0.196625,,2026-10-03T16:54:35.235124+07:00,1013.2638382240002,0.03283073000056902,OK,,True,2773,0.346625,
ab14be9977d645198f54717810b879c8,1015,2026-10-03T16:54:36.015805+07:00,1014.0445106280004,46.44774804900044,EXPOSURE,1014.1954416569997,0.9999783189996378,0.25172402300086105,9.47520002227975e-05,DISABLED,on,user_reported,36.63750457763672,54.48408508300781,1007.043671875,106511.3359375,True,True,True,176,0,0,109,178,101,2026-10-03T16:54:36.015886+07:00,1014.0446040900006,0.18580699099948106,OK,,True,2026-10-03T16:54:36.201702+07:00,1014.2304167290004,0.032964673000606126,OK,,True,1567,0.195875,,2026-10-03T16:54:36.234669+07:00,1014.263384717,0.032842398000866524,OK,,True,2776,0.34700000000000003,
ab14be9977d645198f54717810b879c8,1016,2026-10-03T16:54:37.015808+07:00,1015.0445134199999,47.447750841000015,EXPOSURE,1015.1954444489993,1.0000027919995773,0.2519759660008276,9.75439998001093e-05,DISABLED,on,user_reported,36.64452362060547,54.4787483215332,1007.068671875,107112.96875,True,True,True,176,0,0,109,178,101,2026-10-03T16:54:37.015887+07:00,1015.0446049740003,0.18580173299960734,OK,,True,2026-10-03T16:54:37.201699+07:00,1015.2304139850003,0.03316381900003762,OK,,True,1568,0.196,,2026-10-03T16:54:37.234869+07:00,1015.2635830640011,0.03289778499856766,OK,,True,2770,0.34625,
ab14be9977d645198f54717810b879c8,1017,2026-10-03T16:54:38.015797+07:00,1016.0445040350005,48.447741456000585,EXPOSURE,1016.1954350639999,0.99999061500057,0.25180439699943236,8.815900037006941e-05,DISABLED,on,user_reported,36.643245697021484,54.478553771972656,1007.025546875,106577.8515625,True,True,True,176,0,0,109,178,101,2026-10-03T16:54:38.015872+07:00,1016.0445893119995,0.18581595700015896,OK,,True,2026-10-03T16:54:38.201698+07:00,1016.230412713001,0.03301015499891946,OK,,True,1572,0.1965,,2026-10-03T16:54:38.234711+07:00,1016.2634269240007,0.032872933999897214,OK,,True,2776,0.34700000000000003,
ab14be9977d645198f54717810b879c8,1018,2026-10-03T16:54:39.015795+07:00,1017.0445033079995,49.447740728999634,EXPOSURE,1017.1954343369989,0.9999992729990481,0.25182271400080936,8.743199941818602e-05,DISABLED,on,user_reported,36.641971588134766,54.49751281738281,1006.996171875,107247.59375,True,True,True,176,0,0,109,178,101,2026-10-03T16:54:39.015866+07:00,1017.0445838260002,0.18582281000090006,OK,,True,2026-10-03T16:54:39.201701+07:00,1017.2304142840003,0.03304989599928376,OK,,True,1558,0.19475,,2026-10-03T16:54:39.234753+07:00,1017.26346792,0.032849899000211735,OK,,True,2771,0.346375,
ab14be9977d645198f54717810b879c8,1019,2026-10-03T16:54:40.015804+07:00,1018.0445097379998,50.447747158999846,EXPOSURE,1018.1954407669991,1.0000064300002123,0.25183119800021814,9.386199963046238e-05,DISABLED,on,user_reported,36.635589599609375,54.48381042480469,1007.019921875,106911.671875,True,True,True,176,0,0,109,178,101,2026-10-03T16:54:40.015887+07:00,1018.0446046630004,0.18582570100079465,OK,,True,2026-10-03T16:54:40.201725+07:00,1018.2304383270002,0.03302624800016929,OK,,True,1572,0.1965,,2026-10-03T16:54:40.234753+07:00,1018.2634682420012,0.03286443499928282,OK,,True,2770,0.34625,
ab14be9977d645198f54717810b879c8,1020,2026-10-03T16:54:41.015794+07:00,1019.0445019560011,51.4477393770012,EXPOSURE,1019.1954329850005,0.9999922180013527,0.25181412599886244,8.60800009832019e-05,DISABLED,on,user_reported,36.63175964355469,54.496002197265625,1006.993125,106911.671875,True,True,True,176,0,0,109,178,101,2026-10-03T16:54:41.015864+07:00,1019.044581862001,0.1858288690000336,OK,,True,2026-10-03T16:54:41.201705+07:00,1019.2304185829998,0.03304700700027752,OK,,True,1564,0.1955,,2026-10-03T16:54:41.234755+07:00,1019.2634697940011,0.032837139999173814,OK,,True,2772,0.34650000000000003,
ab14be9977d645198f54717810b879c8,1021,2026-10-03T16:54:42.015844+07:00,1020.0445425520011,52.44777997300116,EXPOSURE,1020.1954735810004,1.0000405959999625,0.263702051999644,0.00012667600094573572,DISABLED,on,user_reported,36.628570556640625,54.49551773071289,1007.001796875,106511.3359375,True,True,True,176,0,0,109,178,101,2026-10-03T16:54:42.015989+07:00,1020.0447050130006,0.1917349439991085,OK,,True,2026-10-03T16:54:42.207747+07:00,1020.2364570500013,0.03648055699886754,OK,,True,1601,0.200125,,2026-10-03T16:54:42.244236+07:00,1020.2729481059996,0.03527542400115635,OK,,True,2777,0.347125,
ab14be9977d645198f54717810b879c8,1022,2026-10-03T16:54:43.015864+07:00,1021.044562862,53.447800283000106,EXPOSURE,1021.1954938909994,1.0000203099989449,0.2627375110005232,0.00014698599989060313,DISABLED,on,user_reported,36.628570556640625,54.49551773071289,1007.07015625,106711.1328125,True,True,True,176,0,0,109,178,101,2026-10-03T16:54:43.016012+07:00,1021.0447280629996,0.19178163100150414,OK,,True,2026-10-03T16:54:43.207814+07:00,1021.2365249530012,0.035519605999070336,OK,,True,1549,0.193625,,2026-10-03T16:54:43.243341+07:00,1021.272054078001,0.035227720998591394,OK,,True,2780,0.34750000000000003,
ab14be9977d645198f54717810b879c8,1023,2026-10-03T16:54:44.015809+07:00,1022.0445169960003,54.4477544170004,EXPOSURE,1022.1954480249997,0.9999541340002907,0.2517886709993036,0.000101120000181254,DISABLED,on,user_reported,36.628570556640625,54.50828552246094,1007.111171875,106644.4453125,True,True,True,176,0,0,109,178,101,2026-10-03T16:54:44.015877+07:00,1022.044594291001,0.1858148749997781,OK,,True,2026-10-03T16:54:44.201702+07:00,1022.2304164249999,0.0329994350013294,OK,,True,1559,0.194875,,2026-10-03T16:54:44.234705+07:00,1022.2634198970009,0.03287823299979209,OK,,True,2770,0.34625,
ab14be9977d645198f54717810b879c8,1024,2026-10-03T16:54:45.015879+07:00,1023.0445798790006,55.44781730000068,EXPOSURE,1023.195510908,1.0000628830002825,0.2524811090006551,0.0001640030004637083,DISABLED,on,user_reported,36.62538146972656,54.52058792114258,1007.092421875,106978.6875,True,True,True,176,0,0,109,178,101,2026-10-03T16:54:45.015993+07:00,1023.0447103780007,0.18601287300043623,OK,,True,2026-10-03T16:54:45.202020+07:00,1023.2307329920004,0.03332550499908393,OK,,True,1567,0.195875,,2026-10-03T16:54:45.235349+07:00,1023.2640633490009,0.032989119999911054,OK,,True,2773,0.346625,
ab14be9977d645198f54717810b879c8,1025,2026-10-03T16:54:46.015794+07:00,1024.0445031250001,56.447740546000205,EXPOSURE,1024.1954341539995,0.9999232459995255,0.25178126799983147,8.724899998924229e-05,DISABLED,on,user_reported,36.629207611083984,54.514766693115234,1007.071171875,106711.1328125,True,True,True,176,0,0,109,178,101,2026-10-03T16:54:46.015862+07:00,1024.044579587,0.18580863700117334,OK,,True,2026-10-03T16:54:46.201680+07:00,1024.2303950759997,0.0330155650008237,OK,,True,1578,0.19725,,2026-10-03T16:54:46.234700+07:00,1024.2634151780003,0.032860252000318724,OK,,True,2770,0.34625,
ab14be9977d645198f54717810b879c8,1026,2026-10-03T16:54:47.015837+07:00,1025.04454223,57.44777965100002,EXPOSURE,1025.1954732589993,1.0000391049998143,0.25204013800066605,0.00012635399980354123,DISABLED,on,user_reported,36.63303756713867,54.528106689453125,1007.04328125,106911.671875,True,True,True,176,0,0,109,178,101,2026-10-03T16:54:47.015923+07:00,1025.0446410250006,0.1858131949993549,OK,,True,2026-10-03T16:54:47.201749+07:00,1025.2304626639998,0.03320354400057113,OK,,True,1572,0.1965,,2026-10-03T16:54:47.234957+07:00,1025.2636716899997,0.032900789001359954,OK,,True,2772,0.34650000000000003,
ab14be9977d645198f54717810b879c8,1027,2026-10-03T16:54:48.015803+07:00,1026.0445092530008,58.44774667400088,EXPOSURE,1026.1954402820002,0.9999670230008633,0.25197345499873336,9.337700066680554e-05,DISABLED,on,user_reported,36.635589599609375,54.56040573120117,1007.03359375,107180.2421875,True,True,True,176,0,0,109,178,101,2026-10-03T16:54:48.015887+07:00,1026.0446044740002,0.18580375199962873,OK,,True,2026-10-03T16:54:48.201700+07:00,1026.2304146700008,0.03324137799972959,OK,,True,1571,0.196375,,2026-10-03T16:54:48.234945+07:00,1026.2636601030008,0.032814623999001924,OK,,True,2771,0.346375,
ab14be9977d645198f54717810b879c8,1028,2026-10-03T16:54:49.015865+07:00,1027.044562358,59.44779977899998,EXPOSURE,1027.1954933869993,1.0000531049990968,0.26278450599966163,0.00014648199976363685,DISABLED,on,user_reported,36.63750457763672,54.59260940551758,1007.023125,106711.1328125,True,True,True,176,0,0,109,178,101,2026-10-03T16:54:49.016029+07:00,1027.0447448180003,0.19176249399970402,OK,,True,2026-10-03T16:54:49.207810+07:00,1027.2365222000008,0.035540941998988274,OK,,True,1551,0.193875,,2026-10-03T16:54:49.243360+07:00,1027.272072994001,0.035255962999144685,OK,,True,2784,0.34800000000000003,
ab14be9977d645198f54717810b879c8,1029,2026-10-03T16:54:50.015815+07:00,1028.0445217690012,60.44775919000131,EXPOSURE,1028.1954527980006,0.9999594110013277,0.25262228499923367,0.00010589300109131727,DISABLED,on,user_reported,36.640052795410156,54.60576629638672,1007.05453125,106844.7421875,True,True,True,176,0,0,109,178,101,2026-10-03T16:54:50.015898+07:00,1028.0446161569998,0.1858867350001674,OK,,True,2026-10-03T16:54:50.201799+07:00,1028.2305120590008,0.033678095000141184,OK,,True,1566,0.19575,,2026-10-03T16:54:50.235481+07:00,1028.264195265001,0.03293941899937636,OK,,True,2770,0.34625,
ab14be9977d645198f54717810b879c8,1030,2026-10-03T16:54:51.015798+07:00,1029.0445044299995,61.44774185099959,EXPOSURE,1029.1954354589989,0.9999826609982847,0.2519895550012734,8.85539993760176e-05,DISABLED,on,user_reported,36.63877868652344,54.6311149597168,1007.038828125,106911.671875,True,True,True,176,0,0,109,178,101,2026-10-03T16:54:51.015880+07:00,1029.044598077,0.1858241829995677,OK,,True,2026-10-03T16:54:51.201717+07:00,1029.230431074,0.033221396999579156,OK,,True,1572,0.1965,,2026-10-03T16:54:51.234940+07:00,1029.2636561199997,0.032828920000611106,OK,,True,2773,0.346625,
ab14be9977d645198f54717810b879c8,1031,2026-10-03T16:54:52.015801+07:00,1030.044507822,62.4477452430001,EXPOSURE,1030.1954388509994,1.000003392000508,0.2520416490006028,9.194599988404661e-05,DISABLED,on,user_reported,36.629207611083984,54.62330627441406,1007.016484375,106113.9921875,True,True,True,176,0,0,109,178,101,2026-10-03T16:54:52.015885+07:00,1030.044602117001,0.18580449899855012,OK,,True,2026-10-03T16:54:52.201699+07:00,1030.230413579,0.0330874360006419,OK,,True,1577,0.197125,,2026-10-03T16:54:52.234791+07:00,1030.2635053490012,0.03303482599949348,OK,,True,2779,0.347375,
ab14be9977d645198f54717810b879c8,1032,2026-10-03T16:54:53.015828+07:00,1031.0445326299996,63.44777005099968,EXPOSURE,1031.195463658999,1.00002480799958,0.2517722100001265,0.00011675399946398102,DISABLED,on,user_reported,36.636226654052734,54.64350891113281,1007.021015625,106378.5546875,True,True,True,176,0,0,109,178,101,2026-10-03T16:54:53.015918+07:00,1031.0446349989998,0.18580524200115178,OK,,True,2026-10-03T16:54:53.201734+07:00,1031.2304475740002,0.032948678999673575,OK,,True,1560,0.195,,2026-10-03T16:54:53.234682+07:00,1031.263399161,0.03289653100000578,OK,,True,2772,0.34650000000000003,
ab14be9977d645198f54717810b879c8,1033,2026-10-03T16:54:54.015793+07:00,1032.0444995779999,64.44773699899997,EXPOSURE,1032.1954306069993,0.9999669480002922,0.2518268410003657,8.370199975615833e-05,DISABLED,on,user_reported,36.634952545166016,54.656089782714844,1007.018984375,106511.3359375,True,True,True,176,0,0,109,178,101,2026-10-03T16:54:54.015877+07:00,1032.0445938909997,0.18581361399992602,OK,,True,2026-10-03T16:54:54.201701+07:00,1032.230415301001,0.032967271999950754,OK,,True,1559,0.194875,,2026-10-03T16:54:54.234669+07:00,1032.2633855910008,0.03293134599880432,OK,,True,2768,0.34600000000000003,
ab14be9977d645198f54717810b879c8,1034,2026-10-03T16:54:55.015842+07:00,1033.044539478,65.44777689900002,EXPOSURE,1033.1954705069993,1.000039900000047,0.26370293500076514,0.0001236019998032134,DISABLED,on,user_reported,36.6394157409668,54.65675354003906,1007.03296875,106312.2890625,True,True,True,176,0,0,109,178,101,2026-10-03T16:54:55.016004+07:00,1033.0447196050009,0.19173576299908746,OK,,True,2026-10-03T16:54:55.207760+07:00,1033.2364702200011,0.036388228998475824,OK,,True,1564,0.1955,,2026-10-03T16:54:55.244156+07:00,1033.2728682270008,0.035353278999537,OK,,True,2779,0.347375,
ab14be9977d645198f54717810b879c8,1035,2026-10-03T16:54:56.015865+07:00,1034.0445603870012,66.44779780800127,EXPOSURE,1034.1954914160006,1.0000209090012504,0.2627661709993845,0.00014451100105361547,DISABLED,on,user_reported,36.636226654052734,54.66905975341797,1007.00046875,106444.90625,True,True,True,176,0,0,109,178,101,2026-10-03T16:54:56.016030+07:00,1034.0447456069996,0.19174056100018788,OK,,True,2026-10-03T16:54:56.207789+07:00,1034.2365001489998,0.03538694600138115,OK,,True,1555,0.194375,,2026-10-03T16:54:56.243180+07:00,1034.2718947060002,0.035412056000495795,OK,,True,2789,0.348625,
ab14be9977d645198f54717810b879c8,1036,2026-10-03T16:54:57.015810+07:00,1035.0445168799997,67.4477543009998,EXPOSURE,1035.195447908999,0.9999564929985354,0.2522785830005887,0.00010100399958901107,DISABLED,on,user_reported,36.63112258911133,54.66191482543945,1006.9921875,106312.2890625,True,True,True,176,0,0,109,178,101,2026-10-03T16:54:57.015894+07:00,1035.0446118420004,0.18580517400005192,OK,,True,2026-10-03T16:54:57.201710+07:00,1035.2304241450001,0.03324723200057633,OK,,True,1564,0.1955,,2026-10-03T16:54:57.234962+07:00,1035.2636766180003,0.033109123000031104,OK,,True,2771,0.346375,
ab14be9977d645198f54717810b879c8,1037,2026-10-03T16:54:58.015841+07:00,1036.0445460480005,68.44778346900057,EXPOSURE,1036.1954770769999,1.000029168000765,0.2517493880004622,0.00013017200035392307,DISABLED,on,user_reported,36.63175964355469,54.662010192871094,1007.13,106312.2890625,True,True,True,176,0,0,109,178,101,2026-10-03T16:54:58.015926+07:00,1036.0446438979998,0.18580063900117239,OK,,True,2026-10-03T16:54:58.201737+07:00,1036.2304510930007,0.03295769899887091,OK,,True,1566,0.19575,,2026-10-03T16:54:58.234695+07:00,1036.2634117920006,0.03287318100046832,OK,,True,2769,0.346125,
ab14be9977d645198f54717810b879c8,1038,2026-10-03T16:54:59.015806+07:00,1037.0445118919997,69.4477493129998,EXPOSURE,1037.195442920999,0.9999658439992345,0.2517309089998889,9.601599958841689e-05,DISABLED,on,user_reported,36.63112258911133,54.67469024658203,1007.101640625,106711.1328125,True,True,True,176,0,0,109,178,101,2026-10-03T16:54:59.015891+07:00,1037.0446085570002,0.18580693700096163,OK,,True,2026-10-03T16:54:59.201709+07:00,1037.2304224010004,0.03295292199982214,OK,,True,1578,0.19725,,2026-10-03T16:54:59.234661+07:00,1037.2633783230012,0.032855070998266456,OK,,True,2769,0.346125,
ab14be9977d645198f54717810b879c8,1039,2026-10-03T16:55:00.015799+07:00,1038.0445059480007,70.44774336900082,EXPOSURE,1038.195436977,0.9999940560010145,0.25176939300035883,9.007200060295872e-05,DISABLED,on,user_reported,36.63303756713867,54.66219711303711,1007.09109375,106048.0546875,True,True,True,176,0,0,109,178,101,2026-10-03T16:55:00.015882+07:00,1038.0445994290003,0.18580710499918496,OK,,True,2026-10-03T16:55:00.201698+07:00,1038.2304124410002,0.03295364400037215,OK,,True,1566,0.19575,,2026-10-03T16:55:00.234652+07:00,1038.2633691030005,0.032896848999371286,OK,,True,2771,0.346375,
ab14be9977d645198f54717810b879c8,1040,2026-10-03T16:55:01.015797+07:00,1039.0445041250005,71.44774154600054,EXPOSURE,1039.1954351539998,0.9999981769997248,0.25206883499959076,8.824900032777805e-05,DISABLED,on,user_reported,36.629844665527344,54.68088912963867,1007.106484375,106312.2890625,True,True,True,176,0,0,109,178,101,2026-10-03T16:55:01.015880+07:00,1039.0445979569995,0.1858035880013631,OK,,True,2026-10-03T16:55:01.201693+07:00,1039.2304081000002,0.03319227099927957,OK,,True,1567,0.195875,,2026-10-03T16:55:01.234886+07:00,1039.2636031860002,0.03296073700039415,OK,,True,2774,0.34675,
ab14be9977d645198f54717810b879c8,1041,2026-10-03T16:55:02.015828+07:00,1040.0445316429996,72.44776906399966,EXPOSURE,1040.195462671999,1.000027517999115,0.25205437500153494,0.0001157669994427124,DISABLED,on,user_reported,36.64069366455078,54.68888854980469,1007.041875,106113.9921875,True,True,True,176,0,0,109,178,101,2026-10-03T16:55:02.015916+07:00,1040.0446339190003,0.18580755299990415,OK,,True,2026-10-03T16:55:02.201734+07:00,1040.2304477310008,0.033103865000157384,OK,,True,1562,0.19525,,2026-10-03T16:55:02.234843+07:00,1040.263556707001,0.033020032999047544,OK,,True,2777,0.347125,
ab14be9977d645198f54717810b879c8,1042,2026-10-03T16:55:03.015799+07:00,1041.044505578,73.44774299900018,EXPOSURE,1041.1954366069995,0.9999739350005257,0.25177564000114216,8.970199996838346e-05,DISABLED,on,user_reported,36.63750457763672,54.67564010620117,1007.1053125,106644.4453125,True,True,True,176,0,0,109,178,101,2026-10-03T16:55:03.015882+07:00,1041.0446000949996,0.1858036470002844,OK,,True,2026-10-03T16:55:03.201695+07:00,1041.2304093719995,0.03294590400037123,OK,,True,1567,0.195875,,2026-10-03T16:55:03.234642+07:00,1041.263358313001,0.03291457100021944,OK,,True,2776,0.34700000000000003,
ab14be9977d645198f54717810b879c8,1043,2026-10-03T16:55:04.015800+07:00,1042.044506485001,74.44774390600105,EXPOSURE,1042.1954375140003,1.0000009070008673,0.25173247499878926,9.060900083568413e-05,DISABLED,on,user_reported,36.636226654052734,54.66905975341797,1007.0415625,106644.4453125,True,True,True,176,0,0,109,178,101,2026-10-03T16:55:04.015884+07:00,1042.0446018170005,0.18580351899981906,OK,,True,2026-10-03T16:55:04.201697+07:00,1042.2304115019997,0.03295247900132381,OK,,True,1564,0.1955,,2026-10-03T16:55:04.234650+07:00,1042.2633670550003,0.032861517000128515,OK,,True,2771,0.346375,
ab14be9977d645198f54717810b879c8,1044,2026-10-03T16:55:05.015802+07:00,1043.044508178,75.44774559899997,EXPOSURE,1043.1954392069993,1.0000016929989215,0.25184590200115053,9.230199975718278e-05,DISABLED,on,user_reported,36.641971588134766,54.66990661621094,1007.023515625,105916.421875,True,True,True,176,0,0,109,178,101,2026-10-03T16:55:05.015886+07:00,1043.0446039170001,0.1858080029996927,OK,,True,2026-10-03T16:55:05.201705+07:00,1043.230419253001,0.03305286599970714,OK,,True,1563,0.195375,,2026-10-03T16:55:05.234760+07:00,1043.2634756010011,0.032868330999917816,OK,,True,2774,0.34675,
ab14be9977d645198f54717810b879c8,1045,2026-10-03T16:55:06.015807+07:00,1044.044513121,76.447750542,EXPOSURE,1044.1954441499993,1.0000049430000217,0.2517273129997193,9.724499977892265e-05,DISABLED,on,user_reported,36.636863708496094,54.66276550292969,1007.042578125,106180.0078125,True,True,True,176,0,0,109,178,101,2026-10-03T16:55:06.015891+07:00,1044.044608749,0.18579622600009316,OK,,True,2026-10-03T16:55:06.201697+07:00,1044.2304119380005,0.03296666399910464,OK,,True,1566,0.19575,,2026-10-03T16:55:06.234665+07:00,1044.263381621,0.03285036899978877,OK,,True,2770,0.34625,
ab14be9977d645198f54717810b879c8,1046,2026-10-03T16:55:07.015906+07:00,1045.044604756,77.44784217699998,EXPOSURE,1045.1955357849993,1.0000916349999898,0.2599636400009331,0.0001888799997686874,DISABLED,on,user_reported,36.63750457763672,54.66925048828125,1007.023125,106777.890625,True,True,True,176,0,0,109,178,101,2026-10-03T16:55:07.016033+07:00,1045.0447501990002,0.18949468199934927,OK,,True,2026-10-03T16:55:07.205549+07:00,1045.2342597879997,0.035343431000001146,OK,,True,1567,0.195875,,2026-10-03T16:55:07.240896+07:00,1045.2696101450001,0.03493951000018569,OK,,True,2781,0.347625,
ab14be9977d645198f54717810b879c8,1047,2026-10-03T16:55:08.015877+07:00,1046.0445725320005,78.44780995300061,EXPOSURE,1046.195503561,0.9999677760006307,0.26381490799940366,0.00015665600039938,DISABLED,on,user_reported,36.643882751464844,54.65742111206055,1007.067734375,106511.3359375,True,True,True,176,0,0,109,178,101,2026-10-03T16:55:08.016040+07:00,1046.0447559740005,0.19175363700014714,OK,,True,2026-10-03T16:55:08.207813+07:00,1046.2365249260001,0.0361884200010536,OK,,True,1590,0.19875,,2026-10-03T16:55:08.244009+07:00,1046.2727214759998,0.035646446000100696,OK,,True,2781,0.347625,
ab14be9977d645198f54717810b879c8,1048,2026-10-03T16:55:09.015814+07:00,1047.0445202980009,79.44775771900095,EXPOSURE,1047.1954513270002,0.9999477660003322,0.2518204859989055,0.00010442200073157437,DISABLED,on,user_reported,36.636226654052734,54.65628433227539,1007.048359375,106711.1328125,True,True,True,176,0,0,109,178,101,2026-10-03T16:55:09.015900+07:00,1047.0446179080009,0.1858070830003271,OK,,True,2026-10-03T16:55:09.201718+07:00,1047.230432620001,0.03297742399990966,OK,,True,1558,0.19475,,2026-10-03T16:55:09.234697+07:00,1047.2634135629996,0.03291636900030426,OK,,True,2769,0.346125,
ab14be9977d645198f54717810b879c8,1049,2026-10-03T16:55:10.015805+07:00,1048.0445112569996,80.4477486779997,EXPOSURE,1048.195442285999,0.999990958998751,0.25179821100027766,9.538099948258605e-05,DISABLED,on,user_reported,36.634315490722656,54.63045883178711,1007.00421875,106511.3359375,True,True,True,176,0,0,109,178,101,2026-10-03T16:55:10.015887+07:00,1048.0446046819998,0.1858088620010676,OK,,True,2026-10-03T16:55:10.201707+07:00,1048.2304212480012,0.032983293998768204,OK,,True,1562,0.19525,,2026-10-03T16:55:10.234691+07:00,1048.2634075240003,0.032891795999603346,OK,,True,2777,0.347125,
ab14be9977d645198f54717810b879c8,1050,2026-10-03T16:55:11.015799+07:00,1049.0445056330009,81.44774305400097,EXPOSURE,1049.1954366620002,0.9999943760012684,0.25177637900014815,8.975700075097848e-05,DISABLED,on,user_reported,36.629844665527344,54.62978744506836,1007.010625,106644.4453125,True,True,True,176,0,0,109,178,101,2026-10-03T16:55:11.015878+07:00,1049.044595669,0.18581690100108972,OK,,True,2026-10-03T16:55:11.201705+07:00,1049.2304200319995,0.03296414700162131,OK,,True,1568,0.196,,2026-10-03T16:55:11.234671+07:00,1049.263387735,0.03288531500038516,OK,,True,2770,0.34625,
ab14be9977d645198f54717810b879c8,1051,2026-10-03T16:55:12.015798+07:00,1050.0445039429997,82.44774136399974,EXPOSURE,1050.195434971999,0.999998309998773,0.2519700090015249,8.806699952401686e-05,DISABLED,on,user_reported,36.627933502197266,54.63589096069336,1007.04859375,106048.0546875,True,True,True,176,0,0,109,178,101,2026-10-03T16:55:12.015881+07:00,1050.044598923001,0.1858182729993132,OK,,True,2026-10-03T16:55:12.201712+07:00,1050.2304254179999,0.0331168680004339,OK,,True,1568,0.196,,2026-10-03T16:55:12.234833+07:00,1050.263546786,0.032917370001086965,OK,,True,2772,0.34650000000000003,
ab14be9977d645198f54717810b879c8,1052,2026-10-03T16:55:13.015798+07:00,1051.0445045020006,83.44774192300065,EXPOSURE,1051.195435531,1.0000005590009096,0.2517545880000398,8.862600043357816e-05,DISABLED,on,user_reported,36.634952545166016,54.63054275512695,1007.09421875,106113.9921875,True,True,True,176,0,0,109,179,101,2026-10-03T16:55:13.015882+07:00,1051.0445987790008,0.1858085519997985,OK,,True,2026-10-03T16:55:13.201700+07:00,1051.2304151830012,0.03295383299882815,OK,,True,1569,0.196125,,2026-10-03T16:55:13.234655+07:00,1051.2633719599999,0.03287783400082844,OK,,True,2769,0.346125,
ab14be9977d645198f54717810b879c8,1053,2026-10-03T16:55:14.015857+07:00,1052.044552700001,84.44779012100116,EXPOSURE,1052.1954837290004,1.0000481980005134,0.26229649699962465,0.00013682400094694458,DISABLED,on,user_reported,36.63814163208008,54.63740539550781,1007.092578125,107180.2421875,True,True,True,176,0,0,109,178,101,2026-10-03T16:55:14.016020+07:00,1052.044735364001,0.19173579599919321,OK,,True,2026-10-03T16:55:14.207775+07:00,1052.2364858820001,0.03608847900068213,OK,,True,1550,0.19375,,2026-10-03T16:55:14.243867+07:00,1052.272582046,0.03425059500114003,OK,,True,2778,0.34725,
ab14be9977d645198f54717810b879c8,1054,2026-10-03T16:55:15.015846+07:00,1053.0445456840007,85.44778310500078,EXPOSURE,1053.195476713,0.9999929839996184,0.2617510609998135,0.0001298080005653901,DISABLED,on,user_reported,36.627933502197266,54.6295051574707,1007.11015625,106711.1328125,True,True,True,176,0,0,109,178,101,2026-10-03T16:55:15.015978+07:00,1053.044694608001,0.19136420899849327,OK,,True,2026-10-03T16:55:15.207365+07:00,1053.236075910001,0.03548748699904536,OK,,True,1550,0.19375,,2026-10-03T16:55:15.242858+07:00,1053.271572249001,0.03470625599948107,OK,,True,2779,0.347375,
ab14be9977d645198f54717810b879c8,1055,2026-10-03T16:55:16.015806+07:00,1054.0445118259995,86.44774924699959,EXPOSURE,1054.1954428549989,0.9999661419988115,0.25168678000045475,9.594999937689863e-05,DISABLED,on,user_reported,36.629844665527344,54.648948669433594,1007.038046875,106113.9921875,True,True,True,176,0,0,109,178,101,2026-10-03T16:55:16.015889+07:00,1054.0446067869998,0.185802539001088,OK,,True,2026-10-03T16:55:16.201702+07:00,1054.2304170850002,0.03294339000058244,OK,,True,1570,0.19625,,2026-10-03T16:55:16.234646+07:00,1054.2633631600002,0.03282694600056857,OK,,True,2774,0.34675,
ab14be9977d645198f54717810b879c8,1056,2026-10-03T16:55:17.015901+07:00,1055.0446060850009,87.44784350600094,EXPOSURE,1055.1955371140002,1.0000942590013437,0.25208361099976173,0.0001902090007206425,DISABLED,on,user_reported,36.636226654052734,54.6307373046875,1007.06890625,106444.90625,True,True,True,176,0,0,109,178,101,2026-10-03T16:55:17.015984+07:00,1055.0447013800003,0.18581118899965077,OK,,True,2026-10-03T16:55:17.201808+07:00,1055.2305209200003,0.03312020299927099,OK,,True,1576,0.197,,2026-10-03T16:55:17.234932+07:00,1055.263646419,0.033034037000106764,OK,,True,2773,0.346625,
ab14be9977d645198f54717810b879c8,1057,2026-10-03T16:55:18.015799+07:00,1056.044505023001,88.44774244400105,EXPOSURE,1056.1954360520003,0.9998989380001149,0.2516613589996268,8.914700083550997e-05,DISABLED,on,user_reported,36.636226654052734,54.62434768676758,1007.09625,106844.7421875,True,True,True,176,0,0,109,178,101,2026-10-03T16:55:18.015882+07:00,1056.0445997250008,0.18581387499943958,OK,,True,2026-10-03T16:55:18.201707+07:00,1056.2304209890008,0.03293187199960812,OK,,True,1571,0.196375,,2026-10-03T16:55:18.234639+07:00,1056.2633555270004,0.0328029289994447,OK,,True,2771,0.346375,
ab14be9977d645198f54717810b879c8,1058,2026-10-03T16:55:19.015807+07:00,1057.0445137820006,89.44775120300073,EXPOSURE,1057.195444811,1.0000087589996838,0.25163799099937023,9.790600051928777e-05,DISABLED,on,user_reported,36.635589599609375,54.630645751953125,1007.054140625,105916.421875,True,True,True,176,0,0,109,179,101,2026-10-03T16:55:19.015891+07:00,1057.0446082810013,0.1857991539982322,OK,,True,2026-10-03T16:55:19.201699+07:00,1057.2304145830003,0.03292863199931162,OK,,True,1571,0.196375,,2026-10-03T16:55:19.234628+07:00,1057.2633458260007,0.03279800299969793,OK,,True,2775,0.346875,
ab14be9977d645198f54717810b879c8,1059,2026-10-03T16:55:20.015794+07:00,1058.0445003280001,90.44773774900023,EXPOSURE,1058.1954313569995,0.9999865459994908,0.25167777100068633,8.445200001006015e-05,DISABLED,on,user_reported,36.63112258911133,54.62997817993164,1007.060625,107045.7890625,True,True,True,176,0,0,109,178,101,2026-10-03T16:55:20.015876+07:00,1058.0445935490006,0.1858100449990161,OK,,True,2026-10-03T16:55:20.201697+07:00,1058.2304113160008,0.03293411300001026,OK,,True,1572,0.1965,,2026-10-03T16:55:20.234632+07:00,1058.263348503,0.03282198499982769,OK,,True,2769,0.346125,
ab14be9977d645198f54717810b879c8,1060,2026-10-03T16:55:21.015903+07:00,1059.0446005850008,91.4478380060009,EXPOSURE,1059.1955316140002,1.0001002570006676,0.2624540659999184,0.00018470900067768525,DISABLED,on,user_reported,36.63175964355469,54.617305755615234,1007.04109375,106644.4453125,True,True,True,176,0,0,109,178,101,2026-10-03T16:55:21.016040+07:00,1059.04475662,0.19138292200113938,OK,,True,2026-10-03T16:55:21.207446+07:00,1059.2361555610005,0.036067073999220156,OK,,True,1559,0.194875,,2026-10-03T16:55:21.243519+07:00,1059.272231543,0.03480282999953488,OK,,True,2782,0.34775,
ab14be9977d645198f54717810b879c8,1061,2026-10-03T16:55:22.015826+07:00,1060.044530741001,92.44776816200101,EXPOSURE,1060.1954617700003,0.9999301560001186,0.25197101199955796,0.00011486500079627149,DISABLED,on,user_reported,36.642608642578125,54.631683349609375,1007.024453125,106577.8515625,True,True,True,176,0,0,109,178,101,2026-10-03T16:55:22.015914+07:00,1060.044631277,0.1858138070001587,OK,,True,2026-10-03T16:55:22.201740+07:00,1060.230453399001,0.0330995559997973,OK,,True,1573,0.196625,,2026-10-03T16:55:22.234844+07:00,1060.263558085,0.0329340759999468,OK,,True,2773,0.346625,
ab14be9977d645198f54717810b879c8,1062,2026-10-03T16:55:23.015799+07:00,1061.0445056090011,93.44774303000122,EXPOSURE,1061.1954366380005,0.9999748680002085,0.2516671289995429,8.97330010047881e-05,DISABLED,on,user_reported,36.64133071899414,54.637882232666016,1007.015625,106312.2890625,True,True,True,176,0,0,109,178,101,2026-10-03T16:55:23.015885+07:00,1061.0446029779996,0.1858100130011735,OK,,True,2026-10-03T16:55:23.201707+07:00,1061.2304206019999,0.03293789199960884,OK,,True,1556,0.1945,,2026-10-03T16:55:23.234644+07:00,1061.263361456,0.03280344900122145,OK,,True,2772,0.34650000000000003,
ab14be9977d645198f54717810b879c8,1063,2026-10-03T16:55:24.015806+07:00,1062.0445112819998,94.44774870299989,EXPOSURE,1062.1954423109992,1.0000056729986682,0.2516792420010461,9.540599967294838e-05,DISABLED,on,user_reported,36.63750457763672,54.63731384277344,1006.98890625,107112.96875,True,True,True,176,0,0,109,178,101,2026-10-03T16:55:24.015890+07:00,1062.0446075210002,0.18581910700049775,OK,,True,2026-10-03T16:55:24.201720+07:00,1062.2304349059996,0.03294389100119588,OK,,True,1559,0.194875,,2026-10-03T16:55:24.234665+07:00,1062.263381779001,0.032799670998429065,OK,,True,2770,0.34625,
ab14be9977d645198f54717810b879c8,1064,2026-10-03T16:55:25.015795+07:00,1063.044501796001,95.44773921700107,EXPOSURE,1063.1954328250004,0.9999905140011833,0.25180352099960146,8.59200008562766e-05,DISABLED,on,user_reported,36.643245697021484,54.64454650878906,1007.01875,106444.90625,True,True,True,176,0,0,109,178,101,2026-10-03T16:55:25.015881+07:00,1063.0445990910011,0.18580890499833913,OK,,True,2026-10-03T16:55:25.201702+07:00,1063.2304157180006,0.0329558729990822,OK,,True,1559,0.194875,,2026-10-03T16:55:25.234658+07:00,1063.2633746840002,0.032921539999733795,OK,,True,2771,0.346375,
ab14be9977d645198f54717810b879c8,1065,2026-10-03T16:55:26.015795+07:00,1064.0445019119998,96.44773933299984,EXPOSURE,1064.1954329409991,1.0000001159987733,0.2517415050006093,8.603599962953012e-05,DISABLED,on,user_reported,36.6394157409668,54.61204528808594,1007.03296875,106246.109375,True,True,True,176,0,0,109,178,101,2026-10-03T16:55:26.015881+07:00,1064.044598503,0.18581675799941877,OK,,True,2026-10-03T16:55:26.201710+07:00,1064.2304236500004,0.032968761999654816,OK,,True,1555,0.194375,,2026-10-03T16:55:26.234679+07:00,1064.2633959680006,0.03283904099953361,OK,,True,2774,0.34675,
ab14be9977d645198f54717810b879c8,1066,2026-10-03T16:55:27.015996+07:00,1065.0446878300008,97.44792525100092,EXPOSURE,1065.1956188590002,1.0001859180010797,0.25426980900010676,0.00027195400070922915,DISABLED,on,user_reported,36.635589599609375,54.62425994873047,1007.15671875,106511.3359375,True,True,True,176,0,0,109,178,101,2026-10-03T16:55:27.016177+07:00,1065.0448922160012,0.18785973499871034,OK,,True,2026-10-03T16:55:27.204048+07:00,1065.2327616170005,0.033302350999292685,OK,,True,1563,0.195375,,2026-10-03T16:55:27.237352+07:00,1065.2660679680012,0.03288067099856562,OK,,True,2765,0.345625,
ab14be9977d645198f54717810b879c8,1067,2026-10-03T16:55:28.015797+07:00,1066.0445035009998,98.44774092199987,EXPOSURE,1066.1954345299991,0.9998156709989416,0.2517446390011173,8.762499965087045e-05,DISABLED,on,user_reported,36.636863708496094,54.63722229003906,1007.12453125,106444.90625,True,True,True,176,0,0,109,178,101,2026-10-03T16:55:28.015882+07:00,1066.0445999820004,0.18582053799946152,OK,,True,2026-10-03T16:55:28.201715+07:00,1066.2304289830008,0.0329797630001849,OK,,True,1573,0.196625,,2026-10-03T16:55:28.234694+07:00,1066.2634118389997,0.03282872700037842,OK,,True,2768,0.34600000000000003,
ab14be9977d645198f54717810b879c8,1068,2026-10-03T16:55:29.015794+07:00,1067.044500438,99.44773785899997,EXPOSURE,1067.1954314669993,0.9999969370001054,0.25173564100077783,8.456199975626078e-05,DISABLED,on,user_reported,36.64962387084961,54.62633514404297,1007.070078125,106711.1328125,True,True,True,176,0,0,109,178,101,2026-10-03T16:55:29.015879+07:00,1067.0445962890008,0.18581226300011622,OK,,True,2026-10-03T16:55:29.201704+07:00,1067.230416755001,0.032972077999147587,OK,,True,1574,0.19675,,2026-10-03T16:55:29.234675+07:00,1067.2633918700012,0.03283583899974474,OK,,True,2773,0.346625,
ab14be9977d645198f54717810b879c8,1069,2026-10-03T16:55:30.015794+07:00,1068.0445009579998,100.44773837899993,EXPOSURE,1068.1954319869992,1.0000005199999578,0.25174243900073634,8.508199971402064e-05,DISABLED,on,user_reported,36.647071838378906,54.61957550048828,1007.038671875,105850.734375,True,True,True,176,0,0,109,178,101,2026-10-03T16:55:30.015879+07:00,1068.0445963639995,0.18581609800094157,OK,,True,2026-10-03T16:55:30.201707+07:00,1068.2304206469998,0.03297346700128401,OK,,True,1571,0.196375,,2026-10-03T16:55:30.234681+07:00,1068.263397355,0.032837394001035136,OK,,True,2772,0.34650000000000003,
ab14be9977d645198f54717810b879c8,1070,2026-10-03T16:55:31.015794+07:00,1069.0445015040004,101.44773892500052,EXPOSURE,1069.1954325329998,1.0000005460005923,0.2517378489992552,8.562800030631479e-05,DISABLED,on,user_reported,36.6534538269043,54.62052917480469,1007.09,106511.3359375,True,True,True,176,0,0,109,178,101,2026-10-03T16:55:31.015879+07:00,1069.0445964480004,0.18581726599950343,OK,,True,2026-10-03T16:55:31.201709+07:00,1069.2304225099997,0.03297752300022694,OK,,True,1578,0.19725,,2026-10-03T16:55:31.234686+07:00,1069.263403033001,0.03282831999968039,OK,,True,2773,0.346625,
ab14be9977d645198f54717810b879c8,1071,2026-10-03T16:55:32.015845+07:00,1070.0445478370002,102.4477852580003,EXPOSURE,1070.1954788659996,1.0000463329997729,0.260642908000591,0.00013196100007917266,DISABLED,on,user_reported,36.64771270751953,54.61967086791992,1007.073828125,106246.109375,True,True,True,176,0,0,109,178,101,2026-10-03T16:55:32.015936+07:00,1070.0446529830006,0.18991886599906138,OK,,True,2026-10-03T16:55:32.205881+07:00,1070.234590293001,0.036349481999423006,OK,,True,1570,0.19625,,2026-10-03T16:55:32.242242+07:00,1070.2709526449999,0.03421567500117817,OK,,True,2773,0.346625,
ab14be9977d645198f54717810b879c8,1072,2026-10-03T16:55:33.015885+07:00,1071.0445850100004,103.44782243100053,EXPOSURE,1071.1955160389998,1.000037173000237,0.26211213399983535,0.00016913400031626225,DISABLED,on,user_reported,36.63877868652344,54.60557174682617,1007.059453125,106048.0546875,True,True,True,176,0,0,109,178,101,2026-10-03T16:55:33.016010+07:00,1071.0447265269995,0.19115250000140804,OK,,True,2026-10-03T16:55:33.207184+07:00,1071.2358945270007,0.03549988200029475,OK,,True,1551,0.193875,,2026-10-03T16:55:33.242688+07:00,1071.2714023709996,0.03527712499999325,OK,,True,2783,0.347875,
ab14be9977d645198f54717810b879c8,1073,2026-10-03T16:55:34.015897+07:00,1072.0445968040003,104.4478342250004,EXPOSURE,1072.1955278329997,1.0000117939998745,0.25269282500084955,0.00018092800019076094,DISABLED,on,user_reported,36.64069366455078,54.612239837646484,1007.069296875,106577.8515625,True,True,True,176,0,0,109,178,101,2026-10-03T16:55:34.016019+07:00,1072.0447346540004,0.18647654000051261,OK,,True,2026-10-03T16:55:34.202506+07:00,1072.2312197499996,0.03323796500080789,OK,,True,1563,0.195375,,2026-10-03T16:55:34.235744+07:00,1072.2644610300013,0.03282022899838921,OK,,True,2771,0.346375,
ab14be9977d645198f54717810b879c8,1074,2026-10-03T16:55:35.015800+07:00,1073.0445067180008,105.44774413900086,EXPOSURE,1073.1954377470001,0.9999099140004546,0.2517340239992336,9.084200064535253e-05,DISABLED,on,user_reported,36.643882751464844,54.61271286010742,1007.040234375,106048.0546875,True,True,True,176,0,0,109,178,101,2026-10-03T16:55:35.015884+07:00,1073.044601347001,0.1858180130002438,OK,,True,2026-10-03T16:55:35.201714+07:00,1073.2304277300009,0.03296693099946424,OK,,True,1561,0.195125,,2026-10-03T16:55:35.234681+07:00,1073.2633975870012,0.03283474799900432,OK,,True,2770,0.34625,
ab14be9977d645198f54717810b879c8,1075,2026-10-03T16:55:36.015796+07:00,1074.0445028989998,106.44774031999987,EXPOSURE,1074.1954339279991,0.9999961809990054,0.25170321200130275,8.702299965079874e-05,DISABLED,on,user_reported,36.643882751464844,54.606327056884766,1007.0540625,106777.890625,True,True,True,176,0,0,109,178,101,2026-10-03T16:55:36.015877+07:00,1074.0445943610011,0.18581695899956685,OK,,True,2026-10-03T16:55:36.201706+07:00,1074.2304196900004,0.032958449999568984,OK,,True,1569,0.196125,,2026-10-03T16:55:36.234664+07:00,1074.263381103001,0.032816766999530955,OK,,True,2773,0.346625,
ab14be9977d645198f54717810b879c8,1076,2026-10-03T16:55:37.015911+07:00,1075.0446122909998,107.44784971199988,EXPOSURE,1075.1955433199992,1.000109392000013,0.2557769790000748,0.0001964149996638298,DISABLED,on,user_reported,36.63814163208008,54.61186218261719,1007.024140625,106711.1328125,True,True,True,176,0,0,109,178,101,2026-10-03T16:55:37.016013+07:00,1075.0447305300004,0.18592777400044724,OK,,True,2026-10-03T16:55:37.201953+07:00,1075.2306666000004,0.0355466040000465,OK,,True,1566,0.19575,,2026-10-03T16:55:37.237509+07:00,1075.2662211670013,0.03415541799950006,OK,,True,2750,0.34375,
ab14be9977d645198f54717810b879c8,1077,2026-10-03T16:55:38.015807+07:00,1076.0445130629996,108.4477504839997,EXPOSURE,1076.195444091999,0.999900771999819,0.2517406410006515,9.718699948280118e-05,DISABLED,on,user_reported,36.634952545166016,54.60499572753906,1007.046328125,106444.90625,True,True,True,176,0,0,109,178,101,2026-10-03T16:55:38.015890+07:00,1076.0446075060008,0.18581929599895375,OK,,True,2026-10-03T16:55:38.201721+07:00,1076.230434727,0.03297956200003682,OK,,True,1571,0.196375,,2026-10-03T16:55:38.234702+07:00,1076.2634179369998,0.0328265640000609,OK,,True,2774,0.34675,
ab14be9977d645198f54717810b879c8,1078,2026-10-03T16:55:39.016100+07:00,1077.0447758400005,109.4480132610006,EXPOSURE,1077.1957068689999,1.0002627770008985,0.2614756170005421,0.0003599640003812965,DISABLED,on,user_reported,36.642608642578125,54.612525939941406,1006.9765625,105850.734375,True,True,True,176,0,0,109,178,101,2026-10-03T16:55:39.016273+07:00,1077.0449897440012,0.19064318299933802,OK,,True,2026-10-03T16:55:39.206938+07:00,1077.235647779,0.035417328001130954,OK,,True,1591,0.198875,,2026-10-03T16:55:39.242360+07:00,1077.2710734780012,0.035158627999408054,OK,,True,2789,0.348625,
ab14be9977d645198f54717810b879c8,1079,2026-10-03T16:55:40.024775+07:00,1078.053411541001,110.45664896200105,EXPOSURE,1078.2043425700003,1.0086357010004576,0.2632218210001156,0.008995665000838926,DISABLED,on,user_reported,36.63175964355469,54.617305755615234,1006.97265625,105785.125,True,True,True,176,0,0,109,178,101,2026-10-03T16:55:40.024932+07:00,1078.0536484090007,0.191634893999435,OK,,True,2026-10-03T16:55:40.216590+07:00,1078.2453000799997,0.03606287700131361,OK,,True,1573,0.196625,,2026-10-03T16:55:40.252657+07:00,1078.2813714200001,0.035242461000962066,OK,,True,2779,0.347375,
ab14be9977d645198f54717810b879c8,1080,2026-10-03T16:55:41.015935+07:00,1079.044630851,111.44786827200005,EXPOSURE,1079.1955618799993,0.9912193099989963,0.25270893200104183,0.00021497499983524904,DISABLED,on,user_reported,36.64069366455078,54.612239837646484,1007.1171875,106113.9921875,True,True,True,176,0,0,109,178,101,2026-10-03T16:55:41.016103+07:00,1079.0448191079995,0.18665321600019524,OK,,True,2026-10-03T16:55:41.202767+07:00,1079.2314807679995,0.032985748001010506,OK,,True,1569,0.196125,,2026-10-03T16:55:41.235753+07:00,1079.2644699049997,0.03286173000014969,OK,,True,2774,0.34675,
ab14be9977d645198f54717810b879c8,1081,2026-10-03T16:55:42.015882+07:00,1080.0445840640004,112.44782148500053,EXPOSURE,1080.1955150929998,0.9999532130004809,0.2534527209991211,0.00016818800031614956,DISABLED,on,user_reported,36.636226654052734,54.60519027709961,1007.089375,106644.4453125,True,True,True,176,0,0,109,178,101,2026-10-03T16:55:42.015976+07:00,1080.044693451,0.18585972700020648,OK,,True,2026-10-03T16:55:42.201848+07:00,1080.2305612889995,0.0331198760013649,OK,,True,1557,0.194625,,2026-10-03T16:55:42.234972+07:00,1080.263685887001,0.03433371299979626,OK,,True,2772,0.34650000000000003,
ab14be9977d645198f54717810b879c8,1082,2026-10-03T16:55:43.015804+07:00,1081.0445105990002,113.44774802000029,EXPOSURE,1081.1954416279996,0.9999265349997586,0.2517597440000827,9.472300007473677e-05,DISABLED,on,user_reported,36.6394157409668,54.60565948486328,1007.0740625,105916.421875,True,True,True,176,0,0,109,178,101,2026-10-03T16:55:43.015885+07:00,1081.0446031720003,0.1858269879994623,OK,,True,2026-10-03T16:55:43.201725+07:00,1081.2304386230007,0.032969877998766606,OK,,True,1559,0.194875,,2026-10-03T16:55:43.234695+07:00,1081.2634114270004,0.03285054600019066,OK,,True,2776,0.34700000000000003,
ab14be9977d645198f54717810b879c8,1083,2026-10-03T16:55:44.015803+07:00,1082.044509624,114.44774704500014,EXPOSURE,1082.1954406529994,0.9999990249998518,0.2517672459998721,9.374799992656335e-05,DISABLED,on,user_reported,36.64069366455078,54.61862564086914,1007.1103125,106644.4453125,True,True,True,176,0,0,109,178,101,2026-10-03T16:55:44.015886+07:00,1082.0446037340007,0.18582345200047712,OK,,True,2026-10-03T16:55:44.201723+07:00,1082.2304361490005,0.032984211000439245,OK,,True,1570,0.19625,,2026-10-03T16:55:44.234707+07:00,1082.2634236940012,0.03284434299894201,OK,,True,2772,0.34650000000000003,
ab14be9977d645198f54717810b879c8,1084,2026-10-03T16:55:45.015800+07:00,1083.0445065269996,115.4477439479997,EXPOSURE,1083.195437555999,0.9999969029995555,0.2517891920015245,9.06509994820226e-05,DISABLED,on,user_reported,36.635589599609375,54.61787414550781,1007.074609375,106113.9921875,True,True,True,176,0,0,109,178,101,2026-10-03T16:55:45.015881+07:00,1083.044598507,0.1858238059994619,OK,,True,2026-10-03T16:55:45.201717+07:00,1083.2304303680012,0.03299198999957298,OK,,True,1570,0.19625,,2026-10-03T16:55:45.234710+07:00,1083.2634261350013,0.03286071399998036,OK,,True,2772,0.34650000000000003,
ab14be9977d645198f54717810b879c8,1085,2026-10-03T16:55:46.015800+07:00,1084.0445064750002,116.44774389600025,EXPOSURE,1084.1954375039995,0.9999999480005499,0.2633711470007256,9.059900003194343e-05,DISABLED,on,user_reported,36.635589599609375,54.61787414550781,1007.081484375,106113.9921875,True,True,True,176,0,0,109,178,101,2026-10-03T16:55:46.015881+07:00,1084.0445988810006,0.18972631599899614,OK,,True,2026-10-03T16:55:46.205659+07:00,1084.2343699739995,0.03683116500178585,OK,,True,1577,0.197125,,2026-10-03T16:55:46.242495+07:00,1084.2712095280003,0.03665114899922628,OK,,True,2778,0.34725,
ab14be9977d645198f54717810b879c8,1086,2026-10-03T16:55:47.015870+07:00,1085.0445659489997,117.44780336999975,EXPOSURE,1085.195496977999,1.0000594739994995,0.25517180300084874,0.00015007299953140318,DISABLED,on,user_reported,36.641971588134766,54.61881637573242,1007.0440625,106378.5546875,True,True,True,176,0,0,109,178,101,2026-10-03T16:55:47.016032+07:00,1085.0447480020011,0.1871014419994026,OK,,True,2026-10-03T16:55:47.203148+07:00,1085.2318607400011,0.03494198499902268,OK,,True,1562,0.19525,,2026-10-03T16:55:47.238094+07:00,1085.2668080210005,0.032920675999775995,OK,,True,2767,0.345875,
ab14be9977d645198f54717810b879c8,1087,2026-10-03T16:55:48.015792+07:00,1086.0444997100003,118.4477371310004,EXPOSURE,1086.1954307389997,0.9999337610006478,0.2520067890000064,8.383400017919485e-05,DISABLED,on,user_reported,36.64452362060547,54.606422424316406,1007.08234375,105916.421875,True,True,True,176,0,0,109,178,101,2026-10-03T16:55:48.015876+07:00,1086.044593894001,0.18582575499931409,OK,,True,2026-10-03T16:55:48.201716+07:00,1086.2304289269996,0.033213395001439494,OK,,True,1562,0.19525,,2026-10-03T16:55:48.234933+07:00,1086.2636471180012,0.03285019599934458,OK,,True,2772,0.34650000000000003,
ab14be9977d645198f54717810b879c8,1088,2026-10-03T16:55:49.015793+07:00,1087.0444994789996,119.44773689999965,EXPOSURE,1087.195430507999,0.9999997689992597,0.2520676970016211,8.360299943888094e-05,DISABLED,on,user_reported,36.647071838378906,54.61957550048828,1007.05234375,106246.109375,True,True,True,176,0,0,109,178,101,2026-10-03T16:55:49.015875+07:00,1087.0445922,0.18582251600128075,OK,,True,2026-10-03T16:55:49.201710+07:00,1087.2304232710012,0.03320674699898518,OK,,True,1559,0.194875,,2026-10-03T16:55:49.234921+07:00,1087.263634926001,0.03292297199914174,OK,,True,2771,0.346375,
ab14be9977d645198f54717810b879c8,1089,2026-10-03T16:55:50.015803+07:00,1088.0445083859995,0.4477458069995919,WAIT_RECOVERY,1088.1954394149989,1.0000089069999376,0.2521073650004837,9.250999937648885e-05,DISABLED,on,user_reported,36.643245697021484,54.625389099121094,1006.998203125,106577.8515625,True,True,True,176,0,0,109,178,101,2026-10-03T16:55:50.015885+07:00,1088.0446031070005,0.1858274980004353,OK,,True,2026-10-03T16:55:50.201725+07:00,1088.2304387349996,0.03325067200057674,OK,,True,1579,0.197375,,2026-10-03T16:55:50.234979+07:00,1088.263693963001,0.032912879998548306,OK,,True,2770,0.34625,
ab14be9977d645198f54717810b879c8,1090,2026-10-03T16:55:51.015798+07:00,1089.0445054299998,1.44774285099993,WAIT_RECOVERY,1089.1954364589992,0.9999970440003381,0.2520187749996694,8.955399971455336e-05,DISABLED,on,user_reported,36.63240051269531,54.60462188720703,1007.0284375,106577.8515625,True,True,True,176,0,0,109,178,101,2026-10-03T16:55:51.015877+07:00,1089.0445943550003,0.18582727700049873,OK,,True,2026-10-03T16:55:51.201715+07:00,1089.2304293360012,0.033013453999956255,OK,,True,1564,0.1955,,2026-10-03T16:55:51.234730+07:00,1089.2634459929996,0.033067842001401004,OK,,True,2770,0.34625,
ab14be9977d645198f54717810b879c8,1091,2026-10-03T16:55:52.015797+07:00,1090.0445039450005,2.4477413660006277,WAIT_RECOVERY,1090.195434974,0.9999985150006978,0.26566481699956057,8.806900041236077e-05,DISABLED,on,user_reported,36.64452362060547,54.606422424316406,1007.01390625,106180.0078125,True,True,True,176,0,0,109,178,101,2026-10-03T16:55:52.015879+07:00,1090.0445964990013,0.19403421799870557,OK,,True,2026-10-03T16:55:52.209945+07:00,1090.238652420001,0.036180915998556884,OK,,True,1553,0.194125,,2026-10-03T16:55:52.246126+07:00,1090.2748397060004,0.03531485299936321,OK,,True,2755,0.344375,
ab14be9977d645198f54717810b879c8,1092,2026-10-03T16:55:53.015805+07:00,1091.0445117090003,3.447749130000375,WAIT_RECOVERY,1091.1954427379997,1.0000077639997471,0.25313030300094397,9.583300015947316e-05,DISABLED,on,user_reported,36.642608642578125,54.61891174316406,1007.024453125,106511.3359375,True,True,True,176,0,0,109,178,101,2026-10-03T16:55:53.015887+07:00,1091.0446042820004,0.18584713199925318,OK,,True,2026-10-03T16:55:53.201748+07:00,1091.230461395,0.03316454500054533,OK,,True,1565,0.195625,,2026-10-03T16:55:53.234917+07:00,1091.2636309589998,0.03400073900047573,OK,,True,2765,0.345625,
ab14be9977d645198f54717810b879c8,1093,2026-10-03T16:55:54.015795+07:00,1092.0445027220012,4.447740143001283,WAIT_RECOVERY,1092.1954337510006,0.9999910130009084,0.25280784599999606,8.68460010678973e-05,DISABLED,on,user_reported,36.63877868652344,54.618343353271484,1007.04578125,106113.9921875,True,True,True,176,0,0,109,178,101,2026-10-03T16:55:54.015875+07:00,1092.0445929609996,0.18624544400154264,OK,,True,2026-10-03T16:55:54.202134+07:00,1092.230848090001,0.03330304399969464,OK,,True,1566,0.19575,,2026-10-03T16:55:54.235442+07:00,1092.2641563750003,0.033141600999442744,OK,,True,2775,0.346875,
ab14be9977d645198f54717810b879c8,1094,2026-10-03T16:55:55.015796+07:00,1093.0445032790012,5.4477407000013045,WAIT_RECOVERY,1093.1954343080006,1.0000005570000212,0.25335604599968065,8.74030010891147e-05,DISABLED,on,user_reported,36.640052795410156,54.61853790283203,1007.006640625,106378.5546875,True,True,True,176,0,0,109,178,101,2026-10-03T16:55:55.015877+07:00,1093.0445937969998,0.18592876399998204,OK,,True,2026-10-03T16:55:55.201818+07:00,1093.2305320240011,0.034397400999296224,OK,,True,1561,0.195125,,2026-10-03T16:55:55.236221+07:00,1093.2649347019997,0.032914975001403945,OK,,True,2773,0.346625,
ab14be9977d645198f54717810b879c8,1095,2026-10-03T16:55:56.015931+07:00,1094.0446375290012,6.447874950001278,WAIT_RECOVERY,1094.1955685580006,1.0001342499999737,0.2543796649988508,0.00022165300106280483,DISABLED,on,user_reported,36.63303756713867,54.6302604675293,1007.1115625,106378.5546875,True,True,True,176,0,0,109,178,101,2026-10-03T16:55:56.016017+07:00,1094.0447345280008,0.18619424299868115,OK,,True,2026-10-03T16:55:56.202226+07:00,1094.2309389380007,0.03497789399989415,OK,,True,1558,0.19475,,2026-10-03T16:55:56.237209+07:00,1094.2659227389995,0.03308375100095873,OK,,True,2771,0.346375,
ab14be9977d645198f54717810b879c8,1096,2026-10-03T16:55:57.015848+07:00,1095.0445551960001,7.447792617000232,WAIT_RECOVERY,1095.1954862249995,0.9999176669989538,0.2584060440003668,0.00013932000001659617,DISABLED,on,user_reported,36.634315490722656,54.61768341064453,1007.106796875,105785.125,True,True,True,176,0,0,109,178,101,2026-10-03T16:55:57.015931+07:00,1095.0446489540009,0.18585132299995166,OK,,True,2026-10-03T16:55:57.201796+07:00,1095.2305101849997,0.0353383900001063,OK,,True,1552,0.194,,2026-10-03T16:55:57.237153+07:00,1095.2658626310003,0.03707312799997453,OK,,True,2772,0.34650000000000003,
ab14be9977d645198f54717810b879c8,1097,2026-10-03T16:55:58.015815+07:00,1096.044521574,8.447758995000186,WAIT_RECOVERY,1096.1954526029995,0.9999663779999537,0.2563233310011128,0.00010569799997028895,DISABLED,on,user_reported,36.634952545166016,54.617767333984375,1007.066875,106378.5546875,True,True,True,176,0,0,109,178,101,2026-10-03T16:55:58.015897+07:00,1096.0446144440011,0.1889970269985497,OK,,True,2026-10-03T16:55:58.204909+07:00,1096.2336218050004,0.033940407000045525,OK,,True,1572,0.1965,,2026-10-03T16:55:58.238853+07:00,1096.2675673600006,0.033265267999013304,OK,,True,2762,0.34525,
ab14be9977d645198f54717810b879c8,1098,2026-10-03T16:55:59.015803+07:00,1097.044509794001,9.447747215001073,WAIT_RECOVERY,1097.1954408230004,0.9999882200008869,0.253370256999915,9.391800085722934e-05,DISABLED,on,user_reported,36.634952545166016,54.63692855834961,1007.08734375,106511.3359375,True,True,True,176,0,0,109,178,101,2026-10-03T16:55:59.015887+07:00,1097.0446043110005,0.18609284199919784,OK,,True,2026-10-03T16:55:59.201993+07:00,1097.2307056900008,0.03306202899875643,OK,,True,1561,0.195125,,2026-10-03T16:55:59.235064+07:00,1097.2637767380002,0.034090979999746196,OK,,True,2768,0.34600000000000003,
ab14be9977d645198f54717810b879c8,1099,2026-10-03T16:56:00.015802+07:00,1098.0445086510008,10.447746072000882,WAIT_RECOVERY,1098.1954396800002,0.9999988569998095,0.25171125999986543,9.277500066673383e-05,DISABLED,on,user_reported,36.629844665527344,54.6234016418457,1007.04484375,106048.0546875,True,True,True,176,0,0,109,179,101,2026-10-03T16:56:00.015904+07:00,1098.0446210749997,0.18583967999984452,OK,,True,2026-10-03T16:56:00.201757+07:00,1098.2304701070007,0.032564794999416335,OK,,True,1545,0.193125,,2026-10-03T16:56:00.234326+07:00,1098.2630402530012,0.03316741799972078,OK,,True,2771,0.346375,
ab14be9977d645198f54717810b879c8,1100,2026-10-03T16:56:01.015797+07:00,1099.0445035520006,11.447740973000691,WAIT_RECOVERY,1099.195434581,0.999994900999809,0.25324411499968846,8.767600047576707e-05,DISABLED,on,user_reported,36.629844665527344,54.62978744506836,1007.024296875,106246.109375,True,True,True,176,0,0,109,178,101,2026-10-03T16:56:01.015880+07:00,1099.0445972550006,0.18597071700060042,OK,,True,2026-10-03T16:56:01.201861+07:00,1099.2305743979996,0.03458575200056657,OK,,True,1557,0.194625,,2026-10-03T16:56:01.236453+07:00,1099.2651663159995,0.032569036000495544,OK,,True,2755,0.344375,
ab14be9977d645198f54717810b879c8,1101,2026-10-03T16:56:02.015887+07:00,1100.0445918130008,12.447829234000892,WAIT_RECOVERY,1100.1955228420002,1.0000882610002009,0.2560868419986946,0.0001759370006766403,DISABLED,on,user_reported,36.627296447753906,54.63578796386719,1007.06125,106577.8515625,True,True,True,176,0,0,109,178,101,2026-10-03T16:56:02.015974+07:00,1100.0446914040003,0.18588273800014576,OK,,True,2026-10-03T16:56:02.201870+07:00,1100.2305832350012,0.03673998599879269,OK,,True,1565,0.195625,,2026-10-03T16:56:02.238619+07:00,1100.2673304060008,0.03332678599872452,OK,,True,2755,0.344375,
ab14be9977d645198f54717810b879c8,1102,2026-10-03T16:56:03.015803+07:00,1101.044511176,13.4477485970001,WAIT_RECOVERY,1101.1954422049994,0.9999193629992078,0.2552715199999511,9.529999988444615e-05,DISABLED,on,user_reported,36.62665557861328,54.63570022583008,1007.101328125,106246.109375,True,True,True,176,0,0,109,178,101,2026-10-03T16:56:03.015881+07:00,1101.0445988789998,0.18581025800085627,OK,,True,2026-10-03T16:56:03.201703+07:00,1101.2304170629995,0.035474131000228226,OK,,True,1567,0.195875,,2026-10-03T16:56:03.237185+07:00,1101.2658980270007,0.03386881699952937,OK,,True,2750,0.34375,
ab14be9977d645198f54717810b879c8,1103,2026-10-03T16:56:04.015803+07:00,1102.0445100460001,14.447747467000227,WAIT_RECOVERY,1102.1954410749995,0.9999988700001268,0.25554881500102056,9.417000001121778e-05,DISABLED,on,user_reported,36.63175964355469,54.63645935058594,1007.075234375,105719.59375,True,True,True,176,0,0,109,178,101,2026-10-03T16:56:04.015883+07:00,1102.0446012850007,0.18581670499952452,OK,,True,2026-10-03T16:56:04.201713+07:00,1102.2304264530012,0.03554701899884094,OK,,True,1563,0.195375,,2026-10-03T16:56:04.237265+07:00,1102.2659789540012,0.034065184998326004,OK,,True,2752,0.34400000000000003,
ab14be9977d645198f54717810b879c8,1104,2026-10-03T16:56:05.015801+07:00,1103.0445077940003,15.447745215000396,WAIT_RECOVERY,1103.1954388229997,0.9999977480001689,0.2526034080001409,9.191800018015783e-05,DISABLED,on,user_reported,36.629844665527344,54.63617706298828,1007.038046875,106113.9921875,True,True,True,176,0,0,109,178,101,2026-10-03T16:56:05.015881+07:00,1103.044598923001,0.1858168899998418,OK,,True,2026-10-03T16:56:05.201709+07:00,1103.230423758001,0.03295236499980092,OK,,True,1571,0.196375,,2026-10-03T16:56:05.234663+07:00,1103.2633792710003,0.03372000499985006,OK,,True,2772,0.34650000000000003,
ab14be9977d645198f54717810b879c8,1105,2026-10-03T16:56:06.015795+07:00,1104.0445018829996,16.447739303999697,WAIT_RECOVERY,1104.195432911999,0.9999940889993013,0.25451198000155273,8.600699948146939e-05,DISABLED,on,user_reported,36.63175964355469,54.63645935058594,1007.02734375,106378.5546875,True,True,True,176,0,0,109,178,101,2026-10-03T16:56:06.015878+07:00,1104.044595456,0.1858170039995457,OK,,True,2026-10-03T16:56:06.201706+07:00,1104.2304203120002,0.03324645400061854,OK,,True,1558,0.19475,,2026-10-03T16:56:06.234954+07:00,1104.263670137001,0.035331744998984504,OK,,True,2761,0.345125,
ab14be9977d645198f54717810b879c8,1106,2026-10-03T16:56:07.015833+07:00,1105.0445377020005,17.44777512300061,WAIT_RECOVERY,1105.195468731,1.0000358190009138,0.2525960969996959,0.00012182600039523095,DISABLED,on,user_reported,36.63303756713867,54.64942169189453,1007.036328125,106444.90625,True,True,True,176,0,0,109,178,101,2026-10-03T16:56:07.015926+07:00,1105.0446438119998,0.18584002300121938,OK,,True,2026-10-03T16:56:07.201779+07:00,1105.23049265,0.03305588300099771,OK,,True,1568,0.196,,2026-10-03T16:56:07.234838+07:00,1105.2635529590007,0.03356641499885882,OK,,True,2772,0.34650000000000003,
ab14be9977d645198f54717810b879c8,1107,2026-10-03T16:56:08.015840+07:00,1106.044537418,18.447774838999976,WAIT_RECOVERY,1106.1954684469993,0.9999997159993654,0.26929903000018385,0.00012154199976066593,DISABLED,on,user_reported,36.629207611083984,54.655235290527344,1007.030078125,106644.4453125,True,True,True,176,0,0,109,178,101,2026-10-03T16:56:08.015996+07:00,1106.0447113789996,0.1917532140014373,OK,,True,2026-10-03T16:56:08.207769+07:00,1106.2364801290005,0.03545122600007744,OK,,True,1552,0.194,,2026-10-03T16:56:08.243225+07:00,1106.271939614,0.04187429699959466,OK,,True,2788,0.34850000000000003,
ab14be9977d645198f54717810b879c8,1108,2026-10-03T16:56:09.015874+07:00,1107.044570864,19.447808285000065,WAIT_RECOVERY,1107.1955018929993,1.0000334460000886,0.26256220399955055,0.00015498799984925427,DISABLED,on,user_reported,36.627296447753906,54.64217758178711,1007.04765625,106180.0078125,True,True,True,176,0,0,109,178,101,2026-10-03T16:56:09.016034+07:00,1107.0447499170004,0.19174851199932164,OK,,True,2026-10-03T16:56:09.207802+07:00,1107.2365136139997,0.03540942900144728,OK,,True,1594,0.19925,,2026-10-03T16:56:09.243216+07:00,1107.2719311170003,0.03518434000034176,OK,,True,2770,0.34625,
ab14be9977d645198f54717810b879c8,1109,2026-10-03T16:56:10.015868+07:00,1108.0445644660012,20.447801887001333,WAIT_RECOVERY,1108.1954954950006,0.9999936020012683,0.26258674299970153,0.0001485900011175545,DISABLED,on,user_reported,36.62538146972656,54.64189910888672,1007.0171875,105916.421875,True,True,True,176,0,0,109,178,101,2026-10-03T16:56:10.016024+07:00,1108.0447401860001,0.1917784199995367,OK,,True,2026-10-03T16:56:10.207823+07:00,1108.2365341799996,0.03540778200112982,OK,,True,1562,0.19525,,2026-10-03T16:56:10.243236+07:00,1108.2719499619998,0.035182395000447286,OK,,True,2779,0.347375,
ab14be9977d645198f54717810b879c8,1110,2026-10-03T16:56:11.015861+07:00,1109.0445599270006,21.447797348000677,WAIT_RECOVERY,1109.195490956,0.9999954609993438,0.2623561000000336,0.00014405100046133157,DISABLED,on,user_reported,36.62601852416992,54.63559341430664,1007.1003125,105719.59375,True,True,True,176,0,0,109,178,101,2026-10-03T16:56:11.016003+07:00,1109.044719259,0.1915307199997187,OK,,True,2026-10-03T16:56:11.207553+07:00,1109.236264313,0.03533289400002104,OK,,True,1553,0.194125,,2026-10-03T16:56:11.242892+07:00,1109.2716061330011,0.03529178299868363,OK,,True,2786,0.34825,
ab14be9977d645198f54717810b879c8,1111,2026-10-03T16:56:12.016124+07:00,1110.0448234310006,22.448060852000708,WAIT_RECOVERY,1110.19575446,1.0002635040000314,0.26274650400046085,0.00040755500049272086,DISABLED,on,user_reported,36.62538146972656,54.64189910888672,1007.10609375,106644.4453125,True,True,True,176,0,0,109,178,101,2026-10-03T16:56:12.016265+07:00,1110.044981725001,0.1914500559996668,OK,,True,2026-10-03T16:56:12.207740+07:00,1110.2364498740008,0.03623721700023452,OK,,True,1581,0.197625,,2026-10-03T16:56:12.243982+07:00,1110.2726955910002,0.034856233000027714,OK,,True,2776,0.34700000000000003,
ab14be9977d645198f54717810b879c8,1112,2026-10-03T16:56:13.015801+07:00,1111.0445080970003,23.447745518000374,WAIT_RECOVERY,1111.1954391259997,0.9996846659996663,0.25198750399977143,9.222100015904289e-05,DISABLED,on,user_reported,36.627933502197266,54.63589096069336,1007.089609375,105719.59375,True,True,True,176,0,0,109,179,101,2026-10-03T16:56:13.015881+07:00,1111.0445987809999,0.18594379000023764,OK,,True,2026-10-03T16:56:13.201837+07:00,1111.2305502930012,0.03308506899884378,OK,,True,1554,0.19425,,2026-10-03T16:56:13.234925+07:00,1111.2636402139997,0.032846869000422885,OK,,True,2770,0.34625,
ab14be9977d645198f54717810b879c8,1113,2026-10-03T16:56:14.015799+07:00,1112.0445056549997,24.447743075999824,WAIT_RECOVERY,1112.195436683999,0.9999975579994498,0.25174156600041897,8.977899960882496e-05,DISABLED,on,user_reported,36.629844665527344,54.63617706298828,1007.12703125,106312.2890625,True,True,True,176,0,0,109,178,101,2026-10-03T16:56:14.015877+07:00,1112.0445946910004,0.18581614499998977,OK,,True,2026-10-03T16:56:14.201704+07:00,1112.2304183920005,0.03296614499959105,OK,,True,1564,0.1955,,2026-10-03T16:56:14.234671+07:00,1112.2633876300006,0.03285179500016966,OK,,True,2770,0.34625,
ab14be9977d645198f54717810b879c8,1114,2026-10-03T16:56:15.015798+07:00,1113.044505074,25.447742495000057,WAIT_RECOVERY,1113.1954361029993,0.9999994190002326,0.2517224189996341,8.919799984141719e-05,DISABLED,on,user_reported,36.63175964355469,54.642845153808594,1007.08890625,106644.4453125,True,True,True,176,0,0,109,178,101,2026-10-03T16:56:15.015878+07:00,1113.0445961099995,0.18580916400060232,OK,,True,2026-10-03T16:56:15.201698+07:00,1113.2304124599996,0.0329743120000785,OK,,True,1569,0.196125,,2026-10-03T16:56:15.234673+07:00,1113.2633900130004,0.03282948000014585,OK,,True,2772,0.34650000000000003,
ab14be9977d645198f54717810b879c8,1115,2026-10-03T16:56:16.015796+07:00,1114.0445039999995,26.44774142099959,WAIT_RECOVERY,1114.1954350289989,0.9999989259995345,0.25168960700102616,8.812399937596638e-05,DISABLED,on,user_reported,36.63048553466797,54.64265060424805,1007.08703125,106378.5546875,True,True,True,176,0,0,109,178,101,2026-10-03T16:56:16.015870+07:00,1114.0445868509996,0.18582607300049858,OK,,True,2026-10-03T16:56:16.201707+07:00,1114.2304203870008,0.03295596099997056,OK,,True,1568,0.196,,2026-10-03T16:56:16.234662+07:00,1114.2633792739998,0.03280672199980472,OK,,True,2771,0.346375,
ab14be9977d645198f54717810b879c8,1116,2026-10-03T16:56:17.015798+07:00,1115.0445054890006,27.44774291000067,WAIT_RECOVERY,1115.195436518,1.0000014890010789,0.2519024029988941,8.961300045484677e-05,DISABLED,on,user_reported,36.63367462158203,54.63673782348633,1007.078515625,106048.0546875,True,True,True,176,0,0,109,178,101,2026-10-03T16:56:17.015880+07:00,1115.0445972840007,0.18581400099901657,OK,,True,2026-10-03T16:56:17.201705+07:00,1115.2304187480004,0.033104236999861314,OK,,True,1565,0.195625,,2026-10-03T16:56:17.234813+07:00,1115.2635282070005,0.03287048099991807,OK,,True,2770,0.34625,
ab14be9977d645198f54717810b879c8,1117,2026-10-03T16:56:18.015790+07:00,1116.0444986710008,28.447736092000923,WAIT_RECOVERY,1116.1954297000002,0.999993182000253,0.25171672199940076,8.279500070784707e-05,DISABLED,on,user_reported,36.629844665527344,54.648948669433594,1007.05859375,105916.421875,True,True,True,176,0,0,109,178,101,2026-10-03T16:56:18.015863+07:00,1116.0445811890004,0.18582546499965247,OK,,True,2026-10-03T16:56:18.201701+07:00,1116.2304150239997,0.03297155400105112,OK,,True,1568,0.196,,2026-10-03T16:56:18.234672+07:00,1116.2633894299997,0.032817574001455796,OK,,True,2769,0.346125,
ab14be9977d645198f54717810b879c8,1118,2026-10-03T16:56:19.015797+07:00,1117.0445053420008,29.44774276300086,WAIT_RECOVERY,1117.1954363710001,1.0000066709999373,0.2519629620001069,8.946600064518861e-05,DISABLED,on,user_reported,36.63303756713867,54.65581130981445,1007.05,106644.4453125,True,True,True,176,0,0,109,178,101,2026-10-03T16:56:19.015870+07:00,1117.0445875639998,0.1858273369998642,OK,,True,2026-10-03T16:56:19.201709+07:00,1117.230422697001,0.03320769899983134,OK,,True,1572,0.1965,,2026-10-03T16:56:19.234917+07:00,1117.2636333219998,0.03282640799989167,OK,,True,2770,0.34625,
ab14be9977d645198f54717810b879c8,1119,2026-10-03T16:56:20.015795+07:00,1118.0445024660003,30.447739887000353,WAIT_RECOVERY,1118.1954334949996,0.999997123999492,0.25176157600071747,8.659000013722107e-05,DISABLED,on,user_reported,36.624107360839844,54.64170455932617,1007.056171875,106180.0078125,True,True,True,176,0,0,109,178,101,2026-10-03T16:56:20.015873+07:00,1118.0445905939996,0.18582504200094263,OK,,True,2026-10-03T16:56:20.201709+07:00,1118.2304229330002,0.032995943000059924,OK,,True,1572,0.1965,,2026-10-03T16:56:20.234705+07:00,1118.2634219680003,0.03283401900080207,OK,,True,2770,0.34625,
ab14be9977d645198f54717810b879c8,1120,2026-10-03T16:56:21.015799+07:00,1119.0445058189998,0.7178943759990943,RECOVERY,1119.1954368479992,1.0000033529995562,0.2535046320008405,8.994299969344866e-05,DISABLED,on,user_reported,36.627296447753906,54.661338806152344,1007.027109375,106180.0078125,True,True,True,176,0,0,109,178,101,2026-10-03T16:56:21.015876+07:00,1119.0445940030004,0.18581630299922836,OK,,True,2026-10-03T16:56:21.201705+07:00,1119.230418991001,0.034880494999015355,OK,,True,1554,0.19425,,2026-10-03T16:56:21.236594+07:00,1119.2653069120006,0.032688891000361764,OK,,True,2753,0.344125,
ab14be9977d645198f54717810b879c8,1121,2026-10-03T16:56:22.015814+07:00,1120.044519735,1.7179082919992652,RECOVERY,1120.1954507639994,1.0000139160001709,0.25242786899980274,0.00010385899986431468,DISABLED,on,user_reported,36.627296447753906,54.648563385009766,1006.9996875,106378.5546875,True,True,True,176,0,0,109,178,101,2026-10-03T16:56:22.015901+07:00,1120.0446182340002,0.18584982200081868,OK,,True,2026-10-03T16:56:22.201764+07:00,1120.2304770560004,0.03343645700078923,OK,,True,1563,0.195375,,2026-10-03T16:56:22.235207+07:00,1120.2639198280012,0.03301881299921661,OK,,True,2768,0.34600000000000003,
ab14be9977d645198f54717810b879c8,1122,2026-10-03T16:56:23.015797+07:00,1121.04450577,2.717894326999158,RECOVERY,1121.1954367989993,0.9999860349998926,0.2517455090001022,8.989399975689594e-05,DISABLED,on,user_reported,36.627296447753906,54.65495300292969,1007.054453125,105982.1953125,True,True,True,176,0,0,109,178,101,2026-10-03T16:56:23.015866+07:00,1121.0445838800006,0.1858442129996547,OK,,True,2026-10-03T16:56:23.201725+07:00,1121.2304379819998,0.032968814000923885,OK,,True,1562,0.19525,,2026-10-03T16:56:23.234694+07:00,1121.263410241001,0.032832129998496384,OK,,True,2769,0.346125,
ab14be9977d645198f54717810b879c8,1123,2026-10-03T16:56:24.015802+07:00,1122.044510609001,3.7178991660002794,RECOVERY,1122.1954416380004,1.0000048390011216,0.2519083049992332,9.473300087847747e-05,DISABLED,on,user_reported,36.63048553466797,54.64265060424805,1007.0459375,105785.125,True,True,True,176,0,0,109,179,101,2026-10-03T16:56:24.015869+07:00,1122.044587071001,0.18582232500011742,OK,,True,2026-10-03T16:56:24.201703+07:00,1122.23041697,0.03319410900076036,OK,,True,1566,0.19575,,2026-10-03T16:56:24.234897+07:00,1122.263614282001,0.03279594699961308,OK,,True,2775,0.346875,
ab14be9977d645198f54717810b879c8,1124,2026-10-03T16:56:25.015801+07:00,1123.0445073440005,4.7178959009997925,RECOVERY,1123.195438373,0.9999967349995131,0.2516691250002623,9.146800039161462e-05,DISABLED,on,user_reported,36.629207611083984,54.655235290527344,1007.002734375,106048.0546875,True,True,True,176,0,0,109,178,101,2026-10-03T16:56:25.015885+07:00,1123.044602547001,0.1858099189994391,OK,,True,2026-10-03T16:56:25.201705+07:00,1123.2304202260002,0.03293275900068693,OK,,True,1565,0.195625,,2026-10-03T16:56:25.234639+07:00,1123.2633560220002,0.03281229800086294,OK,,True,2770,0.34625,
ab14be9977d645198f54717810b879c8,1125,2026-10-03T16:56:26.015794+07:00,1124.0445017540005,5.717890310999792,RECOVERY,1124.195432783,0.9999944099999993,0.25174916200012376,8.587800039094873e-05,DISABLED,on,user_reported,36.63240051269531,54.64932632446289,1007.1584375,106312.2890625,True,True,True,176,0,0,109,178,101,2026-10-03T16:56:26.015877+07:00,1124.0445945669999,0.18581638400064548,OK,,True,2026-10-03T16:56:26.201706+07:00,1124.2304190989998,0.03300711100018816,OK,,True,1559,0.194875,,2026-10-03T16:56:26.234712+07:00,1124.2634292290004,0.03281394599980558,OK,,True,2769,0.346125,
ab14be9977d645198f54717810b879c8,1126,2026-10-03T16:56:27.015792+07:00,1125.044498708001,6.717887265000172,RECOVERY,1125.1954297370003,0.9999969540003804,0.25209415999961493,8.283200077130459e-05,DISABLED,on,user_reported,36.63303756713867,54.66858673095703,1007.09796875,105916.421875,True,True,True,176,0,0,109,178,101,2026-10-03T16:56:27.015873+07:00,1125.0445908359998,0.18610851199991885,OK,,True,2026-10-03T16:56:27.201996+07:00,1125.2307090880004,0.03304111100078444,OK,,True,1556,0.1945,,2026-10-03T16:56:27.235039+07:00,1125.2637544030003,0.032830317000843934,OK,,True,2774,0.34675,
ab14be9977d645198f54717810b879c8,1127,2026-10-03T16:56:28.015866+07:00,1126.0445613169995,7.717949873998805,RECOVERY,1126.195492345999,1.0000626089986326,0.26255918700007896,0.00014544099940394517,DISABLED,on,user_reported,36.63367462158203,54.662288665771484,1007.0853125,105916.421875,True,True,True,176,0,0,109,178,101,2026-10-03T16:56:28.016034+07:00,1126.0447497220011,0.1917496129990468,OK,,True,2026-10-03T16:56:28.207806+07:00,1126.2365159090004,0.03539461999935156,OK,,True,1559,0.194875,,2026-10-03T16:56:28.243204+07:00,1126.271918751001,0.035184622998713166,OK,,True,2781,0.347625,
ab14be9977d645198f54717810b879c8,1128,2026-10-03T16:56:29.015847+07:00,1127.0445467669997,8.717935323998972,RECOVERY,1127.195477795999,0.9999854500001675,0.2621644720002223,0.00013089099957142025,DISABLED,on,user_reported,36.636863708496094,54.65638732910156,1007.090390625,106444.90625,True,True,True,176,0,0,109,178,101,2026-10-03T16:56:29.015980+07:00,1127.0446962290007,0.19136052599969844,OK,,True,2026-10-03T16:56:29.207362+07:00,1127.2360724770006,0.03541210199909983,OK,,True,1583,0.197875,,2026-10-03T16:56:29.242779+07:00,1127.271492709,0.03519919700011087,OK,,True,2790,0.34875,
ab14be9977d645198f54717810b879c8,1129,2026-10-03T16:56:30.015844+07:00,1128.0445511510006,9.717939707999903,RECOVERY,1128.19548218,1.0000043840009312,0.2544461939996836,0.00013527500050258823,DISABLED,on,user_reported,36.63814163208008,54.66295623779297,1007.07890625,106444.90625,True,True,True,176,0,0,109,178,101,2026-10-03T16:56:30.015925+07:00,1128.044642502,0.1858036860012362,OK,,True,2026-10-03T16:56:30.201740+07:00,1128.230454169001,0.03411008100010804,OK,,True,1568,0.196,,2026-10-03T16:56:30.235857+07:00,1128.2645703979997,0.03441131799991126,OK,,True,2765,0.345625,
ab14be9977d645198f54717810b879c8,1130,2026-10-03T16:56:31.015841+07:00,1129.0445438759998,10.717932432999078,RECOVERY,1129.1954749049992,0.9999927249991742,0.25241973800075357,0.00012799999967683107,DISABLED,on,user_reported,36.63814163208008,54.66295623779297,1007.07890625,105916.421875,True,True,True,176,0,0,109,178,101,2026-10-03T16:56:31.015931+07:00,1129.0446484309996,0.18582127900117484,OK,,True,2026-10-03T16:56:31.201764+07:00,1129.230477729001,0.03324527599943394,OK,,True,1558,0.19475,,2026-10-03T16:56:31.235015+07:00,1129.2637284860011,0.033221572999536875,OK,,True,2768,0.34600000000000003,
ab14be9977d645198f54717810b879c8,1131,2026-10-03T16:56:32.015799+07:00,1130.0445059980011,11.717894555000385,RECOVERY,1130.1954370270005,0.9999621220013069,0.25226761199883185,9.012200098368339e-05,DISABLED,on,user_reported,36.634952545166016,54.656089782714844,1007.06,106511.3359375,True,True,True,176,0,0,109,178,101,2026-10-03T16:56:32.015880+07:00,1130.0445979409997,0.18582141100159788,OK,,True,2026-10-03T16:56:32.201731+07:00,1130.2304278330012,0.033244184000068344,OK,,True,1569,0.196125,,2026-10-03T16:56:32.234962+07:00,1130.263676609,0.03308698200089566,OK,,True,2774,0.34675,
ab14be9977d645198f54717810b879c8,1132,2026-10-03T16:56:33.015797+07:00,1131.0445039780006,12.717892534999919,RECOVERY,1131.195435007,0.9999979799995344,0.2518674889997783,8.81020005181199e-05,DISABLED,on,user_reported,36.63112258911133,54.64274978637695,1007.060625,106246.109375,True,True,True,176,0,0,109,178,101,2026-10-03T16:56:33.015879+07:00,1131.044596773001,0.18580732000009448,OK,,True,2026-10-03T16:56:33.201696+07:00,1131.2304108150001,0.03295452100064722,OK,,True,1556,0.1945,,2026-10-03T16:56:33.234652+07:00,1131.263368336,0.032995093999488745,OK,,True,2766,0.34575,
ab14be9977d645198f54717810b879c8,1133,2026-10-03T16:56:34.015792+07:00,1132.044499040001,13.7178875970003,RECOVERY,1132.1954300690004,0.9999950620003801,0.25166125199939415,8.316400089825038e-05,DISABLED,on,user_reported,36.63048553466797,54.655426025390625,1007.032265625,105850.734375,True,True,True,176,0,0,109,178,101,2026-10-03T16:56:34.015874+07:00,1132.0445917060006,0.18581144999916432,OK,,True,2026-10-03T16:56:34.201696+07:00,1132.2304101749996,0.032933817001321586,OK,,True,1561,0.195125,,2026-10-03T16:56:34.234631+07:00,1132.26334727,0.032805578000989044,OK,,True,2772,0.34650000000000003,
ab14be9977d645198f54717810b879c8,1134,2026-10-03T16:56:35.015828+07:00,1133.0445330530001,14.717921609999394,RECOVERY,1133.1954640819995,1.0000340129990946,0.2519822690010187,0.0001171769999928074,DISABLED,on,user_reported,36.62538146972656,54.667449951171875,1007.065,105982.1953125,True,True,True,176,0,0,109,178,101,2026-10-03T16:56:35.015918+07:00,1133.0446354590003,0.18582841500028735,OK,,True,2026-10-03T16:56:35.201759+07:00,1133.2304728930012,0.033164684999064775,OK,,True,1570,0.19625,,2026-10-03T16:56:35.234928+07:00,1133.2636424850007,0.032863577998796245,OK,,True,2773,0.346625,
ab14be9977d645198f54717810b879c8,1135,2026-10-03T16:56:36.015797+07:00,1134.0445042970005,15.717892853999729,RECOVERY,1134.1954353259998,0.999971244000335,0.2516721259999031,8.842100032779854e-05,DISABLED,on,user_reported,36.624107360839844,54.65447998046875,1007.02875,106644.4453125,True,True,True,176,0,0,109,178,101,2026-10-03T16:56:36.015878+07:00,1134.0445960180004,0.18580837899935432,OK,,True,2026-10-03T16:56:36.201696+07:00,1134.230410786,0.03294200300115335,OK,,True,1570,0.19625,,2026-10-03T16:56:36.234639+07:00,1134.2633558260004,0.03281204199993226,OK,,True,2769,0.346125,
ab14be9977d645198f54717810b879c8,1136,2026-10-03T16:56:37.015801+07:00,1135.0445075839998,16.717896140999073,RECOVERY,1135.1954386129992,1.0000032869993447,0.2522553440012416,9.170799967250787e-05,DISABLED,on,user_reported,36.629844665527344,54.668113708496094,1007.04484375,105850.734375,True,True,True,176,0,0,109,178,101,2026-10-03T16:56:37.015888+07:00,1135.044604398001,0.18580441799895198,OK,,True,2026-10-03T16:56:37.201701+07:00,1135.2304154820013,0.033463515999756055,OK,,True,1568,0.196,,2026-10-03T16:56:37.235169+07:00,1135.2638836650003,0.03287052199993923,OK,,True,2773,0.346625,
ab14be9977d645198f54717810b879c8,1137,2026-10-03T16:56:38.015799+07:00,1136.0445062130002,17.717894769999475,RECOVERY,1136.1954372419996,0.9999986290004017,0.25175564699929964,9.03370000742143e-05,DISABLED,on,user_reported,36.627933502197266,54.661441802978516,1007.034921875,106246.109375,True,True,True,176,0,0,109,178,101,2026-10-03T16:56:38.015883+07:00,1136.0446003230009,0.1858084189989313,OK,,True,2026-10-03T16:56:38.201701+07:00,1136.230415094,0.03294303999973636,OK,,True,1566,0.19575,,2026-10-03T16:56:38.234644+07:00,1136.2633608560009,0.032891486000153236,OK,,True,2766,0.34575,
ab14be9977d645198f54717810b879c8,1138,2026-10-03T16:56:39.015801+07:00,1137.0445079599995,18.717896516998735,RECOVERY,1137.1954389889988,1.00000174699926,0.25166765000176383,9.208399933413602e-05,DISABLED,on,user_reported,36.62346649169922,54.6607780456543,1007.048203125,105916.421875,True,True,True,176,0,0,109,178,101,2026-10-03T16:56:39.015882+07:00,1137.0445998100004,0.18580788399958692,OK,,True,2026-10-03T16:56:39.201701+07:00,1137.2304143969995,0.032943689000603626,OK,,True,1564,0.1955,,2026-10-03T16:56:39.234644+07:00,1137.263360772,0.032806709001306444,OK,,True,2769,0.346125,
ab14be9977d645198f54717810b879c8,1139,2026-10-03T16:56:40.015913+07:00,1138.0446009900006,19.71798954699989,RECOVERY,1138.195532019,1.0000930300011532,0.25187789099982183,0.00018511400048737414,DISABLED,on,user_reported,36.62601852416992,54.673919677734375,1006.99078125,105982.1953125,True,True,True,176,0,0,109,178,101,2026-10-03T16:56:40.016051+07:00,1138.044768451,0.18589269900076033,OK,,True,2026-10-03T16:56:40.201954+07:00,1138.2306676870012,0.032951559998764424,OK,,True,1568,0.196,,2026-10-03T16:56:40.234906+07:00,1138.263622691,0.032847079000930535,OK,,True,2767,0.345875,
ab14be9977d645198f54717810b879c8,1140,2026-10-03T16:56:41.015802+07:00,1139.044508383,20.717896939999264,RECOVERY,1139.1954394119994,0.9999073929993756,0.25169952400028706,9.25069998629624e-05,DISABLED,on,user_reported,36.621551513671875,54.660491943359375,1007.08625,106048.0546875,True,True,True,176,0,0,109,178,101,2026-10-03T16:56:41.015885+07:00,1139.044602289001,0.18581184899994696,OK,,True,2026-10-03T16:56:41.201707+07:00,1139.230420805001,0.032960095999442274,OK,,True,1573,0.196625,,2026-10-03T16:56:41.234667+07:00,1139.263383679001,0.03281624599912902,OK,,True,2771,0.346375,
ab14be9977d645198f54717810b879c8,1141,2026-10-03T16:56:42.015794+07:00,1140.0445016699996,21.71789022699886,RECOVERY,1140.195432698999,0.9999932869995973,0.2521757060003438,8.579399946029298e-05,DISABLED,on,user_reported,36.62346649169922,54.66716384887695,1007.109765625,106048.0546875,True,True,True,176,0,0,109,178,101,2026-10-03T16:56:42.015876+07:00,1140.044593206001,0.18583792399840604,OK,,True,2026-10-03T16:56:42.201724+07:00,1140.230438075001,0.0333865729990066,OK,,True,1565,0.195625,,2026-10-03T16:56:42.235115+07:00,1140.2638295369998,0.03283872800056997,OK,,True,2767,0.345875,
ab14be9977d645198f54717810b879c8,1142,2026-10-03T16:56:43.015801+07:00,1141.0445072050006,22.7178957619999,RECOVERY,1141.195438234,1.000005535001037,0.25158769600056985,9.132900049735326e-05,DISABLED,on,user_reported,36.62538146972656,54.66106033325195,1007.092421875,105654.1484375,True,True,True,176,0,0,109,178,101,2026-10-03T16:56:43.015884+07:00,1141.0446014450008,0.18580329599899414,OK,,True,2026-10-03T16:56:43.201696+07:00,1141.2304100750007,0.032921596999585745,OK,,True,1578,0.19725,,2026-10-03T16:56:43.234617+07:00,1141.2633342650006,0.032752783999967505,OK,,True,2770,0.34625,
ab14be9977d645198f54717810b879c8,1143,2026-10-03T16:56:44.015802+07:00,1142.0445085440006,23.717897100999835,RECOVERY,1142.195439573,1.0000013389999367,0.251714992999041,9.266800043405965e-05,DISABLED,on,user_reported,36.617088317871094,54.659828186035156,1007.065390625,106180.0078125,True,True,True,176,0,0,109,178,101,2026-10-03T16:56:44.015883+07:00,1142.0446004140013,0.18581081599950267,OK,,True,2026-10-03T16:56:44.201704+07:00,1142.2304183409997,0.03297909700086166,OK,,True,1566,0.19575,,2026-10-03T16:56:44.234685+07:00,1142.2634008639998,0.032814673000757466,OK,,True,2767,0.345875,
ab14be9977d645198f54717810b879c8,1144,2026-10-03T16:56:45.015832+07:00,1143.044532983,24.717921539999224,RECOVERY,1143.1954640119993,1.0000244389993895,0.2627828100012266,0.00011710699982359074,DISABLED,on,user_reported,36.61198043823242,54.66544723510742,1007.0775,106048.0546875,True,True,True,176,0,0,109,178,101,2026-10-03T16:56:45.015968+07:00,1143.0446836480005,0.19149434300015855,OK,,True,2026-10-03T16:56:45.207482+07:00,1143.2361926390004,0.035925545000282,OK,,True,1549,0.193625,,2026-10-03T16:56:45.243414+07:00,1143.2721265170003,0.03517112800000177,OK,,True,2788,0.34850000000000003,
ab14be9977d645198f54717810b879c8,1145,2026-10-03T16:56:46.015808+07:00,1144.0445161700009,25.717904727000132,RECOVERY,1144.1954471990002,0.9999831870009075,0.2517803279988584,0.00010029400073108263,DISABLED,on,user_reported,36.63048553466797,54.68097686767578,1007.0459375,105850.734375,True,True,True,176,0,0,109,178,101,2026-10-03T16:56:46.015885+07:00,1144.0446023719996,0.18581035600072937,OK,,True,2026-10-03T16:56:46.201705+07:00,1144.2304202650012,0.032980837999275536,OK,,True,1571,0.196375,,2026-10-03T16:56:46.234689+07:00,1144.2634045289997,0.03288293200057524,OK,,True,2773,0.346625,
ab14be9977d645198f54717810b879c8,1146,2026-10-03T16:56:47.015802+07:00,1145.0445095859995,26.71789814299882,RECOVERY,1145.195440614999,0.9999934159986879,0.2518900700015365,9.370999941893388e-05,DISABLED,on,user_reported,36.62601852416992,54.673919677734375,1007.052421875,106444.90625,True,True,True,176,0,0,109,178,101,2026-10-03T16:56:47.015876+07:00,1145.044593085,0.18584500500037393,OK,,True,2026-10-03T16:56:47.201733+07:00,1145.2304468679995,0.03305372600152623,OK,,True,1568,0.196,,2026-10-03T16:56:47.234790+07:00,1145.2635050570007,0.03288574699945457,OK,,True,2769,0.346125,
ab14be9977d645198f54717810b879c8,1147,2026-10-03T16:56:48.015798+07:00,1146.0445062319995,27.71789478899882,RECOVERY,1146.195437260999,0.9999966459999996,0.25172887000007904,9.035599941853434e-05,DISABLED,on,user_reported,36.61899948120117,54.66010665893555,1007.075234375,106180.0078125,True,True,True,176,0,0,109,178,101,2026-10-03T16:56:48.015876+07:00,1146.0445930080004,0.18582100700041337,OK,,True,2026-10-03T16:56:48.201707+07:00,1146.230421626,0.03297598700009985,OK,,True,1564,0.1955,,2026-10-03T16:56:48.234683+07:00,1146.2634005199998,0.03282586000023002,OK,,True,2770,0.34625,
ab14be9977d645198f54717810b879c8,1148,2026-10-03T16:56:49.015808+07:00,1147.0445154589997,28.71790401599901,RECOVERY,1147.195446487999,1.0000092270001915,0.2519304060006107,9.958299960999284e-05,DISABLED,on,user_reported,36.62601852416992,54.6803092956543,1007.0865625,106048.0546875,True,True,True,176,0,0,109,178,101,2026-10-03T16:56:49.015887+07:00,1147.0446045870012,0.18580334199941717,OK,,True,2026-10-03T16:56:49.201700+07:00,1147.2304151509998,0.033187244000146165,OK,,True,1575,0.196875,,2026-10-03T16:56:49.234890+07:00,1147.26360595,0.032831582000653725,OK,,True,2769,0.346125,
ab14be9977d645198f54717810b879c8,1149,2026-10-03T16:56:50.015800+07:00,1148.0445087299995,29.717897286998777,RECOVERY,1148.1954397589989,0.9999932709997665,0.2517367620002915,9.285399937652983e-05,DISABLED,on,user_reported,36.62282943725586,54.66706466674805,1007.02671875,105982.1953125,True,True,True,176,0,0,109,178,101,2026-10-03T16:56:50.015877+07:00,1148.0445947839999,0.1858093060000101,OK,,True,2026-10-03T16:56:50.201697+07:00,1148.2304114970011,0.032994616998621495,OK,,True,1563,0.195375,,2026-10-03T16:56:50.234693+07:00,1148.263409485,0.03282772900092823,OK,,True,2766,0.34575,
ab14be9977d645198f54717810b879c8,1150,2026-10-03T16:56:51.015858+07:00,1149.0445565629998,30.717945119999058,RECOVERY,1149.1954875919992,1.0000478330002807,0.2625075840005593,0.00014068699965719134,DISABLED,on,user_reported,36.620277404785156,54.66029739379883,1007.070390625,106444.90625,True,True,True,176,0,0,109,178,101,2026-10-03T16:56:51.016013+07:00,1149.0447289500007,0.19172386799982633,OK,,True,2026-10-03T16:56:51.207755+07:00,1149.2364669840008,0.035388570999202784,OK,,True,1575,0.196875,,2026-10-03T16:56:51.243149+07:00,1149.2718637030011,0.035182036999685806,OK,,True,2782,0.34775,
ab14be9977d645198f54717810b879c8,1151,2026-10-03T16:56:52.015830+07:00,1150.0445338860009,31.717922443000134,RECOVERY,1150.1954649150002,0.999977323001076,0.26276434200008225,0.00011801000073319301,DISABLED,on,user_reported,36.61581039428711,54.67240905761719,1006.9946875,106444.90625,True,True,True,176,0,0,109,178,101,2026-10-03T16:56:52.015932+07:00,1150.0446491439998,0.19005846199979715,OK,,True,2026-10-03T16:56:52.206010+07:00,1150.2347215690006,0.03724019800029055,OK,,True,1581,0.197625,,2026-10-03T16:56:52.243256+07:00,1150.271970193,0.0353088680003566,OK,,True,2774,0.34675,
ab14be9977d645198f54717810b879c8,1152,2026-10-03T16:56:53.015814+07:00,1151.0445210300004,32.71790958699967,RECOVERY,1151.1954520589998,0.9999871439995331,0.25167252800019924,0.0001051540002663387,DISABLED,on,user_reported,36.617088317871094,54.68537521362305,1007.031171875,106312.2890625,True,True,True,176,0,0,109,178,101,2026-10-03T16:56:53.015897+07:00,1151.0446146409995,0.18581577200166066,OK,,True,2026-10-03T16:56:53.201724+07:00,1151.2304388390003,0.032942265999736264,OK,,True,1564,0.1955,,2026-10-03T16:56:53.234668+07:00,1151.2633842899995,0.032801213001221186,OK,,True,2774,0.34675,
ab14be9977d645198f54717810b879c8,1153,2026-10-03T16:56:54.015802+07:00,1152.0445083120012,33.71789686900047,RECOVERY,1152.1954393410006,0.9999872820008022,0.2516927329997998,9.24360010685632e-05,DISABLED,on,user_reported,36.61836242675781,54.68556594848633,1007.033046875,105785.125,True,True,True,176,0,0,109,178,101,2026-10-03T16:56:54.015887+07:00,1152.0446044960008,0.1858116629991855,OK,,True,2026-10-03T16:56:54.201710+07:00,1152.230424288,0.03294145200015919,OK,,True,1562,0.19525,,2026-10-03T16:56:54.234652+07:00,1152.263368629001,0.03282421199946839,OK,,True,2774,0.34675,
ab14be9977d645198f54717810b879c8,1154,2026-10-03T16:56:55.015799+07:00,1153.0445063040006,34.71789486099988,RECOVERY,1153.195437333,0.9999979919994075,0.25192278800022905,9.04280004760949e-05,DISABLED,on,user_reported,36.62601852416992,54.70586395263672,1007.045546875,105785.125,True,True,True,176,0,0,109,178,101,2026-10-03T16:56:55.015883+07:00,1153.044600655001,0.1858097929998621,OK,,True,2026-10-03T16:56:55.201703+07:00,1153.230417967001,0.03318909699919459,OK,,True,1560,0.195,,2026-10-03T16:56:55.234893+07:00,1153.2636098790008,0.03281084199988982,OK,,True,2771,0.346375,
ab14be9977d645198f54717810b879c8,1155,2026-10-03T16:56:56.015803+07:00,1154.0445085810006,35.7178971379999,RECOVERY,1154.19543961,1.0000022770000214,0.2518960679990414,9.270500049751718e-05,DISABLED,on,user_reported,36.620914459228516,54.705116271972656,1007.037109375,105916.421875,True,True,True,176,0,0,109,178,101,2026-10-03T16:56:56.015885+07:00,1154.0446026170011,0.18580942500011588,OK,,True,2026-10-03T16:56:56.201705+07:00,1154.2304199669998,0.03294691600058286,OK,,True,1571,0.196375,,2026-10-03T16:56:56.234653+07:00,1154.2633699380003,0.03302450699993642,OK,,True,2774,0.34675,
ab14be9977d645198f54717810b879c8,1156,2026-10-03T16:56:57.015802+07:00,1155.0445086979998,36.717897254999116,RECOVERY,1155.1954397269992,1.0000001169992174,0.2522205290006241,9.282199971494265e-05,DISABLED,on,user_reported,36.61261749267578,54.71026611328125,1007.174296875,105850.734375,True,True,True,176,0,0,109,178,101,2026-10-03T16:56:57.015883+07:00,1155.0446011050008,0.18615023699931044,OK,,True,2026-10-03T16:56:57.202045+07:00,1155.2307591930003,0.03303661800055124,OK,,True,1557,0.194625,,2026-10-03T16:56:57.235086+07:00,1155.2638009220009,0.032919211998887477,OK,,True,2766,0.34575,
ab14be9977d645198f54717810b879c8,1157,2026-10-03T16:56:58.015833+07:00,1156.0445375630006,37.7179261199999,RECOVERY,1156.195468592,1.000028865000786,0.25171672199940076,0.00012168700050096959,DISABLED,on,user_reported,36.61644744873047,54.710838317871094,1007.125859375,105719.59375,True,True,True,176,0,0,109,178,101,2026-10-03T16:56:58.015920+07:00,1156.0446369319998,0.18582133500058262,OK,,True,2026-10-03T16:56:58.201753+07:00,1156.230466637,0.03294632300094236,OK,,True,1562,0.19525,,2026-10-03T16:56:58.234699+07:00,1156.263416238,0.032829621000928455,OK,,True,2766,0.34575,
ab14be9977d645198f54717810b879c8,1158,2026-10-03T16:56:59.015799+07:00,1157.0445059169997,38.71789447399897,RECOVERY,1157.195436945999,0.9999683539990656,0.2516658720014675,9.004099956655409e-05,DISABLED,on,user_reported,36.61198043823242,54.71016311645508,1007.105,105523.4921875,True,True,True,176,0,0,109,178,101,2026-10-03T16:56:59.015881+07:00,1157.0445984899998,0.18581070700020064,OK,,True,2026-10-03T16:56:59.201702+07:00,1157.2304166970007,0.032942767000349704,OK,,True,1558,0.19475,,2026-10-03T16:56:59.234646+07:00,1157.2633624829996,0.03280173200073477,OK,,True,2771,0.346375,
ab14be9977d645198f54717810b879c8,1159,2026-10-03T16:57:00.015798+07:00,1158.0445049999998,39.717893556999115,RECOVERY,1158.1954360289992,0.999999083000148,0.25167809600134206,8.912399971450213e-05,DISABLED,on,user_reported,36.61453628540039,54.704158782958984,1007.1090625,105719.59375,True,True,True,176,0,0,109,179,101,2026-10-03T16:57:00.015881+07:00,1158.044598407001,0.18581035599891038,OK,,True,2026-10-03T16:57:00.201702+07:00,1158.2304162809996,0.03294754600028682,OK,,True,1564,0.1955,,2026-10-03T16:57:00.234650+07:00,1158.2633666230013,0.03280800999891653,OK,,True,2772,0.34650000000000003,
ab14be9977d645198f54717810b879c8,1160,2026-10-03T16:57:01.015807+07:00,1159.0445134050005,40.717901961999814,RECOVERY,1159.195444434,1.000008405000699,0.25167252400024154,9.752900041348767e-05,DISABLED,on,user_reported,36.60942840576172,54.741737365722656,1007.09390625,106048.0546875,True,True,True,176,0,0,109,179,101,2026-10-03T16:57:01.015891+07:00,1159.0446088669996,0.18580111700066482,OK,,True,2026-10-03T16:57:01.201704+07:00,1159.2304179090006,0.032944065000265255,OK,,True,1563,0.195375,,2026-10-03T16:57:01.234649+07:00,1159.263365363,0.032812343999466975,OK,,True,2764,0.34550000000000003,
ab14be9977d645198f54717810b879c8,1161,2026-10-03T16:57:02.015797+07:00,1160.0445030760002,41.717891632999454,RECOVERY,1160.1954341049995,0.9999896709996392,0.2521801309994771,8.720000005268957e-05,DISABLED,on,user_reported,36.613258361816406,54.729522705078125,1007.072734375,106246.109375,True,True,True,176,0,0,109,179,101,2026-10-03T16:57:02.015882+07:00,1160.0445998720006,0.18581496899969352,OK,,True,2026-10-03T16:57:02.201709+07:00,1160.2304236929995,0.03334811600143439,OK,,True,1570,0.19625,,2026-10-03T16:57:02.235063+07:00,1160.263777012,0.032896972999878926,OK,,True,2772,0.34650000000000003,
ab14be9977d645198f54717810b879c8,1162,2026-10-03T16:57:03.015895+07:00,1161.0445884199999,42.717976976999125,RECOVERY,1161.1955194489992,1.0000853439996717,0.26171280100061267,0.00017254399972443935,DISABLED,on,user_reported,36.620277404785156,54.74334716796875,1007.0909375,106312.2890625,True,True,True,176,0,0,109,178,101,2026-10-03T16:57:03.016070+07:00,1161.0447854000013,0.19176897599936638,OK,,True,2026-10-03T16:57:03.207861+07:00,1161.236570209001,0.03553318299964303,OK,,True,1571,0.196375,,2026-10-03T16:57:03.243397+07:00,1161.2721114289998,0.03417308800089813,OK,,True,2783,0.347875,
ab14be9977d645198f54717810b879c8,1163,2026-10-03T16:57:04.015828+07:00,1162.044532643,43.71792119999918,RECOVERY,1162.1954636719993,0.9999442230000568,0.25175812100133044,0.00011676699978124816,DISABLED,on,user_reported,36.61899948120117,54.73677062988281,1007.08203125,105982.1953125,True,True,True,176,0,0,109,178,101,2026-10-03T16:57:04.015915+07:00,1162.0446326050005,0.18581841599916515,OK,,True,2026-10-03T16:57:04.201746+07:00,1162.230459151,0.03297950900014257,OK,,True,1566,0.19575,,2026-10-03T16:57:04.234725+07:00,1162.2634417160007,0.032840714000485605,OK,,True,2769,0.346125,
ab14be9977d645198f54717810b879c8,1164,2026-10-03T16:57:05.015794+07:00,1163.0445002430006,44.717888799999855,RECOVERY,1163.195431272,0.999967600000673,0.25171725200016226,8.436700045422185e-05,DISABLED,on,user_reported,36.61963653564453,54.743255615234375,1007.11046875,106048.0546875,True,True,True,176,0,0,109,178,101,2026-10-03T16:57:05.015877+07:00,1163.044594594001,0.18581784399975732,OK,,True,2026-10-03T16:57:05.201706+07:00,1163.230420363001,0.032965268999760156,OK,,True,1578,0.19725,,2026-10-03T16:57:05.234672+07:00,1163.263388929001,0.03281993699965824,OK,,True,2766,0.34575,
ab14be9977d645198f54717810b879c8,1165,2026-10-03T16:57:06.015801+07:00,1164.0445067380006,45.717895294999835,RECOVERY,1164.195437767,1.0000064949999796,0.25174466200041934,9.086200043384451e-05,DISABLED,on,user_reported,36.62282943725586,54.72456359863281,1007.08828125,105916.421875,True,True,True,176,0,0,109,178,101,2026-10-03T16:57:06.015882+07:00,1164.0445996079998,0.18582158500066726,OK,,True,2026-10-03T16:57:06.201716+07:00,1164.2304296010007,0.03297756499887328,OK,,True,1560,0.195,,2026-10-03T16:57:06.234693+07:00,1164.2634102400007,0.032832807999511715,OK,,True,2771,0.346375,
ab14be9977d645198f54717810b879c8,1166,2026-10-03T16:57:07.015817+07:00,1165.0445220000001,46.71791055699941,RECOVERY,1165.1954530289995,1.0000152619995788,0.2519812530008494,0.00010612400001264177,DISABLED,on,user_reported,36.624107360839844,54.73114013671875,1007.056171875,106048.0546875,True,True,True,176,0,0,109,178,101,2026-10-03T16:57:07.015903+07:00,1165.0446209990005,0.1858122169996932,OK,,True,2026-10-03T16:57:07.201728+07:00,1165.2304418639997,0.03310626700113062,OK,,True,1561,0.195125,,2026-10-03T16:57:07.234838+07:00,1165.2635526129998,0.03294186200037075,OK,,True,2769,0.346125,
ab14be9977d645198f54717810b879c8,1167,2026-10-03T16:57:08.016040+07:00,1166.0447460619998,47.7181346189991,RECOVERY,1166.1956770909992,1.0002240619996883,0.25200082900119014,0.000330185999700916,DISABLED,on,user_reported,36.61963653564453,54.73047637939453,1007.04890625,105982.1953125,True,True,True,176,0,0,109,178,101,2026-10-03T16:57:08.016122+07:00,1166.0448398019998,0.1858394210012193,OK,,True,2026-10-03T16:57:08.201974+07:00,1166.2306878710006,0.03322180400027719,OK,,True,1554,0.19425,,2026-10-03T16:57:08.235196+07:00,1166.263913416,0.03282523400048376,OK,,True,2768,0.34600000000000003,
ab14be9977d645198f54717810b879c8,1168,2026-10-03T16:57:09.015889+07:00,1167.0445845989998,48.71797315599906,RECOVERY,1167.1955156279992,0.9998385369999596,0.2618737720003992,0.00016872299966053106,DISABLED,on,user_reported,36.61899948120117,54.71760177612305,1007.075234375,106048.0546875,True,True,True,176,0,0,109,178,101,2026-10-03T16:57:09.016040+07:00,1167.0447562450008,0.19158583799980988,OK,,True,2026-10-03T16:57:09.207648+07:00,1167.2363580460005,0.03551498100023309,OK,,True,1568,0.196,,2026-10-03T16:57:09.243166+07:00,1167.2718808789996,0.03456077000009827,OK,,True,2781,0.347625,
ab14be9977d645198f54717810b879c8,1169,2026-10-03T16:57:10.015876+07:00,1168.0445754740012,49.71796403100052,RECOVERY,1168.1955065030006,0.9999908750014583,0.26399882399891794,0.0001595980011188658,DISABLED,on,user_reported,36.61899948120117,54.7048225402832,1007.068359375,106644.4453125,True,True,True,176,0,0,109,178,101,2026-10-03T16:57:10.016001+07:00,1168.044717435001,0.19036322399915662,OK,,True,2026-10-03T16:57:10.206385+07:00,1168.2350954739995,0.0368615770003089,OK,,True,1567,0.195875,,2026-10-03T16:57:10.243249+07:00,1168.271963958001,0.03659282099943084,OK,,True,2777,0.347125,
ab14be9977d645198f54717810b879c8,1170,2026-10-03T16:57:11.015835+07:00,1169.044539042001,50.71792759900018,RECOVERY,1169.1954700710003,0.9999635679996572,0.251755224999215,0.00012316600077610929,DISABLED,on,user_reported,36.617088317871094,54.710933685302734,1007.031171875,106444.90625,True,True,True,176,0,0,109,178,101,2026-10-03T16:57:11.015921+07:00,1169.0446386700005,0.18581157399967196,OK,,True,2026-10-03T16:57:11.201743+07:00,1169.230457447,0.033014122000167845,OK,,True,1555,0.194375,,2026-10-03T16:57:11.234760+07:00,1169.263475402,0.03281075400082045,OK,,True,2772,0.34650000000000003,
ab14be9977d645198f54717810b879c8,1171,2026-10-03T16:57:12.015829+07:00,1170.044533708,51.71792226499929,RECOVERY,1170.1954647369994,0.999994665999111,0.2519761500007007,0.00011783199988713022,DISABLED,on,user_reported,36.620277404785156,54.68584442138672,1007.036171875,106113.9921875,True,True,True,176,0,0,109,178,101,2026-10-03T16:57:12.015918+07:00,1170.044635485001,0.1858166669990169,OK,,True,2026-10-03T16:57:12.201745+07:00,1170.2304595780006,0.03312547200039262,OK,,True,1563,0.195375,,2026-10-03T16:57:12.234876+07:00,1170.2635898839999,0.032911530001001665,OK,,True,2773,0.346625,
ab14be9977d645198f54717810b879c8,1172,2026-10-03T16:57:13.015799+07:00,1171.044505400001,52.71789395700034,RECOVERY,1171.1954364290004,0.9999716920010542,0.2518176729990955,8.952400094131008e-05,DISABLED,on,user_reported,36.63303756713867,54.68775177001953,1007.173203125,106511.3359375,True,True,True,176,0,0,109,178,101,2026-10-03T16:57:13.015883+07:00,1171.044600233001,0.18581128000005265,OK,,True,2026-10-03T16:57:13.201707+07:00,1171.2304199749997,0.0330414740001288,OK,,True,1569,0.196125,,2026-10-03T16:57:13.234749+07:00,1171.2634648559997,0.032849847000761656,OK,,True,2769,0.346125,
ab14be9977d645198f54717810b879c8,1173,2026-10-03T16:57:14.015831+07:00,1172.0445351540002,53.71792371099946,RECOVERY,1172.1954661829996,1.0000297539991152,0.2517655640003795,0.00011927800005651079,DISABLED,on,user_reported,36.627296447753906,54.661338806152344,1007.136484375,106644.4453125,True,True,True,176,0,0,109,178,101,2026-10-03T16:57:14.015915+07:00,1172.0446324870009,0.18581174399878364,OK,,True,2026-10-03T16:57:14.201738+07:00,1172.2304521570004,0.03301045499938482,OK,,True,1573,0.196625,,2026-10-03T16:57:14.234750+07:00,1172.263466075001,0.032826475999172544,OK,,True,2770,0.34625,
ab14be9977d645198f54717810b879c8,1174,2026-10-03T16:57:15.015832+07:00,1173.044536749001,54.717925306000325,RECOVERY,1173.1954677780004,1.0000015950008674,0.2520095250001759,0.00012087300092389341,DISABLED,on,user_reported,36.621551513671875,54.660491943359375,1007.093125,106378.5546875,True,True,True,176,0,0,109,178,101,2026-10-03T16:57:15.015916+07:00,1173.0446336370005,0.18581755999912275,OK,,True,2026-10-03T16:57:15.201746+07:00,1173.2304595490004,0.033248379000724526,OK,,True,1563,0.195375,,2026-10-03T16:57:15.234996+07:00,1173.2637115760008,0.032825827998749446,OK,,True,2769,0.346125,
ab14be9977d645198f54717810b879c8,1175,2026-10-03T16:57:16.015900+07:00,1174.0445958680011,55.717984425000395,RECOVERY,1174.1955268970005,1.0000591190000705,0.26467845699880854,0.00017999200099438895,DISABLED,on,user_reported,36.620914459228516,54.64762878417969,1007.11234375,106246.109375,True,True,True,176,0,0,109,178,101,2026-10-03T16:57:16.016059+07:00,1174.0447748660008,0.190709839000192,OK,,True,2026-10-03T16:57:16.206788+07:00,1174.2354990010008,0.03709403900029429,OK,,True,1578,0.19725,,2026-10-03T16:57:16.243887+07:00,1174.272600929,0.03665539600115153,OK,,True,2775,0.346875,
ab14be9977d645198f54717810b879c8,1176,2026-10-03T16:57:17.015867+07:00,1175.0445665139996,56.71795507099887,RECOVERY,1175.195497542999,0.9999706459984736,0.2526146330001211,0.00015063799946801737,DISABLED,on,user_reported,36.620277404785156,54.653907775878906,1007.070390625,106644.4453125,True,True,True,176,0,0,109,178,101,2026-10-03T16:57:17.015990+07:00,1175.044706568,0.18644866700014973,OK,,True,2026-10-03T16:57:17.202449+07:00,1175.2311631419998,0.03312517700032913,OK,,True,1562,0.19525,,2026-10-03T16:57:17.235578+07:00,1175.2642929860012,0.03287836499839614,OK,,True,2773,0.346625,
ab14be9977d645198f54717810b879c8,1177,2026-10-03T16:57:18.015856+07:00,1176.0445602399996,57.717948796998826,RECOVERY,1176.195491268999,0.999993725999957,0.2517263860008825,0.00014436399942496791,DISABLED,on,user_reported,36.621551513671875,54.6477165222168,1007.11359375,106777.890625,True,True,True,176,0,0,109,178,101,2026-10-03T16:57:18.015940+07:00,1176.044657628001,0.18583584099906147,OK,,True,2026-10-03T16:57:18.201788+07:00,1176.2305018030002,0.032964735000859946,OK,,True,1578,0.19725,,2026-10-03T16:57:18.234754+07:00,1176.2634697600006,0.032808403000672115,OK,,True,2773,0.346625,
ab14be9977d645198f54717810b879c8,1178,2026-10-03T16:57:19.015844+07:00,1177.0445488250007,58.717937381999946,RECOVERY,1177.195479854,0.9999885850011196,0.25174168400008057,0.00013294900054461323,DISABLED,on,user_reported,36.61963653564453,54.63465881347656,1007.035234375,106180.0078125,True,True,True,176,0,0,109,178,101,2026-10-03T16:57:19.015928+07:00,1177.0446450279996,0.1858287310005835,OK,,True,2026-10-03T16:57:19.201769+07:00,1177.2304818150005,0.03298319799978344,OK,,True,1566,0.19575,,2026-10-03T16:57:19.234752+07:00,1177.2634689019997,0.032812736000778386,OK,,True,2773,0.346625,
ab14be9977d645198f54717810b879c8,1179,2026-10-03T16:57:20.015830+07:00,1178.0445345830012,59.717923140000494,RECOVERY,1178.1954656120006,0.9999857580005482,0.25175009299891826,0.00011870700109284371,DISABLED,on,user_reported,36.61836242675781,54.63446807861328,1007.081015625,106246.109375,True,True,True,176,0,0,109,178,101,2026-10-03T16:57:20.015916+07:00,1178.0446331010007,0.18581443699986266,OK,,True,2026-10-03T16:57:20.201743+07:00,1178.230455852001,0.03300834599940572,OK,,True,1552,0.194,,2026-10-03T16:57:20.234753+07:00,1178.2634679940002,0.03280869999980496,OK,,True,2770,0.34625,
ab14be9977d645198f54717810b879c8,1180,2026-10-03T16:57:21.015831+07:00,1179.044535219,0.7179237759992247,WAIT_FINISH,1179.1954662479993,1.000000635998731,0.25204794199999014,0.0001193429998238571,DISABLED,on,user_reported,36.628570556640625,54.64236831665039,1007.07703125,106113.9921875,True,True,True,176,0,0,109,178,101,2026-10-03T16:57:21.015920+07:00,1179.0446377549997,0.18582560400136572,OK,,True,2026-10-03T16:57:21.201759+07:00,1179.2304719700005,0.03327554699899338,OK,,True,1567,0.195875,,2026-10-03T16:57:21.235036+07:00,1179.2637515349998,0.03282244100046228,OK,,True,2772,0.34650000000000003,
ab14be9977d645198f54717810b879c8,1181,2026-10-03T16:57:22.015845+07:00,1180.0445502310013,1.717938788000538,WAIT_FINISH,1180.1954812600006,1.0000150120013132,0.26380284799961373,0.00013435500113700982,DISABLED,on,user_reported,36.627933502197266,54.642276763916016,1007.103359375,106711.1328125,True,True,True,176,0,0,109,178,101,2026-10-03T16:57:22.015937+07:00,1180.0446541190013,0.18976689399823954,OK,,True,2026-10-03T16:57:22.205725+07:00,1180.2344360309999,0.037253927999699954,OK,,True,1568,0.196,,2026-10-03T16:57:22.242988+07:00,1180.2716992000005,0.03663700799916114,OK,,True,2776,0.34700000000000003,
ab14be9977d645198f54717810b879c8,1182,2026-10-03T16:57:23.016034+07:00,1181.0447315260008,2.7181200830000307,WAIT_FINISH,1181.1956625550001,1.0001812949994928,0.25193326199951116,0.0003156500006298302,DISABLED,on,user_reported,36.627296447753906,54.616634368896484,1007.04765625,105785.125,True,True,True,176,0,0,109,178,101,2026-10-03T16:57:23.016109+07:00,1181.0448269320004,0.18583914400005597,OK,,True,2026-10-03T16:57:23.201961+07:00,1181.230674798,0.03316621600060898,OK,,True,1573,0.196625,,2026-10-03T16:57:23.235130+07:00,1181.263845421001,0.03281073799917067,OK,,True,2772,0.34650000000000003,
ab14be9977d645198f54717810b879c8,1183,2026-10-03T16:57:24.015807+07:00,1182.0445124800008,3.717901037000047,WAIT_FINISH,1182.1954435090001,0.9997809540000162,0.25176463599927956,9.660400064603891e-05,DISABLED,on,user_reported,36.622188568115234,54.61587905883789,1007.05984375,106844.7421875,True,True,True,176,0,0,109,178,101,2026-10-03T16:57:24.015892+07:00,1182.0446090900004,0.1858102570004121,OK,,True,2026-10-03T16:57:24.201714+07:00,1182.2304275139995,0.03298638400156051,OK,,True,1561,0.195125,,2026-10-03T16:57:24.234703+07:00,1182.263418120001,0.03285125599904859,OK,,True,2773,0.346625,
ab14be9977d645198f54717810b879c8,1184,2026-10-03T16:57:25.015805+07:00,1183.0445115679995,4.717900124998778,WAIT_FINISH,1183.1954425969989,0.9999990879987308,0.2517979900003411,9.56919993768679e-05,DISABLED,on,user_reported,36.61836242675781,54.60892105102539,1007.053671875,106711.1328125,True,True,True,176,0,0,109,178,101,2026-10-03T16:57:25.015893+07:00,1183.0446111410001,0.18580727700100397,OK,,True,2026-10-03T16:57:25.201713+07:00,1183.23042627,0.03305027200076438,OK,,True,1564,0.1955,,2026-10-03T16:57:25.234766+07:00,1183.2634809869996,0.03282047799984866,OK,,True,2772,0.34650000000000003,
ab14be9977d645198f54717810b879c8,1185,2026-10-03T16:57:26.015816+07:00,1184.044521052001,5.717909609000344,WAIT_FINISH,1184.1954520810004,1.0000094840015663,0.2521707460000471,0.00010517600094317459,DISABLED,on,user_reported,36.620914459228516,54.596534729003906,1007.071328125,106844.7421875,True,True,True,176,0,0,109,178,101,2026-10-03T16:57:26.015903+07:00,1184.0446199030011,0.1858260919998429,OK,,True,2026-10-03T16:57:26.201741+07:00,1184.2304543660011,0.033334953999656136,OK,,True,1554,0.19425,,2026-10-03T16:57:26.235078+07:00,1184.2637937090003,0.03288836700085085,OK,,True,2774,0.34675,
ab14be9977d645198f54717810b879c8,1186,2026-10-03T16:57:27.015813+07:00,1185.0445188020003,6.717907358999582,WAIT_FINISH,1185.1954498309997,0.9999977499992383,0.25179156699960004,0.00010292600018146913,DISABLED,on,user_reported,36.620914459228516,54.596534729003906,1007.00984375,106844.7421875,True,True,True,176,0,0,109,178,101,2026-10-03T16:57:27.015899+07:00,1185.044616745001,0.18583629800014023,OK,,True,2026-10-03T16:57:27.201749+07:00,1185.2304626540008,0.03300371699879179,OK,,True,1562,0.19525,,2026-10-03T16:57:27.234755+07:00,1185.263470371001,0.032830645999638364,OK,,True,2765,0.345625,
ab14be9977d645198f54717810b879c8,1187,2026-10-03T16:57:28.015898+07:00,1186.0445908910006,7.717979447999824,WAIT_FINISH,1186.19552192,1.0000720890002412,0.2535830300002999,0.000175015000422718,DISABLED,on,user_reported,36.624107360839844,54.60977554321289,1007.04921875,106844.7421875,True,True,True,176,0,0,109,178,101,2026-10-03T16:57:28.016069+07:00,1186.0447848519998,0.18704222900123568,OK,,True,2026-10-03T16:57:28.203124+07:00,1186.231837229001,0.033452824000050896,OK,,True,1569,0.196125,,2026-10-03T16:57:28.236581+07:00,1186.2652952749995,0.03286985000158893,OK,,True,2768,0.34600000000000003,
ab14be9977d645198f54717810b879c8,1188,2026-10-03T16:57:29.015800+07:00,1187.044506581,8.717895137999221,WAIT_FINISH,1187.1954376099993,0.9999156899993977,0.2520929559996148,9.070499982044566e-05,DISABLED,on,user_reported,36.627933502197266,54.597572326660156,1007.17171875,106511.3359375,True,True,True,176,0,0,109,178,101,2026-10-03T16:57:29.015881+07:00,1187.044599117,0.1858805210013088,OK,,True,2026-10-03T16:57:29.201775+07:00,1187.2304881569999,0.033210012001291034,OK,,True,1559,0.194875,,2026-10-03T16:57:29.234990+07:00,1187.263703521001,0.032887811999898986,OK,,True,2767,0.345875,
ab14be9977d645198f54717810b879c8,1189,2026-10-03T16:57:30.015819+07:00,1188.044525110001,9.717913667000175,WAIT_FINISH,1188.1954561390003,1.000018529000954,0.25270957999964594,0.00010923400077444967,DISABLED,on,user_reported,36.621551513671875,54.60300827026367,1007.093125,106711.1328125,True,True,True,176,0,0,109,178,101,2026-10-03T16:57:30.015903+07:00,1188.0446208680005,0.18582224499914446,OK,,True,2026-10-03T16:57:30.201738+07:00,1188.230451206,0.03349538000111352,OK,,True,1560,0.195,,2026-10-03T16:57:30.235238+07:00,1188.2639523819998,0.033267677999901935,OK,,True,2770,0.34625,
ab14be9977d645198f54717810b879c8,1190,2026-10-03T16:57:31.015840+07:00,1189.0445447380007,10.717933294999966,WAIT_FINISH,1189.195475767,1.0000196279997908,0.2525590650002414,0.0001288620005652774,DISABLED,on,user_reported,36.61836242675781,54.60892105102539,1007.115234375,106312.2890625,True,True,True,176,0,0,109,178,101,2026-10-03T16:57:31.015923+07:00,1189.044640774,0.1858345239998016,OK,,True,2026-10-03T16:57:31.201772+07:00,1189.2304853540008,0.033725135999702616,OK,,True,1564,0.1955,,2026-10-03T16:57:31.235502+07:00,1189.264215231,0.032879386000786326,OK,,True,2765,0.345625,
ab14be9977d645198f54717810b879c8,1191,2026-10-03T16:57:32.015800+07:00,1190.0445068360004,11.717895392999708,WAIT_FINISH,1190.1954378649998,0.9999620979997417,0.25491426199914713,9.096000030694995e-05,DISABLED,on,user_reported,36.62538146972656,54.62274169921875,1007.147109375,106444.90625,True,True,True,176,0,0,109,178,101,2026-10-03T16:57:32.015880+07:00,1190.044597909,0.1880905560010433,OK,,True,2026-10-03T16:57:32.203983+07:00,1190.2326965760003,0.03350456500083965,OK,,True,1564,0.1955,,2026-10-03T16:57:32.237493+07:00,1190.2662068070003,0.03320201300084591,OK,,True,2765,0.345625,
