run_id,seq,timestamp,elapsed_s,phase_elapsed_s,phase,sensor_uptime_s,loop_interval_s,loop_duration_s,schedule_lag_s,pump_command,external_pump_state,external_pump_source,temperature_c,humidity_pct,pressure_hpa,gas_resistance_ohm,gas_valid,heater_stable,new_data,bme_status_bits,bme_meas_index,bme_gas_index,bme_res_heat,bme_idac,bme_gas_wait,bme_read_started_at,bme_read_elapsed_s,bme_read_duration_s,bme_status,bme_error,bme_fresh,mq135_read_started_at,mq135_read_elapsed_s,mq135_read_duration_s,mq135_status,mq135_error,mq135_fresh,mq135_adc_count,mq135_voltage_v,mq135_ao_voltage_v,mq3_read_started_at,mq3_read_elapsed_s,mq3_read_duration_s,mq3_status,mq3_error,mq3_fresh,mq3_adc_count,mq3_voltage_v,mq3_ao_voltage_v
ebb6bf010ea247bf82f6db8fb9ea3166,1,2026-10-03T16:25:05.257917+07:00,0.9886578670002564,0.9886578670002564,MONITOR,2148.1929976970005,0.9999742919999335,0.2519722669994735,9.045800015883287e-05,DISABLED,on,user_reported,36.65536880493164,54.499507904052734,1006.908359375,105719.59375,True,True,True,176,0,0,109,178,101,2026-10-03T16:25:05.258002+07:00,0.9887555320001411,0.18584526899940101,OK,,True,2026-10-03T16:25:05.443861+07:00,1.1746100419995855,0.03298115699999471,OK,,True,1436,0.1795,,2026-10-03T16:25:05.476843+07:00,1.2075946989998556,0.033023879999745986,OK,,True,2710,0.33875,
ebb6bf010ea247bf82f6db8fb9ea3166,2,2026-10-03T16:25:06.257909+07:00,1.988653274999706,1.988653274999706,MONITOR,2149.192993105,0.9999954079994495,0.25227656200058846,8.586599960835883e-05,DISABLED,on,user_reported,36.642608642578125,54.49760818481445,1006.908203125,105982.1953125,True,True,True,176,0,0,109,178,101,2026-10-03T16:25:06.257986+07:00,1.9887394409997796,0.18582938000054128,OK,,True,2026-10-03T16:25:06.443829+07:00,2.174578580999878,0.03340948700042645,OK,,True,1438,0.17975,,2026-10-03T16:25:06.477244+07:00,2.207993807999628,0.032923659000516636,OK,,True,2709,0.338625,
ebb6bf010ea247bf82f6db8fb9ea3166,3,2026-10-03T16:25:07.257912+07:00,2.9886547070000233,2.9886547070000233,MONITOR,2150.1929945370002,1.0000014320003174,0.2527121140001327,8.729799992579501e-05,DISABLED,on,user_reported,36.63877868652344,54.497039794921875,1006.833671875,106048.0546875,True,True,True,176,0,0,109,178,101,2026-10-03T16:25:07.257995+07:00,2.9887487429996327,0.185862251000799,OK,,True,2026-10-03T16:25:07.443871+07:00,3.1746201240002847,0.03345580199948017,OK,,True,1436,0.1795,,2026-10-03T16:25:07.477332+07:00,3.2080818889999136,0.03327134000028309,OK,,True,2710,0.33875,
ebb6bf010ea247bf82f6db8fb9ea3166,4,2026-10-03T16:25:08.257918+07:00,3.988660144000278,3.988660144000278,MONITOR,2151.1929999740005,1.0000054370002545,0.25246717399932095,9.273500018025516e-05,DISABLED,on,user_reported,36.640052795410156,54.49723434448242,1006.883515625,106246.109375,True,True,True,176,0,0,109,178,101,2026-10-03T16:25:08.258001+07:00,3.9887544390003313,0.18581073499990453,OK,,True,2026-10-03T16:25:08.443823+07:00,4.1745720990002155,0.03338795099989511,OK,,True,1429,0.178625,,2026-10-03T16:25:08.477216+07:00,4.207965716999752,0.033148434000395355,OK,,True,2709,0.338625,
ebb6bf010ea247bf82f6db8fb9ea3166,5,2026-10-03T16:25:09.257967+07:00,4.988700863000304,4.988700863000304,MONITOR,2152.1930406930005,1.000040719000026,0.2616490109994629,0.00013345400020625675,DISABLED,on,user_reported,36.63367462158203,54.496280670166016,1006.87328125,105785.125,True,True,True,176,0,0,109,178,101,2026-10-03T16:25:09.258110+07:00,4.988862713000344,0.19099544399978186,OK,,True,2026-10-03T16:25:09.449125+07:00,5.179871657000149,0.034452496000085375,OK,,True,1445,0.180625,,2026-10-03T16:25:09.483588+07:00,5.214334708000024,0.03599516600024799,OK,,True,2719,0.339875,
ebb6bf010ea247bf82f6db8fb9ea3166,6,2026-10-03T16:25:10.258336+07:00,5.989068881000094,5.989068881000094,MONITOR,2153.1934087110003,1.00036801799979,0.25814076899951033,0.0005014719999962836,DISABLED,on,user_reported,36.636863708496094,54.496761322021484,1006.891953125,105850.734375,True,True,True,176,0,0,109,178,101,2026-10-03T16:25:10.258477+07:00,5.989229693999732,0.1878379939998922,OK,,True,2026-10-03T16:25:10.446328+07:00,6.1770769100003236,0.034365404999334714,OK,,True,1437,0.179625,,2026-10-03T16:25:10.480701+07:00,6.211449833000188,0.0357323729995187,OK,,True,2714,0.33925,
ebb6bf010ea247bf82f6db8fb9ea3166,7,2026-10-03T16:25:11.257979+07:00,6.988713077000284,6.988713077000284,MONITOR,2154.1930529070005,0.9996441960001903,0.266792463999991,0.00014566800018656068,DISABLED,on,user_reported,36.63814163208008,54.4969482421875,1006.798359375,106048.0546875,True,True,True,176,0,0,109,178,101,2026-10-03T16:25:11.258132+07:00,6.9888838529996065,0.19568241900014982,OK,,True,2026-10-03T16:25:11.453837+07:00,7.1845828830000755,0.03689187999952992,OK,,True,1449,0.181125,,2026-10-03T16:25:11.490745+07:00,7.221488985000178,0.0340050369995879,OK,,True,2699,0.337375,
ebb6bf010ea247bf82f6db8fb9ea3166,8,2026-10-03T16:25:12.257917+07:00,7.988658645999749,7.988658645999749,MONITOR,2155.192998476,0.9999455689994647,0.25322187500023574,9.123699965130072e-05,DISABLED,on,user_reported,36.636863708496094,54.496761322021484,1006.967265625,105393.1640625,True,True,True,176,0,0,109,178,101,2026-10-03T16:25:12.257998+07:00,7.988752016000035,0.18583403399952658,OK,,True,2026-10-03T16:25:12.443846+07:00,8.174594957000409,0.033325655999760784,OK,,True,1423,0.177875,,2026-10-03T16:25:12.477175+07:00,8.207926242000212,0.033938834999389655,OK,,True,2712,0.339,
ebb6bf010ea247bf82f6db8fb9ea3166,9,2026-10-03T16:25:13.257917+07:00,8.988658719999876,8.988658719999876,MONITOR,2156.19299855,1.000000074000127,0.2531824879997657,9.131099977821577e-05,DISABLED,on,user_reported,36.63048553466797,54.51495361328125,1006.95015625,105719.59375,True,True,True,176,0,0,109,178,101,2026-10-03T16:25:13.258002+07:00,8.98875556999974,0.18603084900041722,OK,,True,2026-10-03T16:25:13.444047+07:00,9.17479649300003,0.03335565500037774,OK,,True,1432,0.179,,2026-10-03T16:25:13.477409+07:00,9.208158833000198,0.03366907899999205,OK,,True,2707,0.338375,
ebb6bf010ea247bf82f6db8fb9ea3166,10,2026-10-03T16:25:14.257916+07:00,9.98865868699977,9.98865868699977,MONITOR,2157.192998517,0.9999999669998942,0.2527501790000315,9.127799967245664e-05,DISABLED,on,user_reported,36.629844665527344,54.51486587524414,1006.908046875,105719.59375,True,True,True,176,0,0,109,178,101,2026-10-03T16:25:14.258001+07:00,9.98875425999995,0.18659947400010424,OK,,True,2026-10-03T16:25:14.444610+07:00,10.175359603999823,0.03270606900059647,OK,,True,1429,0.178625,,2026-10-03T16:25:14.477324+07:00,10.20807254400006,0.03332298900022579,OK,,True,2687,0.33587500000000003,
ebb6bf010ea247bf82f6db8fb9ea3166,11,2026-10-03T16:25:15.257984+07:00,10.988720641000327,10.988720641000327,MONITOR,2158.1930604710005,1.0000619540005573,0.2586842880000404,0.0001532320002297638,DISABLED,on,user_reported,36.63814163208008,54.52248001098633,1006.9078125,105719.59375,True,True,True,176,0,0,109,178,101,2026-10-03T16:25:15.258098+07:00,10.988851768999666,0.18584575900058553,OK,,True,2026-10-03T16:25:15.443954+07:00,11.174704213000041,0.03870552999978827,OK,,True,1444,0.1805,,2026-10-03T16:25:15.482665+07:00,11.213414797999576,0.03397505700013426,OK,,True,2710,0.33875,
ebb6bf010ea247bf82f6db8fb9ea3166,12,2026-10-03T16:25:16.257915+07:00,11.98865752599977,11.98865752599977,MONITOR,2159.192997356,0.9999368849994426,0.2556287830002475,9.011699967231834e-05,DISABLED,on,user_reported,36.634315490722656,54.515533447265625,1006.922109375,105850.734375,True,True,True,176,0,0,109,178,101,2026-10-03T16:25:16.257998+07:00,11.988751488000162,0.18579379799939488,OK,,True,2026-10-03T16:25:16.443800+07:00,12.174550822999663,0.03452786700017896,OK,,True,1439,0.179875,,2026-10-03T16:25:16.478346+07:00,12.20909013399978,0.03516939800010732,OK,,True,2699,0.337375,
ebb6bf010ea247bf82f6db8fb9ea3166,13,2026-10-03T16:25:17.257937+07:00,12.98867967499973,12.98867967499973,MONITOR,2160.193019505,1.0000221489999603,0.2560649100005321,0.00011226599963265471,DISABLED,on,user_reported,36.64069366455078,54.52285385131836,1006.925546875,106246.109375,True,True,True,176,0,0,109,178,101,2026-10-03T16:25:17.258019+07:00,12.988772415000312,0.185813335999228,OK,,True,2026-10-03T16:25:17.443842+07:00,13.174592102000133,0.03599811200001568,OK,,True,1438,0.17975,,2026-10-03T16:25:17.479845+07:00,13.210595454999748,0.034133686000132,OK,,True,2688,0.336,
ebb6bf010ea247bf82f6db8fb9ea3166,14,2026-10-03T16:25:18.258018+07:00,13.988746347000415,13.988746347000415,MONITOR,2161.1930861770006,1.0000666720006848,0.2594296929992197,0.00017893800031743012,DISABLED,on,user_reported,36.6394157409668,54.54180908203125,1006.97140625,105916.421875,True,True,True,176,0,0,109,178,101,2026-10-03T16:25:18.258164+07:00,13.988917179000055,0.18587631799982773,OK,,True,2026-10-03T16:25:18.444050+07:00,14.174799663000158,0.03294690099937725,OK,,True,1438,0.17975,,2026-10-03T16:25:18.476997+07:00,14.207750046000001,0.040409586999885505,OK,,True,2704,0.338,
ebb6bf010ea247bf82f6db8fb9ea3166,15,2026-10-03T16:25:19.257924+07:00,14.988666506999834,14.988666506999834,MONITOR,2162.193006337,0.9999201599994194,0.25235592999979417,9.90979997368413e-05,DISABLED,on,user_reported,36.6394157409668,54.52265930175781,1006.964609375,106312.2890625,True,True,True,176,0,0,109,178,101,2026-10-03T16:25:19.258007+07:00,14.988760080999782,0.18580800400013686,OK,,True,2026-10-03T16:25:19.443827+07:00,15.174576714000068,0.033214584000234026,OK,,True,1447,0.180875,,2026-10-03T16:25:19.477043+07:00,15.207794834999731,0.033214584000234026,OK,,True,2704,0.338,
ebb6bf010ea247bf82f6db8fb9ea3166,16,2026-10-03T16:25:20.257993+07:00,15.988726782000413,15.988726782000413,MONITOR,2163.1930666120006,1.0000602750005783,0.25383436199990683,0.0001593730003150995,DISABLED,on,user_reported,36.643882751464844,54.54248046875,1006.917265625,106711.1328125,True,True,True,176,0,0,109,178,101,2026-10-03T16:25:20.258114+07:00,15.988867410999774,0.18591294799989555,OK,,True,2026-10-03T16:25:20.444042+07:00,16.174790525999924,0.03319212099995639,OK,,True,1440,0.18,,2026-10-03T16:25:20.477238+07:00,16.207987740000135,0.034559403999992355,OK,,True,2703,0.337875,
ebb6bf010ea247bf82f6db8fb9ea3166,17,2026-10-03T16:25:21.257916+07:00,16.988659675000235,16.988659675000235,MONITOR,2164.1929995050004,0.9999328929998228,0.25318066499949055,9.226600013789721e-05,DISABLED,on,user_reported,36.64643478393555,54.530094146728516,1006.86640625,106444.90625,True,True,True,176,0,0,109,178,101,2026-10-03T16:25:21.257987+07:00,16.988740636999864,0.18581815400011692,OK,,True,2026-10-03T16:25:21.443817+07:00,17.174566716999834,0.03300193799987028,OK,,True,1443,0.180375,,2026-10-03T16:25:21.476820+07:00,17.207571840000128,0.03425525900001958,OK,,True,2711,0.338875,
ebb6bf010ea247bf82f6db8fb9ea3166,18,2026-10-03T16:25:22.257965+07:00,17.98869992300024,17.98869992300024,MONITOR,2165.1930397530004,1.0000402480000048,0.2669064769997931,0.00013251400014269166,DISABLED,on,user_reported,36.640052795410156,54.54191589355469,1006.897109375,106911.671875,True,True,True,176,0,0,109,178,101,2026-10-03T16:25:22.258100+07:00,17.988852532000237,0.1913633240001218,OK,,True,2026-10-03T16:25:22.449485+07:00,18.18023137399996,0.03558746900034748,OK,,True,1464,0.183,,2026-10-03T16:25:22.485080+07:00,18.215828675999546,0.03975139100020897,OK,,True,2720,0.34,
ebb6bf010ea247bf82f6db8fb9ea3166,19,2026-10-03T16:25:23.257951+07:00,18.988693510000303,18.988693510000303,MONITOR,2166.1930333400005,0.9999935870000627,0.25184260599962727,0.00012610100020538084,DISABLED,on,user_reported,36.642608642578125,54.548675537109375,1006.928671875,106444.90625,True,True,True,176,0,0,109,178,101,2026-10-03T16:25:23.258031+07:00,18.98878430500008,0.18582115600020188,OK,,True,2026-10-03T16:25:23.443865+07:00,19.174614313000347,0.03307141899949784,OK,,True,1451,0.181375,,2026-10-03T16:25:23.476937+07:00,19.207689157999994,0.03283773600014683,OK,,True,2709,0.338625,
ebb6bf010ea247bf82f6db8fb9ea3166,20,2026-10-03T16:25:24.257914+07:00,19.98865632399975,19.98865632399975,MONITOR,2167.192996154,0.9999628139994456,0.25198177299989766,8.891499965102412e-05,DISABLED,on,user_reported,36.64133071899414,54.54209899902344,1006.885625,106711.1328125,True,True,True,176,0,0,109,178,101,2026-10-03T16:25:24.257996+07:00,19.98874945300031,0.1858059529995444,OK,,True,2026-10-03T16:25:24.443812+07:00,20.174563221000426,0.03323593599998276,OK,,True,1434,0.17925,,2026-10-03T16:25:24.477051+07:00,20.207802472000367,0.032826105999447464,OK,,True,2707,0.338375,
ebb6bf010ea247bf82f6db8fb9ea3166,21,2026-10-03T16:25:25.257911+07:00,20.98865486500017,20.98865486500017,MONITOR,2168.1929946950004,0.9999985410004228,0.2540759019993857,8.745600007387111e-05,DISABLED,on,user_reported,36.64834976196289,54.54314041137695,1006.910703125,105982.1953125,True,True,True,176,0,0,109,178,101,2026-10-03T16:25:25.257987+07:00,20.988740826999674,0.1859565080003449,OK,,True,2026-10-03T16:25:25.443965+07:00,21.17471133500021,0.03498691999993753,OK,,True,1450,0.18125,,2026-10-03T16:25:25.478955+07:00,21.20970449499964,0.03301460600050632,OK,,True,2711,0.338875,
ebb6bf010ea247bf82f6db8fb9ea3166,22,2026-10-03T16:25:26.257914+07:00,21.988657504000003,21.988657504000003,MONITOR,2169.192997334,1.000002638999831,0.25166457500017714,9.009499990497716e-05,DISABLED,on,user_reported,36.650901794433594,54.55629348754883,1006.894140625,107112.96875,True,True,True,176,0,0,109,178,101,2026-10-03T16:25:26.257990+07:00,21.98874342900035,0.1857904549997329,OK,,True,2026-10-03T16:25:26.443791+07:00,22.174541680000402,0.032956920999822614,OK,,True,1443,0.180375,,2026-10-03T16:25:26.476750+07:00,22.20750221199978,0.03281101500033401,OK,,True,2710,0.33875,
ebb6bf010ea247bf82f6db8fb9ea3166,23,2026-10-03T16:25:27.257916+07:00,22.988657961999706,22.988657961999706,MONITOR,2170.192997792,1.000000457999704,0.2517400760007149,9.055299960891716e-05,DISABLED,on,user_reported,36.64452362060547,54.529808044433594,1006.8703125,106511.3359375,True,True,True,176,0,0,109,178,101,2026-10-03T16:25:27.257999+07:00,22.98875235000014,0.185799975000009,OK,,True,2026-10-03T16:25:27.443810+07:00,23.174560305999876,0.032992587000080675,OK,,True,1448,0.181,,2026-10-03T16:25:27.476805+07:00,23.207556874999682,0.03283194000050571,OK,,True,2709,0.338625,
ebb6bf010ea247bf82f6db8fb9ea3166,24,2026-10-03T16:25:28.257922+07:00,23.988664907000384,23.988664907000384,MONITOR,2171.1930047370006,1.0000069450006777,0.252047350999419,9.749800028657774e-05,DISABLED,on,user_reported,36.64516067504883,54.5299072265625,1006.857578125,106246.109375,True,True,True,176,0,0,109,178,101,2026-10-03T16:25:28.258007+07:00,23.98876012799974,0.1858136420005394,OK,,True,2026-10-03T16:25:28.443833+07:00,24.174581936999857,0.03298299500056601,OK,,True,1456,0.182,,2026-10-03T16:25:28.476816+07:00,24.207568412999535,0.03312951200041425,OK,,True,2707,0.338375,
ebb6bf010ea247bf82f6db8fb9ea3166,25,2026-10-03T16:25:29.257915+07:00,24.988659300999643,24.988659300999643,MONITOR,2172.192999131,0.999994393999259,0.2517557260007379,9.189199954562355e-05,DISABLED,on,user_reported,36.64069366455078,54.54838943481445,1006.939296875,106113.9921875,True,True,True,176,0,0,109,178,101,2026-10-03T16:25:29.257989+07:00,24.988742558999547,0.18579931000022043,OK,,True,2026-10-03T16:25:29.443799+07:00,25.17454979499962,0.03302230999997846,OK,,True,1449,0.181125,,2026-10-03T16:25:29.476823+07:00,25.207575456000086,0.03283047799959604,OK,,True,2708,0.3385,
ebb6bf010ea247bf82f6db8fb9ea3166,26,2026-10-03T16:25:30.257920+07:00,25.98866144099975,25.98866144099975,MONITOR,2173.193001271,1.000002140000106,0.25572353999996267,9.403199965163367e-05,DISABLED,on,user_reported,36.63814163208008,54.535247802734375,1006.94203125,106511.3359375,True,True,True,176,0,0,109,178,101,2026-10-03T16:25:30.258003+07:00,25.988756699000078,0.18581610699948214,OK,,True,2026-10-03T16:25:30.443832+07:00,26.174581786999624,0.03560193300018,OK,,True,1436,0.1795,,2026-10-03T16:25:30.479449+07:00,26.210194293999848,0.0341634280002836,OK,,True,2681,0.335125,
ebb6bf010ea247bf82f6db8fb9ea3166,27,2026-10-03T16:25:31.257919+07:00,26.988663344999622,26.988663344999622,MONITOR,2174.193003175,1.0000019039998733,0.2518175980003434,9.593599952495424e-05,DISABLED,on,user_reported,36.642608642578125,54.54228973388672,1006.915,106844.7421875,True,True,True,176,0,0,109,178,101,2026-10-03T16:25:31.257992+07:00,26.988745843999823,0.18579647800015664,OK,,True,2026-10-03T16:25:31.443800+07:00,27.17455002600036,0.033103920000030485,OK,,True,1450,0.18125,,2026-10-03T16:25:31.476905+07:00,27.207657298000413,0.03281460799917113,OK,,True,2706,0.33825,
ebb6bf010ea247bf82f6db8fb9ea3166,28,2026-10-03T16:25:32.257917+07:00,27.988659493999876,27.988659493999876,MONITOR,2175.192999324,0.9999961490002534,0.2517029900000125,9.208499977830797e-05,DISABLED,on,user_reported,36.64834976196289,54.5367546081543,1006.89015625,106444.90625,True,True,True,176,0,0,109,178,101,2026-10-03T16:25:32.257998+07:00,27.988750864000394,0.18580503499924816,OK,,True,2026-10-03T16:25:32.443814+07:00,28.174563786999897,0.03297244100031094,OK,,True,1440,0.18,,2026-10-03T16:25:32.476788+07:00,28.207540135000272,0.03281264499946701,OK,,True,2706,0.33825,
ebb6bf010ea247bf82f6db8fb9ea3166,29,2026-10-03T16:25:33.258053+07:00,28.98878264799987,28.98878264799987,MONITOR,2176.193122478,1.0001231539999935,0.2535533979998945,0.00021523899977182737,DISABLED,on,user_reported,36.647071838378906,54.523799896240234,1006.922421875,106644.4453125,True,True,True,176,0,0,109,178,101,2026-10-03T16:25:33.258226+07:00,28.988977386999977,0.18683639600021706,OK,,True,2026-10-03T16:25:33.445074+07:00,29.175822930999857,0.033563748999767995,OK,,True,1461,0.182625,,2026-10-03T16:25:33.478641+07:00,29.20939162400009,0.032933829999819864,OK,,True,2702,0.33775,
ebb6bf010ea247bf82f6db8fb9ea3166,30,2026-10-03T16:25:34.257912+07:00,29.988655549000214,29.988655549000214,MONITOR,2177.1929953790004,0.9998729010003444,0.2517234919996554,8.814000011625467e-05,DISABLED,on,user_reported,36.64516067504883,54.52352523803711,1006.89859375,107045.7890625,True,True,True,176,0,0,109,178,101,2026-10-03T16:25:34.257983+07:00,29.988736825999695,0.1858024809998824,OK,,True,2026-10-03T16:25:34.443797+07:00,30.17454734399962,0.03296888500062778,OK,,True,1444,0.1805,,2026-10-03T16:25:34.476768+07:00,30.20751971000027,0.03283846099930088,OK,,True,2696,0.337,
ebb6bf010ea247bf82f6db8fb9ea3166,31,2026-10-03T16:25:35.257912+07:00,30.98865624999962,30.98865624999962,MONITOR,2178.19299608,1.0000007009994079,0.25550095700054953,8.884099952410907e-05,DISABLED,on,user_reported,36.64579772949219,54.529998779296875,1006.9065625,105850.734375,True,True,True,176,0,0,109,178,101,2026-10-03T16:25:35.257984+07:00,30.98873778699999,0.18586612899980537,OK,,True,2026-10-03T16:25:35.443869+07:00,31.174617323000348,0.034223354999994626,OK,,True,1420,0.1775,,2026-10-03T16:25:35.478097+07:00,31.208846604000428,0.03529141799936042,OK,,True,2690,0.33625,
ebb6bf010ea247bf82f6db8fb9ea3166,32,2026-10-03T16:25:36.257920+07:00,31.98866258599992,31.98866258599992,MONITOR,2179.193002416,1.0000063360002969,0.25176592000025266,9.517699982097838e-05,DISABLED,on,user_reported,36.65217971801758,54.524559020996094,1006.889609375,106911.671875,True,True,True,176,0,0,109,178,101,2026-10-03T16:25:36.258006+07:00,31.988759122000374,0.18580651999945985,OK,,True,2026-10-03T16:25:36.443823+07:00,32.17457338300028,0.03299245899961534,OK,,True,1444,0.1805,,2026-10-03T16:25:36.476817+07:00,32.20756926800004,0.03284825599985197,OK,,True,2699,0.337375,
ebb6bf010ea247bf82f6db8fb9ea3166,33,2026-10-03T16:25:37.257915+07:00,32.988657593000426,32.988657593000426,MONITOR,2180.1929974230006,0.999995007000507,0.2517656799991528,9.018400032800855e-05,DISABLED,on,user_reported,36.6534538269043,54.51837158203125,1006.905234375,106113.9921875,True,True,True,176,0,0,109,178,101,2026-10-03T16:25:37.257995+07:00,32.988749074000225,0.18580820599981962,OK,,True,2026-10-03T16:25:37.443815+07:00,33.17456513199977,0.032997291999890876,OK,,True,1457,0.182125,,2026-10-03T16:25:37.476813+07:00,33.20756614600032,0.03284710899970378,OK,,True,2697,0.337125,
ebb6bf010ea247bf82f6db8fb9ea3166,34,2026-10-03T16:25:38.257913+07:00,33.98865769799977,33.98865769799977,MONITOR,2181.192997528,1.0000001049993443,0.2567660960003195,9.028899967233883e-05,DISABLED,on,user_reported,36.6534538269043,54.51837158203125,1006.891484375,106511.3359375,True,True,True,176,0,0,109,178,101,2026-10-03T16:25:38.257987+07:00,33.98874056800014,0.18779394699959084,OK,,True,2026-10-03T16:25:38.445802+07:00,34.17654925500028,0.03472247999980027,OK,,True,1457,0.182125,,2026-10-03T16:25:38.480541+07:00,34.21128290100023,0.034123726999496284,OK,,True,2700,0.3375,
ebb6bf010ea247bf82f6db8fb9ea3166,35,2026-10-03T16:25:39.257928+07:00,34.98866991900013,34.98866991900013,MONITOR,2182.1930097490003,1.000012221000361,0.2517825710001489,0.0001025100000333623,DISABLED,on,user_reported,36.65536880493164,54.512271881103516,1006.846796875,106511.3359375,True,True,True,176,0,0,109,178,101,2026-10-03T16:25:39.258012+07:00,34.98876523299987,0.18581000399990444,OK,,True,2026-10-03T16:25:39.443834+07:00,35.174584125000365,0.03300210799989145,OK,,True,1441,0.180125,,2026-10-03T16:25:39.476837+07:00,35.207589548000215,0.03285205300016969,OK,,True,2700,0.3375,
ebb6bf010ea247bf82f6db8fb9ea3166,36,2026-10-03T16:25:40.257908+07:00,35.98865327400017,35.98865327400017,MONITOR,2183.1929931040004,0.9999833550000403,0.25269878600011,8.586500007368159e-05,DISABLED,on,user_reported,36.65217971801758,54.51817321777344,1006.882734375,106444.90625,True,True,True,176,0,0,109,178,101,2026-10-03T16:25:40.257981+07:00,35.988733383999715,0.18587420800031396,OK,,True,2026-10-03T16:25:40.443869+07:00,36.174618074000136,0.03288671999962389,OK,,True,1443,0.180375,,2026-10-03T16:25:40.476762+07:00,36.20751121899957,0.03382913700079371,OK,,True,2690,0.33625,
ebb6bf010ea247bf82f6db8fb9ea3166,37,2026-10-03T16:25:41.257909+07:00,36.98865422600011,36.98865422600011,MONITOR,2184.1929940560003,1.0000009519999367,0.25194951699995727,8.681700001034187e-05,DISABLED,on,user_reported,36.64771270751953,54.49836730957031,1006.820703125,106711.1328125,True,True,True,176,0,0,109,178,101,2026-10-03T16:25:41.257977+07:00,36.98873096599982,0.18579456200041022,OK,,True,2026-10-03T16:25:41.443783+07:00,37.17453350899996,0.033214643000064825,OK,,True,1453,0.181625,,2026-10-03T16:25:41.476998+07:00,37.20775102300013,0.03284308999991481,OK,,True,2693,0.336625,
ebb6bf010ea247bf82f6db8fb9ea3166,38,2026-10-03T16:25:42.257914+07:00,37.98865801699958,37.98865801699958,MONITOR,2185.192997847,1.0000037909994717,0.2516741130002629,9.060799948201748e-05,DISABLED,on,user_reported,36.64771270751953,54.53028106689453,1006.841171875,105982.1953125,True,True,True,176,0,0,109,178,101,2026-10-03T16:25:42.257983+07:00,37.9887360900002,0.18580159999964962,OK,,True,2026-10-03T16:25:42.443796+07:00,38.17454559700036,0.03295290499954717,OK,,True,1447,0.180875,,2026-10-03T16:25:42.476748+07:00,38.207501631000014,0.03282042499995441,OK,,True,2696,0.337,
ebb6bf010ea247bf82f6db8fb9ea3166,39,2026-10-03T16:25:43.257928+07:00,38.98867210899971,38.98867210899971,MONITOR,2186.193011939,1.0000140920001286,0.2518186870001955,0.00010469999961060239,DISABLED,on,user_reported,36.64771270751953,54.5047492980957,1006.834375,106511.3359375,True,True,True,176,0,0,109,178,101,2026-10-03T16:25:43.257994+07:00,38.988747514999886,0.18579421200047364,OK,,True,2026-10-03T16:25:43.443799+07:00,39.174549375000424,0.03294507099963084,OK,,True,1446,0.18075,,2026-10-03T16:25:43.476745+07:00,39.20749763200001,0.032983477999550814,OK,,True,2694,0.33675,
ebb6bf010ea247bf82f6db8fb9ea3166,40,2026-10-03T16:25:44.257909+07:00,39.98865131599996,39.98865131599996,MONITOR,2187.192991146,0.9999792070002513,0.25169598600041354,8.390699986193795e-05,DISABLED,on,user_reported,36.63877868652344,54.51618576049805,1006.861015625,106577.8515625,True,True,True,176,0,0,109,178,101,2026-10-03T16:25:44.257991+07:00,39.98874412999976,0.1858013609999034,OK,,True,2026-10-03T16:25:44.443803+07:00,40.1745530649996,0.03295668300052057,OK,,True,1438,0.17975,,2026-10-03T16:25:44.476759+07:00,40.20751261799978,0.03282459100046253,OK,,True,2701,0.337625,
ebb6bf010ea247bf82f6db8fb9ea3166,41,2026-10-03T16:25:45.257911+07:00,40.98865317699983,40.98865317699983,MONITOR,2188.192993007,1.0000018609998733,0.25526256400007696,8.57679997352534e-05,DISABLED,on,user_reported,36.63750457763672,54.509613037109375,1006.852109375,106711.1328125,True,True,True,176,0,0,109,178,101,2026-10-03T16:25:45.257993+07:00,40.988746639000055,0.18715677399995911,OK,,True,2026-10-03T16:25:45.445166+07:00,41.17591439500029,0.03294357199956721,OK,,True,1430,0.17875,,2026-10-03T16:25:45.478115+07:00,41.20886379999956,0.03503595900019718,OK,,True,2678,0.33475,
ebb6bf010ea247bf82f6db8fb9ea3166,42,2026-10-03T16:25:46.257911+07:00,41.98865422699964,41.98865422699964,MONITOR,2189.192994057,1.0000010499998098,0.2520521890000964,8.681799954501912e-05,DISABLED,on,user_reported,36.64133071899414,54.51018524169922,1006.933515625,106644.4453125,True,True,True,176,0,0,109,178,101,2026-10-03T16:25:46.257988+07:00,41.98874133800018,0.18580343600024207,OK,,True,2026-10-03T16:25:46.443803+07:00,42.17455314400013,0.033259699000154797,OK,,True,1445,0.180625,,2026-10-03T16:25:46.477063+07:00,42.20781617600005,0.03288068399979238,OK,,True,2698,0.33725,
ebb6bf010ea247bf82f6db8fb9ea3166,43,2026-10-03T16:25:47.257910+07:00,42.988652338000065,42.988652338000065,MONITOR,2190.1929921680003,0.9999981110004228,0.2517921369999385,8.492899996781489e-05,DISABLED,on,user_reported,36.6394157409668,54.51627731323242,1006.944140625,106777.890625,True,True,True,176,0,0,109,178,101,2026-10-03T16:25:47.257996+07:00,42.98874976299976,0.18581728900062444,OK,,True,2026-10-03T16:25:47.443826+07:00,43.1745753109999,0.033012498000061896,OK,,True,1450,0.18125,,2026-10-03T16:25:47.476839+07:00,43.20759127200017,0.03284396199978801,OK,,True,2702,0.33775,
ebb6bf010ea247bf82f6db8fb9ea3166,44,2026-10-03T16:25:48.257908+07:00,43.98865117599962,43.98865117599962,MONITOR,2191.192991006,0.9999988379995557,0.2518001369999183,8.376699952350464e-05,DISABLED,on,user_reported,36.636226654052734,54.53496170043945,1006.932109375,106378.5546875,True,True,True,176,0,0,109,178,101,2026-10-03T16:25:48.257987+07:00,43.988740212000266,0.18580773399935424,OK,,True,2026-10-03T16:25:48.443806+07:00,44.174555575999875,0.03301916400050686,OK,,True,1445,0.180625,,2026-10-03T16:25:48.476826+07:00,44.20757848100038,0.03286448099970585,OK,,True,2696,0.337,
ebb6bf010ea247bf82f6db8fb9ea3166,45,2026-10-03T16:25:49.257926+07:00,44.98866453699975,44.98866453699975,MONITOR,2192.193004367,1.0000133610001285,0.2621039659998132,9.712799965200247e-05,DISABLED,on,user_reported,36.640052795410156,54.52276611328125,1006.945078125,106644.4453125,True,True,True,176,0,0,109,178,101,2026-10-03T16:25:49.258044+07:00,44.988796869,0.19110781400013366,OK,,True,2026-10-03T16:25:49.449174+07:00,45.179920219999985,0.03546169600031135,OK,,True,1468,0.1835,,2026-10-03T16:25:49.484640+07:00,45.21539071299958,0.03535719700084883,OK,,True,2706,0.33825,
ebb6bf010ea247bf82f6db8fb9ea3166,46,2026-10-03T16:25:50.257946+07:00,45.98868353200032,45.98868353200032,MONITOR,2193.1930233620005,1.0000189950005733,0.26498210599947924,0.00011612300022534328,DISABLED,on,user_reported,36.6394157409668,54.52265930175781,1006.896171875,105916.421875,True,True,True,176,0,0,109,178,101,2026-10-03T16:25:50.258065+07:00,45.98881808599981,0.19137603499984834,OK,,True,2026-10-03T16:25:50.449469+07:00,46.180213953999555,0.035094682000817556,OK,,True,1448,0.181,,2026-10-03T16:25:50.484581+07:00,46.21532476500033,0.03831348399944545,OK,,True,2702,0.33775,
ebb6bf010ea247bf82f6db8fb9ea3166,47,2026-10-03T16:25:51.257928+07:00,46.98866908800028,0.6931818140001269,BASELINE,2194.1930089180005,0.999985555999956,0.25213371199970425,0.00010167900018132059,DISABLED,on,user_reported,36.64643478393555,54.536476135253906,1006.93484375,106644.4453125,True,True,True,176,0,0,109,178,101,2026-10-03T16:25:51.258014+07:00,46.98876712400033,0.18580518099952315,OK,,True,2026-10-03T16:25:51.443829+07:00,47.17457980499967,0.0333526990007158,OK,,True,1440,0.18,,2026-10-03T16:25:51.477186+07:00,47.20793720799975,0.03285688800042408,OK,,True,2695,0.336875,
ebb6bf010ea247bf82f6db8fb9ea3166,48,2026-10-03T16:25:52.257912+07:00,47.98865409300015,1.6931668189999982,BASELINE,2195.1929939230004,0.9999850049998713,0.25176962400018965,8.668400005262811e-05,DISABLED,on,user_reported,36.64834976196289,54.54314041137695,1006.897109375,107045.7890625,True,True,True,176,0,0,109,178,101,2026-10-03T16:25:52.257997+07:00,47.98875038799997,0.18580996000036976,OK,,True,2026-10-03T16:25:52.443819+07:00,48.17456825499994,0.0329844249999951,OK,,True,1437,0.179625,,2026-10-03T16:25:52.476803+07:00,48.207555717000105,0.03285972199955722,OK,,True,2698,0.33725,
ebb6bf010ea247bf82f6db8fb9ea3166,49,2026-10-03T16:25:53.257918+07:00,48.98865950999971,2.6931722359995547,BASELINE,2196.19299934,1.0000054169995565,0.2517522360003568,9.210099960910156e-05,DISABLED,on,user_reported,36.64962387084961,54.53694534301758,1006.892265625,107247.59375,True,True,True,176,0,0,109,178,101,2026-10-03T16:25:53.258002+07:00,48.988755360999676,0.18581101600011607,OK,,True,2026-10-03T16:25:53.443825+07:00,49.174575025000195,0.03298590600024909,OK,,True,1442,0.18025,,2026-10-03T16:25:53.476811+07:00,49.207563967999704,0.03283838900006231,OK,,True,2697,0.337125,
ebb6bf010ea247bf82f6db8fb9ea3166,50,2026-10-03T16:25:54.259800+07:00,49.99053956100033,3.6950522870001805,BASELINE,2197.1948793910005,1.0018800510006258,0.2517676079996818,0.001972152000234928,DISABLED,on,user_reported,36.65026092529297,54.54981231689453,1006.9,106978.6875,True,True,True,176,0,0,109,178,101,2026-10-03T16:25:54.259894+07:00,49.990646801000366,0.1858395909994215,OK,,True,2026-10-03T16:25:54.445745+07:00,50.176494354999704,0.03296059200056334,OK,,True,1443,0.180375,,2026-10-03T16:25:54.478705+07:00,50.20945798400044,0.032840240999576054,OK,,True,2698,0.33725,
ebb6bf010ea247bf82f6db8fb9ea3166,51,2026-10-03T16:25:55.257915+07:00,50.988658764999855,4.693171490999703,BASELINE,2198.192998595,0.9981192039995221,0.2525411940005142,9.13559997570701e-05,DISABLED,on,user_reported,36.65154266357422,54.55000686645508,1006.9021875,106978.6875,True,True,True,176,0,0,109,178,101,2026-10-03T16:25:55.257995+07:00,50.98874844900001,0.18580875899988314,OK,,True,2026-10-03T16:25:55.443815+07:00,51.17456493000009,0.033210904999577906,OK,,True,1441,0.180125,,2026-10-03T16:25:55.477027+07:00,51.20777963099954,0.033404421000341245,OK,,True,2698,0.33725,
ebb6bf010ea247bf82f6db8fb9ea3166,52,2026-10-03T16:25:56.257915+07:00,51.98865901099998,5.69317173699983,BASELINE,2199.192998841,1.000000246000127,0.25183373900017614,9.160199988400564e-05,DISABLED,on,user_reported,36.64452362060547,54.55534362792969,1006.877109375,106911.671875,True,True,True,176,0,0,109,178,101,2026-10-03T16:25:56.257993+07:00,51.988746287999675,0.18580407399986143,OK,,True,2026-10-03T16:25:56.443807+07:00,52.174557768999875,0.033027147999746376,OK,,True,1443,0.180375,,2026-10-03T16:25:56.476835+07:00,52.20758778700019,0.03289613000015379,OK,,True,2690,0.33625,
ebb6bf010ea247bf82f6db8fb9ea3166,53,2026-10-03T16:25:57.257909+07:00,52.988651446000404,6.693164172000252,BASELINE,2200.1929912760006,0.9999924350004221,0.25178644499919756,8.403700030612526e-05,DISABLED,on,user_reported,36.64516067504883,54.555442810058594,1006.87125,106777.890625,True,True,True,176,0,0,109,178,101,2026-10-03T16:25:57.257992+07:00,52.988745167999696,0.18580872300026385,OK,,True,2026-10-03T16:25:57.443812+07:00,53.174561836000066,0.03299881400016602,OK,,True,1440,0.18,,2026-10-03T16:25:57.476811+07:00,53.20756355699996,0.03286470399962127,OK,,True,2694,0.33675,
ebb6bf010ea247bf82f6db8fb9ea3166,54,2026-10-03T16:25:58.257907+07:00,53.98865035000017,7.693163076000019,BASELINE,2201.1929901800004,0.9999989039997672,0.2516892240000743,8.294100007333327e-05,DISABLED,on,user_reported,36.64898681640625,54.56239700317383,1006.870625,107180.2421875,True,True,True,176,0,0,109,178,101,2026-10-03T16:25:58.257983+07:00,53.98873712600016,0.1857979839996915,OK,,True,2026-10-03T16:25:58.443791+07:00,54.17454173999977,0.032960184999865305,OK,,True,1447,0.180875,,2026-10-03T16:25:58.476752+07:00,54.20750542499991,0.03282598199984932,OK,,True,2698,0.33725,
ebb6bf010ea247bf82f6db8fb9ea3166,55,2026-10-03T16:25:59.257939+07:00,54.98867905299994,8.69319177899979,BASELINE,2202.193018883,1.0000287029997708,0.2517452250003771,0.00011164399984409101,DISABLED,on,user_reported,36.65026092529297,54.568973541259766,1006.852109375,106978.6875,True,True,True,176,0,0,109,178,101,2026-10-03T16:25:59.258026+07:00,54.988780126000165,0.18581166999956622,OK,,True,2026-10-03T16:25:59.443849+07:00,55.174598628999775,0.03296694500022568,OK,,True,1455,0.181875,,2026-10-03T16:25:59.476816+07:00,55.2075686850003,0.03284600099959789,OK,,True,2694,0.33675,
ebb6bf010ea247bf82f6db8fb9ea3166,56,2026-10-03T16:26:00.257909+07:00,55.9886532620003,9.693165988000146,BASELINE,2203.1929930920005,0.9999742090003565,0.2519292429997222,8.58530002005864e-05,DISABLED,on,user_reported,36.643882751464844,54.57440185546875,1006.841875,106644.4453125,True,True,True,176,0,0,109,178,101,2026-10-03T16:26:00.257985+07:00,55.98873837300016,0.18580837399986194,OK,,True,2026-10-03T16:26:00.443803+07:00,56.174553191000086,0.03317757199965854,OK,,True,1453,0.181625,,2026-10-03T16:26:00.476982+07:00,56.2077343560004,0.032838852999702794,OK,,True,2687,0.33587500000000003,
ebb6bf010ea247bf82f6db8fb9ea3166,57,2026-10-03T16:26:01.257914+07:00,56.98865666100028,10.693169387000125,BASELINE,2204.1929964910005,1.0000033989999793,0.25168443199981994,8.925200017984025e-05,DISABLED,on,user_reported,36.64643478393555,54.5811653137207,1006.852734375,106777.890625,True,True,True,176,0,0,109,178,101,2026-10-03T16:26:01.257995+07:00,56.988747827000225,0.1858076529997561,OK,,True,2026-10-03T16:26:01.443811+07:00,57.17456107199996,0.0329453710000962,OK,,True,1438,0.17975,,2026-10-03T16:26:01.476757+07:00,57.20750979500008,0.03282270499948936,OK,,True,2695,0.336875,
ebb6bf010ea247bf82f6db8fb9ea3166,58,2026-10-03T16:26:02.257916+07:00,57.988658342000235,11.693171068000083,BASELINE,2205.1929981720004,1.000001680999958,0.2517229139994015,9.093300013773842e-05,DISABLED,on,user_reported,36.64579772949219,54.619384765625,1006.838046875,107045.7890625,True,True,True,176,0,0,109,178,101,2026-10-03T16:26:02.257996+07:00,57.98874948899993,0.18581441300011647,OK,,True,2026-10-03T16:26:02.443820+07:00,58.174570068999856,0.0329631109998445,OK,,True,1449,0.181125,,2026-10-03T16:26:02.476784+07:00,58.20753660599985,0.03282278000006045,OK,,True,2696,0.337,
ebb6bf010ea247bf82f6db8fb9ea3166,59,2026-10-03T16:26:03.257914+07:00,58.98865708300036,12.69316980900021,BASELINE,2206.1929969130006,0.9999987410001268,0.25176672899942787,8.967400026449468e-05,DISABLED,on,user_reported,36.63240051269531,54.623779296875,1006.966875,106711.1328125,True,True,True,176,0,0,109,178,101,2026-10-03T16:26:03.257995+07:00,58.988748396999654,0.18581946900030744,OK,,True,2026-10-03T16:26:03.443826+07:00,59.174575791999814,0.032994648000567395,OK,,True,1450,0.18125,,2026-10-03T16:26:03.476822+07:00,59.20757386599962,0.032840501999999105,OK,,True,2697,0.337125,
ebb6bf010ea247bf82f6db8fb9ea3166,60,2026-10-03T16:26:04.257916+07:00,59.98865836599998,13.69317109199983,BASELINE,2207.192998196,1.0000012829996194,0.2538956179996603,9.09569998839288e-05,DISABLED,on,user_reported,36.64133071899414,54.682594299316406,1006.926640625,106711.1328125,True,True,True,176,0,0,109,178,101,2026-10-03T16:26:04.257999+07:00,59.98875225400025,0.18601415299963264,OK,,True,2026-10-03T16:26:04.444035+07:00,60.17478012900028,0.034839519999877666,OK,,True,1442,0.18025,,2026-10-03T16:26:04.478874+07:00,60.209624742000415,0.032919222999225894,OK,,True,2699,0.337375,
ebb6bf010ea247bf82f6db8fb9ea3166,61,2026-10-03T16:26:05.257953+07:00,60.98869361600009,14.69320634199994,BASELINE,2208.1930334460003,1.00003525000011,0.25173750999965705,0.00012620699999388307,DISABLED,on,user_reported,36.6394157409668,54.720638275146484,1006.875625,106844.7421875,True,True,True,176,0,0,109,178,101,2026-10-03T16:26:05.258040+07:00,60.9887937630001,0.18582993400013947,OK,,True,2026-10-03T16:26:05.443882+07:00,61.174632029999884,0.03294470499986346,OK,,True,1443,0.180375,,2026-10-03T16:26:05.476829+07:00,61.207580772000256,0.03284016799989331,OK,,True,2692,0.3365,
ebb6bf010ea247bf82f6db8fb9ea3166,62,2026-10-03T16:26:06.257975+07:00,61.98870664799961,15.693219373999455,BASELINE,2209.193046478,1.000013031999515,0.26339428900064377,0.00013923899950896157,DISABLED,on,user_reported,36.65026092529297,54.779781341552734,1006.94796875,106844.7421875,True,True,True,176,0,0,109,178,101,2026-10-03T16:26:06.258128+07:00,61.98887988699971,0.19176141600019037,OK,,True,2026-10-03T16:26:06.449910+07:00,62.180656747000285,0.03605137900012778,OK,,True,1444,0.1805,,2026-10-03T16:26:06.485967+07:00,62.216717180999694,0.03536318199985544,OK,,True,2701,0.337625,
ebb6bf010ea247bf82f6db8fb9ea3166,63,2026-10-03T16:26:07.257923+07:00,62.988665093000236,16.693177819000084,BASELINE,2210.1930049230004,0.9999584450006296,0.25195789899953525,9.768400013854261e-05,DISABLED,on,user_reported,36.65727996826172,54.81277847290039,1006.8909375,106644.4453125,True,True,True,176,0,0,109,178,101,2026-10-03T16:26:07.258004+07:00,62.988757406999866,0.185813842999778,OK,,True,2026-10-03T16:26:07.443830+07:00,63.17457958399973,0.03298242700020637,OK,,True,1451,0.181375,,2026-10-03T16:26:07.476813+07:00,63.20756526999958,0.033045167000636866,OK,,True,2693,0.336625,
ebb6bf010ea247bf82f6db8fb9ea3166,64,2026-10-03T16:26:08.257917+07:00,63.988659579999876,17.693172305999724,BASELINE,2211.19299941,0.9999944869996398,0.2518146230004277,9.217099977831822e-05,DISABLED,on,user_reported,36.64962387084961,54.84999084472656,1006.926484375,106844.7421875,True,True,True,176,0,0,109,178,101,2026-10-03T16:26:08.257999+07:00,63.98875287499959,0.18581151100079296,OK,,True,2026-10-03T16:26:08.443821+07:00,64.17457147799996,0.03300207499978569,OK,,True,1447,0.180875,,2026-10-03T16:26:08.476824+07:00,64.20757658999992,0.03288748399972974,OK,,True,2694,0.33675,
ebb6bf010ea247bf82f6db8fb9ea3166,65,2026-10-03T16:26:09.257913+07:00,64.98865425599979,18.69316698199964,BASELINE,2212.192994086,0.9999946759999148,0.25176731000010477,8.684699969307985e-05,DISABLED,on,user_reported,36.66366195678711,54.87767028808594,1006.921796875,106777.890625,True,True,True,176,0,0,109,178,101,2026-10-03T16:26:09.257998+07:00,64.98875116199997,0.1858199930002229,OK,,True,2026-10-03T16:26:09.443830+07:00,65.1745795249999,0.03299264999986917,OK,,True,1448,0.181,,2026-10-03T16:26:09.476822+07:00,65.20757506300015,0.032838447999893106,OK,,True,2690,0.33625,
ebb6bf010ea247bf82f6db8fb9ea3166,66,2026-10-03T16:26:10.257910+07:00,65.98865271399973,19.693165439999575,BASELINE,2213.192992544,0.9999984579999364,0.2517709780004225,8.530499962944305e-05,DISABLED,on,user_reported,36.657920837402344,54.90878677368164,1006.871484375,106312.2890625,True,True,True,176,0,0,109,178,101,2026-10-03T16:26:10.257990+07:00,65.98874317599984,0.18581853100022272,OK,,True,2026-10-03T16:26:10.443820+07:00,66.1745703180004,0.032991519999995944,OK,,True,1454,0.18175,,2026-10-03T16:26:10.476813+07:00,66.20756544899996,0.03284942800019053,OK,,True,2694,0.33675,
ebb6bf010ea247bf82f6db8fb9ea3166,67,2026-10-03T16:26:11.257956+07:00,66.98869630599984,20.693209031999686,BASELINE,2214.193036136,1.000043592000111,0.2520828470005654,0.00012889699974039104,DISABLED,on,user_reported,36.6585578918457,54.92167282104492,1006.89296875,106777.890625,True,True,True,176,0,0,109,178,101,2026-10-03T16:26:11.258049+07:00,66.9888027119996,0.1858257540006889,OK,,True,2026-10-03T16:26:11.443887+07:00,67.17463707699972,0.03327442499994504,OK,,True,1450,0.18125,,2026-10-03T16:26:11.477162+07:00,67.20791442799964,0.03285531700021238,OK,,True,2691,0.336375,
ebb6bf010ea247bf82f6db8fb9ea3166,68,2026-10-03T16:26:12.257949+07:00,67.98868495900024,21.693197685000086,BASELINE,2215.1930247890004,0.9999886530004005,0.2629438559997652,0.0001175500001409091,DISABLED,on,user_reported,36.66175079345703,54.92855453491211,1006.89140625,105916.421875,True,True,True,176,0,0,109,178,101,2026-10-03T16:26:12.258082+07:00,67.98883393899996,0.19138697899961699,OK,,True,2026-10-03T16:26:12.449492+07:00,68.18023776999962,0.03554097699998238,OK,,True,1437,0.179625,,2026-10-03T16:26:12.485037+07:00,68.21578787700037,0.035815807999824756,OK,,True,2697,0.337125,
ebb6bf010ea247bf82f6db8fb9ea3166,69,2026-10-03T16:26:13.257958+07:00,68.98869563399967,22.693208359999517,BASELINE,2216.193035464,1.0000106749994302,0.26202966200071387,0.00012822499957110267,DISABLED,on,user_reported,36.66366195678711,54.93523406982422,1006.908125,107180.2421875,True,True,True,176,0,0,109,178,101,2026-10-03T16:26:13.258075+07:00,68.98882783699992,0.1902438240003903,OK,,True,2026-10-03T16:26:13.448340+07:00,69.17908623499989,0.03689066900005855,OK,,True,1439,0.179875,,2026-10-03T16:26:13.485233+07:00,69.21598434800035,0.034719540999503806,OK,,True,2708,0.3385,
ebb6bf010ea247bf82f6db8fb9ea3166,70,2026-10-03T16:26:14.257984+07:00,69.98872062899954,23.693233354999393,BASELINE,2217.1930604589998,1.000024994999876,0.25848951100033446,0.0001532199994471739,DISABLED,on,user_reported,36.66429901123047,54.92892074584961,1006.888515625,106777.890625,True,True,True,176,0,0,109,178,101,2026-10-03T16:26:14.258118+07:00,69.98887027500041,0.18887026499942294,OK,,True,2026-10-03T16:26:14.447006+07:00,70.17775392899966,0.03506416700020054,OK,,True,1449,0.181125,,2026-10-03T16:26:14.482078+07:00,70.2128265780002,0.034365376999630826,OK,,True,2701,0.337625,
ebb6bf010ea247bf82f6db8fb9ea3166,71,2026-10-03T16:26:15.257938+07:00,70.98867786899973,24.693190594999578,BASELINE,2218.193017699,0.9999572400001853,0.2614034670004912,0.00011045999963243958,DISABLED,on,user_reported,36.65919494628906,54.91537094116211,1006.894140625,106577.8515625,True,True,True,176,0,0,109,178,101,2026-10-03T16:26:15.258043+07:00,70.98879570099962,0.1910271160004413,OK,,True,2026-10-03T16:26:15.449094+07:00,71.17984005699964,0.03551846000027581,OK,,True,1448,0.181,,2026-10-03T16:26:15.484617+07:00,71.21536703499987,0.03469746800055873,OK,,True,2699,0.337375,
ebb6bf010ea247bf82f6db8fb9ea3166,72,2026-10-03T16:26:16.257922+07:00,71.9886650770004,25.693177803000253,BASELINE,2219.1930049070006,0.9999872080006753,0.25198738999915804,9.766800030774903e-05,DISABLED,on,user_reported,36.66366195678711,54.87767028808594,1006.90125,106644.4453125,True,True,True,176,0,0,109,178,101,2026-10-03T16:26:16.258005+07:00,71.988758169,0.18581536900001083,OK,,True,2026-10-03T16:26:16.443832+07:00,72.17458170400005,0.03326833299979626,OK,,True,1454,0.18175,,2026-10-03T16:26:16.477102+07:00,72.20785377799984,0.03278237500035175,OK,,True,2680,0.335,
ebb6bf010ea247bf82f6db8fb9ea3166,73,2026-10-03T16:26:17.257919+07:00,72.98866099299994,26.693173718999788,BASELINE,2220.193000823,0.9999959159995342,0.2517273009998462,9.358399984193966e-05,DISABLED,on,user_reported,36.65217971801758,54.87594985961914,1006.89640625,106378.5546875,True,True,True,176,0,0,109,178,101,2026-10-03T16:26:17.258002+07:00,72.98875606599995,0.18580942599965056,OK,,True,2026-10-03T16:26:17.443825+07:00,73.1745744359996,0.03297472500071308,OK,,True,1444,0.1805,,2026-10-03T16:26:17.476800+07:00,73.20755223499964,0.03282546700029343,OK,,True,2684,0.3355,
ebb6bf010ea247bf82f6db8fb9ea3166,74,2026-10-03T16:26:18.257915+07:00,73.98865785700036,27.69317058300021,BASELINE,2221.1929976870006,0.9999968640004226,0.2516707659997337,9.044800026458688e-05,DISABLED,on,user_reported,36.6534538269043,54.856964111328125,1006.898359375,106444.90625,True,True,True,176,0,0,109,178,101,2026-10-03T16:26:18.257993+07:00,73.98874685699957,0.18580142600058025,OK,,True,2026-10-03T16:26:18.443806+07:00,74.17455648699979,0.032949669000117865,OK,,True,1438,0.17975,,2026-10-03T16:26:18.476757+07:00,74.20750978599972,0.03280907800035493,OK,,True,2688,0.336,
ebb6bf010ea247bf82f6db8fb9ea3166,75,2026-10-03T16:26:19.257928+07:00,74.98867128199981,28.693184007999662,BASELINE,2222.193011112,1.0000134249994517,0.2528278300005695,0.00010387299971625907,DISABLED,on,user_reported,36.64962387084961,54.85638427734375,1006.974296875,106113.9921875,True,True,True,176,0,0,109,178,101,2026-10-03T16:26:19.258010+07:00,74.98876370699963,0.1860031109999909,OK,,True,2026-10-03T16:26:19.444031+07:00,75.17477857700032,0.03379206899990095,OK,,True,1427,0.178375,,2026-10-03T16:26:19.477827+07:00,75.20857647899993,0.03291079999962676,OK,,True,2684,0.3355,
ebb6bf010ea247bf82f6db8fb9ea3166,76,2026-10-03T16:26:20.257913+07:00,75.98865576699973,29.693168492999575,BASELINE,2223.192995597,0.9999844849999135,0.25176172999999835,8.835799962980673e-05,DISABLED,on,user_reported,36.64643478393555,54.83673858642578,1006.94171875,106644.4453125,True,True,True,176,0,0,109,178,101,2026-10-03T16:26:20.257996+07:00,75.98874993299978,0.18581613100013783,OK,,True,2026-10-03T16:26:20.443825+07:00,76.17457432399988,0.03299272500044026,OK,,True,1447,0.180875,,2026-10-03T16:26:20.476818+07:00,76.20757064099962,0.03283661600016785,OK,,True,2684,0.3355,
ebb6bf010ea247bf82f6db8fb9ea3166,77,2026-10-03T16:26:21.257938+07:00,76.98867486699965,30.693187592999493,BASELINE,2224.193014697,1.0000190999999177,0.26210768900000403,0.00010745799954747781,DISABLED,on,user_reported,36.6534538269043,54.818603515625,1006.939375,106378.5546875,True,True,True,176,0,0,109,178,101,2026-10-03T16:26:21.258064+07:00,76.98881617999996,0.1913969690003796,OK,,True,2026-10-03T16:26:21.449484+07:00,77.18022974199994,0.03549114599991299,OK,,True,1458,0.18225,,2026-10-03T16:26:21.484979+07:00,77.21572986899992,0.035033836000366136,OK,,True,2698,0.33725,
ebb6bf010ea247bf82f6db8fb9ea3166,78,2026-10-03T16:26:22.257919+07:00,77.98866191599973,31.693174641999576,BASELINE,2225.193001746,0.9999870490000831,0.2519036390003748,9.450699963053921e-05,DISABLED,on,user_reported,36.65281677246094,54.805721282958984,1006.931640625,106378.5546875,True,True,True,176,0,0,109,178,101,2026-10-03T16:26:22.258000+07:00,77.98875236000003,0.18600559399965277,OK,,True,2026-10-03T16:26:22.444017+07:00,78.17476652799996,0.032962819000204036,OK,,True,1443,0.180375,,2026-10-03T16:26:22.476980+07:00,78.20773253199968,0.0328223380001873,OK,,True,2690,0.33625,
ebb6bf010ea247bf82f6db8fb9ea3166,79,2026-10-03T16:26:23.257930+07:00,78.98867167299977,32.69318439899962,BASELINE,2226.193011503,1.0000097570000435,0.25174471599984827,0.00010426399967400357,DISABLED,on,user_reported,36.64771270751953,54.78578567504883,1006.875390625,106844.7421875,True,True,True,176,0,0,109,178,101,2026-10-03T16:26:23.258014+07:00,78.98876776500038,0.18582230099946173,OK,,True,2026-10-03T16:26:23.443849+07:00,79.17459832500026,0.032965059000162,OK,,True,1434,0.17925,,2026-10-03T16:26:23.476814+07:00,79.20756684699973,0.032838746000379615,OK,,True,2684,0.3355,
ebb6bf010ea247bf82f6db8fb9ea3166,80,2026-10-03T16:26:24.257918+07:00,79.98865973200009,33.693172457999935,BASELINE,2227.1929995620003,0.9999880590003158,0.25555373599945597,9.232299998984672e-05,DISABLED,on,user_reported,36.64771270751953,54.7666130065918,1006.8959375,106444.90625,True,True,True,176,0,0,109,178,101,2026-10-03T16:26:24.258000+07:00,79.98875400799989,0.18583974600005604,OK,,True,2026-10-03T16:26:24.443853+07:00,80.17460251400007,0.035581440999521874,OK,,True,1437,0.179625,,2026-10-03T16:26:24.479444+07:00,80.21019206700021,0.03399745600017923,OK,,True,2674,0.33425,
ebb6bf010ea247bf82f6db8fb9ea3166,81,2026-10-03T16:26:25.257933+07:00,80.98867447900011,34.69318720499996,BASELINE,2228.1930143090003,1.000014747000023,0.251738643999488,0.00010707000001275446,DISABLED,on,user_reported,36.64898681640625,54.77959060668945,1006.918515625,107315.03125,True,True,True,176,0,0,109,178,101,2026-10-03T16:26:25.258017+07:00,80.98877058899961,0.1858195060003709,OK,,True,2026-10-03T16:26:25.443850+07:00,81.17459894700005,0.03296631899956992,OK,,True,1445,0.180625,,2026-10-03T16:26:25.476817+07:00,81.20756891400015,0.0328348940001888,OK,,True,2681,0.335125,
ebb6bf010ea247bf82f6db8fb9ea3166,82,2026-10-03T16:26:26.257914+07:00,81.98865717599983,35.69316990199968,BASELINE,2229.192997006,0.999982696999723,0.2517639030002101,8.976699973572977e-05,DISABLED,on,user_reported,36.65217971801758,54.754493713378906,1006.89640625,106711.1328125,True,True,True,176,0,0,109,178,101,2026-10-03T16:26:26.257993+07:00,81.98874682299993,0.18581476600047608,OK,,True,2026-10-03T16:26:26.443820+07:00,82.17456995999964,0.03299894800056791,OK,,True,1448,0.181,,2026-10-03T16:26:26.476820+07:00,82.2075724260003,0.032839189999322116,OK,,True,2683,0.33537500000000003,
ebb6bf010ea247bf82f6db8fb9ea3166,83,2026-10-03T16:26:27.258109+07:00,82.9888412270002,36.69335395300004,BASELINE,2230.1931810570004,1.0001840510003603,0.2533116489994427,0.00027381800009607105,DISABLED,on,user_reported,36.64516067504883,54.74067306518555,1006.850703125,106844.7421875,True,True,True,176,0,0,109,178,101,2026-10-03T16:26:27.258262+07:00,82.9890141879996,0.18722516100024222,OK,,True,2026-10-03T16:26:27.445498+07:00,83.1762472749997,0.03301939300035883,OK,,True,1439,0.179875,,2026-10-03T16:26:27.478519+07:00,83.20927087099972,0.03287248700053169,OK,,True,2672,0.334,
ebb6bf010ea247bf82f6db8fb9ea3166,84,2026-10-03T16:26:28.257949+07:00,83.98868980400039,37.693202530000235,BASELINE,2231.1930296340006,0.9998485770001935,0.2517340909998893,0.00012239500028954353,DISABLED,on,user_reported,36.650901794433594,54.72874450683594,1006.894140625,107315.03125,True,True,True,176,0,0,109,178,101,2026-10-03T16:26:28.258036+07:00,83.98878959899957,0.18581489799998963,OK,,True,2026-10-03T16:26:28.443863+07:00,84.17461273699973,0.03295967099984409,OK,,True,1444,0.1805,,2026-10-03T16:26:28.476826+07:00,84.20757698200032,0.03283800600001996,OK,,True,2683,0.33537500000000003,
ebb6bf010ea247bf82f6db8fb9ea3166,85,2026-10-03T16:26:29.257965+07:00,84.98870327199984,38.69321599799969,BASELINE,2232.193043102,1.0000134679994517,0.25191966500005947,0.00013586299974122085,DISABLED,on,user_reported,36.66046905517578,54.73655700683594,1006.875625,105916.421875,True,True,True,176,0,0,109,178,101,2026-10-03T16:26:29.258061+07:00,84.98881447500025,0.18585926800005836,OK,,True,2026-10-03T16:26:29.443932+07:00,85.1746816320001,0.03300372699959553,OK,,True,1435,0.179375,,2026-10-03T16:26:29.476938+07:00,85.2076896360004,0.03292487499948038,OK,,True,2687,0.33587500000000003,
ebb6bf010ea247bf82f6db8fb9ea3166,86,2026-10-03T16:26:30.257911+07:00,85.98865317200034,39.69316589800019,BASELINE,2233.1929930020005,0.9999499000005017,0.2520442759996513,8.576300024287775e-05,DISABLED,on,user_reported,36.65154266357422,54.70967483520508,1006.87484375,106180.0078125,True,True,True,176,0,0,109,178,101,2026-10-03T16:26:30.257991+07:00,85.98874413399972,0.18581586200070888,OK,,True,2026-10-03T16:26:30.443819+07:00,86.17456870000024,0.0332594279998375,OK,,True,1444,0.1805,,2026-10-03T16:26:30.477081+07:00,86.20783244199993,0.03285537600004318,OK,,True,2686,0.33575,
ebb6bf010ea247bf82f6db8fb9ea3166,87,2026-10-03T16:26:31.258414+07:00,86.98915157099964,40.693664296999486,BASELINE,2234.193491401,1.000498398999298,0.2518627600002219,0.0005841619995408109,DISABLED,on,user_reported,36.64643478393555,54.715301513671875,1006.86640625,106978.6875,True,True,True,176,0,0,109,178,101,2026-10-03T16:26:31.258508+07:00,86.98926181099978,0.18584478800039506,OK,,True,2026-10-03T16:26:31.444366+07:00,87.17511534000005,0.033032356000148866,OK,,True,1439,0.179875,,2026-10-03T16:26:31.477400+07:00,87.20815178799967,0.03285445000074105,OK,,True,2684,0.3355,
ebb6bf010ea247bf82f6db8fb9ea3166,88,2026-10-03T16:26:32.257945+07:00,87.98868496500017,41.69319769100002,BASELINE,2235.1930247950004,0.9995333940005366,0.26351367000006576,0.0001175560000774567,DISABLED,on,user_reported,36.64898681640625,54.709293365478516,1006.82953125,106844.7421875,True,True,True,176,0,0,109,178,101,2026-10-03T16:26:32.258031+07:00,87.9887839639996,0.18972514200049773,OK,,True,2026-10-03T16:26:32.447779+07:00,88.1785253830003,0.036876375999781885,OK,,True,1455,0.181875,,2026-10-03T16:26:32.484661+07:00,88.21541005499967,0.03676567300044553,OK,,True,2687,0.33587500000000003,
ebb6bf010ea247bf82f6db8fb9ea3166,89,2026-10-03T16:26:33.258011+07:00,88.9887447279998,42.69325745399965,BASELINE,2236.193084558,1.0000597629996264,0.26267427200036764,0.00017731899970385712,DISABLED,on,user_reported,36.64133071899414,54.70814895629883,1006.899296875,107315.03125,True,True,True,176,0,0,109,178,101,2026-10-03T16:26:33.258148+07:00,88.98890026400022,0.19150060699939786,OK,,True,2026-10-03T16:26:33.449674+07:00,89.18041931500011,0.035508203999597754,OK,,True,1453,0.181625,,2026-10-03T16:26:33.485189+07:00,89.21593736999966,0.03545727800064924,OK,,True,2688,0.336,
ebb6bf010ea247bf82f6db8fb9ea3166,90,2026-10-03T16:26:34.258028+07:00,89.98875781100014,43.69327053699999,BASELINE,2237.1930976410003,1.00001308300034,0.2527869589994225,0.00019040200004383223,DISABLED,on,user_reported,36.63750457763672,54.68841552734375,1006.92734375,106312.2890625,True,True,True,176,0,0,109,178,101,2026-10-03T16:26:34.258198+07:00,89.98895008700038,0.18677526400006172,OK,,True,2026-10-03T16:26:34.444984+07:00,90.17573366600027,0.03298317099961423,OK,,True,1444,0.1805,,2026-10-03T16:26:34.477969+07:00,90.20872083700033,0.03281498799969995,OK,,True,2685,0.335625,
ebb6bf010ea247bf82f6db8fb9ea3166,91,2026-10-03T16:26:35.258848+07:00,90.98959172400009,44.69410444999994,BASELINE,2238.1939315540003,1.0008339129999513,0.25201130000004923,0.0010243149999951129,DISABLED,on,user_reported,36.64069366455078,54.68888854980469,1006.966640625,107045.7890625,True,True,True,176,0,0,109,178,101,2026-10-03T16:26:35.258920+07:00,90.98967298299976,0.18582273599986365,OK,,True,2026-10-03T16:26:35.444755+07:00,91.17550418199971,0.03324952100047085,OK,,True,1439,0.179875,,2026-10-03T16:26:35.478007+07:00,91.20875818500008,0.03283406199989258,OK,,True,2680,0.335,
ebb6bf010ea247bf82f6db8fb9ea3166,92,2026-10-03T16:26:36.257959+07:00,91.9886988799999,45.69321160599975,BASELINE,2239.19303871,0.999107155999809,0.25178832199981116,0.00013147099980415078,DISABLED,on,user_reported,36.64452362060547,54.689456939697266,1006.9865625,106246.109375,True,True,True,176,0,0,109,178,101,2026-10-03T16:26:36.258052+07:00,91.98880561999977,0.18583899599980214,OK,,True,2026-10-03T16:26:36.443904+07:00,92.17465326399997,0.03299165400039783,OK,,True,1447,0.180875,,2026-10-03T16:26:36.476898+07:00,92.20764951000001,0.03282800699980726,OK,,True,2687,0.33587500000000003,
ebb6bf010ea247bf82f6db8fb9ea3166,93,2026-10-03T16:26:37.258014+07:00,92.98876001299959,46.69327273899944,BASELINE,2240.193099843,1.00006113299969,0.2517406189999747,0.0001926039994941675,DISABLED,on,user_reported,36.64452362060547,54.683067321777344,1006.938671875,106511.3359375,True,True,True,176,0,0,109,178,101,2026-10-03T16:26:37.258076+07:00,92.988829549,0.18581340499986254,OK,,True,2026-10-03T16:26:37.443902+07:00,93.17465123199963,0.03299861600044096,OK,,True,1452,0.1815,,2026-10-03T16:26:37.476903+07:00,93.20765423699959,0.03283711800031597,OK,,True,2683,0.33537500000000003,
ebb6bf010ea247bf82f6db8fb9ea3166,94,2026-10-03T16:26:38.257909+07:00,93.98865220700009,47.693164932999935,BASELINE,2241.1929920370003,0.9998921940004948,0.2518123789996025,8.479799998895032e-05,DISABLED,on,user_reported,36.63877868652344,54.67582321166992,1006.943125,106444.90625,True,True,True,176,0,0,109,178,101,2026-10-03T16:26:38.257989+07:00,93.98874207599965,0.1858074800002214,OK,,True,2026-10-03T16:26:38.443808+07:00,94.1745579819999,0.033052042000235815,OK,,True,1448,0.181,,2026-10-03T16:26:38.476863+07:00,94.20761432000018,0.03284065499974531,OK,,True,2679,0.33487500000000003,
ebb6bf010ea247bf82f6db8fb9ea3166,95,2026-10-03T16:26:39.257910+07:00,94.98865292299979,48.69316564899964,BASELINE,2242.192992753,1.000000715999704,0.25958188100048574,8.551399969292106e-05,DISABLED,on,user_reported,36.636863708496094,54.66915512084961,1006.891953125,106048.0546875,True,True,True,176,0,0,109,178,101,2026-10-03T16:26:39.257993+07:00,94.98874618100035,0.18914709699947707,OK,,True,2026-10-03T16:26:39.447159+07:00,95.17790657499972,0.03538187200047105,OK,,True,1445,0.180625,,2026-10-03T16:26:39.482547+07:00,95.21329583500028,0.03492028399978153,OK,,True,2684,0.3355,
ebb6bf010ea247bf82f6db8fb9ea3166,96,2026-10-03T16:26:40.258066+07:00,95.98879840100017,49.693311127000015,BASELINE,2243.1931382310004,1.000145478000377,0.2592631449997498,0.00023099200006981846,DISABLED,on,user_reported,36.6394157409668,54.65675354003906,1006.90984375,106048.0546875,True,True,True,176,0,0,109,178,101,2026-10-03T16:26:40.258215+07:00,95.98896799199974,0.18927733700002136,OK,,True,2026-10-03T16:26:40.447512+07:00,96.17825923700002,0.03479919199980941,OK,,True,1447,0.180875,,2026-10-03T16:26:40.482317+07:00,96.21306615100002,0.03497454300031677,OK,,True,2686,0.33575,
ebb6bf010ea247bf82f6db8fb9ea3166,97,2026-10-03T16:26:41.257922+07:00,96.98866510799962,50.69317783399947,BASELINE,2244.193004938,0.9998667069994553,0.252178675000323,9.769899952516425e-05,DISABLED,on,user_reported,36.634952545166016,54.656089782714844,1006.89578125,106048.0546875,True,True,True,176,0,0,109,178,101,2026-10-03T16:26:41.257999+07:00,96.98875225499978,0.18581118600013724,OK,,True,2026-10-03T16:26:41.443822+07:00,97.17457223699967,0.033379484000761295,OK,,True,1442,0.18025,,2026-10-03T16:26:41.477207+07:00,97.20795733199975,0.03287630300019373,OK,,True,2680,0.335,
ebb6bf010ea247bf82f6db8fb9ea3166,98,2026-10-03T16:26:42.257915+07:00,97.98865768799988,51.693170413999724,BASELINE,2245.192997518,0.9999925800002529,0.2520348449997982,9.027899977809284e-05,DISABLED,on,user_reported,36.636863708496094,54.65638732910156,1006.8578125,106444.90625,True,True,True,176,0,0,109,178,101,2026-10-03T16:26:42.257997+07:00,97.98875013199995,0.18582559399965248,OK,,True,2026-10-03T16:26:42.443835+07:00,98.17458418899969,0.033235689000321145,OK,,True,1448,0.181,,2026-10-03T16:26:42.477075+07:00,98.20782530399993,0.03285632200004329,OK,,True,2684,0.3355,
ebb6bf010ea247bf82f6db8fb9ea3166,99,2026-10-03T16:26:43.257912+07:00,98.98865692100026,52.693169647000104,BASELINE,2246.1929967510005,0.9999992330003806,0.25201991999983875,8.951200015872018e-05,DISABLED,on,user_reported,36.634952545166016,54.656089782714844,1006.8821875,105785.125,True,True,True,176,0,0,109,178,101,2026-10-03T16:26:43.257987+07:00,98.98874003200035,0.18581100199935463,OK,,True,2026-10-03T16:26:43.443811+07:00,99.17456020099962,0.03324383700055478,OK,,True,1443,0.180375,,2026-10-03T16:26:43.477061+07:00,99.20781044500018,0.03285646999938763,OK,,True,2681,0.335125,
ebb6bf010ea247bf82f6db8fb9ea3166,100,2026-10-03T16:26:44.257953+07:00,99.98869325099986,53.69320597699971,BASELINE,2247.193033081,1.0000363299996025,0.25208084600035363,0.00012584199976117816,DISABLED,on,user_reported,36.636226654052734,54.65628433227539,1006.856875,105916.421875,True,True,True,176,0,0,109,178,101,2026-10-03T16:26:44.258041+07:00,99.98879471300006,0.1858277809997162,OK,,True,2026-10-03T16:26:44.443882+07:00,100.17463121600031,0.03295543199965323,OK,,True,1445,0.180625,,2026-10-03T16:26:44.476840+07:00,100.20759148199977,0.03316813400033425,OK,,True,2678,0.33475,
ebb6bf010ea247bf82f6db8fb9ea3166,101,2026-10-03T16:26:45.257928+07:00,100.98867126999994,54.69318399599979,BASELINE,2248.1930111,0.999978019000082,0.2519427010001891,0.00010386099984316388,DISABLED,on,user_reported,36.641971588134766,54.66352081298828,1006.859296875,106113.9921875,True,True,True,176,0,0,109,178,101,2026-10-03T16:26:45.258008+07:00,100.98876104699957,0.18582118900030764,OK,,True,2026-10-03T16:26:45.443842+07:00,101.17459118100032,0.033136948999526794,OK,,True,1443,0.180375,,2026-10-03T16:26:45.476984+07:00,101.20773444499991,0.03286956299962185,OK,,True,2669,0.333625,
ebb6bf010ea247bf82f6db8fb9ea3166,102,2026-10-03T16:26:46.257989+07:00,101.98872634899999,55.69323907499984,BASELINE,2249.193066179,1.0000550790000489,0.25741335400016396,0.00015893999989202712,DISABLED,on,user_reported,36.643245697021484,54.67009735107422,1006.86140625,106312.2890625,True,True,True,176,0,0,109,178,101,2026-10-03T16:26:46.258103+07:00,101.98885623699971,0.19062214400037192,OK,,True,2026-10-03T16:26:46.448749+07:00,102.17949525200038,0.03356294499917567,OK,,True,1436,0.1795,,2026-10-03T16:26:46.482314+07:00,102.2130632340004,0.033062838999285304,OK,,True,2676,0.3345,
ebb6bf010ea247bf82f6db8fb9ea3166,103,2026-10-03T16:26:47.257917+07:00,102.98865971099985,56.6931724369997,BASELINE,2250.192999541,0.9999333619998652,0.2542562179996821,9.230199975718278e-05,DISABLED,on,user_reported,36.641971588134766,54.67629623413086,1006.866171875,106048.0546875,True,True,True,176,0,0,109,178,101,2026-10-03T16:26:47.258001+07:00,102.98875502499959,0.18586059700010082,OK,,True,2026-10-03T16:26:47.443876+07:00,103.1746254919999,0.034613120999893,OK,,True,1446,0.18075,,2026-10-03T16:26:47.478499+07:00,103.20924694699988,0.033656462999715586,OK,,True,2677,0.334625,
ebb6bf010ea247bf82f6db8fb9ea3166,104,2026-10-03T16:26:48.257911+07:00,103.98865537199981,57.69316809799966,BASELINE,2251.192995202,0.9999956609999572,0.25599744400005875,8.796299971436383e-05,DISABLED,on,user_reported,36.64069366455078,54.67611312866211,1006.843515625,105785.125,True,True,True,176,0,0,109,178,101,2026-10-03T16:26:48.257986+07:00,103.98873927899967,0.18753002700032084,OK,,True,2026-10-03T16:26:48.445537+07:00,104.17628221300038,0.0349512289994891,OK,,True,1434,0.17925,,2026-10-03T16:26:48.480489+07:00,104.21123877599985,0.033400946999790904,OK,,True,2682,0.33525,
ebb6bf010ea247bf82f6db8fb9ea3166,105,2026-10-03T16:26:49.257915+07:00,104.9886594640002,58.69317219000004,BASELINE,2252.1929992940004,1.0000040920003812,0.2564020519994301,9.205500009557e-05,DISABLED,on,user_reported,36.63367462158203,54.66867446899414,1006.866328125,106113.9921875,True,True,True,176,0,0,109,178,101,2026-10-03T16:26:49.257990+07:00,104.9887434809998,0.18812107800022204,OK,,True,2026-10-03T16:26:49.446126+07:00,105.17687524400026,0.03490428599980078,OK,,True,1447,0.180875,,2026-10-03T16:26:49.481036+07:00,105.21178553000027,0.03326411499983806,OK,,True,2670,0.33375,
ebb6bf010ea247bf82f6db8fb9ea3166,106,2026-10-03T16:26:50.257965+07:00,105.98870594799973,59.69321867399958,BASELINE,2253.193045778,1.0000464839995402,0.25227085100050317,0.00013853899963578442,DISABLED,on,user_reported,36.6247444152832,54.667354583740234,1006.95453125,106113.9921875,True,True,True,176,0,0,109,178,101,2026-10-03T16:26:50.258052+07:00,105.98880502100019,0.18588515499959612,OK,,True,2026-10-03T16:26:50.443949+07:00,106.17469817599977,0.03329876400039211,OK,,True,1434,0.17925,,2026-10-03T16:26:50.477254+07:00,106.20800329200029,0.032957839999653515,OK,,True,2659,0.33237500000000003,
ebb6bf010ea247bf82f6db8fb9ea3166,107,2026-10-03T16:26:51.257918+07:00,106.98865886299973,0.6931715889995758,WAIT_EXPOSURE,2254.192998693,0.9999529149999944,0.2585566450006809,9.145399963017553e-05,DISABLED,on,user_reported,36.6247444152832,54.692901611328125,1006.913359375,105719.59375,True,True,True,176,0,0,109,178,101,2026-10-03T16:26:51.258002+07:00,106.98875541800044,0.18583010099973762,OK,,True,2026-10-03T16:26:51.443845+07:00,107.17459477800003,0.03534141099953558,OK,,True,1441,0.180125,,2026-10-03T16:26:51.479199+07:00,107.20994685599999,0.03724748599961458,OK,,True,2676,0.3345,
ebb6bf010ea247bf82f6db8fb9ea3166,108,2026-10-03T16:26:52.257964+07:00,107.98869687499973,1.6932096009995803,WAIT_EXPOSURE,2255.193036705,1.0000380120000045,0.26503430800039496,0.00012946599963470362,DISABLED,on,user_reported,36.63175964355469,54.68756103515625,1006.904140625,105654.1484375,True,True,True,176,0,0,109,178,101,2026-10-03T16:26:52.258125+07:00,107.98887716900026,0.19282312899940734,OK,,True,2026-10-03T16:26:52.450977+07:00,108.18172122400028,0.034971488999872236,OK,,True,1446,0.18075,,2026-10-03T16:26:52.485953+07:00,108.21670167600041,0.03700956199918437,OK,,True,2671,0.33387500000000003,
ebb6bf010ea247bf82f6db8fb9ea3166,109,2026-10-03T16:26:53.257978+07:00,108.98871224199956,2.693224967999413,WAIT_EXPOSURE,2256.193052072,1.0000153669998326,0.26623920500060194,0.00014483299946732586,DISABLED,on,user_reported,36.63240051269531,54.7004280090332,1006.93265625,105588.78125,True,True,True,176,0,0,109,178,101,2026-10-03T16:26:53.258127+07:00,108.98887844399997,0.1933335330004411,OK,,True,2026-10-03T16:26:53.451488+07:00,109.18223190299977,0.03831056899980467,OK,,True,1446,0.18075,,2026-10-03T16:26:53.489810+07:00,109.22055574899969,0.03437262500028737,OK,,True,2675,0.33437500000000003,
ebb6bf010ea247bf82f6db8fb9ea3166,110,2026-10-03T16:26:54.257980+07:00,109.98871583599976,3.6932285619996037,WAIT_EXPOSURE,2257.193055666,1.0000035940001908,0.2701038189998144,0.00014842699965811335,DISABLED,on,user_reported,36.629207611083984,54.71273422241211,1006.934296875,105916.421875,True,True,True,176,0,0,109,178,101,2026-10-03T16:26:54.258128+07:00,109.98887983500026,0.19714449799994327,OK,,True,2026-10-03T16:26:54.455294+07:00,110.18603948100008,0.037752666999949724,OK,,True,1449,0.181125,,2026-10-03T16:26:54.493057+07:00,110.22380405500007,0.034998025999811944,OK,,True,2690,0.33625,
ebb6bf010ea247bf82f6db8fb9ea3166,111,2026-10-03T16:26:55.257995+07:00,110.98873176800043,4.693244494000282,WAIT_EXPOSURE,2258.1930715980006,1.0000159320006787,0.2527299809999022,0.00016435900033684447,DISABLED,on,user_reported,36.63240051269531,54.68764877319336,1006.92578125,105654.1484375,True,True,True,176,0,0,109,178,101,2026-10-03T16:26:55.258118+07:00,110.98887150700011,0.18616380499952356,OK,,True,2026-10-03T16:26:55.444295+07:00,111.17504460799955,0.03301743300016824,OK,,True,1446,0.18075,,2026-10-03T16:26:55.477318+07:00,111.20806767100021,0.03338176299985207,OK,,True,2677,0.334625,
ebb6bf010ea247bf82f6db8fb9ea3166,112,2026-10-03T16:26:56.257917+07:00,111.98865920400021,5.693171930000062,WAIT_EXPOSURE,2259.1929990340004,0.9999274359997798,0.25585110199972405,9.179500011669006e-05,DISABLED,on,user_reported,36.634315490722656,54.7135009765625,1006.9015625,106246.109375,True,True,True,176,0,0,109,178,101,2026-10-03T16:26:56.258000+07:00,111.9887531659997,0.18579493900051602,OK,,True,2026-10-03T16:26:56.443805+07:00,112.17455610399975,0.033548207000421826,OK,,True,1443,0.180375,,2026-10-03T16:26:56.477360+07:00,112.20811027400032,0.036386420999406255,OK,,True,2664,0.333,
ebb6bf010ea247bf82f6db8fb9ea3166,113,2026-10-03T16:26:57.257919+07:00,112.98866140300015,6.693174128999999,WAIT_EXPOSURE,2260.1930012330004,1.0000021989999368,0.25607348999983515,9.39940000534989e-05,DISABLED,on,user_reported,36.635589599609375,54.70730209350586,1006.87625,105588.78125,True,True,True,176,0,0,109,178,101,2026-10-03T16:26:57.258003+07:00,112.98875649500042,0.18581577199984167,OK,,True,2026-10-03T16:26:57.443830+07:00,113.17458032299965,0.03516967300038232,OK,,True,1441,0.180125,,2026-10-03T16:26:57.479006+07:00,113.20975579199967,0.03496615600033692,OK,,True,2679,0.33487500000000003,
ebb6bf010ea247bf82f6db8fb9ea3166,114,2026-10-03T16:26:58.257912+07:00,113.98865688400019,7.693169610000041,WAIT_EXPOSURE,2261.1929967140004,0.9999954810000418,0.2562870629999452,8.947500009526266e-05,DISABLED,on,user_reported,36.640052795410156,54.71434783935547,1006.917734375,105198.2734375,True,True,True,176,0,0,109,178,101,2026-10-03T16:26:58.257986+07:00,113.98873993899997,0.18580882900005236,OK,,True,2026-10-03T16:26:58.443807+07:00,114.17455700800019,0.035676409999723546,OK,,True,1446,0.18075,,2026-10-03T16:26:58.479489+07:00,114.21023934299956,0.03469106700049451,OK,,True,2658,0.33225,
ebb6bf010ea247bf82f6db8fb9ea3166,115,2026-10-03T16:26:59.257956+07:00,114.98869466500037,0.1978269770006591,EXPOSURE,2262.1930344950006,1.0000377810001737,0.2559770479992949,0.00012725600026897155,DISABLED,on,user_reported,36.64643478393555,54.74085998535156,1006.88015625,102236.421875,True,True,True,176,0,0,109,178,101,2026-10-03T16:26:59.258044+07:00,114.98879777500042,0.18582542199965246,OK,,True,2026-10-03T16:26:59.443882+07:00,115.17463186399982,0.032994527000482776,OK,,True,1440,0.18,,2026-10-03T16:26:59.476878+07:00,115.20763000199986,0.0370291740000539,OK,,True,2661,0.332625,
ebb6bf010ea247bf82f6db8fb9ea3166,116,2026-10-03T16:27:00.257915+07:00,115.98865889599983,1.197791208000126,EXPOSURE,2263.192998726,0.999964230999467,0.2592989069999021,9.148699973593466e-05,DISABLED,on,user_reported,36.63814163208008,54.78436279296875,1006.859921875,98404.765625,True,True,True,176,0,0,109,178,101,2026-10-03T16:27:00.257991+07:00,115.9887447279998,0.18730770500042127,OK,,True,2026-10-03T16:27:00.445317+07:00,116.17606534100014,0.03569155700006377,OK,,True,1438,0.17975,,2026-10-03T16:27:00.481015+07:00,116.21176386099978,0.03617557200050214,OK,,True,2669,0.333625,
ebb6bf010ea247bf82f6db8fb9ea3166,117,2026-10-03T16:27:01.257943+07:00,116.9886824260002,2.1978147380004884,EXPOSURE,2264.1930222560004,1.0000235300003624,0.26721350099978736,0.00011501700009830529,DISABLED,on,user_reported,36.635589599609375,54.81594467163086,1006.883125,94902.6875,True,True,True,176,0,0,109,178,101,2026-10-03T16:27:01.258049+07:00,116.988801943,0.19093304299985903,OK,,True,2026-10-03T16:27:01.449005+07:00,117.1797513749998,0.035830814999826543,OK,,True,1456,0.182,,2026-10-03T16:27:01.484841+07:00,117.215591227,0.040281812000102946,OK,,True,2679,0.33487500000000003,
ebb6bf010ea247bf82f6db8fb9ea3166,118,2026-10-03T16:27:02.257937+07:00,117.98868044200026,3.1978127540005516,EXPOSURE,2265.1930202720005,0.9999980160000632,0.2518604229999255,0.00011303300016152207,DISABLED,on,user_reported,36.63240051269531,54.828243255615234,1006.857421875,93858.84375,True,True,True,176,0,0,109,178,101,2026-10-03T16:27:02.258024+07:00,117.98877782999989,0.18581166500007384,OK,,True,2026-10-03T16:27:02.443846+07:00,118.1745966239996,0.03301073100010399,OK,,True,1445,0.180625,,2026-10-03T16:27:02.476858+07:00,118.20761031799975,0.03292093600066437,OK,,True,2672,0.334,
ebb6bf010ea247bf82f6db8fb9ea3166,119,2026-10-03T16:27:03.257908+07:00,118.98865355500038,4.197785867000675,EXPOSURE,2266.1929933850006,0.9999731130001237,0.2517747949996192,8.614600028522545e-05,DISABLED,on,user_reported,36.634952545166016,54.86698532104492,1006.8546875,92219.0234375,True,True,True,176,0,0,109,178,101,2026-10-03T16:27:03.257982+07:00,118.98873553500016,0.18580518499948084,OK,,True,2026-10-03T16:27:03.443798+07:00,119.17454870100028,0.032987008999953105,OK,,True,1447,0.180875,,2026-10-03T16:27:03.476786+07:00,119.20753924699966,0.03287884300061705,OK,,True,2672,0.334,
ebb6bf010ea247bf82f6db8fb9ea3166,120,2026-10-03T16:27:04.257908+07:00,119.98865235700032,5.197784669000612,EXPOSURE,2267.1929921870005,0.9999988019999364,0.25176783299957606,8.494800022162963e-05,DISABLED,on,user_reported,36.63367462158203,54.873191833496094,1006.852734375,92219.0234375,True,True,True,176,0,0,109,178,101,2026-10-03T16:27:04.257981+07:00,119.98873391199959,0.18580109200047445,OK,,True,2026-10-03T16:27:04.443792+07:00,120.17454268900019,0.0329801950001638,OK,,True,1451,0.181375,,2026-10-03T16:27:04.476773+07:00,120.2075261609998,0.03288401000008889,OK,,True,2673,0.334125,
ebb6bf010ea247bf82f6db8fb9ea3166,121,2026-10-03T16:27:05.257911+07:00,120.98865508899962,6.197787400999914,EXPOSURE,2268.192994919,1.0000027319993023,0.2549361930005034,8.767999952397076e-05,DISABLED,on,user_reported,36.63048553466797,54.86632537841797,1006.936484375,94587.1015625,True,True,True,176,0,0,109,178,101,2026-10-03T16:27:05.257988+07:00,120.98874130999957,0.18580890800058114,OK,,True,2026-10-03T16:27:05.443808+07:00,121.17455801399956,0.035412598000220896,OK,,True,1445,0.180625,,2026-10-03T16:27:05.479230+07:00,121.20997883400014,0.03359605900004681,OK,,True,2658,0.33225,
ebb6bf010ea247bf82f6db8fb9ea3166,122,2026-10-03T16:27:06.257963+07:00,121.98870271299984,7.197835025000131,EXPOSURE,2269.193042543,1.0000476240002172,0.2520346290002635,0.00013530399974115426,DISABLED,on,user_reported,36.63175964355469,54.879310607910156,1006.986328125,95008.3515625,True,True,True,176,0,0,109,178,101,2026-10-03T16:27:06.258051+07:00,121.98880458300027,0.1858181309999054,OK,,True,2026-10-03T16:27:06.443881+07:00,122.17463099100041,0.03322928499983391,OK,,True,1445,0.180625,,2026-10-03T16:27:06.477111+07:00,122.2078637020004,0.03286365899930388,OK,,True,2673,0.334125,
ebb6bf010ea247bf82f6db8fb9ea3166,123,2026-10-03T16:27:07.257951+07:00,122.9886870270002,8.197819339000489,EXPOSURE,2270.1930268570004,0.9999843140003577,0.26452055199933966,0.00011961800009885337,DISABLED,on,user_reported,36.635589599609375,54.8798828125,1006.896796875,95916.0703125,True,True,True,176,0,0,109,178,101,2026-10-03T16:27:07.258094+07:00,122.9888461190003,0.190648049999254,OK,,True,2026-10-03T16:27:07.448763+07:00,123.17950896500042,0.036914490999151894,OK,,True,1448,0.181,,2026-10-03T16:27:07.485685+07:00,123.21643369699996,0.036747140999978,OK,,True,2677,0.334625,
ebb6bf010ea247bf82f6db8fb9ea3166,124,2026-10-03T16:27:08.257966+07:00,123.98870227200041,9.197834584000702,EXPOSURE,2271.1930421020006,1.0000152450002133,0.26468997599931754,0.0001348630003121798,DISABLED,on,user_reported,36.634952545166016,54.88616943359375,1006.95046875,96676.734375,True,True,True,176,0,0,109,178,101,2026-10-03T16:27:08.258100+07:00,123.9888526220002,0.1904831629999535,OK,,True,2026-10-03T16:27:08.448604+07:00,124.17935021100038,0.03735559899996588,OK,,True,1450,0.18125,,2026-10-03T16:27:08.485964+07:00,124.21671458800029,0.036657900999671256,OK,,True,2678,0.33475,
ebb6bf010ea247bf82f6db8fb9ea3166,125,2026-10-03T16:27:09.257954+07:00,124.98868948299969,10.197821794999982,EXPOSURE,2272.193029313,0.9999872109992793,0.2626218860004883,0.000122073999591521,DISABLED,on,user_reported,36.634315490722656,54.87969207763672,1006.92890625,97116.84375,True,True,True,176,0,0,109,178,101,2026-10-03T16:27:09.258101+07:00,124.988852296,0.19174007899982826,OK,,True,2026-10-03T16:27:09.449862+07:00,125.18060837400026,0.035462597999867285,OK,,True,1443,0.180375,,2026-10-03T16:27:09.485329+07:00,125.21607921299983,0.03521339700000681,OK,,True,2681,0.335125,
ebb6bf010ea247bf82f6db8fb9ea3166,126,2026-10-03T16:27:10.257917+07:00,125.98866119800005,11.197793510000338,EXPOSURE,2273.1930010280003,0.9999717150003562,0.2517783209996196,9.378899994771928e-05,DISABLED,on,user_reported,36.636226654052734,54.87357711791992,1006.9046875,98575.28125,True,True,True,176,0,0,109,178,101,2026-10-03T16:27:10.257990+07:00,125.98874308599989,0.1858076529997561,OK,,True,2026-10-03T16:27:10.443809+07:00,126.17455873899962,0.03300578700054757,OK,,True,1453,0.181625,,2026-10-03T16:27:10.476815+07:00,126.207567767,0.03286214099989593,OK,,True,2671,0.33387500000000003,
ebb6bf010ea247bf82f6db8fb9ea3166,127,2026-10-03T16:27:11.257983+07:00,126.98872023199965,12.197852543999943,EXPOSURE,2274.193060062,1.0000590339996052,0.2520512080000117,0.0001528229995528818,DISABLED,on,user_reported,36.635589599609375,54.854305267333984,1006.869453125,98575.28125,True,True,True,176,0,0,109,178,101,2026-10-03T16:27:11.258090+07:00,126.9888429900002,0.1860566879995531,OK,,True,2026-10-03T16:27:11.444158+07:00,127.17490778899992,0.03299726899967936,OK,,True,1441,0.180125,,2026-10-03T16:27:11.477155+07:00,127.20790829900034,0.032852658999217965,OK,,True,2675,0.33437500000000003,
ebb6bf010ea247bf82f6db8fb9ea3166,128,2026-10-03T16:27:12.257910+07:00,127.98865258499973,13.19778489700002,EXPOSURE,2275.192992415,0.9999323530000765,0.25184489599996596,8.517599962942768e-05,DISABLED,on,user_reported,36.64643478393555,54.84313201904297,1006.914296875,99902.4375,True,True,True,176,0,0,109,178,101,2026-10-03T16:27:12.257991+07:00,127.98874438100029,0.18580989499969292,OK,,True,2026-10-03T16:27:12.443812+07:00,128.17456259000028,0.033059601999411825,OK,,True,1440,0.18,,2026-10-03T16:27:12.476873+07:00,128.20762574800028,0.03286265899987484,OK,,True,2672,0.334,
ebb6bf010ea247bf82f6db8fb9ea3166,129,2026-10-03T16:27:13.257907+07:00,128.98865162699985,14.197783939000146,EXPOSURE,2276.192991457,0.9999990420001268,0.2517852680002761,8.42179997562198e-05,DISABLED,on,user_reported,36.63750457763672,54.83540344238281,1006.913671875,100490.6796875,True,True,True,176,0,0,109,178,101,2026-10-03T16:27:13.257985+07:00,128.98873888599974,0.18580634000045393,OK,,True,2026-10-03T16:27:13.443803+07:00,129.17455322600017,0.03298651000022801,OK,,True,1442,0.18025,,2026-10-03T16:27:13.476790+07:00,129.20754316199964,0.03288328899998305,OK,,True,2674,0.33425,
ebb6bf010ea247bf82f6db8fb9ea3166,130,2026-10-03T16:27:14.257908+07:00,129.98865272900002,15.197785041000316,EXPOSURE,2277.1929925590002,1.0000011020001693,0.2517417689996364,8.531999992555939e-05,DISABLED,on,user_reported,36.64771270751953,54.83053207397461,1006.8959375,100846.953125,True,True,True,176,0,0,109,178,101,2026-10-03T16:27:14.257981+07:00,129.98873424700014,0.18580848900001,OK,,True,2026-10-03T16:27:14.443800+07:00,130.1745503279999,0.03296847399997205,OK,,True,1439,0.179875,,2026-10-03T16:27:14.476769+07:00,130.20752181999978,0.03286208600002283,OK,,True,2670,0.33375,
ebb6bf010ea247bf82f6db8fb9ea3166,131,2026-10-03T16:27:15.257956+07:00,130.9886924829998,16.197824795000088,EXPOSURE,2278.193032313,1.000039753999772,0.26347443899976497,0.00012507399969763355,DISABLED,on,user_reported,36.634315490722656,54.822147369384766,1006.881015625,101205.7734375,True,True,True,176,0,0,109,178,101,2026-10-03T16:27:15.258101+07:00,130.9888531480001,0.19176623099974677,OK,,True,2026-10-03T16:27:15.449889+07:00,131.1806355079998,0.036171055000522756,OK,,True,1442,0.18025,,2026-10-03T16:27:15.486067+07:00,131.21681597099996,0.03533010000046488,OK,,True,2676,0.3345,
ebb6bf010ea247bf82f6db8fb9ea3166,132,2026-10-03T16:27:16.257930+07:00,131.98867277800036,17.197805090000656,EXPOSURE,2279.1930126080006,0.9999802950005687,0.2518031219997283,0.00010536900026636431,DISABLED,on,user_reported,36.6394157409668,54.81650161743164,1006.889296875,101627.6328125,True,True,True,176,0,0,109,178,101,2026-10-03T16:27:16.258012+07:00,131.98876520300018,0.18583074900016072,OK,,True,2026-10-03T16:27:16.443855+07:00,132.17460397099967,0.033009325000421086,OK,,True,1440,0.18,,2026-10-03T16:27:16.476864+07:00,132.20761668500018,0.03284858600000007,OK,,True,2672,0.334,
ebb6bf010ea247bf82f6db8fb9ea3166,133,2026-10-03T16:27:17.257914+07:00,132.98865770599969,18.197790017999978,EXPOSURE,2280.192997536,0.9999849279993214,0.25173549500050285,9.029699958773563e-05,DISABLED,on,user_reported,36.64133071899414,54.82318878173828,1006.85828125,101992.03125,True,True,True,176,0,0,109,178,101,2026-10-03T16:27:17.257985+07:00,132.9887384829999,0.1858000100000936,OK,,True,2026-10-03T16:27:17.443796+07:00,133.17454617800013,0.03296288099954836,OK,,True,1439,0.179875,,2026-10-03T16:27:17.476759+07:00,133.20751224499963,0.03286930800004484,OK,,True,2671,0.33387500000000003,
ebb6bf010ea247bf82f6db8fb9ea3166,134,2026-10-03T16:27:18.257917+07:00,133.9886606760001,19.1977929880004,EXPOSURE,2281.1930005060003,1.0000029700004234,0.25174916200012376,9.326700001111021e-05,DISABLED,on,user_reported,36.629207611083984,54.81498718261719,1006.87953125,102914.5703125,True,True,True,176,0,0,109,178,101,2026-10-03T16:27:18.257989+07:00,133.9887422490001,0.18581504699977813,OK,,True,2026-10-03T16:27:18.443814+07:00,134.17456459200002,0.032982419000290975,OK,,True,1443,0.180375,,2026-10-03T16:27:18.476797+07:00,134.20755036300034,0.03284812299989426,OK,,True,2667,0.33337500000000003,
ebb6bf010ea247bf82f6db8fb9ea3166,135,2026-10-03T16:27:19.257917+07:00,134.9886617230004,20.197794035000697,EXPOSURE,2282.1930015530006,1.0000010470002962,0.2517005159998007,9.431400030734949e-05,DISABLED,on,user_reported,36.634952545166016,54.82223129272461,1006.827421875,102790.6015625,True,True,True,176,0,0,109,178,101,2026-10-03T16:27:19.257987+07:00,134.98874077799974,0.18580797400045412,OK,,True,2026-10-03T16:27:19.443806+07:00,135.1745562699998,0.03297321500031103,OK,,True,1447,0.180875,,2026-10-03T16:27:19.476780+07:00,135.2075329850004,0.032820197999171796,OK,,True,2668,0.3335,
ebb6bf010ea247bf82f6db8fb9ea3166,136,2026-10-03T16:27:20.257913+07:00,135.98865781200038,21.197790124000676,EXPOSURE,2283.1929976420006,0.9999960889999784,0.25175203399976454,9.040300028573256e-05,DISABLED,on,user_reported,36.63175964355469,54.815372467041016,1006.931640625,103038.84375,True,True,True,176,0,0,109,178,101,2026-10-03T16:27:20.257979+07:00,135.98873275499955,0.18582042000070942,OK,,True,2026-10-03T16:27:20.443811+07:00,136.1745612120003,0.032998824999594945,OK,,True,1448,0.181,,2026-10-03T16:27:20.476811+07:00,136.20756329699998,0.03283777100023144,OK,,True,2672,0.334,
ebb6bf010ea247bf82f6db8fb9ea3166,137,2026-10-03T16:27:21.257927+07:00,136.98866792300032,22.197800235000614,EXPOSURE,2284.1930077530005,1.0000101109999378,0.2520076439996046,0.00010051400022348389,DISABLED,on,user_reported,36.61899948120117,54.8134651184082,1006.95890625,103225.8046875,True,True,True,176,0,0,109,178,101,2026-10-03T16:27:21.258017+07:00,136.98877080999955,0.18582825400062575,OK,,True,2026-10-03T16:27:21.443858+07:00,137.17460754500007,0.03323186099987652,OK,,True,1445,0.180625,,2026-10-03T16:27:21.477090+07:00,137.2078428499999,0.03282327200031432,OK,,True,2668,0.3335,
ebb6bf010ea247bf82f6db8fb9ea3166,138,2026-10-03T16:27:22.257913+07:00,137.9886566490004,23.197788961000697,EXPOSURE,2285.1929964790006,0.9999887260000833,0.2517459989994677,8.924000030674506e-05,DISABLED,on,user_reported,36.6247444152832,54.81432342529297,1006.927109375,103163.40625,True,True,True,176,0,0,109,178,101,2026-10-03T16:27:22.257992+07:00,137.988745611,0.18581536500005313,OK,,True,2026-10-03T16:27:22.443819+07:00,138.17456886499986,0.03298686300058762,OK,,True,1434,0.17925,,2026-10-03T16:27:22.476806+07:00,138.20755896900027,0.032834605000061856,OK,,True,2670,0.33375,
ebb6bf010ea247bf82f6db8fb9ea3166,139,2026-10-03T16:27:23.257913+07:00,138.98865636000028,24.19778867200057,EXPOSURE,2286.1929961900005,0.9999997109998731,0.2517461119996369,8.89510001798044e-05,DISABLED,on,user_reported,36.63240051269531,54.80268096923828,1006.8984375,103790.796875,True,True,True,176,0,0,109,178,101,2026-10-03T16:27:23.257986+07:00,138.9887395630003,0.18581823599924974,OK,,True,2026-10-03T16:27:23.443816+07:00,139.17456596600005,0.032988103999741725,OK,,True,1429,0.178625,,2026-10-03T16:27:23.476804+07:00,139.20755703299983,0.03283562399974471,OK,,True,2668,0.3335,
ebb6bf010ea247bf82f6db8fb9ea3166,140,2026-10-03T16:27:24.257919+07:00,139.9886621679998,25.197794480000084,EXPOSURE,2287.193001998,1.0000058079995142,0.2517498719998912,9.475899969402235e-05,DISABLED,on,user_reported,36.63240051269531,54.80906677246094,1006.93265625,103538.9296875,True,True,True,176,0,0,109,178,101,2026-10-03T16:27:24.257998+07:00,139.9887519269996,0.185815496000032,OK,,True,2026-10-03T16:27:24.443826+07:00,140.17457614500017,0.032982122999783314,OK,,True,1438,0.17975,,2026-10-03T16:27:24.476809+07:00,140.20756139700006,0.0328407730003164,OK,,True,2664,0.333,
ebb6bf010ea247bf82f6db8fb9ea3166,141,2026-10-03T16:27:25.257907+07:00,140.98865136899985,26.197783681000146,EXPOSURE,2288.192991199,0.9999892010000622,0.2517923350005731,8.395999975618906e-05,DISABLED,on,user_reported,36.63240051269531,54.80906677246094,1006.8984375,103790.796875,True,True,True,176,0,0,109,178,101,2026-10-03T16:27:25.257982+07:00,140.9887347390004,0.18581299699962983,OK,,True,2026-10-03T16:27:25.443806+07:00,141.17455508700004,0.033018418999745336,OK,,True,1438,0.17975,,2026-10-03T16:27:25.476824+07:00,141.20757665400015,0.032858161999683944,OK,,True,2666,0.33325,
ebb6bf010ea247bf82f6db8fb9ea3166,142,2026-10-03T16:27:26.261761+07:00,141.99249196399978,27.201624276000075,EXPOSURE,2289.196831794,1.0038405949999287,0.25508036200062634,0.003924554999684915,DISABLED,on,user_reported,36.634952545166016,54.81583786010742,1006.91625,103163.40625,True,True,True,176,0,0,109,178,101,2026-10-03T16:27:26.261846+07:00,141.9925997600003,0.18582668199996988,OK,,True,2026-10-03T16:27:26.447685+07:00,142.17843479400017,0.03431094499956089,OK,,True,1453,0.181625,,2026-10-03T16:27:26.482006+07:00,142.2127538499999,0.03480566100006399,OK,,True,2654,0.33175,
ebb6bf010ea247bf82f6db8fb9ea3166,143,2026-10-03T16:27:27.257916+07:00,142.98865919000036,28.197791502000655,EXPOSURE,2290.1929990200006,0.9961672260005798,0.2516491899996254,9.178100026474567e-05,DISABLED,on,user_reported,36.63112258911133,54.80888366699219,1006.910078125,103664.7109375,True,True,True,176,0,0,109,178,101,2026-10-03T16:27:27.257991+07:00,142.98874487400008,0.185797072999776,OK,,True,2026-10-03T16:27:27.443798+07:00,143.17454876099964,0.03294571700007509,OK,,True,1439,0.179875,,2026-10-03T16:27:27.476744+07:00,143.20749729199997,0.03280258799986768,OK,,True,2668,0.3335,
ebb6bf010ea247bf82f6db8fb9ea3166,144,2026-10-03T16:27:28.257917+07:00,143.98866106900005,29.197793381000338,EXPOSURE,2291.1930008990003,1.000001878999683,0.25187818900030834,9.365999994770391e-05,DISABLED,on,user_reported,36.63367462158203,54.796470642089844,1006.9415625,103413.453125,True,True,True,176,0,0,109,178,101,2026-10-03T16:27:28.257989+07:00,143.98874299399995,0.18579446199964877,OK,,True,2026-10-03T16:27:28.443794+07:00,144.17454441900009,0.03317817700008163,OK,,True,1434,0.17925,,2026-10-03T16:27:28.476973+07:00,144.20772544800002,0.03280508799980453,OK,,True,2666,0.33325,
ebb6bf010ea247bf82f6db8fb9ea3166,145,2026-10-03T16:27:29.257913+07:00,144.9886573220001,30.1977896340004,EXPOSURE,2292.1929971520003,0.999996253000063,0.25163661900023726,8.991300001071068e-05,DISABLED,on,user_reported,36.634315490722656,54.80297088623047,1006.915234375,103917.1875,True,True,True,176,0,0,109,178,101,2026-10-03T16:27:29.257988+07:00,144.9887410250003,0.18579112999941572,OK,,True,2026-10-03T16:27:29.443788+07:00,145.17453954400025,0.032940123999651405,OK,,True,1444,0.1805,,2026-10-03T16:27:29.476729+07:00,145.2074823339999,0.03280244000052335,OK,,True,2664,0.333,
ebb6bf010ea247bf82f6db8fb9ea3166,146,2026-10-03T16:27:30.257915+07:00,145.9886586169996,31.197790928999893,EXPOSURE,2293.192998447,1.0000012949994925,0.2516932300004555,9.120799950323999e-05,DISABLED,on,user_reported,36.63814163208008,54.80992889404297,1006.853046875,101748.8046875,True,True,True,176,0,0,109,178,101,2026-10-03T16:27:30.257990+07:00,145.9887433009999,0.18579833400053758,OK,,True,2026-10-03T16:27:30.443800+07:00,146.17455035700004,0.032973624000078416,OK,,True,1444,0.1805,,2026-10-03T16:27:30.476774+07:00,146.20752694400016,0.03281530999993265,OK,,True,2667,0.33337500000000003,
ebb6bf010ea247bf82f6db8fb9ea3166,147,2026-10-03T16:27:31.258404+07:00,146.9891274290003,32.198259741000584,EXPOSURE,2294.1934672590005,1.0004688120006904,0.2532238839994534,0.0005600200001936173,DISABLED,on,user_reported,36.64133071899414,54.804012298583984,1006.85828125,101567.1484375,True,True,True,176,0,0,109,178,101,2026-10-03T16:27:31.258594+07:00,146.98934511199968,0.18706604599992716,OK,,True,2026-10-03T16:27:31.445673+07:00,147.17642165800044,0.03306975199939188,OK,,True,1450,0.18125,,2026-10-03T16:27:31.478745+07:00,147.20949654000015,0.03284571699987282,OK,,True,2669,0.333625,
ebb6bf010ea247bf82f6db8fb9ea3166,148,2026-10-03T16:27:32.257922+07:00,147.98866303199975,33.19779534400004,EXPOSURE,2295.193002862,0.9995356029994582,0.25168191700049647,9.562299965182319e-05,DISABLED,on,user_reported,36.642608642578125,54.80419921875,1006.89453125,101026.046875,True,True,True,176,0,0,109,178,101,2026-10-03T16:27:32.258008+07:00,147.9887613459996,0.1858037060001152,OK,,True,2026-10-03T16:27:32.443823+07:00,148.17457329199988,0.032959328000288224,OK,,True,1441,0.180125,,2026-10-03T16:27:32.476783+07:00,148.20753545299976,0.032800941000459716,OK,,True,2667,0.33337500000000003,
ebb6bf010ea247bf82f6db8fb9ea3166,149,2026-10-03T16:27:33.257916+07:00,148.98865893099992,34.19779124300021,EXPOSURE,2296.192998761,0.9999958990001687,0.2516356779997295,9.152199982054299e-05,DISABLED,on,user_reported,36.64643478393555,54.79838180541992,1006.900625,100906.5859375,True,True,True,176,0,0,109,178,101,2026-10-03T16:27:33.257997+07:00,148.9887500779996,0.18579983600011474,OK,,True,2026-10-03T16:27:33.443807+07:00,149.17455663599958,0.032928827999967325,OK,,True,1445,0.180625,,2026-10-03T16:27:33.476735+07:00,149.2074885940001,0.032797959000163246,OK,,True,2663,0.33287500000000003,
ebb6bf010ea247bf82f6db8fb9ea3166,150,2026-10-03T16:27:34.257913+07:00,149.98865599999954,35.19778831199983,EXPOSURE,2297.1929958299997,0.9999970689996189,0.25188238000009733,8.859099943947513e-05,DISABLED,on,user_reported,36.635589599609375,54.803157806396484,1006.87625,101446.40625,True,True,True,176,0,0,109,178,101,2026-10-03T16:27:34.257993+07:00,149.98874668400003,0.1857915589998811,OK,,True,2026-10-03T16:27:34.443794+07:00,150.17454466900017,0.033176289000039105,OK,,True,1439,0.179875,,2026-10-03T16:27:34.476972+07:00,150.2077244029997,0.03280488500058709,OK,,True,2669,0.333625,
ebb6bf010ea247bf82f6db8fb9ea3166,151,2026-10-03T16:27:35.257917+07:00,150.9886592390003,36.19779155100059,EXPOSURE,2298.1929990690005,1.0000032390007618,0.25165466199996445,9.183000020129839e-05,DISABLED,on,user_reported,36.63175964355469,54.80897903442383,1006.89734375,101386.140625,True,True,True,176,0,0,109,178,101,2026-10-03T16:27:35.257999+07:00,150.9887524980004,0.18580524499975581,OK,,True,2026-10-03T16:27:35.443814+07:00,151.17456378000043,0.032943179999165295,OK,,True,1441,0.180125,,2026-10-03T16:27:35.476757+07:00,151.20751010799995,0.03279562599982455,OK,,True,2665,0.333125,
ebb6bf010ea247bf82f6db8fb9ea3166,152,2026-10-03T16:27:36.258053+07:00,151.9887815000002,37.19791381200048,EXPOSURE,2299.1931213300004,1.0001222609998877,0.25860815399937565,0.0002140910000889562,DISABLED,on,user_reported,36.63303756713867,54.828346252441406,1007.008984375,101506.7421875,True,True,True,176,0,0,109,178,101,2026-10-03T16:27:36.258222+07:00,151.9889742209998,0.19014429800063226,OK,,True,2026-10-03T16:27:36.448394+07:00,152.17913875999966,0.03500734600038413,OK,,True,1436,0.1795,,2026-10-03T16:27:36.483403+07:00,152.21415244000036,0.03322421399934683,OK,,True,2665,0.333125,
ebb6bf010ea247bf82f6db8fb9ea3166,153,2026-10-03T16:27:37.257918+07:00,152.98865950799973,38.19779182000002,EXPOSURE,2300.192999338,0.9998780079995413,0.2516883480002434,9.209899963025237e-05,DISABLED,on,user_reported,36.640052795410156,54.822998046875,1006.965546875,102175.2109375,True,True,True,176,0,0,109,178,101,2026-10-03T16:27:37.258000+07:00,152.98875367399978,0.18580637600007321,OK,,True,2026-10-03T16:27:37.443815+07:00,153.17456528999992,0.03295736600011878,OK,,True,1442,0.18025,,2026-10-03T16:27:37.476773+07:00,153.20752593399993,0.032813939999869035,OK,,True,2671,0.33387500000000003,
ebb6bf010ea247bf82f6db8fb9ea3166,154,2026-10-03T16:27:38.257918+07:00,153.98865983300038,39.197792145000676,EXPOSURE,2301.1929996630006,1.0000003250006557,0.25175729299917293,9.24240002859733e-05,DISABLED,on,user_reported,36.63367462158203,54.828433990478516,1006.955390625,101809.5078125,True,True,True,176,0,0,109,178,101,2026-10-03T16:27:38.258002+07:00,153.98875527699965,0.1858091730000524,OK,,True,2026-10-03T16:27:38.443820+07:00,154.17457043099967,0.032959736000520934,OK,,True,1439,0.179875,,2026-10-03T16:27:38.476781+07:00,154.20753374099968,0.032874385000468465,OK,,True,2664,0.333,
ebb6bf010ea247bf82f6db8fb9ea3166,155,2026-10-03T16:27:39.257914+07:00,154.98865669899988,40.19778901100017,EXPOSURE,2302.192996529,0.999996865999492,0.2517551270002514,8.928999977797503e-05,DISABLED,on,user_reported,36.643245697021484,54.8106803894043,1006.963984375,102852.5546875,True,True,True,176,0,0,109,178,101,2026-10-03T16:27:39.257994+07:00,154.98874753200016,0.1858110619996296,OK,,True,2026-10-03T16:27:39.443816+07:00,155.17456679800034,0.03299812499972177,OK,,True,1443,0.180375,,2026-10-03T16:27:39.476816+07:00,155.20756866299962,0.03283497800020996,OK,,True,2663,0.33287500000000003,
ebb6bf010ea247bf82f6db8fb9ea3166,156,2026-10-03T16:27:40.257916+07:00,155.98865847599973,41.19779078800002,EXPOSURE,2303.192998306,1.0000017769998522,0.2517639430006966,9.106699963012943e-05,DISABLED,on,user_reported,36.6394157409668,54.803714752197266,1006.916640625,103163.40625,True,True,True,176,0,0,109,178,101,2026-10-03T16:27:40.257998+07:00,155.9887521239998,0.18581313699996826,OK,,True,2026-10-03T16:27:40.443824+07:00,156.17457372399986,0.03300451399991289,OK,,True,1435,0.179375,,2026-10-03T16:27:40.476830+07:00,156.2075819040001,0.03283188600016729,OK,,True,2666,0.33325,
ebb6bf010ea247bf82f6db8fb9ea3166,157,2026-10-03T16:27:41.257914+07:00,156.98865664599998,42.197788958000274,EXPOSURE,2304.192996476,0.9999981700002536,0.26142735600024025,8.923699988372391e-05,DISABLED,on,user_reported,36.63240051269531,54.815460205078125,1006.9053125,102914.5703125,True,True,True,176,0,0,109,178,101,2026-10-03T16:27:41.257996+07:00,156.9887495160001,0.18918823700005305,OK,,True,2026-10-03T16:27:41.447201+07:00,157.1779500120001,0.03626568799973029,OK,,True,1451,0.181375,,2026-10-03T16:27:41.483485+07:00,157.214230218,0.035822654999719816,OK,,True,2662,0.33275,
ebb6bf010ea247bf82f6db8fb9ea3166,158,2026-10-03T16:27:42.257938+07:00,157.9886800610002,43.19781237300049,EXPOSURE,2305.1930198910004,1.0000234150002143,0.2517460190001657,0.00011265200009802356,DISABLED,on,user_reported,36.63048553466797,54.808780670166016,1006.9228125,102914.5703125,True,True,True,176,0,0,109,178,101,2026-10-03T16:27:42.258023+07:00,157.9887766339998,0.18581478699979925,OK,,True,2026-10-03T16:27:42.443850+07:00,158.1745994390003,0.032991106999361364,OK,,True,1439,0.179875,,2026-10-03T16:27:42.476843+07:00,158.2075946750001,0.032821978999891144,OK,,True,2668,0.3335,
ebb6bf010ea247bf82f6db8fb9ea3166,159,2026-10-03T16:27:43.257916+07:00,158.98865814599958,44.19779045799987,EXPOSURE,2306.192997976,0.999978084999384,0.25175529700027255,9.073699948203284e-05,DISABLED,on,user_reported,36.636226654052734,54.80324935913086,1006.93890625,103476.1484375,True,True,True,176,0,0,109,178,101,2026-10-03T16:27:43.257998+07:00,158.98875157099974,0.1858029909999459,OK,,True,2026-10-03T16:27:43.443812+07:00,159.1745616549997,0.03297282899984566,OK,,True,1445,0.180625,,2026-10-03T16:27:43.476785+07:00,159.20753789100036,0.032865848999790614,OK,,True,2661,0.332625,
ebb6bf010ea247bf82f6db8fb9ea3166,160,2026-10-03T16:27:44.257938+07:00,159.9886796789997,45.19781199099998,EXPOSURE,2307.193019509,1.0000215330001083,0.25175792800018826,0.00011226999959035311,DISABLED,on,user_reported,36.64133071899414,54.78483581542969,1006.91984375,104234.53125,True,True,True,176,0,0,109,178,101,2026-10-03T16:27:44.258030+07:00,159.98878347400023,0.18581408499994723,OK,,True,2026-10-03T16:27:44.443855+07:00,160.1746051330001,0.03295632899971679,OK,,True,1444,0.1805,,2026-10-03T16:27:44.476811+07:00,160.20756425800028,0.03286458999991737,OK,,True,2665,0.333125,
ebb6bf010ea247bf82f6db8fb9ea3166,161,2026-10-03T16:27:45.257919+07:00,160.9886613460003,46.19779365800059,EXPOSURE,2308.1930011760005,0.9999816670006112,0.2517029659993568,9.393700020154938e-05,DISABLED,on,user_reported,36.64069366455078,54.78474044799805,1006.88453125,104234.53125,True,True,True,176,0,0,109,178,101,2026-10-03T16:27:45.258000+07:00,160.98875327099995,0.1858152519998839,OK,,True,2026-10-03T16:27:45.443827+07:00,161.17457680000007,0.03297457000007853,OK,,True,1450,0.18125,,2026-10-03T16:27:45.476802+07:00,161.20755461099998,0.032800535000205855,OK,,True,2663,0.33287500000000003,
ebb6bf010ea247bf82f6db8fb9ea3166,162,2026-10-03T16:27:46.257913+07:00,161.9886561459998,47.197788458000105,EXPOSURE,2309.192995976,0.9999947999995129,0.2528613270005735,8.873699971445603e-05,DISABLED,on,user_reported,36.641971588134766,54.75935745239258,1006.83875,104107.359375,True,True,True,176,0,0,109,178,101,2026-10-03T16:27:46.257992+07:00,161.9887451630002,0.1858090119994813,OK,,True,2026-10-03T16:27:46.443813+07:00,162.17456312000013,0.03303175499968347,OK,,True,1437,0.179625,,2026-10-03T16:27:46.476847+07:00,162.20759911499954,0.03390245100035827,OK,,True,2659,0.33237500000000003,
ebb6bf010ea247bf82f6db8fb9ea3166,163,2026-10-03T16:27:47.257927+07:00,162.9886686159998,48.197800928000106,EXPOSURE,2310.193008446,1.0000124700000015,0.25200941000002786,0.00010120699971594149,DISABLED,on,user_reported,36.634952545166016,54.7583122253418,1006.8821875,104617.8984375,True,True,True,176,0,0,109,178,101,2026-10-03T16:27:47.258012+07:00,162.9887652999996,0.1858169020006244,OK,,True,2026-10-03T16:27:47.443840+07:00,163.17458951699973,0.033233642000595864,OK,,True,1439,0.179875,,2026-10-03T16:27:47.477074+07:00,163.20782628800043,0.03284268299921678,OK,,True,2664,0.333,
ebb6bf010ea247bf82f6db8fb9ea3166,164,2026-10-03T16:27:48.257916+07:00,163.98865859000034,49.197790902000634,EXPOSURE,2311.1929984200005,0.9999899740005276,0.251764116999766,9.118100024352316e-05,DISABLED,on,user_reported,36.63877868652344,54.75249481201172,1006.84734375,104489.796875,True,True,True,176,0,0,109,178,101,2026-10-03T16:27:48.258000+07:00,163.98875371899976,0.1858121619998201,OK,,True,2026-10-03T16:27:48.443824+07:00,164.17457337999986,0.032999293000102625,OK,,True,1438,0.17975,,2026-10-03T16:27:48.476824+07:00,164.20757635799964,0.03283697900042171,OK,,True,2662,0.33275,
ebb6bf010ea247bf82f6db8fb9ea3166,165,2026-10-03T16:27:49.257916+07:00,164.98865847599973,50.19779078800002,EXPOSURE,2312.192998306,0.9999998859993866,0.2516901550006878,9.106699963012943e-05,DISABLED,on,user_reported,36.64069366455078,54.75917434692383,1006.829765625,104489.796875,True,True,True,176,0,0,109,178,101,2026-10-03T16:27:49.257997+07:00,164.98875036400023,0.1858088660001158,OK,,True,2026-10-03T16:27:49.443816+07:00,165.17456674799996,0.03296582999973907,OK,,True,1440,0.18,,2026-10-03T16:27:49.476783+07:00,165.20753600399985,0.0328042760002063,OK,,True,2666,0.33325,
ebb6bf010ea247bf82f6db8fb9ea3166,166,2026-10-03T16:27:50.257915+07:00,165.98865773499983,51.197790047000126,EXPOSURE,2313.192997565,0.9999992590001057,0.2517325640001218,9.032599973579636e-05,DISABLED,on,user_reported,36.634315490722656,54.75822830200195,1006.853671875,104617.8984375,True,True,True,176,0,0,109,178,101,2026-10-03T16:27:50.257996+07:00,165.98874928999976,0.18581234800058155,OK,,True,2026-10-03T16:27:50.443820+07:00,166.17456935999962,0.0329807370007984,OK,,True,1444,0.1805,,2026-10-03T16:27:50.476800+07:00,166.20755352299966,0.03282760900037829,OK,,True,2663,0.33287500000000003,
ebb6bf010ea247bf82f6db8fb9ea3166,167,2026-10-03T16:27:51.257915+07:00,166.9886577389998,52.197790051000084,EXPOSURE,2314.192997569,1.0000000039999577,0.2525826680002865,9.032999969349476e-05,DISABLED,on,user_reported,36.63814163208008,54.75879669189453,1006.86671875,105004.1015625,True,True,True,176,0,0,109,178,101,2026-10-03T16:27:51.257998+07:00,166.98875157099974,0.1867955810002968,OK,,True,2026-10-03T16:27:51.444808+07:00,167.17555698500018,0.03276559099958831,OK,,True,1444,0.1805,,2026-10-03T16:27:51.477579+07:00,167.2083283539996,0.032901720000154455,OK,,True,2663,0.33287500000000003,
ebb6bf010ea247bf82f6db8fb9ea3166,168,2026-10-03T16:27:52.257918+07:00,167.9886605239999,53.19779283600019,EXPOSURE,2315.193000354,1.000002785000106,0.25172547300007864,9.311499979958171e-05,DISABLED,on,user_reported,36.634952545166016,54.7583122253418,1006.96421875,104234.53125,True,True,True,176,0,0,109,178,101,2026-10-03T16:27:52.258002+07:00,167.98875581999982,0.18581084900051792,OK,,True,2026-10-03T16:27:52.443825+07:00,168.17457466900032,0.032974922999528644,OK,,True,1448,0.181,,2026-10-03T16:27:52.476799+07:00,168.2075522949999,0.03282520199991268,OK,,True,2660,0.3325,
ebb6bf010ea247bf82f6db8fb9ea3166,169,2026-10-03T16:27:53.257947+07:00,168.98868810899967,54.19782042099996,EXPOSURE,2316.193027939,1.0000275849997706,0.25196393500027625,0.00012069999957020627,DISABLED,on,user_reported,36.63112258911133,54.74496841430664,1006.951171875,105263.15625,True,True,True,176,0,0,109,178,101,2026-10-03T16:27:53.258034+07:00,168.9887876820003,0.185816702000011,OK,,True,2026-10-03T16:27:53.443863+07:00,169.17461295799967,0.03320331000031729,OK,,True,1448,0.181,,2026-10-03T16:27:53.477067+07:00,169.20781967499988,0.032822961999954714,OK,,True,2670,0.33375,
ebb6bf010ea247bf82f6db8fb9ea3166,170,2026-10-03T16:27:54.257918+07:00,169.9886600509999,55.19779236300019,EXPOSURE,2317.192999881,0.9999719420002293,0.2516855300000316,9.264199979952537e-05,DISABLED,on,user_reported,36.636226654052734,54.75212097167969,1006.993671875,105198.2734375,True,True,True,176,0,0,109,178,101,2026-10-03T16:27:54.258004+07:00,169.9887579389997,0.1858093500004543,OK,,True,2026-10-03T16:27:54.443825+07:00,170.17457512300007,0.03295964500011905,OK,,True,1444,0.1805,,2026-10-03T16:27:54.476785+07:00,170.20753769400017,0.03279888699944422,OK,,True,2662,0.33275,
ebb6bf010ea247bf82f6db8fb9ea3166,171,2026-10-03T16:27:55.257915+07:00,170.98865801400007,56.19779032600036,EXPOSURE,2318.1929978440003,0.999997963000169,0.2517602159996386,9.060499996849103e-05,DISABLED,on,user_reported,36.641971588134766,54.752967834472656,1006.927734375,105004.1015625,True,True,True,176,0,0,109,178,101,2026-10-03T16:27:55.257997+07:00,170.9887499939996,0.18580953700075042,OK,,True,2026-10-03T16:27:55.443818+07:00,171.1745677529998,0.0329938310005673,OK,,True,1461,0.182625,,2026-10-03T16:27:55.476812+07:00,171.20756493499994,0.03284440599964,OK,,True,2670,0.33375,
ebb6bf010ea247bf82f6db8fb9ea3166,172,2026-10-03T16:27:56.257914+07:00,171.98865698099962,57.197789292999914,EXPOSURE,2319.192996811,0.9999989669995557,0.2549110590007331,8.957199952419614e-05,DISABLED,on,user_reported,36.640052795410156,54.752689361572266,1006.8765625,104939.5390625,True,True,True,176,0,0,109,178,101,2026-10-03T16:27:56.257996+07:00,171.98874899800012,0.18587114799993287,OK,,True,2026-10-03T16:27:56.443882+07:00,172.17463086800035,0.03502142399975128,OK,,True,1443,0.180375,,2026-10-03T16:27:56.478910+07:00,172.20965888400042,0.0338974149999558,OK,,True,2654,0.33175,
ebb6bf010ea247bf82f6db8fb9ea3166,173,2026-10-03T16:27:57.257914+07:00,172.9886562290003,58.19778854100059,EXPOSURE,2320.1929960590005,0.9999992480006767,0.2517736439995133,8.882000020093983e-05,DISABLED,on,user_reported,36.642608642578125,54.75306701660156,1006.8603125,105068.75,True,True,True,176,0,0,109,178,101,2026-10-03T16:27:57.257999+07:00,172.98875274700004,0.1858103900003698,OK,,True,2026-10-03T16:27:57.443822+07:00,173.1745713399996,0.03299592300027143,OK,,True,1451,0.181375,,2026-10-03T16:27:57.476818+07:00,173.2075706710002,0.03284940599951369,OK,,True,2668,0.3335,
ebb6bf010ea247bf82f6db8fb9ea3166,174,2026-10-03T16:27:58.257912+07:00,173.9886549439998,59.19778725600008,EXPOSURE,2321.192994774,0.9999987149994922,0.2517668300006335,8.753499969316181e-05,DISABLED,on,user_reported,36.643245697021484,54.746768951416016,1006.895625,104875.0546875,True,True,True,176,0,0,109,178,101,2026-10-03T16:27:58.257997+07:00,173.98875011000018,0.18580338999981905,OK,,True,2026-10-03T16:27:58.443811+07:00,174.17456118599966,0.033003423000081966,OK,,True,1444,0.1805,,2026-10-03T16:27:58.476815+07:00,174.2075683310004,0.032844738999301626,OK,,True,2664,0.333,
ebb6bf010ea247bf82f6db8fb9ea3166,175,2026-10-03T16:27:59.257948+07:00,174.98868805100028,60.197820363000574,EXPOSURE,2322.1930278810005,1.0000331070004904,0.252006846999393,0.00012064200018357951,DISABLED,on,user_reported,36.641971588134766,54.746578216552734,1006.89359375,104810.6484375,True,True,True,176,0,0,109,178,101,2026-10-03T16:27:59.258034+07:00,174.98878745799993,0.18581646500024362,OK,,True,2026-10-03T16:27:59.443862+07:00,175.1746119039999,0.03322525499970652,OK,,True,1432,0.179,,2026-10-03T16:27:59.477088+07:00,175.20784052900035,0.0328443509997669,OK,,True,2661,0.332625,
ebb6bf010ea247bf82f6db8fb9ea3166,176,2026-10-03T16:28:00.257922+07:00,175.9886639590004,61.1977962710007,EXPOSURE,2323.1930037890006,0.999975908000124,0.2517566649994478,9.655000030761585e-05,DISABLED,on,user_reported,36.643245697021484,54.746768951416016,1006.90921875,104553.8046875,True,True,True,176,0,0,109,178,101,2026-10-03T16:28:00.258009+07:00,175.98876206899968,0.18584107700007735,OK,,True,2026-10-03T16:28:00.443861+07:00,176.17461092400026,0.03295094199984305,OK,,True,1445,0.180625,,2026-10-03T16:28:00.476812+07:00,176.2075651619998,0.03284653599985177,OK,,True,2664,0.333,
ebb6bf010ea247bf82f6db8fb9ea3166,177,2026-10-03T16:28:01.257914+07:00,176.98865588900026,62.19778820100055,EXPOSURE,2324.1929957190005,0.999991929999851,0.25418944000011834,8.848000015859725e-05,DISABLED,on,user_reported,36.6394157409668,54.74620056152344,1006.848359375,104553.8046875,True,True,True,176,0,0,109,178,101,2026-10-03T16:28:01.257995+07:00,176.9887485729996,0.1860406129999319,OK,,True,2026-10-03T16:28:01.444066+07:00,177.17481120400043,0.03281748099925608,OK,,True,1434,0.17925,,2026-10-03T16:28:01.476885+07:00,177.2076348520004,0.035196550999899046,OK,,True,2651,0.33137500000000003,
ebb6bf010ea247bf82f6db8fb9ea3166,178,2026-10-03T16:28:02.257954+07:00,177.98869485900013,63.19782717100043,EXPOSURE,2325.1930346890003,1.0000389699998777,0.2546520670002792,0.00012745000003633322,DISABLED,on,user_reported,36.642608642578125,54.74667739868164,1006.8603125,104746.3203125,True,True,True,176,0,0,109,178,101,2026-10-03T16:28:02.258041+07:00,177.98879426500025,0.18593828099983511,OK,,True,2026-10-03T16:28:02.443992+07:00,178.17474202799986,0.03312479299984261,OK,,True,1435,0.179375,,2026-10-03T16:28:02.477121+07:00,178.2078710980004,0.0354585679997399,OK,,True,2653,0.331625,
ebb6bf010ea247bf82f6db8fb9ea3166,179,2026-10-03T16:28:03.257916+07:00,178.98865883300004,64.19779114500034,EXPOSURE,2326.1929986630003,0.9999639739999111,0.2517639830002736,9.142399994743755e-05,DISABLED,on,user_reported,36.643882751464844,54.76604080200195,1006.889765625,104682.0703125,True,True,True,176,0,0,109,178,101,2026-10-03T16:28:03.257999+07:00,178.98875259099987,0.1858105979999891,OK,,True,2026-10-03T16:28:03.443822+07:00,179.17457135600034,0.033003848999214824,OK,,True,1447,0.180875,,2026-10-03T16:28:03.476826+07:00,179.2075787240001,0.032835813999554375,OK,,True,2665,0.333125,
ebb6bf010ea247bf82f6db8fb9ea3166,180,2026-10-03T16:28:04.257915+07:00,179.98865743999977,65.19778975200006,EXPOSURE,2327.19299727,0.9999986069997249,0.25179276100061543,9.00309996723081e-05,DISABLED,on,user_reported,36.64452362060547,54.753353118896484,1006.88390625,105328.125,True,True,True,176,0,0,109,178,101,2026-10-03T16:28:04.257996+07:00,179.98874912500014,0.18581141300001036,OK,,True,2026-10-03T16:28:04.443819+07:00,180.1745684819998,0.03300188699995488,OK,,True,1438,0.17975,,2026-10-03T16:28:04.476821+07:00,180.2075737209998,0.03286777700031962,OK,,True,2661,0.332625,
ebb6bf010ea247bf82f6db8fb9ea3166,181,2026-10-03T16:28:05.257945+07:00,180.98868608799967,66.19781839999996,EXPOSURE,2328.193025918,1.0000286479998977,0.25176996600021084,0.00011867899956996553,DISABLED,on,user_reported,36.643245697021484,54.77872085571289,1006.90921875,104234.53125,True,True,True,176,0,0,109,178,101,2026-10-03T16:28:05.258032+07:00,180.98878553099985,0.18583254399982252,OK,,True,2026-10-03T16:28:05.443877+07:00,181.17462674099988,0.032956721000118705,OK,,True,1447,0.180875,,2026-10-03T16:28:05.476834+07:00,181.20758696200028,0.03285959200002253,OK,,True,2666,0.33325,
ebb6bf010ea247bf82f6db8fb9ea3166,182,2026-10-03T16:28:06.257927+07:00,181.98866844300028,67.19780075500057,EXPOSURE,2329.1930082730005,0.9999823550006113,0.2526104779999514,0.00010103400018124375,DISABLED,on,user_reported,36.63877868652344,54.78445053100586,1006.84046875,104234.53125,True,True,True,176,0,0,109,178,101,2026-10-03T16:28:06.258022+07:00,181.98877581299985,0.1860301900005652,OK,,True,2026-10-03T16:28:06.444074+07:00,182.17482063199986,0.033730250999724376,OK,,True,1435,0.179375,,2026-10-03T16:28:06.477810+07:00,182.20855886499976,0.03270453799996176,OK,,True,2648,0.331,
ebb6bf010ea247bf82f6db8fb9ea3166,183,2026-10-03T16:28:07.258044+07:00,182.98876487500002,68.19789718700031,EXPOSURE,2330.193104705,1.0000964319997365,0.25286695799968584,0.00019746599991776748,DISABLED,on,user_reported,36.634952545166016,54.7583122253418,1006.94375,103727.7109375,True,True,True,176,0,0,109,178,101,2026-10-03T16:28:07.258221+07:00,182.98897159599983,0.18675672100016527,OK,,True,2026-10-03T16:28:07.444987+07:00,183.1757366689999,0.03301788699991448,OK,,True,1444,0.1805,,2026-10-03T16:28:07.478007+07:00,183.20875846299987,0.03286375900006533,OK,,True,2663,0.33287500000000003,
ebb6bf010ea247bf82f6db8fb9ea3166,184,2026-10-03T16:28:08.257975+07:00,183.98871260899978,69.19784492100007,EXPOSURE,2331.193052439,0.9999477339997611,0.25212664999980916,0.00014519999967887998,DISABLED,on,user_reported,36.64452362060547,54.798091888427734,1006.925,103853.953125,True,True,True,176,0,0,109,178,101,2026-10-03T16:28:08.258073+07:00,183.98882558900004,0.18620807899969805,OK,,True,2026-10-03T16:28:08.444293+07:00,184.1750418720003,0.0329680909999297,OK,,True,1447,0.180875,,2026-10-03T16:28:08.477259+07:00,184.20801281500007,0.0328179629996157,OK,,True,2661,0.332625,
ebb6bf010ea247bf82f6db8fb9ea3166,185,2026-10-03T16:28:09.261728+07:00,184.99246784800016,70.20160016000045,EXPOSURE,2332.1968076780004,1.0037552390003839,0.251761432999956,0.003900439000062761,DISABLED,on,user_reported,36.636226654052734,54.80324935913086,1006.959453125,104043.890625,True,True,True,176,0,0,109,178,101,2026-10-03T16:28:09.261811+07:00,184.9925642549997,0.18583845300054236,OK,,True,2026-10-03T16:28:09.447661+07:00,185.17841089299964,0.03297405500052264,OK,,True,1442,0.18025,,2026-10-03T16:28:09.480636+07:00,185.2113883359998,0.032831944999998086,OK,,True,2661,0.332625,
ebb6bf010ea247bf82f6db8fb9ea3166,186,2026-10-03T16:28:10.257946+07:00,185.98868721500003,71.19781952700032,EXPOSURE,2333.1930270450002,0.9962193669998669,0.251760860000104,0.00011980599992966745,DISABLED,on,user_reported,36.641971588134766,54.804100036621094,1006.927734375,103288.28125,True,True,True,176,0,0,109,178,101,2026-10-03T16:28:10.258033+07:00,185.98878645500008,0.1858272500003295,OK,,True,2026-10-03T16:28:10.443873+07:00,186.17462220499965,0.03294298099990556,OK,,True,1437,0.179625,,2026-10-03T16:28:10.476815+07:00,186.2075683160001,0.032870592000108445,OK,,True,2665,0.333125,
ebb6bf010ea247bf82f6db8fb9ea3166,187,2026-10-03T16:28:11.257976+07:00,186.98871540300024,72.19784771500053,EXPOSURE,2334.1930552330005,1.0000281880002149,0.2539353960000881,0.00014799400014453568,DISABLED,on,user_reported,36.642608642578125,54.816986083984375,1006.928671875,103980.5,True,True,True,176,0,0,109,178,101,2026-10-03T16:28:11.258063+07:00,186.988816606,0.18583741699967504,OK,,True,2026-10-03T16:28:11.443914+07:00,187.174662894,0.03474824200020521,OK,,True,1439,0.179875,,2026-10-03T16:28:11.478673+07:00,187.2094193769999,0.033214478000445524,OK,,True,2655,0.33187500000000003,
ebb6bf010ea247bf82f6db8fb9ea3166,188,2026-10-03T16:28:12.259156+07:00,187.9898898800002,73.19902219200048,EXPOSURE,2335.1942297100004,1.0011744769999495,0.2599886759999208,0.0013224710000940831,DISABLED,on,user_reported,36.64516067504883,54.80458450317383,1006.89859375,104107.359375,True,True,True,176,0,0,109,178,101,2026-10-03T16:28:12.259300+07:00,187.99005171200042,0.19182175299920345,OK,,True,2026-10-03T16:28:12.451145+07:00,188.18189035399973,0.03493951900054526,OK,,True,1433,0.179125,,2026-10-03T16:28:12.486087+07:00,188.21683677999954,0.033029073000761855,OK,,True,2660,0.3325,
ebb6bf010ea247bf82f6db8fb9ea3166,189,2026-10-03T16:28:13.258446+07:00,188.98918634100028,74.19831865300057,EXPOSURE,2336.1935261710005,0.9992964610000854,0.25179117700008646,0.000618932000179484,DISABLED,on,user_reported,36.64579772949219,54.811065673828125,1006.91328125,104298.2265625,True,True,True,176,0,0,109,178,101,2026-10-03T16:28:13.258536+07:00,188.98928911799976,0.18583243700049934,OK,,True,2026-10-03T16:28:13.444381+07:00,189.17513020299975,0.032984759000100894,OK,,True,1445,0.180625,,2026-10-03T16:28:13.477366+07:00,189.20811877699998,0.032849000000169326,OK,,True,2669,0.333625,
ebb6bf010ea247bf82f6db8fb9ea3166,190,2026-10-03T16:28:14.259304+07:00,189.9900409210004,75.19917323300069,EXPOSURE,2337.1943807510006,1.000854580000123,0.25176289999944856,0.001473512000302435,DISABLED,on,user_reported,36.642608642578125,54.81059265136719,1006.921875,104362.0078125,True,True,True,176,0,0,109,178,101,2026-10-03T16:28:14.259373+07:00,189.99012662400037,0.18581965999965178,OK,,True,2026-10-03T16:28:14.445206+07:00,190.17595489500036,0.03299840699946799,OK,,True,1445,0.180625,,2026-10-03T16:28:14.478204+07:00,190.20895659800044,0.032837778999237344,OK,,True,2659,0.33237500000000003,
ebb6bf010ea247bf82f6db8fb9ea3166,191,2026-10-03T16:28:15.257913+07:00,190.98865606100026,76.19778837300055,EXPOSURE,2338.1929958910005,0.9986151399998562,0.25194445499982976,8.865200015861774e-05,DISABLED,on,user_reported,36.63877868652344,54.803627014160156,1006.93625,104298.2265625,True,True,True,176,0,0,109,178,101,2026-10-03T16:28:15.257992+07:00,190.98874520899972,0.18581893900045543,OK,,True,2026-10-03T16:28:15.443823+07:00,191.17457251799988,0.03316896100022859,OK,,True,1441,0.180125,,2026-10-03T16:28:15.476994+07:00,191.20774496000013,0.032845926999470976,OK,,True,2666,0.33325,
ebb6bf010ea247bf82f6db8fb9ea3166,192,2026-10-03T16:28:16.257917+07:00,191.9886582299996,77.1977905419999,EXPOSURE,2339.19299806,1.0000021689993446,0.2527911340002902,9.082099950319389e-05,DISABLED,on,user_reported,36.63877868652344,54.810020446777344,1006.8815625,104234.53125,True,True,True,176,0,0,109,178,101,2026-10-03T16:28:16.257998+07:00,191.98875147000035,0.18581793999965157,OK,,True,2026-10-03T16:28:16.443829+07:00,192.1745778730001,0.033004869999786024,OK,,True,1448,0.181,,2026-10-03T16:28:16.476835+07:00,192.2075865759998,0.03384171400011837,OK,,True,2661,0.332625,
ebb6bf010ea247bf82f6db8fb9ea3166,193,2026-10-03T16:28:17.257927+07:00,192.98866892099977,78.19780123300006,EXPOSURE,2340.193008751,1.0000106910001705,0.2591303369999878,0.00010151199967367575,DISABLED,on,user_reported,36.63877868652344,54.79723358154297,1006.8815625,104617.8984375,True,True,True,176,0,0,109,178,101,2026-10-03T16:28:17.258008+07:00,192.98876145699978,0.18583729200054222,OK,,True,2026-10-03T16:28:17.443859+07:00,193.174608583,0.037142684000173176,OK,,True,1441,0.180125,,2026-10-03T16:28:17.481020+07:00,193.21176489699974,0.03600234300029115,OK,,True,2660,0.3325,
ebb6bf010ea247bf82f6db8fb9ea3166,194,2026-10-03T16:28:18.257937+07:00,193.98867885599975,79.19781116800004,EXPOSURE,2341.193018686,1.00000993499998,0.25196492099985335,0.00011144699965370819,DISABLED,on,user_reported,36.63750457763672,54.79704666137695,1006.913671875,104875.0546875,True,True,True,176,0,0,109,178,101,2026-10-03T16:28:18.258018+07:00,193.98877124400042,0.18582749699999113,OK,,True,2026-10-03T16:28:18.443859+07:00,194.17460846300037,0.03314144299929467,OK,,True,1447,0.180875,,2026-10-03T16:28:18.477005+07:00,194.20775492400026,0.03287785300017276,OK,,True,2663,0.33287500000000003,
ebb6bf010ea247bf82f6db8fb9ea3166,195,2026-10-03T16:28:19.257915+07:00,194.98865740600013,80.19778971800042,EXPOSURE,2342.1929972360003,0.9999785500003782,0.2520159400000921,8.999700003187172e-05,DISABLED,on,user_reported,36.629207611083984,54.7894172668457,1006.87953125,105004.1015625,True,True,True,176,0,0,109,178,101,2026-10-03T16:28:19.257992+07:00,194.988745183,0.18583116399986466,OK,,True,2026-10-03T16:28:19.443835+07:00,195.17458447700028,0.0332296269998551,OK,,True,1450,0.18125,,2026-10-03T16:28:19.477065+07:00,195.2078175480001,0.032845353999618965,OK,,True,2661,0.332625,
ebb6bf010ea247bf82f6db8fb9ea3166,196,2026-10-03T16:28:20.257917+07:00,195.98865912600013,81.19779143800042,EXPOSURE,2343.1929989560003,1.0000017200000002,0.25193570099963836,9.171700003207661e-05,DISABLED,on,user_reported,36.63240051269531,54.789894104003906,1006.857421875,104617.8984375,True,True,True,176,0,0,109,178,101,2026-10-03T16:28:20.257999+07:00,195.98875205100012,0.18582898000022396,OK,,True,2026-10-03T16:28:20.443840+07:00,196.1745899939997,0.033113721000518126,OK,,True,1447,0.180875,,2026-10-03T16:28:20.476959+07:00,196.20770888100014,0.03287681599977077,OK,,True,2662,0.33275,
ebb6bf010ea247bf82f6db8fb9ea3166,197,2026-10-03T16:28:21.257914+07:00,196.98865610899975,82.19778842100004,EXPOSURE,2344.192995939,0.9999969829996189,0.25193686800048454,8.86999996509985e-05,DISABLED,on,user_reported,36.643882751464844,54.79160690307617,1006.855703125,104298.2265625,True,True,True,176,0,0,109,178,101,2026-10-03T16:28:21.257995+07:00,196.98874892299955,0.18582142500054033,OK,,True,2026-10-03T16:28:21.443830+07:00,197.17457880999973,0.033115072999862605,OK,,True,1437,0.179625,,2026-10-03T16:28:21.476950+07:00,197.20769960599955,0.032882649000384845,OK,,True,2660,0.3325,
ebb6bf010ea247bf82f6db8fb9ea3166,198,2026-10-03T16:28:22.257915+07:00,197.9886572810001,83.19778959300038,EXPOSURE,2345.1929971110003,1.0000011720003386,0.252030941999692,8.987199998955475e-05,DISABLED,on,user_reported,36.63877868652344,54.78445053100586,1006.854140625,105393.1640625,True,True,True,176,0,0,109,178,101,2026-10-03T16:28:22.257998+07:00,197.9887515950004,0.18582364699977916,OK,,True,2026-10-03T16:28:22.443834+07:00,198.17458387100032,0.033232553999368974,OK,,True,1446,0.18075,,2026-10-03T16:28:22.477071+07:00,198.20782135100035,0.032856945999810705,OK,,True,2661,0.332625,
ebb6bf010ea247bf82f6db8fb9ea3166,199,2026-10-03T16:28:23.257973+07:00,198.98870515900035,84.19783747100064,EXPOSURE,2346.1930449890006,1.0000478780002595,0.25944393200006743,0.00013775000024907058,DISABLED,on,user_reported,36.63048553466797,54.75764846801758,1006.95015625,105004.1015625,True,True,True,176,0,0,109,178,101,2026-10-03T16:28:23.258128+07:00,198.98887915700016,0.19139417199949094,OK,,True,2026-10-03T16:28:23.449545+07:00,199.18029079200005,0.034840242999962356,OK,,True,1437,0.179625,,2026-10-03T16:28:23.484388+07:00,199.21513675700044,0.03300031499929901,OK,,True,2662,0.33275,
ebb6bf010ea247bf82f6db8fb9ea3166,200,2026-10-03T16:28:24.257911+07:00,199.98865415300043,85.19778646500072,EXPOSURE,2347.1929939830006,0.9999489940000785,0.2532927469992501,8.674400032759877e-05,DISABLED,on,user_reported,36.62282943725586,54.76929473876953,1006.951484375,105133.46875,True,True,True,176,0,0,109,178,101,2026-10-03T16:28:24.257989+07:00,199.98874278099993,0.1858390560000771,OK,,True,2026-10-03T16:28:24.443842+07:00,200.1745912260003,0.03416154599926813,OK,,True,1443,0.180375,,2026-10-03T16:28:24.478010+07:00,200.20875964199968,0.03317720199993346,OK,,True,2667,0.33337500000000003,
ebb6bf010ea247bf82f6db8fb9ea3166,201,2026-10-03T16:28:25.257910+07:00,200.98865290899994,86.19778522100023,EXPOSURE,2348.192992739,0.9999987559995134,0.2525216989997716,8.549999984097667e-05,DISABLED,on,user_reported,36.62282943725586,54.76929473876953,1006.951484375,105328.125,True,True,True,176,0,0,109,178,101,2026-10-03T16:28:25.257988+07:00,200.98874161099957,0.1858401870003945,OK,,True,2026-10-03T16:28:25.443842+07:00,201.1745917600001,0.03351240400024835,OK,,True,1445,0.180625,,2026-10-03T16:28:25.477359+07:00,201.20810992299994,0.03305177800029924,OK,,True,2662,0.33275,
ebb6bf010ea247bf82f6db8fb9ea3166,202,2026-10-03T16:28:26.257912+07:00,201.9886550199999,87.19778733200019,EXPOSURE,2349.19299485,1.000002110999958,0.25226425799974095,8.761099979892606e-05,DISABLED,on,user_reported,36.61836242675781,54.76224136352539,1006.909921875,105004.1015625,True,True,True,176,0,0,109,178,101,2026-10-03T16:28:26.257991+07:00,201.9887447230003,0.18582279800011747,OK,,True,2026-10-03T16:28:26.443827+07:00,202.17457640999964,0.033390182000403,OK,,True,1429,0.178625,,2026-10-03T16:28:26.477223+07:00,202.20797323999977,0.032931834000009985,OK,,True,2660,0.3325,
ebb6bf010ea247bf82f6db8fb9ea3166,203,2026-10-03T16:28:27.257916+07:00,202.98865859800026,88.19779091000055,EXPOSURE,2350.1929984280005,1.00000357800036,0.2526697180001065,9.118900015891995e-05,DISABLED,on,user_reported,36.622188568115234,54.781978607177734,1006.950390625,105068.75,True,True,True,176,0,0,109,178,101,2026-10-03T16:28:27.258002+07:00,202.98875520799993,0.18593066799985536,OK,,True,2026-10-03T16:28:27.443950+07:00,203.17469554200034,0.03378028999941307,OK,,True,1434,0.17925,,2026-10-03T16:28:27.477732+07:00,203.20848175799983,0.03283629900033702,OK,,True,2660,0.3325,
ebb6bf010ea247bf82f6db8fb9ea3166,204,2026-10-03T16:28:28.257918+07:00,203.98866008599998,89.19779239800027,EXPOSURE,2351.192999916,1.0000014879997252,0.25701732899960916,9.267699988413369e-05,DISABLED,on,user_reported,36.6247444152832,54.76957702636719,1006.933984375,105068.75,True,True,True,176,0,0,109,178,101,2026-10-03T16:28:28.257999+07:00,203.98875115899955,0.1874096740002642,OK,,True,2026-10-03T16:28:28.445422+07:00,204.17617083299956,0.03416445400034718,OK,,True,1438,0.17975,,2026-10-03T16:28:28.479602+07:00,204.21034834199963,0.03530825800044113,OK,,True,2675,0.33437500000000003,
ebb6bf010ea247bf82f6db8fb9ea3166,205,2026-10-03T16:28:29.257989+07:00,204.98872048500016,90.19785279700045,EXPOSURE,2352.1930603150004,1.0000603990001764,0.2603981880001811,0.0001530760000605369,DISABLED,on,user_reported,36.621551513671875,54.756324768066406,1006.91515625,104362.0078125,True,True,True,176,0,0,109,178,101,2026-10-03T16:28:29.258145+07:00,204.98889687300016,0.19285655099974974,OK,,True,2026-10-03T16:28:29.451021+07:00,205.18176709100044,0.03348069999992731,OK,,True,1451,0.181375,,2026-10-03T16:28:29.484507+07:00,205.21525579100035,0.03385141999933694,OK,,True,2657,0.332125,
ebb6bf010ea247bf82f6db8fb9ea3166,206,2026-10-03T16:28:30.257916+07:00,205.98865835200013,91.19779066400042,EXPOSURE,2353.1929981820003,0.9999378669999714,0.2533940289995371,9.094300003198441e-05,DISABLED,on,user_reported,36.62601852416992,54.75059127807617,1006.929296875,104553.8046875,True,True,True,176,0,0,109,178,101,2026-10-03T16:28:30.257996+07:00,205.98874910999984,0.18581372700009524,OK,,True,2026-10-03T16:28:30.443820+07:00,206.17457068899967,0.03313398099999176,OK,,True,1455,0.181875,,2026-10-03T16:28:30.476960+07:00,206.20771061399955,0.034328323000409,OK,,True,2656,0.332,
ebb6bf010ea247bf82f6db8fb9ea3166,207,2026-10-03T16:28:31.257913+07:00,206.9886555180001,92.19778783000038,EXPOSURE,2354.1929953480003,0.9999971659999574,0.2541976889997386,8.810899998934474e-05,DISABLED,on,user_reported,36.61453628540039,54.74888610839844,1006.88328125,104234.53125,True,True,True,176,0,0,109,178,101,2026-10-03T16:28:31.257991+07:00,206.98874435000016,0.18587767099961638,OK,,True,2026-10-03T16:28:31.443882+07:00,207.17463128100007,0.03493239099952916,OK,,True,1436,0.1795,,2026-10-03T16:28:31.478820+07:00,207.2095696160004,0.03327242499926797,OK,,True,2655,0.33187500000000003,
ebb6bf010ea247bf82f6db8fb9ea3166,208,2026-10-03T16:28:32.257930+07:00,207.98867083499954,93.19780314699983,EXPOSURE,2355.1930106649997,1.000015316999452,0.2542932270007441,0.00010342599944124231,DISABLED,on,user_reported,36.6247444152832,54.75041198730469,1006.927109375,104489.796875,True,True,True,176,0,0,109,178,101,2026-10-03T16:28:32.258018+07:00,207.98877161200016,0.18608642900017003,OK,,True,2026-10-03T16:28:32.444123+07:00,208.17487183699996,0.035046834999775456,OK,,True,1440,0.18,,2026-10-03T16:28:32.479178+07:00,208.2099268940001,0.03302259399970353,OK,,True,2655,0.33187500000000003,
ebb6bf010ea247bf82f6db8fb9ea3166,209,2026-10-03T16:28:33.257913+07:00,208.98865654499969,94.19778885699998,EXPOSURE,2356.192996375,0.9999857100001464,0.25470581600075093,8.913599958759733e-05,DISABLED,on,user_reported,36.6247444152832,54.763187408447266,1006.9203125,104810.6484375,True,True,True,176,0,0,109,178,101,2026-10-03T16:28:33.257995+07:00,208.9887478589999,0.1858275060003507,OK,,True,2026-10-03T16:28:33.443836+07:00,209.174585105,0.03469326499998715,OK,,True,1443,0.180375,,2026-10-03T16:28:33.478534+07:00,209.2092839070001,0.034066879999954836,OK,,True,2650,0.33125,
ebb6bf010ea247bf82f6db8fb9ea3166,210,2026-10-03T16:28:34.257909+07:00,209.98865218399987,95.19778449600017,EXPOSURE,2357.192992014,0.9999956390001898,0.26040369200018176,8.477499977743719e-05,DISABLED,on,user_reported,36.62282943725586,54.76290512084961,1006.937734375,104682.0703125,True,True,True,176,0,0,109,178,101,2026-10-03T16:28:34.257987+07:00,209.9887408679997,0.18584084000030998,OK,,True,2026-10-03T16:28:34.443842+07:00,210.17459107800005,0.037453554999956395,OK,,True,1431,0.178875,,2026-10-03T16:28:34.481312+07:00,210.21205720699982,0.036969298999792954,OK,,True,2660,0.3325,
ebb6bf010ea247bf82f6db8fb9ea3166,211,2026-10-03T16:28:35.257973+07:00,210.98870610300037,96.19783841500066,EXPOSURE,2358.1930459330006,1.000053919000493,0.26245382399974915,0.00013869400027033407,DISABLED,on,user_reported,36.61836242675781,54.74945831298828,1006.89625,104234.53125,True,True,True,176,0,0,109,178,101,2026-10-03T16:28:35.258134+07:00,210.9888860459996,0.19194265700025426,OK,,True,2026-10-03T16:28:35.450097+07:00,211.18084322100003,0.03498037299959833,OK,,True,1447,0.180875,,2026-10-03T16:28:35.485084+07:00,211.21583218700016,0.03530992499963759,OK,,True,2665,0.333125,
ebb6bf010ea247bf82f6db8fb9ea3166,212,2026-10-03T16:28:36.257962+07:00,211.98869441599982,97.19782672800011,EXPOSURE,2359.193034246,0.9999883129994487,0.26956820499981404,0.00012700699971901486,DISABLED,on,user_reported,36.61963653564453,54.743255615234375,1006.85046875,104489.796875,True,True,True,176,0,0,109,178,101,2026-10-03T16:28:36.258117+07:00,211.98886846999994,0.19172149200039712,OK,,True,2026-10-03T16:28:36.449858+07:00,212.18060466600036,0.036779319999368454,OK,,True,1433,0.179125,,2026-10-03T16:28:36.486651+07:00,212.21739615200022,0.040842765999514086,OK,,True,2666,0.33325,
ebb6bf010ea247bf82f6db8fb9ea3166,213,2026-10-03T16:28:37.257965+07:00,212.9887063240003,98.1978386360006,EXPOSURE,2360.1930461540005,1.000011908000488,0.2529213919997346,0.00013891500020690728,DISABLED,on,user_reported,36.61389923095703,54.73600769042969,1006.84109375,104362.0078125,True,True,True,176,0,0,109,178,101,2026-10-03T16:28:37.258053+07:00,212.9888063239996,0.18582180500015966,OK,,True,2026-10-03T16:28:37.443886+07:00,213.1746355360001,0.033415109000088705,OK,,True,1447,0.180875,,2026-10-03T16:28:37.477305+07:00,213.20805542299968,0.03356058900044445,OK,,True,2648,0.331,
ebb6bf010ea247bf82f6db8fb9ea3166,214,2026-10-03T16:28:38.257916+07:00,213.98865769999975,99.19779001200004,EXPOSURE,2361.19299753,0.9999513759994443,0.2529243550006868,9.029099965118803e-05,DISABLED,on,user_reported,36.613258361816406,54.761470794677734,1006.874375,104617.8984375,True,True,True,176,0,0,109,178,101,2026-10-03T16:28:38.257989+07:00,213.98874292100027,0.18580474999998842,OK,,True,2026-10-03T16:28:38.443804+07:00,214.17455424499985,0.033019299000443425,OK,,True,1444,0.1805,,2026-10-03T16:28:38.476827+07:00,214.20757798799968,0.03399106699998811,OK,,True,2648,0.331,
ebb6bf010ea247bf82f6db8fb9ea3166,215,2026-10-03T16:28:39.257917+07:00,214.98866068900043,100.19779300100072,EXPOSURE,2362.1930005190006,1.0000029890006772,0.2571571699991182,9.328000032837735e-05,DISABLED,on,user_reported,36.61453628540039,54.74250030517578,1007.020078125,104298.2265625,True,True,True,176,0,0,109,178,101,2026-10-03T16:28:39.257993+07:00,214.98874607699963,0.18581602900030703,OK,,True,2026-10-03T16:28:39.443819+07:00,215.1745691799997,0.03297824299988861,OK,,True,1446,0.18075,,2026-10-03T16:28:39.476798+07:00,215.20755040400036,0.03825062199939566,OK,,True,2652,0.3315,
ebb6bf010ea247bf82f6db8fb9ea3166,216,2026-10-03T16:28:40.257928+07:00,215.988670404,101.1978027160003,EXPOSURE,2363.193010234,1.0000097149995781,0.25151622100020177,0.00010299499990651384,DISABLED,on,user_reported,36.617088317871094,54.749267578125,1006.98328125,103538.9296875,True,True,True,176,0,0,109,178,101,2026-10-03T16:28:40.258004+07:00,215.9887574029999,0.1858184920001804,OK,,True,2026-10-03T16:28:40.443834+07:00,216.17458378399988,0.032979984000121476,OK,,True,1448,0.181,,2026-10-03T16:28:40.476814+07:00,216.20756661999985,0.032609153000521474,OK,,True,2655,0.33187500000000003,
ebb6bf010ea247bf82f6db8fb9ea3166,217,2026-10-03T16:28:41.257916+07:00,216.98865939999996,102.19779171200025,EXPOSURE,2364.19299923,0.9999889959999564,0.25257828699977836,9.199099986290094e-05,DISABLED,on,user_reported,36.61963653564453,54.74964904785156,1006.918984375,104107.359375,True,True,True,176,0,0,109,178,101,2026-10-03T16:28:41.257989+07:00,216.9887423809996,0.18581253000047582,OK,,True,2026-10-03T16:28:41.443812+07:00,217.17456215099992,0.03298931700010144,OK,,True,1438,0.17975,,2026-10-03T16:28:41.476801+07:00,217.20755463499972,0.033669274000203586,OK,,True,2660,0.3325,
ebb6bf010ea247bf82f6db8fb9ea3166,218,2026-10-03T16:28:42.257926+07:00,217.98866736200034,103.19779967400063,EXPOSURE,2365.1930071920006,1.0000079620003817,0.2533078739998018,9.99530002445681e-05,DISABLED,on,user_reported,36.624107360839844,54.75031280517578,1006.93296875,104362.0078125,True,True,True,176,0,0,109,178,101,2026-10-03T16:28:42.258011+07:00,217.98876434300018,0.18580604899943864,OK,,True,2026-10-03T16:28:42.443827+07:00,218.1745776329999,0.032983113000227604,OK,,True,1444,0.1805,,2026-10-03T16:28:42.476811+07:00,218.20756415399956,0.034399675000713614,OK,,True,2659,0.33237500000000003,
ebb6bf010ea247bf82f6db8fb9ea3166,219,2026-10-03T16:28:43.257924+07:00,218.9886659949998,104.19779830700008,EXPOSURE,2366.193005825,0.9999986329994499,0.2517553699999553,9.858599969447823e-05,DISABLED,on,user_reported,36.62538146972656,54.76968002319336,1006.893984375,104746.3203125,True,True,True,176,0,0,109,178,101,2026-10-03T16:28:43.258007+07:00,218.98876034600016,0.1858195489994614,OK,,True,2026-10-03T16:28:43.443837+07:00,219.17458761800026,0.03297348399973998,OK,,True,1444,0.1805,,2026-10-03T16:28:43.476811+07:00,219.20756417600023,0.03284841099957703,OK,,True,2651,0.33137500000000003,
ebb6bf010ea247bf82f6db8fb9ea3166,220,2026-10-03T16:28:44.257914+07:00,219.9886579089998,105.1977902210001,EXPOSURE,2367.192997739,0.9999919140000202,0.25169150100009574,9.049999971466605e-05,DISABLED,on,user_reported,36.62538146972656,54.75050735473633,1006.928125,104746.3203125,True,True,True,176,0,0,109,178,101,2026-10-03T16:28:44.257985+07:00,219.98873894499957,0.18580268000005162,OK,,True,2026-10-03T16:28:44.443798+07:00,220.1745490510002,0.032963392000056047,OK,,True,1451,0.181375,,2026-10-03T16:28:44.476763+07:00,220.20751573899997,0.03282511500037799,OK,,True,2658,0.33225,
ebb6bf010ea247bf82f6db8fb9ea3166,221,2026-10-03T16:28:45.257917+07:00,220.98865988099988,106.19779219300017,EXPOSURE,2368.192999711,1.0000019720000637,0.25189770399992994,9.247199977835407e-05,DISABLED,on,user_reported,36.62601852416992,54.756980895996094,1006.895078125,104298.2265625,True,True,True,176,0,0,109,178,101,2026-10-03T16:28:45.257991+07:00,220.98874473199976,0.18581423600062408,OK,,True,2026-10-03T16:28:45.443817+07:00,221.1745670979999,0.0331548340000154,OK,,True,1439,0.179875,,2026-10-03T16:28:45.476973+07:00,221.20772545100044,0.0328234299995529,OK,,True,2660,0.3325,
ebb6bf010ea247bf82f6db8fb9ea3166,222,2026-10-03T16:28:46.257905+07:00,221.98864972699994,107.19778203900023,EXPOSURE,2369.192989557,0.9999898460000622,0.25169891099994857,8.231799984059762e-05,DISABLED,on,user_reported,36.62601852416992,54.744197845458984,1006.90875,104489.796875,True,True,True,176,0,0,109,178,101,2026-10-03T16:28:46.257978+07:00,221.98873133800043,0.18580516199926933,OK,,True,2026-10-03T16:28:46.443794+07:00,222.17454416700002,0.0329557630002455,OK,,True,1437,0.179625,,2026-10-03T16:28:46.476751+07:00,222.20750337400023,0.032837226999618,OK,,True,2661,0.332625,
ebb6bf010ea247bf82f6db8fb9ea3166,223,2026-10-03T16:28:47.257916+07:00,222.98865883599956,108.19779114799985,EXPOSURE,2370.1929986659998,1.0000091089996204,0.2517620030002945,9.1426999460964e-05,DISABLED,on,user_reported,36.620914459228516,54.74345397949219,1006.927734375,104617.8984375,True,True,True,176,0,0,109,178,101,2026-10-03T16:28:47.257995+07:00,222.98874818700006,0.18581236699992587,OK,,True,2026-10-03T16:28:47.443817+07:00,223.17456829500043,0.03299955799957388,OK,,True,1444,0.1805,,2026-10-03T16:28:47.476818+07:00,223.20757109399983,0.03284039299978758,OK,,True,2654,0.33175,
ebb6bf010ea247bf82f6db8fb9ea3166,224,2026-10-03T16:28:48.257953+07:00,223.9886937629999,109.1978260750002,EXPOSURE,2371.193033593,1.0000349270003426,0.25172024499988765,0.00012635399980354123,DISABLED,on,user_reported,36.62346649169922,54.743831634521484,1006.89765625,104425.859375,True,True,True,176,0,0,109,178,101,2026-10-03T16:28:48.258042+07:00,223.98879570699955,0.18581494099998963,OK,,True,2026-10-03T16:28:48.443867+07:00,224.17461777799963,0.03294531800020195,OK,,True,1444,0.1805,,2026-10-03T16:28:48.476814+07:00,224.20756667000023,0.03283794900016801,OK,,True,2657,0.332125,
ebb6bf010ea247bf82f6db8fb9ea3166,225,2026-10-03T16:28:49.257951+07:00,224.98869208199994,110.19782439400024,EXPOSURE,2372.193031912,0.9999983190000421,0.2517124679998233,0.00012467299984564306,DISABLED,on,user_reported,36.622188568115234,54.76280975341797,1006.929921875,104617.8984375,True,True,True,176,0,0,109,178,101,2026-10-03T16:28:49.258039+07:00,224.9887916179996,0.18582699800026603,OK,,True,2026-10-03T16:28:49.443877+07:00,225.17462606000026,0.03293642999960866,OK,,True,1438,0.17975,,2026-10-03T16:28:49.476812+07:00,225.20756548999998,0.032829320000018924,OK,,True,2659,0.33237500000000003,
ebb6bf010ea247bf82f6db8fb9ea3166,226,2026-10-03T16:28:50.257916+07:00,225.98865923799985,111.19779155000015,EXPOSURE,2373.192999068,0.9999671559999115,0.25174444999993284,9.182899975712644e-05,DISABLED,on,user_reported,36.62538146972656,54.74411392211914,1006.887109375,104107.359375,True,True,True,176,0,0,109,178,101,2026-10-03T16:28:50.257990+07:00,225.98874316399997,0.18581849800011696,OK,,True,2026-10-03T16:28:50.443818+07:00,226.1745686989998,0.03298711400020693,OK,,True,1441,0.180125,,2026-10-03T16:28:50.476806+07:00,226.2075590909999,0.03283541200016771,OK,,True,2660,0.3325,
ebb6bf010ea247bf82f6db8fb9ea3166,227,2026-10-03T16:28:51.257914+07:00,226.9886585459999,112.19779085800019,EXPOSURE,2374.192998376,0.9999993080000422,0.2517049509997378,9.113699979934609e-05,DISABLED,on,user_reported,36.63112258911133,54.770530700683594,1006.910078125,104425.859375,True,True,True,176,0,0,109,178,101,2026-10-03T16:28:51.257986+07:00,226.9887398230003,0.18581673999960913,OK,,True,2026-10-03T16:28:51.443813+07:00,227.17456293299983,0.03297304100033216,OK,,True,1443,0.180375,,2026-10-03T16:28:51.476786+07:00,227.20753921399955,0.03281589400012308,OK,,True,2654,0.33175,
ebb6bf010ea247bf82f6db8fb9ea3166,228,2026-10-03T16:28:52.257955+07:00,227.98868637499982,113.19781868700011,EXPOSURE,2375.193026205,1.0000278289999187,0.26312255399989226,0.00011896599971805699,DISABLED,on,user_reported,36.61899948120117,54.75593948364258,1006.876796875,103727.7109375,True,True,True,176,0,0,109,178,101,2026-10-03T16:28:52.258116+07:00,227.98886794699956,0.19174200300039956,OK,,True,2026-10-03T16:28:52.449877+07:00,228.18062374599958,0.0359326260004309,OK,,True,1471,0.183875,,2026-10-03T16:28:52.485816+07:00,228.21656551999968,0.03522389099998691,OK,,True,2666,0.33325,
ebb6bf010ea247bf82f6db8fb9ea3166,229,2026-10-03T16:28:53.257929+07:00,228.98867194800005,114.19780426000034,EXPOSURE,2376.1930117780003,0.9999855730002309,0.25174208199950954,0.00010453899994899984,DISABLED,on,user_reported,36.620277404785156,54.75613021850586,1006.878828125,103980.5,True,True,True,176,0,0,109,178,101,2026-10-03T16:28:53.258013+07:00,228.98876679899968,0.18583555600071122,OK,,True,2026-10-03T16:28:53.443863+07:00,229.17461179899965,0.03295094900022377,OK,,True,1445,0.180625,,2026-10-03T16:28:53.476814+07:00,229.20756613699996,0.03283831899989309,OK,,True,2657,0.332125,
ebb6bf010ea247bf82f6db8fb9ea3166,230,2026-10-03T16:28:54.257912+07:00,229.9886553770002,115.1977876890005,EXPOSURE,2377.1929952070004,0.9999834290001672,0.25167773100019986,8.796800011623418e-05,DISABLED,on,user_reported,36.62665557861328,54.77626037597656,1006.9371875,102976.671875,True,True,True,176,0,0,109,178,101,2026-10-03T16:28:54.257980+07:00,229.98873344999993,0.1858092789998409,OK,,True,2026-10-03T16:28:54.443798+07:00,230.17454900600023,0.03295361599975877,OK,,True,1446,0.18075,,2026-10-03T16:28:54.476753+07:00,230.20750539900018,0.032819338999615866,OK,,True,2656,0.332,
ebb6bf010ea247bf82f6db8fb9ea3166,231,2026-10-03T16:28:55.257967+07:00,230.9887073079999,116.1978396200002,EXPOSURE,2378.193047138,1.000051930999689,0.25170102900028724,0.00013989899980515474,DISABLED,on,user_reported,36.61836242675781,54.76863479614258,1006.94421875,103101.0859375,True,True,True,176,0,0,109,178,101,2026-10-03T16:28:55.258055+07:00,230.98880817699956,0.1858256870000332,OK,,True,2026-10-03T16:28:55.443890+07:00,231.17464012300024,0.03292306000003009,OK,,True,1443,0.180375,,2026-10-03T16:28:55.476814+07:00,231.20756631299992,0.03283306100001937,OK,,True,2657,0.332125,
ebb6bf010ea247bf82f6db8fb9ea3166,232,2026-10-03T16:28:56.257911+07:00,231.98865427999954,117.19778659199983,EXPOSURE,2379.1929941099997,0.9999469719996341,0.25174951100052567,8.687099943927024e-05,DISABLED,on,user_reported,36.61581039428711,54.77463912963867,1006.919453125,103101.0859375,True,True,True,176,0,0,109,178,101,2026-10-03T16:28:56.257983+07:00,231.98873624299995,0.18581037199965067,OK,,True,2026-10-03T16:28:56.443804+07:00,232.17455483699996,0.032998634000250604,OK,,True,1439,0.179875,,2026-10-03T16:28:56.476804+07:00,232.2075569890003,0.03283846900012577,OK,,True,2656,0.332,
ebb6bf010ea247bf82f6db8fb9ea3166,233,2026-10-03T16:28:57.257916+07:00,232.98865799600026,118.19779030800055,EXPOSURE,2380.1929978260005,1.0000037160007196,0.25177812299989455,9.058700015884824e-05,DISABLED,on,user_reported,36.622188568115234,54.75642013549805,1006.923046875,103163.40625,True,True,True,176,0,0,109,178,101,2026-10-03T16:28:57.257995+07:00,232.98874860700016,0.18581785399965156,OK,,True,2026-10-03T16:28:57.443825+07:00,233.17457448000005,0.03301015200031543,OK,,True,1447,0.180875,,2026-10-03T16:28:57.476836+07:00,233.20758794700032,0.03284011599953374,OK,,True,2663,0.33287500000000003,
ebb6bf010ea247bf82f6db8fb9ea3166,234,2026-10-03T16:28:58.257908+07:00,233.98865182699956,119.19778413899985,EXPOSURE,2381.1929916569998,0.9999938309993013,0.25194938100048603,8.441799946012907e-05,DISABLED,on,user_reported,36.62665557861328,54.769866943359375,1006.89609375,103288.28125,True,True,True,176,0,0,109,178,101,2026-10-03T16:28:58.257982+07:00,233.98873588199967,0.18580094800017832,OK,,True,2026-10-03T16:28:58.443794+07:00,234.17454431100032,0.0332032429996616,OK,,True,1446,0.18075,,2026-10-03T16:28:58.477001+07:00,234.20775196199975,0.03284082000027411,OK,,True,2659,0.33237500000000003,
ebb6bf010ea247bf82f6db8fb9ea3166,235,2026-10-03T16:28:59.257944+07:00,234.98868234600013,0.19781465800042497,WAIT_RECOVERY,2382.1930221760003,1.0000305190005747,0.25191297399942414,0.00011493700003484264,DISABLED,on,user_reported,36.624107360839844,54.76948547363281,1006.912421875,103101.0859375,True,True,True,176,0,0,109,178,101,2026-10-03T16:28:59.258031+07:00,234.98878427100044,0.18585529899974063,OK,,True,2026-10-03T16:28:59.443898+07:00,235.17464760700022,0.03307907799990062,OK,,True,1441,0.180125,,2026-10-03T16:28:59.476979+07:00,235.20773072199972,0.03285533899997972,OK,,True,2662,0.33275,
ebb6bf010ea247bf82f6db8fb9ea3166,236,2026-10-03T16:29:00.257907+07:00,235.9886504420001,1.1977827540004,WAIT_RECOVERY,2383.1929902720003,0.999968095999975,0.2517876989995784,8.303300000989111e-05,DISABLED,on,user_reported,36.61581039428711,54.77463912963867,1006.95359375,102914.5703125,True,True,True,176,0,0,109,178,101,2026-10-03T16:29:00.257980+07:00,235.98873334899963,0.1858088190001581,OK,,True,2026-10-03T16:29:00.443800+07:00,236.17455061199962,0.03303217100074107,OK,,True,1442,0.18025,,2026-10-03T16:29:00.476835+07:00,236.2075866539999,0.03284315299970331,OK,,True,2657,0.332125,
ebb6bf010ea247bf82f6db8fb9ea3166,237,2026-10-03T16:29:01.257929+07:00,236.9886708189997,2.1978031310000006,WAIT_RECOVERY,2384.193010649,1.0000203769996006,0.25177784800052905,0.00010340999961044872,DISABLED,on,user_reported,36.62282943725586,54.76929473876953,1006.883046875,104107.359375,True,True,True,176,0,0,109,178,101,2026-10-03T16:29:01.258013+07:00,236.9887662629999,0.18582530100047734,OK,,True,2026-10-03T16:29:01.443850+07:00,237.17459980500007,0.032993337999869254,OK,,True,1447,0.180875,,2026-10-03T16:29:01.476846+07:00,237.2075972169996,0.032842098000401165,OK,,True,2659,0.33237500000000003,
ebb6bf010ea247bf82f6db8fb9ea3166,238,2026-10-03T16:29:02.257918+07:00,237.98866179200013,3.1977941040004225,WAIT_RECOVERY,2385.1930016220003,0.999990973000422,0.25184762600019894,9.438300003239419e-05,DISABLED,on,user_reported,36.624107360839844,54.76948547363281,1006.912421875,103727.7109375,True,True,True,176,0,0,109,178,101,2026-10-03T16:29:02.257990+07:00,237.9887436250001,0.1858082460003061,OK,,True,2026-10-03T16:29:02.443810+07:00,238.17455951899956,0.03305663400078629,OK,,True,1445,0.180625,,2026-10-03T16:29:02.476869+07:00,238.20762072700018,0.03287924699998257,OK,,True,2658,0.33225,
ebb6bf010ea247bf82f6db8fb9ea3166,239,2026-10-03T16:29:03.257954+07:00,238.9886896019998,4.197821914000087,WAIT_RECOVERY,2386.193029432,1.000027809999665,0.26237062600011996,0.00012219299969729036,DISABLED,on,user_reported,36.6247444152832,54.75680160522461,1006.933984375,103980.5,True,True,True,176,0,0,109,178,101,2026-10-03T16:29:03.258100+07:00,238.98885171100028,0.19176234299993666,OK,,True,2026-10-03T16:29:03.449884+07:00,239.18062988699967,0.035502835000443156,OK,,True,1467,0.183375,,2026-10-03T16:29:03.485394+07:00,239.21614266599954,0.03489954300039244,OK,,True,2674,0.33425,
ebb6bf010ea247bf82f6db8fb9ea3166,240,2026-10-03T16:29:04.257944+07:00,239.9886857849997,5.197818096999981,WAIT_RECOVERY,2387.193025615,0.9999961829998938,0.2521313650004231,0.00011837599959108047,DISABLED,on,user_reported,36.63048553466797,54.77682113647461,1006.87484375,104107.359375,True,True,True,176,0,0,109,178,101,2026-10-03T16:29:04.258031+07:00,239.98878393199993,0.185831228999632,OK,,True,2026-10-03T16:29:04.443874+07:00,240.17462342,0.03331870599959075,OK,,True,1448,0.181,,2026-10-03T16:29:04.477196+07:00,240.20794660699994,0.03286026600017067,OK,,True,2653,0.331625,
ebb6bf010ea247bf82f6db8fb9ea3166,241,2026-10-03T16:29:05.257913+07:00,240.98865580500023,6.197788117000528,WAIT_RECOVERY,2388.1929956350004,0.9999700200005464,0.25205338599971583,8.83960001374362e-05,DISABLED,on,user_reported,36.627933502197266,54.75727462768555,1006.891171875,104107.359375,True,True,True,176,0,0,109,178,101,2026-10-03T16:29:05.257994+07:00,240.9887478970004,0.18611007899926335,OK,,True,2026-10-03T16:29:05.444116+07:00,241.1748655680003,0.033001541999510664,OK,,True,1456,0.182,,2026-10-03T16:29:05.477119+07:00,241.20787099900008,0.032829339999807416,OK,,True,2659,0.33237500000000003,
ebb6bf010ea247bf82f6db8fb9ea3166,242,2026-10-03T16:29:06.257915+07:00,241.98865819799994,7.197790510000232,WAIT_RECOVERY,2389.192998028,1.0000023929997042,0.25179444500008685,9.078899984160671e-05,DISABLED,on,user_reported,36.621551513671875,54.76271438598633,1006.874140625,104553.8046875,True,True,True,176,0,0,109,178,101,2026-10-03T16:29:06.257996+07:00,241.9887497159998,0.18580600800032698,OK,,True,2026-10-03T16:29:06.443813+07:00,242.17456344600032,0.0330426719992829,OK,,True,1445,0.180625,,2026-10-03T16:29:06.476860+07:00,242.20761126599973,0.0328328949999559,OK,,True,2658,0.33225,
ebb6bf010ea247bf82f6db8fb9ea3166,243,2026-10-03T16:29:07.257924+07:00,242.98866600200017,8.197798314000465,WAIT_RECOVERY,2390.1930058320004,1.0000078040002336,0.2518147040000258,9.859300007519778e-05,DISABLED,on,user_reported,36.617088317871094,54.76205062866211,1006.86015625,104234.53125,True,True,True,176,0,0,109,178,101,2026-10-03T16:29:07.258004+07:00,242.98875768699963,0.18581395300043368,OK,,True,2026-10-03T16:29:07.443830+07:00,243.17457964000005,0.03302872699987347,OK,,True,1442,0.18025,,2026-10-03T16:29:07.476861+07:00,243.20761236700037,0.03285963599955721,OK,,True,2659,0.33237500000000003,
ebb6bf010ea247bf82f6db8fb9ea3166,244,2026-10-03T16:29:08.257917+07:00,243.98865982799998,9.197792140000274,WAIT_RECOVERY,2391.192999658,0.9999938259998089,0.2519327780000822,9.241899988410296e-05,DISABLED,on,user_reported,36.61836242675781,54.75585174560547,1006.814140625,104425.859375,True,True,True,176,0,0,109,178,101,2026-10-03T16:29:08.257995+07:00,243.98874847499974,0.18580886200015811,OK,,True,2026-10-03T16:29:08.443815+07:00,244.17456470700017,0.033165226000164694,OK,,True,1452,0.1815,,2026-10-03T16:29:08.476984+07:00,244.2077346369997,0.03284902500035969,OK,,True,2655,0.33187500000000003,
ebb6bf010ea247bf82f6db8fb9ea3166,245,2026-10-03T16:29:09.257912+07:00,244.98865487900002,10.197787191000316,WAIT_RECOVERY,2392.1929947090002,0.9999950510000417,0.25182729799962544,8.74699999258155e-05,DISABLED,on,user_reported,36.61517333984375,54.748985290527344,1006.877421875,104234.53125,True,True,True,176,0,0,109,178,101,2026-10-03T16:29:09.257991+07:00,244.9887440450002,0.18581104699933348,OK,,True,2026-10-03T16:29:09.443813+07:00,245.17456312899958,0.033041209000657545,OK,,True,1449,0.181125,,2026-10-03T16:29:09.476857+07:00,245.20760850399984,0.032864691999748175,OK,,True,2656,0.332,
ebb6bf010ea247bf82f6db8fb9ea3166,246,2026-10-03T16:29:10.257924+07:00,245.98866561900013,11.197797931000423,WAIT_RECOVERY,2393.1930054490003,1.000010740000107,0.2520167410002614,9.821000003285008e-05,DISABLED,on,user_reported,36.61581039428711,54.74907302856445,1006.946796875,104107.359375,True,True,True,176,0,0,109,178,101,2026-10-03T16:29:10.258006+07:00,245.9887591730003,0.1858257699996102,OK,,True,2026-10-03T16:29:10.443844+07:00,246.1745931280002,0.03320657799940818,OK,,True,1455,0.181875,,2026-10-03T16:29:10.477053+07:00,246.20780407599977,0.032868246999896655,OK,,True,2656,0.332,
ebb6bf010ea247bf82f6db8fb9ea3166,247,2026-10-03T16:29:11.257913+07:00,246.9886554730001,12.1977877850004,WAIT_RECOVERY,2394.1929953030003,0.9999898539999776,0.2518444659999659,8.806400001049042e-05,DISABLED,on,user_reported,36.617088317871094,54.75566101074219,1006.9559375,103601.78125,True,True,True,176,0,0,109,178,101,2026-10-03T16:29:11.257996+07:00,246.98874923099993,0.1858230480002021,OK,,True,2026-10-03T16:29:11.443831+07:00,247.17458025999986,0.03303970900014974,OK,,True,1441,0.180125,,2026-10-03T16:29:11.476873+07:00,247.2076244509999,0.03286624700012908,OK,,True,2656,0.332,
ebb6bf010ea247bf82f6db8fb9ea3166,248,2026-10-03T16:29:12.257910+07:00,247.98865216299964,13.197784474999935,WAIT_RECOVERY,2395.192991993,0.9999966899995343,0.25187480000022333,8.475399954477325e-05,DISABLED,on,user_reported,36.620914459228516,54.75623321533203,1006.955078125,104234.53125,True,True,True,176,0,0,109,178,101,2026-10-03T16:29:12.257993+07:00,247.98874621800041,0.1858088629996928,OK,,True,2026-10-03T16:29:12.443813+07:00,248.17456248899998,0.03308354100045108,OK,,True,1449,0.181125,,2026-10-03T16:29:12.476899+07:00,248.20765025299988,0.032867005999833054,OK,,True,2660,0.3325,
ebb6bf010ea247bf82f6db8fb9ea3166,249,2026-10-03T16:29:13.257908+07:00,248.98865100500007,14.197783317000358,WAIT_RECOVERY,2396.1929908350003,0.9999988420004229,0.2518740039995464,8.35959999676561e-05,DISABLED,on,user_reported,36.61963653564453,54.76243209838867,1006.953046875,104682.0703125,True,True,True,176,0,0,109,178,101,2026-10-03T16:29:13.257993+07:00,248.98874620700008,0.18580203100009385,OK,,True,2026-10-03T16:29:13.443805+07:00,249.17455557199992,0.03308200500032399,OK,,True,1442,0.18025,,2026-10-03T16:29:13.476891+07:00,249.20764213199982,0.03287298800023564,OK,,True,2660,0.3325,
ebb6bf010ea247bf82f6db8fb9ea3166,250,2026-10-03T16:29:14.257944+07:00,249.98868468199998,15.197816994000277,WAIT_RECOVERY,2397.193024512,1.0000336769999194,0.2517848770003184,0.00011727299988706363,DISABLED,on,user_reported,36.62346649169922,54.763004302978516,1006.931953125,104746.3203125,True,True,True,176,0,0,109,178,101,2026-10-03T16:29:14.258037+07:00,249.98879032999957,0.18582054900070943,OK,,True,2026-10-03T16:29:14.443867+07:00,250.17461686099978,0.0329658760001621,OK,,True,1443,0.180375,,2026-10-03T16:29:14.476836+07:00,250.20758699700036,0.03287337699930504,OK,,True,2661,0.332625,
ebb6bf010ea247bf82f6db8fb9ea3166,251,2026-10-03T16:29:15.257913+07:00,250.9886547899996,16.197787101999893,WAIT_RECOVERY,2398.19299462,0.9999701079996157,0.2518492100007279,8.738099950278411e-05,DISABLED,on,user_reported,36.6247444152832,54.775970458984375,1006.94765625,104489.796875,True,True,True,176,0,0,109,178,101,2026-10-03T16:29:15.257997+07:00,250.9887504369999,0.18581784700018034,OK,,True,2026-10-03T16:29:15.443827+07:00,251.17457645099967,0.03302948700002162,OK,,True,1455,0.181875,,2026-10-03T16:29:15.476859+07:00,251.20760988199982,0.03288469200015243,OK,,True,2659,0.33237500000000003,
ebb6bf010ea247bf82f6db8fb9ea3166,252,2026-10-03T16:29:16.257908+07:00,251.98864997500004,17.197782287000337,WAIT_RECOVERY,2399.1929898050003,0.9999951850004436,0.25178650700036087,8.256599994638236e-05,DISABLED,on,user_reported,36.629207611083984,54.783023834228516,1006.920703125,104362.0078125,True,True,True,176,0,0,109,178,101,2026-10-03T16:29:16.257988+07:00,251.9887414550003,0.18580075499994564,OK,,True,2026-10-03T16:29:16.443798+07:00,252.17454808000002,0.03299887699995452,OK,,True,1449,0.181125,,2026-10-03T16:29:16.476800+07:00,252.20755112299958,0.032876082000257156,OK,,True,2657,0.332125,
ebb6bf010ea247bf82f6db8fb9ea3166,253,2026-10-03T16:29:17.257938+07:00,252.9886775320001,0.32810844800042105,RECOVERY,2400.1930173620003,1.0000275570000667,0.2519828779995805,0.00011012300001311814,DISABLED,on,user_reported,36.63048553466797,54.7832145690918,1006.943359375,104362.0078125,True,True,True,176,0,0,109,178,101,2026-10-03T16:29:17.258024+07:00,252.98877755000012,0.18582373699973687,OK,,True,2026-10-03T16:29:17.443860+07:00,253.17460984199988,0.03316654199988989,OK,,True,1440,0.18,,2026-10-03T16:29:17.477030+07:00,253.20778117999998,0.03286898900023516,OK,,True,2657,0.332125,
ebb6bf010ea247bf82f6db8fb9ea3166,254,2026-10-03T16:29:18.257911+07:00,253.9886535200003,1.3280844360006085,RECOVERY,2401.1929933500005,0.9999759880001875,0.25179700899934687,8.611100020061713e-05,DISABLED,on,user_reported,36.63367462158203,54.796470642089844,1006.948515625,104617.8984375,True,True,True,176,0,0,109,178,101,2026-10-03T16:29:18.257992+07:00,253.98874568599967,0.1858042560006652,OK,,True,2026-10-03T16:29:18.443806+07:00,254.17455573799998,0.03301696899961826,OK,,True,1442,0.18025,,2026-10-03T16:29:18.476825+07:00,254.20757707699977,0.03286389700042491,OK,,True,2658,0.33225,
ebb6bf010ea247bf82f6db8fb9ea3166,255,2026-10-03T16:29:19.257948+07:00,254.9886833239998,2.3281142400001045,RECOVERY,2402.193023154,1.000029803999496,0.26255384199976106,0.00011591499969654251,DISABLED,on,user_reported,36.63112258911133,54.80888366699219,1006.89640625,104107.359375,True,True,True,176,0,0,109,178,101,2026-10-03T16:29:19.258090+07:00,254.98884232300043,0.19151696599965362,OK,,True,2026-10-03T16:29:19.449651+07:00,255.18039786200006,0.03540417099975457,OK,,True,1449,0.181125,,2026-10-03T16:29:19.485063+07:00,255.2158122359997,0.035404486000516044,OK,,True,2665,0.333125,
ebb6bf010ea247bf82f6db8fb9ea3166,256,2026-10-03T16:29:20.257932+07:00,255.98867357699964,3.3281044929999553,RECOVERY,2403.193013407,0.9999902529998508,0.251817289000428,0.00010616799954732414,DISABLED,on,user_reported,36.63240051269531,54.83463668823242,1006.857421875,104489.796875,True,True,True,176,0,0,109,178,101,2026-10-03T16:29:20.258015+07:00,255.98876870599997,0.1858109790000526,OK,,True,2026-10-03T16:29:20.443837+07:00,256.17458648199954,0.03301578400078142,OK,,True,1454,0.18175,,2026-10-03T16:29:20.476854+07:00,256.2076058949997,0.03287408200048958,OK,,True,2658,0.33225,
ebb6bf010ea247bf82f6db8fb9ea3166,257,2026-10-03T16:29:21.257910+07:00,256.9886524630001,4.328083379000418,RECOVERY,2404.1929922930003,0.9999788860004628,0.2518419560001348,8.505400001013186e-05,DISABLED,on,user_reported,36.62665557861328,54.840179443359375,1006.868828125,104617.8984375,True,True,True,176,0,0,109,178,101,2026-10-03T16:29:21.257992+07:00,256.98874564699963,0.1858079240000734,OK,,True,2026-10-03T16:29:21.443809+07:00,257.1745596459996,0.033041784000488406,OK,,True,1438,0.17975,,2026-10-03T16:29:21.476855+07:00,257.2076057260001,0.032879432999834535,OK,,True,2658,0.33225,
ebb6bf010ea247bf82f6db8fb9ea3166,258,2026-10-03T16:29:22.257953+07:00,257.98869379499956,5.328124710999873,RECOVERY,2405.1930336249998,1.000041331999455,0.25210162100029265,0.0001263859994651284,DISABLED,on,user_reported,36.6247444152832,54.85268020629883,1006.906640625,104489.796875,True,True,True,176,0,0,109,178,101,2026-10-03T16:29:22.258052+07:00,257.9888056460004,0.18582805499954702,OK,,True,2026-10-03T16:29:22.443893+07:00,258.1746422189999,0.0332378940001945,OK,,True,1443,0.180375,,2026-10-03T16:29:22.477134+07:00,258.2078847980001,0.03290080399983708,OK,,True,2652,0.3315,
ebb6bf010ea247bf82f6db8fb9ea3166,259,2026-10-03T16:29:23.257913+07:00,258.98865589100023,6.328086807000545,RECOVERY,2406.1929957210004,0.9999620960006723,0.2518698459998632,8.848200013744645e-05,DISABLED,on,user_reported,36.62538146972656,54.852779388427734,1006.900859375,104875.0546875,True,True,True,176,0,0,109,178,101,2026-10-03T16:29:23.258018+07:00,258.98877114900006,0.1858164069999475,OK,,True,2026-10-03T16:29:23.443845+07:00,259.1745951490002,0.03302950599936594,OK,,True,1442,0.18025,,2026-10-03T16:29:23.476878+07:00,259.2076289509996,0.03288673000042763,OK,,True,2653,0.331625,
ebb6bf010ea247bf82f6db8fb9ea3166,260,2026-10-03T16:29:24.257910+07:00,259.988652989,7.328083905000312,RECOVERY,2407.192992819,0.999997097999767,0.25182934700023907,8.557999990443932e-05,DISABLED,on,user_reported,36.61963653564453,54.85831069946289,1006.891484375,104875.0546875,True,True,True,176,0,0,109,178,101,2026-10-03T16:29:24.257989+07:00,259.98874265500035,0.18581022299986216,OK,,True,2026-10-03T16:29:24.443811+07:00,260.1745613590001,0.03304130299966346,OK,,True,1453,0.181625,,2026-10-03T16:29:24.476856+07:00,260.20760710600007,0.032866304999515705,OK,,True,2656,0.332,
ebb6bf010ea247bf82f6db8fb9ea3166,261,2026-10-03T16:29:25.257974+07:00,260.9887066829997,8.328137599000002,RECOVERY,2408.193046513,1.0000536939996891,0.26280477000000246,0.0001392739995935699,DISABLED,on,user_reported,36.63175964355469,54.879310607910156,1006.883671875,104810.6484375,True,True,True,176,0,0,109,178,101,2026-10-03T16:29:25.258135+07:00,260.98888710699975,0.19175031900067552,OK,,True,2026-10-03T16:29:25.449906+07:00,261.18065307399957,0.0355003000004217,OK,,True,1445,0.180625,,2026-10-03T16:29:25.485415+07:00,261.21616333699967,0.035327950000464625,OK,,True,2671,0.33387500000000003,
ebb6bf010ea247bf82f6db8fb9ea3166,262,2026-10-03T16:29:26.257973+07:00,261.9887073990003,9.328138315000615,RECOVERY,2409.1930472290005,1.0000007160006135,0.262681197999882,0.00013999000020703534,DISABLED,on,user_reported,36.629207611083984,54.8597412109375,1006.975390625,104617.8984375,True,True,True,176,0,0,109,178,101,2026-10-03T16:29:26.258114+07:00,261.98886632300037,0.19154176599931816,OK,,True,2026-10-03T16:29:26.449677+07:00,262.1804249409997,0.035679743000400777,OK,,True,1438,0.17975,,2026-10-03T16:29:26.485368+07:00,262.21611492400007,0.03525332099980005,OK,,True,2665,0.333125,
ebb6bf010ea247bf82f6db8fb9ea3166,263,2026-10-03T16:29:27.258270+07:00,262.9890073739998,10.328438290000122,RECOVERY,2410.193347204,1.000299974999507,0.2521445140000651,0.00043996499971399317,DISABLED,on,user_reported,36.629844665527344,54.86623001098633,1006.935390625,104746.3203125,True,True,True,176,0,0,109,178,101,2026-10-03T16:29:27.258382+07:00,262.98913535500014,0.18589148199953343,OK,,True,2026-10-03T16:29:27.444287+07:00,263.17503620800017,0.03290498899968952,OK,,True,1436,0.1795,,2026-10-03T16:29:27.477199+07:00,263.20794786399983,0.03319241300050635,OK,,True,2663,0.33287500000000003,
ebb6bf010ea247bf82f6db8fb9ea3166,264,2026-10-03T16:29:28.257913+07:00,263.9886555809999,11.328086497000186,RECOVERY,2411.192995411,0.9996482070000638,0.2520531629998004,8.817199977784185e-05,DISABLED,on,user_reported,36.63112258911133,54.8728141784668,1006.944296875,104810.6484375,True,True,True,176,0,0,109,178,101,2026-10-03T16:29:28.257998+07:00,263.98875117199987,0.18581305800034897,OK,,True,2026-10-03T16:29:28.443822+07:00,264.17457219300013,0.033195764999618405,OK,,True,1446,0.18075,,2026-10-03T16:29:28.477022+07:00,264.20777267999983,0.03292597099971317,OK,,True,2661,0.332625,
ebb6bf010ea247bf82f6db8fb9ea3166,265,2026-10-03T16:29:29.257914+07:00,264.98865641700013,12.32808733300044,RECOVERY,2412.1929962470003,1.000000836000254,0.2519317019996379,8.900800003175391e-05,DISABLED,on,user_reported,36.63048553466797,54.86632537841797,1006.95015625,104875.0546875,True,True,True,176,0,0,109,178,101,2026-10-03T16:29:29.258000+07:00,264.98875382299957,0.18580826300058106,OK,,True,2026-10-03T16:29:29.443820+07:00,265.17456980800034,0.033020711000062875,OK,,True,1440,0.18,,2026-10-03T16:29:29.476842+07:00,265.2075940369996,0.03298237800026982,OK,,True,2646,0.33075,
ebb6bf010ea247bf82f6db8fb9ea3166,266,2026-10-03T16:29:30.257984+07:00,265.98871925500043,13.328150171000743,RECOVERY,2413.1930590850006,1.0000628380003036,0.2519518329991115,0.0001518460003353539,DISABLED,on,user_reported,36.627296447753906,54.87224197387695,1006.8765625,104617.8984375,True,True,True,176,0,0,109,178,101,2026-10-03T16:29:30.258099+07:00,265.9888523469999,0.1858673919996363,OK,,True,2026-10-03T16:29:30.443979+07:00,266.1747285720003,0.03299580400016566,OK,,True,1450,0.18125,,2026-10-03T16:29:30.476975+07:00,266.2077277460003,0.03293198999926972,OK,,True,2658,0.33225,
ebb6bf010ea247bf82f6db8fb9ea3166,267,2026-10-03T16:29:31.257917+07:00,266.988659654,14.328090570000313,RECOVERY,2414.192999484,0.9999403989995699,0.2517865379995783,9.224499990523327e-05,DISABLED,on,user_reported,36.63112258911133,54.8728141784668,1006.937421875,105068.75,True,True,True,176,0,0,109,178,101,2026-10-03T16:29:31.258001+07:00,266.9887538940002,0.1858221329994194,OK,,True,2026-10-03T16:29:31.443836+07:00,267.1745849529998,0.0329884150005455,OK,,True,1444,0.1805,,2026-10-03T16:29:31.476825+07:00,267.207577053,0.03285936100019171,OK,,True,2655,0.33187500000000003,
ebb6bf010ea247bf82f6db8fb9ea3166,268,2026-10-03T16:29:32.260027+07:00,267.9907669430004,15.330197859000691,RECOVERY,2415.1951067730006,1.002107289000378,0.2518714269999691,0.0021995340002831654,DISABLED,on,user_reported,36.640052795410156,54.86775588989258,1006.98609375,104810.6484375,True,True,True,176,0,0,109,178,101,2026-10-03T16:29:32.260118+07:00,267.99087148000035,0.18588107799951104,OK,,True,2026-10-03T16:29:32.446012+07:00,268.1767613720003,0.033000415999595134,OK,,True,1442,0.18025,,2026-10-03T16:29:32.479013+07:00,268.20976567599973,0.032861712999874726,OK,,True,2652,0.3315,
ebb6bf010ea247bf82f6db8fb9ea3166,269,2026-10-03T16:29:33.257915+07:00,268.98865738400036,16.328088300000672,RECOVERY,2416.1929972140006,0.9978904409999814,0.2518025769995802,8.997500026453054e-05,DISABLED,on,user_reported,36.636863708496094,54.87367630004883,1006.898828125,104746.3203125,True,True,True,176,0,0,109,178,101,2026-10-03T16:29:33.257998+07:00,268.9887511429997,0.1858155979998628,OK,,True,2026-10-03T16:29:33.443826+07:00,269.1745755000002,0.0330125450000196,OK,,True,1451,0.181375,,2026-10-03T16:29:33.476839+07:00,269.2075916370004,0.03285854599926097,OK,,True,2654,0.33175,
ebb6bf010ea247bf82f6db8fb9ea3166,270,2026-10-03T16:29:34.257914+07:00,269.9886563279997,17.328087244000017,RECOVERY,2417.192996158,0.9999989439993442,0.25197863199991843,8.891899960872252e-05,DISABLED,on,user_reported,36.63750457763672,54.86097717285156,1006.920546875,104810.6484375,True,True,True,176,0,0,109,178,101,2026-10-03T16:29:34.257997+07:00,269.98875093900006,0.18581846799952473,OK,,True,2026-10-03T16:29:34.443828+07:00,270.17457790699973,0.03316908099986904,OK,,True,1453,0.181625,,2026-10-03T16:29:34.476999+07:00,270.20775109900023,0.032873193999876094,OK,,True,2658,0.33225,
ebb6bf010ea247bf82f6db8fb9ea3166,271,2026-10-03T16:29:35.257911+07:00,270.98865321999983,18.328084136000143,RECOVERY,2418.19299305,0.9999968920001265,0.25192572500054666,8.581099973525852e-05,DISABLED,on,user_reported,36.63303756713867,54.86670684814453,1006.913203125,105393.1640625,True,True,True,176,0,0,109,178,101,2026-10-03T16:29:35.257995+07:00,270.988748793,0.18581420999998954,OK,,True,2026-10-03T16:29:35.443822+07:00,271.17457133599964,0.03301911900052801,OK,,True,1436,0.1795,,2026-10-03T16:29:35.476842+07:00,271.20759395499954,0.032974527000078524,OK,,True,2655,0.33187500000000003,
ebb6bf010ea247bf82f6db8fb9ea3166,272,2026-10-03T16:29:36.257920+07:00,271.9886619480003,19.32809286400061,RECOVERY,2419.1930017780005,1.0000087280004664,0.25179263399968477,9.453900020162109e-05,DISABLED,on,user_reported,36.635589599609375,54.8798828125,1006.9378125,104682.0703125,True,True,True,176,0,0,109,178,101,2026-10-03T16:29:36.258003+07:00,271.9887563729999,0.18581374699988373,OK,,True,2026-10-03T16:29:36.443829+07:00,272.1745784349996,0.03300785999999789,OK,,True,1440,0.18,,2026-10-03T16:29:36.476838+07:00,272.20758994300013,0.03285524999955669,OK,,True,2655,0.33187500000000003,
ebb6bf010ea247bf82f6db8fb9ea3166,273,2026-10-03T16:29:37.258006+07:00,272.9887376220004,20.328168538000682,RECOVERY,2420.1930774520006,1.0000756740000725,0.25330152999958955,0.0001702130002740887,DISABLED,on,user_reported,36.63240051269531,54.87300109863281,1006.93265625,105133.46875,True,True,True,176,0,0,109,178,101,2026-10-03T16:29:37.258158+07:00,272.98890952799957,0.18646900200019445,OK,,True,2026-10-03T16:29:37.444639+07:00,273.1753886959996,0.03306069300015224,OK,,True,1436,0.1795,,2026-10-03T16:29:37.477702+07:00,273.2084536299999,0.0335743369996635,OK,,True,2653,0.331625,
ebb6bf010ea247bf82f6db8fb9ea3166,274,2026-10-03T16:29:38.257930+07:00,273.9886718939997,21.32810281000002,RECOVERY,2421.193011724,0.9999342719993365,0.25179746899993916,0.00010448499961057678,DISABLED,on,user_reported,36.63750457763672,54.88016128540039,1006.879453125,105068.75,True,True,True,176,0,0,109,178,101,2026-10-03T16:29:38.258014+07:00,273.9887678739997,0.18582782300018152,OK,,True,2026-10-03T16:29:38.443855+07:00,274.17460399300035,0.03297376799946505,OK,,True,1446,0.18075,,2026-10-03T16:29:38.476830+07:00,274.2075813909996,0.0328778240000247,OK,,True,2658,0.33225,
ebb6bf010ea247bf82f6db8fb9ea3166,275,2026-10-03T16:29:39.257916+07:00,274.9886584830001,22.32808939900042,RECOVERY,2422.1929983130003,0.9999865890004003,0.25180780299979233,9.107400001084898e-05,DISABLED,on,user_reported,36.634952545166016,54.873382568359375,1006.923203125,104746.3203125,True,True,True,176,0,0,109,178,101,2026-10-03T16:29:39.258002+07:00,274.98875531500016,0.18582278600024438,OK,,True,2026-10-03T16:29:39.443837+07:00,275.1745865459998,0.03300067500003934,OK,,True,1442,0.18025,,2026-10-03T16:29:39.476838+07:00,275.20759059099964,0.032865195000340464,OK,,True,2658,0.33225,
ebb6bf010ea247bf82f6db8fb9ea3166,276,2026-10-03T16:29:40.257916+07:00,275.98865835200013,23.32808926800044,RECOVERY,2423.1929981820003,0.9999998690000211,0.2517818409996835,9.094300003198441e-05,DISABLED,on,user_reported,36.636226654052734,54.87357711791992,1006.9115625,104810.6484375,True,True,True,176,0,0,109,178,101,2026-10-03T16:29:40.257997+07:00,275.9887505739998,0.18581808300041303,OK,,True,2026-10-03T16:29:40.443827+07:00,276.1745768970004,0.03299287899972114,OK,,True,1453,0.181625,,2026-10-03T16:29:40.476820+07:00,276.20757318399956,0.032857158000297204,OK,,True,2654,0.33175,
ebb6bf010ea247bf82f6db8fb9ea3166,277,2026-10-03T16:29:41.257917+07:00,276.98865935399954,24.328090269999848,RECOVERY,2424.1929991839997,1.000001001999408,0.25205311800073105,9.194499943987466e-05,DISABLED,on,user_reported,36.64069366455078,54.86784362792969,1006.870859375,104875.0546875,True,True,True,176,0,0,109,178,101,2026-10-03T16:29:41.258001+07:00,276.9887542790002,0.18581288099994708,OK,,True,2026-10-03T16:29:41.443825+07:00,277.1745756600003,0.03325824700004887,OK,,True,1454,0.18175,,2026-10-03T16:29:41.477086+07:00,277.2078375359997,0.032865195000340464,OK,,True,2657,0.332125,
ebb6bf010ea247bf82f6db8fb9ea3166,278,2026-10-03T16:29:42.259228+07:00,277.9899562740002,25.32938719000049,RECOVERY,2425.1942961040004,1.001296920000641,0.255777493000096,0.0013888650000808411,DISABLED,on,user_reported,36.642608642578125,54.8873176574707,1006.997109375,104939.5390625,True,True,True,176,0,0,109,178,101,2026-10-03T16:29:42.259399+07:00,277.99015045800024,0.18698459200004436,OK,,True,2026-10-03T16:29:42.446404+07:00,278.17714892099957,0.03376203900006658,OK,,True,1445,0.180625,,2026-10-03T16:29:42.480173+07:00,278.2109199409997,0.0348024559998521,OK,,True,2649,0.331125,
ebb6bf010ea247bf82f6db8fb9ea3166,279,2026-10-03T16:29:43.257999+07:00,278.9887381999997,26.328169116000026,RECOVERY,2426.19307803,0.9987819259995376,0.2518476400000509,0.00017079099961847533,DISABLED,on,user_reported,36.642608642578125,54.868133544921875,1006.9765625,105004.1015625,True,True,True,176,0,0,109,178,101,2026-10-03T16:29:43.258094+07:00,278.98884699599967,0.1858348620007746,OK,,True,2026-10-03T16:29:43.443941+07:00,279.1746909880003,0.03299147199959407,OK,,True,1448,0.181,,2026-10-03T16:29:43.476933+07:00,279.2076859230001,0.03288921300008951,OK,,True,2654,0.33175,
ebb6bf010ea247bf82f6db8fb9ea3166,280,2026-10-03T16:29:44.257915+07:00,279.9886581009996,27.32808901699991,RECOVERY,2427.192997931,0.9999199009998847,0.2518774550007947,9.069199950317852e-05,DISABLED,on,user_reported,36.647071838378906,54.87519073486328,1006.9634375,105068.75,True,True,True,176,0,0,109,178,101,2026-10-03T16:29:44.257998+07:00,279.98875150799995,0.18582517800041387,OK,,True,2026-10-03T16:29:44.443836+07:00,280.174585408,0.03302480500042293,OK,,True,1443,0.180375,,2026-10-03T16:29:44.476862+07:00,280.2076137129998,0.03291012099998625,OK,,True,2661,0.332625,
ebb6bf010ea247bf82f6db8fb9ea3166,281,2026-10-03T16:29:45.257912+07:00,280.98865528199985,28.328086198000165,RECOVERY,2428.192995112,0.9999971810002535,0.2518204190000688,8.787299975665519e-05,DISABLED,on,user_reported,36.65154266357422,54.88865661621094,1006.956953125,104810.6484375,True,True,True,176,0,0,109,178,101,2026-10-03T16:29:45.257995+07:00,280.9887483000002,0.18581834499946126,OK,,True,2026-10-03T16:29:45.443824+07:00,281.1745742189996,0.03300808299991331,OK,,True,1444,0.1805,,2026-10-03T16:29:45.476834+07:00,281.20758585800013,0.032879843000046094,OK,,True,2654,0.33175,
ebb6bf010ea247bf82f6db8fb9ea3166,282,2026-10-03T16:29:46.257924+07:00,281.9886658920004,29.328096808000737,RECOVERY,2429.1930057220006,1.0000106100005723,0.25181975299983606,9.848300032899715e-05,DISABLED,on,user_reported,36.64834976196289,54.86898422241211,1006.992890625,104746.3203125,True,True,True,176,0,0,109,178,101,2026-10-03T16:29:46.258008+07:00,281.9887619829997,0.18582040199999028,OK,,True,2026-10-03T16:29:46.443841+07:00,282.17459062499984,0.03300765800031513,OK,,True,1440,0.18,,2026-10-03T16:29:46.476850+07:00,282.20760215300015,0.032873361999918416,OK,,True,2653,0.331625,
ebb6bf010ea247bf82f6db8fb9ea3166,283,2026-10-03T16:29:47.258006+07:00,282.98874461499963,30.328175530999943,RECOVERY,2430.193084445,1.0000787229992056,0.2590160610006933,0.00017720599953463534,DISABLED,on,user_reported,36.642608642578125,54.868133544921875,1006.928671875,104425.859375,True,True,True,176,0,0,109,178,101,2026-10-03T16:29:47.258113+07:00,282.988866484,0.18987788499998715,OK,,True,2026-10-03T16:29:47.448016+07:00,283.1787622210004,0.03532332199938537,OK,,True,1436,0.1795,,2026-10-03T16:29:47.483345+07:00,283.21409382099955,0.03364668900030665,OK,,True,2655,0.33187500000000003,
ebb6bf010ea247bf82f6db8fb9ea3166,284,2026-10-03T16:29:48.257924+07:00,283.98866658299994,31.32809749900025,RECOVERY,2431.193006413,0.999921968000308,0.25180136600010883,9.917399984260555e-05,DISABLED,on,user_reported,36.65217971801758,54.882347106933594,1006.923828125,103980.5,True,True,True,176,0,0,109,178,101,2026-10-03T16:29:48.258004+07:00,283.9887576379997,0.1858217910003077,OK,,True,2026-10-03T16:29:48.443839+07:00,284.1745881509996,0.03301702800035855,OK,,True,1445,0.180625,,2026-10-03T16:29:48.476858+07:00,284.20760914200036,0.0328488440000001,OK,,True,2660,0.3325,
ebb6bf010ea247bf82f6db8fb9ea3166,285,2026-10-03T16:29:49.257926+07:00,284.98866792399986,32.328098840000166,RECOVERY,2432.193007754,1.0000013409999156,0.25175314399984927,0.00010051499975816114,DISABLED,on,user_reported,36.65026092529297,54.862884521484375,1006.94796875,105068.75,True,True,True,176,0,0,109,178,101,2026-10-03T16:29:49.258010+07:00,284.98876310800006,0.1858222549999482,OK,,True,2026-10-03T16:29:49.443845+07:00,285.1745940849996,0.03297326900064945,OK,,True,1445,0.180625,,2026-10-03T16:29:49.476818+07:00,285.2075707060003,0.032841417999406985,OK,,True,2655,0.33187500000000003,
ebb6bf010ea247bf82f6db8fb9ea3166,286,2026-10-03T16:29:50.257911+07:00,285.9886529530004,33.32808386900069,RECOVERY,2433.1929927830006,0.999985029000527,0.25181777399939165,8.554400028515374e-05,DISABLED,on,user_reported,36.64643478393555,54.849525451660156,1006.921171875,104362.0078125,True,True,True,176,0,0,109,178,101,2026-10-03T16:29:50.257995+07:00,285.98874817399974,0.18581679300041287,OK,,True,2026-10-03T16:29:50.443824+07:00,286.17457372599984,0.03303574999972625,OK,,True,1433,0.179125,,2026-10-03T16:29:50.476861+07:00,286.2076134939998,0.0328474930001903,OK,,True,2654,0.33175,
ebb6bf010ea247bf82f6db8fb9ea3166,287,2026-10-03T16:29:51.257958+07:00,286.988698225,34.32812914100032,RECOVERY,2434.193038055,1.0000452719996247,0.25173881299997447,0.00013081599990982795,DISABLED,on,user_reported,36.64771270751953,54.84971237182617,1006.8959375,104617.8984375,True,True,True,176,0,0,109,178,101,2026-10-03T16:29:51.258047+07:00,286.9888007059999,0.18582020000030752,OK,,True,2026-10-03T16:29:51.443879+07:00,287.1746294989998,0.032959954000034486,OK,,True,1452,0.1815,,2026-10-03T16:29:51.476841+07:00,287.2075931749996,0.032834900000125344,OK,,True,2655,0.33187500000000003,
ebb6bf010ea247bf82f6db8fb9ea3166,288,2026-10-03T16:29:52.258143+07:00,287.9888802960004,35.3283112120007,RECOVERY,2435.1932201260006,1.0001820710003813,0.25291313599973364,0.0003128870002910844,DISABLED,on,user_reported,36.642608642578125,54.84894943237305,1006.921875,105263.15625,True,True,True,176,0,0,109,178,101,2026-10-03T16:29:52.258255+07:00,287.9890074980003,0.18585818199971982,OK,,True,2026-10-03T16:29:52.444125+07:00,288.17487408800025,0.0327926589998242,OK,,True,1434,0.17925,,2026-10-03T16:29:52.476924+07:00,288.2076736729996,0.03410588900078437,OK,,True,2651,0.33137500000000003,
ebb6bf010ea247bf82f6db8fb9ea3166,289,2026-10-03T16:29:53.257992+07:00,288.9887271870002,36.32815810300053,RECOVERY,2436.1930670170004,0.9998468909998337,0.2519548680002117,0.00015977800012478838,DISABLED,on,user_reported,36.643245697021484,54.83625411987305,1006.929765625,104425.859375,True,True,True,176,0,0,109,178,101,2026-10-03T16:29:53.258097+07:00,288.9888497410002,0.18585612700007914,OK,,True,2026-10-03T16:29:53.443965+07:00,289.17471422000017,0.03305688000000373,OK,,True,1444,0.1805,,2026-10-03T16:29:53.477022+07:00,289.2077747659996,0.0328982150003867,OK,,True,2653,0.331625,
ebb6bf010ea247bf82f6db8fb9ea3166,290,2026-10-03T16:29:54.261339+07:00,289.9920785690001,37.331509485000424,RECOVERY,2437.1964183990003,1.0033513819998916,0.2524369200000365,0.003511160000016389,DISABLED,on,user_reported,36.641971588134766,54.82966995239258,1006.900390625,104875.0546875,True,True,True,176,0,0,109,178,101,2026-10-03T16:29:54.261428+07:00,289.9921818639996,0.1861444770001981,OK,,True,2026-10-03T16:29:54.447585+07:00,290.178334489,0.03323493399966537,OK,,True,1440,0.18,,2026-10-03T16:29:54.480820+07:00,290.2115729970001,0.03292889899967122,OK,,True,2657,0.332125,
ebb6bf010ea247bf82f6db8fb9ea3166,291,2026-10-03T16:29:55.257954+07:00,290.98869395699967,38.32812487299998,RECOVERY,2438.193033787,0.9966153879995545,0.25183948100038833,0.0001265479995709029,DISABLED,on,user_reported,36.64516067504883,54.81736755371094,1006.90546875,104746.3203125,True,True,True,176,0,0,109,178,101,2026-10-03T16:29:55.258043+07:00,290.988796826,0.1858836279998286,OK,,True,2026-10-03T16:29:55.443940+07:00,291.1746893059999,0.032992731999911484,OK,,True,1444,0.1805,,2026-10-03T16:29:55.476933+07:00,291.20768563099955,0.03283869599999889,OK,,True,2658,0.33225,
ebb6bf010ea247bf82f6db8fb9ea3166,292,2026-10-03T16:29:56.257917+07:00,291.9886588919999,39.328089808000186,RECOVERY,2439.192998722,0.9999649350002073,0.25186057500013703,9.148299977823626e-05,DISABLED,on,user_reported,36.643245697021484,54.82346725463867,1006.90921875,105004.1015625,True,True,True,176,0,0,109,178,101,2026-10-03T16:29:56.257999+07:00,291.98875253999995,0.18581401800020103,OK,,True,2026-10-03T16:29:56.443826+07:00,292.17457481699967,0.033081083000070066,OK,,True,1447,0.180875,,2026-10-03T16:29:56.476908+07:00,292.2076599000002,0.03284941899983096,OK,,True,2650,0.33125,
ebb6bf010ea247bf82f6db8fb9ea3166,293,2026-10-03T16:29:57.257915+07:00,292.9886576830004,40.328088599000694,RECOVERY,2440.1929975130006,0.9999987910005075,0.2519729069999812,9.027400028571719e-05,DISABLED,on,user_reported,36.63877868652344,54.803627014160156,1006.867890625,105068.75,True,True,True,176,0,0,109,178,101,2026-10-03T16:29:57.257999+07:00,292.9887521820001,0.1858185549999689,OK,,True,2026-10-03T16:29:57.443830+07:00,293.17457925599956,0.033087454000451544,OK,,True,1442,0.18025,,2026-10-03T16:29:57.476919+07:00,293.2076704689998,0.03294341800028633,OK,,True,2627,0.32837500000000003,
ebb6bf010ea247bf82f6db8fb9ea3166,294,2026-10-03T16:29:58.257916+07:00,293.9886597909999,41.32809070700023,RECOVERY,2441.192999621,1.000002107999535,0.25185892799981957,9.238199982064543e-05,DISABLED,on,user_reported,36.64452362060547,54.810874938964844,1007.007109375,104810.6484375,True,True,True,176,0,0,109,178,101,2026-10-03T16:29:58.257995+07:00,293.988748234,0.18581426000037027,OK,,True,2026-10-03T16:29:58.443823+07:00,294.17457153099986,0.03307617600057711,OK,,True,1456,0.182,,2026-10-03T16:29:58.476900+07:00,294.20765191099963,0.03285786300057225,OK,,True,2651,0.33137500000000003,
ebb6bf010ea247bf82f6db8fb9ea3166,295,2026-10-03T16:29:59.257915+07:00,294.98865728999954,42.32808820599985,RECOVERY,2442.1929971199997,0.999997498999619,0.25236285100072564,8.98809994396288e-05,DISABLED,on,user_reported,36.64579772949219,54.80467224121094,1006.96125,104810.6484375,True,True,True,176,0,0,109,178,101,2026-10-03T16:29:59.257998+07:00,294.98875204900014,0.18581718599943997,OK,,True,2026-10-03T16:29:59.443828+07:00,295.1745776609996,0.03344261700021889,OK,,True,1436,0.1795,,2026-10-03T16:29:59.477276+07:00,295.208025723,0.03298293599982571,OK,,True,2658,0.33225,
ebb6bf010ea247bf82f6db8fb9ea3166,296,2026-10-03T16:30:00.257914+07:00,295.988656386,43.32808730200031,RECOVERY,2443.192996216,0.9999990960004652,0.2522218519998205,8.897699990484398e-05,DISABLED,on,user_reported,36.64643478393555,54.79838180541992,1006.955390625,104746.3203125,True,True,True,176,0,0,109,178,101,2026-10-03T16:30:00.257991+07:00,295.98874440300006,0.18583427999965352,OK,,True,2026-10-03T16:30:00.443839+07:00,296.17458881200037,0.033265211999605526,OK,,True,1446,0.18075,,2026-10-03T16:30:00.477106+07:00,296.20785817199976,0.033010770000146294,OK,,True,2655,0.33187500000000003,
ebb6bf010ea247bf82f6db8fb9ea3166,297,2026-10-03T16:30:01.257922+07:00,296.988664169,44.328095085000314,RECOVERY,2444.193003999,1.000007783000001,0.2523880549997557,9.675999990577111e-05,DISABLED,on,user_reported,36.65154266357422,54.77997589111328,1006.970625,105068.75,True,True,True,176,0,0,109,178,101,2026-10-03T16:30:01.258009+07:00,296.98876231600025,0.18581920599990553,OK,,True,2026-10-03T16:30:01.443841+07:00,297.1745900770002,0.03335054499984835,OK,,True,1444,0.1805,,2026-10-03T16:30:01.477196+07:00,297.2079459180004,0.03309525099939492,OK,,True,2651,0.33137500000000003,
ebb6bf010ea247bf82f6db8fb9ea3166,298,2026-10-03T16:30:02.257917+07:00,297.9886585289996,45.32808944499993,RECOVERY,2445.192998359,0.9999943599996186,0.25315367900020647,9.111999952438055e-05,DISABLED,on,user_reported,36.64579772949219,54.79188919067383,1006.940703125,104425.859375,True,True,True,176,0,0,109,178,101,2026-10-03T16:30:02.257997+07:00,297.98875073199997,0.1859409830003642,OK,,True,2026-10-03T16:30:02.443953+07:00,298.17470186300034,0.03389255899946875,OK,,True,1436,0.1795,,2026-10-03T16:30:02.477850+07:00,298.2085997920003,0.03320111999983055,OK,,True,2653,0.331625,
ebb6bf010ea247bf82f6db8fb9ea3166,299,2026-10-03T16:30:03.257917+07:00,298.98866002199975,46.32809093800006,RECOVERY,2446.192999852,1.000001493000127,0.2541909299998224,9.261299965146463e-05,DISABLED,on,user_reported,36.64452362060547,54.79169845581055,1006.931875,104617.8984375,True,True,True,176,0,0,109,178,101,2026-10-03T16:30:03.258001+07:00,298.98875444700025,0.1859951500000534,OK,,True,2026-10-03T16:30:03.444022+07:00,299.17476589299986,0.035013345000152185,OK,,True,1435,0.179375,,2026-10-03T16:30:03.479035+07:00,299.20978490499965,0.03305436200025724,OK,,True,2649,0.331125,
ebb6bf010ea247bf82f6db8fb9ea3166,300,2026-10-03T16:30:04.257915+07:00,299.9886578879996,47.32808880399989,RECOVERY,2447.192997718,0.9999978659998305,0.252385169000263,9.047899948200211e-05,DISABLED,on,user_reported,36.64962387084961,54.792457580566406,1006.892265625,104553.8046875,True,True,True,176,0,0,109,178,101,2026-10-03T16:30:04.257997+07:00,299.9887508319998,0.18585437399997318,OK,,True,2026-10-03T16:30:04.443867+07:00,300.1746158169999,0.03309747300045274,OK,,True,1439,0.179875,,2026-10-03T16:30:04.476968+07:00,300.2077180670003,0.033313341999928525,OK,,True,2653,0.331625,
ebb6bf010ea247bf82f6db8fb9ea3166,301,2026-10-03T16:30:05.257909+07:00,300.9886512940002,48.3280822100005,RECOVERY,2448.1929911240004,0.9999934060006126,0.2528084810001019,8.388500009459676e-05,DISABLED,on,user_reported,36.650901794433594,54.77347946166992,1006.97625,104746.3203125,True,True,True,176,0,0,109,178,101,2026-10-03T16:30:05.257989+07:00,300.9887426080004,0.18580957899939676,OK,,True,2026-10-03T16:30:05.443812+07:00,301.17456089000007,0.033765930000299704,OK,,True,1460,0.1825,,2026-10-03T16:30:05.477582+07:00,301.2083325800004,0.033115953999185876,OK,,True,2657,0.332125,
ebb6bf010ea247bf82f6db8fb9ea3166,302,2026-10-03T16:30:06.257908+07:00,301.9886503329999,49.328081249000206,RECOVERY,2449.192990163,0.9999990389997038,0.253184959000464,8.292399979836773e-05,DISABLED,on,user_reported,36.654090881347656,54.77395248413086,1006.94734375,104553.8046875,True,True,True,176,0,0,109,178,101,2026-10-03T16:30:06.257988+07:00,301.98874179500035,0.18588967100004083,OK,,True,2026-10-03T16:30:06.443893+07:00,302.1746424840003,0.03411896399938996,OK,,True,1443,0.180375,,2026-10-03T16:30:06.478017+07:00,302.2087668000004,0.03305756600002496,OK,,True,2653,0.331625,
ebb6bf010ea247bf82f6db8fb9ea3166,303,2026-10-03T16:30:07.257911+07:00,302.9886536699996,50.32808458599993,RECOVERY,2450.1929935,1.0000033369997254,0.25435602400011703,8.626099952380173e-05,DISABLED,on,user_reported,36.65217971801758,54.767276763916016,1006.937421875,104746.3203125,True,True,True,176,0,0,109,178,101,2026-10-03T16:30:07.257993+07:00,302.9887469839996,0.1864647040001728,OK,,True,2026-10-03T16:30:07.444475+07:00,303.1752233360003,0.03347680299975764,OK,,True,1425,0.178125,,2026-10-03T16:30:07.477961+07:00,303.20870962000026,0.0342870739996215,OK,,True,2646,0.33075,
ebb6bf010ea247bf82f6db8fb9ea3166,304,2026-10-03T16:30:08.257972+07:00,303.9887043429999,51.32813525900019,RECOVERY,2451.193044173,1.0000506730002598,0.2540034730000116,0.0001369339997836505,DISABLED,on,user_reported,36.65154266357422,54.76719284057617,1006.922734375,104810.6484375,True,True,True,176,0,0,109,178,101,2026-10-03T16:30:08.258119+07:00,303.98887148999984,0.1863009280004917,OK,,True,2026-10-03T16:30:08.444431+07:00,304.17518108399963,0.03348600700064708,OK,,True,1435,0.179375,,2026-10-03T16:30:08.477925+07:00,304.2086745360002,0.034017742999822076,OK,,True,2637,0.329625,
ebb6bf010ea247bf82f6db8fb9ea3166,305,2026-10-03T16:30:09.257912+07:00,304.98865618699983,52.32808710300014,RECOVERY,2452.192996017,0.999951843999952,0.25438148800003546,8.877799973561196e-05,DISABLED,on,user_reported,36.65026092529297,54.766998291015625,1006.893203125,105133.46875,True,True,True,176,0,0,109,178,101,2026-10-03T16:30:09.257987+07:00,304.9887410749998,0.18582826600049884,OK,,True,2026-10-03T16:30:09.443829+07:00,305.1745791740004,0.035275250999802665,OK,,True,1435,0.179375,,2026-10-03T16:30:09.479113+07:00,305.2098622399999,0.033157009999740694,OK,,True,2642,0.33025,
ebb6bf010ea247bf82f6db8fb9ea3166,306,2026-10-03T16:30:10.257922+07:00,305.9886638480002,53.328094764000525,RECOVERY,2453.1930036780004,1.0000076610003816,0.25586858699989534,9.643900011724327e-05,DISABLED,on,user_reported,36.65536880493164,54.754974365234375,1006.935703125,104425.859375,True,True,True,176,0,0,109,178,101,2026-10-03T16:30:10.258005+07:00,305.9887588290003,0.18582826599958935,OK,,True,2026-10-03T16:30:10.443846+07:00,306.1745956499999,0.03559556300024269,OK,,True,1438,0.17975,,2026-10-03T16:30:10.479446+07:00,306.21019626900033,0.034318815000006,OK,,True,2649,0.331125,
ebb6bf010ea247bf82f6db8fb9ea3166,307,2026-10-03T16:30:11.257922+07:00,306.9886656970002,54.328096613000525,RECOVERY,2454.1930055270004,1.0000018490000002,0.25590279100015323,9.828800011746353e-05,DISABLED,on,user_reported,36.65026092529297,54.76060104370117,1006.87265625,104682.0703125,True,True,True,176,0,0,109,178,101,2026-10-03T16:30:11.257996+07:00,306.98875010400025,0.1857842849994995,OK,,True,2026-10-03T16:30:11.443791+07:00,307.17454199999975,0.03491755100003502,OK,,True,1442,0.18025,,2026-10-03T16:30:11.478720+07:00,307.20946871700016,0.035083715999462584,OK,,True,2630,0.32875,
ebb6bf010ea247bf82f6db8fb9ea3166,308,2026-10-03T16:30:12.257917+07:00,307.9886599190004,55.328090835000694,RECOVERY,2455.1929997490006,0.9999942220001685,0.25601082899993344,9.251000028598355e-05,DISABLED,on,user_reported,36.65026092529297,54.75421142578125,1006.906953125,105133.46875,True,True,True,176,0,0,109,178,101,2026-10-03T16:30:12.257999+07:00,307.98875277000025,0.18592791499941086,OK,,True,2026-10-03T16:30:12.443945+07:00,308.17469283300034,0.035163973999260634,OK,,True,1432,0.179,,2026-10-03T16:30:12.479117+07:00,308.2098652140003,0.03478814499976579,OK,,True,2628,0.3285,
ebb6bf010ea247bf82f6db8fb9ea3166,309,2026-10-03T16:30:13.257925+07:00,308.98866819999967,56.328099115999976,RECOVERY,2456.19300803,1.0000082809992819,0.2631183230005263,0.00010079099956783466,DISABLED,on,user_reported,36.64516067504883,54.74067306518555,1006.84390625,104617.8984375,True,True,True,176,0,0,109,178,101,2026-10-03T16:30:13.258003+07:00,308.9887560139996,0.18868352100071206,OK,,True,2026-10-03T16:30:13.446704+07:00,309.1774522200003,0.03374439399976836,OK,,True,1450,0.18125,,2026-10-03T16:30:13.480456+07:00,309.21120427999995,0.04056096499971318,OK,,True,2651,0.33137500000000003,
ebb6bf010ea247bf82f6db8fb9ea3166,310,2026-10-03T16:30:14.257975+07:00,309.9887085199998,57.32813943600013,RECOVERY,2457.19304835,1.0000403200001529,0.2681360209999184,0.00014111099972069496,DISABLED,on,user_reported,36.643882751464844,54.759647369384766,1006.985625,104298.2265625,True,True,True,176,0,0,109,178,101,2026-10-03T16:30:14.258124+07:00,309.9888758699999,0.19171212499986723,OK,,True,2026-10-03T16:30:14.449856+07:00,310.180603236,0.0389805710001383,OK,,True,1454,0.18175,,2026-10-03T16:30:14.488851+07:00,310.21959658499964,0.03721040100026585,OK,,True,2652,0.3315,
ebb6bf010ea247bf82f6db8fb9ea3166,311,2026-10-03T16:30:15.257988+07:00,310.98872200999995,58.32815292600026,RECOVERY,2458.19306184,1.0000134900001285,0.26227798000036273,0.00015460099984920816,DISABLED,on,user_reported,36.64898681640625,54.7540283203125,1006.980078125,105523.4921875,True,True,True,176,0,0,109,178,101,2026-10-03T16:30:15.258134+07:00,310.98888626699954,0.19155023800067283,OK,,True,2026-10-03T16:30:15.449708+07:00,311.18045393099965,0.0354646200003117,OK,,True,1458,0.18225,,2026-10-03T16:30:15.485178+07:00,311.21592792199954,0.035047049000240804,OK,,True,2660,0.3325,
ebb6bf010ea247bf82f6db8fb9ea3166,312,2026-10-03T16:30:16.257977+07:00,311.98871111300014,59.328142029000446,RECOVERY,2459.1930509430003,0.9999891030001891,0.2654690829995161,0.00014370400003826944,DISABLED,on,user_reported,36.64898681640625,54.74763870239258,1007.000546875,104617.8984375,True,True,True,176,0,0,109,178,101,2026-10-03T16:30:16.258124+07:00,311.9888757050003,0.1917346809996161,OK,,True,2026-10-03T16:30:16.449880+07:00,312.1806260149997,0.03547306500058767,OK,,True,1439,0.179875,,2026-10-03T16:30:16.485359+07:00,312.2161084870004,0.03804606199992122,OK,,True,2664,0.333,
ebb6bf010ea247bf82f6db8fb9ea3166,313,2026-10-03T16:30:17.257972+07:00,312.988706053,0.32813696900029754,WAIT_FINISH,2460.193045883,0.9999949399998513,0.2690678870003467,0.0001386439998896094,DISABLED,on,user_reported,36.64962387084961,54.741329193115234,1006.94703125,105133.46875,True,True,True,176,0,0,109,178,101,2026-10-03T16:30:17.258104+07:00,312.98885631099984,0.19175666400042246,OK,,True,2026-10-03T16:30:17.449890+07:00,313.1806346780004,0.0346549239993692,OK,,True,1445,0.180625,,2026-10-03T16:30:17.484553+07:00,313.21530015699955,0.04245028300010745,OK,,True,2650,0.33125,
ebb6bf010ea247bf82f6db8fb9ea3166,314,2026-10-03T16:30:18.257928+07:00,313.98867101500036,1.328101931000674,WAIT_FINISH,2461.1930108450006,0.9999649620003765,0.25313430200003495,0.0001036060002661543,DISABLED,on,user_reported,36.64579772949219,54.74715042114258,1006.920234375,104682.0703125,True,True,True,176,0,0,109,178,101,2026-10-03T16:30:18.258002+07:00,313.98875501400016,0.18587052899965784,OK,,True,2026-10-03T16:30:18.443886+07:00,314.17463478399986,0.03342504600004759,OK,,True,1442,0.18025,,2026-10-03T16:30:18.477321+07:00,314.2080686440004,0.03371495099963795,OK,,True,2634,0.32925,
ebb6bf010ea247bf82f6db8fb9ea3166,315,2026-10-03T16:30:19.257920+07:00,314.9886647200001,2.3280956360003984,WAIT_FINISH,2462.1930045500003,0.9999937049997243,0.2517183150002893,9.73109999904409e-05,DISABLED,on,user_reported,36.64643478393555,54.74725341796875,1006.93484375,104746.3203125,True,True,True,176,0,0,109,178,101,2026-10-03T16:30:19.257997+07:00,314.9887502749998,0.18579817800036835,OK,,True,2026-10-03T16:30:19.443805+07:00,315.174555953,0.032979808999698434,OK,,True,1439,0.179875,,2026-10-03T16:30:19.476787+07:00,315.20753953999974,0.03282493900042027,OK,,True,2655,0.33187500000000003,
ebb6bf010ea247bf82f6db8fb9ea3166,316,2026-10-03T16:30:20.257913+07:00,315.9886561129997,3.3280870290000166,WAIT_FINISH,2463.192995943,0.9999913929996183,0.2518763320003927,8.87039996086969e-05,DISABLED,on,user_reported,36.654090881347656,54.7356071472168,1006.94046875,104682.0703125,True,True,True,176,0,0,109,178,101,2026-10-03T16:30:20.257989+07:00,315.9887427419999,0.18582106699977885,OK,,True,2026-10-03T16:30:20.443822+07:00,316.1745713829996,0.03311771500011673,OK,,True,1451,0.181375,,2026-10-03T16:30:20.476941+07:00,316.2076931350002,0.03283040299993445,OK,,True,2652,0.3315,
ebb6bf010ea247bf82f6db8fb9ea3166,317,2026-10-03T16:30:21.257918+07:00,316.9886593600004,4.328090276000694,WAIT_FINISH,2464.1929991900006,1.0000032470006772,0.25176068599921564,9.195100028591696e-05,DISABLED,on,user_reported,36.654090881347656,54.71643829345703,1006.92,105719.59375,True,True,True,176,0,0,109,178,101,2026-10-03T16:30:21.258004+07:00,316.9887572480002,0.18580397599998832,OK,,True,2026-10-03T16:30:21.443818+07:00,317.17456894600036,0.03300428999955329,OK,,True,1436,0.1795,,2026-10-03T16:30:21.476825+07:00,317.20757695799966,0.03283344000010402,OK,,True,2655,0.33187500000000003,
ebb6bf010ea247bf82f6db8fb9ea3166,318,2026-10-03T16:30:22.257917+07:00,317.98865959199975,5.328090508000059,WAIT_FINISH,2465.192999422,1.0000002319993655,0.25401650100047846,9.218299965141341e-05,DISABLED,on,user_reported,36.6534538269043,54.73551940917969,1006.93265625,104875.0546875,True,True,True,176,0,0,109,178,101,2026-10-03T16:30:22.257995+07:00,317.98874820200035,0.1858172359998207,OK,,True,2026-10-03T16:30:22.443823+07:00,318.17457321500024,0.03301195699987147,OK,,True,1441,0.180125,,2026-10-03T16:30:22.476837+07:00,318.2075891349996,0.03507140200053982,OK,,True,2641,0.330125,
ebb6bf010ea247bf82f6db8fb9ea3166,319,2026-10-03T16:30:23.257956+07:00,318.98869658500007,6.328127501000381,WAIT_FINISH,2466.1930364150003,1.0000369930003217,0.25176937299966085,0.0001291759999730857,DISABLED,on,user_reported,36.650901794433594,54.70957565307617,1006.901015625,104170.90625,True,True,True,176,0,0,109,178,101,2026-10-03T16:30:23.258042+07:00,318.9887956949997,0.1858264960001179,OK,,True,2026-10-03T16:30:23.443881+07:00,319.1746308390002,0.032966678999400756,OK,,True,1434,0.17925,,2026-10-03T16:30:23.476850+07:00,319.2076015370003,0.03285443899949314,OK,,True,2654,0.33175,
ebb6bf010ea247bf82f6db8fb9ea3166,320,2026-10-03T16:30:24.257912+07:00,319.9886553409997,7.328086256999995,WAIT_FINISH,2467.192995171,0.9999587559996144,0.25176628100052767,8.79319995874539e-05,DISABLED,on,user_reported,36.65664291381836,54.735992431640625,1006.90359375,105198.2734375,True,True,True,176,0,0,109,178,101,2026-10-03T16:30:24.257985+07:00,319.98873872999957,0.18580873600058112,OK,,True,2026-10-03T16:30:24.443805+07:00,320.17455485499977,0.03300332700018771,OK,,True,1442,0.18025,,2026-10-03T16:30:24.476810+07:00,320.20756203400015,0.03285127300023305,OK,,True,2654,0.33175,
ebb6bf010ea247bf82f6db8fb9ea3166,321,2026-10-03T16:30:25.258124+07:00,320.9888666910001,8.328297607000422,WAIT_FINISH,2468.1932065210003,1.000211350000427,0.2519512050002959,0.0002992820000145002,DISABLED,on,user_reported,36.65727996826172,54.71691131591797,1006.897734375,104939.5390625,True,True,True,176,0,0,109,178,101,2026-10-03T16:30:25.258208+07:00,320.98896202299966,0.18582197800060385,OK,,True,2026-10-03T16:30:25.444043+07:00,321.1747926300004,0.03313234500001272,OK,,True,1437,0.179625,,2026-10-03T16:30:25.477177+07:00,321.20792890099983,0.032879088000299816,OK,,True,2652,0.3315,
ebb6bf010ea247bf82f6db8fb9ea3166,322,2026-10-03T16:30:26.257923+07:00,321.9886653419999,9.328096258000187,WAIT_FINISH,2469.193005172,0.9997986509997645,0.2517578940005478,9.79329997790046e-05,DISABLED,on,user_reported,36.65154266357422,54.716064453125,1006.895390625,104489.796875,True,True,True,176,0,0,109,178,101,2026-10-03T16:30:26.258007+07:00,321.98876010099957,0.18581781100056105,OK,,True,2026-10-03T16:30:26.443835+07:00,322.1745841720003,0.032990789999530534,OK,,True,1448,0.181,,2026-10-03T16:30:26.476826+07:00,322.20757842500007,0.032835384999998496,OK,,True,2652,0.3315,
