run_id,seq,timestamp,elapsed_s,phase_elapsed_s,phase,sensor_uptime_s,loop_interval_s,loop_duration_s,schedule_lag_s,pump_command,external_pump_state,external_pump_source,temperature_c,humidity_pct,pressure_hpa,gas_resistance_ohm,gas_valid,heater_stable,new_data,bme_status_bits,bme_meas_index,bme_gas_index,bme_res_heat,bme_idac,bme_gas_wait,bme_read_started_at,bme_read_elapsed_s,bme_read_duration_s,bme_status,bme_error,bme_fresh,mq135_read_started_at,mq135_read_elapsed_s,mq135_read_duration_s,mq135_status,mq135_error,mq135_fresh,mq135_adc_count,mq135_voltage_v,mq135_ao_voltage_v,mq3_read_started_at,mq3_read_elapsed_s,mq3_read_duration_s,mq3_status,mq3_error,mq3_fresh,mq3_adc_count,mq3_voltage_v,mq3_ao_voltage_v
59fb0b3833d04c8cbdd8c1e074671b1d,1,2026-10-03T11:30:03.815585+07:00,0.046179069000118034,0.046179069000118034,MONITOR,0.16014727199990375,,0.25363329199990403,1.9999999949504854e-05,DISABLED,unknown,not_reported,38.83295440673828,65.05633544921875,1012.183046875,80859.125,True,False,True,160,0,0,109,158,101,2026-10-03T11:30:03.815658+07:00,0.04625947600015934,0.18584543599990866,OK,,True,2026-10-03T11:30:04.001517+07:00,0.23211389300013252,0.033390645000054064,OK,,True,877,0.109625,,2026-10-03T11:30:04.034912+07:00,0.26551014899996517,0.034292453000034584,OK,,True,2155,0.26937500000000003,
59fb0b3833d04c8cbdd8c1e074671b1d,2,2026-10-03T11:30:04.815702+07:00,1.0462808440001936,1.0462808440001936,MONITOR,1.1602490469999793,1.0001017750000756,0.26171080699987215,0.00012177500002508168,DISABLED,unknown,not_reported,38.94588851928711,64.99495697021484,1012.20859375,33693.078125,True,True,True,176,0,0,109,177,101,2026-10-03T11:30:04.815860+07:00,1.046459564000088,0.18983466700001372,OK,,True,2026-10-03T11:30:05.005729+07:00,1.236313323000104,0.03694717500002298,OK,,True,845,0.105625,,2026-10-03T11:30:05.042677+07:00,1.2732711459998427,0.03470476400025291,OK,,True,2154,0.26925,
59fb0b3833d04c8cbdd8c1e074671b1d,3,2026-10-03T11:30:05.815676+07:00,2.0462682130000758,2.0462682130000758,MONITOR,2.1602364159998615,0.9999873689998822,0.2521117490000506,0.00010914399990724633,DISABLED,unknown,not_reported,39.070945739746094,64.78096771240234,1012.17828125,47796.86328125,True,True,True,176,0,0,109,177,101,2026-10-03T11:30:05.815758+07:00,2.046359379000023,0.1858541219999097,OK,,True,2026-10-03T11:30:06.001633+07:00,2.232229094000104,0.03305410999973901,OK,,True,856,0.107,,2026-10-03T11:30:06.034690+07:00,2.265289667000161,0.033080850999795075,OK,,True,2164,0.2705,
59fb0b3833d04c8cbdd8c1e074671b1d,4,2026-10-03T11:30:06.815663+07:00,3.0462542889999895,3.0462542889999895,MONITOR,3.1602224919997752,0.9999860759999137,0.252819873000135,9.52199998209835e-05,DISABLED,unknown,not_reported,39.12326431274414,64.52783966064453,1012.1878125,59451.92578125,True,True,True,176,0,0,109,177,101,2026-10-03T11:30:06.815748+07:00,3.046349659000043,0.18599717600000076,OK,,True,2026-10-03T11:30:07.001779+07:00,3.232374854000227,0.03375871599973834,OK,,True,835,0.104375,,2026-10-03T11:30:07.035540+07:00,3.2661386069999025,0.032926241000041045,OK,,True,2168,0.271,
59fb0b3833d04c8cbdd8c1e074671b1d,5,2026-10-03T11:30:07.815659+07:00,4.046249180999894,4.046249180999894,MONITOR,4.160217383999679,0.9999948919999042,0.25218361900033415,9.011199972519535e-05,DISABLED,off,user_reported,39.15644073486328,64.29182434082031,1012.193515625,67439.40625,True,True,True,176,0,0,109,177,101,2026-10-03T11:30:07.815763+07:00,4.046364754000024,0.18582686399986414,OK,,True,2026-10-03T11:30:08.001603+07:00,4.232199729000058,0.0333586080000714,OK,,True,854,0.10675,,2026-10-03T11:30:08.034966+07:00,4.265563854999982,0.03285974200025521,OK,,True,2170,0.27125,
59fb0b3833d04c8cbdd8c1e074671b1d,6,2026-10-03T11:30:08.815662+07:00,5.046254112000042,5.046254112000042,MONITOR,5.160222314999828,1.0000049310001486,0.2522563050001736,9.504299987384002e-05,DISABLED,off,user_reported,39.17877197265625,64.1346664428711,1012.1953125,73924.34375,True,True,True,176,0,0,109,177,101,2026-10-03T11:30:08.815742+07:00,5.046343815,0.18583790100001352,OK,,True,2026-10-03T11:30:09.001594+07:00,5.232189864000247,0.03343094100000599,OK,,True,844,0.1055,,2026-10-03T11:30:09.035029+07:00,5.265627285999926,0.03287476000014067,OK,,True,2167,0.27087500000000003,
59fb0b3833d04c8cbdd8c1e074671b1d,7,2026-10-03T11:30:09.815655+07:00,6.046247674999904,6.046247674999904,MONITOR,6.16021587799969,0.9999935629998618,0.25223458300024504,8.860599973559147e-05,DISABLED,off,user_reported,39.18642807006836,64.00860595703125,1012.194140625,78624.078125,True,True,True,176,0,0,109,177,101,2026-10-03T11:30:09.815735+07:00,6.046336545000031,0.1858235119998426,OK,,True,2026-10-03T11:30:10.001572+07:00,6.232168464000097,0.03322872099988672,OK,,True,862,0.10775,,2026-10-03T11:30:10.034804+07:00,6.26540272200009,0.033062905999940995,OK,,True,2148,0.2685,
59fb0b3833d04c8cbdd8c1e074671b1d,8,2026-10-03T11:30:10.815666+07:00,7.046255443000064,7.046255443000064,MONITOR,7.160223645999849,1.0000077680001596,0.2529297080000106,9.637399989514961e-05,DISABLED,off,user_reported,39.19919204711914,63.910274505615234,1012.235546875,81946.2265625,True,True,True,176,0,0,109,177,101,2026-10-03T11:30:10.815749+07:00,7.046350387000075,0.18583249399989654,OK,,True,2026-10-03T11:30:11.001596+07:00,7.23219151100011,0.03403821399979279,OK,,True,851,0.106375,,2026-10-03T11:30:11.035637+07:00,7.266235077000147,0.03293677800002115,OK,,True,2159,0.26987500000000003,
59fb0b3833d04c8cbdd8c1e074671b1d,9,2026-10-03T11:30:11.815663+07:00,8.046255323999958,8.046255323999958,MONITOR,8.160223526999744,0.9999998809998942,0.2520814929998778,9.625499978938024e-05,DISABLED,off,user_reported,39.204933166503906,63.8576774597168,1012.21046875,84544.25,True,True,True,176,0,0,109,177,101,2026-10-03T11:30:11.815744+07:00,8.046345323999958,0.18582575300024473,OK,,True,2026-10-03T11:30:12.001583+07:00,8.232179503000225,0.033103962000041065,OK,,True,858,0.10725,,2026-10-03T11:30:12.034692+07:00,8.265290021000055,0.03303681399984271,OK,,True,2171,0.27137500000000003,
59fb0b3833d04c8cbdd8c1e074671b1d,10,2026-10-03T11:30:12.815657+07:00,9.04624917000001,9.04624917000001,MONITOR,9.160217372999796,0.9999938460000521,0.2519954750000579,9.010099984152475e-05,DISABLED,off,user_reported,39.21067428588867,63.764915466308594,1012.158046875,86956.5234375,True,True,True,176,0,0,109,177,101,2026-10-03T11:30:12.815738+07:00,9.046339836000243,0.18583862499963288,OK,,True,2026-10-03T11:30:13.001591+07:00,9.23218744199994,0.03297637100013162,OK,,True,853,0.106625,,2026-10-03T11:30:13.034569+07:00,9.265168423999967,0.03306453599998349,OK,,True,2166,0.27075,
59fb0b3833d04c8cbdd8c1e074671b1d,11,2026-10-03T11:30:13.815658+07:00,10.046250462999978,10.046250462999978,MONITOR,10.160218665999764,1.0000012929999684,0.25225545500006774,9.139399980995222e-05,DISABLED,off,user_reported,39.218971252441406,63.732852935791016,1012.205859375,88765.6015625,True,True,True,176,0,0,109,177,101,2026-10-03T11:30:13.815735+07:00,10.046336925000105,0.18585299500000474,OK,,True,2026-10-03T11:30:14.001604+07:00,10.232199883000249,0.03310370299959686,OK,,True,869,0.108625,,2026-10-03T11:30:14.034709+07:00,10.265308603999983,0.033187831999839545,OK,,True,2164,0.2705,
59fb0b3833d04c8cbdd8c1e074671b1d,12,2026-10-03T11:30:14.815653+07:00,11.04624672,11.04624672,MONITOR,11.160214922999785,0.9999962570000207,0.2533895400001711,8.765099983065738e-05,DISABLED,off,user_reported,39.22471237182617,63.68028259277344,1012.20140625,89510.4921875,True,True,True,176,0,0,109,177,101,2026-10-03T11:30:14.815732+07:00,11.046334219000073,0.18626904799975819,OK,,True,2026-10-03T11:30:15.002018+07:00,11.232613544999822,0.03386384600025849,OK,,True,847,0.105875,,2026-10-03T11:30:15.035884+07:00,11.26648261299988,0.0331417400002465,OK,,True,2166,0.27075,
59fb0b3833d04c8cbdd8c1e074671b1d,13,2026-10-03T11:30:15.815660+07:00,12.04625286800001,12.04625286800001,MONITOR,12.160221070999796,1.0000061480000113,0.2538118150000628,9.379899984196527e-05,DISABLED,off,user_reported,39.22917938232422,63.6542854309082,1012.201796875,91428.5703125,True,True,True,176,0,0,109,177,101,2026-10-03T11:30:15.815743+07:00,12.046345127000222,0.18642326899998807,OK,,True,2026-10-03T11:30:16.002185+07:00,12.232780026,0.03402486300001328,OK,,True,865,0.108125,,2026-10-03T11:30:16.036212+07:00,12.266810480999993,0.033244387000195275,OK,,True,2170,0.27125,
59fb0b3833d04c8cbdd8c1e074671b1d,14,2026-10-03T11:30:16.815656+07:00,13.046249981000074,13.046249981000074,MONITOR,13.16021818399986,0.9999971130000631,0.2535179659998903,9.091199990507448e-05,DISABLED,off,user_reported,39.23236846923828,63.63475799560547,1012.165703125,92020.1328125,True,True,True,176,0,0,109,177,101,2026-10-03T11:30:16.815731+07:00,13.046333184000105,0.18586886699995375,OK,,True,2026-10-03T11:30:17.001619+07:00,13.232213587999922,0.03449735899994266,OK,,True,852,0.1065,,2026-10-03T11:30:17.036121+07:00,13.266716817000088,0.0330413149999913,OK,,True,2178,0.27225,
59fb0b3833d04c8cbdd8c1e074671b1d,15,2026-10-03T11:30:17.815653+07:00,14.046246763,14.046246763,MONITOR,14.160214965999785,0.9999967819999256,0.25448127400022713,8.76939998306625e-05,DISABLED,off,user_reported,39.235557556152344,63.60853576660156,1012.1846875,94117.6484375,True,True,True,176,0,0,109,177,101,2026-10-03T11:30:17.815728+07:00,14.04633022500002,0.18582160799996927,OK,,True,2026-10-03T11:30:18.001563+07:00,14.232159851000233,0.03454904499994882,OK,,True,852,0.1065,,2026-10-03T11:30:18.036121+07:00,14.266715635999844,0.034001178000380605,OK,,True,2172,0.2715,
59fb0b3833d04c8cbdd8c1e074671b1d,16,2026-10-03T11:30:18.815660+07:00,15.046252656999968,15.046252656999968,MONITOR,15.160220859999754,1.000005893999969,0.2545439220002663,9.358799979963806e-05,DISABLED,off,user_reported,39.23938751220703,63.61587142944336,1012.19078125,94377.8828125,True,True,True,176,0,0,109,177,101,2026-10-03T11:30:18.815741+07:00,15.04634321200001,0.18792390799990244,OK,,True,2026-10-03T11:30:19.003676+07:00,15.234273342000051,0.033297904999926686,OK,,True,880,0.11,,2026-10-03T11:30:19.036979+07:00,15.267576729000211,0.03320966499995848,OK,,True,2167,0.27087500000000003,
59fb0b3833d04c8cbdd8c1e074671b1d,17,2026-10-03T11:30:19.815654+07:00,16.046248960999947,16.046248960999947,MONITOR,16.160217163999732,0.9999963039999784,0.257299754000087,8.989199977804674e-05,DISABLED,off,user_reported,39.23619842529297,63.59526824951172,1012.206328125,95808.3828125,True,True,True,176,0,0,109,177,101,2026-10-03T11:30:19.815731+07:00,16.04633246000003,0.18687765699996817,OK,,True,2026-10-03T11:30:20.002624+07:00,16.233219708999968,0.03601620100016589,OK,,True,864,0.108,,2026-10-03T11:30:20.038648+07:00,16.269243521000135,0.03429449099985504,OK,,True,2168,0.271,
59fb0b3833d04c8cbdd8c1e074671b1d,18,2026-10-03T11:30:20.815712+07:00,17.046295913999984,17.046295913999984,MONITOR,17.16026411699977,1.0000469530000373,0.2684984140000779,0.00013684499981536646,DISABLED,off,user_reported,39.24385452270508,63.58317947387695,1012.218671875,96132.1796875,True,True,True,176,0,0,109,177,101,2026-10-03T11:30:20.815870+07:00,17.04647046900027,0.1972356729997955,OK,,True,2026-10-03T11:30:21.013127+07:00,17.243720105000193,0.035817757999666355,OK,,True,874,0.10925,,2026-10-03T11:30:21.048951+07:00,17.27954569600024,0.035229780999998184,OK,,True,2169,0.271125,
59fb0b3833d04c8cbdd8c1e074671b1d,19,2026-10-03T11:30:21.815705+07:00,18.046293203000005,18.046293203000005,MONITOR,18.16026140599979,0.9999972890000208,0.2630021210002269,0.00013413399983619456,DISABLED,off,user_reported,39.242576599121094,63.56290054321289,1012.202890625,96622.0078125,True,True,True,176,0,0,109,177,101,2026-10-03T11:30:21.815853+07:00,18.046453165000003,0.1918652130002556,OK,,True,2026-10-03T11:30:22.007747+07:00,18.23833708200027,0.035638480999750755,OK,,True,849,0.106125,,2026-10-03T11:30:22.043394+07:00,18.273986710999907,0.0352885770003013,OK,,True,2176,0.272,
59fb0b3833d04c8cbdd8c1e074671b1d,20,2026-10-03T11:30:22.815665+07:00,19.04625979100001,19.04625979100001,MONITOR,19.160227993999797,0.9999665880000066,0.252649270999882,0.00010072199984278996,DISABLED,off,user_reported,39.25023651123047,63.55081558227539,1012.2153125,96512.7265625,True,True,True,176,0,0,109,177,101,2026-10-03T11:30:22.815740+07:00,19.04634160500018,0.18582318299968392,OK,,True,2026-10-03T11:30:23.001572+07:00,19.23217019599997,0.033815494000009494,OK,,True,857,0.107125,,2026-10-03T11:30:23.035395+07:00,19.265991245999885,0.03290759400033494,OK,,True,2176,0.272,
59fb0b3833d04c8cbdd8c1e074671b1d,21,2026-10-03T11:30:23.815655+07:00,20.04624895400002,20.04624895400002,MONITOR,20.160217156999806,0.9999891630000093,0.2546350719999282,8.988499985207454e-05,DISABLED,off,user_reported,39.25151062011719,63.56441116333008,1012.210625,97006.4453125,True,True,True,176,0,0,109,177,101,2026-10-03T11:30:23.815729+07:00,20.046330935000242,0.18579705399997692,OK,,True,2026-10-03T11:30:24.001536+07:00,20.232135174000177,0.034034919000077934,OK,,True,858,0.10725,,2026-10-03T11:30:24.035586+07:00,20.266179871000077,0.034687006999774894,OK,,True,2159,0.26987500000000003,
59fb0b3833d04c8cbdd8c1e074671b1d,22,2026-10-03T11:30:24.815657+07:00,21.04625174800003,21.04625174800003,MONITOR,21.160219950999817,1.000002794000011,0.2580995289999919,9.267899986298289e-05,DISABLED,off,user_reported,39.25533676147461,63.53830337524414,1012.182421875,97728.5703125,True,True,True,176,0,0,109,177,101,2026-10-03T11:30:24.815731+07:00,21.046332877000168,0.18931419599994115,OK,,True,2026-10-03T11:30:25.005060+07:00,21.235656943999857,0.0353258910004115,OK,,True,868,0.1085,,2026-10-03T11:30:25.040403+07:00,21.27099503799991,0.03334396100035519,OK,,True,2157,0.269625,
59fb0b3833d04c8cbdd8c1e074671b1d,23,2026-10-03T11:30:25.815658+07:00,22.046250766999947,22.046250766999947,MONITOR,22.160218969999733,0.9999990189999153,0.25397418900001867,9.169799977826187e-05,DISABLED,off,user_reported,39.256614685058594,63.538516998291016,1012.184453125,98178.328125,True,True,True,176,0,0,109,177,101,2026-10-03T11:30:25.815734+07:00,22.046335784999883,0.18581672200025423,OK,,True,2026-10-03T11:30:26.001564+07:00,22.232161155000085,0.03505287400002999,OK,,True,878,0.10975,,2026-10-03T11:30:26.036622+07:00,22.267219325000042,0.032994148999932804,OK,,True,2172,0.2715,
59fb0b3833d04c8cbdd8c1e074671b1d,24,2026-10-03T11:30:26.815656+07:00,23.04624973199998,23.04624973199998,MONITOR,23.160217934999764,0.9999989650000316,0.2534157119998781,9.066299980986514e-05,DISABLED,off,user_reported,39.25597381591797,63.525047302246094,1012.176640625,98121.8828125,True,True,True,176,0,0,109,177,101,2026-10-03T11:30:26.815731+07:00,23.046332860999883,0.18580890700013697,OK,,True,2026-10-03T11:30:27.001551+07:00,23.232148915999915,0.03415773300002911,OK,,True,878,0.10975,,2026-10-03T11:30:27.035716+07:00,23.26631203800025,0.03334312799961481,OK,,True,2171,0.27137500000000003,
59fb0b3833d04c8cbdd8c1e074671b1d,25,2026-10-03T11:30:27.815711+07:00,24.046293698000227,24.046293698000227,MONITOR,24.160261901000013,1.0000439660002485,0.2710744920000252,0.00013462900005833944,DISABLED,off,user_reported,39.256614685058594,63.525142669677734,1012.191328125,98234.84375,True,True,True,176,0,0,109,177,101,2026-10-03T11:30:27.815868+07:00,24.046468327000184,0.19174595699996644,OK,,True,2026-10-03T11:30:28.007634+07:00,24.238228895000248,0.04060187099958057,OK,,True,868,0.1085,,2026-10-03T11:30:28.048249+07:00,24.278842191999956,0.03850190499997552,OK,,True,2173,0.271625,
59fb0b3833d04c8cbdd8c1e074671b1d,26,2026-10-03T11:30:28.815673+07:00,25.046265982000023,25.046265982000023,MONITOR,25.16023418499981,0.9999722839997958,0.25387252400014404,0.00010691299985410296,DISABLED,off,user_reported,39.2591667175293,63.53226089477539,1012.229765625,98975.453125,True,True,True,176,0,0,109,177,101,2026-10-03T11:30:28.815747+07:00,25.04634838899983,0.18579761199998757,OK,,True,2026-10-03T11:30:29.001554+07:00,25.23215276000019,0.03296005599986529,OK,,True,849,0.106125,,2026-10-03T11:30:29.034515+07:00,25.265115779000098,0.03501046800010954,OK,,True,2168,0.271,
59fb0b3833d04c8cbdd8c1e074671b1d,27,2026-10-03T11:30:29.815657+07:00,26.04625052600022,26.04625052600022,MONITOR,26.160218729000007,0.9999845440001991,0.25199052099969776,9.145700005319668e-05,DISABLED,off,user_reported,39.26299285888672,63.532901763916016,1012.18796875,99032.8828125,True,True,True,176,0,0,109,177,101,2026-10-03T11:30:29.815732+07:00,26.046333396000136,0.18580055699976583,OK,,True,2026-10-03T11:30:30.001543+07:00,26.23214152699984,0.03296894599998268,OK,,True,850,0.10625,,2026-10-03T11:30:30.034513+07:00,26.265113787000246,0.03311535199964055,OK,,True,2173,0.271625,
59fb0b3833d04c8cbdd8c1e074671b1d,28,2026-10-03T11:30:30.815652+07:00,27.04624581400003,27.04624581400003,MONITOR,27.160214016999817,0.9999952879998091,0.2551678859999811,8.674499986227602e-05,DISABLED,off,user_reported,39.26618194580078,63.52676773071289,1012.193125,99378.8828125,True,True,True,176,0,0,109,177,101,2026-10-03T11:30:30.815726+07:00,27.046327683000072,0.1858079829999042,OK,,True,2026-10-03T11:30:31.001546+07:00,27.232143499999893,0.032970816000215564,OK,,True,868,0.1085,,2026-10-03T11:30:31.034516+07:00,27.26511716699997,0.03628323700013425,OK,,True,2171,0.27137500000000003,
59fb0b3833d04c8cbdd8c1e074671b1d,29,2026-10-03T11:30:31.815659+07:00,28.046251453999957,28.046251453999957,MONITOR,28.160219656999743,1.0000056399999266,0.2517343750000691,9.238499978891923e-05,DISABLED,off,user_reported,39.270652770996094,63.52083206176758,1012.207265625,99610.8984375,True,True,True,176,0,0,109,177,101,2026-10-03T11:30:31.815736+07:00,28.046338157000264,0.18580648399984057,OK,,True,2026-10-03T11:30:32.001554+07:00,28.23215223299985,0.03296398300017245,OK,,True,865,0.108125,,2026-10-03T11:30:32.034518+07:00,28.26511923399994,0.03285820600012812,OK,,True,2179,0.272375,
59fb0b3833d04c8cbdd8c1e074671b1d,30,2026-10-03T11:30:32.815649+07:00,29.046242023000104,29.046242023000104,MONITOR,29.16021022599989,0.9999905690001469,0.2519994469998892,8.295399993585306e-05,DISABLED,off,user_reported,39.266822814941406,63.52018737792969,1012.201171875,99902.4375,True,True,True,176,0,0,109,177,101,2026-10-03T11:30:32.815724+07:00,29.046325540999987,0.18580089099987163,OK,,True,2026-10-03T11:30:33.001535+07:00,29.232133301999966,0.03324062899991986,OK,,True,852,0.1065,,2026-10-03T11:30:33.034776+07:00,29.265377135000108,0.03285563200006436,OK,,True,2175,0.27187500000000003,
59fb0b3833d04c8cbdd8c1e074671b1d,31,2026-10-03T11:30:33.815700+07:00,30.046284556000046,30.046284556000046,MONITOR,30.16025275899983,1.0000425329999416,0.2646415600002001,0.0001254869998774666,DISABLED,off,user_reported,39.26810073852539,63.52708435058594,1012.189453125,99727.3046875,True,True,True,176,0,0,109,177,101,2026-10-03T11:30:33.815851+07:00,30.046450481000193,0.19174779199965997,OK,,True,2026-10-03T11:30:34.007617+07:00,30.238212144000045,0.03546502000017426,OK,,True,877,0.109625,,2026-10-03T11:30:34.043087+07:00,30.27368559000024,0.037225044000024354,OK,,True,2191,0.273875,
59fb0b3833d04c8cbdd8c1e074671b1d,32,2026-10-03T11:30:34.815697+07:00,31.046283202000268,31.046283202000268,MONITOR,31.160251405000054,0.9999986460002219,0.2616058419998808,0.0001241330000993912,DISABLED,off,user_reported,39.276390075683594,63.508426666259766,1012.202890625,99785.6171875,True,True,True,176,0,0,109,177,101,2026-10-03T11:30:34.815843+07:00,31.046443257000192,0.19176423699991574,OK,,True,2026-10-03T11:30:35.007629+07:00,31.238223122999898,0.03548366900031397,OK,,True,863,0.107875,,2026-10-03T11:30:35.043117+07:00,31.273715291999906,0.034157974000208924,OK,,True,2180,0.2725,
59fb0b3833d04c8cbdd8c1e074671b1d,33,2026-10-03T11:30:35.815658+07:00,32.04625161000013,32.04625161000013,MONITOR,32.16021981299991,0.9999684079998588,0.2518048199999612,9.254099995814613e-05,DISABLED,off,user_reported,39.27320098876953,63.52125930786133,1012.176953125,100078.1875,True,True,True,176,0,0,109,177,101,2026-10-03T11:30:35.815732+07:00,32.04633366500002,0.18580211400012558,OK,,True,2026-10-03T11:30:36.001545+07:00,32.23214313100016,0.032972427000004245,OK,,True,866,0.10825,,2026-10-03T11:30:36.034518+07:00,32.265118836000056,0.032929001999946195,OK,,True,2180,0.2725,
59fb0b3833d04c8cbdd8c1e074671b1d,34,2026-10-03T11:30:36.815647+07:00,33.04624035200004,33.04624035200004,MONITOR,33.160208554999826,0.999988741999914,0.25178776599977937,8.128299987220089e-05,DISABLED,off,user_reported,39.27703094482422,63.53529357910156,1012.217578125,100136.90625,True,True,True,176,0,0,109,177,101,2026-10-03T11:30:36.815721+07:00,33.04632283299998,0.18580663300008382,OK,,True,2026-10-03T11:30:37.001539+07:00,33.23213696599987,0.032995483000377135,OK,,True,861,0.107625,,2026-10-03T11:30:37.034535+07:00,33.26513570799989,0.03288439100015239,OK,,True,2180,0.2725,
59fb0b3833d04c8cbdd8c1e074671b1d,35,2026-10-03T11:30:37.815648+07:00,34.04624131900027,34.04624131900027,MONITOR,34.16020952200006,1.0000009670002328,0.2517408959997738,8.225000010497752e-05,DISABLED,off,user_reported,39.274478912353516,63.514793395996094,1012.206484375,100431.5390625,True,True,True,176,0,0,109,177,101,2026-10-03T11:30:37.815721+07:00,34.04632292899987,0.18580078200011485,OK,,True,2026-10-03T11:30:38.001532+07:00,34.23213056299983,0.03297796400011066,OK,,True,854,0.10675,,2026-10-03T11:30:38.034510+07:00,34.26511136099998,0.03286231699985365,OK,,True,2174,0.27175,
59fb0b3833d04c8cbdd8c1e074671b1d,36,2026-10-03T11:30:38.815649+07:00,35.04624215800004,35.04624215800004,MONITOR,35.16021036099983,1.0000008389997674,0.2520247269999345,8.308899987241603e-05,DISABLED,off,user_reported,39.282772064208984,63.522884368896484,1012.165,100787.3984375,True,True,True,176,0,0,109,177,101,2026-10-03T11:30:38.815720+07:00,35.04632226800004,0.18580268899995644,OK,,True,2026-10-03T11:30:39.001534+07:00,35.232132401999934,0.0332349250002153,OK,,True,857,0.107125,,2026-10-03T11:30:39.034770+07:00,35.26537069799997,0.032887669000047026,OK,,True,2173,0.271625,
59fb0b3833d04c8cbdd8c1e074671b1d,37,2026-10-03T11:30:39.815655+07:00,36.04624892399988,36.04624892399988,MONITOR,36.16021712699967,1.0000067659998422,0.25172056300016266,8.985499971458921e-05,DISABLED,off,user_reported,39.283409118652344,63.52299118041992,1012.17984375,100727.9140625,True,True,True,176,0,0,109,177,101,2026-10-03T11:30:39.815730+07:00,36.04633142300008,0.1857965049998711,OK,,True,2026-10-03T11:30:40.001536+07:00,36.23213498299992,0.03297416900022654,OK,,True,849,0.106125,,2026-10-03T11:30:40.034512+07:00,36.26511233700012,0.03284842799985199,OK,,True,2185,0.273125,
59fb0b3833d04c8cbdd8c1e074671b1d,38,2026-10-03T11:30:40.815651+07:00,37.04624530299998,37.04624530299998,MONITOR,37.160213505999764,0.9999963790000947,0.25178891599989583,8.623399980933755e-05,DISABLED,off,user_reported,39.28660202026367,63.53021240234375,1012.19890625,101026.046875,True,True,True,176,0,0,109,177,101,2026-10-03T11:30:40.815719+07:00,37.0463208770002,0.1858024119997026,OK,,True,2026-10-03T11:30:41.001532+07:00,37.23213019600007,0.032976575999782654,OK,,True,884,0.1105,,2026-10-03T11:30:41.034510+07:00,37.26511008700027,0.03291250199981732,OK,,True,2183,0.272875,
59fb0b3833d04c8cbdd8c1e074671b1d,39,2026-10-03T11:30:41.815658+07:00,38.04625151800019,38.04625151800019,MONITOR,38.160219720999976,1.0000062150002123,0.25174852700001793,9.244900002158829e-05,DISABLED,off,user_reported,39.289154052734375,63.51727294921875,1012.18921875,100609.15625,True,True,True,176,0,0,109,177,101,2026-10-03T11:30:41.815728+07:00,38.046329887999946,0.18579724500023076,OK,,True,2026-10-03T11:30:42.001535+07:00,38.23213446699992,0.03297350100001495,OK,,True,875,0.109375,,2026-10-03T11:30:42.034510+07:00,38.2651111539999,0.032880132000173035,OK,,True,2170,0.27125,
59fb0b3833d04c8cbdd8c1e074671b1d,40,2026-10-03T11:30:42.815655+07:00,39.04624949300023,39.04624949300023,MONITOR,39.16021769600002,0.9999979750000421,0.25176474999989296,9.042400006364915e-05,DISABLED,off,user_reported,39.287879943847656,63.503684997558594,1012.235234375,101145.7890625,True,True,True,176,0,0,109,177,101,2026-10-03T11:30:42.815722+07:00,39.04632428900004,0.18579996800008303,OK,,True,2026-10-03T11:30:43.001532+07:00,39.23213133099989,0.03299852100008138,OK,,True,873,0.109125,,2026-10-03T11:30:43.034533+07:00,39.265133185000195,0.03287222499966447,OK,,True,2176,0.272,
59fb0b3833d04c8cbdd8c1e074671b1d,41,2026-10-03T11:30:43.815649+07:00,40.04624248900018,40.04624248900018,MONITOR,40.160210691999964,0.9999929959999463,0.25173691700001655,8.342000000993721e-05,DISABLED,off,user_reported,39.28596496582031,63.530113220214844,1012.177265625,100966.28125,True,True,True,176,0,0,109,177,101,2026-10-03T11:30:43.815715+07:00,40.04631687700021,0.18580239499988238,OK,,True,2026-10-03T11:30:44.001528+07:00,40.232126678999975,0.032980390999910014,OK,,True,866,0.10825,,2026-10-03T11:30:44.034510+07:00,40.26511019999998,0.03286009500016007,OK,,True,2180,0.2725,
59fb0b3833d04c8cbdd8c1e074671b1d,42,2026-10-03T11:30:44.815651+07:00,41.04624487499996,41.04624487499996,MONITOR,41.16021307799974,1.0000023859997782,0.2520577680002134,8.580599978813552e-05,DISABLED,off,user_reported,39.290428161621094,63.510799407958984,1012.218671875,100787.3984375,True,True,True,176,0,0,109,177,101,2026-10-03T11:30:44.815718+07:00,41.04632019000019,0.18580635799980882,OK,,True,2026-10-03T11:30:45.001535+07:00,41.23213369599989,0.03325687000005928,OK,,True,859,0.107375,,2026-10-03T11:30:45.034794+07:00,41.26539439899989,0.032899540000016714,OK,,True,2175,0.27187500000000003,
59fb0b3833d04c8cbdd8c1e074671b1d,43,2026-10-03T11:30:45.815654+07:00,42.046247929999936,42.046247929999936,MONITOR,42.16021613299972,1.0000030549999792,0.2518501770000512,8.88609997673484e-05,DISABLED,off,user_reported,39.29170608520508,63.517704010009766,1012.2003125,101265.8203125,True,True,True,176,0,0,109,177,101,2026-10-03T11:30:45.815724+07:00,42.04632594800023,0.18580659899998864,OK,,True,2026-10-03T11:30:46.001541+07:00,42.23214004700003,0.03299055800016504,OK,,True,859,0.107375,,2026-10-03T11:30:46.034533+07:00,42.26513388300009,0.0329544649998752,OK,,True,2193,0.274125,
59fb0b3833d04c8cbdd8c1e074671b1d,44,2026-10-03T11:30:46.815655+07:00,43.04624787600005,43.04624787600005,MONITOR,43.16021607899984,0.9999999460001163,0.251767584999925,8.880699988367269e-05,DISABLED,off,user_reported,39.29425811767578,63.524818420410156,1012.211328125,101325.9453125,True,True,True,176,0,0,109,177,101,2026-10-03T11:30:46.815721+07:00,43.0463224680002,0.1858034699998825,OK,,True,2026-10-03T11:30:47.001535+07:00,43.232132659999934,0.032987243000206945,OK,,True,879,0.109875,,2026-10-03T11:30:47.034522+07:00,43.26512253200008,0.032884706999993796,OK,,True,2178,0.27225,
59fb0b3833d04c8cbdd8c1e074671b1d,45,2026-10-03T11:30:47.815656+07:00,44.046249472,44.046249472,MONITOR,44.160217674999785,1.0000015959999473,0.25176286299983985,9.040299983098521e-05,DISABLED,off,user_reported,39.29872512817383,63.51219940185547,1012.2321875,101627.6328125,True,True,True,176,0,0,109,177,101,2026-10-03T11:30:47.815725+07:00,44.046327119000125,0.18580452600008357,OK,,True,2026-10-03T11:30:48.001540+07:00,44.232138663000114,0.03297579899981429,OK,,True,889,0.111125,,2026-10-03T11:30:48.034517+07:00,44.265117738999834,0.03288492900037454,OK,,True,2177,0.272125,
59fb0b3833d04c8cbdd8c1e074671b1d,46,2026-10-03T11:30:48.815656+07:00,45.046249550000084,45.046249550000084,MONITOR,45.16021775299987,1.0000000780000846,0.25172025299980305,9.048099991559866e-05,DISABLED,off,user_reported,39.2929801940918,63.517913818359375,1012.195390625,101325.9453125,True,True,True,176,0,0,109,177,101,2026-10-03T11:30:48.815721+07:00,45.046322476000114,0.1858057109998299,OK,,True,2026-10-03T11:30:49.001537+07:00,45.232135538999955,0.03299287200024992,OK,,True,885,0.110625,,2026-10-03T11:30:49.034531+07:00,45.26513176300023,0.032830317999923864,OK,,True,2175,0.27187500000000003,
59fb0b3833d04c8cbdd8c1e074671b1d,47,2026-10-03T11:30:49.815654+07:00,46.046247630999915,46.046247630999915,MONITOR,46.1602158339997,0.9999980809998306,0.2516932530002123,8.856199974616175e-05,DISABLED,off,user_reported,39.29872512817383,63.532257080078125,1012.204765625,101627.6328125,True,True,True,176,0,0,109,177,101,2026-10-03T11:30:49.815729+07:00,46.046330703999956,0.18580561899989334,OK,,True,2026-10-03T11:30:50.001545+07:00,46.23214317500015,0.03296874299985575,OK,,True,876,0.1095,,2026-10-03T11:30:50.034514+07:00,46.26511521400016,0.03281857799993304,OK,,True,2185,0.273125,
59fb0b3833d04c8cbdd8c1e074671b1d,48,2026-10-03T11:30:50.815658+07:00,47.04625171299995,47.04625171299995,MONITOR,47.16021991599973,1.0000040820000322,0.25212515800012625,9.264399977837456e-05,DISABLED,off,user_reported,39.30255126953125,63.53291320800781,1012.1834375,101265.8203125,True,True,True,176,0,0,109,177,101,2026-10-03T11:30:50.815724+07:00,47.046325916000114,0.18581441600008475,OK,,True,2026-10-03T11:30:51.001551+07:00,47.23214840599985,0.0332495740003651,OK,,True,871,0.108875,,2026-10-03T11:30:51.034801+07:00,47.265401740000016,0.03296483500025715,OK,,True,2182,0.27275,
59fb0b3833d04c8cbdd8c1e074671b1d,49,2026-10-03T11:30:51.815659+07:00,48.04625222300001,48.04625222300001,MONITOR,48.160220425999796,1.0000005100000635,0.2516936810002335,9.315399984188844e-05,DISABLED,off,user_reported,39.300636291503906,63.51920700073242,1012.194140625,101688.1796875,True,True,True,176,0,0,109,176,101,2026-10-03T11:30:51.815726+07:00,48.04632766700024,0.18579332299987072,OK,,True,2026-10-03T11:30:52.001529+07:00,48.23212767599989,0.03296900200029995,OK,,True,873,0.109125,,2026-10-03T11:30:52.034499+07:00,48.26509934500018,0.032838632999755646,OK,,True,2185,0.273125,
59fb0b3833d04c8cbdd8c1e074671b1d,50,2026-10-03T11:30:52.815655+07:00,49.046249049999915,49.046249049999915,MONITOR,49.1602172529997,0.9999968269999044,0.2517206430002261,8.998099974633078e-05,DISABLED,off,user_reported,39.304466247558594,63.53323745727539,1012.2140625,101325.9453125,True,True,True,176,0,0,109,177,101,2026-10-03T11:30:52.815720+07:00,49.046321974999955,0.18580252800029484,OK,,True,2026-10-03T11:30:53.001532+07:00,49.23213118800004,0.03298833500002729,OK,,True,869,0.108625,,2026-10-03T11:30:53.034522+07:00,49.265122856999824,0.0328393730001153,OK,,True,2177,0.272125,
59fb0b3833d04c8cbdd8c1e074671b1d,51,2026-10-03T11:30:53.815650+07:00,50.04624334100026,50.04624334100026,MONITOR,50.16021154400005,0.9999942910003483,0.2517604399999982,8.427200009464286e-05,DISABLED,off,user_reported,39.307655334472656,63.5203971862793,1012.22609375,101145.7890625,True,True,True,176,0,0,109,177,101,2026-10-03T11:30:53.815725+07:00,50.04632634100017,0.18580869399966105,OK,,True,2026-10-03T11:30:54.001544+07:00,50.232141515999956,0.032988021000164736,OK,,True,880,0.11,,2026-10-03T11:30:54.034532+07:00,50.265132926000206,0.03286303999993834,OK,,True,2186,0.27325,
59fb0b3833d04c8cbdd8c1e074671b1d,52,2026-10-03T11:30:54.815648+07:00,51.04624200499984,51.04624200499984,MONITOR,51.160210207999626,0.9999986639995768,0.2517371440003444,8.293599967146292e-05,DISABLED,off,user_reported,39.3070182800293,63.52029800415039,1012.21140625,102114.078125,True,True,True,176,0,0,109,177,101,2026-10-03T11:30:54.815722+07:00,51.04632344799984,0.18580993600016882,OK,,True,2026-10-03T11:30:55.001544+07:00,51.23214156899985,0.03297333600039565,OK,,True,853,0.106625,,2026-10-03T11:30:55.034518+07:00,51.26511807099996,0.03285326300010638,OK,,True,2186,0.27325,
59fb0b3833d04c8cbdd8c1e074671b1d,53,2026-10-03T11:30:55.815661+07:00,52.04625172499982,52.04625172499982,MONITOR,52.160219927999606,1.00000971999998,0.25174881200018717,9.265599965146976e-05,DISABLED,off,user_reported,39.30893325805664,63.527305603027344,1012.207578125,101446.40625,True,True,True,176,0,0,109,177,101,2026-10-03T11:30:55.815744+07:00,52.04634553899996,0.18582684300008623,OK,,True,2026-10-03T11:30:56.001583+07:00,52.232180826999866,0.03292939100037984,OK,,True,872,0.109,,2026-10-03T11:30:56.034512+07:00,52.26511310700016,0.03287705899992943,OK,,True,2188,0.2735,
59fb0b3833d04c8cbdd8c1e074671b1d,54,2026-10-03T11:30:56.815651+07:00,53.04624453999986,53.04624453999986,MONITOR,53.16021274299965,0.9999928150000414,0.25204090300030657,8.547099969291594e-05,DISABLED,off,user_reported,39.31276321411133,63.52794647216797,1012.21375,101809.5078125,True,True,True,176,0,0,109,177,101,2026-10-03T11:30:56.815725+07:00,53.04632718799985,0.1858069540003271,OK,,True,2026-10-03T11:30:57.001544+07:00,53.23214182799984,0.033271407000029285,OK,,True,884,0.1105,,2026-10-03T11:30:57.034818+07:00,53.26541736499985,0.032860078000339854,OK,,True,2198,0.27475,
59fb0b3833d04c8cbdd8c1e074671b1d,55,2026-10-03T11:30:57.815648+07:00,54.0462419129999,54.0462419129999,MONITOR,54.16021011599969,0.999997373000042,0.25170190500011813,8.284399973490508e-05,DISABLED,off,user_reported,39.314674377441406,63.521583557128906,1012.230703125,101748.8046875,True,True,True,176,0,0,109,177,101,2026-10-03T11:30:57.815724+07:00,54.04632532000005,0.18580528800021057,OK,,True,2026-10-03T11:30:58.001539+07:00,54.23213784800009,0.03297509599997284,OK,,True,869,0.108625,,2026-10-03T11:30:58.034515+07:00,54.265115740000056,0.03282102200000736,OK,,True,2188,0.2735,
59fb0b3833d04c8cbdd8c1e074671b1d,56,2026-10-03T11:30:58.815648+07:00,55.04624158300021,55.04624158300021,MONITOR,55.160209785999996,0.9999996700003067,0.2517683309997665,8.251400004155585e-05,DISABLED,off,user_reported,39.314674377441406,63.53495788574219,1012.17578125,101992.03125,True,True,True,176,0,0,109,177,101,2026-10-03T11:30:58.815722+07:00,55.046323379000114,0.18580734399984067,OK,,True,2026-10-03T11:30:59.001541+07:00,55.23213894499986,0.03300985400028367,OK,,True,872,0.109,,2026-10-03T11:30:59.034551+07:00,55.265151892000176,0.03285028099980991,OK,,True,2186,0.27325,
59fb0b3833d04c8cbdd8c1e074671b1d,57,2026-10-03T11:30:59.815653+07:00,56.04624660699983,56.04624660699983,MONITOR,56.160214809999616,1.0000050239996199,0.2517933130002348,8.75379996614356e-05,DISABLED,off,user_reported,39.314674377441406,63.51490020751953,1012.17578125,102297.703125,True,True,True,176,0,0,109,177,101,2026-10-03T11:30:59.815726+07:00,56.04632806900008,0.1858402150000984,OK,,True,2026-10-03T11:31:00.001581+07:00,56.232178246999865,0.0330024280001453,OK,,True,865,0.108125,,2026-10-03T11:31:00.034584+07:00,56.26518402700003,0.032848040999851946,OK,,True,2184,0.273,
59fb0b3833d04c8cbdd8c1e074671b1d,58,2026-10-03T11:31:00.815820+07:00,57.046395187000144,57.046395187000144,MONITOR,57.16036338999993,1.0001485800003138,0.2532129329997588,0.0002361179999752494,DISABLED,off,user_reported,39.31786346435547,63.53550338745117,1012.19453125,101992.03125,True,True,True,176,0,0,109,177,101,2026-10-03T11:31:00.816006+07:00,57.04660625999986,0.18706331700013834,OK,,True,2026-10-03T11:31:01.003080+07:00,57.233677984000224,0.033018094999988534,OK,,True,878,0.10975,,2026-10-03T11:31:01.036099+07:00,57.26669913500018,0.03289905899964651,OK,,True,2187,0.273375,
59fb0b3833d04c8cbdd8c1e074671b1d,59,2026-10-03T11:31:01.815651+07:00,58.04624432699984,58.04624432699984,MONITOR,58.160212529999626,0.9998491399996965,0.2517643690002842,8.525799967173953e-05,DISABLED,off,user_reported,39.32041549682617,63.52923583984375,1012.191875,102114.078125,True,True,True,176,0,0,109,177,101,2026-10-03T11:31:01.815726+07:00,58.04632784500018,0.1857891039999231,OK,,True,2026-10-03T11:31:02.001524+07:00,58.23212263400001,0.032975596000142104,OK,,True,899,0.112375,,2026-10-03T11:31:02.034501+07:00,58.26510171100017,0.03289859599999545,OK,,True,2185,0.273125,
59fb0b3833d04c8cbdd8c1e074671b1d,60,2026-10-03T11:31:02.815650+07:00,59.046243356000105,59.046243356000105,MONITOR,59.16021155899989,0.9999990290002643,0.25188477599976977,8.428699993601185e-05,DISABLED,off,user_reported,39.32233428955078,63.52956771850586,1012.201796875,102297.703125,True,True,True,176,0,0,109,177,101,2026-10-03T11:31:02.815723+07:00,59.04632450400004,0.18578969700001835,OK,,True,2026-10-03T11:31:03.001521+07:00,59.23211964500024,0.03316864999987956,OK,,True,853,0.106625,,2026-10-03T11:31:03.034691+07:00,59.26529148000009,0.03282863399999769,OK,,True,2182,0.27275,
59fb0b3833d04c8cbdd8c1e074671b1d,61,2026-10-03T11:31:03.815652+07:00,60.04624555300006,60.04624555300006,MONITOR,60.16021375599985,1.000002196999958,0.25168570499999987,8.648399989397149e-05,DISABLED,off,user_reported,39.32233428955078,63.52287673950195,1012.181171875,102297.703125,True,True,True,176,0,0,109,177,101,2026-10-03T11:31:03.815727+07:00,60.04632897900001,0.18579842000008284,OK,,True,2026-10-03T11:31:04.001535+07:00,60.2321338239999,0.032972189000247454,OK,,True,870,0.10875,,2026-10-03T11:31:04.034508+07:00,60.26510893900013,0.0328146150000066,OK,,True,2187,0.273375,
59fb0b3833d04c8cbdd8c1e074671b1d,62,2026-10-03T11:31:04.815646+07:00,61.046239697000146,61.046239697000146,MONITOR,61.16020789999993,0.9999941440000839,0.25164585299989994,8.062799997787806e-05,DISABLED,off,user_reported,39.32297134399414,63.5296630859375,1012.189140625,101870.2734375,True,True,True,176,0,0,109,177,101,2026-10-03T11:31:04.815718+07:00,61.04631964100008,0.18579219799994462,OK,,True,2026-10-03T11:31:05.001519+07:00,61.232117302000006,0.032936280999820156,OK,,True,878,0.10975,,2026-10-03T11:31:05.034456+07:00,61.26505693499985,0.032821874000092066,OK,,True,2191,0.273875,
59fb0b3833d04c8cbdd8c1e074671b1d,63,2026-10-03T11:31:05.815648+07:00,62.04624150900008,62.04624150900008,MONITOR,62.16020971199987,1.0000018119999368,0.25529286399978446,8.24399999146408e-05,DISABLED,off,user_reported,39.325523376464844,63.53010177612305,1012.1865625,101992.03125,True,True,True,176,0,0,109,177,101,2026-10-03T11:31:05.815719+07:00,62.046320712000124,0.18626539900014905,OK,,True,2026-10-03T11:31:06.002000+07:00,62.23259764800014,0.03582970499974181,OK,,True,876,0.1095,,2026-10-03T11:31:06.037837+07:00,62.26843401899987,0.03309065100029329,OK,,True,2193,0.274125,
59fb0b3833d04c8cbdd8c1e074671b1d,64,2026-10-03T11:31:06.815655+07:00,63.046248730000116,63.046248730000116,MONITOR,63.1602169329999,1.0000072210000326,0.2516559649998271,8.966099994722754e-05,DISABLED,off,user_reported,39.32807159423828,63.52385711669922,1012.176875,102359.0546875,True,True,True,176,0,0,109,177,101,2026-10-03T11:31:06.815730+07:00,63.04633082200007,0.18578090299979522,OK,,True,2026-10-03T11:31:07.001517+07:00,63.23211626200009,0.03294705899998007,OK,,True,880,0.11,,2026-10-03T11:31:07.034466+07:00,63.26506656099991,0.03282957900000838,OK,,True,2193,0.274125,
59fb0b3833d04c8cbdd8c1e074671b1d,65,2026-10-03T11:31:07.815655+07:00,64.04624867600023,64.04624867600023,MONITOR,64.16021687900002,0.9999999460001163,0.2515998359999685,8.960700006355182e-05,DISABLED,off,user_reported,39.32743453979492,63.52374267578125,1012.17578125,102605.2109375,True,True,True,176,0,0,109,177,101,2026-10-03T11:31:07.815728+07:00,64.04632950799987,0.18579568100039978,OK,,True,2026-10-03T11:31:08.001532+07:00,64.232130633,0.03291467000008197,OK,,True,886,0.11075,,2026-10-03T11:31:08.034448+07:00,64.26504854399991,0.03279257900021548,OK,,True,2192,0.274,
59fb0b3833d04c8cbdd8c1e074671b1d,66,2026-10-03T11:31:08.815656+07:00,65.04625045600005,65.04625045600005,MONITOR,65.16021865899984,1.0000017799998204,0.251860889999989,9.138699988398002e-05,DISABLED,off,user_reported,39.329349517822266,63.52405548095703,1012.185703125,102728.734375,True,True,True,176,0,0,109,177,101,2026-10-03T11:31:08.815728+07:00,65.04632969600016,0.1857930689998284,OK,,True,2026-10-03T11:31:09.001531+07:00,65.23212904299999,0.03315859500025908,OK,,True,894,0.11175,,2026-10-03T11:31:09.034691+07:00,65.26529141499987,0.03281220899998516,OK,,True,2180,0.2725,
59fb0b3833d04c8cbdd8c1e074671b1d,67,2026-10-03T11:31:09.815653+07:00,66.04624647799983,66.04624647799983,MONITOR,66.16021468099962,0.9999960219997774,0.2516167070002666,8.740899966142024e-05,DISABLED,off,user_reported,39.33190155029297,63.53118133544922,1012.182890625,102114.078125,True,True,True,176,0,0,109,177,101,2026-10-03T11:31:09.815725+07:00,66.04632720000018,0.1857915329997013,OK,,True,2026-10-03T11:31:10.001525+07:00,66.23212402900026,0.03293759600001067,OK,,True,884,0.1105,,2026-10-03T11:31:10.034463+07:00,66.26506442200025,0.032791077999718254,OK,,True,2191,0.273875,
59fb0b3833d04c8cbdd8c1e074671b1d,68,2026-10-03T11:31:10.815655+07:00,67.04624878000004,67.04624878000004,MONITOR,67.16021698299983,1.0000023020002118,0.2635564180000074,8.971099987320486e-05,DISABLED,off,user_reported,39.33509063720703,63.531715393066406,1012.22265625,102359.0546875,True,True,True,176,0,0,109,177,101,2026-10-03T11:31:10.815727+07:00,67.0463293910002,0.1913668819997838,OK,,True,2026-10-03T11:31:11.007121+07:00,67.23771466200014,0.036406514999725914,OK,,True,882,0.11025,,2026-10-03T11:31:11.043542+07:00,67.27413510299994,0.03565672500008077,OK,,True,2187,0.273375,
59fb0b3833d04c8cbdd8c1e074671b1d,69,2026-10-03T11:31:11.815656+07:00,68.04625026900021,68.04625026900021,MONITOR,68.160218472,1.0000014890001694,0.2517458369998167,9.120000004259055e-05,DISABLED,off,user_reported,39.33892059326172,63.53237533569336,1012.16703125,102359.0546875,True,True,True,176,0,0,109,177,101,2026-10-03T11:31:11.815727+07:00,68.04632849100017,0.1857967739997548,OK,,True,2026-10-03T11:31:12.001532+07:00,68.232130117,0.032994522000080906,OK,,True,884,0.1105,,2026-10-03T11:31:12.034528+07:00,68.26512808300004,0.03285963400003311,OK,,True,2184,0.273,
59fb0b3833d04c8cbdd8c1e074671b1d,70,2026-10-03T11:31:12.815657+07:00,69.04624833400021,69.04624833400021,MONITOR,69.160216537,0.9999980649999998,0.2517383559998052,8.926500004236004e-05,DISABLED,off,user_reported,39.336368560791016,63.53861999511719,1012.224765625,102420.484375,True,True,True,176,0,0,109,177,101,2026-10-03T11:31:12.815735+07:00,69.04633651899985,0.18580216300006214,OK,,True,2026-10-03T11:31:13.001548+07:00,69.23214569999982,0.03297883700042803,OK,,True,880,0.11,,2026-10-03T11:31:13.034528+07:00,69.26512850000017,0.03285076399970421,OK,,True,2184,0.273,
59fb0b3833d04c8cbdd8c1e074671b1d,71,2026-10-03T11:31:13.815655+07:00,70.04624712299983,70.04624712299983,MONITOR,70.16021532599962,0.9999987889996191,0.2517252450002161,8.805399966149707e-05,DISABLED,off,user_reported,39.337005615234375,63.54542541503906,1012.170703125,102175.2109375,True,True,True,176,0,0,109,177,101,2026-10-03T11:31:13.815732+07:00,70.04633430700005,0.1858104419998199,OK,,True,2026-10-03T11:31:14.001554+07:00,70.23215211900015,0.03298102200005815,OK,,True,859,0.107375,,2026-10-03T11:31:14.034536+07:00,70.26513621499998,0.03282839400026205,OK,,True,2182,0.27275,
59fb0b3833d04c8cbdd8c1e074671b1d,72,2026-10-03T11:31:14.815654+07:00,71.04624561699984,71.04624561699984,MONITOR,71.16021381999963,0.9999984940000104,0.2519850030002999,8.65479996718932e-05,DISABLED,off,user_reported,39.339561462402344,63.54584503173828,1012.19546875,102790.6015625,True,True,True,176,0,0,109,177,101,2026-10-03T11:31:14.815730+07:00,71.04633165299992,0.18580788600002052,OK,,True,2026-10-03T11:31:15.001548+07:00,71.23214689099996,0.0332239459999073,OK,,True,896,0.112,,2026-10-03T11:31:15.034773+07:00,71.26537400400002,0.03284807899990483,OK,,True,2192,0.274,
59fb0b3833d04c8cbdd8c1e074671b1d,73,2026-10-03T11:31:15.815656+07:00,72.04624752000018,72.04624752000018,MONITOR,72.16021572299996,1.0000019030003386,0.25537029399993116,8.845100001053652e-05,DISABLED,off,user_reported,39.34210968017578,63.526214599609375,1012.178984375,102481.984375,True,True,True,176,0,0,109,177,101,2026-10-03T11:31:15.815737+07:00,72.04633848200001,0.18580868300023212,OK,,True,2026-10-03T11:31:16.001556+07:00,72.23215455399986,0.03351796300012211,OK,,True,870,0.10875,,2026-10-03T11:31:16.035084+07:00,72.26568122000026,0.0359095939998042,OK,,True,2175,0.27187500000000003,
59fb0b3833d04c8cbdd8c1e074671b1d,74,2026-10-03T11:31:16.815673+07:00,73.04626440599986,73.04626440599986,MONITOR,73.16023260899965,1.0000168859996847,0.25177169100015817,0.00010533699969528243,DISABLED,off,user_reported,39.344024658203125,63.53322219848633,1012.21640625,103038.84375,True,True,True,176,0,0,109,177,101,2026-10-03T11:31:16.815753+07:00,73.04635462800024,0.1858008119997976,OK,,True,2026-10-03T11:31:17.001565+07:00,73.23216314399997,0.032959134000066115,OK,,True,921,0.115125,,2026-10-03T11:31:17.034525+07:00,73.26512562900007,0.03290209699980551,OK,,True,2193,0.274125,
59fb0b3833d04c8cbdd8c1e074671b1d,75,2026-10-03T11:31:17.815658+07:00,74.04624860900003,74.04624860900003,MONITOR,74.16021681199982,0.9999842030001673,0.2517586540002412,8.953999986260897e-05,DISABLED,off,user_reported,39.345298767089844,63.533447265625,1012.19796875,102605.2109375,True,True,True,176,0,0,109,177,101,2026-10-03T11:31:17.815737+07:00,74.04633899700002,0.18581012799995733,OK,,True,2026-10-03T11:31:18.001558+07:00,74.23215610599982,0.03298883700017541,OK,,True,874,0.10925,,2026-10-03T11:31:18.034547+07:00,74.26514805499983,0.03285081900003206,OK,,True,2185,0.273125,
59fb0b3833d04c8cbdd8c1e074671b1d,76,2026-10-03T11:31:18.815659+07:00,75.04624977599997,75.04624977599997,MONITOR,75.16021797899975,1.0000011669999367,0.2516982659999485,9.070699979929486e-05,DISABLED,off,user_reported,39.345298767089844,63.54013442993164,1012.20484375,102790.6015625,True,True,True,176,0,0,109,177,101,2026-10-03T11:31:18.815737+07:00,75.04633899800001,0.18580777599981957,OK,,True,2026-10-03T11:31:19.001555+07:00,75.23215321899988,0.03295535500001279,OK,,True,871,0.108875,,2026-10-03T11:31:19.034511+07:00,75.26511164800013,0.032828171999881306,OK,,True,2178,0.27225,
59fb0b3833d04c8cbdd8c1e074671b1d,77,2026-10-03T11:31:19.815659+07:00,76.04625037100004,76.04625037100004,MONITOR,76.16021857399983,1.000000595000074,0.25168047099987234,9.130199987339438e-05,DISABLED,off,user_reported,39.34785461425781,63.53388595581055,1012.21578125,102605.2109375,True,True,True,176,0,0,109,177,101,2026-10-03T11:31:19.815736+07:00,76.04633820400022,0.18580855399977736,OK,,True,2026-10-03T11:31:20.001556+07:00,76.23215407299995,0.03295006000007561,OK,,True,885,0.110625,,2026-10-03T11:31:20.034506+07:00,76.26510722500007,0.0328163939998376,OK,,True,2197,0.274625,
59fb0b3833d04c8cbdd8c1e074671b1d,78,2026-10-03T11:31:20.815648+07:00,77.04623998700026,77.04623998700026,MONITOR,77.16020819000005,0.9999896160002208,0.25440841399995406,8.091800009424333e-05,DISABLED,off,user_reported,39.349769592285156,63.52751922607422,1012.246484375,103038.84375,True,True,True,176,0,0,109,177,101,2026-10-03T11:31:20.815727+07:00,77.04632931900005,0.18580455499977688,OK,,True,2026-10-03T11:31:21.001543+07:00,77.23214076300019,0.0332390389999091,OK,,True,865,0.108125,,2026-10-03T11:31:21.034783+07:00,77.26538343199991,0.035247987000275316,OK,,True,2191,0.273875,
59fb0b3833d04c8cbdd8c1e074671b1d,79,2026-10-03T11:31:21.815704+07:00,78.046288603,78.046288603,MONITOR,78.16025680599978,1.0000486159997308,0.262427783000021,0.00012953399982507108,DISABLED,off,user_reported,39.355506896972656,63.541866302490234,1012.21453125,102728.734375,True,True,True,176,0,0,109,177,101,2026-10-03T11:31:21.815848+07:00,78.04644800899996,0.1915300880000359,OK,,True,2026-10-03T11:31:22.007399+07:00,78.23799337499986,0.035396894000314205,OK,,True,892,0.1115,,2026-10-03T11:31:22.042800+07:00,78.2733986950002,0.035300190999805636,OK,,True,2200,0.275,
59fb0b3833d04c8cbdd8c1e074671b1d,80,2026-10-03T11:31:22.815695+07:00,79.04627992499991,79.04627992499991,MONITOR,79.1602481279997,0.9999913219999144,0.26419066000016755,0.00012085599973943317,DISABLED,off,user_reported,39.351043701171875,63.541107177734375,1012.1934375,102728.734375,True,True,True,176,0,0,109,177,101,2026-10-03T11:31:22.815834+07:00,79.04643455399992,0.1906438910000361,OK,,True,2026-10-03T11:31:23.006496+07:00,79.23709131500027,0.0367858099998557,OK,,True,877,0.109625,,2026-10-03T11:31:23.043285+07:00,79.2738839210001,0.03657190500007346,OK,,True,2201,0.275125,
59fb0b3833d04c8cbdd8c1e074671b1d,81,2026-10-03T11:31:23.815666+07:00,80.04625815700001,80.04625815700001,MONITOR,80.1602263599998,0.9999782320001032,0.25171787899989795,9.908799984259531e-05,DISABLED,off,user_reported,39.358062744140625,63.53559875488281,1012.211875,102297.703125,True,True,True,176,0,0,109,177,101,2026-10-03T11:31:23.815747+07:00,80.04634917500016,0.18580835100010518,OK,,True,2026-10-03T11:31:24.001567+07:00,80.23216482299995,0.032954597000298236,OK,,True,883,0.110375,,2026-10-03T11:31:24.034522+07:00,80.26512262300002,0.03284519099997851,OK,,True,2189,0.273625,
59fb0b3833d04c8cbdd8c1e074671b1d,82,2026-10-03T11:31:24.815655+07:00,81.04624718600007,81.04624718600007,MONITOR,81.16021538899986,0.9999890290000621,0.2517309159998149,8.811699990474153e-05,DISABLED,off,user_reported,39.359336853027344,63.53581237792969,1012.179375,102666.9375,True,True,True,176,0,0,109,176,101,2026-10-03T11:31:24.815737+07:00,81.04633866699987,0.1858123700003489,OK,,True,2026-10-03T11:31:25.001560+07:00,81.23215800000025,0.03295561599998109,OK,,True,878,0.10975,,2026-10-03T11:31:25.034516+07:00,81.26511654200021,0.03285328299989487,OK,,True,2189,0.273625,
59fb0b3833d04c8cbdd8c1e074671b1d,83,2026-10-03T11:31:25.815658+07:00,82.04624986499994,82.04624986499994,MONITOR,82.16021806799972,1.0000026789998628,0.2517858050000541,9.07959997675789e-05,DISABLED,off,user_reported,39.36061477661133,63.542724609375,1012.209140625,102236.421875,True,True,True,176,0,0,109,177,101,2026-10-03T11:31:25.815738+07:00,82.0463398830002,0.18581374099994719,OK,,True,2026-10-03T11:31:26.001563+07:00,82.23216103100003,0.03295817200023521,OK,,True,884,0.1105,,2026-10-03T11:31:26.034523+07:00,82.26512305400001,0.03290324599993255,OK,,True,2193,0.274125,
59fb0b3833d04c8cbdd8c1e074671b1d,84,2026-10-03T11:31:26.815652+07:00,83.04624323100006,83.04624323100006,MONITOR,83.16021143399985,0.9999933660001261,0.25216237699987687,8.416199989369488e-05,DISABLED,off,user_reported,39.362525939941406,63.529666900634766,1012.157109375,103225.8046875,True,True,True,176,0,0,109,177,101,2026-10-03T11:31:26.815732+07:00,83.0463339339999,0.18580266800017853,OK,,True,2026-10-03T11:31:27.001546+07:00,83.23214441600021,0.03331253899978037,OK,,True,864,0.108,,2026-10-03T11:31:27.034860+07:00,83.2654604180002,0.032936337999672105,OK,,True,2193,0.274125,
59fb0b3833d04c8cbdd8c1e074671b1d,85,2026-10-03T11:31:27.815651+07:00,84.04624259799994,84.04624259799994,MONITOR,84.16021080099972,0.999999366999873,0.2523087290001058,8.352899976671324e-05,DISABLED,off,user_reported,39.36316680908203,63.5297737121582,1012.178828125,102790.6015625,True,True,True,176,0,0,109,177,101,2026-10-03T11:31:27.815733+07:00,84.046335301,0.18580264999991414,OK,,True,2026-10-03T11:31:28.001547+07:00,84.23214569099991,0.03323057700026766,OK,,True,889,0.111125,,2026-10-03T11:31:28.034783+07:00,84.2653818419999,0.03316016999997373,OK,,True,2190,0.27375,
59fb0b3833d04c8cbdd8c1e074671b1d,86,2026-10-03T11:31:28.815725+07:00,85.04630987400014,85.04630987400014,MONITOR,85.16027807699993,1.000067276000209,0.2622928979999415,0.0001508049999756622,DISABLED,off,user_reported,39.36316680908203,63.53645706176758,1012.192578125,102481.984375,True,True,True,176,0,0,109,177,101,2026-10-03T11:31:28.815860+07:00,85.04646087299989,0.1913697210002283,OK,,True,2026-10-03T11:31:29.007253+07:00,85.23784624200016,0.03548068999998577,OK,,True,881,0.110125,,2026-10-03T11:31:29.042738+07:00,85.2733354689999,0.0352500809999583,OK,,True,2196,0.2745,
59fb0b3833d04c8cbdd8c1e074671b1d,87,2026-10-03T11:31:29.815680+07:00,86.04627081900026,86.04627081900026,MONITOR,86.16023902200004,0.9999609450001117,0.25166386399996554,0.0001117500000873406,DISABLED,off,user_reported,39.365081787109375,63.53009796142578,1012.16828125,102728.734375,True,True,True,176,0,0,109,177,101,2026-10-03T11:31:29.815763+07:00,86.04636455900027,0.18581150199997865,OK,,True,2026-10-03T11:31:30.001587+07:00,86.23218402400016,0.03292604199987181,OK,,True,875,0.109375,,2026-10-03T11:31:30.034512+07:00,86.26511295499995,0.03281382000022859,OK,,True,2191,0.273875,
59fb0b3833d04c8cbdd8c1e074671b1d,88,2026-10-03T11:31:30.815697+07:00,87.046286969,87.046286969,MONITOR,87.16025517199978,1.0000161499997375,0.2518519179998293,0.00012789999982487643,DISABLED,off,user_reported,39.36699676513672,63.543800354003906,1012.185,102976.671875,True,True,True,176,0,0,109,177,101,2026-10-03T11:31:30.815784+07:00,87.0463853199999,0.18582174300036058,OK,,True,2026-10-03T11:31:31.001617+07:00,87.23221482200006,0.03299180100020749,OK,,True,886,0.11075,,2026-10-03T11:31:31.034609+07:00,87.26520980800024,0.03291874599972289,OK,,True,2193,0.274125,
59fb0b3833d04c8cbdd8c1e074671b1d,89,2026-10-03T11:31:31.815657+07:00,88.0462478620002,88.0462478620002,MONITOR,88.16021606499999,0.9999608930002069,0.2517656039999565,8.87930000317283e-05,DISABLED,off,user_reported,39.37018585205078,63.53097152709961,1012.197109375,102852.5546875,True,True,True,176,0,0,109,177,101,2026-10-03T11:31:31.815739+07:00,88.04634050999994,0.18582427999990614,OK,,True,2026-10-03T11:31:32.001575+07:00,88.23217252999984,0.03295143100012865,OK,,True,877,0.109625,,2026-10-03T11:31:32.034526+07:00,88.26512710899988,0.032877265000024636,OK,,True,2190,0.27375,
59fb0b3833d04c8cbdd8c1e074671b1d,90,2026-10-03T11:31:32.815661+07:00,89.0462525160001,89.0462525160001,MONITOR,89.16022071899988,1.0000046539998948,0.25202012099998683,9.34469999265275e-05,DISABLED,off,user_reported,39.3714599609375,63.537864685058594,1012.151015625,102852.5546875,True,True,True,176,0,0,109,177,101,2026-10-03T11:31:32.815746+07:00,89.04634756999985,0.1858164290001696,OK,,True,2026-10-03T11:31:33.001574+07:00,89.23217188800027,0.03326553899978535,OK,,True,885,0.110625,,2026-10-03T11:31:33.034840+07:00,89.26544053899988,0.03282402400009232,OK,,True,2188,0.2735,
59fb0b3833d04c8cbdd8c1e074671b1d,91,2026-10-03T11:31:33.815659+07:00,90.0462503560002,90.0462503560002,MONITOR,90.16021855899999,0.9999978400001055,0.2517245119997824,9.128700003202539e-05,DISABLED,off,user_reported,39.37273406982422,63.54477310180664,1012.166796875,102852.5546875,True,True,True,176,0,0,109,177,101,2026-10-03T11:31:33.815743+07:00,90.0463443550002,0.18582128099978945,OK,,True,2026-10-03T11:31:34.001576+07:00,90.2321737100001,0.03293722699982027,OK,,True,852,0.1065,,2026-10-03T11:31:34.034513+07:00,90.26511389999996,0.032852431000264914,OK,,True,2201,0.275125,
59fb0b3833d04c8cbdd8c1e074671b1d,92,2026-10-03T11:31:34.815739+07:00,91.04632208600015,91.04632208600015,MONITOR,91.16029028899993,1.000071729999945,0.26237393700012035,0.00016301699997711694,DISABLED,off,user_reported,39.37209701538086,63.53129196166992,1012.200234375,102666.9375,True,True,True,176,0,0,109,177,101,2026-10-03T11:31:34.815886+07:00,91.04648630700012,0.19155998099995486,OK,,True,2026-10-03T11:31:35.007470+07:00,91.23806336200005,0.03541881999990437,OK,,True,887,0.110875,,2026-10-03T11:31:35.042892+07:00,91.27349034899999,0.03518839600019419,OK,,True,2196,0.2745,
59fb0b3833d04c8cbdd8c1e074671b1d,93,2026-10-03T11:31:35.815741+07:00,92.04632698500018,92.04632698500018,MONITOR,92.16029518799996,1.0000048990000323,0.25999126899978364,0.00016791600000942708,DISABLED,off,user_reported,39.37784194946289,63.5389404296875,1012.22328125,103163.40625,True,True,True,176,0,0,109,177,101,2026-10-03T11:31:35.815854+07:00,92.04645522500005,0.1890221839998958,OK,,True,2026-10-03T11:31:36.004900+07:00,92.23549366799989,0.035445690999949875,OK,,True,893,0.111625,,2026-10-03T11:31:36.040349+07:00,92.27094756299994,0.03535104299999148,OK,,True,2202,0.27525,
59fb0b3833d04c8cbdd8c1e074671b1d,94,2026-10-03T11:31:36.815724+07:00,93.0463127930002,93.0463127930002,MONITOR,93.16028099599998,0.9999858080000195,0.25271076599983644,0.00015372400002888753,DISABLED,off,user_reported,39.37975311279297,63.5325813293457,1012.19890625,102852.5546875,True,True,True,176,0,0,109,176,101,2026-10-03T11:31:36.815813+07:00,93.04641497700004,0.1861726130000534,OK,,True,2026-10-03T11:31:37.002002+07:00,93.232597145,0.03350640899998325,OK,,True,878,0.10975,,2026-10-03T11:31:37.035511+07:00,93.26610925700015,0.03290459799973178,OK,,True,2205,0.275625,
59fb0b3833d04c8cbdd8c1e074671b1d,95,2026-10-03T11:31:37.815652+07:00,94.04624423299992,94.04624423299992,MONITOR,94.16021243599971,0.9999314399997274,0.2517285140002059,8.516399975633249e-05,DISABLED,off,user_reported,39.38166809082031,63.54628372192383,1012.229453125,102420.484375,True,True,True,176,0,0,109,177,101,2026-10-03T11:31:37.815731+07:00,94.04633308400025,0.18582067099987398,OK,,True,2026-10-03T11:31:38.001565+07:00,94.23216162500012,0.03296061599985478,OK,,True,868,0.1085,,2026-10-03T11:31:38.034525+07:00,94.2651249999999,0.032839914000305725,OK,,True,2190,0.27375,
59fb0b3833d04c8cbdd8c1e074671b1d,96,2026-10-03T11:31:38.815652+07:00,95.04624406199991,95.04624406199991,MONITOR,95.1602122649997,0.9999998289999894,0.25199334700027975,8.49929997457366e-05,DISABLED,off,user_reported,39.380393981933594,63.546058654785156,1012.179296875,102543.5625,True,True,True,176,0,0,109,177,101,2026-10-03T11:31:38.815731+07:00,95.04633319100003,0.18581150499994692,OK,,True,2026-10-03T11:31:39.001555+07:00,95.23215258500022,0.033249150999836274,OK,,True,886,0.11075,,2026-10-03T11:31:39.034805+07:00,95.26540482900009,0.03282513500016648,OK,,True,2190,0.27375,
59fb0b3833d04c8cbdd8c1e074671b1d,97,2026-10-03T11:31:39.818223+07:00,96.04881482000019,96.04881482000019,MONITOR,96.16278302299997,1.0025707580002745,0.25176534799993533,0.0026557510000202456,DISABLED,off,user_reported,39.38486099243164,63.54013442993164,1012.2071875,102666.9375,True,True,True,176,0,0,109,177,101,2026-10-03T11:31:39.818297+07:00,96.04889822699988,0.1858462260001943,OK,,True,2026-10-03T11:31:40.004155+07:00,96.23475262000011,0.032968079000056605,OK,,True,867,0.108375,,2026-10-03T11:31:40.037123+07:00,96.26772369900027,0.03284806199962986,OK,,True,2195,0.274375,
59fb0b3833d04c8cbdd8c1e074671b1d,98,2026-10-03T11:31:40.816430+07:00,97.04701862899992,97.04701862899992,MONITOR,97.16098683199971,0.9982038089997332,0.2519728649999706,0.0008595599997534009,DISABLED,off,user_reported,39.38486099243164,63.54013442993164,1012.152265625,102420.484375,True,True,True,176,0,0,109,177,101,2026-10-03T11:31:40.816525+07:00,97.04712640600019,0.1858531159996346,OK,,True,2026-10-03T11:31:41.002392+07:00,97.23298765100026,0.03298824599960426,OK,,True,884,0.1105,,2026-10-03T11:31:41.035380+07:00,97.265979582,0.033001783000145224,OK,,True,2177,0.272125,
59fb0b3833d04c8cbdd8c1e074671b1d,99,2026-10-03T11:31:41.815692+07:00,98.04628215399998,98.04628215399998,MONITOR,98.16025035699977,0.9992635250000603,0.2518124779999198,0.00012308499981372734,DISABLED,off,user_reported,39.387413024902344,63.540565490722656,1012.190703125,103038.84375,True,True,True,176,0,0,109,177,101,2026-10-03T11:31:41.815777+07:00,98.04637883800024,0.1858256909999909,OK,,True,2026-10-03T11:31:42.001617+07:00,98.23221286199987,0.03300113400018745,OK,,True,882,0.11025,,2026-10-03T11:31:42.034618+07:00,98.26521751500013,0.03286822800009759,OK,,True,2193,0.274125,
59fb0b3833d04c8cbdd8c1e074671b1d,100,2026-10-03T11:31:42.815673+07:00,99.04626621199986,99.04626621199986,MONITOR,99.16023441499965,0.9999840579998818,0.2517057200002455,0.00010714299969549756,DISABLED,off,user_reported,39.39251708984375,63.54142379760742,1012.192265625,103101.0859375,True,True,True,176,0,0,109,177,101,2026-10-03T11:31:42.815743+07:00,99.04634452600021,0.18581500599975698,OK,,True,2026-10-03T11:31:43.001571+07:00,99.23216734700009,0.0329508380000334,OK,,True,849,0.106125,,2026-10-03T11:31:43.034521+07:00,99.26512153700014,0.03284254299978784,OK,,True,2185,0.273125,
59fb0b3833d04c8cbdd8c1e074671b1d,101,2026-10-03T11:31:43.815663+07:00,100.04625532799992,100.04625532799992,MONITOR,100.1602235309997,0.9999891160000516,0.25171981299990875,9.625899974707863e-05,DISABLED,off,user_reported,39.39570617675781,63.52858352661133,1012.16984375,102976.671875,True,True,True,176,0,0,109,177,101,2026-10-03T11:31:43.815743+07:00,100.04634469700022,0.18581996900002196,OK,,True,2026-10-03T11:31:44.001576+07:00,100.23217272200009,0.032948449999821605,OK,,True,868,0.1085,,2026-10-03T11:31:44.034524+07:00,100.26512424600014,0.0328423579999253,OK,,True,2190,0.27375,
59fb0b3833d04c8cbdd8c1e074671b1d,102,2026-10-03T11:31:44.815655+07:00,101.04624772299985,101.04624772299985,MONITOR,101.16021592599964,0.9999923949999356,0.2520241810002517,8.865399968271959e-05,DISABLED,off,user_reported,39.39379119873047,63.5483283996582,1012.19421875,103101.0859375,True,True,True,176,0,0,109,177,101,2026-10-03T11:31:44.815730+07:00,101.04633209199983,0.1858190250000007,OK,,True,2026-10-03T11:31:45.001563+07:00,101.23215921000019,0.033261003000006895,OK,,True,870,0.10875,,2026-10-03T11:31:45.034825+07:00,101.26542421300019,0.03283893199977683,OK,,True,2185,0.273125,
59fb0b3833d04c8cbdd8c1e074671b1d,103,2026-10-03T11:31:45.815655+07:00,102.04624817500007,102.04624817500007,MONITOR,102.16021637799986,1.0000004520002221,0.2518217389997517,8.910599990485935e-05,DISABLED,off,user_reported,39.397621154785156,63.5289192199707,1012.186640625,102543.5625,True,True,True,176,0,0,109,177,101,2026-10-03T11:31:45.815732+07:00,102.04633430400008,0.1858189320000747,OK,,True,2026-10-03T11:31:46.001564+07:00,102.23216144000025,0.03297283799975048,OK,,True,860,0.1075,,2026-10-03T11:31:46.034538+07:00,102.26513746399996,0.03292332000000897,OK,,True,2183,0.272875,
59fb0b3833d04c8cbdd8c1e074671b1d,104,2026-10-03T11:31:46.815664+07:00,103.04625597999984,103.04625597999984,MONITOR,103.16022418299963,1.0000078049997683,0.25173785100014356,9.691099967312766e-05,DISABLED,off,user_reported,39.40017318725586,63.549407958984375,1012.19765625,102666.9375,True,True,True,176,0,0,109,177,101,2026-10-03T11:31:46.815741+07:00,103.0463429790002,0.1858294889998433,OK,,True,2026-10-03T11:31:47.001585+07:00,103.23218080100014,0.032934856999872864,OK,,True,892,0.1115,,2026-10-03T11:31:47.034518+07:00,103.26511858399999,0.03286532099991746,OK,,True,2193,0.274125,
59fb0b3833d04c8cbdd8c1e074671b1d,105,2026-10-03T11:31:47.815657+07:00,104.04624967600012,104.04624967600012,MONITOR,104.1602178789999,0.9999936960002742,0.2519119979997413,9.060699994734023e-05,DISABLED,off,user_reported,39.39570617675781,63.535274505615234,1012.19046875,102852.5546875,True,True,True,176,0,0,109,177,101,2026-10-03T11:31:47.815735+07:00,104.04633715699993,0.1858223590002126,OK,,True,2026-10-03T11:31:48.001571+07:00,104.23216820100015,0.03314683700000387,OK,,True,848,0.106,,2026-10-03T11:31:48.034722+07:00,104.26532033500007,0.0328326730000299,OK,,True,2187,0.273375,
59fb0b3833d04c8cbdd8c1e074671b1d,106,2026-10-03T11:31:48.815658+07:00,105.04625096600012,105.04625096600012,MONITOR,105.1602191689999,1.0000012900000002,0.25190966499985734,9.18969999474939e-05,DISABLED,off,user_reported,39.39698028564453,63.535491943359375,1012.17875,102728.734375,True,True,True,176,0,0,109,177,101,2026-10-03T11:31:48.815735+07:00,105.04633650200003,0.18582186000003276,OK,,True,2026-10-03T11:31:49.001570+07:00,105.23216662100003,0.03314981899984559,OK,,True,862,0.10775,,2026-10-03T11:31:49.034723+07:00,105.26532203199986,0.03283010000041031,OK,,True,2187,0.273375,
59fb0b3833d04c8cbdd8c1e074671b1d,107,2026-10-03T11:31:49.815655+07:00,106.04624803500019,106.04624803500019,MONITOR,106.16021623799998,0.9999970690000737,0.2520877389997622,8.896600002117339e-05,DISABLED,off,user_reported,39.405277252197266,63.5502815246582,1012.1921875,102914.5703125,True,True,True,176,0,0,109,177,101,2026-10-03T11:31:49.815732+07:00,106.04633373800016,0.18581830399989485,OK,,True,2026-10-03T11:31:50.001565+07:00,106.2321604130002,0.0332934469997781,OK,,True,888,0.111,,2026-10-03T11:31:50.034861+07:00,106.26545873099985,0.03286845100001301,OK,,True,2193,0.274125,
59fb0b3833d04c8cbdd8c1e074671b1d,108,2026-10-03T11:31:50.815658+07:00,107.04625069900021,107.04625069900021,MONITOR,107.160218902,1.0000026640000215,0.2525305509998361,9.163000004264177e-05,DISABLED,off,user_reported,39.404640197753906,63.53678512573242,1012.17046875,103163.40625,True,True,True,176,0,0,109,177,101,2026-10-03T11:31:50.815737+07:00,107.04633873500006,0.18582297100010692,OK,,True,2026-10-03T11:31:51.001574+07:00,107.23217026200018,0.03360711200002697,OK,,True,903,0.112875,,2026-10-03T11:31:51.035185+07:00,107.26578320699991,0.032988413000111905,OK,,True,2187,0.273375,
59fb0b3833d04c8cbdd8c1e074671b1d,109,2026-10-03T11:31:51.815721+07:00,108.04630501200018,108.04630501200018,MONITOR,108.16027321499996,1.0000543129999642,0.26203435399975206,0.0001459430000068096,DISABLED,off,user_reported,39.40399932861328,63.5500602722168,1012.169453125,103101.0859375,True,True,True,176,0,0,109,177,101,2026-10-03T11:31:51.815884+07:00,108.046483696,0.19349478699996325,OK,,True,2026-10-03T11:31:52.009405+07:00,108.23999561200026,0.03520297099976233,OK,,True,866,0.10825,,2026-10-03T11:31:52.044607+07:00,108.27520454600017,0.03312570899970524,OK,,True,2183,0.272875,
59fb0b3833d04c8cbdd8c1e074671b1d,110,2026-10-03T11:31:52.815652+07:00,109.04624488299987,109.04624488299987,MONITOR,109.16021308599966,0.9999398709996967,0.25288245599995207,8.581399970353232e-05,DISABLED,off,user_reported,39.40782928466797,63.54400634765625,1012.196328125,102976.671875,True,True,True,176,0,0,109,177,101,2026-10-03T11:31:52.815729+07:00,109.04633116000014,0.1858357490000344,OK,,True,2026-10-03T11:31:53.001579+07:00,109.23217550200025,0.03379749899977469,OK,,True,876,0.1095,,2026-10-03T11:31:53.035381+07:00,109.26597898299997,0.03313904100014042,OK,,True,2186,0.27325,
59fb0b3833d04c8cbdd8c1e074671b1d,111,2026-10-03T11:31:53.815651+07:00,110.04624369900012,110.04624369900012,MONITOR,110.1602119019999,0.9999988160002431,0.2524247199999081,8.462999994662823e-05,DISABLED,off,user_reported,39.40782928466797,63.53731918334961,1012.16203125,103163.40625,True,True,True,176,0,0,109,177,101,2026-10-03T11:31:53.815727+07:00,110.04632908700023,0.18582449099994847,OK,,True,2026-10-03T11:31:54.001567+07:00,110.23216309600002,0.033546946000114986,OK,,True,879,0.109875,,2026-10-03T11:31:54.035118+07:00,110.26571554200018,0.03293926499964073,OK,,True,2190,0.27375,
59fb0b3833d04c8cbdd8c1e074671b1d,112,2026-10-03T11:31:54.815653+07:00,111.04624592400023,111.04624592400023,MONITOR,111.16021412700002,1.0000022250001166,0.25284251399989444,8.6855000063224e-05,DISABLED,off,user_reported,39.412296295166016,63.551456451416016,1012.19671875,102790.6015625,True,True,True,176,0,0,109,177,101,2026-10-03T11:31:54.815727+07:00,111.046329109,0.18619993199990859,OK,,True,2026-10-03T11:31:55.001945+07:00,111.23254054100016,0.03366407499970592,OK,,True,864,0.108,,2026-10-03T11:31:55.035612+07:00,111.26621020899984,0.03286919200036209,OK,,True,2191,0.273875,
59fb0b3833d04c8cbdd8c1e074671b1d,113,2026-10-03T11:31:55.815657+07:00,112.04624931800026,112.04624931800026,MONITOR,112.16021752100005,1.0000033940000321,0.2532038439999269,9.024900009535486e-05,DISABLED,off,user_reported,39.4167594909668,63.53883361816406,1012.190234375,102790.6015625,True,True,True,176,0,0,109,177,101,2026-10-03T11:31:55.815735+07:00,112.04633698399994,0.18588810200026273,OK,,True,2026-10-03T11:31:56.001640+07:00,112.23223567800005,0.03422005299989905,OK,,True,871,0.108875,,2026-10-03T11:31:56.035863+07:00,112.26646139700006,0.03298207999978331,OK,,True,2193,0.274125,
59fb0b3833d04c8cbdd8c1e074671b1d,114,2026-10-03T11:31:56.815657+07:00,113.04624962100024,113.04624962100024,MONITOR,113.16021782400003,1.0000003029999789,0.25888439599975754,9.055200007423991e-05,DISABLED,off,user_reported,39.412933349609375,63.5381965637207,1012.156640625,102666.9375,True,True,True,176,0,0,109,177,101,2026-10-03T11:31:56.815737+07:00,113.04633919400021,0.1858610099998259,OK,,True,2026-10-03T11:31:57.001617+07:00,113.23221155500005,0.03655949899984989,OK,,True,889,0.111125,,2026-10-03T11:31:57.038194+07:00,113.26878514700002,0.03632751900022413,OK,,True,2195,0.274375,
59fb0b3833d04c8cbdd8c1e074671b1d,115,2026-10-03T11:31:57.815711+07:00,114.04629336900007,114.04629336900007,MONITOR,114.16026157199985,1.0000437479998254,0.2632976250001775,0.00013429999989966745,DISABLED,off,user_reported,39.41740036010742,63.53894805908203,1012.177578125,102914.5703125,True,True,True,176,0,0,109,177,101,2026-10-03T11:31:57.815868+07:00,114.04646770099998,0.19411765499989997,OK,,True,2026-10-03T11:31:58.010004+07:00,114.24059798500002,0.03529813800014381,OK,,True,873,0.109125,,2026-10-03T11:31:58.045314+07:00,114.27590664099989,0.03366785300022457,OK,,True,2194,0.27425,
59fb0b3833d04c8cbdd8c1e074671b1d,116,2026-10-03T11:31:58.815703+07:00,115.04628567500004,115.04628567500004,MONITOR,115.16025387799982,0.9999923059999674,0.26274766599999566,0.00012660599986702437,DISABLED,off,user_reported,39.4167594909668,63.53214645385742,1012.183359375,102666.9375,True,True,True,176,0,0,109,177,101,2026-10-03T11:31:58.815857+07:00,115.04645672900006,0.19264007299989316,OK,,True,2026-10-03T11:31:59.008524+07:00,115.23911411600011,0.03489662199990562,OK,,True,856,0.107,,2026-10-03T11:31:59.043428+07:00,115.27402109000013,0.034990843999821664,OK,,True,2198,0.27475,
59fb0b3833d04c8cbdd8c1e074671b1d,117,2026-10-03T11:31:59.815730+07:00,116.04631255599998,116.04631255599998,MONITOR,116.16028075899976,1.0000268809999397,0.26831405300026745,0.00015348699980677338,DISABLED,off,user_reported,39.42250442504883,63.5398063659668,1012.1790625,102914.5703125,True,True,True,176,0,0,109,177,101,2026-10-03T11:31:59.815881+07:00,116.04648114700012,0.19212742899981095,OK,,True,2026-10-03T11:32:00.008031+07:00,116.23862237200001,0.03931835000003048,OK,,True,887,0.110875,,2026-10-03T11:32:00.047369+07:00,116.27795929600006,0.03664799799980756,OK,,True,2202,0.27525,
59fb0b3833d04c8cbdd8c1e074671b1d,118,2026-10-03T11:32:00.815671+07:00,117.0462619939999,117.0462619939999,MONITOR,117.16023019699969,0.9999494379999305,0.25565720000031433,0.00010292499973729718,DISABLED,off,user_reported,39.42314147949219,63.54660415649414,1012.166171875,103225.8046875,True,True,True,176,0,0,109,177,101,2026-10-03T11:32:00.815747+07:00,117.04634834599983,0.18581778800034954,OK,,True,2026-10-03T11:32:01.001576+07:00,117.23217355999986,0.03275530400014759,OK,,True,867,0.108375,,2026-10-03T11:32:01.034342+07:00,117.2649365860002,0.03696744099988791,OK,,True,2177,0.272125,
59fb0b3833d04c8cbdd8c1e074671b1d,119,2026-10-03T11:32:01.815667+07:00,118.04625680500021,118.04625680500021,MONITOR,118.160225008,0.9999948110003061,0.2550424439996277,9.773600004336913e-05,DISABLED,off,user_reported,39.42569351196289,63.533660888671875,1012.191015625,103038.84375,True,True,True,176,0,0,109,177,101,2026-10-03T11:32:01.815748+07:00,118.04634950799982,0.18580838100024266,OK,,True,2026-10-03T11:32:02.001567+07:00,118.23216498200009,0.034384736999982124,OK,,True,884,0.1105,,2026-10-03T11:32:02.035960+07:00,118.26655570000003,0.03473182700008692,OK,,True,2187,0.273375,
59fb0b3833d04c8cbdd8c1e074671b1d,120,2026-10-03T11:32:02.815656+07:00,119.04624611700001,119.04624611700001,MONITOR,119.1602143199998,0.9999893119997978,0.25497568599985243,8.704799984116107e-05,DISABLED,off,user_reported,39.42952346801758,63.55437088012695,1012.1834375,103225.8046875,True,True,True,176,0,0,109,177,101,2026-10-03T11:32:02.815734+07:00,119.0463360419999,0.1858012890002101,OK,,True,2026-10-03T11:32:03.001545+07:00,119.2321436090001,0.032940506000159075,OK,,True,859,0.107375,,2026-10-03T11:32:03.034494+07:00,119.26508968999997,0.03611663199990289,OK,,True,2183,0.272875,
59fb0b3833d04c8cbdd8c1e074671b1d,121,2026-10-03T11:32:03.815665+07:00,120.04625413400026,120.04625413400026,MONITOR,120.16022233700005,1.0000080170002548,0.25375067599998147,9.506500009592855e-05,DISABLED,off,user_reported,39.427608489990234,63.53398513793945,1012.1596875,103101.0859375,True,True,True,176,0,0,109,177,101,2026-10-03T11:32:03.815742+07:00,120.04634367000017,0.1857991229999243,OK,,True,2026-10-03T11:32:04.001551+07:00,120.23214901500023,0.03319474599993555,OK,,True,866,0.10825,,2026-10-03T11:32:04.034753+07:00,120.26534961200014,0.03464586500012956,OK,,True,2180,0.2725,
59fb0b3833d04c8cbdd8c1e074671b1d,122,2026-10-03T11:32:04.815651+07:00,121.04624252300027,121.04624252300027,MONITOR,121.16021072600006,0.9999883890000092,0.2557394219998059,8.345400010512094e-05,DISABLED,off,user_reported,39.43207550048828,63.54143142700195,1012.187734375,103225.8046875,True,True,True,176,0,0,109,177,101,2026-10-03T11:32:04.815732+07:00,121.04633344800004,0.18579899399992428,OK,,True,2026-10-03T11:32:05.001540+07:00,121.2321387930001,0.03533839700003227,OK,,True,885,0.110625,,2026-10-03T11:32:05.036885+07:00,121.26748207899982,0.03448531100002583,OK,,True,2180,0.2725,
59fb0b3833d04c8cbdd8c1e074671b1d,123,2026-10-03T11:32:05.815723+07:00,122.04630582000027,122.04630582000027,MONITOR,122.16027402300006,1.000063296999997,0.2657398699998339,0.00014675100010208553,DISABLED,off,user_reported,39.43271255493164,63.541534423828125,1012.18171875,103601.78125,True,True,True,176,0,0,109,176,101,2026-10-03T11:32:05.815875+07:00,122.04647548599996,0.19177078400025493,OK,,True,2026-10-03T11:32:06.007665+07:00,122.23826078899992,0.036765239000033034,OK,,True,880,0.11,,2026-10-03T11:32:06.044438+07:00,122.27503541600026,0.036979903999963426,OK,,True,2186,0.27325,
59fb0b3833d04c8cbdd8c1e074671b1d,124,2026-10-03T11:32:06.815673+07:00,123.04626441600021,123.04626441600021,MONITOR,123.160232619,0.9999585959999422,0.251382657999784,0.00010534700004427577,DISABLED,off,user_reported,39.43654251098633,63.54218292236328,1012.188046875,103163.40625,True,True,True,176,0,0,109,176,101,2026-10-03T11:32:06.815755+07:00,123.0463573410002,0.18580116099974475,OK,,True,2026-10-03T11:32:07.001567+07:00,123.23216524300005,0.0329513209999277,OK,,True,858,0.10725,,2026-10-03T11:32:07.034519+07:00,123.2651197680002,0.03251473199998145,OK,,True,2184,0.273,
59fb0b3833d04c8cbdd8c1e074671b1d,125,2026-10-03T11:32:07.815657+07:00,124.04624845800026,124.04624845800026,MONITOR,124.16021666100005,0.999984042000051,0.2534816989996216,8.938900009525241e-05,DISABLED,off,user_reported,39.43717956542969,63.5623664855957,1012.1821875,103101.0859375,True,True,True,176,0,0,109,176,101,2026-10-03T11:32:07.815732+07:00,124.04633430900003,0.18580125400012548,OK,,True,2026-10-03T11:32:08.001543+07:00,124.23214219200008,0.03297893299986754,OK,,True,868,0.1085,,2026-10-03T11:32:08.034524+07:00,124.26512451400004,0.034594068999922456,OK,,True,2185,0.273125,
59fb0b3833d04c8cbdd8c1e074671b1d,126,2026-10-03T11:32:08.815660+07:00,125.04625201999988,125.04625201999988,MONITOR,125.16022022299967,1.0000035619996197,0.25172197100027915,9.295099971495802e-05,DISABLED,off,user_reported,39.43654251098633,63.54218292236328,1012.194921875,102359.0546875,True,True,True,176,0,0,109,177,101,2026-10-03T11:32:08.815738+07:00,125.04634029699992,0.18580508700006249,OK,,True,2026-10-03T11:32:09.001553+07:00,125.23215131000006,0.032993042999805766,OK,,True,872,0.109,,2026-10-03T11:32:09.034547+07:00,125.26514783499988,0.032818341000165674,OK,,True,2185,0.273125,
59fb0b3833d04c8cbdd8c1e074671b1d,127,2026-10-03T11:32:09.815662+07:00,126.04625300899988,126.04625300899988,MONITOR,126.16022121199967,1.0000009890000001,0.2520978020002076,9.393999971507583e-05,DISABLED,off,user_reported,39.44356155395508,63.53668212890625,1012.206171875,102543.5625,True,True,True,176,0,0,109,177,101,2026-10-03T11:32:09.815745+07:00,126.04634645199985,0.18582079200041335,OK,,True,2026-10-03T11:32:10.001575+07:00,126.23217374400019,0.0333008559996415,OK,,True,879,0.109875,,2026-10-03T11:32:10.034878+07:00,126.26547819200005,0.032863766999980726,OK,,True,2192,0.274,
59fb0b3833d04c8cbdd8c1e074671b1d,128,2026-10-03T11:32:10.815656+07:00,127.0462475180002,127.0462475180002,MONITOR,127.16021572099999,0.9999945090003166,0.25172041599989825,8.844900003168732e-05,DISABLED,off,user_reported,39.44036865234375,63.5428352355957,1012.173671875,102914.5703125,True,True,True,176,0,0,109,177,101,2026-10-03T11:32:10.815732+07:00,127.04633416500019,0.185812235999947,OK,,True,2026-10-03T11:32:11.001555+07:00,127.23215299399999,0.03296319199989739,OK,,True,861,0.107625,,2026-10-03T11:32:11.034519+07:00,127.26511946400024,0.03283989599958659,OK,,True,2171,0.27137500000000003,
59fb0b3833d04c8cbdd8c1e074671b1d,129,2026-10-03T11:32:11.815801+07:00,128.04638204599996,128.04638204599996,MONITOR,128.16035024899975,1.0001345279997622,0.2525032809999175,0.00022297699979390018,DISABLED,off,user_reported,39.44866180419922,63.53754425048828,1012.187109375,102543.5625,True,True,True,176,0,0,109,176,101,2026-10-03T11:32:11.815943+07:00,128.04654393400006,0.18648775000019668,OK,,True,2026-10-03T11:32:12.002441+07:00,128.23303822100024,0.03297082099970794,OK,,True,861,0.107625,,2026-10-03T11:32:12.035411+07:00,128.26601217200005,0.032862395999927685,OK,,True,2180,0.2725,
59fb0b3833d04c8cbdd8c1e074671b1d,130,2026-10-03T11:32:12.815655+07:00,129.04624724399991,129.04624724399991,MONITOR,129.1602154469997,0.9998651979999522,0.25172976900012145,8.817499974611565e-05,DISABLED,off,user_reported,39.449302673339844,63.5510368347168,1012.174375,102666.9375,True,True,True,176,0,0,109,177,101,2026-10-03T11:32:12.815732+07:00,129.04633392899996,0.18580377400030557,OK,,True,2026-10-03T11:32:13.001545+07:00,129.23214357300003,0.03297939599997335,OK,,True,888,0.111,,2026-10-03T11:32:13.034525+07:00,129.26512630200023,0.03284184099993581,OK,,True,2190,0.27375,
59fb0b3833d04c8cbdd8c1e074671b1d,131,2026-10-03T11:32:13.815659+07:00,130.0462507950001,130.0462507950001,MONITOR,130.1602189979999,1.0000035510001908,0.25167773299972396,9.1725999936898e-05,DISABLED,off,user_reported,39.45121383666992,63.53129196166992,1012.184296875,102976.671875,True,True,True,176,0,0,109,176,101,2026-10-03T11:32:13.815735+07:00,130.04633638699988,0.18579958899999838,OK,,True,2026-10-03T11:32:14.001544+07:00,130.2321429389999,0.03296058100022492,OK,,True,871,0.108875,,2026-10-03T11:32:14.034506+07:00,130.26510639000026,0.03281395199974213,OK,,True,2196,0.2745,
59fb0b3833d04c8cbdd8c1e074671b1d,132,2026-10-03T11:32:14.815658+07:00,131.04625018100023,131.04625018100023,MONITOR,131.16021838400002,0.9999993860001268,0.2517176209998979,9.11120000637311e-05,DISABLED,off,user_reported,39.452491760253906,63.53150177001953,1012.14515625,102852.5546875,True,True,True,176,0,0,109,177,101,2026-10-03T11:32:14.815734+07:00,131.04633573599995,0.18580277399996703,OK,,True,2026-10-03T11:32:15.001547+07:00,131.23214519500016,0.03296483999974953,OK,,True,891,0.111375,,2026-10-03T11:32:15.034513+07:00,131.26511305400027,0.03284628499977771,OK,,True,2194,0.27425,
59fb0b3833d04c8cbdd8c1e074671b1d,133,2026-10-03T11:32:15.815656+07:00,132.04624804900004,132.04624804900004,MONITOR,132.16021625199983,0.9999978679998094,0.2519528980001269,8.897999987311778e-05,DISABLED,off,user_reported,39.45504379272461,63.545310974121094,1012.176796875,102543.5625,True,True,True,176,0,0,109,177,101,2026-10-03T11:32:15.815732+07:00,132.04633378900007,0.1858047189998615,OK,,True,2026-10-03T11:32:16.001546+07:00,132.23214499000005,0.03322057900004438,OK,,True,855,0.106875,,2026-10-03T11:32:16.034768+07:00,132.26536879100013,0.03282313799991243,OK,,True,2201,0.275125,
59fb0b3833d04c8cbdd8c1e074671b1d,134,2026-10-03T11:32:16.815780+07:00,133.04636127000003,133.04636127000003,MONITOR,133.16032947299982,1.0001132209999923,0.2528084109999327,0.00020220099986545392,DISABLED,off,user_reported,39.46142578125,63.539703369140625,1012.193984375,102852.5546875,True,True,True,176,0,0,109,176,101,2026-10-03T11:32:16.815907+07:00,133.0465083429999,0.18599338500007434,OK,,True,2026-10-03T11:32:17.001916+07:00,133.23251202400024,0.033694835000005696,OK,,True,871,0.108875,,2026-10-03T11:32:17.035615+07:00,133.2662129700002,0.032946025999990525,OK,,True,2183,0.272875,
59fb0b3833d04c8cbdd8c1e074671b1d,135,2026-10-03T11:32:17.815652+07:00,134.04624364300025,134.04624364300025,MONITOR,134.16021184600004,0.9998823730002186,0.2517111779998231,8.457400008410332e-05,DISABLED,off,user_reported,39.4639778137207,63.54682922363281,1012.225703125,102605.2109375,True,True,True,176,0,0,109,177,101,2026-10-03T11:32:17.815728+07:00,134.04632925299984,0.18580659000008382,OK,,True,2026-10-03T11:32:18.001543+07:00,134.23214180600007,0.03296958100008851,OK,,True,850,0.10625,,2026-10-03T11:32:18.034513+07:00,134.26511440500008,0.032831934000114416,OK,,True,2184,0.273,
59fb0b3833d04c8cbdd8c1e074671b1d,136,2026-10-03T11:32:18.815649+07:00,135.04624033000027,135.04624033000027,MONITOR,135.16020853300006,0.9999966870000208,0.2517002159997901,8.12610001048597e-05,DISABLED,off,user_reported,39.46461486816406,63.546932220458984,1012.158046875,102728.734375,True,True,True,176,0,0,109,177,101,2026-10-03T11:32:18.815725+07:00,135.04632725600004,0.185807608000232,OK,,True,2026-10-03T11:32:19.001543+07:00,135.23214095699996,0.03296604400020442,OK,,True,868,0.1085,,2026-10-03T11:32:19.034509+07:00,135.26511014900007,0.032822192999901745,OK,,True,2193,0.274125,
59fb0b3833d04c8cbdd8c1e074671b1d,137,2026-10-03T11:32:19.815652+07:00,136.04624392699998,136.04624392699998,MONITOR,136.16021212999976,1.0000035969997043,0.25172280800006774,8.485799980917363e-05,DISABLED,off,user_reported,39.4639778137207,63.53345489501953,1012.198203125,102790.6015625,True,True,True,176,0,0,109,176,101,2026-10-03T11:32:19.815728+07:00,136.0463302779999,0.1858106829999997,OK,,True,2026-10-03T11:32:20.001549+07:00,136.23214744300003,0.03296961800015197,OK,,True,869,0.108625,,2026-10-03T11:32:20.034520+07:00,136.26512033900008,0.03283830400005172,OK,,True,2191,0.273875,
59fb0b3833d04c8cbdd8c1e074671b1d,138,2026-10-03T11:32:20.815652+07:00,137.04624313600016,137.04624313600016,MONITOR,137.16021133899994,0.9999992090001797,0.25169940199975827,8.406699998886324e-05,DISABLED,off,user_reported,39.468441009521484,63.55426788330078,1012.184765625,102790.6015625,True,True,True,176,0,0,109,176,101,2026-10-03T11:32:20.815728+07:00,137.04633019099992,0.18580407200033733,OK,,True,2026-10-03T11:32:21.001543+07:00,137.2321409860001,0.03296528400005627,OK,,True,881,0.110125,,2026-10-03T11:32:21.034508+07:00,137.265108993,0.03282487800015588,OK,,True,2177,0.272125,
59fb0b3833d04c8cbdd8c1e074671b1d,139,2026-10-03T11:32:21.815651+07:00,138.04624419899983,138.04624419899983,MONITOR,138.16021240199962,1.0000010629996723,0.26067461600041497,8.512999966114876e-05,DISABLED,off,user_reported,39.46971893310547,63.547786712646484,1012.173125,102481.984375,True,True,True,176,0,0,109,176,101,2026-10-03T11:32:21.815720+07:00,138.04632218000006,0.18978343299977496,OK,,True,2026-10-03T11:32:22.005531+07:00,138.23612177899986,0.035906135000004724,OK,,True,876,0.1095,,2026-10-03T11:32:22.041445+07:00,138.27203998799996,0.034866993999912665,OK,,True,2186,0.27325,
59fb0b3833d04c8cbdd8c1e074671b1d,140,2026-10-03T11:32:22.815660+07:00,139.0462536330001,139.0462536330001,MONITOR,139.1602218359999,1.000009434000276,0.25173262499993143,9.456399993723608e-05,DISABLED,off,user_reported,39.47290802001953,63.53496170043945,1012.17140625,102359.0546875,True,True,True,176,0,0,109,177,101,2026-10-03T11:32:22.815733+07:00,139.0463348180001,0.18581251700015855,OK,,True,2026-10-03T11:32:23.001555+07:00,139.232153983,0.032968729000003805,OK,,True,874,0.10925,,2026-10-03T11:32:23.034525+07:00,139.26512563799997,0.03285234200029663,OK,,True,2190,0.27375,
59fb0b3833d04c8cbdd8c1e074671b1d,141,2026-10-03T11:32:23.815653+07:00,140.04624679100016,140.04624679100016,MONITOR,140.16021499399994,0.9999931580000521,0.25172182899996187,8.772199998929864e-05,DISABLED,off,user_reported,39.474185943603516,63.5418586730957,1012.173515625,102790.6015625,True,True,True,176,0,0,109,177,101,2026-10-03T11:32:23.815720+07:00,140.04632208700014,0.18580488799989325,OK,,True,2026-10-03T11:32:24.001536+07:00,140.23213319700017,0.03298939599972073,OK,,True,874,0.10925,,2026-10-03T11:32:24.034525+07:00,140.26512585199998,0.03283369400014635,OK,,True,2183,0.272875,
59fb0b3833d04c8cbdd8c1e074671b1d,142,2026-10-03T11:32:24.815652+07:00,141.04624591399988,141.04624591399988,MONITOR,141.16021411699967,0.9999991229997249,0.2516803480002636,8.684499971423065e-05,DISABLED,off,user_reported,39.47929000854492,63.52934646606445,1012.140546875,102297.703125,True,True,True,176,0,0,109,177,101,2026-10-03T11:32:24.815720+07:00,141.04632196900002,0.18580449899991436,OK,,True,2026-10-03T11:32:25.001535+07:00,141.23213315300018,0.032968192999760504,OK,,True,868,0.1085,,2026-10-03T11:32:25.034503+07:00,141.26510434600004,0.03281289699998524,OK,,True,2197,0.274625,
59fb0b3833d04c8cbdd8c1e074671b1d,143,2026-10-03T11:32:25.815662+07:00,142.04625300099997,142.04625300099997,MONITOR,142.16022120399975,1.0000070870000854,0.251773847000095,9.393199979967903e-05,DISABLED,off,user_reported,39.482479095458984,63.54995346069336,1012.18703125,103413.453125,True,True,True,176,0,0,109,176,101,2026-10-03T11:32:25.815740+07:00,142.04634129700025,0.18579642499980764,OK,,True,2026-10-03T11:32:26.001545+07:00,142.23214333299984,0.03303819200027647,OK,,True,883,0.110375,,2026-10-03T11:32:26.034587+07:00,142.265186007,0.03283171200018842,OK,,True,2187,0.273375,
59fb0b3833d04c8cbdd8c1e074671b1d,144,2026-10-03T11:32:26.815654+07:00,143.04624727500004,143.04624727500004,MONITOR,143.16021547799983,0.9999942740000733,0.2563640560001659,8.820599987302558e-05,DISABLED,off,user_reported,39.47992706298828,63.549522399902344,1012.203515625,102175.2109375,True,True,True,176,0,0,109,176,101,2026-10-03T11:32:26.815723+07:00,143.04632523700002,0.1861740340000324,OK,,True,2026-10-03T11:32:27.001912+07:00,143.23250921599993,0.033315764000235504,OK,,True,867,0.108375,,2026-10-03T11:32:27.035235+07:00,143.26583199800007,0.036747998999999254,OK,,True,2179,0.272375,
59fb0b3833d04c8cbdd8c1e074671b1d,145,2026-10-03T11:32:27.815731+07:00,144.04631549399983,144.04631549399983,MONITOR,144.1602836969996,1.000068218999786,0.2637616520000847,0.0001564249996590661,DISABLED,off,user_reported,39.48375701904297,63.55017852783203,1012.20296875,102297.703125,True,True,True,176,0,0,109,176,101,2026-10-03T11:32:27.815876+07:00,144.04647573300008,0.1917606249999153,OK,,True,2026-10-03T11:32:28.007655+07:00,144.2382493949999,0.036378687000251375,OK,,True,875,0.109375,,2026-10-03T11:32:28.044047+07:00,144.27464071099985,0.035415639000348165,OK,,True,2191,0.273875,
59fb0b3833d04c8cbdd8c1e074671b1d,146,2026-10-03T11:32:28.815664+07:00,145.04625814100018,145.04625814100018,MONITOR,145.16022634399997,0.9999426470003527,0.2517140529998869,9.907200001180172e-05,DISABLED,off,user_reported,39.48439407348633,63.53020477294922,1012.162578125,102420.484375,True,True,True,176,0,0,109,177,101,2026-10-03T11:32:28.815731+07:00,145.04633297400005,0.1858008150002206,OK,,True,2026-10-03T11:32:29.001541+07:00,145.23213960400017,0.03297439600009966,OK,,True,879,0.109875,,2026-10-03T11:32:29.034517+07:00,145.2651172410001,0.03284680499973547,OK,,True,2191,0.273875,
59fb0b3833d04c8cbdd8c1e074671b1d,147,2026-10-03T11:32:29.815656+07:00,146.04624878899995,146.04624878899995,MONITOR,146.16021699199973,0.9999906479997662,0.25165277599990077,8.971999977802625e-05,DISABLED,off,user_reported,39.48566818237305,63.5371208190918,1012.178359375,102420.484375,True,True,True,176,0,0,109,177,101,2026-10-03T11:32:29.815721+07:00,146.04632249299993,0.1857890370001769,OK,,True,2026-10-03T11:32:30.001517+07:00,146.232116271,0.032950989000255504,OK,,True,874,0.10925,,2026-10-03T11:32:30.034470+07:00,146.2650705189999,0.03282371300019804,OK,,True,2183,0.272875,
59fb0b3833d04c8cbdd8c1e074671b1d,148,2026-10-03T11:32:30.815665+07:00,147.04625640199993,147.04625640199993,MONITOR,147.1602246049997,1.0000076129999798,0.25172536800027956,9.733299975778209e-05,DISABLED,off,user_reported,39.49077606201172,63.5379638671875,1012.19359375,102605.2109375,True,True,True,176,0,0,109,177,101,2026-10-03T11:32:30.815744+07:00,147.0463462910002,0.1857980370000405,OK,,True,2026-10-03T11:32:31.001550+07:00,147.23214921699991,0.03297632300018449,OK,,True,876,0.1095,,2026-10-03T11:32:31.034531+07:00,147.2651300030002,0.03284374899976683,OK,,True,2192,0.274,
59fb0b3833d04c8cbdd8c1e074671b1d,149,2026-10-03T11:32:31.815654+07:00,148.04624581300004,148.04624581300004,MONITOR,148.16021401599983,0.9999894110001151,0.2533520970000609,8.674399987285142e-05,DISABLED,off,user_reported,39.49141311645508,63.538082122802734,1012.167109375,102790.6015625,True,True,True,176,0,0,109,177,101,2026-10-03T11:32:31.815732+07:00,148.04633338600024,0.1859218339996005,OK,,True,2026-10-03T11:32:32.001672+07:00,148.23226727500014,0.033791631999974925,OK,,True,866,0.10825,,2026-10-03T11:32:32.035470+07:00,148.26606688799984,0.033517041000322934,OK,,True,2169,0.271125,
59fb0b3833d04c8cbdd8c1e074671b1d,150,2026-10-03T11:32:32.815661+07:00,149.04625350300012,149.04625350300012,MONITOR,149.1602217059999,1.000007690000075,0.25171834999991916,9.443399994779611e-05,DISABLED,off,user_reported,39.49460220336914,63.53862762451172,1012.20671875,102666.9375,True,True,True,176,0,0,109,177,101,2026-10-03T11:32:32.815740+07:00,149.04634146499984,0.18580089000033695,OK,,True,2026-10-03T11:32:33.001548+07:00,149.23214726300012,0.03296406299978116,OK,,True,894,0.11175,,2026-10-03T11:32:33.034515+07:00,149.26511514100002,0.032848916000148165,OK,,True,2187,0.273375,
59fb0b3833d04c8cbdd8c1e074671b1d,151,2026-10-03T11:32:33.815704+07:00,150.04628674900005,150.04628674900005,MONITOR,150.16025495199983,1.00003324599993,0.26255845900004715,0.00012767999987772782,DISABLED,off,user_reported,39.496517181396484,63.54563903808594,1012.202890625,103664.7109375,True,True,True,176,0,0,109,177,101,2026-10-03T11:32:33.815856+07:00,150.04645589600023,0.19176545999971495,OK,,True,2026-10-03T11:32:34.007639+07:00,150.23823437400006,0.03538880499991137,OK,,True,877,0.109625,,2026-10-03T11:32:34.043035+07:00,150.27363186499997,0.03519586199990954,OK,,True,2196,0.2745,
59fb0b3833d04c8cbdd8c1e074671b1d,152,2026-10-03T11:32:34.815707+07:00,151.04628881200006,151.04628881200006,MONITOR,151.16025701499984,1.0000020630000108,0.26334387999986575,0.0001297429998885491,DISABLED,off,user_reported,39.49779510498047,63.52578353881836,1012.191328125,102666.9375,True,True,True,176,0,0,109,177,101,2026-10-03T11:32:34.815863+07:00,151.04646292200005,0.19173240400004943,OK,,True,2026-10-03T11:32:35.007612+07:00,151.23820747399986,0.03616256000032081,OK,,True,880,0.11,,2026-10-03T11:32:35.043784+07:00,151.2743800520002,0.035235751000072923,OK,,True,2197,0.274625,
59fb0b3833d04c8cbdd8c1e074671b1d,153,2026-10-03T11:32:35.815719+07:00,152.0463015800001,152.0463015800001,MONITOR,152.16026978299988,1.0000127680000332,0.2627894960000958,0.0001425109999217966,DISABLED,off,user_reported,39.49970626831055,63.53279113769531,1012.159921875,103163.40625,True,True,True,176,0,0,109,176,101,2026-10-03T11:32:35.815879+07:00,152.0464791899999,0.1917307379999329,OK,,True,2026-10-03T11:32:36.007626+07:00,152.23822211300012,0.035492786999839154,OK,,True,879,0.109875,,2026-10-03T11:32:36.043128+07:00,152.2737244,0.035344082999927195,OK,,True,2199,0.274875,
59fb0b3833d04c8cbdd8c1e074671b1d,154,2026-10-03T11:32:36.815725+07:00,153.0463079609999,153.0463079609999,MONITOR,153.1602761639997,1.000006380999821,0.26370806300019467,0.0001488919997427729,DISABLED,off,user_reported,39.500343322753906,63.53959655761719,1012.1609375,102420.484375,True,True,True,176,0,0,109,177,101,2026-10-03T11:32:36.815882+07:00,153.04648273700013,0.1918045899997196,OK,,True,2026-10-03T11:32:37.007705+07:00,153.23830027099984,0.036873851000109426,OK,,True,876,0.1095,,2026-10-03T11:32:37.044595+07:00,153.27518801099995,0.03480027300020083,OK,,True,2200,0.275,
59fb0b3833d04c8cbdd8c1e074671b1d,155,2026-10-03T11:32:37.815677+07:00,154.04626862099985,154.04626862099985,MONITOR,154.16023682399964,0.9999606599999424,0.2517335370002911,0.00010955199968520901,DISABLED,off,user_reported,39.50481414794922,63.533668518066406,1012.147578125,102359.0546875,True,True,True,176,0,0,109,177,101,2026-10-03T11:32:37.815759+07:00,154.046360972,0.18580039200014653,OK,,True,2026-10-03T11:32:38.001568+07:00,154.23216703100024,0.03298535899966737,OK,,True,884,0.1105,,2026-10-03T11:32:38.034557+07:00,154.26515594600005,0.032837896999808436,OK,,True,2188,0.2735,
59fb0b3833d04c8cbdd8c1e074671b1d,156,2026-10-03T11:32:38.815661+07:00,155.04625200500004,155.04625200500004,MONITOR,155.16022020799983,0.9999833840001884,0.2517393150001226,9.293599987358903e-05,DISABLED,off,user_reported,39.50545120239258,63.533775329589844,1012.189921875,103225.8046875,True,True,True,176,0,0,109,176,101,2026-10-03T11:32:38.815742+07:00,155.04634407799995,0.18584400300005655,OK,,True,2026-10-03T11:32:39.001595+07:00,155.23219421000022,0.03294650899988483,OK,,True,880,0.11,,2026-10-03T11:32:39.034545+07:00,155.26514521900026,0.03283782299968152,OK,,True,2178,0.27225,
59fb0b3833d04c8cbdd8c1e074671b1d,157,2026-10-03T11:32:39.815657+07:00,156.04624889000024,156.04624889000024,MONITOR,156.16021709300003,0.9999968850002006,0.25175138899976446,8.982100007415283e-05,DISABLED,off,user_reported,39.50864028930664,63.54768753051758,1012.18828125,103163.40625,True,True,True,176,0,0,109,176,101,2026-10-03T11:32:39.815740+07:00,156.046341537,0.18579659600027298,OK,,True,2026-10-03T11:32:40.001545+07:00,156.23214381800017,0.03299986000001809,OK,,True,872,0.109,,2026-10-03T11:32:40.034549+07:00,156.26514767800018,0.03284369399989373,OK,,True,2195,0.274375,
59fb0b3833d04c8cbdd8c1e074671b1d,158,2026-10-03T11:32:40.815658+07:00,157.0462489800002,157.0462489800002,MONITOR,157.160217183,1.0000000899999577,0.25225855300004696,8.991100003186148e-05,DISABLED,off,user_reported,39.50864028930664,63.53430938720703,1012.160703125,103288.28125,True,True,True,176,0,0,109,176,101,2026-10-03T11:32:40.815739+07:00,157.04634066400013,0.18580365199977678,OK,,True,2026-10-03T11:32:41.001552+07:00,157.23215013100025,0.033468374999756634,OK,,True,875,0.109375,,2026-10-03T11:32:41.035024+07:00,157.26562304300023,0.032876100999601476,OK,,True,2187,0.273375,
59fb0b3833d04c8cbdd8c1e074671b1d,159,2026-10-03T11:32:41.815658+07:00,158.04624894200015,158.04624894200015,MONITOR,158.16021714499993,0.9999999619999471,0.2518036859996755,8.987299997897935e-05,DISABLED,off,user_reported,39.51310348510742,63.55513381958008,1012.16109375,102666.9375,True,True,True,176,0,0,109,176,101,2026-10-03T11:32:41.815740+07:00,158.04634208900006,0.18580231899977662,OK,,True,2026-10-03T11:32:42.001552+07:00,158.23215038900025,0.033013581999966846,OK,,True,861,0.107625,,2026-10-03T11:32:42.034569+07:00,158.26516787900027,0.032876230999590916,OK,,True,2199,0.274875,
59fb0b3833d04c8cbdd8c1e074671b1d,160,2026-10-03T11:32:42.815659+07:00,159.04624992400022,159.04624992400022,MONITOR,159.160218127,1.0000009820000741,0.2517639269999563,9.085500005312497e-05,DISABLED,off,user_reported,39.51246643066406,63.53496170043945,1012.173828125,102053.0234375,True,True,True,176,0,0,109,176,101,2026-10-03T11:32:42.815740+07:00,159.04634147900015,0.18580939200001012,OK,,True,2026-10-03T11:32:43.001560+07:00,159.23215809400017,0.033004358999733086,OK,,True,891,0.111375,,2026-10-03T11:32:43.034567+07:00,159.26516652700002,0.03283880600019984,OK,,True,2194,0.27425,
59fb0b3833d04c8cbdd8c1e074671b1d,161,2026-10-03T11:32:43.815652+07:00,160.04624275900005,160.04624275900005,MONITOR,160.16021096199984,0.9999928349998299,0.2518002609999712,8.368999988306314e-05,DISABLED,off,user_reported,39.51757049560547,63.53582000732422,1012.154453125,101627.6328125,True,True,True,176,0,0,109,177,101,2026-10-03T11:32:43.815734+07:00,160.04633575800017,0.1857974300000933,OK,,True,2026-10-03T11:32:44.001541+07:00,160.23213876199998,0.0330443410002772,OK,,True,892,0.1115,,2026-10-03T11:32:44.034588+07:00,160.26518752899983,0.03284750900002109,OK,,True,2196,0.2745,
59fb0b3833d04c8cbdd8c1e074671b1d,162,2026-10-03T11:32:44.815660+07:00,161.04625107699985,161.04625107699985,MONITOR,161.16021927999964,1.0000083179998,0.25186998300023333,9.200799968311912e-05,DISABLED,off,user_reported,39.51565933227539,63.53550338745117,1012.1653125,102728.734375,True,True,True,176,0,0,109,176,101,2026-10-03T11:32:44.815741+07:00,161.04634257599992,0.18580565299998852,OK,,True,2026-10-03T11:32:45.001555+07:00,161.23215363600002,0.033097358999839344,OK,,True,875,0.109375,,2026-10-03T11:32:45.034656+07:00,161.2652556070002,0.032857916000011755,OK,,True,2182,0.27275,
59fb0b3833d04c8cbdd8c1e074671b1d,163,2026-10-03T11:32:45.815661+07:00,162.04625208100015,162.04625208100015,MONITOR,162.16022028399993,1.0000010040002962,0.2518182439998782,9.301199997935328e-05,DISABLED,off,user_reported,39.52075958251953,63.536354064941406,1012.18734375,102420.484375,True,True,True,176,0,0,109,176,101,2026-10-03T11:32:45.815743+07:00,162.04634498799987,0.18580628300014723,OK,,True,2026-10-03T11:32:46.001559+07:00,162.23215721499992,0.03301763800027402,OK,,True,877,0.109625,,2026-10-03T11:32:46.034580+07:00,162.26517892699985,0.03288232400018387,OK,,True,2188,0.2735,
59fb0b3833d04c8cbdd8c1e074671b1d,164,2026-10-03T11:32:46.815661+07:00,163.04625177300022,163.04625177300022,MONITOR,163.160219976,0.999999692000074,0.2518667609997465,9.270400005334523e-05,DISABLED,off,user_reported,39.522037506103516,63.543270111083984,1012.161953125,102297.703125,True,True,True,176,0,0,109,176,101,2026-10-03T11:32:46.815743+07:00,163.04634454999996,0.18583965300013006,OK,,True,2026-10-03T11:32:47.001592+07:00,163.23218990600026,0.0330188229995656,OK,,True,864,0.108,,2026-10-03T11:32:47.034613+07:00,163.26521272900027,0.032896601999709674,OK,,True,2192,0.274,
59fb0b3833d04c8cbdd8c1e074671b1d,165,2026-10-03T11:32:47.815662+07:00,164.04625387299984,164.04625387299984,MONITOR,164.16022207599963,1.0000020999996195,0.25201900100000785,9.480399967287667e-05,DISABLED,off,user_reported,39.522037506103516,63.5298957824707,1012.16875,102236.421875,True,True,True,176,0,0,109,176,101,2026-10-03T11:32:47.815744+07:00,164.04634559399983,0.18580439400011528,OK,,True,2026-10-03T11:32:48.001557+07:00,164.23215545099993,0.033263099000123475,OK,,True,866,0.10825,,2026-10-03T11:32:48.034823+07:00,164.26542275400016,0.03284237999969264,OK,,True,2192,0.274,
59fb0b3833d04c8cbdd8c1e074671b1d,166,2026-10-03T11:32:48.815720+07:00,165.04631121400007,165.04631121400007,MONITOR,165.16027941699986,1.000057341000229,0.25185011499979737,0.0001521449999017932,DISABLED,off,user_reported,39.528419494628906,63.544342041015625,1012.1996875,101809.5078125,True,True,True,176,0,0,109,177,101,2026-10-03T11:32:48.815804+07:00,165.04640600999983,0.18581104300028528,OK,,True,2026-10-03T11:32:49.001626+07:00,165.23222462700005,0.033060080999803176,OK,,True,881,0.110125,,2026-10-03T11:32:49.034691+07:00,165.265289597,0.03286352800023451,OK,,True,2188,0.2735,
59fb0b3833d04c8cbdd8c1e074671b1d,167,2026-10-03T11:32:49.815661+07:00,166.04625313199995,166.04625313199995,MONITOR,166.16022133499973,0.9999419179998768,0.2517930970002453,9.40629997785436e-05,DISABLED,off,user_reported,39.52777862548828,63.530860900878906,1012.191796875,102236.421875,True,True,True,176,0,0,109,176,101,2026-10-03T11:32:49.815743+07:00,166.04634452100026,0.18581807900000058,OK,,True,2026-10-03T11:32:50.001572+07:00,166.23217074900003,0.033012804000009055,OK,,True,864,0.108,,2026-10-03T11:32:50.034588+07:00,166.26518783099982,0.03285006500027521,OK,,True,2182,0.27275,
59fb0b3833d04c8cbdd8c1e074671b1d,168,2026-10-03T11:32:50.815662+07:00,167.04625316300007,167.04625316300007,MONITOR,167.16022136599986,1.000000031000127,0.2518301700001757,9.409399990545353e-05,DISABLED,off,user_reported,39.52714157104492,63.53074645996094,1012.16328125,102114.078125,True,True,True,176,0,0,109,176,101,2026-10-03T11:32:50.815745+07:00,167.04634660600004,0.18580837699983022,OK,,True,2026-10-03T11:32:51.001564+07:00,167.23216255700027,0.03303565599981084,OK,,True,864,0.108,,2026-10-03T11:32:51.034604+07:00,167.26520274999984,0.03287184300006629,OK,,True,2191,0.273875,
59fb0b3833d04c8cbdd8c1e074671b1d,169,2026-10-03T11:32:51.815661+07:00,168.0462533240002,168.0462533240002,MONITOR,168.16022152699998,1.0000001610001163,0.251809688999856,9.425500002180343e-05,DISABLED,off,user_reported,39.532249450683594,63.53831100463867,1012.1715625,101992.03125,True,True,True,176,0,0,109,177,101,2026-10-03T11:32:51.815744+07:00,168.04634580499987,0.18581272800020088,OK,,True,2026-10-03T11:32:52.001568+07:00,168.23216573699983,0.0329977860001236,OK,,True,877,0.109625,,2026-10-03T11:32:52.034568+07:00,168.26516791199992,0.03288580500020544,OK,,True,2190,0.27375,
59fb0b3833d04c8cbdd8c1e074671b1d,170,2026-10-03T11:32:52.815710+07:00,169.04629281899997,169.04629281899997,MONITOR,169.16026102199976,1.0000394949997826,0.2628641310002422,0.00013374999980442226,DISABLED,off,user_reported,39.53097152709961,63.5380973815918,1012.169453125,102175.2109375,True,True,True,176,0,0,109,177,101,2026-10-03T11:32:52.815867+07:00,169.04646722500001,0.19177879800008668,OK,,True,2026-10-03T11:32:53.007669+07:00,169.23826154200015,0.03563699000005727,OK,,True,878,0.10975,,2026-10-03T11:32:53.043313+07:00,169.2739086800002,0.03523089999998774,OK,,True,2201,0.275125,
59fb0b3833d04c8cbdd8c1e074671b1d,171,2026-10-03T11:32:53.815670+07:00,170.0462617610001,170.0462617610001,MONITOR,170.16022996399988,0.9999689420001232,0.25217868799973076,0.00010269199992762879,DISABLED,off,user_reported,39.53416061401367,63.51856231689453,1012.16765625,102420.484375,True,True,True,176,0,0,109,177,101,2026-10-03T11:32:53.815750+07:00,170.04635161199985,0.18580921100010528,OK,,True,2026-10-03T11:32:54.001570+07:00,170.23216773000013,0.03331682099997124,OK,,True,869,0.108625,,2026-10-03T11:32:54.034890+07:00,170.26548899599993,0.03294332299992675,OK,,True,2193,0.274125,
59fb0b3833d04c8cbdd8c1e074671b1d,172,2026-10-03T11:32:54.815657+07:00,171.0462487230002,171.0462487230002,MONITOR,171.16021692599998,0.9999869620000936,0.2517765799998415,8.965400002125534e-05,DISABLED,off,user_reported,39.537986755371094,63.51920700073242,1012.167109375,101870.2734375,True,True,True,176,0,0,109,177,101,2026-10-03T11:32:54.815740+07:00,171.04634175899992,0.18580817400015803,OK,,True,2026-10-03T11:32:55.001559+07:00,171.23215743299988,0.03298897200011197,OK,,True,860,0.1075,,2026-10-03T11:32:55.034551+07:00,171.26515040499999,0.03286745300010807,OK,,True,2197,0.274625,
59fb0b3833d04c8cbdd8c1e074671b1d,173,2026-10-03T11:32:55.815657+07:00,172.04624826000008,172.04624826000008,MONITOR,172.16021646299987,0.9999995369998942,0.25187865399993825,8.919099991544499e-05,DISABLED,off,user_reported,39.54181671142578,63.52653884887695,1012.193984375,103101.0859375,True,True,True,176,0,0,109,176,101,2026-10-03T11:32:55.815738+07:00,172.04633951899996,0.18580722900014734,OK,,True,2026-10-03T11:32:56.001555+07:00,172.23215371100014,0.03305345299986584,OK,,True,839,0.104875,,2026-10-03T11:32:56.034611+07:00,172.26521105300026,0.03290674999971088,OK,,True,2183,0.272875,
59fb0b3833d04c8cbdd8c1e074671b1d,174,2026-10-03T11:32:56.815658+07:00,173.04624996500024,173.04624996500024,MONITOR,173.16021816800003,1.0000017050001588,0.2518068209997182,9.089600007428089e-05,DISABLED,off,user_reported,39.542457580566406,63.51996994018555,1012.188046875,101870.2734375,True,True,True,176,0,0,109,177,101,2026-10-03T11:32:56.815740+07:00,173.04634179799996,0.18580817400015803,OK,,True,2026-10-03T11:32:57.001559+07:00,173.23215752800024,0.032962989999759884,OK,,True,866,0.10825,,2026-10-03T11:32:57.034523+07:00,173.26512353599992,0.032924490999903355,OK,,True,2190,0.27375,
59fb0b3833d04c8cbdd8c1e074671b1d,175,2026-10-03T11:32:57.815657+07:00,174.0462484489999,174.0462484489999,MONITOR,174.1602166519997,0.9999984839996614,0.2517327670002487,8.937999973568367e-05,DISABLED,off,user_reported,39.54117965698242,63.52644348144531,1012.151796875,102666.9375,True,True,True,176,0,0,109,176,101,2026-10-03T11:32:57.815738+07:00,174.04633946700005,0.18579793400022027,OK,,True,2026-10-03T11:32:58.001546+07:00,174.2321446420001,0.03296606399999291,OK,,True,852,0.1065,,2026-10-03T11:32:58.034514+07:00,174.26511426200022,0.03285799099967335,OK,,True,2186,0.27325,
59fb0b3833d04c8cbdd8c1e074671b1d,176,2026-10-03T11:32:58.815705+07:00,175.04628950899996,175.04628950899996,MONITOR,175.16025771199975,1.0000410600000578,0.2626653930001339,0.00013043999979345244,DISABLED,off,user_reported,39.54628372192383,63.53398513793945,1012.20125,102114.078125,True,True,True,176,0,0,109,177,101,2026-10-03T11:32:58.815847+07:00,175.0464480999999,0.19154487500009054,OK,,True,2026-10-03T11:32:59.007413+07:00,175.2380074749999,0.03551667700003236,OK,,True,887,0.110875,,2026-10-03T11:32:59.042939+07:00,175.273534596,0.035401992000061,OK,,True,2198,0.27475,
59fb0b3833d04c8cbdd8c1e074671b1d,177,2026-10-03T11:32:59.815714+07:00,176.04630088500016,176.04630088500016,MONITOR,176.16026908799995,1.0000113760002023,0.2624223580000944,0.00014181599999574246,DISABLED,off,user_reported,39.54883575439453,63.51435852050781,1012.170859375,102359.0546875,True,True,True,176,0,0,109,176,101,2026-10-03T11:32:59.815833+07:00,176.04643334699995,0.1912102290002622,OK,,True,2026-10-03T11:33:00.007062+07:00,176.23765803900005,0.03573863800011168,OK,,True,879,0.109875,,2026-10-03T11:33:00.042813+07:00,176.27340773200012,0.03529765999974188,OK,,True,2202,0.27525,
59fb0b3833d04c8cbdd8c1e074671b1d,178,2026-10-03T11:33:00.815737+07:00,177.04632194700025,177.04632194700025,MONITOR,177.16029015000004,1.0000210620000871,0.26352827699975023,0.00016287800008285558,DISABLED,off,user_reported,39.550750732421875,63.53474426269531,1012.18796875,101627.6328125,True,True,True,176,0,0,109,177,101,2026-10-03T11:33:00.815877+07:00,177.0464772790001,0.1915341349999835,OK,,True,2026-10-03T11:33:01.007432+07:00,177.23802630299997,0.03613617200016961,OK,,True,882,0.11025,,2026-10-03T11:33:01.043577+07:00,177.27417243799982,0.03565760100036641,OK,,True,2203,0.275375,
59fb0b3833d04c8cbdd8c1e074671b1d,179,2026-10-03T11:33:01.815695+07:00,178.04628308500014,178.04628308500014,MONITOR,178.16025128799993,0.9999611379998896,0.2623464899997998,0.00012401599997247104,DISABLED,off,user_reported,39.550750732421875,63.521366119384766,1012.160390625,101992.03125,True,True,True,176,0,0,109,177,101,2026-10-03T11:33:01.815812+07:00,178.04641273200014,0.19111341600000742,OK,,True,2026-10-03T11:33:02.006947+07:00,178.23754164799993,0.0353990660000818,OK,,True,880,0.11,,2026-10-03T11:33:02.042350+07:00,178.27294908500016,0.03566097099974286,OK,,True,2205,0.275625,
59fb0b3833d04c8cbdd8c1e074671b1d,180,2026-10-03T11:33:02.815666+07:00,179.04625652100003,179.04625652100003,MONITOR,179.16022472399982,0.9999734359998911,0.25180724900019413,9.745199986355146e-05,DISABLED,off,user_reported,39.55585479736328,63.52891540527344,1012.18234375,102053.0234375,True,True,True,176,0,0,109,177,101,2026-10-03T11:33:02.815748+07:00,179.04634992799993,0.1858068420001473,OK,,True,2026-10-03T11:33:03.001566+07:00,179.23216510300017,0.032946027999969374,OK,,True,881,0.110125,,2026-10-03T11:33:03.034513+07:00,179.26511400100026,0.03294104699989475,OK,,True,2191,0.273875,
59fb0b3833d04c8cbdd8c1e074671b1d,181,2026-10-03T11:33:03.815652+07:00,180.04624319899995,180.04624319899995,MONITOR,180.16021140199973,0.9999866779999138,0.2518064900000354,8.412999977736035e-05,DISABLED,off,user_reported,39.557769775390625,63.52925109863281,1012.17171875,102053.0234375,True,True,True,176,0,0,109,176,101,2026-10-03T11:33:03.815735+07:00,180.04633673499984,0.18581243500011624,OK,,True,2026-10-03T11:33:04.001559+07:00,180.23215729999993,0.03296062000026723,OK,,True,878,0.10975,,2026-10-03T11:33:04.034521+07:00,180.26512110500016,0.032920250999723066,OK,,True,2185,0.273125,
59fb0b3833d04c8cbdd8c1e074671b1d,182,2026-10-03T11:33:04.815653+07:00,181.046243711,181.046243711,MONITOR,181.16021191399977,1.0000005120000424,0.25176052799997706,8.464199981972342e-05,DISABLED,off,user_reported,39.55712890625,63.5157585144043,1012.184296875,102236.421875,True,True,True,176,0,0,109,177,101,2026-10-03T11:33:04.815735+07:00,181.04633659899991,0.1858055279999462,OK,,True,2026-10-03T11:33:05.001551+07:00,181.23214975700012,0.03296682400014106,OK,,True,876,0.1095,,2026-10-03T11:33:05.034519+07:00,181.26511950700024,0.032876638999823626,OK,,True,2188,0.2735,
59fb0b3833d04c8cbdd8c1e074671b1d,183,2026-10-03T11:33:05.815652+07:00,182.04624248400023,182.04624248400023,MONITOR,182.16021068700002,0.9999987730002431,0.2517947319997802,8.341500006281422e-05,DISABLED,off,user_reported,39.56287384033203,63.516727447509766,1012.186953125,102114.078125,True,True,True,176,0,0,109,176,101,2026-10-03T11:33:05.815734+07:00,182.04633574299987,0.1858126209999682,OK,,True,2026-10-03T11:33:06.001559+07:00,182.23215669699994,0.03297637900004702,OK,,True,879,0.109875,,2026-10-03T11:33:06.034536+07:00,182.2651365390002,0.03289112099992053,OK,,True,2194,0.27425,
59fb0b3833d04c8cbdd8c1e074671b1d,184,2026-10-03T11:33:06.815653+07:00,183.0462448510002,183.0462448510002,MONITOR,183.160213054,1.0000023669999791,0.25176219499962826,8.578200004194514e-05,DISABLED,off,user_reported,39.56159591674805,63.529884338378906,1012.178046875,102175.2109375,True,True,True,176,0,0,109,177,101,2026-10-03T11:33:06.815733+07:00,183.04633470199997,0.1858077140000205,OK,,True,2026-10-03T11:33:07.001551+07:00,183.23214997100013,0.03296369500003493,OK,,True,868,0.1085,,2026-10-03T11:33:07.034516+07:00,183.26511698100012,0.03288097299991932,OK,,True,2186,0.27325,
59fb0b3833d04c8cbdd8c1e074671b1d,185,2026-10-03T11:33:07.815654+07:00,184.04624540399982,184.04624540399982,MONITOR,184.1602136069996,1.0000005529996088,0.2520278420001887,8.633499965071678e-05,DISABLED,off,user_reported,39.56670379638672,63.52407455444336,1012.165625,102053.0234375,True,True,True,176,0,0,109,177,101,2026-10-03T11:33:07.815737+07:00,184.04633933000014,0.18580312099993535,OK,,True,2026-10-03T11:33:08.001552+07:00,184.23214998799995,0.033236063000003924,OK,,True,881,0.110125,,2026-10-03T11:33:08.034789+07:00,184.26538964400015,0.03287519500008784,OK,,True,2194,0.27425,
59fb0b3833d04c8cbdd8c1e074671b1d,186,2026-10-03T11:33:08.815650+07:00,185.04624244100023,185.04624244100023,MONITOR,185.16021064400002,0.9999970370004121,0.2517627879997235,8.337200006280909e-05,DISABLED,off,user_reported,39.5686149597168,63.524391174316406,1012.175625,102175.2109375,True,True,True,176,0,0,109,177,101,2026-10-03T11:33:08.815733+07:00,185.04633521799997,0.18580660299994634,OK,,True,2026-10-03T11:33:09.001551+07:00,185.23214904299994,0.03296736099991904,OK,,True,873,0.109125,,2026-10-03T11:33:09.034519+07:00,185.26511977500013,0.03287615799990817,OK,,True,2197,0.274625,
59fb0b3833d04c8cbdd8c1e074671b1d,187,2026-10-03T11:33:09.815670+07:00,186.04626107100012,186.04626107100012,MONITOR,186.1602292739999,1.0000186299998859,0.2517557329997544,0.00010200199994869763,DISABLED,off,user_reported,39.5711669921875,63.524818420410156,1012.179765625,102114.078125,True,True,True,176,0,0,109,177,101,2026-10-03T11:33:09.815750+07:00,186.04635134799992,0.1858063630002107,OK,,True,2026-10-03T11:33:10.001567+07:00,186.2321649700002,0.03295293499968466,OK,,True,891,0.111375,,2026-10-03T11:33:10.034521+07:00,186.26512099799993,0.0328859360001843,OK,,True,2200,0.275,
59fb0b3833d04c8cbdd8c1e074671b1d,188,2026-10-03T11:33:10.815698+07:00,187.04628933200001,187.04628933200001,MONITOR,187.1602575349998,1.0000282609998976,0.25172610400022677,0.00013026299984630896,DISABLED,off,user_reported,39.57691192626953,63.52579116821289,1012.209765625,102359.0546875,True,True,True,176,0,0,109,176,101,2026-10-03T11:33:10.815785+07:00,187.04638681200004,0.18581217800010563,OK,,True,2026-10-03T11:33:11.001609+07:00,187.23220687899993,0.03294969500029765,OK,,True,881,0.110125,,2026-10-03T11:33:11.034559+07:00,187.265159907,0.032846159000200714,OK,,True,2192,0.274,
59fb0b3833d04c8cbdd8c1e074671b1d,189,2026-10-03T11:33:11.815677+07:00,188.04626648300018,188.04626648300018,MONITOR,188.16023468599997,0.9999771510001665,0.25173801199980517,0.00010741400001279544,DISABLED,off,user_reported,39.57435607910156,63.52536392211914,1012.150546875,101506.7421875,True,True,True,176,0,0,109,177,101,2026-10-03T11:33:11.815763+07:00,188.04636511199988,0.18581021499994677,OK,,True,2026-10-03T11:33:12.001585+07:00,188.23218332700026,0.03293367699961891,OK,,True,863,0.107875,,2026-10-03T11:33:12.034519+07:00,188.26511992899987,0.03287430700038385,OK,,True,2190,0.27375,
59fb0b3833d04c8cbdd8c1e074671b1d,190,2026-10-03T11:33:12.817113+07:00,189.04770657000017,189.04770657000017,MONITOR,189.16167477299996,1.0014400869999918,0.25206289900006595,0.0015475010000045586,DISABLED,off,user_reported,39.57435607910156,63.5186767578125,1012.164375,101992.03125,True,True,True,176,0,0,109,176,101,2026-10-03T11:33:12.817180+07:00,189.047782051,0.18582773400021324,OK,,True,2026-10-03T11:33:13.003020+07:00,189.23361826600012,0.03320593399985228,OK,,True,877,0.109625,,2026-10-03T11:33:13.036232+07:00,189.2668302000002,0.03292900999986159,OK,,True,2190,0.27375,
59fb0b3833d04c8cbdd8c1e074671b1d,191,2026-10-03T11:33:13.815658+07:00,190.046249901,190.046249901,MONITOR,190.1602181039998,0.998543330999837,0.2520157520002613,9.083199984161183e-05,DISABLED,off,user_reported,39.57818603515625,63.526004791259766,1012.177421875,101870.2734375,True,True,True,176,0,0,109,177,101,2026-10-03T11:33:13.815739+07:00,190.0463409009999,0.18581056700031695,OK,,True,2026-10-03T11:33:14.001562+07:00,190.232159357,0.03318358200021976,OK,,True,879,0.109875,,2026-10-03T11:33:14.034751+07:00,190.26534895700024,0.032905584999753046,OK,,True,2185,0.273125,
59fb0b3833d04c8cbdd8c1e074671b1d,192,2026-10-03T11:33:14.815662+07:00,191.0462536680002,191.0462536680002,MONITOR,191.16022187099998,1.0000037670001802,0.25202225099974385,9.45990000218444e-05,DISABLED,off,user_reported,39.57882308959961,63.53281021118164,1012.178359375,101992.03125,True,True,True,176,0,0,109,176,101,2026-10-03T11:33:14.815745+07:00,191.04634655600012,0.18580840100003115,OK,,True,2026-10-03T11:33:15.001565+07:00,191.23216293799987,0.033219564000319224,OK,,True,861,0.107625,,2026-10-03T11:33:15.034786+07:00,191.26538622399994,0.0328804730002048,OK,,True,2184,0.273,
59fb0b3833d04c8cbdd8c1e074671b1d,193,2026-10-03T11:33:15.815662+07:00,192.04625341700012,192.04625341700012,MONITOR,192.1602216199999,0.9999997489999259,0.25192827099999704,9.434799994778587e-05,DISABLED,off,user_reported,39.583290100097656,63.520179748535156,1012.185625,101809.5078125,True,True,True,176,0,0,109,177,101,2026-10-03T11:33:15.815744+07:00,192.0463462130001,0.18581095699983052,OK,,True,2026-10-03T11:33:16.001568+07:00,192.23216539199984,0.032932991000052425,OK,,True,878,0.10975,,2026-10-03T11:33:16.034501+07:00,192.265101383,0.03307025000003705,OK,,True,2185,0.273125,
59fb0b3833d04c8cbdd8c1e074671b1d,194,2026-10-03T11:33:16.815689+07:00,193.04627970499996,193.04627970499996,MONITOR,193.16024790799975,1.0000262879998445,0.25189767900019433,0.00012063599979228457,DISABLED,off,user_reported,39.58647918701172,63.50733947753906,1012.163359375,102666.9375,True,True,True,176,0,0,109,176,101,2026-10-03T11:33:16.815777+07:00,193.04637868500004,0.18588434599996617,OK,,True,2026-10-03T11:33:17.001674+07:00,193.23227119700005,0.032969565999792394,OK,,True,877,0.109625,,2026-10-03T11:33:17.034643+07:00,193.2652434480001,0.0329242319999139,OK,,True,2186,0.27325,
59fb0b3833d04c8cbdd8c1e074671b1d,195,2026-10-03T11:33:17.820988+07:00,194.051570179,194.051570179,MONITOR,194.1655383819998,1.0052904740000486,0.2530292080000436,0.005411109999840846,DISABLED,off,user_reported,39.58456802368164,63.50701141357422,1012.1740625,101446.40625,True,True,True,176,0,0,109,176,101,2026-10-03T11:33:17.821141+07:00,194.05174119599997,0.18704333799996675,OK,,True,2026-10-03T11:33:18.008196+07:00,194.23879269999998,0.03292208399989249,OK,,True,856,0.107,,2026-10-03T11:33:18.041118+07:00,194.27171839499988,0.032871826000246074,OK,,True,2191,0.273875,
59fb0b3833d04c8cbdd8c1e074671b1d,196,2026-10-03T11:33:18.815661+07:00,195.04625276600018,195.04625276600018,MONITOR,195.16022096899997,0.9946825870001703,0.2517602539996915,9.369700001116144e-05,DISABLED,off,user_reported,39.59477615356445,63.50874710083008,1012.18359375,102481.984375,True,True,True,176,0,0,109,177,101,2026-10-03T11:33:18.815742+07:00,195.0463439690002,0.18581303099972502,OK,,True,2026-10-03T11:33:19.001567+07:00,195.23216516699995,0.032954157999938616,OK,,True,893,0.111625,,2026-10-03T11:33:19.034521+07:00,195.265122195,0.032882176999919466,OK,,True,2186,0.27325,
59fb0b3833d04c8cbdd8c1e074671b1d,197,2026-10-03T11:33:19.815705+07:00,196.04629477900016,196.04629477900016,MONITOR,196.16026298199995,1.0000420129999839,0.25177362599970365,0.0001357099999950151,DISABLED,off,user_reported,39.590309143066406,63.5213737487793,1012.210859375,101870.2734375,True,True,True,176,0,0,109,176,101,2026-10-03T11:33:19.815796+07:00,196.04639805600027,0.18582632799962084,OK,,True,2026-10-03T11:33:20.001633+07:00,196.23223149500018,0.032984491999741294,OK,,True,885,0.110625,,2026-10-03T11:33:20.034618+07:00,196.26521894999996,0.03284054699997796,OK,,True,2190,0.27375,
59fb0b3833d04c8cbdd8c1e074671b1d,198,2026-10-03T11:33:20.815724+07:00,197.04631233100008,197.04631233100008,MONITOR,197.16028053399987,1.0000175519999175,0.2524018439999054,0.00015326199991250178,DISABLED,off,user_reported,39.59349822998047,63.52190399169922,1012.188515625,101386.140625,True,True,True,176,0,0,109,177,101,2026-10-03T11:33:20.815814+07:00,197.04641557100013,0.18649343500010218,OK,,True,2026-10-03T11:33:21.002320+07:00,197.2329172650002,0.03295676900006583,OK,,True,862,0.10775,,2026-10-03T11:33:21.035276+07:00,197.26587679400018,0.032828250999955344,OK,,True,2182,0.27275,
59fb0b3833d04c8cbdd8c1e074671b1d,199,2026-10-03T11:33:21.815958+07:00,198.0465489940002,198.0465489940002,MONITOR,198.160517197,1.0002366630001234,0.25206401299965364,0.0003899250000358734,DISABLED,off,user_reported,39.59668731689453,63.51576614379883,1012.179921875,101992.03125,True,True,True,176,0,0,109,177,101,2026-10-03T11:33:21.816040+07:00,198.04664234500024,0.18585960699965653,OK,,True,2026-10-03T11:33:22.001913+07:00,198.23251024799993,0.03321989699998085,OK,,True,881,0.110125,,2026-10-03T11:33:22.035133+07:00,198.265733663,0.03286947400010831,OK,,True,2188,0.2735,
59fb0b3833d04c8cbdd8c1e074671b1d,200,2026-10-03T11:33:22.815731+07:00,199.0463209210002,199.0463209210002,MONITOR,199.16028912399997,0.9997719269999834,0.2609792099997321,0.00016185200001928024,DISABLED,off,user_reported,39.59668731689453,63.52245330810547,1012.207421875,101748.8046875,True,True,True,176,0,0,109,177,101,2026-10-03T11:33:22.815818+07:00,199.04641923500003,0.18804098000009617,OK,,True,2026-10-03T11:33:23.003877+07:00,199.234471623,0.03565560200013351,OK,,True,895,0.111875,,2026-10-03T11:33:23.039532+07:00,199.27013215099987,0.03714931400008936,OK,,True,2199,0.274875,
59fb0b3833d04c8cbdd8c1e074671b1d,201,2026-10-03T11:33:23.815706+07:00,200.0462893660001,200.0462893660001,MONITOR,200.1602575689999,0.9999684449999222,0.262669920999997,0.00013029699994149269,DISABLED,off,user_reported,39.60243225097656,63.51673126220703,1012.19609375,102790.6015625,True,True,True,176,0,0,109,176,101,2026-10-03T11:33:23.815862+07:00,200.04646179100018,0.19175912099990455,OK,,True,2026-10-03T11:33:24.007645+07:00,200.23823652300007,0.03538721499990061,OK,,True,882,0.11025,,2026-10-03T11:33:24.043035+07:00,200.27363279400015,0.035304659999837895,OK,,True,2200,0.275,
59fb0b3833d04c8cbdd8c1e074671b1d,202,2026-10-03T11:33:24.817185+07:00,201.04776765399993,201.04776765399993,MONITOR,201.1617358569997,1.0014782879998165,0.2562333370001397,0.0016085849997580226,DISABLED,off,user_reported,39.599239349365234,63.50950241088867,1012.1909375,101688.1796875,True,True,True,176,0,0,109,176,101,2026-10-03T11:33:24.817336+07:00,201.04793637500006,0.18837327499977619,OK,,True,2026-10-03T11:33:25.005725+07:00,201.23631979799984,0.03378372600036528,OK,,True,883,0.110375,,2026-10-03T11:33:25.039509+07:00,201.27010821000022,0.033873187999688525,OK,,True,2201,0.275125,
59fb0b3833d04c8cbdd8c1e074671b1d,203,2026-10-03T11:33:25.815729+07:00,202.04631281599995,202.04631281599995,MONITOR,202.16028101899974,0.9985451620000276,0.2530541370001629,0.00015374699978565332,DISABLED,off,user_reported,39.606895446777344,63.51749038696289,1012.1759375,101870.2734375,True,True,True,176,0,0,109,177,101,2026-10-03T11:33:25.815885+07:00,202.04648507399997,0.18700721000004705,OK,,True,2026-10-03T11:33:26.002906+07:00,202.23350245099982,0.03300452800021958,OK,,True,880,0.11,,2026-10-03T11:33:26.035910+07:00,202.26651021999987,0.032848547999947186,OK,,True,2196,0.2745,
59fb0b3833d04c8cbdd8c1e074671b1d,204,2026-10-03T11:33:26.815654+07:00,203.04624737599988,203.04624737599988,MONITOR,203.16021557899967,0.9999345599999288,0.2517532020001454,8.830699971440481e-05,DISABLED,off,user_reported,39.606258392333984,63.504005432128906,1012.15421875,101870.2734375,True,True,True,176,0,0,109,177,101,2026-10-03T11:33:26.815734+07:00,203.046336376,0.1858279040002344,OK,,True,2026-10-03T11:33:27.001576+07:00,203.23217229800002,0.032960714000182634,OK,,True,871,0.108875,,2026-10-03T11:33:27.034536+07:00,203.26513610400025,0.032854362999842124,OK,,True,2177,0.272125,
59fb0b3833d04c8cbdd8c1e074671b1d,205,2026-10-03T11:33:27.815734+07:00,204.04632369699993,204.04632369699993,MONITOR,204.16029189999972,1.0000763210000514,0.25223147599990625,0.00016462799976579845,DISABLED,off,user_reported,39.606258392333984,63.52406692504883,1012.147265625,101809.5078125,True,True,True,176,0,0,109,176,101,2026-10-03T11:33:27.815829+07:00,204.04643065900018,0.18587701499973264,OK,,True,2026-10-03T11:33:28.001720+07:00,204.23231578500008,0.033265229999869916,OK,,True,883,0.110375,,2026-10-03T11:33:28.034988+07:00,204.265586515,0.03295689900005527,OK,,True,2198,0.27475,
59fb0b3833d04c8cbdd8c1e074671b1d,206,2026-10-03T11:33:28.815660+07:00,205.04625327800022,205.04625327800022,MONITOR,205.160221481,0.9999295810002877,0.252273920999869,9.42090000535245e-05,DISABLED,off,user_reported,39.61072540283203,63.51814270019531,1012.16140625,101992.03125,True,True,True,176,0,0,109,176,101,2026-10-03T11:33:28.815739+07:00,205.0463405370001,0.18582221899987417,OK,,True,2026-10-03T11:33:29.001575+07:00,205.232171311,0.033466137000232266,OK,,True,886,0.11075,,2026-10-03T11:33:29.035044+07:00,205.26564261500016,0.032875602999865805,OK,,True,2181,0.272625,
59fb0b3833d04c8cbdd8c1e074671b1d,207,2026-10-03T11:33:29.815659+07:00,206.04625143500016,206.04625143500016,MONITOR,206.16021963799994,0.9999981569999363,0.2519760159998441,9.236599998985184e-05,DISABLED,off,user_reported,39.60944747924805,63.52461242675781,1012.159375,102359.0546875,True,True,True,176,0,0,109,176,101,2026-10-03T11:33:29.815739+07:00,206.04634041600002,0.18582240400019145,OK,,True,2026-10-03T11:33:30.001575+07:00,206.23217128299984,0.03315243500037468,OK,,True,875,0.109375,,2026-10-03T11:33:30.034731+07:00,206.2653291810002,0.03288932599980399,OK,,True,2186,0.27325,
59fb0b3833d04c8cbdd8c1e074671b1d,208,2026-10-03T11:33:30.815656+07:00,207.04624896299993,207.04624896299993,MONITOR,207.1602171659997,0.999997527999767,0.26191892900033054,8.989399975689594e-05,DISABLED,off,user_reported,39.61072540283203,63.50476837158203,1012.147578125,101325.9453125,True,True,True,176,0,0,109,177,101,2026-10-03T11:33:30.815736+07:00,207.04633833300022,0.19061340799999016,OK,,True,2026-10-03T11:33:31.006375+07:00,207.23696713000027,0.035861193999608076,OK,,True,891,0.111375,,2026-10-03T11:33:31.042246+07:00,207.2728403420001,0.035307309000017995,OK,,True,2198,0.27475,
59fb0b3833d04c8cbdd8c1e074671b1d,209,2026-10-03T11:33:31.815724+07:00,208.04630826999983,208.04630826999983,MONITOR,208.1602764729996,1.0000593069999013,0.25451240600023084,0.00014920099965820555,DISABLED,off,user_reported,39.61455535888672,63.498714447021484,1012.1746875,102236.421875,True,True,True,176,0,0,109,176,101,2026-10-03T11:33:31.815875+07:00,208.0464749910002,0.18818729599979633,OK,,True,2026-10-03T11:33:32.004076+07:00,208.23467176800023,0.03301932499971372,OK,,True,876,0.1095,,2026-10-03T11:33:32.037096+07:00,208.2676954630001,0.033115361999989545,OK,,True,2193,0.274125,
59fb0b3833d04c8cbdd8c1e074671b1d,210,2026-10-03T11:33:32.815660+07:00,209.04625205999992,209.04625205999992,MONITOR,209.1602202629997,0.9999437900000885,0.25320656400026564,9.299099974668934e-05,DISABLED,off,user_reported,39.617103576660156,63.4991455078125,1012.158046875,101506.7421875,True,True,True,176,0,0,109,176,101,2026-10-03T11:33:32.815738+07:00,209.04633998600002,0.18584266400011984,OK,,True,2026-10-03T11:33:33.001596+07:00,209.23219220600004,0.03415244600000733,OK,,True,880,0.11,,2026-10-03T11:33:33.035753+07:00,209.26635117100022,0.033096860999648925,OK,,True,2182,0.27275,
59fb0b3833d04c8cbdd8c1e074671b1d,211,2026-10-03T11:33:33.815661+07:00,210.04625375900014,210.04625375900014,MONITOR,210.16022196199992,1.0000016990002223,0.25235906999978397,9.468999996897765e-05,DISABLED,off,user_reported,39.620296478271484,63.50638198852539,1012.15640625,101809.5078125,True,True,True,176,0,0,109,176,101,2026-10-03T11:33:33.815741+07:00,210.04634327700023,0.1858207389996096,OK,,True,2026-10-03T11:33:34.001576+07:00,210.23217295999984,0.03327313800036791,OK,,True,889,0.111125,,2026-10-03T11:33:34.034854+07:00,210.26545200600003,0.03314848999980313,OK,,True,2198,0.27475,
59fb0b3833d04c8cbdd8c1e074671b1d,212,2026-10-03T11:33:34.815660+07:00,211.04625255200017,211.04625255200017,MONITOR,211.16022075499995,0.9999987930000316,0.25232075599979,9.348300000056042e-05,DISABLED,off,user_reported,39.62476348876953,63.50713348388672,1012.170546875,101870.2734375,True,True,True,176,0,0,109,176,101,2026-10-03T11:33:34.815743+07:00,211.0463443839999,0.1858672020002814,OK,,True,2026-10-03T11:33:35.001626+07:00,211.2322212160002,0.033457599000030314,OK,,True,880,0.11,,2026-10-03T11:33:35.035087+07:00,211.26568457500025,0.032879787999718246,OK,,True,2194,0.27425,
59fb0b3833d04c8cbdd8c1e074671b1d,213,2026-10-03T11:33:35.815653+07:00,212.046245216,212.046245216,MONITOR,212.16021341899977,0.9999926639998193,0.2538474870002574,8.61469998199027e-05,DISABLED,off,user_reported,39.62476348876953,63.520511627197266,1012.211875,101325.9453125,True,True,True,176,0,0,109,176,101,2026-10-03T11:33:35.815732+07:00,212.04633351199982,0.1862942910001948,OK,,True,2026-10-03T11:33:36.002044+07:00,212.232639285,0.034536702999957924,OK,,True,872,0.109,,2026-10-03T11:33:36.036583+07:00,212.26718169200012,0.03290101099992171,OK,,True,2191,0.273875,
59fb0b3833d04c8cbdd8c1e074671b1d,214,2026-10-03T11:33:36.815657+07:00,213.0462495480001,213.0462495480001,MONITOR,213.1602177509999,1.0000043320001168,0.26227537299973847,9.047899993674946e-05,DISABLED,off,user_reported,39.62603759765625,63.500667572021484,1012.15875,101386.140625,True,True,True,176,0,0,109,176,101,2026-10-03T11:33:36.815737+07:00,213.04633926999986,0.19198065900036454,OK,,True,2026-10-03T11:33:37.007757+07:00,213.2383444850002,0.035194864999994024,OK,,True,887,0.110875,,2026-10-03T11:33:37.042960+07:00,213.2735525349999,0.034950386000218714,OK,,True,2196,0.2745,
59fb0b3833d04c8cbdd8c1e074671b1d,215,2026-10-03T11:33:37.815724+07:00,214.0463060850002,214.0463060850002,MONITOR,214.16027428799998,1.0000565370000913,0.25990366699988954,0.00014701600002808846,DISABLED,off,user_reported,39.62540054321289,63.507240295410156,1012.150859375,101265.8203125,True,True,True,176,0,0,109,176,101,2026-10-03T11:33:37.815878+07:00,214.04647795400024,0.18986630399967908,OK,,True,2026-10-03T11:33:38.005780+07:00,214.23637451700006,0.0344719630002146,OK,,True,865,0.108125,,2026-10-03T11:33:38.040258+07:00,214.2708539250002,0.035329400999671634,OK,,True,2177,0.272125,
59fb0b3833d04c8cbdd8c1e074671b1d,216,2026-10-03T11:33:38.815663+07:00,215.04625527200005,215.04625527200005,MONITOR,215.16022347499984,0.9999491869998565,0.25798166200002015,9.620299988455372e-05,DISABLED,off,user_reported,39.627315521240234,63.507568359375,1012.1815625,101506.7421875,True,True,True,176,0,0,109,176,101,2026-10-03T11:33:38.815743+07:00,215.04634443800023,0.18614997899976515,OK,,True,2026-10-03T11:33:39.001909+07:00,215.23250491599993,0.03676885499999116,OK,,True,871,0.108875,,2026-10-03T11:33:39.038686+07:00,215.26928106700007,0.03494586699980573,OK,,True,2185,0.273125,
59fb0b3833d04c8cbdd8c1e074671b1d,217,2026-10-03T11:33:39.815650+07:00,216.04624320099992,216.04624320099992,MONITOR,216.1602114039997,0.9999879289998717,0.2595827990003272,8.413199975620955e-05,DISABLED,off,user_reported,39.63178253173828,63.50164031982422,1012.195625,101627.6328125,True,True,True,176,0,0,109,177,101,2026-10-03T11:33:39.815731+07:00,216.04633318200013,0.18584038800008784,OK,,True,2026-10-03T11:33:40.001587+07:00,216.23218269900008,0.038533916999767825,OK,,True,896,0.112,,2026-10-03T11:33:40.040129+07:00,216.27072481899995,0.03508962600017185,OK,,True,2178,0.27225,
59fb0b3833d04c8cbdd8c1e074671b1d,218,2026-10-03T11:33:40.815657+07:00,217.046249686,217.046249686,MONITOR,217.1602178889998,1.0000064850000854,0.2567935420001959,9.061699984158622e-05,DISABLED,off,user_reported,39.63688659667969,63.50918197631836,1012.169609375,102114.078125,True,True,True,176,0,0,109,176,101,2026-10-03T11:33:40.815736+07:00,217.04633818499997,0.18599190600025395,OK,,True,2026-10-03T11:33:41.001742+07:00,217.23233881399983,0.036766614000043774,OK,,True,881,0.110125,,2026-10-03T11:33:41.038514+07:00,217.26911092699993,0.03391580100014835,OK,,True,2202,0.27525,
59fb0b3833d04c8cbdd8c1e074671b1d,219,2026-10-03T11:33:41.815660+07:00,218.046252395,218.046252395,MONITOR,218.1602205979998,1.0000027090000003,0.25348315800010823,9.332599984190892e-05,DISABLED,off,user_reported,39.638160705566406,63.51608657836914,1012.192265625,101748.8046875,True,True,True,176,0,0,109,176,101,2026-10-03T11:33:41.815738+07:00,218.04634015400006,0.18727273000013156,OK,,True,2026-10-03T11:33:42.003021+07:00,218.2336191620002,0.03314854699965508,OK,,True,871,0.108875,,2026-10-03T11:33:42.036177+07:00,218.26677298599998,0.03295151100019211,OK,,True,2193,0.274125,
59fb0b3833d04c8cbdd8c1e074671b1d,220,2026-10-03T11:33:42.815654+07:00,219.04624634599986,219.04624634599986,MONITOR,219.16021454899965,0.9999939509998512,0.27453499300008843,8.727699969313107e-05,DISABLED,off,user_reported,39.63688659667969,63.48912048339844,1012.169609375,101145.7890625,True,True,True,176,0,0,109,176,101,2026-10-03T11:33:42.815733+07:00,219.04633475299988,0.1907644100001562,OK,,True,2026-10-03T11:33:43.006528+07:00,219.23712136699987,0.048467402000369475,OK,,True,885,0.110625,,2026-10-03T11:33:43.055016+07:00,219.28560510199986,0.03515595900034896,OK,,True,2193,0.274125,
59fb0b3833d04c8cbdd8c1e074671b1d,221,2026-10-03T11:33:43.815668+07:00,220.04626052000003,220.04626052000003,MONITOR,220.16022872299982,1.000014174000171,0.253636601999915,0.00010145099986402784,DISABLED,off,user_reported,39.64134979248047,63.50325393676758,1012.183671875,101145.7890625,True,True,True,176,0,0,109,177,101,2026-10-03T11:33:43.815748+07:00,220.04634985300027,0.18578838999974323,OK,,True,2026-10-03T11:33:44.001547+07:00,220.2321456310001,0.0330966400001671,OK,,True,865,0.108125,,2026-10-03T11:33:44.034652+07:00,220.26524873400012,0.03463474000000133,OK,,True,2179,0.272375,
59fb0b3833d04c8cbdd8c1e074671b1d,222,2026-10-03T11:33:44.815666+07:00,221.04625688099986,221.04625688099986,MONITOR,221.16022508399965,0.9999963609998304,0.25890978799998265,9.781199969438603e-05,DISABLED,off,user_reported,39.64262771606445,63.49677658081055,1012.17890625,101205.7734375,True,True,True,176,0,0,109,176,101,2026-10-03T11:33:44.815745+07:00,221.04634726899985,0.1858143710001059,OK,,True,2026-10-03T11:33:45.001571+07:00,221.2321690660001,0.035530734000076336,OK,,True,857,0.107125,,2026-10-03T11:33:45.037109+07:00,221.26770566999994,0.03744825800004037,OK,,True,2186,0.27325,
59fb0b3833d04c8cbdd8c1e074671b1d,223,2026-10-03T11:33:45.815663+07:00,222.04625502099998,222.04625502099998,MONITOR,222.16022322399976,0.9999981400001161,0.2537603420000778,9.595199981049518e-05,DISABLED,off,user_reported,39.64582061767578,63.5040168762207,1012.177109375,101931.1171875,True,True,True,176,0,0,109,176,101,2026-10-03T11:33:45.815745+07:00,222.0463468349999,0.18580489000032685,OK,,True,2026-10-03T11:33:46.001561+07:00,222.23215929900016,0.03294464100008554,OK,,True,864,0.108,,2026-10-03T11:33:46.034506+07:00,222.2651069399999,0.03488894200017967,OK,,True,2182,0.27275,
59fb0b3833d04c8cbdd8c1e074671b1d,224,2026-10-03T11:33:46.815664+07:00,223.04625588399995,223.04625588399995,MONITOR,223.16022408699973,1.0000008629999684,0.25333004999993136,9.681499977887142e-05,DISABLED,off,user_reported,39.64773178100586,63.49764633178711,1012.180234375,101265.8203125,True,True,True,176,0,0,109,176,101,2026-10-03T11:33:46.815743+07:00,223.04634442099996,0.1857926679999764,OK,,True,2026-10-03T11:33:47.001546+07:00,223.2321440149999,0.03298186200026976,OK,,True,882,0.11025,,2026-10-03T11:33:47.034529+07:00,223.26512921099993,0.03444413000033819,OK,,True,2186,0.27325,
59fb0b3833d04c8cbdd8c1e074671b1d,225,2026-10-03T11:33:47.815656+07:00,224.04624806399988,224.04624806399988,MONITOR,224.16021626699967,0.9999921799999356,0.2529800890001752,8.899499971448677e-05,DISABLED,off,user_reported,39.64582061767578,63.4973258972168,1012.1496875,101145.7890625,True,True,True,176,0,0,109,177,101,2026-10-03T11:33:47.815733+07:00,224.04633513699991,0.18579398300016692,OK,,True,2026-10-03T11:33:48.001537+07:00,224.2321354720002,0.03297765899969818,OK,,True,880,0.11,,2026-10-03T11:33:48.034515+07:00,224.26511631599988,0.03409780000038154,OK,,True,2190,0.27375,
59fb0b3833d04c8cbdd8c1e074671b1d,226,2026-10-03T11:33:48.815655+07:00,225.04624715199998,225.04624715199998,MONITOR,225.16021535499976,0.9999990880000951,0.2516634130001876,8.80829998095578e-05,DISABLED,off,user_reported,39.652198791503906,63.511775970458984,1012.16,101265.8203125,True,True,True,176,0,0,109,177,101,2026-10-03T11:33:48.815735+07:00,225.04633704000025,0.18579103899992333,OK,,True,2026-10-03T11:33:49.001537+07:00,225.23213602299984,0.032956752000245615,OK,,True,878,0.10975,,2026-10-03T11:33:49.034495+07:00,225.26509571999986,0.03280727100036529,OK,,True,2190,0.27375,
59fb0b3833d04c8cbdd8c1e074671b1d,227,2026-10-03T11:33:49.815652+07:00,226.04624333399988,226.04624333399988,MONITOR,226.16021153699967,0.9999961819999044,0.25166159900027196,8.426499971392332e-05,DISABLED,off,user_reported,39.6496467590332,63.49796676635742,1012.1559375,101809.5078125,True,True,True,176,0,0,109,176,101,2026-10-03T11:33:49.815733+07:00,226.0463343890001,0.18578959399974337,OK,,True,2026-10-03T11:33:50.001533+07:00,226.23213144600004,0.032962899999802175,OK,,True,858,0.10725,,2026-10-03T11:33:50.034497+07:00,226.265097254,0.032800604999920324,OK,,True,2194,0.27425,
59fb0b3833d04c8cbdd8c1e074671b1d,228,2026-10-03T11:33:50.815651+07:00,227.04624248000027,227.04624248000027,MONITOR,227.16021068300006,0.9999991460003912,0.25199157799988825,8.341100010511582e-05,DISABLED,off,user_reported,39.65475082397461,63.505516052246094,1012.16421875,101325.9453125,True,True,True,176,0,0,109,176,101,2026-10-03T11:33:50.815730+07:00,227.04633153500026,0.18579931699969165,OK,,True,2026-10-03T11:33:51.001540+07:00,227.23213794499998,0.033256305000122666,OK,,True,875,0.109375,,2026-10-03T11:33:51.034798+07:00,227.26539797199985,0.032828309000251465,OK,,True,2185,0.273125,
59fb0b3833d04c8cbdd8c1e074671b1d,229,2026-10-03T11:33:51.815653+07:00,228.04624294199994,228.04624294199994,MONITOR,228.16021114499972,1.0000004619996616,0.2517329689999315,8.387299976675422e-05,DISABLED,off,user_reported,39.65666580200195,63.51253128051758,1012.167265625,101085.8828125,True,True,True,176,0,0,109,177,101,2026-10-03T11:33:51.815732+07:00,228.04633423799987,0.18579398400015634,OK,,True,2026-10-03T11:33:52.001537+07:00,228.23213520299987,0.03297780800039618,OK,,True,874,0.10925,,2026-10-03T11:33:52.034516+07:00,228.26511623299984,0.03285164099997928,OK,,True,2192,0.274,
59fb0b3833d04c8cbdd8c1e074671b1d,230,2026-10-03T11:33:52.815657+07:00,229.04624738700022,229.04624738700022,MONITOR,229.16021559,1.000004445000286,0.2517034879997482,8.831800005282275e-05,DISABLED,off,user_reported,39.663047790527344,63.5002326965332,1012.17078125,101325.9453125,True,True,True,176,0,0,109,176,101,2026-10-03T11:33:52.815735+07:00,229.04633659,0.18579505800016705,OK,,True,2026-10-03T11:33:53.001540+07:00,229.23213855599988,0.03297421500019482,OK,,True,865,0.108125,,2026-10-03T11:33:53.034516+07:00,229.26511580800025,0.03282712299960622,OK,,True,2185,0.273125,
59fb0b3833d04c8cbdd8c1e074671b1d,231,2026-10-03T11:33:53.815659+07:00,230.04624942600003,230.04624942600003,MONITOR,230.16021762899982,1.0000020389998099,0.25170322900021347,9.035699986270629e-05,DISABLED,off,user_reported,39.663047790527344,63.49354553222656,1012.15703125,100906.5859375,True,True,True,176,0,0,109,177,101,2026-10-03T11:33:53.815738+07:00,230.04634024000006,0.18579691000013554,OK,,True,2026-10-03T11:33:54.001546+07:00,230.2321446320002,0.03296884399969713,OK,,True,879,0.109875,,2026-10-03T11:33:54.034516+07:00,230.26511679099985,0.03282766000029369,OK,,True,2191,0.273875,
59fb0b3833d04c8cbdd8c1e074671b1d,232,2026-10-03T11:33:54.815656+07:00,231.04624681699988,231.04624681699988,MONITOR,231.16021501999967,0.9999973909998516,0.2517146190002677,8.774799971433822e-05,DISABLED,off,user_reported,39.663047790527344,63.49354553222656,1012.16390625,101446.40625,True,True,True,176,0,0,109,177,101,2026-10-03T11:33:54.815735+07:00,231.04633659499996,0.18580120600017835,OK,,True,2026-10-03T11:33:55.001548+07:00,231.23214574600024,0.032969195999612566,OK,,True,889,0.111125,,2026-10-03T11:33:55.034517+07:00,231.26511785000002,0.03283556699989276,OK,,True,2190,0.27375,
59fb0b3833d04c8cbdd8c1e074671b1d,233,2026-10-03T11:33:55.815652+07:00,232.04624326600015,232.04624326600015,MONITOR,232.16021146899993,0.999996449000264,0.25172893399985696,8.419699997830321e-05,DISABLED,off,user_reported,39.66495895385742,63.49386215209961,1012.139453125,101931.1171875,True,True,True,176,0,0,109,176,101,2026-10-03T11:33:55.815731+07:00,232.04633330200022,0.18579731899990293,OK,,True,2026-10-03T11:33:56.001541+07:00,232.23213824999993,0.03299516000015501,OK,,True,876,0.1095,,2026-10-03T11:33:56.034536+07:00,232.26513657600026,0.03282810499968036,OK,,True,2194,0.27425,
59fb0b3833d04c8cbdd8c1e074671b1d,234,2026-10-03T11:33:56.815650+07:00,233.04624054900023,233.04624054900023,MONITOR,233.16020875200002,0.9999972830000843,0.2519885249998879,8.148000006258371e-05,DISABLED,off,user_reported,39.66559600830078,63.493980407714844,1012.188671875,101026.046875,True,True,True,176,0,0,109,176,101,2026-10-03T11:33:56.815726+07:00,233.04632784500018,0.185791725999934,OK,,True,2026-10-03T11:33:57.001528+07:00,233.23212631100023,0.03322802899992894,OK,,True,863,0.107875,,2026-10-03T11:33:57.034757+07:00,233.26535772800025,0.0328627349999806,OK,,True,2194,0.27425,
59fb0b3833d04c8cbdd8c1e074671b1d,235,2026-10-03T11:33:57.815657+07:00,234.0462487220002,234.0462487220002,MONITOR,234.160216925,1.0000081729999692,0.2517329160000372,8.965300003183074e-05,DISABLED,off,user_reported,39.67134094238281,63.49494934082031,1012.170390625,101085.8828125,True,True,True,176,0,0,109,176,101,2026-10-03T11:33:57.815737+07:00,234.04633857399995,0.1857977069998924,OK,,True,2026-10-03T11:33:58.001546+07:00,234.23214402199983,0.03297932600025888,OK,,True,879,0.109875,,2026-10-03T11:33:58.034527+07:00,234.26512673700017,0.03284727099980955,OK,,True,2190,0.27375,
59fb0b3833d04c8cbdd8c1e074671b1d,236,2026-10-03T11:33:58.815657+07:00,235.04624873000012,235.04624873000012,MONITOR,235.1602169329999,1.0000000079999154,0.2516528799997104,8.966099994722754e-05,DISABLED,off,user_reported,39.67006301879883,63.488040924072266,1012.175234375,100846.953125,True,True,True,176,0,0,109,177,101,2026-10-03T11:33:58.815735+07:00,235.04633734100025,0.18579920699994545,OK,,True,2026-10-03T11:33:59.001546+07:00,235.23214354799984,0.032951216000128625,OK,,True,874,0.10925,,2026-10-03T11:33:59.034497+07:00,235.265097856,0.03279610600020533,OK,,True,2187,0.273375,
59fb0b3833d04c8cbdd8c1e074671b1d,237,2026-10-03T11:33:59.815657+07:00,236.0462495910001,236.0462495910001,MONITOR,236.1602177939999,1.0000008609999895,0.25191248900000573,9.052199993675458e-05,DISABLED,off,user_reported,39.674530029296875,63.495487213134766,1012.175703125,101265.8203125,True,True,True,176,0,0,109,177,101,2026-10-03T11:33:59.815735+07:00,236.04633712700024,0.18579280099993412,OK,,True,2026-10-03T11:34:00.001539+07:00,236.23213737200012,0.03317034399969998,OK,,True,882,0.11025,,2026-10-03T11:34:00.034716+07:00,236.26531406799995,0.03283938200002012,OK,,True,2190,0.27375,
59fb0b3833d04c8cbdd8c1e074671b1d,238,2026-10-03T11:34:00.815659+07:00,237.04625113800012,237.04625113800012,MONITOR,237.1602193409999,1.0000015470000108,0.2516652320000503,9.206899994751438e-05,DISABLED,off,user_reported,39.674530029296875,63.495487213134766,1012.148125,102053.0234375,True,True,True,176,0,0,109,176,101,2026-10-03T11:34:00.815739+07:00,237.04634074900014,0.1858043560000624,OK,,True,2026-10-03T11:34:01.001554+07:00,237.23215303100005,0.032946585999980016,OK,,True,866,0.10825,,2026-10-03T11:34:01.034502+07:00,237.26510285699987,0.0328055130003122,OK,,True,2192,0.274,
59fb0b3833d04c8cbdd8c1e074671b1d,239,2026-10-03T11:34:01.815654+07:00,238.04624796400003,238.04624796400003,MONITOR,238.16021616699982,0.999996825999915,0.25165036199996393,8.889499986253213e-05,DISABLED,off,user_reported,39.67963409423828,63.49635314941406,1012.18390625,101325.9453125,True,True,True,176,0,0,109,176,101,2026-10-03T11:34:01.815718+07:00,238.04632027900016,0.1857988009996916,OK,,True,2026-10-03T11:34:02.001529+07:00,238.2321265800001,0.0329521969997586,OK,,True,887,0.110875,,2026-10-03T11:34:02.034481+07:00,238.26508175800018,0.032807493999825965,OK,,True,2182,0.27275,
59fb0b3833d04c8cbdd8c1e074671b1d,240,2026-10-03T11:34:02.815651+07:00,239.0462427729999,239.0462427729999,MONITOR,239.1602109759997,0.9999948089998725,0.251926824000293,8.370399973500753e-05,DISABLED,off,user_reported,39.680912017822266,63.48318862915039,1012.1721875,101325.9453125,True,True,True,176,0,0,109,176,101,2026-10-03T11:34:02.815728+07:00,239.04633025400017,0.1857931350000399,OK,,True,2026-10-03T11:34:03.001532+07:00,239.2321299260002,0.03322215799971673,OK,,True,877,0.109625,,2026-10-03T11:34:03.034756+07:00,239.26535549100026,0.0328065499998047,OK,,True,2183,0.272875,
59fb0b3833d04c8cbdd8c1e074671b1d,241,2026-10-03T11:34:03.815647+07:00,240.04624060200013,240.04624060200013,MONITOR,240.1602088049999,0.9999978290002218,0.25170350999997027,8.153299995683483e-05,DISABLED,off,user_reported,39.681549072265625,63.48998260498047,1012.18703125,100846.953125,True,True,True,176,0,0,109,176,101,2026-10-03T11:34:03.815713+07:00,240.0463145650001,0.1857892829998491,OK,,True,2026-10-03T11:34:04.001513+07:00,240.2321111440001,0.032968955999876925,OK,,True,889,0.111125,,2026-10-03T11:34:04.034483+07:00,240.26508352600013,0.03285234599979958,OK,,True,2183,0.272875,
59fb0b3833d04c8cbdd8c1e074671b1d,242,2026-10-03T11:34:04.815654+07:00,241.04624733899982,241.04624733899982,MONITOR,241.1602155419996,1.0000067369996941,0.251656937000007,8.826999965094728e-05,DISABLED,off,user_reported,39.68346405029297,63.48362350463867,1012.183203125,101506.7421875,True,True,True,176,0,0,109,176,101,2026-10-03T11:34:04.815723+07:00,241.04632520899986,0.18580683900017902,OK,,True,2026-10-03T11:34:05.001541+07:00,241.23213912200026,0.03295684499971685,OK,,True,879,0.109875,,2026-10-03T11:34:05.034498+07:00,241.26509907799982,0.03279740200014203,OK,,True,2194,0.27425,
59fb0b3833d04c8cbdd8c1e074671b1d,243,2026-10-03T11:34:05.815657+07:00,242.04624970800023,242.04624970800023,MONITOR,242.16021791100002,1.0000023690004127,0.2516366410000046,9.063900006367476e-05,DISABLED,off,user_reported,39.68346405029297,63.48362350463867,1012.14875,100787.3984375,True,True,True,176,0,0,109,176,101,2026-10-03T11:34:05.815725+07:00,242.04632657699995,0.18579735799994523,OK,,True,2026-10-03T11:34:06.001533+07:00,242.23213176800027,0.03294717899962052,OK,,True,868,0.1085,,2026-10-03T11:34:06.034482+07:00,242.26508246499998,0.03279634699993039,OK,,True,2183,0.272875,
59fb0b3833d04c8cbdd8c1e074671b1d,244,2026-10-03T11:34:06.815649+07:00,243.04624272499996,243.04624272499996,MONITOR,243.16021092799974,0.9999930169997242,0.2516329750001205,8.365599978787941e-05,DISABLED,off,user_reported,39.68729019165039,63.49095153808594,1012.162109375,100431.5390625,True,True,True,176,0,0,109,176,101,2026-10-03T11:34:06.815714+07:00,243.04631637300008,0.18579174600017723,OK,,True,2026-10-03T11:34:07.001517+07:00,243.232115453,0.0329377520001799,OK,,True,891,0.111375,,2026-10-03T11:34:07.034456+07:00,243.26505601999997,0.0328113650002706,OK,,True,2189,0.273625,
59fb0b3833d04c8cbdd8c1e074671b1d,245,2026-10-03T11:34:07.815655+07:00,244.0462483360002,244.0462483360002,MONITOR,244.16021653899998,1.0000056110002333,0.25164991999963604,8.926700002120924e-05,DISABLED,off,user_reported,39.687931060791016,63.484378814697266,1012.15609375,100313.4765625,True,True,True,176,0,0,109,177,101,2026-10-03T11:34:07.815725+07:00,244.04632646500022,0.18579341399981786,OK,,True,2026-10-03T11:34:08.001529+07:00,244.232127064,0.03295580800022435,OK,,True,884,0.1105,,2026-10-03T11:34:08.034485+07:00,244.265085946,0.03280484700007946,OK,,True,2185,0.273125,
59fb0b3833d04c8cbdd8c1e074671b1d,246,2026-10-03T11:34:08.815703+07:00,245.04628844800027,245.04628844800027,MONITOR,245.16025665100005,1.0000401120000788,0.26326454299987745,0.00012937900010001613,DISABLED,off,user_reported,39.69048309326172,63.49150085449219,1012.1740625,100727.9140625,True,True,True,176,0,0,109,177,101,2026-10-03T11:34:08.815839+07:00,245.04643889199997,0.1917593719999786,OK,,True,2026-10-03T11:34:09.007619+07:00,245.238212579,0.03609545300014361,OK,,True,870,0.10875,,2026-10-03T11:34:09.043720+07:00,245.27431725399993,0.03521799700001793,OK,,True,2201,0.275125,
59fb0b3833d04c8cbdd8c1e074671b1d,247,2026-10-03T11:34:09.815721+07:00,246.04630513600023,246.04630513600023,MONITOR,246.160273339,1.0000166879999597,0.26262784399978045,0.00014606700005970197,DISABLED,off,user_reported,39.6923942565918,63.485137939453125,1012.17015625,101627.6328125,True,True,True,176,0,0,109,176,101,2026-10-03T11:34:09.815882+07:00,246.04648209800007,0.19175926099978824,OK,,True,2026-10-03T11:34:10.007661+07:00,246.23825548900004,0.03544727200005582,OK,,True,873,0.109125,,2026-10-03T11:34:10.043115+07:00,246.27371235400005,0.03520234799998434,OK,,True,2200,0.275,
59fb0b3833d04c8cbdd8c1e074671b1d,248,2026-10-03T11:34:10.815667+07:00,247.04625882500022,247.04625882500022,MONITOR,247.160227028,0.9999536889999945,0.25165738299983786,9.975600005418528e-05,DISABLED,off,user_reported,39.69430923461914,63.48545837402344,1012.1528125,101145.7890625,True,True,True,176,0,0,109,176,101,2026-10-03T11:34:10.815746+07:00,247.04634830600025,0.18579937699996663,OK,,True,2026-10-03T11:34:11.001557+07:00,247.23215471999993,0.032946216000254935,OK,,True,867,0.108375,,2026-10-03T11:34:11.034503+07:00,247.26510389900022,0.03280443899984675,OK,,True,2194,0.27425,
59fb0b3833d04c8cbdd8c1e074671b1d,249,2026-10-03T11:34:11.815658+07:00,248.04625018200022,248.04625018200022,MONITOR,248.160218385,0.999991356999999,0.25169764299971575,9.11130000531557e-05,DISABLED,off,user_reported,39.69558334350586,63.478981018066406,1012.154765625,100668.5,True,True,True,176,0,0,109,176,101,2026-10-03T11:34:11.815738+07:00,248.04633973699993,0.18580522899992502,OK,,True,2026-10-03T11:34:12.001554+07:00,248.23215235499993,0.03296303100023579,OK,,True,878,0.10975,,2026-10-03T11:34:12.034518+07:00,248.26511868199987,0.03281955000011294,OK,,True,2187,0.273375,
59fb0b3833d04c8cbdd8c1e074671b1d,250,2026-10-03T11:34:12.815657+07:00,249.0462500399999,249.0462500399999,MONITOR,249.1602182429997,0.9999998579996827,0.25165642100000696,9.097099973587319e-05,DISABLED,off,user_reported,39.69430923461914,63.49214553833008,1012.166640625,101325.9453125,True,True,True,176,0,0,109,176,101,2026-10-03T11:34:12.815736+07:00,249.04633752100017,0.18580582200002027,OK,,True,2026-10-03T11:34:13.001553+07:00,249.2321514360001,0.032946992999768554,OK,,True,871,0.108875,,2026-10-03T11:34:13.034501+07:00,249.26510148499983,0.032797198000025674,OK,,True,2195,0.274375,
59fb0b3833d04c8cbdd8c1e074671b1d,251,2026-10-03T11:34:13.815657+07:00,250.04624865899996,250.04624865899996,MONITOR,250.16021686199974,0.9999986190000527,0.25171445700016193,8.958999978858628e-05,DISABLED,off,user_reported,39.69877624511719,63.47283935546875,1012.166875,100966.28125,True,True,True,176,0,0,109,176,101,2026-10-03T11:34:13.815737+07:00,250.04633880600022,0.1857958040000085,OK,,True,2026-10-03T11:34:14.001543+07:00,250.23214183200025,0.032971456999803195,OK,,True,860,0.1075,,2026-10-03T11:34:14.034515+07:00,250.26511602900018,0.03283917999988262,OK,,True,2183,0.272875,
59fb0b3833d04c8cbdd8c1e074671b1d,252,2026-10-03T11:34:14.815657+07:00,251.0462488520002,251.0462488520002,MONITOR,251.16021705499998,1.0000001930002327,0.25196391999998013,8.978300002127071e-05,DISABLED,off,user_reported,39.69750213623047,63.479305267333984,1012.13734375,100490.6796875,True,True,True,176,0,0,109,177,101,2026-10-03T11:34:14.815735+07:00,251.046337278,0.18580391500017868,OK,,True,2026-10-03T11:34:15.001550+07:00,251.23214860000007,0.033235769999919285,OK,,True,874,0.10925,,2026-10-03T11:34:15.034787+07:00,251.2653873879999,0.03281592100029229,OK,,True,2193,0.274125,
59fb0b3833d04c8cbdd8c1e074671b1d,253,2026-10-03T11:34:15.815717+07:00,252.04629765800019,252.04629765800019,MONITOR,252.16026586099997,1.0000488059999952,0.2629974169999514,0.0001385890000165091,DISABLED,off,user_reported,39.70260238647461,63.486854553222656,1012.173125,100727.9140625,True,True,True,176,0,0,109,177,101,2026-10-03T11:34:15.815879+07:00,252.04647897199993,0.19174476200032586,OK,,True,2026-10-03T11:34:16.007646+07:00,252.23824040099998,0.03536827300013101,OK,,True,881,0.110125,,2026-10-03T11:34:16.043018+07:00,252.27361672999996,0.03565158600031282,OK,,True,2197,0.274625,
59fb0b3833d04c8cbdd8c1e074671b1d,254,2026-10-03T11:34:16.815732+07:00,253.04631487300003,253.04631487300003,MONITOR,253.1602830759998,1.0000172149998434,0.26261217899991607,0.000155803999859927,DISABLED,off,user_reported,39.70579528808594,63.487396240234375,1012.164453125,101265.8203125,True,True,True,176,0,0,109,176,101,2026-10-03T11:34:16.815888+07:00,253.04648838999992,0.1917734480002764,OK,,True,2026-10-03T11:34:17.007684+07:00,253.23827722700025,0.03544477299965365,OK,,True,860,0.1075,,2026-10-03T11:34:17.043133+07:00,253.27373057400018,0.03517534799993882,OK,,True,2193,0.274125,
59fb0b3833d04c8cbdd8c1e074671b1d,255,2026-10-03T11:34:17.815730+07:00,254.04631303299993,254.04631303299993,MONITOR,254.16028123599972,0.9999981599999046,0.262534161000076,0.00015396399976452813,DISABLED,off,user_reported,39.707069396972656,63.480918884277344,1012.173515625,100787.3984375,True,True,True,176,0,0,109,176,101,2026-10-03T11:34:17.815886+07:00,254.0464858280002,0.19176566999976785,OK,,True,2026-10-03T11:34:18.007673+07:00,254.23826683200014,0.03541069899983995,OK,,True,872,0.109,,2026-10-03T11:34:18.043088+07:00,254.273685957,0.03514164499983963,OK,,True,2197,0.274625,
59fb0b3833d04c8cbdd8c1e074671b1d,256,2026-10-03T11:34:18.815673+07:00,255.04626439799995,255.04626439799995,MONITOR,255.16023260099973,0.9999513650000154,0.25165433000029225,0.00010532899977988563,DISABLED,off,user_reported,39.70771026611328,63.49441146850586,1012.153984375,100906.5859375,True,True,True,176,0,0,109,176,101,2026-10-03T11:34:18.815754+07:00,255.04635550900002,0.18579815600014626,OK,,True,2026-10-03T11:34:19.001562+07:00,255.2321601650001,0.03294366099999024,OK,,True,874,0.10925,,2026-10-03T11:34:19.034506+07:00,255.2651065670002,0.032802993999666796,OK,,True,2191,0.273875,
59fb0b3833d04c8cbdd8c1e074671b1d,257,2026-10-03T11:34:19.815659+07:00,256.04625100500016,256.04625100500016,MONITOR,256.16021920799994,0.9999866070002099,0.25168782999980976,9.193599998980062e-05,DISABLED,off,user_reported,39.7115364074707,63.46830368041992,1012.166875,100906.5859375,True,True,True,176,0,0,109,176,101,2026-10-03T11:34:19.815740+07:00,256.04634174500006,0.18579747200010388,OK,,True,2026-10-03T11:34:20.001547+07:00,256.23214542100004,0.032945344999916415,OK,,True,879,0.109875,,2026-10-03T11:34:20.034493+07:00,256.2650935810002,0.03283601299972361,OK,,True,2183,0.272875,
59fb0b3833d04c8cbdd8c1e074671b1d,258,2026-10-03T11:34:20.815650+07:00,257.04624131699984,257.04624131699984,MONITOR,257.1602095199996,0.9999903119996816,0.25192414399998597,8.224799967138097e-05,DISABLED,off,user_reported,39.7115364074707,63.488372802734375,1012.14625,100431.5390625,True,True,True,176,0,0,109,177,101,2026-10-03T11:34:20.815728+07:00,257.0463301310001,0.18579371299983904,OK,,True,2026-10-03T11:34:21.001533+07:00,257.23213069600024,0.03322499199975937,OK,,True,887,0.110875,,2026-10-03T11:34:21.034759+07:00,257.265359169,0.03279890300018451,OK,,True,2194,0.27425,
59fb0b3833d04c8cbdd8c1e074671b1d,259,2026-10-03T11:34:21.815649+07:00,258.04624188900016,258.04624188900016,MONITOR,258.16021009199994,1.0000005720003173,0.25166764599998714,8.28199999887147e-05,DISABLED,off,user_reported,39.71472930908203,63.48222351074219,1012.172109375,101085.8828125,True,True,True,176,0,0,109,176,101,2026-10-03T11:34:21.815728+07:00,258.04632961100015,0.18579161999969074,OK,,True,2026-10-03T11:34:22.001530+07:00,258.2321276759999,0.03292429000021002,OK,,True,911,0.113875,,2026-10-03T11:34:22.034454+07:00,258.26505494799994,0.03284642000016902,OK,,True,2181,0.272625,
59fb0b3833d04c8cbdd8c1e074671b1d,260,2026-10-03T11:34:22.815657+07:00,259.04624905499986,259.04624905499986,MONITOR,259.16021725799965,1.0000071659997047,0.25164386899996316,8.998599969345378e-05,DISABLED,off,user_reported,39.71600341796875,63.489131927490234,1012.12625,100787.3984375,True,True,True,176,0,0,109,176,101,2026-10-03T11:34:22.815736+07:00,259.0463376470002,0.18580319500006226,OK,,True,2026-10-03T11:34:23.001549+07:00,259.23214736,0.032942661000106455,OK,,True,854,0.10675,,2026-10-03T11:34:23.034492+07:00,259.26509279899983,0.0327928100000463,OK,,True,2174,0.27175,
59fb0b3833d04c8cbdd8c1e074671b1d,261,2026-10-03T11:34:23.815681+07:00,260.04627162999986,260.04627162999986,MONITOR,260.16023983299965,1.0000225750000027,0.2516373870003008,0.00011256099969614297,DISABLED,off,user_reported,39.72046661376953,63.46981430053711,1012.1884375,100431.5390625,True,True,True,176,0,0,109,176,101,2026-10-03T11:34:23.815768+07:00,260.0463696850002,0.1858026569998401,OK,,True,2026-10-03T11:34:24.001580+07:00,260.23217845399995,0.03291901200009306,OK,,True,875,0.109375,,2026-10-03T11:34:24.034500+07:00,260.26510068900006,0.032800994999888644,OK,,True,2178,0.27225,
59fb0b3833d04c8cbdd8c1e074671b1d,262,2026-10-03T11:34:24.815650+07:00,261.04624203899994,261.04624203899994,MONITOR,261.1602102419997,0.9999704090000705,0.2516200539998863,8.296999976664665e-05,DISABLED,off,user_reported,39.721107482910156,63.483299255371094,1012.168828125,100254.5546875,True,True,True,176,0,0,109,176,101,2026-10-03T11:34:24.815730+07:00,261.0463321500001,0.18579210200005036,OK,,True,2026-10-03T11:34:25.001532+07:00,261.2321298259999,0.03291562399999748,OK,,True,885,0.110625,,2026-10-03T11:34:25.034447+07:00,261.26504826500013,0.032806051000079606,OK,,True,2192,0.274,
59fb0b3833d04c8cbdd8c1e074671b1d,263,2026-10-03T11:34:25.815655+07:00,262.04624741199996,262.04624741199996,MONITOR,262.16021561499974,1.0000053730000218,0.25161449899997024,8.834299978843774e-05,DISABLED,off,user_reported,39.72429656982422,63.497222900390625,1012.16015625,101026.046875,True,True,True,176,0,0,109,176,101,2026-10-03T11:34:25.815738+07:00,262.0463401709999,0.1857921770001667,OK,,True,2026-10-03T11:34:26.001540+07:00,262.2321377369999,0.032920400999955746,OK,,True,884,0.1105,,2026-10-03T11:34:26.034461+07:00,262.2650613229998,0.03279316200041649,OK,,True,2191,0.273875,
59fb0b3833d04c8cbdd8c1e074671b1d,264,2026-10-03T11:34:26.815655+07:00,263.0462464719999,263.0462464719999,MONITOR,263.1602146749997,0.9999990599999364,0.25202060700030415,8.740299972487264e-05,DISABLED,off,user_reported,39.72046661376953,63.46312713623047,1012.16078125,100254.5546875,True,True,True,176,0,0,109,177,101,2026-10-03T11:34:26.815735+07:00,263.046336675,0.1858001770001465,OK,,True,2026-10-03T11:34:27.001545+07:00,263.2321439440002,0.033237195999845426,OK,,True,885,0.110625,,2026-10-03T11:34:27.034784+07:00,263.26538434400027,0.03287336499988669,OK,,True,2189,0.273625,
59fb0b3833d04c8cbdd8c1e074671b1d,265,2026-10-03T11:34:27.815653+07:00,264.046245514,264.046245514,MONITOR,264.1602137169998,0.9999990420001268,0.2519891820002158,8.644499985166476e-05,DISABLED,off,user_reported,39.724937438964844,63.4705696105957,1012.168046875,100609.15625,True,True,True,176,0,0,109,176,101,2026-10-03T11:34:27.815734+07:00,264.0463357909998,0.1858024180000939,OK,,True,2026-10-03T11:34:28.001548+07:00,264.232145728,0.033084233999943535,OK,,True,883,0.110375,,2026-10-03T11:34:28.034637+07:00,264.26523449900014,0.032990438000069844,OK,,True,2184,0.273,
59fb0b3833d04c8cbdd8c1e074671b1d,266,2026-10-03T11:34:28.815762+07:00,265.04634420499997,265.04634420499997,MONITOR,265.16031240799975,1.0000986909999483,0.2537270590000844,0.00018513599979996798,DISABLED,off,user_reported,39.7255744934082,63.48405075073242,1012.189765625,100727.9140625,True,True,True,176,0,0,109,176,101,2026-10-03T11:34:28.816532+07:00,265.04712931099994,0.18708096399996066,OK,,True,2026-10-03T11:34:29.003621+07:00,265.23421897900016,0.03301295699975526,OK,,True,871,0.108875,,2026-10-03T11:34:29.036635+07:00,265.26723521400027,0.03282766099982837,OK,,True,2179,0.272375,
59fb0b3833d04c8cbdd8c1e074671b1d,267,2026-10-03T11:34:29.815651+07:00,266.0462441210002,266.0462441210002,MONITOR,266.160212324,0.9998999160002313,0.2516776099996605,8.505200003128266e-05,DISABLED,off,user_reported,39.72748565673828,63.471004486083984,1012.1446875,100136.90625,True,True,True,176,0,0,109,176,101,2026-10-03T11:34:29.815726+07:00,266.04632760100003,0.18579991900014647,OK,,True,2026-10-03T11:34:30.001537+07:00,266.2321349829999,0.03294632699999056,OK,,True,880,0.11,,2026-10-03T11:34:30.034483+07:00,266.26508419899983,0.03282912500026214,OK,,True,2186,0.27325,
59fb0b3833d04c8cbdd8c1e074671b1d,268,2026-10-03T11:34:30.815656+07:00,267.0462499250002,267.0462499250002,MONITOR,267.160218128,1.0000058040000113,0.25169070399988414,9.085600004254957e-05,DISABLED,off,user_reported,39.73450469970703,63.485565185546875,1012.16984375,100727.9140625,True,True,True,176,0,0,109,176,101,2026-10-03T11:34:30.815731+07:00,267.04633262900006,0.18579580699997678,OK,,True,2026-10-03T11:34:31.001539+07:00,267.232136695,0.03295077199982188,OK,,True,873,0.109125,,2026-10-03T11:34:31.034489+07:00,267.26509020799995,0.03284277300008398,OK,,True,2188,0.2735,
59fb0b3833d04c8cbdd8c1e074671b1d,269,2026-10-03T11:34:31.815653+07:00,268.0462468800001,268.0462468800001,MONITOR,268.1602150829999,0.999996954999915,0.251769073000105,8.781099995758268e-05,DISABLED,off,user_reported,39.735145568847656,63.47899627685547,1012.1846875,100195.6953125,True,True,True,176,0,0,109,176,101,2026-10-03T11:34:31.815728+07:00,268.04632975000004,0.18579869599989252,OK,,True,2026-10-03T11:34:32.001539+07:00,268.2321366870001,0.0329697719998876,OK,,True,880,0.11,,2026-10-03T11:34:32.034508+07:00,268.2651093479999,0.0328974020003443,OK,,True,2177,0.272125,
59fb0b3833d04c8cbdd8c1e074671b1d,270,2026-10-03T11:34:32.815657+07:00,269.0462506680001,269.0462506680001,MONITOR,269.16021887099987,1.0000037879999581,0.2519171099997948,9.159899991573184e-05,DISABLED,off,user_reported,39.736419677734375,63.48588943481445,1012.166015625,100195.6953125,True,True,True,176,0,0,109,176,101,2026-10-03T11:34:32.815731+07:00,269.04633335300014,0.18579999299981864,OK,,True,2026-10-03T11:34:33.001543+07:00,269.2321411610001,0.03321430699998018,OK,,True,872,0.109,,2026-10-03T11:34:33.034758+07:00,269.2653587640002,0.032801439999730064,OK,,True,2185,0.273125,
59fb0b3833d04c8cbdd8c1e074671b1d,271,2026-10-03T11:34:33.815951+07:00,270.0465237530002,270.0465237530002,MONITOR,270.160491956,1.0002730850001171,0.25712246299963226,0.0003646840000328666,DISABLED,off,user_reported,39.73897171020508,63.46625518798828,1012.14953125,100195.6953125,True,True,True,176,0,0,109,176,101,2026-10-03T11:34:33.816057+07:00,270.0466586040002,0.1875817579998511,OK,,True,2026-10-03T11:34:34.003654+07:00,270.23425112099994,0.03526949700017212,OK,,True,867,0.108375,,2026-10-03T11:34:34.038928+07:00,270.26952671100025,0.034105374999853666,OK,,True,2192,0.274,
59fb0b3833d04c8cbdd8c1e074671b1d,272,2026-10-03T11:34:34.815655+07:00,271.04624841600025,271.04624841600025,MONITOR,271.16021661900004,0.9997246630000518,0.2517286859997512,8.934700008467189e-05,DISABLED,off,user_reported,39.74088668823242,63.46658706665039,1012.1871875,100609.15625,True,True,True,176,0,0,109,176,101,2026-10-03T11:34:34.815727+07:00,271.0463291000001,0.185796049000146,OK,,True,2026-10-03T11:34:35.001534+07:00,271.23213237200025,0.03296688299997186,OK,,True,869,0.108625,,2026-10-03T11:34:35.034502+07:00,271.26510262500005,0.032865995000065595,OK,,True,2182,0.27275,
59fb0b3833d04c8cbdd8c1e074671b1d,273,2026-10-03T11:34:35.815649+07:00,272.0462425410001,272.0462425410001,MONITOR,272.16021074399987,0.9999941249998301,0.251738056999784,8.347199991476373e-05,DISABLED,off,user_reported,39.744075775146484,63.473819732666016,1012.151015625,100668.5,True,True,True,176,0,0,109,176,101,2026-10-03T11:34:35.815721+07:00,272.0463225040003,0.18581464099997902,OK,,True,2026-10-03T11:34:36.001547+07:00,272.23214516400003,0.032968716000141285,OK,,True,859,0.107375,,2026-10-03T11:34:36.034516+07:00,272.2651168990001,0.03285547699988456,OK,,True,2185,0.273125,
59fb0b3833d04c8cbdd8c1e074671b1d,274,2026-10-03T11:34:36.815647+07:00,273.0462409830002,273.0462409830002,MONITOR,273.160209186,0.9999984420001056,0.25179003799985367,8.191400002033333e-05,DISABLED,off,user_reported,39.744712829589844,63.453857421875,1012.14515625,100609.15625,True,True,True,176,0,0,109,176,101,2026-10-03T11:34:36.815721+07:00,273.04632250099985,0.18580073400016772,OK,,True,2026-10-03T11:34:37.001532+07:00,273.2321305690002,0.03298195699971984,OK,,True,880,0.11,,2026-10-03T11:34:37.034515+07:00,273.2651154330001,0.032907290999901306,OK,,True,2182,0.27275,
59fb0b3833d04c8cbdd8c1e074671b1d,275,2026-10-03T11:34:37.815650+07:00,274.0462439070002,274.0462439070002,MONITOR,274.16021211,1.0000029240000003,0.25170050099995933,8.483800002068165e-05,DISABLED,off,user_reported,39.742801666259766,63.47358703613281,1012.16953125,100136.90625,True,True,True,176,0,0,109,176,101,2026-10-03T11:34:37.815722+07:00,274.0463237580002,0.18580569799996738,OK,,True,2026-10-03T11:34:38.001540+07:00,274.23213701099985,0.03297112400014157,OK,,True,896,0.112,,2026-10-03T11:34:38.034510+07:00,274.26511085799984,0.03282555100031459,OK,,True,2183,0.272875,
59fb0b3833d04c8cbdd8c1e074671b1d,276,2026-10-03T11:34:38.815718+07:00,275.0463028869999,275.0463028869999,MONITOR,275.1602710899997,1.0000589799997215,0.2521063510002932,0.00014381799974216847,DISABLED,off,user_reported,39.749820709228516,63.47478485107422,1012.146484375,100136.90625,True,True,True,176,0,0,109,176,101,2026-10-03T11:34:38.815831+07:00,275.0464325160001,0.1858599749998575,OK,,True,2026-10-03T11:34:39.001704+07:00,275.23230082400005,0.03325756699996418,OK,,True,863,0.107875,,2026-10-03T11:34:39.034963+07:00,275.26556268700006,0.032838162000189186,OK,,True,2203,0.275375,
59fb0b3833d04c8cbdd8c1e074671b1d,277,2026-10-03T11:34:39.815690+07:00,276.0462777580001,276.0462777580001,MONITOR,276.1602459609999,0.9999748710001768,0.2620719490000738,0.00011868899991895887,DISABLED,off,user_reported,39.750457763671875,63.461517333984375,1012.175078125,100136.90625,True,True,True,176,0,0,109,176,101,2026-10-03T11:34:39.815816+07:00,276.04641720100017,0.19134593799981303,OK,,True,2026-10-03T11:34:40.007182+07:00,276.2377771020001,0.03538025599982575,OK,,True,877,0.109625,,2026-10-03T11:34:40.042568+07:00,276.2731664319999,0.03516627499993774,OK,,True,2194,0.27425,
59fb0b3833d04c8cbdd8c1e074671b1d,278,2026-10-03T11:34:40.815669+07:00,277.0462620369999,277.0462620369999,MONITOR,277.1602302399997,0.9999842789998183,0.25166600300008213,0.00010296799973730231,DISABLED,off,user_reported,39.751731872558594,63.468421936035156,1012.1496875,100490.6796875,True,True,True,176,0,0,109,176,101,2026-10-03T11:34:40.815742+07:00,277.0463437220001,0.1858013830001255,OK,,True,2026-10-03T11:34:41.001555+07:00,277.23215304999985,0.03295123500038244,OK,,True,888,0.111,,2026-10-03T11:34:41.034506+07:00,277.26510732199995,0.0328135879999536,OK,,True,2189,0.273625,
59fb0b3833d04c8cbdd8c1e074671b1d,279,2026-10-03T11:34:41.815651+07:00,278.046244744,278.046244744,MONITOR,278.16021294699976,0.999982707000072,0.2517322620001323,8.567499980927096e-05,DISABLED,off,user_reported,39.7568359375,63.46928405761719,1012.171796875,99902.4375,True,True,True,176,0,0,109,177,101,2026-10-03T11:34:41.815725+07:00,278.04632731699985,0.18580636500018954,OK,,True,2026-10-03T11:34:42.001542+07:00,278.2321409790002,0.03296260499973869,OK,,True,884,0.1105,,2026-10-03T11:34:42.034506+07:00,278.26510641799996,0.032862179999938235,OK,,True,2187,0.273375,
59fb0b3833d04c8cbdd8c1e074671b1d,280,2026-10-03T11:34:42.815656+07:00,279.04624869200006,279.04624869200006,MONITOR,279.16021689499985,1.000003948000085,0.25168705899977795,8.962299989434541e-05,DISABLED,off,user_reported,39.758113861083984,63.462806701660156,1012.166875,100787.3984375,True,True,True,176,0,0,109,176,101,2026-10-03T11:34:42.815730+07:00,279.0463320990002,0.18579799500002991,OK,,True,2026-10-03T11:34:43.001539+07:00,279.2321371860003,0.03296821699996144,OK,,True,859,0.107375,,2026-10-03T11:34:43.034508+07:00,279.2651088480002,0.032819402999848535,OK,,True,2181,0.272625,
59fb0b3833d04c8cbdd8c1e074671b1d,281,2026-10-03T11:34:43.815654+07:00,280.04624793699986,280.04624793699986,MONITOR,280.16021613999965,0.999999244999799,0.2542593380003382,8.88679996933206e-05,DISABLED,off,user_reported,39.757476806640625,63.46268844604492,1012.172734375,100372.4765625,True,True,True,176,0,0,109,176,101,2026-10-03T11:34:43.815731+07:00,280.0463332700001,0.18613543799983745,OK,,True,2026-10-03T11:34:44.001883+07:00,280.232479282,0.034272263000275416,OK,,True,871,0.108875,,2026-10-03T11:34:44.036166+07:00,280.26676224899984,0.03373121100003118,OK,,True,2153,0.269125,
59fb0b3833d04c8cbdd8c1e074671b1d,282,2026-10-03T11:34:44.815662+07:00,281.04625609100003,281.04625609100003,MONITOR,281.1602242939998,1.0000081540001702,0.2519476880002003,9.702199986350024e-05,DISABLED,off,user_reported,39.76002883911133,63.463134765625,1012.17,100078.1875,True,True,True,176,0,0,109,176,101,2026-10-03T11:34:44.815737+07:00,281.0463392020001,0.1857993290000195,OK,,True,2026-10-03T11:34:45.001548+07:00,281.232146197,0.033224919000076625,OK,,True,877,0.109625,,2026-10-03T11:34:45.034774+07:00,281.26537454200025,0.032821328999943944,OK,,True,2180,0.2725,
59fb0b3833d04c8cbdd8c1e074671b1d,283,2026-10-03T11:34:45.815653+07:00,282.04624493200026,282.04624493200026,MONITOR,282.16021313500005,0.9999888410002313,0.2517327999998997,8.586300009483239e-05,DISABLED,off,user_reported,39.761940002441406,63.46345520019531,1012.17296875,100668.5,True,True,True,176,0,0,109,176,101,2026-10-03T11:34:45.815739+07:00,282.0463409130002,0.18580419899990375,OK,,True,2026-10-03T11:34:46.001555+07:00,282.23215281600005,0.03297221699995134,OK,,True,852,0.1065,,2026-10-03T11:34:46.034529+07:00,282.26512860699995,0.032841403000020364,OK,,True,2182,0.27275,
59fb0b3833d04c8cbdd8c1e074671b1d,284,2026-10-03T11:34:46.815649+07:00,283.0462415510001,283.0462415510001,MONITOR,283.1602097539999,0.9999966189998304,0.2517446150000069,8.248199992522132e-05,DISABLED,off,user_reported,39.76321792602539,63.470359802246094,1012.195859375,99669.0703125,True,True,True,176,0,0,109,176,101,2026-10-03T11:34:46.815725+07:00,283.0463268650001,0.18580329299993537,OK,,True,2026-10-03T11:34:47.001540+07:00,283.23213778699983,0.03299055000024964,OK,,True,876,0.1095,,2026-10-03T11:34:47.034531+07:00,283.2651318369999,0.03284668100013732,OK,,True,2181,0.272625,
59fb0b3833d04c8cbdd8c1e074671b1d,285,2026-10-03T11:34:47.815651+07:00,284.0462428569999,284.0462428569999,MONITOR,284.1602110599997,1.000001305999831,0.2517229860000043,8.378799975616857e-05,DISABLED,off,user_reported,39.76704788208008,63.45763397216797,1012.202109375,100078.1875,True,True,True,176,0,0,109,176,101,2026-10-03T11:34:47.815736+07:00,284.0463381889999,0.1858069970003271,OK,,True,2026-10-03T11:34:48.001555+07:00,284.2321528709999,0.03295921700009785,OK,,True,866,0.10825,,2026-10-03T11:34:48.034515+07:00,284.26511521700013,0.03284275499981959,OK,,True,2186,0.27325,
59fb0b3833d04c8cbdd8c1e074671b1d,286,2026-10-03T11:34:48.815650+07:00,285.04624379300003,285.04624379300003,MONITOR,285.1602119959998,1.0000009360001059,0.25459920699995564,8.472399986203527e-05,DISABLED,off,user_reported,39.76959991455078,63.45806121826172,1012.178671875,99843.9921875,True,True,True,176,0,0,109,176,101,2026-10-03T11:34:48.815726+07:00,285.0463276999999,0.1864946770001552,OK,,True,2026-10-03T11:34:49.002241+07:00,285.23283493200006,0.032867273000192654,OK,,True,877,0.109625,,2026-10-03T11:34:49.035111+07:00,285.2657092610002,0.03511901699994269,OK,,True,2165,0.270625,
59fb0b3833d04c8cbdd8c1e074671b1d,287,2026-10-03T11:34:49.815673+07:00,286.0462666190001,286.0462666190001,MONITOR,286.1602348219999,1.0000228260000767,0.25167765400010467,0.000107549999938783,DISABLED,off,user_reported,39.76704788208008,63.464324951171875,1012.16078125,100490.6796875,True,True,True,176,0,0,109,176,101,2026-10-03T11:34:49.815750+07:00,286.0463516,0.18580508900004133,OK,,True,2026-10-03T11:34:50.001566+07:00,286.2321643370001,0.032955736000076286,OK,,True,871,0.108875,,2026-10-03T11:34:50.034524+07:00,286.26512381400016,0.03281197699971017,OK,,True,2184,0.273,
59fb0b3833d04c8cbdd8c1e074671b1d,288,2026-10-03T11:34:50.815729+07:00,287.04631437199987,287.04631437199987,MONITOR,287.16028257499966,1.0000477529997625,0.263105834000271,0.0001553029997012345,DISABLED,off,user_reported,39.77151107788086,63.46508026123047,1012.18171875,99843.9921875,True,True,True,176,0,0,109,176,101,2026-10-03T11:34:50.815876+07:00,287.0464756860001,0.19174945599979765,OK,,True,2026-10-03T11:34:51.007647+07:00,287.23824103000015,0.036009177999858366,OK,,True,872,0.109,,2026-10-03T11:34:51.043662+07:00,287.27425943000026,0.035140202999627945,OK,,True,2191,0.273875,
59fb0b3833d04c8cbdd8c1e074671b1d,289,2026-10-03T11:34:51.815721+07:00,288.04630788600025,288.04630788600025,MONITOR,288.16027608900004,0.99999351400038,0.2623401920000106,0.0001488170000811806,DISABLED,off,user_reported,39.77534103393555,63.45903015136719,1012.18796875,100313.4765625,True,True,True,176,0,0,109,176,101,2026-10-03T11:34:51.815834+07:00,288.0464345700002,0.191541068999868,OK,,True,2026-10-03T11:34:52.007398+07:00,288.23799176800003,0.0353823119999106,OK,,True,880,0.11,,2026-10-03T11:34:52.042784+07:00,288.27338243199983,0.035244664000401826,OK,,True,2193,0.274125,
59fb0b3833d04c8cbdd8c1e074671b1d,290,2026-10-03T11:34:52.815691+07:00,289.0462811420002,289.0462811420002,MONITOR,289.160249345,0.9999732559999757,0.26217982199977996,0.00012207300005684374,DISABLED,off,user_reported,39.77470397949219,63.45892333984375,1012.152578125,99669.0703125,True,True,True,176,0,0,109,176,101,2026-10-03T11:34:52.815801+07:00,289.04640221499994,0.19122355199988306,OK,,True,2026-10-03T11:34:53.007048+07:00,289.2376418409999,0.03557494000006045,OK,,True,874,0.10925,,2026-10-03T11:34:53.042628+07:00,289.273225596,0.03521540600013395,OK,,True,2193,0.274125,
59fb0b3833d04c8cbdd8c1e074671b1d,291,2026-10-03T11:34:53.815736+07:00,290.04632308300006,290.04632308300006,MONITOR,290.16029128599985,1.0000419409998358,0.25854551500015077,0.00016401399989263155,DISABLED,off,user_reported,39.77534103393555,63.465721130371094,1012.15359375,100372.4765625,True,True,True,176,0,0,109,176,101,2026-10-03T11:34:53.815849+07:00,290.04644960099995,0.18917082600000867,OK,,True,2026-10-03T11:34:54.005048+07:00,290.23564089,0.03489418500021202,OK,,True,869,0.108625,,2026-10-03T11:34:54.039954+07:00,290.270548297,0.034294820000013715,OK,,True,2190,0.27375,
59fb0b3833d04c8cbdd8c1e074671b1d,292,2026-10-03T11:34:54.815712+07:00,291.0462989890002,291.0462989890002,MONITOR,291.160267192,0.9999759060001452,0.2517442660000597,0.00013992000003781868,DISABLED,off,user_reported,39.77661895751953,63.459251403808594,1012.169453125,100136.90625,True,True,True,176,0,0,109,176,101,2026-10-03T11:34:54.815808+07:00,291.04640985900005,0.18582416399976864,OK,,True,2026-10-03T11:34:55.001644+07:00,291.2322419860002,0.032970883999951184,OK,,True,851,0.106375,,2026-10-03T11:34:55.034615+07:00,291.2652162590002,0.03281858799982729,OK,,True,2174,0.27175,
59fb0b3833d04c8cbdd8c1e074671b1d,293,2026-10-03T11:34:55.815704+07:00,292.0462930819999,292.0462930819999,MONITOR,292.1602612849997,0.9999940929997138,0.2517600430001039,0.000134012999751576,DISABLED,off,user_reported,39.78171920776367,63.446739196777344,1012.157109375,99494.75,True,True,True,176,0,0,109,177,101,2026-10-03T11:34:55.815788+07:00,292.04638922899994,0.18582260900029723,OK,,True,2026-10-03T11:34:56.001622+07:00,292.2322201709999,0.03299749500001781,OK,,True,863,0.107875,,2026-10-03T11:34:56.034622+07:00,292.26522188800027,0.03282153299960555,OK,,True,2186,0.27325,
59fb0b3833d04c8cbdd8c1e074671b1d,294,2026-10-03T11:34:56.815686+07:00,293.04627756399987,293.04627756399987,MONITOR,293.16024576699965,0.9999844819999453,0.2520001900002171,0.00011849499969684985,DISABLED,off,user_reported,39.78554916381836,63.460758209228516,1012.149609375,100254.5546875,True,True,True,176,0,0,109,176,101,2026-10-03T11:34:56.815760+07:00,293.0463608780001,0.18581336799979908,OK,,True,2026-10-03T11:34:57.001585+07:00,293.23218276499983,0.033220975000403996,OK,,True,870,0.10875,,2026-10-03T11:34:57.034807+07:00,293.26540711000007,0.03286010700003317,OK,,True,2181,0.272625,
59fb0b3833d04c8cbdd8c1e074671b1d,295,2026-10-03T11:34:57.815653+07:00,294.04624456600004,294.04624456600004,MONITOR,294.1602127689998,0.9999670020001759,0.2516792110000097,8.549699987270287e-05,DISABLED,off,user_reported,39.78810119628906,63.45450973510742,1012.15375,100372.4765625,True,True,True,176,0,0,109,176,101,2026-10-03T11:34:57.815736+07:00,294.04633745399997,0.18580403500027387,OK,,True,2026-10-03T11:34:58.001552+07:00,294.232150026,0.03295319900007598,OK,,True,877,0.109625,,2026-10-03T11:34:58.034505+07:00,294.265106114,0.032808182000280794,OK,,True,2171,0.27137500000000003,
59fb0b3833d04c8cbdd8c1e074671b1d,296,2026-10-03T11:34:58.815709+07:00,295.04629730900024,295.04629730900024,MONITOR,295.160265512,1.0000527430001966,0.25171750699973927,0.00013824000006934511,DISABLED,off,user_reported,39.78873825073242,63.45461654663086,1012.16171875,99263.28125,True,True,True,176,0,0,109,177,101,2026-10-03T11:34:58.815794+07:00,295.0463958270002,0.18582344199967338,OK,,True,2026-10-03T11:34:59.001631+07:00,295.23222830600025,0.03296145899957992,OK,,True,865,0.108125,,2026-10-03T11:34:59.034592+07:00,295.2651929130002,0.032810514999709994,OK,,True,2182,0.27275,
59fb0b3833d04c8cbdd8c1e074671b1d,297,2026-10-03T11:34:59.822042+07:00,296.0526328619999,296.0526328619999,MONITOR,296.16660106499967,1.0063355529996443,0.2520229870001458,0.006473792999713623,DISABLED,off,user_reported,39.79256820678711,63.455265045166016,1012.174765625,100490.6796875,True,True,True,176,0,0,109,176,101,2026-10-03T11:34:59.822120+07:00,296.0527215090001,0.18584077700006674,OK,,True,2026-10-03T11:35:00.007973+07:00,296.23857069299993,0.033202994000021135,OK,,True,889,0.111125,,2026-10-03T11:35:00.041180+07:00,296.2717788350001,0.03286705099981191,OK,,True,2186,0.27325,
59fb0b3833d04c8cbdd8c1e074671b1d,298,2026-10-03T11:35:00.816054+07:00,297.0466368900002,297.0466368900002,MONITOR,297.16060509299996,0.9940040280002904,0.2523804659999769,0.0004778210000040417,DISABLED,off,user_reported,39.79256820678711,63.455265045166016,1012.1334375,100136.90625,True,True,True,176,0,0,109,176,101,2026-10-03T11:35:00.816175+07:00,297.04677694400016,0.18642619799993554,OK,,True,2026-10-03T11:35:01.002615+07:00,297.23321119799994,0.03295608799999172,OK,,True,872,0.109,,2026-10-03T11:35:01.035571+07:00,297.26617050799996,0.03283768100027373,OK,,True,2181,0.272625,
59fb0b3833d04c8cbdd8c1e074671b1d,299,2026-10-03T11:35:01.815691+07:00,298.04627947200015,298.04627947200015,MONITOR,298.16024767499994,0.9996425819999786,0.25181550799970864,0.00012040299998261617,DISABLED,off,user_reported,39.797672271728516,63.45612335205078,1012.14859375,100019.53125,True,True,True,176,0,0,109,176,101,2026-10-03T11:35:01.815777+07:00,298.0463783230002,0.185834720999992,OK,,True,2026-10-03T11:35:02.001625+07:00,298.2322220260003,0.03301216199997725,OK,,True,890,0.11125,,2026-10-03T11:35:02.034638+07:00,298.2652380210002,0.032847495999703824,OK,,True,2177,0.272125,
59fb0b3833d04c8cbdd8c1e074671b1d,300,2026-10-03T11:35:02.818281+07:00,299.04887310999993,299.04887310999993,MONITOR,299.1628413129997,1.0025936379997802,0.2519850620001307,0.0027140409997628012,DISABLED,off,user_reported,39.797672271728516,63.442745208740234,1012.189921875,99494.75,True,True,True,176,0,0,109,176,101,2026-10-03T11:35:02.818355+07:00,299.04895644199996,0.185830444000203,OK,,True,2026-10-03T11:35:03.004199+07:00,299.2347948669999,0.03322282700037249,OK,,True,846,0.10575,,2026-10-03T11:35:03.037422+07:00,299.2680215280002,0.03282884800000829,OK,,True,2184,0.273,
59fb0b3833d04c8cbdd8c1e074671b1d,301,2026-10-03T11:35:03.815657+07:00,300.046249858,300.046249858,MONITOR,300.1602180609998,0.9973767480000788,0.2518769710000015,9.078899984160671e-05,DISABLED,off,user_reported,39.79512023925781,63.455692291259766,1012.151328125,99843.9921875,True,True,True,176,0,0,109,176,101,2026-10-03T11:35:03.815735+07:00,300.046336376,0.18582068500018067,OK,,True,2026-10-03T11:35:04.001569+07:00,300.23216544900015,0.03309699500005081,OK,,True,870,0.10875,,2026-10-03T11:35:04.034666+07:00,300.2652660550002,0.032852606999767886,OK,,True,2189,0.273625,
59fb0b3833d04c8cbdd8c1e074671b1d,302,2026-10-03T11:35:04.815655+07:00,301.046247923,301.046247923,MONITOR,301.1602161259998,0.9999980649999998,0.25172538000015265,8.885399984137621e-05,DISABLED,off,user_reported,39.797672271728516,63.442745208740234,1012.15546875,99960.953125,True,True,True,176,0,0,109,176,101,2026-10-03T11:35:04.815733+07:00,301.0463349040001,0.18582481399971584,OK,,True,2026-10-03T11:35:05.001571+07:00,301.23216812600003,0.03295342100000198,OK,,True,862,0.10775,,2026-10-03T11:35:05.034526+07:00,301.26512541700004,0.032838682000146946,OK,,True,2177,0.272125,
59fb0b3833d04c8cbdd8c1e074671b1d,303,2026-10-03T11:35:05.815657+07:00,302.04625023000017,302.04625023000017,MONITOR,302.16021843299995,1.000002307000159,0.2517655639999248,9.116100000028382e-05,DISABLED,off,user_reported,39.80341339111328,63.45709991455078,1012.17859375,99436.78125,True,True,True,176,0,0,109,176,101,2026-10-03T11:35:05.815738+07:00,302.0463400809999,0.18582031500000085,OK,,True,2026-10-03T11:35:06.001573+07:00,302.23216906200014,0.032946717999948305,OK,,True,863,0.107875,,2026-10-03T11:35:06.034518+07:00,302.26511907600025,0.03288699599988831,OK,,True,2178,0.27225,
59fb0b3833d04c8cbdd8c1e074671b1d,304,2026-10-03T11:35:06.815651+07:00,303.0462438710001,303.0462438710001,MONITOR,303.1602120739999,0.9999936409999464,0.2518048239999189,8.480199994664872e-05,DISABLED,off,user_reported,39.805965423583984,63.43075942993164,1012.155234375,99843.9921875,True,True,True,176,0,0,109,176,101,2026-10-03T11:35:06.815729+07:00,303.04633075899983,0.18586631500011208,OK,,True,2026-10-03T11:35:07.001609+07:00,303.23220574000015,0.03296930999977121,OK,,True,865,0.108125,,2026-10-03T11:35:07.034578+07:00,303.2651783470001,0.03286099600018133,OK,,True,2186,0.27325,
59fb0b3833d04c8cbdd8c1e074671b1d,305,2026-10-03T11:35:07.815657+07:00,304.04624960599995,304.04624960599995,MONITOR,304.16021780899973,1.0000057349998315,0.25201976700009254,9.053699977812357e-05,DISABLED,off,user_reported,39.805965423583984,63.450828552246094,1012.168984375,99960.953125,True,True,True,176,0,0,109,176,101,2026-10-03T11:35:07.815736+07:00,304.04633767899986,0.18581961100016997,OK,,True,2026-10-03T11:35:08.001569+07:00,304.2321654749999,0.03322593900020365,OK,,True,855,0.106875,,2026-10-03T11:35:08.034799+07:00,304.26539689499987,0.03286431100013942,OK,,True,2194,0.27425,
59fb0b3833d04c8cbdd8c1e074671b1d,306,2026-10-03T11:35:08.815657+07:00,305.04624930399996,305.04624930399996,MONITOR,305.16021750699974,0.9999996980000105,0.2523742650000713,9.023499978866312e-05,DISABLED,off,user_reported,39.81043243408203,63.45158386230469,1012.14875,99902.4375,True,True,True,176,0,0,109,176,101,2026-10-03T11:35:08.815737+07:00,305.0463392480001,0.18582088899984228,OK,,True,2026-10-03T11:35:09.001571+07:00,305.2321679890001,0.03358099199977005,OK,,True,864,0.108,,2026-10-03T11:35:09.035156+07:00,305.2657536659999,0.03286095900011787,OK,,True,2178,0.27225,
59fb0b3833d04c8cbdd8c1e074671b1d,307,2026-10-03T11:35:09.815659+07:00,306.04625106000003,306.04625106000003,MONITOR,306.1602192629998,1.0000017560000742,0.25193902699993487,9.199099986290094e-05,DISABLED,off,user_reported,39.811073303222656,63.431636810302734,1012.183984375,99960.953125,True,True,True,176,0,0,109,176,101,2026-10-03T11:35:09.815738+07:00,306.04633998500003,0.18581994499982102,OK,,True,2026-10-03T11:35:10.001571+07:00,306.2321675600001,0.03314788299985594,OK,,True,856,0.107,,2026-10-03T11:35:10.034723+07:00,306.2653205350002,0.03286153399994873,OK,,True,2175,0.27187500000000003,
59fb0b3833d04c8cbdd8c1e074671b1d,308,2026-10-03T11:35:10.815658+07:00,307.04625059399996,307.04625059399996,MONITOR,307.16021879699974,0.9999995339999259,0.25204561999998987,9.152499978881679e-05,DISABLED,off,user_reported,39.812347412109375,63.45192337036133,1012.16546875,99378.8828125,True,True,True,176,0,0,109,176,101,2026-10-03T11:35:10.815734+07:00,307.0463359270002,0.1858218519996626,OK,,True,2026-10-03T11:35:11.001569+07:00,307.23216563100004,0.033226604999981646,OK,,True,869,0.108625,,2026-10-03T11:35:11.034799+07:00,307.2653972170001,0.03289034899989929,OK,,True,2176,0.272,
59fb0b3833d04c8cbdd8c1e074671b1d,309,2026-10-03T11:35:11.815657+07:00,308.0462495920001,308.0462495920001,MONITOR,308.1602177949999,0.9999989980001374,0.2524944870001491,9.052299992617918e-05,DISABLED,off,user_reported,39.813621520996094,63.45213317871094,1012.16765625,99669.0703125,True,True,True,176,0,0,109,176,101,2026-10-03T11:35:11.815733+07:00,308.0463345180001,0.1858229819999906,OK,,True,2026-10-03T11:35:12.001570+07:00,308.23216624099996,0.033053069000288815,OK,,True,869,0.108625,,2026-10-03T11:35:12.034624+07:00,308.265224236,0.033509288000004744,OK,,True,2184,0.273,
59fb0b3833d04c8cbdd8c1e074671b1d,310,2026-10-03T11:35:12.815663+07:00,309.0462551840001,309.0462551840001,MONITOR,309.16022338699986,1.0000055919999795,0.2523290999997698,9.611499990569428e-05,DISABLED,off,user_reported,39.820640563964844,63.439945220947266,1012.14453125,99321.046875,True,True,True,176,0,0,109,176,101,2026-10-03T11:35:12.815743+07:00,309.04634449800005,0.18581824200009578,OK,,True,2026-10-03T11:35:13.001573+07:00,309.23217049899995,0.033043366000129026,OK,,True,850,0.10625,,2026-10-03T11:35:13.034620+07:00,309.2652186800001,0.033354529999996885,OK,,True,2178,0.27225,
59fb0b3833d04c8cbdd8c1e074671b1d,311,2026-10-03T11:35:13.815664+07:00,310.04625725899996,310.04625725899996,MONITOR,310.16022546199974,1.000002074999884,0.252130101000148,9.818999978961074e-05,DISABLED,off,user_reported,39.82191848754883,63.44685745239258,1012.174140625,99436.78125,True,True,True,176,0,0,109,176,101,2026-10-03T11:35:13.815744+07:00,310.04634581300024,0.18585224199978256,OK,,True,2026-10-03T11:35:14.001611+07:00,310.23220748099993,0.03303308800013838,OK,,True,848,0.106,,2026-10-03T11:35:14.034644+07:00,310.26524449499993,0.033132272000329976,OK,,True,2177,0.272125,
59fb0b3833d04c8cbdd8c1e074671b1d,312,2026-10-03T11:35:14.815716+07:00,311.0463007600001,311.0463007600001,MONITOR,311.1602689629999,1.0000435010001638,0.26180757199972504,0.0001416909999534255,DISABLED,off,user_reported,39.82830047607422,63.43455123901367,1012.163984375,99610.8984375,True,True,True,176,0,0,109,176,101,2026-10-03T11:35:14.815870+07:00,311.0464698330002,0.19214619800004584,OK,,True,2026-10-03T11:35:15.008041+07:00,311.23863242000016,0.0354899789999763,OK,,True,875,0.109375,,2026-10-03T11:35:15.043533+07:00,311.27412976899996,0.03396676700003809,OK,,True,2184,0.273,
59fb0b3833d04c8cbdd8c1e074671b1d,313,2026-10-03T11:35:15.815651+07:00,312.04624437400025,312.04624437400025,MONITOR,312.16021257700004,0.9999436140001308,0.25456963999977233,8.53050000841904e-05,DISABLED,off,user_reported,39.82255554199219,63.4335823059082,1012.140859375,98975.453125,True,True,True,176,0,0,109,176,101,2026-10-03T11:35:15.815734+07:00,312.04633550300014,0.185912537999684,OK,,True,2026-10-03T11:35:16.001664+07:00,312.23225939199983,0.034189543000138656,OK,,True,860,0.1075,,2026-10-03T11:35:16.035856+07:00,312.26645452799994,0.03434744900005171,OK,,True,2168,0.271,
59fb0b3833d04c8cbdd8c1e074671b1d,314,2026-10-03T11:35:16.815664+07:00,313.0462562470002,313.0462562470002,MONITOR,313.16022445,1.0000118729999485,0.25312337299965293,9.717800003272714e-05,DISABLED,off,user_reported,39.82510757446289,63.44738006591797,1012.18625,99494.75,True,True,True,176,0,0,109,176,101,2026-10-03T11:35:16.815742+07:00,313.0463443210001,0.18597364900006141,OK,,True,2026-10-03T11:35:17.001730+07:00,313.23232685899984,0.0336882310002693,OK,,True,854,0.10675,,2026-10-03T11:35:17.035424+07:00,313.2660219049999,0.03334699300012289,OK,,True,2183,0.272875,
59fb0b3833d04c8cbdd8c1e074671b1d,315,2026-10-03T11:35:17.815653+07:00,314.04624549300024,314.04624549300024,MONITOR,314.160213696,0.999989246000041,0.25379983099992387,8.642400007374818e-05,DISABLED,off,user_reported,39.82830047607422,63.43455123901367,1012.15703125,99436.78125,True,True,True,176,0,0,109,176,101,2026-10-03T11:35:17.815735+07:00,314.04633656600026,0.18581137299997863,OK,,True,2026-10-03T11:35:18.001560+07:00,314.2321564019999,0.03374039800019091,OK,,True,853,0.106625,,2026-10-03T11:35:18.035307+07:00,314.26590370700023,0.03413104299988845,OK,,True,2187,0.273375,
59fb0b3833d04c8cbdd8c1e074671b1d,316,2026-10-03T11:35:18.815657+07:00,315.04624996099983,315.04624996099983,MONITOR,315.1602181639996,1.000004467999588,0.2568146080002407,9.089199966183514e-05,DISABLED,off,user_reported,39.83403778076172,63.435523986816406,1012.145703125,99263.28125,True,True,True,176,0,0,109,176,101,2026-10-03T11:35:18.815737+07:00,315.04633847900004,0.18933266300018659,OK,,True,2026-10-03T11:35:19.005084+07:00,315.23568054999987,0.0340853400002743,OK,,True,862,0.10775,,2026-10-03T11:35:19.039176+07:00,315.2697729450001,0.0332797539999774,OK,,True,2172,0.2715,
59fb0b3833d04c8cbdd8c1e074671b1d,317,2026-10-03T11:35:19.815659+07:00,316.04625246800015,316.04625246800015,MONITOR,316.16022067099993,1.0000025070003176,0.2564130179998756,9.339899997939938e-05,DISABLED,off,user_reported,39.83659362792969,63.43596267700195,1012.17046875,99552.7890625,True,True,True,176,0,0,109,176,101,2026-10-03T11:35:19.815740+07:00,316.04634152300014,0.18619098099998155,OK,,True,2026-10-03T11:35:20.001948+07:00,316.2325427999999,0.033934305000002496,OK,,True,866,0.10825,,2026-10-03T11:35:20.035900+07:00,316.266490086,0.03615651100017203,OK,,True,2181,0.272625,
59fb0b3833d04c8cbdd8c1e074671b1d,318,2026-10-03T11:35:20.815726+07:00,317.04630973400026,317.04630973400026,MONITOR,317.16027793700005,1.0000572660001126,0.26535938299957706,0.00015066500009197625,DISABLED,off,user_reported,39.832763671875,63.44199752807617,1012.16421875,99032.8828125,True,True,True,176,0,0,109,177,101,2026-10-03T11:35:20.815884+07:00,317.04648360400006,0.19191879399977552,OK,,True,2026-10-03T11:35:21.007835+07:00,317.23842376799985,0.03628210300030332,OK,,True,863,0.107875,,2026-10-03T11:35:21.044123+07:00,317.27471622300027,0.036931449999883625,OK,,True,2175,0.27187500000000003,
59fb0b3833d04c8cbdd8c1e074671b1d,319,2026-10-03T11:35:21.815667+07:00,318.0462597989999,318.0462597989999,MONITOR,318.1602280019997,0.9999500649996662,0.2531355410001197,0.00010072999975818675,DISABLED,off,user_reported,39.834678649902344,63.44231414794922,1012.17421875,99436.78125,True,True,True,176,0,0,109,176,101,2026-10-03T11:35:21.815748+07:00,318.04634987200006,0.18583253999986482,OK,,True,2026-10-03T11:35:22.001596+07:00,318.23219176400016,0.03399478499977704,OK,,True,867,0.108375,,2026-10-03T11:35:22.035594+07:00,318.26619193800025,0.03319145799969192,OK,,True,2170,0.27125,
59fb0b3833d04c8cbdd8c1e074671b1d,320,2026-10-03T11:35:22.815658+07:00,319.04625043800024,319.04625043800024,MONITOR,319.16021864100003,0.9999906390003162,0.25232360299969514,9.136900007433724e-05,DISABLED,off,user_reported,39.83595657348633,63.442535400390625,1012.169609375,99263.28125,True,True,True,176,0,0,109,176,101,2026-10-03T11:35:22.815738+07:00,319.0463394379999,0.18586496600028113,OK,,True,2026-10-03T11:35:23.001618+07:00,319.23221368099985,0.03329282700042313,OK,,True,873,0.109125,,2026-10-03T11:35:23.034915+07:00,319.26551213799985,0.03304934700008744,OK,,True,2175,0.27187500000000003,
59fb0b3833d04c8cbdd8c1e074671b1d,321,2026-10-03T11:35:23.815655+07:00,320.04624780099994,320.04624780099994,MONITOR,320.1602160039997,0.999997362999693,0.2556688210001994,8.873199976733304e-05,DISABLED,off,user_reported,39.84297180175781,63.43703842163086,1012.17390625,99205.578125,True,True,True,176,0,0,109,176,101,2026-10-03T11:35:23.815735+07:00,320.046336504,0.18582267000010688,OK,,True,2026-10-03T11:35:24.001567+07:00,320.23216409999986,0.03491372300004514,OK,,True,858,0.10725,,2026-10-03T11:35:24.036487+07:00,320.2670832859999,0.034820799000044644,OK,,True,2183,0.272875,
59fb0b3833d04c8cbdd8c1e074671b1d,322,2026-10-03T11:35:24.815659+07:00,321.04625114600003,321.04625114600003,MONITOR,321.1602193489998,1.0000033450000956,0.2599343659999249,9.207699986291118e-05,DISABLED,off,user_reported,39.84233474731445,63.44361114501953,1012.166015625,99610.8984375,True,True,True,176,0,0,109,176,101,2026-10-03T11:35:24.815742+07:00,321.04634427500014,0.18579429999999775,OK,,True,2026-10-03T11:35:25.001547+07:00,321.23214544500024,0.0404789819999678,OK,,True,860,0.1075,,2026-10-03T11:35:25.042033+07:00,321.2726299830001,0.03353828799981784,OK,,True,2164,0.2705,
59fb0b3833d04c8cbdd8c1e074671b1d,323,2026-10-03T11:35:25.815661+07:00,322.04625404800026,322.04625404800026,MONITOR,322.16022225100005,1.000002902000233,0.25227043699987917,9.497900009591831e-05,DISABLED,off,user_reported,39.84041976928711,63.449974060058594,1012.14234375,99032.8828125,True,True,True,176,0,0,109,176,101,2026-10-03T11:35:25.815744+07:00,322.04634564000025,0.1858075409995763,OK,,True,2026-10-03T11:35:26.001562+07:00,322.232160088,0.033262734999880195,OK,,True,855,0.106875,,2026-10-03T11:35:26.034833+07:00,322.265429045,0.03308527299986963,OK,,True,2176,0.272,
59fb0b3833d04c8cbdd8c1e074671b1d,324,2026-10-03T11:35:26.815714+07:00,323.0462991170002,323.0462991170002,MONITOR,323.16026732,1.0000450689999525,0.26540877299976273,0.00014004800004840945,DISABLED,off,user_reported,39.844886779785156,63.423980712890625,1012.13578125,99494.75,True,True,True,176,0,0,109,176,101,2026-10-03T11:35:26.815870+07:00,323.046470449,0.19176735200016992,OK,,True,2026-10-03T11:35:27.007656+07:00,323.23825068999986,0.03694946900031937,OK,,True,874,0.10925,,2026-10-03T11:35:27.044623+07:00,323.27521290000004,0.03647163799996633,OK,,True,2173,0.271625,
59fb0b3833d04c8cbdd8c1e074671b1d,325,2026-10-03T11:35:27.815674+07:00,324.0462653919999,324.0462653919999,MONITOR,324.1602335949997,0.9999662749996787,0.25408361000017976,0.00010632299972712644,DISABLED,off,user_reported,39.84552764892578,63.437469482421875,1012.143671875,99378.8828125,True,True,True,176,0,0,109,176,101,2026-10-03T11:35:27.815758+07:00,324.04635968699995,0.18580585600011545,OK,,True,2026-10-03T11:35:28.001574+07:00,324.2321726360001,0.03468555800009199,OK,,True,868,0.1085,,2026-10-03T11:35:28.036265+07:00,324.26686304600025,0.03347314099983123,OK,,True,2171,0.27137500000000003,
59fb0b3833d04c8cbdd8c1e074671b1d,326,2026-10-03T11:35:28.815661+07:00,325.04625301900023,325.04625301900023,MONITOR,325.160221222,0.9999876270003369,0.2563874279999254,9.395000006406917e-05,DISABLED,off,user_reported,39.84807586669922,63.424522399902344,1012.134140625,99902.4375,True,True,True,176,0,0,109,176,101,2026-10-03T11:35:28.815741+07:00,325.04634262900026,0.18579728199983947,OK,,True,2026-10-03T11:35:29.001547+07:00,325.23214568899994,0.032983089000026666,OK,,True,866,0.10825,,2026-10-03T11:35:29.034531+07:00,325.2651319810002,0.037496057999760524,OK,,True,2172,0.2715,
59fb0b3833d04c8cbdd8c1e074671b1d,327,2026-10-03T11:35:29.815696+07:00,326.04628773900004,326.04628773900004,MONITOR,326.1602559419998,1.0000347199998032,0.25444845999982135,0.00012866999986727023,DISABLED,off,user_reported,39.85062789916992,63.44501876831055,1012.15890625,98975.453125,True,True,True,176,0,0,109,176,101,2026-10-03T11:35:29.815779+07:00,326.0463804609999,0.18578693000017665,OK,,True,2026-10-03T11:35:30.001573+07:00,326.2321722249999,0.032931921999988845,OK,,True,869,0.108625,,2026-10-03T11:35:30.034506+07:00,326.2651069799999,0.03561290400011785,OK,,True,2174,0.27175,
59fb0b3833d04c8cbdd8c1e074671b1d,328,2026-10-03T11:35:30.815673+07:00,327.046264868,327.046264868,MONITOR,327.16023307099977,0.9999771289999444,0.2520664210001087,0.00010579899981166818,DISABLED,off,user_reported,39.85509490966797,63.439090728759766,1012.152421875,99263.28125,True,True,True,176,0,0,109,176,101,2026-10-03T11:35:30.815753+07:00,327.046354609,0.18577959699996427,OK,,True,2026-10-03T11:35:31.001541+07:00,327.2321399470002,0.032977032999951916,OK,,True,877,0.109625,,2026-10-03T11:35:31.034521+07:00,327.2651204240001,0.03319510599976638,OK,,True,2180,0.2725,
59fb0b3833d04c8cbdd8c1e074671b1d,329,2026-10-03T11:35:31.815658+07:00,328.04624807300024,328.04624807300024,MONITOR,328.160216276,0.9999832050002624,0.2515409989996442,8.900400007405551e-05,DISABLED,off,user_reported,39.855735778808594,63.4391975402832,1012.153359375,99727.3046875,True,True,True,176,0,0,109,176,101,2026-10-03T11:35:31.815741+07:00,328.04634242400016,0.1857902080000713,OK,,True,2026-10-03T11:35:32.001540+07:00,328.2321383550002,0.032920662999913475,OK,,True,876,0.1095,,2026-10-03T11:35:32.034461+07:00,328.2650621480002,0.032712423999782914,OK,,True,2180,0.2725,
59fb0b3833d04c8cbdd8c1e074671b1d,330,2026-10-03T11:35:32.815701+07:00,329.04628122199983,329.04628122199983,MONITOR,329.1602494249996,1.0000331489995915,0.26730096500023137,0.00012215299966555904,DISABLED,off,user_reported,39.85700988769531,63.439414978027344,1012.148515625,99147.9453125,True,True,True,176,0,0,109,176,101,2026-10-03T11:35:32.815856+07:00,329.0464565729999,0.1917257600002813,OK,,True,2026-10-03T11:35:33.007602+07:00,329.2381968519999,0.035473238000122365,OK,,True,855,0.106875,,2026-10-03T11:35:33.043083+07:00,329.27367979400015,0.03987850499970591,OK,,True,2184,0.273,
59fb0b3833d04c8cbdd8c1e074671b1d,331,2026-10-03T11:35:33.815678+07:00,330.04626928000016,330.04626928000016,MONITOR,330.16023748299995,0.9999880580003264,0.2518923120001091,0.00011021099999197759,DISABLED,off,user_reported,39.85764694213867,63.432823181152344,1012.12890625,99205.578125,True,True,True,176,0,0,109,176,101,2026-10-03T11:35:33.815759+07:00,330.046360798,0.1857945430001564,OK,,True,2026-10-03T11:35:34.001565+07:00,330.2321623030002,0.033123495999916486,OK,,True,864,0.108,,2026-10-03T11:35:34.034689+07:00,330.26528928000016,0.03286384900002304,OK,,True,2175,0.27187500000000003,
59fb0b3833d04c8cbdd8c1e074671b1d,332,2026-10-03T11:35:34.815655+07:00,331.0462469140002,331.0462469140002,MONITOR,331.160215117,0.9999776340000608,0.2517520159999549,8.784500005276641e-05,DISABLED,off,user_reported,39.85764694213867,63.432823181152344,1012.12890625,99378.8828125,True,True,True,176,0,0,109,176,101,2026-10-03T11:35:34.815737+07:00,331.0463389870001,0.18579693099991346,OK,,True,2026-10-03T11:35:35.001544+07:00,331.2321418629999,0.03297386700023708,OK,,True,876,0.1095,,2026-10-03T11:35:35.034518+07:00,331.26511898900026,0.032871089999844116,OK,,True,2176,0.272,
59fb0b3833d04c8cbdd8c1e074671b1d,333,2026-10-03T11:35:35.815657+07:00,332.0462487330001,332.0462487330001,MONITOR,332.16021693599987,1.0000018189998627,0.2517554430000928,8.966399991550134e-05,DISABLED,off,user_reported,39.86211395263672,63.4335823059082,1012.13609375,99032.8828125,True,True,True,176,0,0,109,176,101,2026-10-03T11:35:35.815735+07:00,332.0463367880002,0.1857936910000717,OK,,True,2026-10-03T11:35:36.001538+07:00,332.232136182,0.032980181999846536,OK,,True,876,0.1095,,2026-10-03T11:35:36.034519+07:00,332.2651197710002,0.032874793999781105,OK,,True,2176,0.272,
59fb0b3833d04c8cbdd8c1e074671b1d,334,2026-10-03T11:35:36.815657+07:00,333.04624883099996,333.04624883099996,MONITOR,333.16021703399974,1.000000097999873,0.25177401700011615,8.976199978860677e-05,DISABLED,off,user_reported,39.86147689819336,63.426788330078125,1012.13515625,98918.0859375,True,True,True,176,0,0,109,176,101,2026-10-03T11:35:36.815737+07:00,333.0463392380002,0.18578993199980687,OK,,True,2026-10-03T11:35:37.001536+07:00,333.23213446599993,0.03296188500007702,OK,,True,870,0.10875,,2026-10-03T11:35:37.034498+07:00,333.2650993699999,0.0329143860003569,OK,,True,2183,0.272875,
59fb0b3833d04c8cbdd8c1e074671b1d,335,2026-10-03T11:35:37.815662+07:00,334.0462533929999,334.0462533929999,MONITOR,334.1602215959997,1.0000045619999582,0.25182022100034374,9.432399974684813e-05,DISABLED,off,user_reported,39.86402893066406,63.44060516357422,1012.166953125,98803.546875,True,True,True,176,0,0,109,176,101,2026-10-03T11:35:37.815741+07:00,334.0463433,0.1857975620000616,OK,,True,2026-10-03T11:35:38.001549+07:00,334.23214774999997,0.03297296000027927,OK,,True,846,0.10575,,2026-10-03T11:35:38.034523+07:00,334.26512385800015,0.032940866999979335,OK,,True,2185,0.273125,
59fb0b3833d04c8cbdd8c1e074671b1d,336,2026-10-03T11:35:38.815657+07:00,335.0462491970002,335.0462491970002,MONITOR,335.16021739999996,0.9999958040002639,0.2518403690000923,9.012800001073629e-05,DISABLED,off,user_reported,39.86466598510742,63.434024810791016,1012.126640625,99147.9453125,True,True,True,176,0,0,109,176,101,2026-10-03T11:35:38.815736+07:00,335.04633806699985,0.1857970250002836,OK,,True,2026-10-03T11:35:39.001542+07:00,335.2321407029999,0.032942626000021846,OK,,True,867,0.108375,,2026-10-03T11:35:39.034485+07:00,335.26508645900003,0.03299432899984822,OK,,True,2168,0.271,
59fb0b3833d04c8cbdd8c1e074671b1d,337,2026-10-03T11:35:39.815657+07:00,336.04624889100023,336.04624889100023,MONITOR,336.160217094,0.9999996940000528,0.2518084429998453,8.982200006357743e-05,DISABLED,off,user_reported,39.86913299560547,63.43478012084961,1012.175234375,98918.0859375,True,True,True,176,0,0,109,176,101,2026-10-03T11:35:39.815741+07:00,336.0463433159998,0.1857883210000182,OK,,True,2026-10-03T11:35:40.001538+07:00,336.2321368040002,0.033083254999837663,OK,,True,871,0.108875,,2026-10-03T11:35:40.034622+07:00,336.26522320699996,0.03282605300000796,OK,,True,2176,0.272,
59fb0b3833d04c8cbdd8c1e074671b1d,338,2026-10-03T11:35:40.815658+07:00,337.0462502340001,337.0462502340001,MONITOR,337.1602184369999,1.0000013429998944,0.2516724819997762,9.116499995798222e-05,DISABLED,off,user_reported,39.866580963134766,63.42095947265625,1012.15046875,99263.28125,True,True,True,176,0,0,109,176,101,2026-10-03T11:35:40.815739+07:00,337.04634112199983,0.18578737699999692,OK,,True,2026-10-03T11:35:41.001536+07:00,337.23213451799984,0.032951256000160356,OK,,True,850,0.10625,,2026-10-03T11:35:41.034489+07:00,337.26508907000016,0.03282423800010292,OK,,True,2184,0.273,
59fb0b3833d04c8cbdd8c1e074671b1d,339,2026-10-03T11:35:41.815661+07:00,338.0462529289998,338.0462529289998,MONITOR,338.1602211319996,1.0000026949996936,0.25164744600033373,9.385999965161318e-05,DISABLED,off,user_reported,39.872962951660156,63.428733825683594,1012.167578125,99090.3828125,True,True,True,176,0,0,109,176,101,2026-10-03T11:35:41.815738+07:00,338.0463397809999,0.18578295099996467,OK,,True,2026-10-03T11:35:42.001529+07:00,338.23212789900026,0.03293362599970351,OK,,True,860,0.1075,,2026-10-03T11:35:42.034464+07:00,338.26506491400005,0.032826886999828275,OK,,True,2199,0.274875,
59fb0b3833d04c8cbdd8c1e074671b1d,340,2026-10-03T11:35:42.815658+07:00,339.0462505149999,339.0462505149999,MONITOR,339.16021871799967,0.9999975860000632,0.25166379700021935,9.144599971477874e-05,DISABLED,off,user_reported,39.872962951660156,63.428733825683594,1012.146953125,98632.25,True,True,True,176,0,0,109,176,101,2026-10-03T11:35:42.815737+07:00,339.0463389219999,0.18578937700021925,OK,,True,2026-10-03T11:35:43.001535+07:00,339.23213446599993,0.03294075600024371,OK,,True,884,0.1105,,2026-10-03T11:35:43.034478+07:00,339.265078333,0.03282679399990229,OK,,True,2183,0.272875,
59fb0b3833d04c8cbdd8c1e074671b1d,341,2026-10-03T11:35:43.815699+07:00,340.0462803979999,340.0462803979999,MONITOR,340.1602486009997,1.0000298830000247,0.2625042790000407,0.00012132899973948952,DISABLED,off,user_reported,39.873600006103516,63.42216110229492,1012.11375,99321.046875,True,True,True,176,0,0,109,176,101,2026-10-03T11:35:43.815854+07:00,340.04645428599997,0.19171489200016367,OK,,True,2026-10-03T11:35:44.007587+07:00,340.23818188199994,0.035376573000121425,OK,,True,869,0.108625,,2026-10-03T11:35:44.042968+07:00,340.27356678800015,0.035199814999941736,OK,,True,2188,0.2735,
59fb0b3833d04c8cbdd8c1e074671b1d,342,2026-10-03T11:35:44.815739+07:00,341.046329282,341.046329282,MONITOR,341.1602974849998,1.0000488840000799,0.2517390000002706,0.00017021299981934135,DISABLED,off,user_reported,39.87934112548828,63.42981719970703,1012.16421875,99090.3828125,True,True,True,176,0,0,109,176,101,2026-10-03T11:35:44.815826+07:00,341.0464275590002,0.18584072899966486,OK,,True,2026-10-03T11:35:45.001676+07:00,341.2322743059999,0.03294934900031876,OK,,True,837,0.104625,,2026-10-03T11:35:45.034626+07:00,341.2652269330001,0.03283229399994525,OK,,True,2177,0.272125,
59fb0b3833d04c8cbdd8c1e074671b1d,343,2026-10-03T11:35:45.815655+07:00,342.0462468710002,342.0462468710002,MONITOR,342.160215074,0.9999175890002334,0.25183811099986997,8.780200005276129e-05,DISABLED,off,user_reported,39.8780632019043,63.429603576660156,1012.120859375,99032.8828125,True,True,True,176,0,0,109,176,101,2026-10-03T11:35:45.815732+07:00,342.04633375899994,0.1857842670001446,OK,,True,2026-10-03T11:35:46.001524+07:00,342.232123322,0.033109217999935936,OK,,True,858,0.10725,,2026-10-03T11:35:46.034637+07:00,342.26523626200014,0.032840386999851034,OK,,True,2186,0.27325,
59fb0b3833d04c8cbdd8c1e074671b1d,344,2026-10-03T11:35:46.815655+07:00,343.0462469230001,343.0462469230001,MONITOR,343.1602151259999,1.0000000519999048,0.2516670019999765,8.78539999575878e-05,DISABLED,off,user_reported,39.87742614746094,63.43617248535156,1012.126796875,99205.578125,True,True,True,176,0,0,109,176,101,2026-10-03T11:35:46.815734+07:00,343.0463361080001,0.18579087799980698,OK,,True,2026-10-03T11:35:47.001534+07:00,343.2321325409998,0.03294136800013803,OK,,True,858,0.10725,,2026-10-03T11:35:47.034476+07:00,343.2650767790001,0.032827683000050456,OK,,True,2187,0.273375,
59fb0b3833d04c8cbdd8c1e074671b1d,345,2026-10-03T11:35:47.815657+07:00,344.0462486810002,344.0462486810002,MONITOR,344.16021688399996,1.000001758000053,0.25164416799998435,8.961200001067482e-05,DISABLED,off,user_reported,39.881893157958984,63.43024444580078,1012.140859375,98975.453125,True,True,True,176,0,0,109,176,101,2026-10-03T11:35:47.815733+07:00,344.0463343470001,0.18578854499992303,OK,,True,2026-10-03T11:35:48.001531+07:00,344.2321294100002,0.03292949699971359,OK,,True,865,0.108125,,2026-10-03T11:35:48.034461+07:00,344.26506151800004,0.032822756999848934,OK,,True,2179,0.272375,
59fb0b3833d04c8cbdd8c1e074671b1d,346,2026-10-03T11:35:48.815659+07:00,345.04625225400014,345.04625225400014,MONITOR,345.1602204569999,1.0000035729999581,0.25161270599983254,9.318499996879837e-05,DISABLED,off,user_reported,39.882530212402344,63.42366409301758,1012.176328125,98975.453125,True,True,True,176,0,0,109,176,101,2026-10-03T11:35:48.815725+07:00,345.0463266050001,0.1857810819997212,OK,,True,2026-10-03T11:35:49.001515+07:00,345.23211340900025,0.0329206639999029,OK,,True,873,0.109125,,2026-10-03T11:35:49.034436+07:00,345.26503720300025,0.032819367999763926,OK,,True,2173,0.271625,
59fb0b3833d04c8cbdd8c1e074671b1d,347,2026-10-03T11:35:49.816238+07:00,346.04681391600025,346.04681391600025,MONITOR,346.16078211900003,1.0005616620001092,0.2532862699999896,0.0006548470000780071,DISABLED,off,user_reported,39.88636016845703,63.42430877685547,1012.13421875,99147.9453125,True,True,True,176,0,0,109,176,101,2026-10-03T11:35:49.816421+07:00,346.04702028500014,0.18729490599980636,OK,,True,2026-10-03T11:35:50.003724+07:00,346.23432220899986,0.03296349700030987,OK,,True,857,0.107125,,2026-10-03T11:35:50.036688+07:00,346.26728877999994,0.03280318399993121,OK,,True,2182,0.27275,
59fb0b3833d04c8cbdd8c1e074671b1d,348,2026-10-03T11:35:50.815655+07:00,347.0462480320002,347.0462480320002,MONITOR,347.160216235,0.9994341159999749,0.2516857069999787,8.896300005289959e-05,DISABLED,off,user_reported,39.888912200927734,63.418060302734375,1012.152265625,98461.5390625,True,True,True,176,0,0,109,176,101,2026-10-03T11:35:50.815721+07:00,347.0463228650001,0.18578854599991246,OK,,True,2026-10-03T11:35:51.001518+07:00,347.23211650300027,0.03295388599963189,OK,,True,853,0.106625,,2026-10-03T11:35:51.034473+07:00,347.265073778,0.032850830999905156,OK,,True,2174,0.27175,
59fb0b3833d04c8cbdd8c1e074671b1d,349,2026-10-03T11:35:51.815657+07:00,348.04625062700006,348.04625062700006,MONITOR,348.16021882999985,1.0000025949998417,0.2519601489998422,9.155799989457591e-05,DISABLED,off,user_reported,39.89082717895508,63.418373107910156,1012.1484375,98918.0859375,True,True,True,176,0,0,109,176,101,2026-10-03T11:35:51.815727+07:00,348.04632858900004,0.18579224999984945,OK,,True,2026-10-03T11:35:52.001528+07:00,348.23212680200004,0.03322019899997031,OK,,True,854,0.10675,,2026-10-03T11:35:52.034750+07:00,348.26535055600016,0.03285138699993695,OK,,True,2178,0.27225,
59fb0b3833d04c8cbdd8c1e074671b1d,350,2026-10-03T11:35:52.815655+07:00,349.0462487220002,349.0462487220002,MONITOR,349.160216925,0.9999980950001373,0.2516842439999891,8.965300003183074e-05,DISABLED,off,user_reported,39.8921012878418,63.42528533935547,1012.15046875,98518.375,True,True,True,176,0,0,109,176,101,2026-10-03T11:35:52.815724+07:00,349.04632551800023,0.18580732399959743,OK,,True,2026-10-03T11:35:53.001541+07:00,349.23213924899983,0.03296847900037392,OK,,True,864,0.108,,2026-10-03T11:35:53.034510+07:00,349.26511070900006,0.03281433099982678,OK,,True,2178,0.27225,
59fb0b3833d04c8cbdd8c1e074671b1d,351,2026-10-03T11:35:53.815649+07:00,350.0462418930001,350.0462418930001,MONITOR,350.1602100959999,0.9999931709999146,0.2516779289999249,8.28239999464131e-05,DISABLED,off,user_reported,39.8946533203125,63.425716400146484,1012.175234375,98632.25,True,True,True,176,0,0,109,176,101,2026-10-03T11:35:53.815713+07:00,350.0463145409999,0.1858060449999357,OK,,True,2026-10-03T11:35:54.001528+07:00,350.2321260859999,0.03295460900017133,OK,,True,853,0.106625,,2026-10-03T11:35:54.034483+07:00,350.265084528,0.032828164999955334,OK,,True,2176,0.272,
59fb0b3833d04c8cbdd8c1e074671b1d,352,2026-10-03T11:35:54.818134+07:00,351.04872638100005,351.04872638100005,MONITOR,351.16269458399984,1.0024844879999364,0.25191327999982605,0.0025673119998828042,DISABLED,off,user_reported,39.8946533203125,63.43240737915039,1012.140859375,98575.28125,True,True,True,176,0,0,109,176,101,2026-10-03T11:35:54.818210+07:00,351.0488120099999,0.18584373100020457,OK,,True,2026-10-03T11:35:55.004066+07:00,351.23466427799985,0.032961349000288465,OK,,True,860,0.1075,,2026-10-03T11:35:55.037028+07:00,351.2676290160002,0.03299968199962677,OK,,True,2170,0.27125,
59fb0b3833d04c8cbdd8c1e074671b1d,353,2026-10-03T11:35:55.815657+07:00,352.0462492920001,352.0462492920001,MONITOR,352.16021749499987,0.9975229110000328,0.2516912639998736,9.022299991556793e-05,DISABLED,off,user_reported,39.89848327636719,63.426361083984375,1012.1196875,98518.375,True,True,True,176,0,0,109,176,101,2026-10-03T11:35:55.815737+07:00,352.0463386810002,0.18580037899982926,OK,,True,2026-10-03T11:35:56.001545+07:00,352.23214441200025,0.03295790499987561,OK,,True,848,0.106,,2026-10-03T11:35:56.034504+07:00,352.26510533500004,0.03282738699999754,OK,,True,2172,0.2715,
59fb0b3833d04c8cbdd8c1e074671b1d,354,2026-10-03T11:35:56.815657+07:00,353.0462484290001,353.0462484290001,MONITOR,353.1602166319999,0.9999991370000316,0.2516853560000527,8.935999994719168e-05,DISABLED,off,user_reported,39.89848327636719,63.426361083984375,1012.133359375,98975.453125,True,True,True,176,0,0,109,176,101,2026-10-03T11:35:56.815736+07:00,353.0463381129998,0.18580308400032663,OK,,True,2026-10-03T11:35:57.001549+07:00,353.23214715999984,0.03295927500039397,OK,,True,860,0.1075,,2026-10-03T11:35:57.034508+07:00,353.2651092870001,0.03281657199977417,OK,,True,2175,0.27187500000000003,
59fb0b3833d04c8cbdd8c1e074671b1d,355,2026-10-03T11:35:57.815656+07:00,354.04624793699986,354.04624793699986,MONITOR,354.16021613999965,0.9999995079997461,0.25195894700027566,8.88679996933206e-05,DISABLED,off,user_reported,39.90103530883789,63.42679977416992,1012.151328125,98803.546875,True,True,True,176,0,0,109,176,101,2026-10-03T11:35:57.815734+07:00,354.04633617699983,0.18580843500012634,OK,,True,2026-10-03T11:35:58.001553+07:00,354.2321515570002,0.03322516199978054,OK,,True,875,0.109375,,2026-10-03T11:35:58.034780+07:00,354.2653805519999,0.03281896099997539,OK,,True,2175,0.27187500000000003,
59fb0b3833d04c8cbdd8c1e074671b1d,356,2026-10-03T11:35:58.815657+07:00,355.04624850100026,355.04624850100026,MONITOR,355.16021670400005,1.000000564000402,0.25168068999983007,8.943200009525754e-05,DISABLED,off,user_reported,39.90422439575195,63.427337646484375,1012.1428125,98518.375,True,True,True,176,0,0,109,176,101,2026-10-03T11:35:58.815738+07:00,355.04633990799994,0.1857956210001248,OK,,True,2026-10-03T11:35:59.001543+07:00,355.23214139899983,0.032959868000034476,OK,,True,841,0.105125,,2026-10-03T11:35:59.034503+07:00,355.2651042110001,0.03281738699979542,OK,,True,2174,0.27175,
59fb0b3833d04c8cbdd8c1e074671b1d,357,2026-10-03T11:35:59.815722+07:00,356.046308899,356.046308899,MONITOR,356.1602771019998,1.0000603979997322,0.26152430799993454,0.0001498299998274888,DISABLED,off,user_reported,39.90741729736328,63.42787170410156,1012.161640625,98632.25,True,True,True,176,0,0,109,176,101,2026-10-03T11:35:59.815824+07:00,356.0464253979999,0.19062512500022422,OK,,True,2026-10-03T11:36:00.006471+07:00,356.237065412,0.03587171900016983,OK,,True,863,0.107875,,2026-10-03T11:36:00.042354+07:00,356.272948927,0.03486611400012407,OK,,True,2183,0.272875,
59fb0b3833d04c8cbdd8c1e074671b1d,358,2026-10-03T11:36:00.815673+07:00,357.046264651,357.046264651,MONITOR,357.1602328539998,0.9999557520000053,0.25173855999992156,0.00010558199983279337,DISABLED,off,user_reported,39.90805435180664,63.41461181640625,1012.169453125,98746.3828125,True,True,True,176,0,0,109,176,101,2026-10-03T11:36:00.815753+07:00,357.04635531700023,0.18580195399999866,OK,,True,2026-10-03T11:36:01.001565+07:00,357.2321629379999,0.03296307100026752,OK,,True,871,0.108875,,2026-10-03T11:36:01.034528+07:00,357.26512904599986,0.032865739000044414,OK,,True,2182,0.27275,
59fb0b3833d04c8cbdd8c1e074671b1d,359,2026-10-03T11:36:01.815660+07:00,358.046251366,358.046251366,MONITOR,358.16021956899976,0.9999867149999773,0.2517364870000165,9.229699981005979e-05,DISABLED,off,user_reported,39.90869140625,63.41471862792969,1012.156796875,98121.8828125,True,True,True,176,0,0,109,176,101,2026-10-03T11:36:01.815740+07:00,358.0463419580001,0.18580119599982936,OK,,True,2026-10-03T11:36:02.001550+07:00,358.2321483390001,0.03296503399997164,OK,,True,851,0.106375,,2026-10-03T11:36:02.034516+07:00,358.26511631799985,0.03286316399999123,OK,,True,2173,0.271625,
59fb0b3833d04c8cbdd8c1e074671b1d,360,2026-10-03T11:36:02.815658+07:00,359.046249731,359.046249731,MONITOR,359.1602179339998,0.9999983650000104,0.25173207900024863,9.066199982044054e-05,DISABLED,off,user_reported,39.91443634033203,63.41569519042969,1012.131796875,98575.28125,True,True,True,176,0,0,109,176,101,2026-10-03T11:36:02.815740+07:00,359.0463420259998,0.18580701100017905,OK,,True,2026-10-03T11:36:03.001558+07:00,359.23215612900003,0.03297077500019441,OK,,True,866,0.10825,,2026-10-03T11:36:03.034530+07:00,359.2651302190002,0.03284349799969277,OK,,True,2171,0.27137500000000003,
59fb0b3833d04c8cbdd8c1e074671b1d,361,2026-10-03T11:36:03.815656+07:00,360.04624718900004,360.04624718900004,MONITOR,360.1602153919998,0.9999974580000526,0.251723487000163,8.811999987301533e-05,DISABLED,off,user_reported,39.913795471191406,63.40220260620117,1012.137578125,99032.8828125,True,True,True,176,0,0,109,176,101,2026-10-03T11:36:03.815736+07:00,360.0463381700001,0.18580325099992478,OK,,True,2026-10-03T11:36:04.001549+07:00,360.2321467910001,0.03297970099993108,OK,,True,889,0.111125,,2026-10-03T11:36:04.034529+07:00,360.2651295290002,0.032833072999892465,OK,,True,2188,0.2735,
59fb0b3833d04c8cbdd8c1e074671b1d,362,2026-10-03T11:36:04.815658+07:00,361.04624944399984,361.04624944399984,MONITOR,361.1602176469996,1.0000022549997993,0.25270192500011035,9.037499967234908e-05,DISABLED,off,user_reported,39.91698455810547,63.4094352722168,1012.1634375,98803.546875,True,True,True,176,0,0,109,176,101,2026-10-03T11:36:04.815740+07:00,361.0463417400001,0.18612030499980392,OK,,True,2026-10-03T11:36:05.001877+07:00,361.23247360000005,0.03356288199984192,OK,,True,865,0.108125,,2026-10-03T11:36:05.035444+07:00,361.2660416120002,0.032901387000038085,OK,,True,2168,0.271,
59fb0b3833d04c8cbdd8c1e074671b1d,363,2026-10-03T11:36:05.815722+07:00,362.0463042000001,362.0463042000001,MONITOR,362.1602724029999,1.0000547560002815,0.2628843739998956,0.00014513099995383527,DISABLED,off,user_reported,39.91889953613281,63.42313003540039,1012.1734375,98348.0625,True,True,True,176,0,0,109,176,101,2026-10-03T11:36:05.815886+07:00,362.0464863100001,0.19175700699997833,OK,,True,2026-10-03T11:36:06.007660+07:00,362.238255706,0.03558020199989187,OK,,True,860,0.1075,,2026-10-03T11:36:06.043247+07:00,362.2738443520002,0.03532531499968172,OK,,True,2181,0.272625,
59fb0b3833d04c8cbdd8c1e074671b1d,364,2026-10-03T11:36:06.815727+07:00,363.04630880900004,363.04630880900004,MONITOR,363.1602770119998,1.000004608999916,0.26272007899979144,0.00014973999986978015,DISABLED,off,user_reported,39.91889953613281,63.416446685791016,1012.132109375,98575.28125,True,True,True,176,0,0,109,176,101,2026-10-03T11:36:06.815888+07:00,363.0464880479999,0.19174776699992435,OK,,True,2026-10-03T11:36:07.007653+07:00,363.2382483340002,0.03545714699976088,OK,,True,849,0.106125,,2026-10-03T11:36:07.043115+07:00,363.27371360999996,0.03529568600015409,OK,,True,2182,0.27275,
59fb0b3833d04c8cbdd8c1e074671b1d,365,2026-10-03T11:36:07.815713+07:00,364.046295696,364.046295696,MONITOR,364.1602638989998,0.9999868869999773,0.2625403960000767,0.00013662699984706705,DISABLED,off,user_reported,39.92400360107422,63.417301177978516,1012.140390625,98803.546875,True,True,True,176,0,0,109,176,101,2026-10-03T11:36:07.815872+07:00,364.04647178799996,0.19176000800007387,OK,,True,2026-10-03T11:36:08.007650+07:00,364.2382450360001,0.035367018999750144,OK,,True,865,0.108125,,2026-10-03T11:36:08.043021+07:00,364.273620166,0.035198852000121406,OK,,True,2188,0.2735,
59fb0b3833d04c8cbdd8c1e074671b1d,366,2026-10-03T11:36:08.815723+07:00,365.0463065670001,365.0463065670001,MONITOR,365.1602747699999,1.000010871000086,0.26249217399981717,0.0001474979999329662,DISABLED,off,user_reported,39.921451568603516,63.4168701171875,1012.122421875,98518.375,True,True,True,176,0,0,109,176,101,2026-10-03T11:36:08.815878+07:00,365.0464786020002,0.19174174899990248,OK,,True,2026-10-03T11:36:09.007637+07:00,365.2382318509999,0.03538016700031221,OK,,True,863,0.107875,,2026-10-03T11:36:09.043022+07:00,365.27362031400025,0.035161259999767935,OK,,True,2178,0.27225,
59fb0b3833d04c8cbdd8c1e074671b1d,367,2026-10-03T11:36:09.815735+07:00,366.046316938,366.046316938,MONITOR,366.1602851409998,1.0000103709999166,0.26190597400000115,0.00015786899984959746,DISABLED,off,user_reported,39.92400360107422,63.397239685058594,1012.147265625,98009.1875,True,True,True,176,0,0,109,176,101,2026-10-03T11:36:09.815896+07:00,366.0464960099998,0.1923275420003847,OK,,True,2026-10-03T11:36:10.008253+07:00,366.23884369999996,0.034885002999999415,OK,,True,901,0.112625,,2026-10-03T11:36:10.043141+07:00,366.2737369440001,0.03447135699980208,OK,,True,2156,0.2695,
59fb0b3833d04c8cbdd8c1e074671b1d,368,2026-10-03T11:36:10.815665+07:00,367.0462569209999,367.0462569209999,MONITOR,367.1602251239997,0.9999399829998765,0.25210565299994414,9.785199972611736e-05,DISABLED,off,user_reported,39.929107666015625,63.40479278564453,1012.128125,98461.5390625,True,True,True,176,0,0,109,176,101,2026-10-03T11:36:10.815746+07:00,367.0463479760001,0.1857982900000934,OK,,True,2026-10-03T11:36:11.001553+07:00,367.2321514330001,0.03321882899990669,OK,,True,883,0.110375,,2026-10-03T11:36:11.034773+07:00,367.26537415099983,0.032979682000132016,OK,,True,2179,0.272375,
59fb0b3833d04c8cbdd8c1e074671b1d,369,2026-10-03T11:36:11.815656+07:00,368.04624725700023,368.04624725700023,MONITOR,368.16021546,0.9999903360003373,0.25171913699978177,8.818800006338279e-05,DISABLED,off,user_reported,39.924644470214844,63.41741943359375,1012.113828125,97840.625,True,True,True,176,0,0,109,176,101,2026-10-03T11:36:11.815739+07:00,368.04634103399985,0.1857968270001038,OK,,True,2026-10-03T11:36:12.001544+07:00,368.23214278700016,0.03297301599968705,OK,,True,874,0.10925,,2026-10-03T11:36:12.034519+07:00,368.26511865500015,0.032839868999872124,OK,,True,2181,0.272625,
59fb0b3833d04c8cbdd8c1e074671b1d,370,2026-10-03T11:36:12.815657+07:00,369.04624852000006,369.04624852000006,MONITOR,369.16021672299985,1.000001262999831,0.25171041500016145,8.945099989432492e-05,DISABLED,off,user_reported,39.931663513183594,63.40523147583008,1012.152890625,98121.8828125,True,True,True,176,0,0,109,176,101,2026-10-03T11:36:12.815736+07:00,369.0463373900002,0.18580364199988253,OK,,True,2026-10-03T11:36:13.001550+07:00,369.23214821700003,0.03296077499999228,OK,,True,873,0.109125,,2026-10-03T11:36:13.034512+07:00,369.26511280700015,0.03283912799997779,OK,,True,2177,0.272125,
59fb0b3833d04c8cbdd8c1e074671b1d,371,2026-10-03T11:36:13.815653+07:00,370.04624426500004,370.04624426500004,MONITOR,370.1602124679998,0.9999957449999783,0.25209828400011247,8.519599987266702e-05,DISABLED,off,user_reported,39.929744720458984,63.404903411865234,1012.149765625,98065.5078125,True,True,True,176,0,0,109,176,101,2026-10-03T11:36:13.815734+07:00,370.0463355050001,0.18580014300005132,OK,,True,2026-10-03T11:36:14.001545+07:00,370.2321434989999,0.0332973290001064,OK,,True,876,0.1095,,2026-10-03T11:36:14.034845+07:00,370.2654442170001,0.03289034999988871,OK,,True,2187,0.273375,
59fb0b3833d04c8cbdd8c1e074671b1d,372,2026-10-03T11:36:14.815655+07:00,371.046246678,371.046246678,MONITOR,371.1602148809998,1.0000024129999474,0.25627134800015483,8.760899982007686e-05,DISABLED,off,user_reported,39.935489654541016,63.41926193237305,1012.138359375,98348.0625,True,True,True,176,0,0,109,176,101,2026-10-03T11:36:14.815737+07:00,371.04633897400026,0.1858029379995969,OK,,True,2026-10-03T11:36:15.001551+07:00,371.23214917099995,0.03413412000008975,OK,,True,856,0.107,,2026-10-03T11:36:15.035702+07:00,371.26629586499985,0.0361959570000181,OK,,True,2175,0.27187500000000003,
59fb0b3833d04c8cbdd8c1e074671b1d,373,2026-10-03T11:36:15.815666+07:00,372.0462576099999,372.0462576099999,MONITOR,372.16022581299967,1.0000109319998955,0.25179239700037215,9.854099971562391e-05,DISABLED,off,user_reported,39.936126708984375,63.3992919921875,1012.118828125,98348.0625,True,True,True,176,0,0,109,176,101,2026-10-03T11:36:15.815747+07:00,372.0463491280002,0.18580003199986095,OK,,True,2026-10-03T11:36:16.001558+07:00,372.23215677100006,0.032987885999773425,OK,,True,847,0.105875,,2026-10-03T11:36:16.034548+07:00,372.26514799000006,0.03289281400020627,OK,,True,2182,0.27275,
59fb0b3833d04c8cbdd8c1e074671b1d,374,2026-10-03T11:36:16.815655+07:00,373.04624674700017,373.04624674700017,MONITOR,373.16021494999995,0.9999891370002842,0.25180154600002425,8.767799999986892e-05,DISABLED,off,user_reported,39.944419860839844,63.40739059448242,1012.1596875,98404.765625,True,True,True,176,0,0,109,176,101,2026-10-03T11:36:16.815737+07:00,373.0463387099999,0.1858079200001157,OK,,True,2026-10-03T11:36:17.001556+07:00,373.2321542039999,0.03298747899998489,OK,,True,842,0.10525,,2026-10-03T11:36:17.034544+07:00,373.2651447940002,0.03289536900001622,OK,,True,2171,0.27137500000000003,
59fb0b3833d04c8cbdd8c1e074671b1d,375,2026-10-03T11:36:17.815651+07:00,374.04624233000004,374.04624233000004,MONITOR,374.1602105329998,0.9999955829998726,0.25222209799994744,8.326099987243651e-05,DISABLED,off,user_reported,39.941871643066406,63.4002685546875,1012.141875,98291.421875,True,True,True,176,0,0,109,176,101,2026-10-03T11:36:17.815731+07:00,374.0463328850001,0.18584795700007817,OK,,True,2026-10-03T11:36:18.001590+07:00,374.2321883230002,0.03335360699975354,OK,,True,866,0.10825,,2026-10-03T11:36:18.034947+07:00,374.2655464300001,0.032909424000081344,OK,,True,2180,0.2725,
59fb0b3833d04c8cbdd8c1e074671b1d,376,2026-10-03T11:36:18.815656+07:00,375.04624739400015,375.04624739400015,MONITOR,375.16021559699993,1.0000050640001064,0.25177776800001084,8.832499997879495e-05,DISABLED,off,user_reported,39.9393196105957,63.406524658203125,1012.130859375,98404.765625,True,True,True,176,0,0,109,176,101,2026-10-03T11:36:18.815738+07:00,375.046339986,0.18580582799995682,OK,,True,2026-10-03T11:36:19.001556+07:00,375.2321537590001,0.03299773800017647,OK,,True,855,0.106875,,2026-10-03T11:36:19.034555+07:00,375.26515503400014,0.03286194299971612,OK,,True,2173,0.271625,
59fb0b3833d04c8cbdd8c1e074671b1d,377,2026-10-03T11:36:19.815656+07:00,376.04624751500023,376.04624751500023,MONITOR,376.160215718,1.0000001210000846,0.2517801760000111,8.844600006341352e-05,DISABLED,off,user_reported,39.949527740478516,63.40824508666992,1012.147265625,98291.421875,True,True,True,176,0,0,109,176,101,2026-10-03T11:36:19.815737+07:00,376.0463385150001,0.18581982800014885,OK,,True,2026-10-03T11:36:20.001569+07:00,376.2321665280001,0.03298483099979421,OK,,True,865,0.108125,,2026-10-03T11:36:20.034554+07:00,376.26515502600023,0.032864572999642405,OK,,True,2170,0.27125,
59fb0b3833d04c8cbdd8c1e074671b1d,378,2026-10-03T11:36:20.815657+07:00,377.04624848899994,377.04624848899994,MONITOR,377.1602166919997,1.000000973999704,0.2517408250000699,8.941999976741499e-05,DISABLED,off,user_reported,39.948890686035156,63.39476776123047,1012.16,97784.5703125,True,True,True,176,0,0,109,176,101,2026-10-03T11:36:20.815737+07:00,377.04633884099985,0.1857998100003897,OK,,True,2026-10-03T11:36:21.001547+07:00,377.2321462250002,0.03299158999971041,OK,,True,835,0.104375,,2026-10-03T11:36:21.034541+07:00,377.26514085200006,0.0328408320001472,OK,,True,2182,0.27275,
59fb0b3833d04c8cbdd8c1e074671b1d,379,2026-10-03T11:36:21.815657+07:00,378.04624811199983,378.04624811199983,MONITOR,378.1602163149996,0.9999996229998942,0.2517558250001457,8.904299966161489e-05,DISABLED,off,user_reported,39.950801849365234,63.408470153808594,1012.14265625,98121.8828125,True,True,True,176,0,0,109,176,101,2026-10-03T11:36:21.815736+07:00,378.04633809300003,0.18580412500023158,OK,,True,2026-10-03T11:36:22.001551+07:00,378.2321500329999,0.03299023899990061,OK,,True,843,0.105375,,2026-10-03T11:36:22.034543+07:00,378.26514373400005,0.03285305500003233,OK,,True,2171,0.27137500000000003,
59fb0b3833d04c8cbdd8c1e074671b1d,380,2026-10-03T11:36:22.815652+07:00,379.04624460700006,379.04624460700006,MONITOR,379.16021280999985,0.9999964950002322,0.2517771950001588,8.55379998938588e-05,DISABLED,off,user_reported,39.947608947753906,63.40793228149414,1012.137421875,97728.5703125,True,True,True,176,0,0,109,176,101,2026-10-03T11:36:22.815732+07:00,379.04633419899983,0.1858043660004114,OK,,True,2026-10-03T11:36:23.001548+07:00,379.2321463610001,0.03298508999978367,OK,,True,854,0.10675,,2026-10-03T11:36:23.034535+07:00,379.2651351919999,0.03287909100026809,OK,,True,2168,0.271,
59fb0b3833d04c8cbdd8c1e074671b1d,381,2026-10-03T11:36:23.815655+07:00,380.0462469170002,380.0462469170002,MONITOR,380.16021512,1.0000023100001272,0.2519877859999724,8.78480000210402e-05,DISABLED,off,user_reported,39.9539909362793,63.40900421142578,1012.127265625,98009.1875,True,True,True,176,0,0,109,176,101,2026-10-03T11:36:23.815737+07:00,380.04633889800016,0.18579697699988174,OK,,True,2026-10-03T11:36:24.001544+07:00,380.23214242999984,0.033235237000099005,OK,,True,859,0.107375,,2026-10-03T11:36:24.034782+07:00,380.26538188999984,0.03284472100040148,OK,,True,2171,0.27137500000000003,
59fb0b3833d04c8cbdd8c1e074671b1d,382,2026-10-03T11:36:24.815653+07:00,381.0462440430001,381.0462440430001,MONITOR,381.1602122459999,0.9999971259999256,0.2517228619999514,8.497399994666921e-05,DISABLED,off,user_reported,39.95207977294922,63.402000427246094,1012.13078125,98291.421875,True,True,True,176,0,0,109,176,101,2026-10-03T11:36:24.815734+07:00,381.0463363009999,0.1857980330000828,OK,,True,2026-10-03T11:36:25.001543+07:00,381.232141686,0.0329611649999606,OK,,True,864,0.108,,2026-10-03T11:36:25.034505+07:00,381.2651062770001,0.03285240600007455,OK,,True,2169,0.271125,
59fb0b3833d04c8cbdd8c1e074671b1d,383,2026-10-03T11:36:25.815660+07:00,382.0462510030002,382.0462510030002,MONITOR,382.16021920599997,1.0000069600000643,0.25173015900008977,9.193400001095142e-05,DISABLED,off,user_reported,39.95590591430664,63.402645111083984,1012.130234375,98291.421875,True,True,True,176,0,0,109,176,101,2026-10-03T11:36:25.815740+07:00,382.04634178000015,0.18581343999994715,OK,,True,2026-10-03T11:36:26.001565+07:00,382.23216279400003,0.032944220999979734,OK,,True,873,0.109125,,2026-10-03T11:36:26.034510+07:00,382.26511049600003,0.0328624620001392,OK,,True,2180,0.2725,
59fb0b3833d04c8cbdd8c1e074671b1d,384,2026-10-03T11:36:26.815655+07:00,383.0462467420002,383.0462467420002,MONITOR,383.160214945,0.9999957390000418,0.2517382139999427,8.767300005274592e-05,DISABLED,off,user_reported,39.957183837890625,63.409549713134766,1012.13921875,97784.5703125,True,True,True,176,0,0,109,176,101,2026-10-03T11:36:26.815734+07:00,383.0463359820001,0.18580493999979808,OK,,True,2026-10-03T11:36:27.001550+07:00,383.232148089,0.03296201700004531,OK,,True,870,0.10875,,2026-10-03T11:36:27.034512+07:00,383.26511295699993,0.03286399900025572,OK,,True,2176,0.272,
59fb0b3833d04c8cbdd8c1e074671b1d,385,2026-10-03T11:36:27.815656+07:00,384.04624818499997,384.04624818499997,MONITOR,384.16021638799975,1.0000014429997464,0.25202595400014616,8.911599979910534e-05,DISABLED,off,user_reported,39.957820892333984,63.40964889526367,1012.16765625,97952.9375,True,True,True,176,0,0,109,176,101,2026-10-03T11:36:27.815736+07:00,384.04633761000014,0.18580590400006258,OK,,True,2026-10-03T11:36:28.001552+07:00,384.23215047700023,0.03305197899999257,OK,,True,863,0.107875,,2026-10-03T11:36:28.034608+07:00,384.26520693700013,0.03305820200012022,OK,,True,2167,0.27087500000000003,
59fb0b3833d04c8cbdd8c1e074671b1d,386,2026-10-03T11:36:28.815658+07:00,385.0462494630001,385.0462494630001,MONITOR,385.1602176659999,1.000001278000127,0.25180163999993965,9.039399992616381e-05,DISABLED,off,user_reported,39.96100997924805,63.396812438964844,1012.18671875,98009.1875,True,True,True,176,0,0,109,176,101,2026-10-03T11:36:28.815738+07:00,385.046339258,0.18587269999989076,OK,,True,2026-10-03T11:36:29.001622+07:00,385.23221992100025,0.03298753499984741,OK,,True,862,0.10775,,2026-10-03T11:36:29.034610+07:00,385.26521082599993,0.03283211100006156,OK,,True,2174,0.27175,
59fb0b3833d04c8cbdd8c1e074671b1d,387,2026-10-03T11:36:29.815654+07:00,386.0462462969999,386.0462462969999,MONITOR,386.1602144999997,0.9999968339998304,0.25175697400027275,8.722799975657836e-05,DISABLED,off,user_reported,39.95909881591797,63.4031867980957,1012.12859375,98234.84375,True,True,True,176,0,0,109,176,101,2026-10-03T11:36:29.815733+07:00,386.04633518499986,0.18581433000008474,OK,,True,2026-10-03T11:36:30.001560+07:00,386.232157293,0.032951776000118116,OK,,True,858,0.10725,,2026-10-03T11:36:30.034512+07:00,386.2651126609999,0.03288242500002525,OK,,True,2191,0.273875,
59fb0b3833d04c8cbdd8c1e074671b1d,388,2026-10-03T11:36:30.815736+07:00,387.04632027900016,387.04632027900016,MONITOR,387.16028848199994,1.000073982000231,0.25284257900011653,0.0001612099999874772,DISABLED,off,user_reported,39.96100997924805,63.396812438964844,1012.152265625,98009.1875,True,True,True,176,0,0,109,176,101,2026-10-03T11:36:30.815869+07:00,387.046469593,0.18659284300019863,OK,,True,2026-10-03T11:36:31.002473+07:00,387.23307030700016,0.03323538499989809,OK,,True,870,0.10875,,2026-10-03T11:36:31.035709+07:00,387.26630909899995,0.0328451660002429,OK,,True,2182,0.27275,
59fb0b3833d04c8cbdd8c1e074671b1d,389,2026-10-03T11:36:31.817730+07:00,388.04832036100015,388.04832036100015,MONITOR,388.16228856399994,1.002000081999995,0.2517733079998834,0.0021612919999824953,DISABLED,off,user_reported,39.96356201171875,63.410621643066406,1012.14265625,97952.9375,True,True,True,176,0,0,109,176,101,2026-10-03T11:36:31.817844+07:00,388.04844528600006,0.18583338600001298,OK,,True,2026-10-03T11:36:32.003689+07:00,388.23428678300024,0.032963886999823444,OK,,True,858,0.10725,,2026-10-03T11:36:32.036653+07:00,388.2672538920001,0.032831091999923956,OK,,True,2182,0.27275,
59fb0b3833d04c8cbdd8c1e074671b1d,390,2026-10-03T11:36:32.815659+07:00,389.04624991499986,389.04624991499986,MONITOR,389.16021811799965,0.9979295539997111,0.2517772530000002,9.084599969355622e-05,DISABLED,off,user_reported,39.96739196777344,63.40459442138672,1012.14203125,97560.9765625,True,True,True,176,0,0,109,176,101,2026-10-03T11:36:32.815742+07:00,389.04634363700006,0.1858200339997893,OK,,True,2026-10-03T11:36:33.001574+07:00,389.232172041,0.03297448000012082,OK,,True,859,0.107375,,2026-10-03T11:36:33.034551+07:00,389.26515048400006,0.032867240000086895,OK,,True,2168,0.271,
59fb0b3833d04c8cbdd8c1e074671b1d,391,2026-10-03T11:36:33.815657+07:00,390.0462490489999,390.0462490489999,MONITOR,390.1602172519997,0.9999991340000633,0.25172134600006757,8.997999975690618e-05,DISABLED,off,user_reported,39.97185516357422,63.385284423828125,1012.149296875,98121.8828125,True,True,True,176,0,0,109,176,101,2026-10-03T11:36:33.815738+07:00,390.04634003,0.18580940499987264,OK,,True,2026-10-03T11:36:34.001559+07:00,390.2321567869999,0.03295609099996,OK,,True,845,0.105625,,2026-10-03T11:36:34.034516+07:00,390.2651161550002,0.032845684999756486,OK,,True,2165,0.270625,
59fb0b3833d04c8cbdd8c1e074671b1d,392,2026-10-03T11:36:34.815682+07:00,391.0462727949998,391.0462727949998,MONITOR,391.1602409979996,1.000023745999897,0.2516834760003803,0.00011372599965397967,DISABLED,off,user_reported,39.9731330871582,63.39886474609375,1012.130625,97952.9375,True,True,True,176,0,0,109,176,101,2026-10-03T11:36:34.815765+07:00,391.0463664980002,0.18581194199987294,OK,,True,2026-10-03T11:36:35.001588+07:00,391.232186273,0.0329177950002304,OK,,True,866,0.10825,,2026-10-03T11:36:35.034507+07:00,391.2651078650001,0.03283988800012594,OK,,True,2177,0.272125,
59fb0b3833d04c8cbdd8c1e074671b1d,393,2026-10-03T11:36:35.815698+07:00,392.0462885050001,392.0462885050001,MONITOR,392.1602567079999,1.000015710000298,0.26288199300006454,0.00012943599995196564,DISABLED,off,user_reported,39.972496032714844,63.40544509887695,1012.150234375,97505.234375,True,True,True,176,0,0,109,176,101,2026-10-03T11:36:35.815788+07:00,392.04638913400004,0.18970784100019955,OK,,True,2026-10-03T11:36:36.005517+07:00,392.2361109940002,0.03776359499988757,OK,,True,856,0.107,,2026-10-03T11:36:36.043286+07:00,392.273883589,0.03526853899984417,OK,,True,2180,0.2725,
59fb0b3833d04c8cbdd8c1e074671b1d,394,2026-10-03T11:36:36.815827+07:00,393.04640693700003,393.04640693700003,MONITOR,393.1603751399998,1.0001184319999084,0.25933149899992713,0.0002478679998603184,DISABLED,off,user_reported,39.97504806518555,63.39919662475586,1012.154453125,98121.8828125,True,True,True,176,0,0,109,176,101,2026-10-03T11:36:36.815995+07:00,393.046594251,0.18968174900010126,OK,,True,2026-10-03T11:36:37.005692+07:00,393.23628853699984,0.03437754400010817,OK,,True,865,0.108125,,2026-10-03T11:36:37.040074+07:00,393.27067269200006,0.03504311400001825,OK,,True,2178,0.27225,
59fb0b3833d04c8cbdd8c1e074671b1d,395,2026-10-03T11:36:37.816253+07:00,394.046831998,394.046831998,MONITOR,394.1608002009998,1.0004250609999872,0.2629070480002156,0.0006729289998474997,DISABLED,off,user_reported,39.97696304321289,63.392826080322266,1012.150546875,97784.5703125,True,True,True,176,0,0,109,176,101,2026-10-03T11:36:37.816426+07:00,394.0470255710002,0.19091274099992006,OK,,True,2026-10-03T11:36:38.007356+07:00,394.2379514600002,0.036919544999818754,OK,,True,862,0.10775,,2026-10-03T11:36:38.044281+07:00,394.2748793390001,0.034841577999941364,OK,,True,2182,0.27275,
59fb0b3833d04c8cbdd8c1e074671b1d,396,2026-10-03T11:36:38.815784+07:00,395.04636067599995,395.04636067599995,MONITOR,395.16032887899974,0.9995286779999333,0.2612836530001914,0.000201606999780779,DISABLED,off,user_reported,39.97887420654297,63.393150329589844,1012.153828125,97672.640625,True,True,True,176,0,0,109,176,101,2026-10-03T11:36:38.815954+07:00,395.0465534340001,0.1895576950000759,OK,,True,2026-10-03T11:36:39.005528+07:00,395.23612229599985,0.03560305500013783,OK,,True,855,0.106875,,2026-10-03T11:36:39.041131+07:00,395.27173073899985,0.03589551599998231,OK,,True,2182,0.27275,
59fb0b3833d04c8cbdd8c1e074671b1d,397,2026-10-03T11:36:39.817902+07:00,396.04848452399983,396.04848452399983,MONITOR,396.1624527269996,1.0021238479998829,0.25298943100006,0.0023254549996636342,DISABLED,off,user_reported,39.979515075683594,63.39326477050781,1012.147890625,97728.5703125,True,True,True,176,0,0,109,176,101,2026-10-03T11:36:39.818069+07:00,396.0486689300001,0.18700410100018416,OK,,True,2026-10-03T11:36:40.005084+07:00,396.23568058699993,0.0329600909999499,OK,,True,841,0.105125,,2026-10-03T11:36:40.038044+07:00,396.26864432599996,0.03282059200000731,OK,,True,2170,0.27125,
59fb0b3833d04c8cbdd8c1e074671b1d,398,2026-10-03T11:36:40.815686+07:00,397.0462775860001,397.0462775860001,MONITOR,397.1602457889999,0.9977930620002553,0.25196791999997004,0.00011851699991893838,DISABLED,off,user_reported,39.982704162597656,63.38043212890625,1012.098046875,97896.75,True,True,True,176,0,0,109,176,101,2026-10-03T11:36:40.815775+07:00,397.04637669700014,0.18603412599986768,OK,,True,2026-10-03T11:36:41.001822+07:00,397.2324189159999,0.033000831000208564,OK,,True,841,0.105125,,2026-10-03T11:36:41.034823+07:00,397.26542343300025,0.03281425799968929,OK,,True,2171,0.27137500000000003,
59fb0b3833d04c8cbdd8c1e074671b1d,399,2026-10-03T11:36:41.818120+07:00,398.048713359,398.048713359,MONITOR,398.16268156199976,1.0024357729998883,0.2516784960002951,0.0025542899998072244,DISABLED,off,user_reported,39.98334503173828,63.400596618652344,1012.126640625,97784.5703125,True,True,True,176,0,0,109,176,101,2026-10-03T11:36:41.818192+07:00,398.04879419200006,0.18580742399990413,OK,,True,2026-10-03T11:36:42.004013+07:00,398.23461020900004,0.032939720999820565,OK,,True,851,0.106375,,2026-10-03T11:36:42.036954+07:00,398.2675536890001,0.03283022200002961,OK,,True,2166,0.27075,
59fb0b3833d04c8cbdd8c1e074671b1d,400,2026-10-03T11:36:42.815657+07:00,399.0462509990002,399.0462509990002,MONITOR,399.160219202,0.997537640000246,0.2517742179998095,9.193000005325302e-05,DISABLED,off,user_reported,39.98525619506836,63.39422607421875,1012.1434375,97449.5625,True,True,True,176,0,0,109,176,101,2026-10-03T11:36:42.815736+07:00,399.04633761000014,0.18581172099993637,OK,,True,2026-10-03T11:36:43.001560+07:00,399.23215734899986,0.03298523900002692,OK,,True,874,0.10925,,2026-10-03T11:36:43.034547+07:00,399.2651463850002,0.03286936899985449,OK,,True,2169,0.271125,
59fb0b3833d04c8cbdd8c1e074671b1d,401,2026-10-03T11:36:43.815663+07:00,400.046254975,400.046254975,MONITOR,400.1602231779998,1.000003975999789,0.2519908099998247,9.590599984221626e-05,DISABLED,off,user_reported,39.984619140625,63.400814056396484,1012.13546875,97338.40625,True,True,True,176,0,0,109,176,101,2026-10-03T11:36:43.815745+07:00,400.04634675299985,0.1858134060003067,OK,,True,2026-10-03T11:36:44.001573+07:00,400.23216875200023,0.03324973700000555,OK,,True,850,0.10625,,2026-10-03T11:36:44.034823+07:00,400.265422341,0.03281529600008071,OK,,True,2176,0.272,
59fb0b3833d04c8cbdd8c1e074671b1d,402,2026-10-03T11:36:44.815664+07:00,401.0462568419998,401.0462568419998,MONITOR,401.1602250449996,1.0000018669998099,0.2517081440000766,9.77729996520793e-05,DISABLED,off,user_reported,39.98844528198242,63.394775390625,1012.148515625,97616.78125,True,True,True,176,0,0,109,176,101,2026-10-03T11:36:44.815746+07:00,401.0463483039998,0.18581268400021145,OK,,True,2026-10-03T11:36:45.001574+07:00,401.23217000700015,0.03295447999971657,OK,,True,851,0.106375,,2026-10-03T11:36:45.034529+07:00,401.26512819100026,0.032828517999860196,OK,,True,2179,0.272375,
59fb0b3833d04c8cbdd8c1e074671b1d,403,2026-10-03T11:36:45.815660+07:00,402.0462515049999,402.0462515049999,MONITOR,402.16021970799966,0.9999946630000522,0.2522697340000377,9.243599970432115e-05,DISABLED,off,user_reported,39.99100112915039,63.39521026611328,1012.1528125,97616.78125,True,True,True,176,0,0,109,176,101,2026-10-03T11:36:45.815742+07:00,402.0463440230001,0.18583835099980206,OK,,True,2026-10-03T11:36:46.001596+07:00,402.2321922629999,0.033457939000072656,OK,,True,875,0.109375,,2026-10-03T11:36:46.035058+07:00,402.26565572100026,0.032856758999969315,OK,,True,2173,0.271625,
59fb0b3833d04c8cbdd8c1e074671b1d,404,2026-10-03T11:36:46.815656+07:00,403.0462494100002,403.0462494100002,MONITOR,403.160217613,0.9999979050003276,0.2518860699997276,9.03410000319127e-05,DISABLED,off,user_reported,39.99227523803711,63.4021110534668,1012.154765625,97616.78125,True,True,True,176,0,0,109,176,101,2026-10-03T11:36:46.815733+07:00,403.04633455700014,0.18581118499969307,OK,,True,2026-10-03T11:36:47.001557+07:00,403.23215366800014,0.0331189789999371,OK,,True,881,0.110125,,2026-10-03T11:36:47.034679+07:00,403.26527731399983,0.032848795000063546,OK,,True,2168,0.271,
59fb0b3833d04c8cbdd8c1e074671b1d,405,2026-10-03T11:36:47.815656+07:00,404.04624890800005,404.04624890800005,MONITOR,404.16021711099984,0.9999994979998519,0.2519313289999445,8.983899988379562e-05,DISABLED,off,user_reported,39.99419021606445,63.402435302734375,1012.16484375,97505.234375,True,True,True,176,0,0,109,176,101,2026-10-03T11:36:47.815735+07:00,404.0463365740002,0.18580846299983023,OK,,True,2026-10-03T11:36:48.001556+07:00,404.23215248099996,0.033141924000119616,OK,,True,866,0.10825,,2026-10-03T11:36:48.034701+07:00,404.265299442,0.032871424999939336,OK,,True,2165,0.270625,
59fb0b3833d04c8cbdd8c1e074671b1d,406,2026-10-03T11:36:48.815656+07:00,405.04624870399994,405.04624870399994,MONITOR,405.1602169069997,0.9999997959998836,0.2522472900000139,8.96349997674406e-05,DISABLED,off,user_reported,39.99100112915039,63.381832122802734,1012.139140625,97840.625,True,True,True,176,0,0,109,176,101,2026-10-03T11:36:48.815736+07:00,405.0463374249998,0.18580974100041203,OK,,True,2026-10-03T11:36:49.001558+07:00,405.2321549799999,0.033213257000170415,OK,,True,855,0.106875,,2026-10-03T11:36:49.034776+07:00,405.265373792,0.03311292399985177,OK,,True,2170,0.27125,
59fb0b3833d04c8cbdd8c1e074671b1d,407,2026-10-03T11:36:49.815652+07:00,406.046244185,406.046244185,MONITOR,406.16021238799976,0.9999954810000418,0.2619631880002089,8.511599980920437e-05,DISABLED,off,user_reported,39.999290466308594,63.3966178894043,1012.104375,97728.5703125,True,True,True,176,0,0,109,176,101,2026-10-03T11:36:49.815730+07:00,406.0463320550002,0.1897135099998195,OK,,True,2026-10-03T11:36:50.005467+07:00,406.2360596389999,0.035280446000342636,OK,,True,854,0.10675,,2026-10-03T11:36:50.040756+07:00,406.2713508820002,0.0368411389999892,OK,,True,2180,0.2725,
59fb0b3833d04c8cbdd8c1e074671b1d,408,2026-10-03T11:36:50.815661+07:00,407.04625305599984,407.04625305599984,MONITOR,407.1602212589996,1.0000088709998636,0.25198673700015206,9.398699967277935e-05,DISABLED,off,user_reported,40.000572204589844,63.403507232666016,1012.12015625,97616.78125,True,True,True,176,0,0,109,176,101,2026-10-03T11:36:50.815742+07:00,407.0463442959999,0.18581470400022226,OK,,True,2026-10-03T11:36:51.001570+07:00,407.2321664629999,0.03297785099994144,OK,,True,860,0.1075,,2026-10-03T11:36:51.034548+07:00,407.26514801700023,0.033082183999795234,OK,,True,2168,0.271,
59fb0b3833d04c8cbdd8c1e074671b1d,409,2026-10-03T11:36:51.815651+07:00,408.04624324299994,408.04624324299994,MONITOR,408.1602114459997,0.999990187000094,0.2521310510001058,8.417399976679008e-05,DISABLED,off,user_reported,40.00184631347656,63.39704895019531,1012.1428125,97560.9765625,True,True,True,176,0,0,109,176,101,2026-10-03T11:36:51.815732+07:00,408.0463338720001,0.18585907399983626,OK,,True,2026-10-03T11:36:52.001606+07:00,408.23220235400004,0.03305257200008782,OK,,True,846,0.10575,,2026-10-03T11:36:52.034658+07:00,408.26525848200026,0.03310645999999906,OK,,True,2174,0.27175,
59fb0b3833d04c8cbdd8c1e074671b1d,410,2026-10-03T11:36:52.815653+07:00,409.0462457829999,409.0462457829999,MONITOR,409.1602139859997,1.0000025399999686,0.2523140130001593,8.671399973536609e-05,DISABLED,off,user_reported,40.00248336791992,63.38377380371094,1012.150859375,97505.234375,True,True,True,176,0,0,109,176,101,2026-10-03T11:36:52.815730+07:00,409.04633193100017,0.18584638899983474,OK,,True,2026-10-03T11:36:53.001592+07:00,409.23218828300014,0.03340018099970621,OK,,True,847,0.105875,,2026-10-03T11:36:53.034996+07:00,409.2655935560001,0.0329564069998014,OK,,True,2173,0.271625,
59fb0b3833d04c8cbdd8c1e074671b1d,411,2026-10-03T11:36:53.815672+07:00,410.04626487899986,410.04626487899986,MONITOR,410.16023308199965,1.00001909599996,0.25250397500030886,0.00010580999969533877,DISABLED,off,user_reported,40.0012092590332,63.37686538696289,1012.121171875,97505.234375,True,True,True,176,0,0,109,176,101,2026-10-03T11:36:53.815756+07:00,410.046357619,0.18592694400012988,OK,,True,2026-10-03T11:36:54.001698+07:00,410.23229434099994,0.03349949499988725,OK,,True,872,0.109,,2026-10-03T11:36:54.035202+07:00,410.2658000219999,0.03295903600019301,OK,,True,2169,0.271125,
59fb0b3833d04c8cbdd8c1e074671b1d,412,2026-10-03T11:36:54.815663+07:00,411.04625529099985,411.04625529099985,MONITOR,411.16022349399964,0.9999904119999883,0.2532700620004107,9.62219996836211e-05,DISABLED,off,user_reported,39.99993133544922,63.39002227783203,1012.126015625,97672.640625,True,True,True,176,0,0,109,176,101,2026-10-03T11:36:54.815743+07:00,411.04634447499984,0.18590561200016964,OK,,True,2026-10-03T11:36:55.001664+07:00,411.232260105,0.034421896999901946,OK,,True,849,0.106125,,2026-10-03T11:36:55.036090+07:00,411.26668768699983,0.03282875900004001,OK,,True,2177,0.272125,
59fb0b3833d04c8cbdd8c1e074671b1d,413,2026-10-03T11:36:55.817831+07:00,412.04842307800027,412.04842307800027,MONITOR,412.16239128100005,1.0021677870004169,0.25307148999991114,0.0022640090001004864,DISABLED,off,user_reported,40.006309509277344,63.39110565185547,1012.17078125,97672.640625,True,True,True,176,0,0,109,176,101,2026-10-03T11:36:55.817913+07:00,412.0485148550001,0.18608155499987333,OK,,True,2026-10-03T11:36:56.004011+07:00,412.23460624300014,0.03371715999992375,OK,,True,862,0.10775,,2026-10-03T11:36:56.037731+07:00,412.2683292920001,0.03315614599978289,OK,,True,2167,0.27087500000000003,
59fb0b3833d04c8cbdd8c1e074671b1d,414,2026-10-03T11:36:56.815663+07:00,413.04625502499994,413.04625502499994,MONITOR,413.1602232279997,0.9978319469996677,0.25663529900020876,9.595599976819358e-05,DISABLED,off,user_reported,40.00695037841797,63.37784194946289,1012.13734375,97449.5625,True,True,True,176,0,0,109,176,101,2026-10-03T11:36:56.815742+07:00,413.04634394999994,0.1893372360000285,OK,,True,2026-10-03T11:36:57.005095+07:00,413.23569087099986,0.034300065000024915,OK,,True,857,0.107125,,2026-10-03T11:36:57.039399+07:00,413.26999678699985,0.032883759000014834,OK,,True,2171,0.27137500000000003,
59fb0b3833d04c8cbdd8c1e074671b1d,415,2026-10-03T11:36:57.815659+07:00,414.0462518459999,414.0462518459999,MONITOR,414.1602200489997,0.9999968209999679,0.25364706100026524,9.277699973608833e-05,DISABLED,off,user_reported,40.005672454833984,63.39101028442383,1012.114765625,97449.5625,True,True,True,176,0,0,109,176,101,2026-10-03T11:36:57.815739+07:00,414.0463405129999,0.18582240800014915,OK,,True,2026-10-03T11:36:58.001575+07:00,414.2321716800002,0.03344427399997585,OK,,True,867,0.108375,,2026-10-03T11:36:58.035025+07:00,414.26562228700004,0.034267379000084475,OK,,True,2172,0.2715,
59fb0b3833d04c8cbdd8c1e074671b1d,416,2026-10-03T11:36:58.815651+07:00,415.0462437430001,415.0462437430001,MONITOR,415.1602119459999,0.9999918970002,0.2551451059998726,8.467399993605795e-05,DISABLED,off,user_reported,40.010780334472656,63.405235290527344,1012.136640625,97952.9375,True,True,True,176,0,0,109,176,101,2026-10-03T11:36:58.815735+07:00,415.0463366690001,0.18793152399985047,OK,,True,2026-10-03T11:36:59.003677+07:00,415.23427480400005,0.033147127000120236,OK,,True,828,0.10350000000000001,,2026-10-03T11:36:59.036832+07:00,415.2674294130002,0.03394751099995119,OK,,True,2173,0.271625,
59fb0b3833d04c8cbdd8c1e074671b1d,417,2026-10-03T11:36:59.815682+07:00,416.04627428899994,416.04627428899994,MONITOR,416.1602424919997,1.0000305459998344,0.2569452050001928,0.00011521999977048836,DISABLED,off,user_reported,40.012054443359375,63.39208221435547,1012.0975,97227.5,True,True,True,176,0,0,109,176,101,2026-10-03T11:36:59.815765+07:00,416.04636669599995,0.1861993130000883,OK,,True,2026-10-03T11:37:00.001986+07:00,416.2325791020003,0.03553146299964283,OK,,True,866,0.10825,,2026-10-03T11:37:00.037521+07:00,416.2681166020002,0.03509261399995012,OK,,True,2161,0.270125,
59fb0b3833d04c8cbdd8c1e074671b1d,418,2026-10-03T11:37:00.815759+07:00,417.0463433159998,417.0463433159998,MONITOR,417.1603115189996,1.0000690269998813,0.2627516850002394,0.0001842469996518048,DISABLED,off,user_reported,40.012691497802734,63.37211227416992,1012.12609375,97505.234375,True,True,True,176,0,0,109,176,101,2026-10-03T11:37:00.815911+07:00,417.0465105369999,0.19229256900007385,OK,,True,2026-10-03T11:37:01.008227+07:00,417.2388189950002,0.035860997999861866,OK,,True,835,0.104375,,2026-10-03T11:37:01.044099+07:00,417.274690919,0.034387581999908434,OK,,True,2166,0.27075,
59fb0b3833d04c8cbdd8c1e074671b1d,419,2026-10-03T11:37:01.815670+07:00,418.046263105,418.046263105,MONITOR,418.16023130799977,0.9999197890001597,0.2596255769999516,0.00010403599981145817,DISABLED,off,user_reported,40.019073486328125,63.38658142089844,1012.163984375,97672.640625,True,True,True,176,0,0,109,176,101,2026-10-03T11:37:01.815749+07:00,418.04635080800017,0.18581363199973566,OK,,True,2026-10-03T11:37:02.001573+07:00,418.23217175399986,0.03908427300029871,OK,,True,871,0.108875,,2026-10-03T11:37:02.040667+07:00,418.2712626749999,0.03461185800006206,OK,,True,2149,0.268625,
59fb0b3833d04c8cbdd8c1e074671b1d,420,2026-10-03T11:37:02.815681+07:00,419.04627304199994,419.04627304199994,MONITOR,419.1602412449997,1.0000099369999589,0.25403076300017347,0.00011397299977033981,DISABLED,off,user_reported,40.01715850830078,63.37956619262695,1012.112578125,97449.5625,True,True,True,176,0,0,109,176,101,2026-10-03T11:37:02.815761+07:00,419.04636304199994,0.18580996500031688,OK,,True,2026-10-03T11:37:03.001583+07:00,419.23218102500005,0.03459958099983851,OK,,True,839,0.104875,,2026-10-03T11:37:03.036190+07:00,419.26678582800014,0.033507791999909387,OK,,True,2176,0.272,
59fb0b3833d04c8cbdd8c1e074671b1d,421,2026-10-03T11:37:03.815661+07:00,420.04625242500015,420.04625242500015,MONITOR,420.16022062799993,0.999979383000209,0.25238397800012535,9.335599997939426e-05,DISABLED,off,user_reported,40.020347595214844,63.38011169433594,1012.138515625,97449.5625,True,True,True,176,0,0,109,176,101,2026-10-03T11:37:03.815743+07:00,420.0463445350001,0.18581261400004223,OK,,True,2026-10-03T11:37:04.001566+07:00,420.23216466700023,0.03336108899975443,OK,,True,862,0.10775,,2026-10-03T11:37:04.034932+07:00,420.26553060800006,0.03309303500009264,OK,,True,2151,0.26887500000000003,
59fb0b3833d04c8cbdd8c1e074671b1d,422,2026-10-03T11:37:04.815679+07:00,421.0462702340001,421.0462702340001,MONITOR,421.16023843699986,1.000017808999928,0.25153744699991876,0.00011116499990748707,DISABLED,off,user_reported,40.020347595214844,63.39348602294922,1012.0971875,97172.140625,True,True,True,176,0,0,109,176,101,2026-10-03T11:37:04.815763+07:00,421.0463648260002,0.1858062799997242,OK,,True,2026-10-03T11:37:05.001581+07:00,421.2321784760002,0.032930332999967504,OK,,True,853,0.106625,,2026-10-03T11:37:05.034511+07:00,421.26511223499983,0.0326802790000329,OK,,True,2164,0.2705,
59fb0b3833d04c8cbdd8c1e074671b1d,423,2026-10-03T11:37:05.815758+07:00,422.04634643300005,422.04634643300005,MONITOR,422.16031463599984,1.0000761989999774,0.254355594000117,0.00018736399988483754,DISABLED,off,user_reported,40.02226257324219,63.3938102722168,1012.0728125,97393.953125,True,True,True,176,0,0,109,176,101,2026-10-03T11:37:05.815855+07:00,422.0464563209998,0.18583963200035214,OK,,True,2026-10-03T11:37:06.001706+07:00,422.23230408200016,0.033010072999786644,OK,,True,862,0.10775,,2026-10-03T11:37:06.034717+07:00,422.2653173220001,0.035366926999813586,OK,,True,2163,0.27037500000000003,
59fb0b3833d04c8cbdd8c1e074671b1d,424,2026-10-03T11:37:06.815670+07:00,423.04626109599985,423.04626109599985,MONITOR,423.16022929899964,0.9999146629997995,0.2535561370000323,0.00010202699968431261,DISABLED,off,user_reported,40.02417755126953,63.387447357177734,1012.1103125,97116.84375,True,True,True,176,0,0,109,176,101,2026-10-03T11:37:06.815748+07:00,423.0463495580002,0.1857893729998068,OK,,True,2026-10-03T11:37:07.001548+07:00,423.23214617199983,0.03295292500024516,OK,,True,857,0.107125,,2026-10-03T11:37:07.034501+07:00,423.2651020600001,0.03470333999985087,OK,,True,2170,0.27125,
59fb0b3833d04c8cbdd8c1e074671b1d,425,2026-10-03T11:37:07.815683+07:00,424.0462743520002,424.0462743520002,MONITOR,424.16024255499997,1.0000132560003294,0.25389644999995653,0.00011528300001373282,DISABLED,off,user_reported,40.02289962768555,63.393917083740234,1012.046328125,97061.609375,True,True,True,176,0,0,109,176,101,2026-10-03T11:37:07.815767+07:00,424.0463689630001,0.1858049839997875,OK,,True,2026-10-03T11:37:08.001583+07:00,424.23218141000007,0.03293914699997913,OK,,True,864,0.108,,2026-10-03T11:37:08.034523+07:00,424.2651235200001,0.0350349489999644,OK,,True,2166,0.27075,
59fb0b3833d04c8cbdd8c1e074671b1d,426,2026-10-03T11:37:08.815674+07:00,425.04626564599994,425.04626564599994,MONITOR,425.1602338489997,0.9999912939997557,0.2526304960001653,0.00010657699976945878,DISABLED,off,user_reported,40.02800750732422,63.381412506103516,1012.102734375,97282.921875,True,True,True,176,0,0,109,176,101,2026-10-03T11:37:08.815755+07:00,425.0463566090002,0.1857950769999661,OK,,True,2026-10-03T11:37:09.001560+07:00,425.2321581860001,0.03299894300016604,OK,,True,859,0.107375,,2026-10-03T11:37:09.034562+07:00,425.265161926,0.033725715999935346,OK,,True,2164,0.2705,
59fb0b3833d04c8cbdd8c1e074671b1d,427,2026-10-03T11:37:09.815659+07:00,426.04625147800016,426.04625147800016,MONITOR,426.16021968099994,0.9999858320002204,0.25167774300007295,9.240899998985697e-05,DISABLED,off,user_reported,40.026729583740234,63.394569396972656,1012.06625,97282.921875,True,True,True,176,0,0,109,176,101,2026-10-03T11:37:09.815738+07:00,426.046339644,0.18579587400017772,OK,,True,2026-10-03T11:37:10.001544+07:00,426.2321423510002,0.032971110999824305,OK,,True,842,0.10525,,2026-10-03T11:37:10.034516+07:00,426.26511685100013,0.0328051480000795,OK,,True,2165,0.270625,
59fb0b3833d04c8cbdd8c1e074671b1d,428,2026-10-03T11:37:10.815728+07:00,427.046315089,427.046315089,MONITOR,427.1602832919998,1.0000636109998595,0.2520117220001339,0.0001560199998493772,DISABLED,off,user_reported,40.03183364868164,63.38874435424805,1012.10890625,97505.234375,True,True,True,176,0,0,109,176,101,2026-10-03T11:37:10.815830+07:00,427.04643160600017,0.18587168799967912,OK,,True,2026-10-03T11:37:11.001714+07:00,427.23231184999986,0.033187090000410535,OK,,True,851,0.106375,,2026-10-03T11:37:11.034902+07:00,427.2655024219998,0.03281679700012319,OK,,True,2169,0.271125,
59fb0b3833d04c8cbdd8c1e074671b1d,429,2026-10-03T11:37:11.815692+07:00,428.046274626,428.046274626,MONITOR,428.1602428289998,0.9999595369999952,0.2631012589999955,0.00011555699984455714,DISABLED,off,user_reported,40.03119659423828,63.38194274902344,1012.14234375,96786.390625,True,True,True,176,0,0,109,176,101,2026-10-03T11:37:11.815851+07:00,428.0464513840002,0.1917293339997741,OK,,True,2026-10-03T11:37:12.007599+07:00,428.2381940330001,0.03605710800002271,OK,,True,858,0.10725,,2026-10-03T11:37:12.043661+07:00,428.27425975200003,0.035099948000151926,OK,,True,2181,0.272625,
59fb0b3833d04c8cbdd8c1e074671b1d,430,2026-10-03T11:37:12.815749+07:00,429.04633053399994,429.04633053399994,MONITOR,429.1602987369997,1.000055907999922,0.2624628010003107,0.0001714649997666129,DISABLED,off,user_reported,40.02800750732422,63.381412506103516,1012.047734375,97116.84375,True,True,True,176,0,0,109,176,101,2026-10-03T11:37:12.815909+07:00,429.04650919999995,0.19176257400022223,OK,,True,2026-10-03T11:37:13.007693+07:00,429.2382870890001,0.035356427999886364,OK,,True,864,0.108,,2026-10-03T11:37:13.043053+07:00,429.27365127600024,0.03512650299990128,OK,,True,2176,0.272,
59fb0b3833d04c8cbdd8c1e074671b1d,431,2026-10-03T11:37:13.815731+07:00,430.04631344400013,430.04631344400013,MONITOR,430.1602816469999,0.9999829100001989,0.262487948999933,0.00015437499996551196,DISABLED,off,user_reported,40.034385681152344,63.38248062133789,1012.071796875,97227.5,True,True,True,176,0,0,109,176,101,2026-10-03T11:37:13.815883+07:00,430.0464829980001,0.1917194269999527,OK,,True,2026-10-03T11:37:14.007623+07:00,430.23821753599987,0.035378354000386025,OK,,True,855,0.106875,,2026-10-03T11:37:14.043006+07:00,430.2736041490002,0.035180687999854854,OK,,True,2179,0.272375,
59fb0b3833d04c8cbdd8c1e074671b1d,432,2026-10-03T11:37:14.815752+07:00,431.0463338909999,431.0463338909999,MONITOR,431.1603020939997,1.0000204469997698,0.26243369000030725,0.00017482199973528623,DISABLED,off,user_reported,40.034385681152344,63.369110107421875,1012.05109375,97227.5,True,True,True,176,0,0,109,176,101,2026-10-03T11:37:14.815912+07:00,431.04651144499985,0.1917215380003654,OK,,True,2026-10-03T11:37:15.007652+07:00,431.2382472610002,0.035355964999780554,OK,,True,859,0.107375,,2026-10-03T11:37:15.043013+07:00,431.27361174399994,0.035138836999976775,OK,,True,2179,0.272375,
59fb0b3833d04c8cbdd8c1e074671b1d,433,2026-10-03T11:37:15.815689+07:00,432.04627978400003,432.04627978400003,MONITOR,432.1602479869998,0.999945893000131,0.2533494369999971,0.00012071499986632261,DISABLED,off,user_reported,40.037574768066406,63.38972091674805,1012.04265625,97116.84375,True,True,True,176,0,0,109,176,101,2026-10-03T11:37:15.815769+07:00,432.04637098700005,0.18601224299982277,OK,,True,2026-10-03T11:37:16.001799+07:00,432.23239517499997,0.034336268000060954,OK,,True,858,0.10725,,2026-10-03T11:37:16.036140+07:00,432.2667373869999,0.03288326000028974,OK,,True,2172,0.2715,
59fb0b3833d04c8cbdd8c1e074671b1d,434,2026-10-03T11:37:16.815678+07:00,433.0462682520001,433.0462682520001,MONITOR,433.1602364549999,0.9999884680000832,0.25163539300001503,0.00010918299994955305,DISABLED,off,user_reported,40.04076385498047,63.37018585205078,1012.088984375,97061.609375,True,True,True,176,0,0,109,176,101,2026-10-03T11:37:16.815759+07:00,433.046361103,0.1858071340002425,OK,,True,2026-10-03T11:37:17.001577+07:00,433.23217507000027,0.032924721999734174,OK,,True,844,0.1055,,2026-10-03T11:37:17.034502+07:00,433.26510264399985,0.03279357500014157,OK,,True,2171,0.27137500000000003,
59fb0b3833d04c8cbdd8c1e074671b1d,435,2026-10-03T11:37:17.815675+07:00,434.04626610900004,434.04626610900004,MONITOR,434.16023431199983,0.9999978569999257,0.2516363929998988,0.00010703999987526913,DISABLED,off,user_reported,40.04204177856445,63.39716339111328,1012.09109375,97172.140625,True,True,True,176,0,0,109,176,101,2026-10-03T11:37:17.815756+07:00,434.046357275,0.18580733799990412,OK,,True,2026-10-03T11:37:18.001575+07:00,434.23217238999996,0.032926111000051606,OK,,True,868,0.1085,,2026-10-03T11:37:18.034500+07:00,434.26510120500006,0.03279335299976083,OK,,True,2157,0.269625,
59fb0b3833d04c8cbdd8c1e074671b1d,436,2026-10-03T11:37:18.815660+07:00,435.04625233700017,435.04625233700017,MONITOR,435.16022053999995,0.9999862280001253,0.25186774399981005,9.326800000053481e-05,DISABLED,off,user_reported,40.04714584350586,63.3846435546875,1012.12703125,97061.609375,True,True,True,176,0,0,109,176,101,2026-10-03T11:37:18.815740+07:00,435.04634213300005,0.1857877819998066,OK,,True,2026-10-03T11:37:19.001537+07:00,435.2321366750002,0.03320433099997899,OK,,True,845,0.105625,,2026-10-03T11:37:19.034743+07:00,435.26534395,0.032767946000149095,OK,,True,2177,0.272125,
59fb0b3833d04c8cbdd8c1e074671b1d,437,2026-10-03T11:37:19.815679+07:00,436.04627040000014,436.04627040000014,MONITOR,436.1602386029999,1.0000180629999704,0.2516861149997567,0.00011133099997095997,DISABLED,off,user_reported,40.04778289794922,63.37807083129883,1012.100390625,96786.390625,True,True,True,176,0,0,109,176,101,2026-10-03T11:37:19.815761+07:00,436.0463631769999,0.18580056000018885,OK,,True,2026-10-03T11:37:20.001573+07:00,436.2321708300001,0.03293003699991459,OK,,True,843,0.105375,,2026-10-03T11:37:20.034503+07:00,436.26510410699984,0.032845704999999725,OK,,True,2172,0.2715,
59fb0b3833d04c8cbdd8c1e074671b1d,438,2026-10-03T11:37:20.815729+07:00,437.0463121480002,437.0463121480002,MONITOR,437.160280351,1.0000417480000579,0.2621946559997923,0.0001530790000288107,DISABLED,off,user_reported,40.04331970214844,63.390689849853516,1012.10703125,97172.140625,True,True,True,176,0,0,109,176,101,2026-10-03T11:37:20.815884+07:00,437.0464844799999,0.19194840800037127,OK,,True,2026-10-03T11:37:21.007862+07:00,437.23845438800026,0.0357379989995934,OK,,True,833,0.104125,,2026-10-03T11:37:21.043604+07:00,437.2742004060001,0.034284231000128784,OK,,True,2167,0.27087500000000003,
59fb0b3833d04c8cbdd8c1e074671b1d,439,2026-10-03T11:37:21.815676+07:00,438.04626630500024,438.04626630500024,MONITOR,438.16023450800003,0.9999541570000474,0.2516623939995952,0.00010723600007622736,DISABLED,off,user_reported,40.0465087890625,63.37117004394531,1012.077890625,96676.734375,True,True,True,176,0,0,109,176,101,2026-10-03T11:37:21.815757+07:00,438.04635886000005,0.18580752400021083,OK,,True,2026-10-03T11:37:22.001576+07:00,438.23217429099986,0.03293146300029548,OK,,True,860,0.1075,,2026-10-03T11:37:22.034508+07:00,438.26510875400027,0.03281251899989002,OK,,True,2172,0.2715,
59fb0b3833d04c8cbdd8c1e074671b1d,440,2026-10-03T11:37:22.815673+07:00,439.0462642960001,439.0462642960001,MONITOR,439.1602324989999,0.9999979909998729,0.25170631999981197,0.0001052269999490818,DISABLED,off,user_reported,40.05289077758789,63.3856201171875,1012.060546875,96622.0078125,True,True,True,176,0,0,109,176,101,2026-10-03T11:37:22.815754+07:00,439.04635572100005,0.18579780199979723,OK,,True,2026-10-03T11:37:23.001562+07:00,439.2321604859999,0.032963240000299265,OK,,True,846,0.10575,,2026-10-03T11:37:23.034526+07:00,439.26512659699983,0.03283620400043219,OK,,True,2163,0.27037500000000003,
59fb0b3833d04c8cbdd8c1e074671b1d,441,2026-10-03T11:37:23.815676+07:00,440.0462673060001,440.0462673060001,MONITOR,440.1602355089999,1.0000030100000004,0.25170748699974865,0.00010823699994944036,DISABLED,off,user_reported,40.05289077758789,63.37224197387695,1012.08125,96951.3359375,True,True,True,176,0,0,109,176,101,2026-10-03T11:37:23.815756+07:00,440.04635819500027,0.18580187499992462,OK,,True,2026-10-03T11:37:24.001570+07:00,440.23216794100017,0.0329553879996638,OK,,True,865,0.108125,,2026-10-03T11:37:24.034526+07:00,440.26512666300005,0.03284087100018951,OK,,True,2174,0.27175,
59fb0b3833d04c8cbdd8c1e074671b1d,442,2026-10-03T11:37:24.815675+07:00,441.04626668799983,441.04626668799983,MONITOR,441.1602348909996,0.9999993819997144,0.25164835700024923,0.00010761899966382771,DISABLED,off,user_reported,40.05225372314453,63.378814697265625,1012.059609375,96731.53125,True,True,True,176,0,0,109,176,101,2026-10-03T11:37:24.815756+07:00,441.0463576689999,0.18580017200019938,OK,,True,2026-10-03T11:37:25.001568+07:00,441.23216608099983,0.03293238900005235,OK,,True,851,0.106375,,2026-10-03T11:37:25.034501+07:00,441.26510176700003,0.03280592600003729,OK,,True,2177,0.272125,
59fb0b3833d04c8cbdd8c1e074671b1d,443,2026-10-03T11:37:25.815665+07:00,442.0462567180002,442.0462567180002,MONITOR,442.160224921,0.9999900300003901,0.2521142069999769,9.764900005393429e-05,DISABLED,off,user_reported,40.05416488647461,63.379154205322266,1012.062578125,96896.2890625,True,True,True,176,0,0,109,176,101,2026-10-03T11:37:25.815744+07:00,442.046346051,0.18579109800020888,OK,,True,2026-10-03T11:37:26.001546+07:00,442.23214453799983,0.033227813000394235,OK,,True,858,0.10725,,2026-10-03T11:37:26.034776+07:00,442.2653757950002,0.03296831499983455,OK,,True,2156,0.2695,
59fb0b3833d04c8cbdd8c1e074671b1d,444,2026-10-03T11:37:26.815680+07:00,443.04627149,443.04627149,MONITOR,443.16023969299977,1.0000147719997585,0.2517102470001191,0.00011242099981245701,DISABLED,off,user_reported,40.05607986450195,63.372779846191406,1012.065703125,96951.3359375,True,True,True,176,0,0,109,176,101,2026-10-03T11:37:26.815758+07:00,443.0463602300001,0.18579724699975486,OK,,True,2026-10-03T11:37:27.001566+07:00,443.23216432900017,0.032951684999716235,OK,,True,842,0.10525,,2026-10-03T11:37:27.034518+07:00,443.265118884,0.03285601900006441,OK,,True,2172,0.2715,
59fb0b3833d04c8cbdd8c1e074671b1d,445,2026-10-03T11:37:27.815676+07:00,444.0462667070001,444.0462667070001,MONITOR,444.1602349099999,0.9999952170001052,0.25190950500018516,0.00010763799991764245,DISABLED,off,user_reported,40.058631896972656,63.3865966796875,1012.049296875,97116.84375,True,True,True,176,0,0,109,176,101,2026-10-03T11:37:27.815756+07:00,444.04635750299985,0.1858077280003272,OK,,True,2026-10-03T11:37:28.001575+07:00,444.23217297200017,0.03299833299979582,OK,,True,862,0.10775,,2026-10-03T11:37:28.034577+07:00,444.26517589700006,0.03299042600019675,OK,,True,2178,0.27225,
59fb0b3833d04c8cbdd8c1e074671b1d,446,2026-10-03T11:37:28.815658+07:00,445.0462504440002,445.0462504440002,MONITOR,445.16021864699997,0.9999837370000932,0.2517214689996763,9.137500001088483e-05,DISABLED,off,user_reported,40.060546875,63.380226135253906,1012.086796875,96951.3359375,True,True,True,176,0,0,109,176,101,2026-10-03T11:37:28.815736+07:00,445.04633794300025,0.18579482099994493,OK,,True,2026-10-03T11:37:29.001541+07:00,445.23213996799996,0.03297831500003667,OK,,True,851,0.106375,,2026-10-03T11:37:29.034521+07:00,445.2651214120001,0.03284277900002053,OK,,True,2176,0.272,
59fb0b3833d04c8cbdd8c1e074671b1d,447,2026-10-03T11:37:29.815672+07:00,446.04626370000005,446.04626370000005,MONITOR,446.16023190299984,1.0000132559998747,0.25173393200020655,0.00010463099988555769,DISABLED,off,user_reported,40.0630989074707,63.387351989746094,1012.0634375,96731.53125,True,True,True,176,0,0,109,176,101,2026-10-03T11:37:29.815752+07:00,446.04635349599994,0.1858068579999781,OK,,True,2026-10-03T11:37:30.001569+07:00,446.2321679649999,0.03296481400002449,OK,,True,851,0.106375,,2026-10-03T11:37:30.034535+07:00,446.26513592799984,0.032853945000169915,OK,,True,2159,0.26987500000000003,
59fb0b3833d04c8cbdd8c1e074671b1d,448,2026-10-03T11:37:30.815669+07:00,447.0462611419998,447.0462611419998,MONITOR,447.1602293449996,0.999997441999767,0.2517282840003645,0.00010207299965259153,DISABLED,off,user_reported,40.0630989074707,63.387351989746094,1012.077265625,97006.4453125,True,True,True,176,0,0,109,176,101,2026-10-03T11:37:30.815750+07:00,447.04635145600014,0.1858119319999787,OK,,True,2026-10-03T11:37:31.001572+07:00,447.2321704619999,0.03295987100000275,OK,,True,854,0.10675,,2026-10-03T11:37:31.034533+07:00,447.265133462,0.03284789000008459,OK,,True,2173,0.271625,
59fb0b3833d04c8cbdd8c1e074671b1d,449,2026-10-03T11:37:31.815676+07:00,448.0462668989999,448.0462668989999,MONITOR,448.16023510199966,1.0000057570000536,0.25170991400000275,0.00010782999970615492,DISABLED,off,user_reported,40.065650939941406,63.38108825683594,1012.067578125,96896.2890625,True,True,True,176,0,0,109,176,101,2026-10-03T11:37:31.815758+07:00,448.04635993600004,0.18581126500021128,OK,,True,2026-10-03T11:37:32.001579+07:00,448.232177461,0.03294681399984256,OK,,True,851,0.106375,,2026-10-03T11:37:32.034526+07:00,448.26512734900007,0.03284150099989347,OK,,True,2168,0.271,
59fb0b3833d04c8cbdd8c1e074671b1d,450,2026-10-03T11:37:32.815668+07:00,449.0462597320002,449.0462597320002,MONITOR,449.16022793499997,0.9999928330003058,0.2520046709996677,0.00010066300001199124,DISABLED,off,user_reported,40.065650939941406,63.38108825683594,1012.060703125,96896.2890625,True,True,True,176,0,0,109,176,101,2026-10-03T11:37:32.815749+07:00,449.04635100899986,0.18581674699998985,OK,,True,2026-10-03T11:37:33.001577+07:00,449.23217520000026,0.03324718399971971,OK,,True,855,0.106875,,2026-10-03T11:37:33.034825+07:00,449.2654259390001,0.032831278999765345,OK,,True,2169,0.271125,
59fb0b3833d04c8cbdd8c1e074671b1d,451,2026-10-03T11:37:33.815652+07:00,450.0462435280001,450.0462435280001,MONITOR,450.1602117309999,0.999983795999924,0.2517252849997931,8.445899993603234e-05,DISABLED,off,user_reported,40.068199157714844,63.37482833862305,1012.085390625,96786.390625,True,True,True,176,0,0,109,176,101,2026-10-03T11:37:33.815734+07:00,450.0463362119999,0.18580908100011584,OK,,True,2026-10-03T11:37:34.001555+07:00,450.2321520710002,0.03296568499990826,OK,,True,827,0.10337500000000001,,2026-10-03T11:37:34.034520+07:00,450.26512086699995,0.032840520000263496,OK,,True,2161,0.270125,
59fb0b3833d04c8cbdd8c1e074671b1d,452,2026-10-03T11:37:34.815673+07:00,451.0462645470002,451.0462645470002,MONITOR,451.16023275,1.000021019000087,0.251677006999671,0.00010547800002314034,DISABLED,off,user_reported,40.06501007080078,63.38767623901367,1012.05953125,96622.0078125,True,True,True,176,0,0,109,176,101,2026-10-03T11:37:34.815754+07:00,451.046355769,0.1858210059999692,OK,,True,2026-10-03T11:37:35.001586+07:00,451.232184553,0.03292576000012559,OK,,True,841,0.105125,,2026-10-03T11:37:35.034512+07:00,451.2651131460002,0.032820537999668886,OK,,True,2174,0.27175,
59fb0b3833d04c8cbdd8c1e074671b1d,453,2026-10-03T11:37:35.815679+07:00,452.0462701780002,452.0462701780002,MONITOR,452.160238381,1.0000056310000218,0.2516703599999346,0.00011110900004496216,DISABLED,off,user_reported,40.074581146240234,63.369224548339844,1012.08203125,96349.265625,True,True,True,176,0,0,109,176,101,2026-10-03T11:37:35.815762+07:00,452.04636414000015,0.1858050809996712,OK,,True,2026-10-03T11:37:36.001578+07:00,452.2321764620001,0.03293377799991504,OK,,True,846,0.10575,,2026-10-03T11:37:36.034512+07:00,452.265112907,0.03282014900014474,OK,,True,2164,0.2705,
59fb0b3833d04c8cbdd8c1e074671b1d,454,2026-10-03T11:37:36.815728+07:00,453.04630973500025,453.04630973500025,MONITOR,453.16027793800004,1.0000395570000364,0.26262943499978064,0.00015066600008140085,DISABLED,off,user_reported,40.07075500488281,63.381954193115234,1012.0896875,96676.734375,True,True,True,176,0,0,109,176,101,2026-10-03T11:37:36.815889+07:00,453.0464887530002,0.1917590600000949,OK,,True,2026-10-03T11:37:37.007667+07:00,453.2382621830002,0.035445575999801804,OK,,True,851,0.106375,,2026-10-03T11:37:37.043119+07:00,453.27371659200026,0.03520516999969914,OK,,True,2176,0.272,
59fb0b3833d04c8cbdd8c1e074671b1d,455,2026-10-03T11:37:37.815748+07:00,454.0463299050002,454.0463299050002,MONITOR,454.160298108,1.0000201699999707,0.26257886099983807,0.000170836000052077,DISABLED,off,user_reported,40.07139205932617,63.39544677734375,1012.083671875,96676.734375,True,True,True,176,0,0,109,176,101,2026-10-03T11:37:37.815910+07:00,454.0465099779999,0.19175748600036968,OK,,True,2026-10-03T11:37:38.007687+07:00,454.23828187100025,0.03538703899994289,OK,,True,863,0.107875,,2026-10-03T11:37:38.043077+07:00,454.2736762069999,0.03521581800032436,OK,,True,2177,0.272125,
59fb0b3833d04c8cbdd8c1e074671b1d,456,2026-10-03T11:37:38.815750+07:00,455.04633150100017,455.04633150100017,MONITOR,455.16029970399995,1.0000015959999473,0.26299854399985634,0.00017243199999938952,DISABLED,off,user_reported,40.07649612426758,63.36954116821289,1012.098828125,96024.0078125,True,True,True,176,0,0,109,176,101,2026-10-03T11:37:38.815912+07:00,455.046512074,0.1921150950001902,OK,,True,2026-10-03T11:37:39.008048+07:00,455.23864196500017,0.03545433499994033,OK,,True,868,0.1085,,2026-10-03T11:37:39.043506+07:00,455.2741041710001,0.035209076999763056,OK,,True,2176,0.272,
59fb0b3833d04c8cbdd8c1e074671b1d,457,2026-10-03T11:37:39.815742+07:00,456.04632419100017,456.04632419100017,MONITOR,456.16029239399995,0.9999926899999991,0.26328946800003905,0.00016512199999851873,DISABLED,off,user_reported,40.075218200683594,63.38271713256836,1012.069296875,96567.3359375,True,True,True,176,0,0,109,176,101,2026-10-03T11:37:39.815905+07:00,456.04650498599995,0.19175237500030562,OK,,True,2026-10-03T11:37:40.007675+07:00,456.2382704910001,0.03607729399982418,OK,,True,862,0.10775,,2026-10-03T11:37:40.043759+07:00,456.2743570440002,0.03523885499998869,OK,,True,2171,0.27137500000000003,
59fb0b3833d04c8cbdd8c1e074671b1d,458,2026-10-03T11:37:40.815955+07:00,457.046537362,457.046537362,MONITOR,457.16050556499977,1.0002131709998139,0.26255034299992985,0.00037829299981240183,DISABLED,off,user_reported,40.080326080322266,63.38357925415039,1012.070625,96731.53125,True,True,True,176,0,0,109,176,101,2026-10-03T11:37:40.816116+07:00,457.04671619400006,0.19175491199985117,OK,,True,2026-10-03T11:37:41.007888+07:00,457.2384832910002,0.035417594999671564,OK,,True,852,0.1065,,2026-10-03T11:37:41.043311+07:00,457.2739092380002,0.03516089300001113,OK,,True,2173,0.271625,
59fb0b3833d04c8cbdd8c1e074671b1d,459,2026-10-03T11:37:41.815671+07:00,458.0462626110002,458.0462626110002,MONITOR,458.160230814,0.9997252490002211,0.2517143049999504,0.00010354200003348524,DISABLED,off,user_reported,40.08478927612305,63.391021728515625,1012.098671875,96731.53125,True,True,True,176,0,0,109,176,101,2026-10-03T11:37:41.815750+07:00,458.04635209200023,0.18580647099997805,OK,,True,2026-10-03T11:37:42.001566+07:00,458.232164989,0.03295101799994882,OK,,True,849,0.106125,,2026-10-03T11:37:42.034520+07:00,458.26511973000015,0.03284875999997894,OK,,True,2174,0.27175,
59fb0b3833d04c8cbdd8c1e074671b1d,460,2026-10-03T11:37:42.815679+07:00,459.046269766,459.046269766,MONITOR,459.1602379689998,1.000007154999821,0.2516977680002128,0.00011069699985455372,DISABLED,off,user_reported,40.080963134765625,63.37698745727539,1012.07859375,96622.0078125,True,True,True,176,0,0,109,176,101,2026-10-03T11:37:42.815761+07:00,459.0463631540001,0.185800823000136,OK,,True,2026-10-03T11:37:43.001571+07:00,459.23216980999996,0.03294987100025537,OK,,True,836,0.1045,,2026-10-03T11:37:43.034524+07:00,459.2651236259999,0.03283620399997744,OK,,True,2170,0.27125,
59fb0b3833d04c8cbdd8c1e074671b1d,461,2026-10-03T11:37:43.815672+07:00,460.04626357000006,460.04626357000006,MONITOR,460.16023177299985,0.9999938040000416,0.25172697200014227,0.00010450099989611772,DISABLED,off,user_reported,40.085426330566406,63.377750396728516,1012.092734375,96512.7265625,True,True,True,176,0,0,109,176,101,2026-10-03T11:37:43.815753+07:00,460.04635443999996,0.18579549000014595,OK,,True,2026-10-03T11:37:44.001557+07:00,460.23215555900015,0.032972796999729326,OK,,True,845,0.105625,,2026-10-03T11:37:44.034532+07:00,460.26513198500015,0.032850983000116685,OK,,True,2170,0.27125,
59fb0b3833d04c8cbdd8c1e074671b1d,462,2026-10-03T11:37:44.815671+07:00,461.0462635230001,461.0462635230001,MONITOR,461.1602317259999,0.9999999530000423,0.2517535269998916,0.0001044539999384142,DISABLED,off,user_reported,40.085426330566406,63.371055603027344,1012.0790625,96512.7265625,True,True,True,176,0,0,109,176,101,2026-10-03T11:37:44.815755+07:00,461.0463568,0.18580739700018967,OK,,True,2026-10-03T11:37:45.001572+07:00,461.2321704010001,0.0329729629997928,OK,,True,852,0.1065,,2026-10-03T11:37:45.034548+07:00,461.26514701199994,0.032861502000287146,OK,,True,2170,0.27125,
59fb0b3833d04c8cbdd8c1e074671b1d,463,2026-10-03T11:37:45.815675+07:00,462.04626688400003,462.04626688400003,MONITOR,462.1602350869998,1.0000033609999264,0.2517577319999873,0.00010781499986478593,DISABLED,off,user_reported,40.089256286621094,63.371707916259766,1012.057734375,96294.90625,True,True,True,176,0,0,109,176,101,2026-10-03T11:37:45.815756+07:00,462.0463575130002,0.18580225000005157,OK,,True,2026-10-03T11:37:46.001566+07:00,462.23216498500005,0.0329825929998151,OK,,True,865,0.108125,,2026-10-03T11:37:46.034552+07:00,462.26515157799986,0.03286511200030873,OK,,True,2166,0.27075,
59fb0b3833d04c8cbdd8c1e074671b1d,464,2026-10-03T11:37:46.815659+07:00,463.04624981999996,463.04624981999996,MONITOR,463.16021802299974,0.9999829359999239,0.25208721099988907,9.075099978872458e-05,DISABLED,off,user_reported,40.088619232177734,63.36491775512695,1012.084140625,96132.1796875,True,True,True,176,0,0,109,176,101,2026-10-03T11:37:46.815740+07:00,463.04634202399984,0.1858223040003395,OK,,True,2026-10-03T11:37:47.001575+07:00,463.23217258800014,0.033268868000050134,OK,,True,852,0.1065,,2026-10-03T11:37:47.034846+07:00,463.26544540099985,0.03288307499997245,OK,,True,2171,0.27137500000000003,
59fb0b3833d04c8cbdd8c1e074671b1d,465,2026-10-03T11:37:47.815694+07:00,464.0462856270001,464.0462856270001,MONITOR,464.1602538299999,1.0000358070001312,0.25173725100012234,0.00012655799991989625,DISABLED,off,user_reported,40.088619232177734,63.378292083740234,1012.049765625,96622.0078125,True,True,True,176,0,0,109,176,101,2026-10-03T11:37:47.815776+07:00,464.0463778120002,0.18580832399993596,OK,,True,2026-10-03T11:37:48.001593+07:00,464.2321913760002,0.0329796669998359,OK,,True,855,0.106875,,2026-10-03T11:37:48.034576+07:00,464.2651752840002,0.03284007499996733,OK,,True,2164,0.2705,
59fb0b3833d04c8cbdd8c1e074671b1d,466,2026-10-03T11:37:48.815674+07:00,465.04626500899985,465.04626500899985,MONITOR,465.16023321199964,0.9999793819997649,0.25176288100010424,0.00010593999968477874,DISABLED,off,user_reported,40.08989715576172,63.3718147277832,1012.024296875,96567.3359375,True,True,True,176,0,0,109,176,101,2026-10-03T11:37:48.815756+07:00,465.0463576940001,0.18580950900013704,OK,,True,2026-10-03T11:37:49.001576+07:00,465.23217468400026,0.03298838999990039,OK,,True,851,0.106375,,2026-10-03T11:37:49.034568+07:00,465.26516748099993,0.03285288999995828,OK,,True,2164,0.2705,
59fb0b3833d04c8cbdd8c1e074671b1d,467,2026-10-03T11:37:49.815761+07:00,466.046353447,466.046353447,MONITOR,466.1603216499998,1.000088438000148,0.25191767600017556,0.00019437799983279547,DISABLED,off,user_reported,40.09308624267578,63.39242935180664,1012.08453125,96240.6015625,True,True,True,176,0,0,109,176,101,2026-10-03T11:37:49.815840+07:00,466.04644148399984,0.18593617500027904,OK,,True,2026-10-03T11:37:50.001787+07:00,466.23238525099987,0.03303529699996943,OK,,True,832,0.10400000000000001,,2026-10-03T11:37:50.034827+07:00,466.26542536199986,0.0328379649999988,OK,,True,2173,0.271625,
59fb0b3833d04c8cbdd8c1e074671b1d,468,2026-10-03T11:37:50.815691+07:00,467.04628312800014,467.04628312800014,MONITOR,467.1602513309999,0.9999296810001397,0.2518797499997163,0.00012405899997247616,DISABLED,off,user_reported,40.102657318115234,63.380672454833984,1012.079375,96294.90625,True,True,True,176,0,0,109,176,101,2026-10-03T11:37:50.815767+07:00,467.0463691089999,0.18585258300026908,OK,,True,2026-10-03T11:37:51.001631+07:00,467.2322294139999,0.03306688900011068,OK,,True,830,0.10375000000000001,,2026-10-03T11:37:51.034701+07:00,467.2652998950002,0.032855167999969126,OK,,True,2175,0.27187500000000003,
59fb0b3833d04c8cbdd8c1e074671b1d,469,2026-10-03T11:37:51.815779+07:00,468.0463715300002,468.0463715300002,MONITOR,468.160339733,1.000088402000074,0.2519013799997083,0.00021246100004645996,DISABLED,off,user_reported,40.09691619873047,63.3663215637207,1012.08375,96512.7265625,True,True,True,176,0,0,109,176,101,2026-10-03T11:37:51.815857+07:00,468.04645871499997,0.18586262000007991,OK,,True,2026-10-03T11:37:52.001731+07:00,468.23232883499986,0.03306274000033227,OK,,True,846,0.10575,,2026-10-03T11:37:52.034797+07:00,468.26539596400016,0.0328693349997593,OK,,True,2177,0.272125,
59fb0b3833d04c8cbdd8c1e074671b1d,470,2026-10-03T11:37:52.815651+07:00,469.04624480500024,469.04624480500024,MONITOR,469.160213008,0.9998732750000272,0.2517313249995823,8.573600007366622e-05,DISABLED,off,user_reported,40.10010528564453,63.37354278564453,1012.075234375,96240.6015625,True,True,True,176,0,0,109,176,101,2026-10-03T11:37:52.815727+07:00,469.0463287299999,0.18582975100025578,OK,,True,2026-10-03T11:37:53.001569+07:00,469.23216675799995,0.032956389999981184,OK,,True,854,0.10675,,2026-10-03T11:37:53.034527+07:00,469.26512733300024,0.032840778999798204,OK,,True,2167,0.27087500000000003,
59fb0b3833d04c8cbdd8c1e074671b1d,471,2026-10-03T11:37:53.815657+07:00,470.04625020899994,470.04625020899994,MONITOR,470.1602184119997,1.000005403999694,0.2520028240001011,9.113999976761988e-05,DISABLED,off,user_reported,40.102657318115234,63.37398147583008,1012.065625,96240.6015625,True,True,True,176,0,0,109,176,101,2026-10-03T11:37:53.815731+07:00,470.04633278300025,0.18581045399969298,OK,,True,2026-10-03T11:37:54.001553+07:00,470.2321514959999,0.03324998100015364,OK,,True,850,0.10625,,2026-10-03T11:37:54.034806+07:00,470.26540519900027,0.03283911199969225,OK,,True,2169,0.271125,
59fb0b3833d04c8cbdd8c1e074671b1d,472,2026-10-03T11:37:54.815654+07:00,471.046247281,471.046247281,MONITOR,471.16021548399976,0.999997072000042,0.2517378820002705,8.821199980957317e-05,DISABLED,off,user_reported,40.10712432861328,63.374725341796875,1012.100390625,96458.1796875,True,True,True,176,0,0,109,176,101,2026-10-03T11:37:54.815733+07:00,471.04633478100004,0.18580824999980905,OK,,True,2026-10-03T11:37:55.001553+07:00,471.23215090199983,0.03297781500032215,OK,,True,857,0.107125,,2026-10-03T11:37:55.034533+07:00,471.2651324389999,0.032842946000073425,OK,,True,2167,0.27087500000000003,
59fb0b3833d04c8cbdd8c1e074671b1d,473,2026-10-03T11:37:55.815657+07:00,472.0462501500001,472.0462501500001,MONITOR,472.1602183529999,1.0000028690001272,0.25181080699985614,9.108099993682117e-05,DISABLED,off,user_reported,40.10967254638672,63.36848068237305,1012.077109375,96024.0078125,True,True,True,176,0,0,109,176,101,2026-10-03T11:37:55.815734+07:00,472.0463360389999,0.18591110200031835,OK,,True,2026-10-03T11:37:56.001657+07:00,472.2322550849999,0.032978426000227046,OK,,True,852,0.1065,,2026-10-03T11:37:56.034637+07:00,472.265237178,0.03281568700003845,OK,,True,2167,0.27087500000000003,
59fb0b3833d04c8cbdd8c1e074671b1d,474,2026-10-03T11:37:56.815657+07:00,473.0462497419999,473.0462497419999,MONITOR,473.16021794499966,0.9999995919997673,0.2517100860000028,9.067299970411113e-05,DISABLED,off,user_reported,40.11541748046875,63.38951110839844,1012.058828125,96024.0078125,True,True,True,176,0,0,109,176,101,2026-10-03T11:37:56.815734+07:00,473.0463355940001,0.18581110200011608,OK,,True,2026-10-03T11:37:57.001556+07:00,473.23215421500026,0.03296653699999297,OK,,True,844,0.1055,,2026-10-03T11:37:57.034525+07:00,473.265124345,0.032827741999881255,OK,,True,2162,0.27025,
59fb0b3833d04c8cbdd8c1e074671b1d,475,2026-10-03T11:37:57.815662+07:00,474.0462546869999,474.0462546869999,MONITOR,474.16022288999966,1.0000049450000006,0.2517121410000982,9.56179997047002e-05,DISABLED,off,user_reported,40.11414337158203,63.36923599243164,1012.07046875,96403.6875,True,True,True,176,0,0,109,176,101,2026-10-03T11:37:57.815740+07:00,474.04634142700024,0.18580558399980873,OK,,True,2026-10-03T11:37:58.001557+07:00,474.2321544189999,0.03296796299991911,OK,,True,867,0.108375,,2026-10-03T11:37:58.034527+07:00,474.2651263450002,0.03283292799960691,OK,,True,2170,0.27125,
59fb0b3833d04c8cbdd8c1e074671b1d,476,2026-10-03T11:37:58.815651+07:00,475.0462443360002,475.0462443360002,MONITOR,475.160212539,0.9999896490003266,0.251716401000067,8.526700003130827e-05,DISABLED,off,user_reported,40.1109504699707,63.362003326416016,1012.072109375,95916.0703125,True,True,True,176,0,0,109,176,101,2026-10-03T11:37:58.815729+07:00,475.04633031699996,0.18580543600000965,OK,,True,2026-10-03T11:37:59.001546+07:00,475.2321435680001,0.032981351999751496,OK,,True,859,0.107375,,2026-10-03T11:37:59.034529+07:00,475.2651284570002,0.03282500199975402,OK,,True,2161,0.270125,
59fb0b3833d04c8cbdd8c1e074671b1d,477,2026-10-03T11:37:59.815651+07:00,476.04624428199986,476.04624428199986,MONITOR,476.16021248499965,0.9999999459996616,0.25172675300018454,8.52129996928852e-05,DISABLED,off,user_reported,40.11796951293945,63.37657165527344,1012.08359375,96896.2890625,True,True,True,176,0,0,109,176,101,2026-10-03T11:37:59.815726+07:00,476.04632791099993,0.18580577000011544,OK,,True,2026-10-03T11:38:00.001544+07:00,476.23214143999985,0.03300672300019869,OK,,True,842,0.10525,,2026-10-03T11:38:00.034552+07:00,476.26515188500025,0.03281131699986872,OK,,True,2169,0.271125,
59fb0b3833d04c8cbdd8c1e074671b1d,478,2026-10-03T11:38:00.815652+07:00,477.0462446729998,477.0462446729998,MONITOR,477.1602128759996,1.0000003909999577,0.2519928440001422,8.56039996506297e-05,DISABLED,off,user_reported,40.11605453491211,63.37624740600586,1012.10109375,96240.6015625,True,True,True,176,0,0,109,176,101,2026-10-03T11:38:00.815729+07:00,477.0463310800001,0.1858071030001156,OK,,True,2026-10-03T11:38:01.001549+07:00,477.2321463500002,0.03326331399966875,OK,,True,846,0.10575,,2026-10-03T11:38:01.034814+07:00,477.26541395999993,0.03281507600013356,OK,,True,2167,0.27087500000000003,
59fb0b3833d04c8cbdd8c1e074671b1d,479,2026-10-03T11:38:01.815656+07:00,478.0462482319999,478.0462482319999,MONITOR,478.1602164349997,1.0000035590001062,0.25170436500002324,8.916299975680886e-05,DISABLED,off,user_reported,40.11924362182617,63.37678527832031,1012.099296875,96349.265625,True,True,True,176,0,0,109,176,101,2026-10-03T11:38:01.815740+07:00,478.04634175,0.18580840000004173,OK,,True,2026-10-03T11:38:02.001560+07:00,478.2321580570001,0.032962186000077054,OK,,True,852,0.1065,,2026-10-03T11:38:02.034524+07:00,478.265123613,0.032820891000028496,OK,,True,2172,0.2715,
59fb0b3833d04c8cbdd8c1e074671b1d,480,2026-10-03T11:38:02.815662+07:00,479.04625606900026,479.04625606900026,MONITOR,479.16022427200005,1.0000078370003394,0.25169510599971545,9.700000009615906e-05,DISABLED,off,user_reported,40.12307357788086,63.377437591552734,1012.091875,96078.0625,True,True,True,176,0,0,109,176,101,2026-10-03T11:38:02.815738+07:00,479.0463395500001,0.1858073069997772,OK,,True,2026-10-03T11:38:03.001556+07:00,479.23215424599994,0.03296881599999324,OK,,True,850,0.10625,,2026-10-03T11:38:03.034527+07:00,479.26512684,0.03281653800013373,OK,,True,2169,0.271125,
59fb0b3833d04c8cbdd8c1e074671b1d,481,2026-10-03T11:38:03.815655+07:00,480.04624875900026,480.04624875900026,MONITOR,480.16021696200005,0.9999926899999991,0.25173112399988895,8.969000009528827e-05,DISABLED,off,user_reported,40.12179946899414,63.370521545410156,1012.0828125,95916.0703125,True,True,True,176,0,0,109,176,101,2026-10-03T11:38:03.815731+07:00,480.0463328139999,0.1857975110001462,OK,,True,2026-10-03T11:38:04.001540+07:00,480.2321375659999,0.03299455600017609,OK,,True,860,0.1075,,2026-10-03T11:38:04.034536+07:00,480.26513626999986,0.032835835000241786,OK,,True,2173,0.271625,
59fb0b3833d04c8cbdd8c1e074671b1d,482,2026-10-03T11:38:04.815653+07:00,481.0462471169999,481.0462471169999,MONITOR,481.1602153199997,0.9999983579996297,0.25173821600037627,8.804799972494948e-05,DISABLED,off,user_reported,40.12562561035156,63.38456344604492,1012.1096875,96132.1796875,True,True,True,176,0,0,109,176,101,2026-10-03T11:38:04.815729+07:00,481.04633074599997,0.18581023300021116,OK,,True,2026-10-03T11:38:05.001551+07:00,481.23214888600023,0.03299288999960481,OK,,True,819,0.10237500000000001,,2026-10-03T11:38:05.034546+07:00,481.26514590600027,0.03283144599981824,OK,,True,2169,0.271125,
59fb0b3833d04c8cbdd8c1e074671b1d,483,2026-10-03T11:38:05.815660+07:00,482.0462515670001,482.0462515670001,MONITOR,482.1602197699999,1.0000044500002332,0.2516903470000216,9.249799995814101e-05,DISABLED,off,user_reported,40.12689971923828,63.364707946777344,1012.05671875,95862.1953125,True,True,True,176,0,0,109,176,101,2026-10-03T11:38:05.815742+07:00,482.0463441040001,0.1858066219997454,OK,,True,2026-10-03T11:38:06.001560+07:00,482.2321582630002,0.032939446000000316,OK,,True,854,0.10675,,2026-10-03T11:38:06.034500+07:00,482.26510041200027,0.03283376099989255,OK,,True,2169,0.271125,
59fb0b3833d04c8cbdd8c1e074671b1d,484,2026-10-03T11:38:06.815703+07:00,483.0462882040001,483.0462882040001,MONITOR,483.1602564069999,1.0000366369999938,0.26238920100013274,0.00012913499995192979,DISABLED,off,user_reported,40.12626266479492,63.37797546386719,1012.096953125,95970.0078125,True,True,True,176,0,0,109,176,101,2026-10-03T11:38:06.815846+07:00,483.04644599899984,0.19152295399999275,OK,,True,2026-10-03T11:38:07.007390+07:00,483.23798399,0.03545094800028892,OK,,True,854,0.10675,,2026-10-03T11:38:07.042848+07:00,483.27344454900003,0.03521313300007023,OK,,True,2177,0.272125,
59fb0b3833d04c8cbdd8c1e074671b1d,485,2026-10-03T11:38:07.815694+07:00,484.0462817480002,484.0462817480002,MONITOR,484.16024995099997,0.9999935440000627,0.26286538399972414,0.00012267900001461385,DISABLED,off,user_reported,40.13009262084961,63.37193298339844,1012.11703125,95862.1953125,True,True,True,176,0,0,109,176,101,2026-10-03T11:38:07.815818+07:00,484.04641917300023,0.1913498819999404,OK,,True,2026-10-03T11:38:08.007191+07:00,484.2377845000001,0.036116497999955754,OK,,True,855,0.106875,,2026-10-03T11:38:08.043315+07:00,484.273910979,0.03521880100015551,OK,,True,2177,0.272125,
59fb0b3833d04c8cbdd8c1e074671b1d,486,2026-10-03T11:38:08.815698+07:00,485.046289034,485.046289034,MONITOR,485.16025723699977,1.0000072859998,0.2517885140000544,0.0001299649998145469,DISABLED,off,user_reported,40.13009262084961,63.385318756103516,1012.061875,95593.7265625,True,True,True,176,0,0,109,176,101,2026-10-03T11:38:08.815785+07:00,485.0463867379999,0.18581608500016955,OK,,True,2026-10-03T11:38:09.001613+07:00,485.23221123099984,0.03300420400000803,OK,,True,858,0.10725,,2026-10-03T11:38:09.034619+07:00,485.265218861,0.03285026100002142,OK,,True,2166,0.27075,
59fb0b3833d04c8cbdd8c1e074671b1d,487,2026-10-03T11:38:09.815654+07:00,486.0462450069999,486.0462450069999,MONITOR,486.1602132099997,0.9999559729999419,0.2517525690000184,8.593799975642469e-05,DISABLED,off,user_reported,40.13328170776367,63.37916946411133,1012.0534375,95916.0703125,True,True,True,176,0,0,109,176,101,2026-10-03T11:38:09.815733+07:00,486.0463348950002,0.1858052529996712,OK,,True,2026-10-03T11:38:10.001551+07:00,486.2321488150001,0.03297931499992046,OK,,True,833,0.104125,,2026-10-03T11:38:10.034531+07:00,486.26513142700014,0.032857926999895426,OK,,True,2170,0.27125,
59fb0b3833d04c8cbdd8c1e074671b1d,488,2026-10-03T11:38:10.815650+07:00,487.04624361000015,487.04624361000015,MONITOR,487.16021181299993,0.9999986030002219,0.25172467999982473,8.454099997834419e-05,DISABLED,off,user_reported,40.13072967529297,63.3653564453125,1012.02859375,95970.0078125,True,True,True,176,0,0,109,176,101,2026-10-03T11:38:10.815724+07:00,487.04632581299984,0.18580579000035868,OK,,True,2026-10-03T11:38:11.001542+07:00,487.23213917700014,0.03296027799979129,OK,,True,831,0.10387500000000001,,2026-10-03T11:38:11.034502+07:00,487.2651025109999,0.03285772400022324,OK,,True,2168,0.271,
59fb0b3833d04c8cbdd8c1e074671b1d,489,2026-10-03T11:38:11.817886+07:00,488.04847617899986,488.04847617899986,MONITOR,488.16244438199965,1.002232568999716,0.2519539210002222,0.0023171099996943667,DISABLED,off,user_reported,40.134559631347656,63.372684478759766,1012.03484375,96512.7265625,True,True,True,176,0,0,109,176,101,2026-10-03T11:38:11.817979+07:00,488.0485808080002,0.1858497529997294,OK,,True,2026-10-03T11:38:12.003841+07:00,488.2344381910002,0.032969444999707775,OK,,True,845,0.105625,,2026-10-03T11:38:12.036810+07:00,488.2674113950002,0.033009907999712595,OK,,True,2169,0.271125,
59fb0b3833d04c8cbdd8c1e074671b1d,490,2026-10-03T11:38:12.815654+07:00,489.04624585400006,489.04624585400006,MONITOR,489.16021405699985,0.9977696750001996,0.2517763470000318,8.678499989400734e-05,DISABLED,off,user_reported,40.136470794677734,63.373016357421875,1012.051640625,96186.359375,True,True,True,176,0,0,109,176,101,2026-10-03T11:38:12.815736+07:00,489.046337409,0.1858183829999689,OK,,True,2026-10-03T11:38:13.001565+07:00,489.23216331000003,0.03295389000004434,OK,,True,842,0.10525,,2026-10-03T11:38:13.034519+07:00,489.26512001499987,0.03289385300013237,OK,,True,2164,0.2705,
59fb0b3833d04c8cbdd8c1e074671b1d,491,2026-10-03T11:38:13.815728+07:00,490.0463100689999,490.0463100689999,MONITOR,490.1602782719997,1.0000642149998384,0.2628823850000117,0.0001509999997324485,DISABLED,off,user_reported,40.131370544433594,63.36545944213867,1012.07796875,95808.3828125,True,True,True,176,0,0,109,176,101,2026-10-03T11:38:13.815874+07:00,490.0464741420001,0.1915491969998584,OK,,True,2026-10-03T11:38:14.007446+07:00,490.23803915300005,0.03559707600015827,OK,,True,846,0.10575,,2026-10-03T11:38:14.043046+07:00,490.2736441000002,0.03553120600008697,OK,,True,2174,0.27175,
59fb0b3833d04c8cbdd8c1e074671b1d,492,2026-10-03T11:38:14.815702+07:00,491.0462906570001,491.0462906570001,MONITOR,491.1602588599999,0.9999805880001986,0.25250743500009776,0.00013158799993107095,DISABLED,off,user_reported,40.13966369628906,63.36018371582031,1012.09140625,96512.7265625,True,True,True,176,0,0,109,176,101,2026-10-03T11:38:14.815805+07:00,491.0464066740001,0.18624802900012583,OK,,True,2026-10-03T11:38:15.002065+07:00,491.2326630729999,0.03326685100000759,OK,,True,843,0.105375,,2026-10-03T11:38:15.035333+07:00,491.26593359000026,0.032855872999789426,OK,,True,2159,0.26987500000000003,
59fb0b3833d04c8cbdd8c1e074671b1d,493,2026-10-03T11:38:15.815691+07:00,492.04628063300015,492.04628063300015,MONITOR,492.16024883599994,0.9999899760000517,0.25179701499973817,0.00012156399998275447,DISABLED,off,user_reported,40.14030075073242,63.393733978271484,1012.064765625,96024.0078125,True,True,True,176,0,0,109,176,101,2026-10-03T11:38:15.815781+07:00,492.04638265099993,0.18582151300006444,OK,,True,2026-10-03T11:38:16.001615+07:00,492.2322123859999,0.03299720500035619,OK,,True,849,0.106125,,2026-10-03T11:38:16.034612+07:00,492.26521266500004,0.032856297999842354,OK,,True,2167,0.27087500000000003,
59fb0b3833d04c8cbdd8c1e074671b1d,494,2026-10-03T11:38:16.815730+07:00,493.04631792500004,493.04631792500004,MONITOR,493.1602861279998,1.0000372919998881,0.2518969590000779,0.00015885599987086607,DISABLED,off,user_reported,40.14093780517578,63.380462646484375,1012.086328125,95114.25,True,True,True,176,0,0,109,176,101,2026-10-03T11:38:16.815828+07:00,493.04642966500023,0.1858987719997458,OK,,True,2026-10-03T11:38:17.001739+07:00,493.2323371960001,0.03295759399998133,OK,,True,844,0.1055,,2026-10-03T11:38:17.034698+07:00,493.2652981790002,0.03290809400004946,OK,,True,2171,0.27137500000000003,
59fb0b3833d04c8cbdd8c1e074671b1d,495,2026-10-03T11:38:17.815655+07:00,494.04624714400006,494.04624714400006,MONITOR,494.16021534699985,0.9999292190000233,0.25175688599983914,8.807499989416101e-05,DISABLED,off,user_reported,40.14093780517578,63.37377166748047,1012.045078125,96024.0078125,True,True,True,176,0,0,109,176,101,2026-10-03T11:38:17.815736+07:00,494.046338051,0.185815846999958,OK,,True,2026-10-03T11:38:18.001564+07:00,494.232162194,0.032963890000246465,OK,,True,835,0.104375,,2026-10-03T11:38:18.034529+07:00,494.2651294359998,0.032866520000425226,OK,,True,2171,0.27137500000000003,
59fb0b3833d04c8cbdd8c1e074671b1d,496,2026-10-03T11:38:18.815695+07:00,495.0462862160002,495.0462862160002,MONITOR,495.160254419,1.0000390720001633,0.251830384999721,0.00012714700005744817,DISABLED,off,user_reported,40.142215728759766,63.36730194091797,1012.088359375,95433.3671875,True,True,True,176,0,0,109,176,101,2026-10-03T11:38:18.815775+07:00,495.0463764740002,0.18582764299981136,OK,,True,2026-10-03T11:38:19.001615+07:00,495.2322123580002,0.03300750099970173,OK,,True,853,0.106625,,2026-10-03T11:38:19.034623+07:00,495.2652230990002,0.03288527999984581,OK,,True,2173,0.271625,
59fb0b3833d04c8cbdd8c1e074671b1d,497,2026-10-03T11:38:19.819115+07:00,496.04970217200025,496.04970217200025,MONITOR,496.16367037500004,1.0034159560000262,0.26137445099993784,0.003543103000083647,DISABLED,off,user_reported,40.143489837646484,63.37420654296875,1012.104375,95486.7578125,True,True,True,176,0,0,109,176,101,2026-10-03T11:38:19.819202+07:00,496.049803764,0.1906226850001076,OK,,True,2026-10-03T11:38:20.009851+07:00,496.24044424500016,0.035375818999909825,OK,,True,846,0.10575,,2026-10-03T11:38:20.045230+07:00,496.27582806400005,0.03523080000013579,OK,,True,2175,0.27187500000000003,
59fb0b3833d04c8cbdd8c1e074671b1d,498,2026-10-03T11:38:20.815762+07:00,497.04634337900006,497.04634337900006,MONITOR,497.16031158199985,0.9966412069998114,0.25305445100002544,0.00018430999989504926,DISABLED,off,user_reported,40.148597717285156,63.36838912963867,1012.09203125,95916.0703125,True,True,True,176,0,0,109,176,101,2026-10-03T11:38:20.815938+07:00,497.04653704400016,0.18695311700003003,OK,,True,2026-10-03T11:38:21.002902+07:00,497.2334979940001,0.032993630999953893,OK,,True,858,0.10725,,2026-10-03T11:38:21.035895+07:00,497.2664951249999,0.03289377999999488,OK,,True,2159,0.26987500000000003,
59fb0b3833d04c8cbdd8c1e074671b1d,499,2026-10-03T11:38:21.816930+07:00,498.04751892600007,498.04751892600007,MONITOR,498.16148712899985,1.0011755470000026,0.2523314569998547,0.0013598569998976018,DISABLED,off,user_reported,40.148597717285156,63.38176727294922,1012.105703125,95700.9375,True,True,True,176,0,0,109,176,101,2026-10-03T11:38:21.817035+07:00,498.047636796,0.18591808700011825,OK,,True,2026-10-03T11:38:22.002968+07:00,498.2335642339999,0.03336955400027364,OK,,True,856,0.107,,2026-10-03T11:38:22.036339+07:00,498.26693791800017,0.03290272399999594,OK,,True,2168,0.271,
59fb0b3833d04c8cbdd8c1e074671b1d,500,2026-10-03T11:38:22.815652+07:00,499.04624493500023,499.04624493500023,MONITOR,499.160213138,0.9987260090001655,0.2518434599996908,8.586600006310618e-05,DISABLED,off,user_reported,40.15242385864258,63.3690299987793,1012.111953125,95647.296875,True,True,True,176,0,0,109,176,101,2026-10-03T11:38:22.815730+07:00,499.0463320640001,0.1858587910001006,OK,,True,2026-10-03T11:38:23.001602+07:00,499.2321988550002,0.032992685999943205,OK,,True,830,0.10375000000000001,,2026-10-03T11:38:23.034594+07:00,499.26519489300017,0.03288520599971889,OK,,True,2164,0.2705,
59fb0b3833d04c8cbdd8c1e074671b1d,501,2026-10-03T11:38:23.815649+07:00,500.0462420839999,500.0462420839999,MONITOR,500.1602102869997,0.9999971489996824,0.2517842010001914,8.301499974550097e-05,DISABLED,off,user_reported,40.15178680419922,63.36892318725586,1012.06265625,95754.625,True,True,True,176,0,0,109,176,101,2026-10-03T11:38:23.815728+07:00,500.04632969500017,0.1858071429996926,OK,,True,2026-10-03T11:38:24.001548+07:00,500.23214467100024,0.032994908999626205,OK,,True,854,0.10675,,2026-10-03T11:38:24.034544+07:00,500.26514356100006,0.032873409999865544,OK,,True,2166,0.27075,
59fb0b3833d04c8cbdd8c1e074671b1d,502,2026-10-03T11:38:24.815659+07:00,501.0462522890002,501.0462522890002,MONITOR,501.160220492,1.000010205000308,0.2517700909997984,9.322000005340669e-05,DISABLED,off,user_reported,40.151145935058594,63.362117767333984,1012.07546875,95593.7265625,True,True,True,176,0,0,109,176,101,2026-10-03T11:38:24.815735+07:00,501.0463368810001,0.18583007000006546,OK,,True,2026-10-03T11:38:25.001580+07:00,501.23217682099994,0.03294468700005382,OK,,True,850,0.10625,,2026-10-03T11:38:25.034524+07:00,501.26512460000004,0.032887723999920127,OK,,True,2167,0.27087500000000003,
59fb0b3833d04c8cbdd8c1e074671b1d,503,2026-10-03T11:38:25.815655+07:00,502.04624799500016,502.04624799500016,MONITOR,502.16021619799994,0.999995705999936,0.2617307279997476,8.892599998944206e-05,DISABLED,off,user_reported,40.15433883666992,63.3626594543457,1012.0875,95916.0703125,True,True,True,176,0,0,109,176,101,2026-10-03T11:38:25.815731+07:00,502.046333106,0.19068348200016771,OK,,True,2026-10-03T11:38:26.006442+07:00,502.23703319900005,0.03422073299998374,OK,,True,871,0.108875,,2026-10-03T11:38:26.040664+07:00,502.2712623950001,0.03669743899990863,OK,,True,2179,0.272375,
59fb0b3833d04c8cbdd8c1e074671b1d,504,2026-10-03T11:38:26.815723+07:00,503.0463061280002,503.0463061280002,MONITOR,503.160274331,1.0000581330000387,0.2555235099998754,0.00014705900002809358,DISABLED,off,user_reported,40.15433883666992,63.3626594543457,1012.066875,95700.9375,True,True,True,176,0,0,109,176,101,2026-10-03T11:38:26.815878+07:00,503.04647801600004,0.18844355200008067,OK,,True,2026-10-03T11:38:27.004345+07:00,503.234936716,0.03304190800008655,OK,,True,831,0.10387500000000001,,2026-10-03T11:38:27.037390+07:00,503.267986717,0.03382569899986265,OK,,True,2162,0.27025,
59fb0b3833d04c8cbdd8c1e074671b1d,505,2026-10-03T11:38:27.815664+07:00,504.0462562060002,504.0462562060002,MONITOR,504.16022440899997,0.9999500779999835,0.25232892099984383,9.713700001157122e-05,DISABLED,off,user_reported,40.15944290161133,63.383602142333984,1012.06140625,96132.1796875,True,True,True,176,0,0,109,176,101,2026-10-03T11:38:27.815744+07:00,504.0463455949998,0.18594171700033257,OK,,True,2026-10-03T11:38:28.001700+07:00,504.23229664500013,0.03314411099972858,OK,,True,848,0.106,,2026-10-03T11:38:28.034847+07:00,504.26544582999986,0.03312783399996988,OK,,True,2164,0.2705,
59fb0b3833d04c8cbdd8c1e074671b1d,506,2026-10-03T11:38:28.815656+07:00,505.0462493959999,505.0462493959999,MONITOR,505.1602175989997,0.9999931899997136,0.2522975690003477,9.032699972522096e-05,DISABLED,off,user_reported,40.157527923583984,63.37657928466797,1012.05828125,95273.5390625,True,True,True,176,0,0,109,176,101,2026-10-03T11:38:28.815734+07:00,505.04633595099995,0.1858096440000736,OK,,True,2026-10-03T11:38:29.001558+07:00,505.2321542059999,0.033508572000300774,OK,,True,863,0.107875,,2026-10-03T11:38:29.035070+07:00,505.26566776000027,0.032871278999664355,OK,,True,2170,0.27125,
59fb0b3833d04c8cbdd8c1e074671b1d,507,2026-10-03T11:38:29.815658+07:00,506.04625093799996,506.04625093799996,MONITOR,506.16021914099974,1.0000015420000636,0.2519038690002162,9.186899978885776e-05,DISABLED,off,user_reported,40.16007995605469,63.37031936645508,1012.048671875,95486.7578125,True,True,True,176,0,0,109,176,101,2026-10-03T11:38:29.815739+07:00,506.04634125300026,0.1858173480000005,OK,,True,2026-10-03T11:38:30.001571+07:00,506.232166841,0.033149315000173374,OK,,True,852,0.1065,,2026-10-03T11:38:30.034723+07:00,506.26532098999996,0.03282485399995494,OK,,True,2181,0.272625,
59fb0b3833d04c8cbdd8c1e074671b1d,508,2026-10-03T11:38:30.815656+07:00,507.046249556,507.046249556,MONITOR,507.1602177589998,0.9999986180000633,0.25199690499994176,9.048699985214625e-05,DISABLED,off,user_reported,40.164546966552734,63.377769470214844,1012.0628125,95486.7578125,True,True,True,176,0,0,109,176,101,2026-10-03T11:38:30.815730+07:00,507.0463314620001,0.18581632999985231,OK,,True,2026-10-03T11:38:31.001560+07:00,507.2321560700002,0.03301409400000921,OK,,True,847,0.105875,,2026-10-03T11:38:31.034573+07:00,507.26517379300003,0.033062501000131306,OK,,True,2166,0.27075,
59fb0b3833d04c8cbdd8c1e074671b1d,509,2026-10-03T11:38:31.815658+07:00,508.04625043299984,508.04625043299984,MONITOR,508.1602186359996,1.0000008769998203,0.262425113000063,9.136399967246689e-05,DISABLED,off,user_reported,40.16199493408203,63.36395263671875,1012.038046875,95970.0078125,True,True,True,176,0,0,109,176,101,2026-10-03T11:38:31.815735+07:00,508.0463366170002,0.18593819999978223,OK,,True,2026-10-03T11:38:32.001694+07:00,508.23228776099995,0.038115578000088135,OK,,True,849,0.106125,,2026-10-03T11:38:32.039827+07:00,508.2704191349999,0.03822974400009116,OK,,True,2165,0.270625,
59fb0b3833d04c8cbdd8c1e074671b1d,510,2026-10-03T11:38:32.815678+07:00,509.0462706620001,509.0462706620001,MONITOR,509.1602388649999,1.0000202290002562,0.2521698489999835,0.0001115929999286891,DISABLED,off,user_reported,40.16582489013672,63.37799072265625,1012.064765625,95486.7578125,True,True,True,176,0,0,109,176,101,2026-10-03T11:38:32.815756+07:00,509.04635744000007,0.18585438499985685,OK,,True,2026-10-03T11:38:33.001625+07:00,509.2322208989999,0.033166000000164786,OK,,True,857,0.107125,,2026-10-03T11:38:33.034792+07:00,509.26539104699987,0.03303789000028701,OK,,True,2169,0.271125,
59fb0b3833d04c8cbdd8c1e074671b1d,511,2026-10-03T11:38:33.815663+07:00,510.04625539300014,510.04625539300014,MONITOR,510.1602235959999,0.9999847310000405,0.2524220319996857,9.632399996917229e-05,DISABLED,off,user_reported,40.16646194458008,63.3580207824707,1012.045234375,95326.7578125,True,True,True,176,0,0,109,176,101,2026-10-03T11:38:33.815743+07:00,510.04634500400016,0.18599323599983109,OK,,True,2026-10-03T11:38:34.001749+07:00,510.2323454430002,0.033310017999610864,OK,,True,861,0.107625,,2026-10-03T11:38:34.035062+07:00,510.26566060899995,0.033005667999987054,OK,,True,2171,0.27137500000000003,
59fb0b3833d04c8cbdd8c1e074671b1d,512,2026-10-03T11:38:34.815658+07:00,511.04625093899995,511.04625093899995,MONITOR,511.16021914199973,0.9999955459998091,0.2534062110003106,9.186999977828236e-05,DISABLED,off,user_reported,40.168373107910156,63.36503982543945,1012.06203125,95540.2109375,True,True,True,176,0,0,109,176,101,2026-10-03T11:38:34.815733+07:00,511.04633523500024,0.18662410199976875,OK,,True,2026-10-03T11:38:35.002374+07:00,511.2329702820002,0.03375357000004442,OK,,True,850,0.10625,,2026-10-03T11:38:35.036131+07:00,511.2667297779999,0.03291820499998721,OK,,True,2164,0.2705,
59fb0b3833d04c8cbdd8c1e074671b1d,513,2026-10-03T11:38:35.815655+07:00,512.0462484670002,512.0462484670002,MONITOR,512.16021667,0.9999975280002218,0.25424270599978627,8.939800000007381e-05,DISABLED,off,user_reported,40.16901397705078,63.36514663696289,1012.076875,95273.5390625,True,True,True,176,0,0,109,176,101,2026-10-03T11:38:35.815733+07:00,512.046334355,0.18712376600024072,OK,,True,2026-10-03T11:38:36.002888+07:00,512.233477455,0.03409216000000015,OK,,True,855,0.106875,,2026-10-03T11:38:36.036978+07:00,512.2675757259999,0.03290641000012329,OK,,True,2176,0.272,
59fb0b3833d04c8cbdd8c1e074671b1d,514,2026-10-03T11:38:36.815647+07:00,513.0462403289998,513.0462403289998,MONITOR,513.1602085319996,0.9999918619996606,0.25728868600026544,8.125999966068775e-05,DISABLED,off,user_reported,40.168373107910156,63.35835647583008,1012.055234375,95114.25,True,True,True,176,0,0,109,176,101,2026-10-03T11:38:36.815722+07:00,513.0463236989999,0.18932871400011209,OK,,True,2026-10-03T11:38:37.005066+07:00,513.235661617,0.034738064000066515,OK,,True,847,0.105875,,2026-10-03T11:38:37.039808+07:00,513.2704058110003,0.033105981999597134,OK,,True,2166,0.27075,
59fb0b3833d04c8cbdd8c1e074671b1d,515,2026-10-03T11:38:37.815674+07:00,514.0462670810002,514.0462670810002,MONITOR,514.160235284,1.0000267520003945,0.2539766889999555,0.00010801200005516876,DISABLED,off,user_reported,40.17092514038086,63.36547088623047,1012.066328125,95220.3828125,True,True,True,176,0,0,109,176,101,2026-10-03T11:38:37.815751+07:00,514.0463531549999,0.1858587740002804,OK,,True,2026-10-03T11:38:38.001624+07:00,514.2322204480001,0.033605033999720035,OK,,True,854,0.10675,,2026-10-03T11:38:38.035237+07:00,514.2658332410001,0.03440030699994168,OK,,True,2172,0.2715,
59fb0b3833d04c8cbdd8c1e074671b1d,516,2026-10-03T11:38:38.815657+07:00,515.0462491480002,515.0462491480002,MONITOR,515.160217351,0.999982067000019,0.2572604639999554,9.007900007418357e-05,DISABLED,off,user_reported,40.16965103149414,63.36525344848633,1012.07109375,95540.2109375,True,True,True,176,0,0,109,176,101,2026-10-03T11:38:38.815733+07:00,515.0463344260002,0.1886106449996987,OK,,True,2026-10-03T11:38:39.004359+07:00,515.2349536820002,0.03458408300002702,OK,,True,835,0.104375,,2026-10-03T11:38:39.038949+07:00,515.2695456730003,0.03395406899971931,OK,,True,2170,0.27125,
59fb0b3833d04c8cbdd8c1e074671b1d,517,2026-10-03T11:38:39.815648+07:00,516.0462411050003,516.0462411050003,MONITOR,516.160209308,0.9999919570000202,0.2558004739998978,8.20360000943765e-05,DISABLED,off,user_reported,40.1702880859375,63.37205123901367,1012.065234375,95433.3671875,True,True,True,176,0,0,109,176,101,2026-10-03T11:38:39.815723+07:00,516.0463245860001,0.1866510479999306,OK,,True,2026-10-03T11:38:40.002390+07:00,516.232985393,0.03396819899990078,OK,,True,844,0.1055,,2026-10-03T11:38:40.036366+07:00,516.2669610540001,0.035070673000063834,OK,,True,2166,0.27075,
59fb0b3833d04c8cbdd8c1e074671b1d,518,2026-10-03T11:38:40.815649+07:00,517.0462417479998,517.0462417479998,MONITOR,517.1602099509996,1.0000006429995665,0.2539445050001632,8.267899966085679e-05,DISABLED,off,user_reported,40.171566009521484,63.378963470458984,1012.060390625,95273.5390625,True,True,True,176,0,0,109,176,101,2026-10-03T11:38:40.815727+07:00,517.0463288219999,0.18582136800023363,OK,,True,2026-10-03T11:38:41.001558+07:00,517.2321557820001,0.03330375899986393,OK,,True,846,0.10575,,2026-10-03T11:38:41.034868+07:00,517.2654647069999,0.03470917599997847,OK,,True,2160,0.27,
59fb0b3833d04c8cbdd8c1e074671b1d,519,2026-10-03T11:38:41.815655+07:00,518.0462481879999,518.0462481879999,MONITOR,518.1602163909997,1.0000064400001065,0.2555927530002009,8.911899976737914e-05,DISABLED,off,user_reported,40.17603302001953,63.379722595214844,1012.04015625,95326.7578125,True,True,True,176,0,0,109,176,101,2026-10-03T11:38:41.815731+07:00,518.0463330580001,0.1858147379998627,OK,,True,2026-10-03T11:38:42.001556+07:00,518.2321544259999,0.03595966700004283,OK,,True,843,0.105375,,2026-10-03T11:38:42.037534+07:00,518.2681245930003,0.0336987739997312,OK,,True,2156,0.2695,
59fb0b3833d04c8cbdd8c1e074671b1d,520,2026-10-03T11:38:42.815658+07:00,519.0462518140002,519.0462518140002,MONITOR,519.160220017,1.0000036260003071,0.25494583099998636,9.274500007450115e-05,DISABLED,off,user_reported,40.17730712890625,63.36655807495117,1012.056015625,95273.5390625,True,True,True,176,0,0,109,176,101,2026-10-03T11:38:42.815732+07:00,519.046333535,0.1857979979999982,OK,,True,2026-10-03T11:38:43.001541+07:00,519.2321385700002,0.034608879999723285,OK,,True,873,0.109125,,2026-10-03T11:38:43.036156+07:00,519.266752302,0.034435029000178474,OK,,True,2159,0.26987500000000003,
59fb0b3833d04c8cbdd8c1e074671b1d,521,2026-10-03T11:38:43.815658+07:00,520.0462497920003,520.0462497920003,MONITOR,520.160217995,0.9999979780000103,0.254575444999773,9.07230000848358e-05,DISABLED,off,user_reported,40.1817741394043,63.37399673461914,1012.056328125,95114.25,True,True,True,176,0,0,109,176,101,2026-10-03T11:38:43.815732+07:00,520.0463335320001,0.18580234999990353,OK,,True,2026-10-03T11:38:44.001544+07:00,520.232142715,0.0339541990001635,OK,,True,840,0.105,,2026-10-03T11:38:44.035506+07:00,520.2661029139999,0.034710082999936276,OK,,True,2154,0.26925,
59fb0b3833d04c8cbdd8c1e074671b1d,522,2026-10-03T11:38:44.815660+07:00,521.0462530670002,521.0462530670002,MONITOR,521.16022127,1.0000032749999264,0.25699281800007157,9.399800001119729e-05,DISABLED,off,user_reported,40.179222106933594,63.3802604675293,1012.0453125,95061.2734375,True,True,True,176,0,0,109,176,101,2026-10-03T11:38:44.815733+07:00,521.0463349920001,0.1858175540000957,OK,,True,2026-10-03T11:38:45.001562+07:00,521.2321594159998,0.03490185900000142,OK,,True,887,0.110875,,2026-10-03T11:38:45.036473+07:00,521.2670682379999,0.036165759000141406,OK,,True,2157,0.269625,
59fb0b3833d04c8cbdd8c1e074671b1d,523,2026-10-03T11:38:45.815650+07:00,522.0462427500001,522.0462427500001,MONITOR,522.1602109529999,0.999989682999967,0.25516484999980094,8.368099997824174e-05,DISABLED,off,user_reported,40.18113708496094,63.380584716796875,1012.0759375,95326.7578125,True,True,True,176,0,0,109,176,101,2026-10-03T11:38:45.815719+07:00,522.0463209170002,0.18579631299962784,OK,,True,2026-10-03T11:38:46.001527+07:00,522.2321248220001,0.03492224799992982,OK,,True,867,0.108375,,2026-10-03T11:38:46.036454+07:00,522.2670517000001,0.034343140999681054,OK,,True,2156,0.2695,
59fb0b3833d04c8cbdd8c1e074671b1d,524,2026-10-03T11:38:46.815659+07:00,523.046252305,523.046252305,MONITOR,523.1602205079998,1.000009554999906,0.25379680300011387,9.323599988420028e-05,DISABLED,off,user_reported,40.17858123779297,63.37346267700195,1012.058046875,95380.03125,True,True,True,176,0,0,109,176,101,2026-10-03T11:38:46.815735+07:00,523.046336545,0.18581594299985227,OK,,True,2026-10-03T11:38:47.001562+07:00,523.2321599880001,0.032963687000119535,OK,,True,851,0.106375,,2026-10-03T11:38:47.034527+07:00,523.2651268600002,0.03490467399979025,OK,,True,2165,0.270625,
59fb0b3833d04c8cbdd8c1e074671b1d,525,2026-10-03T11:38:47.815739+07:00,524.0463212300001,524.0463212300001,MONITOR,524.1602894329999,1.0000689250000505,0.26504820899981496,0.0001621609999347129,DISABLED,off,user_reported,40.182411193847656,63.36073303222656,1012.03,95486.7578125,True,True,True,176,0,0,109,176,101,2026-10-03T11:38:47.815896+07:00,524.0464959690003,0.19175184799996714,OK,,True,2026-10-03T11:38:48.007667+07:00,524.2382619650002,0.03542933699964124,OK,,True,852,0.1065,,2026-10-03T11:38:48.043102+07:00,524.273699765,0.03764000799992573,OK,,True,2178,0.27225,
59fb0b3833d04c8cbdd8c1e074671b1d,526,2026-10-03T11:38:48.815735+07:00,525.0463193410001,525.0463193410001,MONITOR,525.1602875439999,0.999998110999968,0.2645457130001887,0.0001602719999027613,DISABLED,off,user_reported,40.18815231323242,63.375083923339844,1012.05984375,95167.2890625,True,True,True,176,0,0,109,176,101,2026-10-03T11:38:48.815881+07:00,525.0464815619998,0.19177847700029815,OK,,True,2026-10-03T11:38:49.007681+07:00,525.2382750950001,0.03538930000013352,OK,,True,861,0.107625,,2026-10-03T11:38:49.043074+07:00,525.2736728579998,0.037166011000408616,OK,,True,2174,0.27175,
59fb0b3833d04c8cbdd8c1e074671b1d,527,2026-10-03T11:38:49.815734+07:00,526.0463183790002,526.0463183790002,MONITOR,526.160286582,0.9999990380001691,0.262908834999962,0.00015931000007185503,DISABLED,off,user_reported,40.18751525878906,63.36159133911133,1012.045,95273.5390625,True,True,True,176,0,0,109,176,101,2026-10-03T11:38:49.815882+07:00,526.0464820259999,0.19177368100008607,OK,,True,2026-10-03T11:38:50.007678+07:00,526.2382713000002,0.03571948299986616,OK,,True,843,0.105375,,2026-10-03T11:38:50.043401+07:00,526.273999302,0.03521057900024971,OK,,True,2180,0.2725,
59fb0b3833d04c8cbdd8c1e074671b1d,528,2026-10-03T11:38:50.815726+07:00,527.0463096580002,527.0463096580002,MONITOR,527.1602778609999,0.9999912789999144,0.2625260609997895,0.000150588999986212,DISABLED,off,user_reported,40.18879318237305,63.38187789916992,1012.054140625,95061.2734375,True,True,True,176,0,0,109,176,101,2026-10-03T11:38:50.815873+07:00,527.0464733429999,0.19176516200013793,OK,,True,2026-10-03T11:38:51.007658+07:00,527.2382525980001,0.03537285599986717,OK,,True,853,0.106625,,2026-10-03T11:38:51.043036+07:00,527.2736334350002,0.035185228000045754,OK,,True,2181,0.272625,
59fb0b3833d04c8cbdd8c1e074671b1d,529,2026-10-03T11:38:51.815665+07:00,528.046257643,528.046257643,MONITOR,528.1602258459998,0.9999479849998352,0.2516872619999049,9.857399982138304e-05,DISABLED,off,user_reported,40.19198226928711,63.36903381347656,1012.072890625,95167.2890625,True,True,True,176,0,0,109,176,101,2026-10-03T11:38:51.815737+07:00,528.046338698,0.18583535000016127,OK,,True,2026-10-03T11:38:52.001582+07:00,528.2321800109999,0.032929595000041445,OK,,True,845,0.105625,,2026-10-03T11:38:52.034512+07:00,528.2651123840001,0.032824540000092384,OK,,True,2164,0.2705,
59fb0b3833d04c8cbdd8c1e074671b1d,530,2026-10-03T11:38:52.815657+07:00,529.0462499599998,529.0462499599998,MONITOR,529.1602181629996,0.999992316999851,0.2517349110003124,9.089099967241054e-05,DISABLED,off,user_reported,40.19070816040039,63.375511169433594,1012.070859375,95061.2734375,True,True,True,176,0,0,109,176,101,2026-10-03T11:38:52.815730+07:00,529.0463315340003,0.1858055359998616,OK,,True,2026-10-03T11:38:53.001545+07:00,529.2321439040002,0.0329644640000879,OK,,True,863,0.107875,,2026-10-03T11:38:53.034511+07:00,529.2651124049999,0.03286479899998085,OK,,True,2173,0.271625,
59fb0b3833d04c8cbdd8c1e074671b1d,531,2026-10-03T11:38:53.815656+07:00,530.0462485379999,530.0462485379999,MONITOR,530.1602167409997,0.9999985780000316,0.25172304100033216,8.946899970396771e-05,DISABLED,off,user_reported,40.19517135620117,63.36957550048828,1012.05046875,95273.5390625,True,True,True,176,0,0,109,176,101,2026-10-03T11:38:53.815728+07:00,530.0463298150003,0.1858156289999897,OK,,True,2026-10-03T11:38:54.001556+07:00,530.2321538890001,0.03297135299999354,OK,,True,862,0.10775,,2026-10-03T11:38:54.034529+07:00,530.2651291130001,0.03283518799980811,OK,,True,2168,0.271,
59fb0b3833d04c8cbdd8c1e074671b1d,532,2026-10-03T11:38:54.815656+07:00,531.0462488200001,531.0462488200001,MONITOR,531.1602170229999,1.000000282000201,0.2516845599998305,8.975099990493618e-05,DISABLED,off,user_reported,40.19709014892578,63.36989974975586,1012.0675,94955.4921875,True,True,True,176,0,0,109,176,101,2026-10-03T11:38:54.815730+07:00,531.0463317640001,0.18580198099971312,OK,,True,2026-10-03T11:38:55.001543+07:00,531.2321416340001,0.03296905700017305,OK,,True,842,0.10525,,2026-10-03T11:38:55.034512+07:00,531.2651135430001,0.032812780999847746,OK,,True,2166,0.27075,
59fb0b3833d04c8cbdd8c1e074671b1d,533,2026-10-03T11:38:55.815655+07:00,532.0462473440002,532.0462473440002,MONITOR,532.160215547,0.9999985240001479,0.25169878199994855,8.827500005281763e-05,DISABLED,off,user_reported,40.19709014892578,63.36321258544922,1012.053671875,95114.25,True,True,True,176,0,0,109,176,101,2026-10-03T11:38:55.815727+07:00,532.0463291400001,0.1858108319997882,OK,,True,2026-10-03T11:38:56.001550+07:00,532.2321473800002,0.032959371999822906,OK,,True,848,0.106,,2026-10-03T11:38:56.034509+07:00,532.265109512,0.03282865100027266,OK,,True,2156,0.2695,
59fb0b3833d04c8cbdd8c1e074671b1d,534,2026-10-03T11:38:56.815693+07:00,533.0462765900002,533.0462765900002,MONITOR,533.160244793,1.00002924599994,0.26203336099979424,0.00011752099999284837,DISABLED,off,user_reported,40.19900131225586,63.376922607421875,1012.05671875,95167.2890625,True,True,True,176,0,0,109,176,101,2026-10-03T11:38:56.815840+07:00,533.0464399410002,0.1917642559997148,OK,,True,2026-10-03T11:38:57.007624+07:00,533.2382177160002,0.035715704999802256,OK,,True,845,0.105625,,2026-10-03T11:38:57.043345+07:00,533.2739430699999,0.03435130700017908,OK,,True,2186,0.27325,
59fb0b3833d04c8cbdd8c1e074671b1d,535,2026-10-03T11:38:57.815667+07:00,534.0462592080003,534.0462592080003,MONITOR,534.160227411,0.9999826180001037,0.25173365199998443,0.00010013900009653298,DISABLED,off,user_reported,40.200279235839844,63.36375427246094,1012.04515625,95273.5390625,True,True,True,176,0,0,109,176,101,2026-10-03T11:38:57.815738+07:00,534.0463399109999,0.1858064259999992,OK,,True,2026-10-03T11:38:58.001555+07:00,534.2321529290002,0.03296277999970698,OK,,True,848,0.106,,2026-10-03T11:38:58.034518+07:00,534.2651187460001,0.032865280999885726,OK,,True,2176,0.272,
59fb0b3833d04c8cbdd8c1e074671b1d,536,2026-10-03T11:38:58.815660+07:00,535.0462535480001,535.0462535480001,MONITOR,535.1602217509999,0.9999943399998301,0.2517102080000768,9.447899992665043e-05,DISABLED,off,user_reported,40.2009162902832,63.370548248291016,1012.03921875,95008.3515625,True,True,True,176,0,0,109,176,101,2026-10-03T11:38:58.815727+07:00,535.0463289740001,0.18581394400007412,OK,,True,2026-10-03T11:38:59.001551+07:00,535.232149381,0.03295944599994982,OK,,True,834,0.10425,,2026-10-03T11:38:59.034511+07:00,535.265111957,0.03284418800012645,OK,,True,2169,0.271125,
59fb0b3833d04c8cbdd8c1e074671b1d,537,2026-10-03T11:38:59.815656+07:00,536.0462488520002,536.0462488520002,MONITOR,536.160217055,0.9999953040000946,0.2516876719996617,8.978300002127071e-05,DISABLED,off,user_reported,40.203468322753906,63.37767791748047,1012.070859375,94849.9453125,True,True,True,176,0,0,109,176,101,2026-10-03T11:38:59.815724+07:00,536.0463262040003,0.18580675899966081,OK,,True,2026-10-03T11:39:00.001542+07:00,536.232139667,0.032971539000300254,OK,,True,845,0.105625,,2026-10-03T11:39:00.034513+07:00,536.2651143349999,0.03281459600020753,OK,,True,2166,0.27075,
59fb0b3833d04c8cbdd8c1e074671b1d,538,2026-10-03T11:39:00.815651+07:00,537.0462446760002,537.0462446760002,MONITOR,537.160212879,0.9999958240000524,0.2516726529997868,8.560700007365085e-05,DISABLED,off,user_reported,40.203468322753906,63.37098693847656,1012.0915625,94482.375,True,True,True,176,0,0,109,176,101,2026-10-03T11:39:00.815719+07:00,537.046320471,0.18579470400027276,OK,,True,2026-10-03T11:39:01.001522+07:00,537.2321209719998,0.03296009400037292,OK,,True,857,0.107125,,2026-10-03T11:39:01.034484+07:00,537.2650840850001,0.03282552099972236,OK,,True,2164,0.2705,
59fb0b3833d04c8cbdd8c1e074671b1d,539,2026-10-03T11:39:01.815654+07:00,538.0462474619999,538.0462474619999,MONITOR,538.1602156649997,1.0000027859996408,0.25169228300001123,8.839299971441505e-05,DISABLED,off,user_reported,40.20219039916992,63.37076950073242,1012.034296875,94849.9453125,True,True,True,176,0,0,109,176,101,2026-10-03T11:39:01.815724+07:00,538.0463255730001,0.18581248200007394,OK,,True,2026-10-03T11:39:02.001547+07:00,538.2321444990002,0.03296981699986645,OK,,True,860,0.1075,,2026-10-03T11:39:02.034516+07:00,538.2651170570002,0.032815224999922066,OK,,True,2175,0.27187500000000003,
59fb0b3833d04c8cbdd8c1e074671b1d,540,2026-10-03T11:39:02.815649+07:00,539.0462430279999,539.0462430279999,MONITOR,539.1602112309997,0.9999955660000523,0.2517227080002158,8.395899976676446e-05,DISABLED,off,user_reported,40.20665740966797,63.371524810791016,1012.082890625,94797.2578125,True,True,True,176,0,0,109,176,101,2026-10-03T11:39:02.815719+07:00,539.0463207120001,0.18580446399982975,OK,,True,2026-10-03T11:39:03.001533+07:00,539.2321308800001,0.032979779000015697,OK,,True,859,0.107375,,2026-10-03T11:39:03.034513+07:00,539.265113678,0.03284344700023212,OK,,True,2155,0.26937500000000003,
59fb0b3833d04c8cbdd8c1e074671b1d,541,2026-10-03T11:39:03.815652+07:00,540.0462458900001,540.0462458900001,MONITOR,540.1602140929999,1.0000028620002013,0.2518301709997104,8.682099996804027e-05,DISABLED,off,user_reported,40.207298278808594,63.385013580322266,1012.04953125,94744.6328125,True,True,True,176,0,0,109,176,101,2026-10-03T11:39:03.815719+07:00,540.0463204819998,0.18579711200027305,OK,,True,2026-10-03T11:39:04.001525+07:00,540.2321233900002,0.03312153799970474,OK,,True,833,0.104125,,2026-10-03T11:39:04.034647+07:00,540.2652481509999,0.03282011400006013,OK,,True,2169,0.271125,
59fb0b3833d04c8cbdd8c1e074671b1d,542,2026-10-03T11:39:04.815654+07:00,541.0462476050002,541.0462476050002,MONITOR,541.160215808,1.000001715000053,0.25168365399986214,8.853600002112216e-05,DISABLED,off,user_reported,40.211124420166016,63.37228775024414,1012.028203125,95167.2890625,True,True,True,176,0,0,109,176,101,2026-10-03T11:39:04.815721+07:00,541.0463228080002,0.18580798199991477,OK,,True,2026-10-03T11:39:05.001539+07:00,541.2321370489999,0.03297107700018387,OK,,True,869,0.108625,,2026-10-03T11:39:05.034510+07:00,541.2651111069999,0.0328117439999005,OK,,True,2163,0.27037500000000003,
59fb0b3833d04c8cbdd8c1e074671b1d,543,2026-10-03T11:39:05.815656+07:00,542.046250117,542.046250117,MONITOR,542.1602183199998,1.00000251199981,0.2516724870001781,9.104799983106204e-05,DISABLED,off,user_reported,40.211124420166016,63.365596771240234,1012.05578125,94902.6875,True,True,True,176,0,0,109,176,101,2026-10-03T11:39:05.815723+07:00,542.0463244130001,0.1858053519999885,OK,,True,2026-10-03T11:39:06.001537+07:00,542.2321358210002,0.03295989099979124,OK,,True,851,0.106375,,2026-10-03T11:39:06.034498+07:00,542.2650986379999,0.03281629899993277,OK,,True,2166,0.27075,
59fb0b3833d04c8cbdd8c1e074671b1d,544,2026-10-03T11:39:06.815659+07:00,543.046253,543.046253,MONITOR,543.1602212029998,1.0000028829999792,0.2516807649999464,9.393099981025443e-05,DISABLED,off,user_reported,40.20984649658203,63.3720703125,1012.046875,94849.9453125,True,True,True,176,0,0,109,176,101,2026-10-03T11:39:06.815728+07:00,543.0463299430003,0.18581163099997866,OK,,True,2026-10-03T11:39:07.001549+07:00,543.232147537,0.03295961300000272,OK,,True,869,0.108625,,2026-10-03T11:39:07.034509+07:00,543.2651101870001,0.03281609599980584,OK,,True,2162,0.27025,
59fb0b3833d04c8cbdd8c1e074671b1d,545,2026-10-03T11:39:07.815657+07:00,544.0462484760001,544.0462484760001,MONITOR,544.1602166789999,0.9999954760000946,0.2517231530000572,8.94069999048952e-05,DISABLED,off,user_reported,40.21367645263672,63.36601638793945,1012.059921875,95380.03125,True,True,True,176,0,0,109,176,101,2026-10-03T11:39:07.815737+07:00,544.0463384190002,0.18581224199988355,OK,,True,2026-10-03T11:39:08.001558+07:00,544.2321567170002,0.032953742999779934,OK,,True,842,0.10525,,2026-10-03T11:39:08.034514+07:00,544.265113719,0.03284835500016925,OK,,True,2166,0.27075,
59fb0b3833d04c8cbdd8c1e074671b1d,546,2026-10-03T11:39:08.815655+07:00,545.0462470080001,545.0462470080001,MONITOR,545.1602152109999,0.9999985320000633,0.2516976359997898,8.793899996817345e-05,DISABLED,off,user_reported,40.2149543762207,63.35955810546875,1012.027578125,95540.2109375,True,True,True,176,0,0,109,176,101,2026-10-03T11:39:08.815734+07:00,545.0463362109999,0.18580494600018937,OK,,True,2026-10-03T11:39:09.001548+07:00,545.2321467309998,0.03296431700027824,OK,,True,852,0.1065,,2026-10-03T11:39:09.034514+07:00,545.26511514,0.032821781000166084,OK,,True,2165,0.270625,
59fb0b3833d04c8cbdd8c1e074671b1d,547,2026-10-03T11:39:09.815651+07:00,546.0462437629999,546.0462437629999,MONITOR,546.1602119659997,0.9999967549997564,0.2517038030000549,8.469399972454994e-05,DISABLED,off,user_reported,40.211761474609375,63.37239456176758,1012.056796875,95380.03125,True,True,True,176,0,0,109,176,101,2026-10-03T11:39:09.815730+07:00,546.046331263,0.18580583399989337,OK,,True,2026-10-03T11:39:10.001545+07:00,546.2321431340001,0.03296357699991859,OK,,True,877,0.109625,,2026-10-03T11:39:10.034508+07:00,546.2651096180002,0.032829484999638225,OK,,True,2158,0.26975,
59fb0b3833d04c8cbdd8c1e074671b1d,548,2026-10-03T11:39:10.815654+07:00,547.046246464,547.046246464,MONITOR,547.1602146669998,1.000002701000085,0.25189609700009896,8.739499980947585e-05,DISABLED,off,user_reported,40.21686553955078,63.36656188964844,1012.058125,94849.9453125,True,True,True,176,0,0,109,176,101,2026-10-03T11:39:10.815732+07:00,547.046333926,0.18580985300013708,OK,,True,2026-10-03T11:39:11.001552+07:00,547.232149816,0.03313526100009767,OK,,True,852,0.1065,,2026-10-03T11:39:11.034688+07:00,547.2652886320002,0.032845836999968014,OK,,True,2174,0.27175,
59fb0b3833d04c8cbdd8c1e074671b1d,549,2026-10-03T11:39:11.815653+07:00,548.04624522,548.04624522,MONITOR,548.1602134229997,0.9999987559999681,0.2517183580002893,8.61509997776011e-05,DISABLED,off,user_reported,40.21622848510742,63.37983703613281,1012.0021875,94797.2578125,True,True,True,176,0,0,109,176,101,2026-10-03T11:39:11.815732+07:00,548.046334053,0.1858092420002322,OK,,True,2026-10-03T11:39:12.001552+07:00,548.232149554,0.03296798400015177,OK,,True,858,0.10725,,2026-10-03T11:39:12.034520+07:00,548.2651206310002,0.03283533600006194,OK,,True,2173,0.271625,
59fb0b3833d04c8cbdd8c1e074671b1d,550,2026-10-03T11:39:12.815679+07:00,549.0462677360001,549.0462677360001,MONITOR,549.1602359389999,1.000022516000172,0.26195917899985943,0.00010866699994949158,DISABLED,off,user_reported,40.22069549560547,63.36722183227539,1012.043828125,94744.6328125,True,True,True,176,0,0,109,176,101,2026-10-03T11:39:12.815787+07:00,549.0463880870002,0.1910137639997629,OK,,True,2026-10-03T11:39:13.006822+07:00,549.237415999,0.03544900399992912,OK,,True,852,0.1065,,2026-10-03T11:39:13.042275+07:00,549.2728734850002,0.03533476399979918,OK,,True,2176,0.272,
59fb0b3833d04c8cbdd8c1e074671b1d,551,2026-10-03T11:39:13.815722+07:00,550.0463046790001,550.0463046790001,MONITOR,550.1602728819998,1.000036942999941,0.2624331759998313,0.0001456099998904392,DISABLED,off,user_reported,40.22324752807617,63.381038665771484,1012.0478125,94482.375,True,True,True,176,0,0,109,176,101,2026-10-03T11:39:13.815877+07:00,550.0464767520002,0.1917675549998421,OK,,True,2026-10-03T11:39:14.007663+07:00,550.2382578810002,0.03550039299989294,OK,,True,855,0.106875,,2026-10-03T11:39:14.043169+07:00,550.273766329,0.03495465600008174,OK,,True,2176,0.272,
59fb0b3833d04c8cbdd8c1e074671b1d,552,2026-10-03T11:39:14.815670+07:00,551.0462615679999,551.0462615679999,MONITOR,551.1602297709996,0.9999568889998045,0.25174334000030285,0.00010249899969494436,DISABLED,off,user_reported,40.225162506103516,63.36796951293945,1012.0371875,94534.7109375,True,True,True,176,0,0,109,176,101,2026-10-03T11:39:14.815749+07:00,551.0463512340002,0.18581729799961977,OK,,True,2026-10-03T11:39:15.001577+07:00,551.232175143,0.03295003900029769,OK,,True,838,0.10475,,2026-10-03T11:39:15.034528+07:00,551.2651286820001,0.03286796700012928,OK,,True,2162,0.27025,
59fb0b3833d04c8cbdd8c1e074671b1d,553,2026-10-03T11:39:15.815656+07:00,552.046247494,552.046247494,MONITOR,552.1602156969998,0.9999859260001358,0.2517310250000264,8.842499983074958e-05,DISABLED,off,user_reported,40.22835159301758,63.368507385253906,1012.06296875,94587.1015625,True,True,True,176,0,0,109,176,101,2026-10-03T11:39:15.815735+07:00,552.046336808,0.18580733499993585,OK,,True,2026-10-03T11:39:16.001551+07:00,552.2321495880001,0.03297335399975054,OK,,True,854,0.10675,,2026-10-03T11:39:16.034525+07:00,552.2651263490002,0.03284420699992552,OK,,True,2165,0.270625,
59fb0b3833d04c8cbdd8c1e074671b1d,554,2026-10-03T11:39:16.815659+07:00,553.0462508649998,553.0462508649998,MONITOR,553.1602190679996,1.0000033709998206,0.25171765500044785,9.179599965136731e-05,DISABLED,off,user_reported,40.23090362548828,63.36225891113281,1012.067265625,95220.3828125,True,True,True,176,0,0,109,176,101,2026-10-03T11:39:16.815740+07:00,553.046342308,0.1858115390000421,OK,,True,2026-10-03T11:39:17.001562+07:00,553.2321597730001,0.032962520999717526,OK,,True,842,0.10525,,2026-10-03T11:39:17.034525+07:00,553.2651255169999,0.03283437300024161,OK,,True,2174,0.27175,
59fb0b3833d04c8cbdd8c1e074671b1d,555,2026-10-03T11:39:17.815657+07:00,554.0462487180002,554.0462487180002,MONITOR,554.160216921,0.9999978530004228,0.2518953949997922,8.964900007413235e-05,DISABLED,off,user_reported,40.227073669433594,63.381675720214844,1012.0609375,94639.5546875,True,True,True,176,0,0,109,176,101,2026-10-03T11:39:17.815738+07:00,554.0463402169999,0.1858024650000516,OK,,True,2026-10-03T11:39:18.001550+07:00,554.2321481640001,0.033141204999992624,OK,,True,817,0.10212500000000001,,2026-10-03T11:39:18.034692+07:00,554.2652926830001,0.03284342999995715,OK,,True,2166,0.27075,
59fb0b3833d04c8cbdd8c1e074671b1d,556,2026-10-03T11:39:18.815658+07:00,555.0462494600001,555.0462494600001,MONITOR,555.1602176629999,1.0000007419998838,0.251660229999743,9.039099995789002e-05,DISABLED,off,user_reported,40.22835159301758,63.368507385253906,1012.02859375,94587.1015625,True,True,True,176,0,0,109,176,101,2026-10-03T11:39:18.815738+07:00,555.046339774,0.18579622500010373,OK,,True,2026-10-03T11:39:19.001542+07:00,555.232141129,0.03294798400020227,OK,,True,841,0.105125,,2026-10-03T11:39:19.034491+07:00,555.265091965,0.03281041099990034,OK,,True,2166,0.27075,
59fb0b3833d04c8cbdd8c1e074671b1d,557,2026-10-03T11:39:19.815717+07:00,556.0463000919999,556.0463000919999,MONITOR,556.1602682949997,1.000050631999784,0.262618491000012,0.00014102299974183552,DISABLED,off,user_reported,40.22771453857422,63.361717224121094,1012.048359375,94797.2578125,True,True,True,176,0,0,109,176,101,2026-10-03T11:39:19.815872+07:00,556.046471832,0.19176668499994776,OK,,True,2026-10-03T11:39:20.007658+07:00,556.238252313,0.03537394900013169,OK,,True,853,0.106625,,2026-10-03T11:39:20.043036+07:00,556.2736343360002,0.03526682099982281,OK,,True,2169,0.271125,
59fb0b3833d04c8cbdd8c1e074671b1d,558,2026-10-03T11:39:20.815727+07:00,557.0463099839999,557.0463099839999,MONITOR,557.1602781869997,1.00000989199998,0.2625073250001151,0.00015091499972186284,DISABLED,off,user_reported,40.22835159301758,63.361820220947266,1012.05609375,94639.5546875,True,True,True,176,0,0,109,176,101,2026-10-03T11:39:20.815882+07:00,557.046482057,0.19174162999979671,OK,,True,2026-10-03T11:39:21.007641+07:00,557.238236057,0.03537850500015338,OK,,True,850,0.10625,,2026-10-03T11:39:21.043024+07:00,557.2736222839999,0.03517826600000262,OK,,True,2177,0.272125,
59fb0b3833d04c8cbdd8c1e074671b1d,559,2026-10-03T11:39:21.815728+07:00,558.0463093580001,558.0463093580001,MONITOR,558.1602775609999,0.9999993740002537,0.2626204539997161,0.00015028899997560075,DISABLED,off,user_reported,40.22898864746094,63.37530517578125,1012.0365625,95167.2890625,True,True,True,176,0,0,109,176,101,2026-10-03T11:39:21.815883+07:00,558.046483227,0.191774149000139,OK,,True,2026-10-03T11:39:22.007677+07:00,558.2382706349999,0.03534874600018156,OK,,True,851,0.106375,,2026-10-03T11:39:22.043029+07:00,558.2736277140002,0.035285931999624154,OK,,True,2176,0.272,
59fb0b3833d04c8cbdd8c1e074671b1d,560,2026-10-03T11:39:22.815721+07:00,559.0463096220001,559.0463096220001,MONITOR,559.1602778249999,1.0000002639999366,0.25177104500016867,0.00015055299991217908,DISABLED,off,user_reported,40.234092712402344,63.36279296875,1012.051640625,94534.7109375,True,True,True,176,0,0,109,176,101,2026-10-03T11:39:22.815829+07:00,559.046430547,0.18584102100021482,OK,,True,2026-10-03T11:39:23.001679+07:00,559.2322769759999,0.03297035400009918,OK,,True,857,0.107125,,2026-10-03T11:39:23.034650+07:00,559.2652504970001,0.03282252200006042,OK,,True,2170,0.27125,
59fb0b3833d04c8cbdd8c1e074671b1d,561,2026-10-03T11:39:23.815658+07:00,560.0462492940001,560.0462492940001,MONITOR,560.1602174969998,0.9999396719999822,0.25169450900011725,9.022499989441712e-05,DISABLED,off,user_reported,40.232818603515625,63.36258316040039,1012.036015625,94377.8828125,True,True,True,176,0,0,109,176,101,2026-10-03T11:39:23.815736+07:00,560.0463375710001,0.18580959600012648,OK,,True,2026-10-03T11:39:24.001555+07:00,560.2321525000002,0.03296061399987593,OK,,True,837,0.104625,,2026-10-03T11:39:24.034515+07:00,560.2651160579999,0.03282033699997555,OK,,True,2168,0.271,
59fb0b3833d04c8cbdd8c1e074671b1d,562,2026-10-03T11:39:24.815651+07:00,561.0462427810003,561.0462427810003,MONITOR,561.1602109840001,0.9999934870002107,0.25190915599978325,8.371200010515167e-05,DISABLED,off,user_reported,40.234092712402344,63.369483947753906,1012.05859375,94587.1015625,True,True,True,176,0,0,109,176,101,2026-10-03T11:39:24.815730+07:00,561.0463317439999,0.18584385400026804,OK,,True,2026-10-03T11:39:25.001583+07:00,561.2321811910001,0.033117816999947536,OK,,True,868,0.1085,,2026-10-03T11:39:25.034703+07:00,561.265302452,0.03284165200011557,OK,,True,2181,0.272625,
59fb0b3833d04c8cbdd8c1e074671b1d,563,2026-10-03T11:39:25.815650+07:00,562.0462411399999,562.0462411399999,MONITOR,562.1602093429997,0.9999983589996191,0.251891452000109,8.207099972423748e-05,DISABLED,off,user_reported,40.23855972290039,63.37693405151367,1012.045234375,94639.5546875,True,True,True,176,0,0,109,176,101,2026-10-03T11:39:25.815728+07:00,562.0463293980001,0.1858090219998303,OK,,True,2026-10-03T11:39:26.001548+07:00,562.232146031,0.03305687300007776,OK,,True,869,0.108625,,2026-10-03T11:39:26.034607+07:00,562.2652065890002,0.03291809499978626,OK,,True,2165,0.270625,
59fb0b3833d04c8cbdd8c1e074671b1d,564,2026-10-03T11:39:26.815657+07:00,563.0462485170001,563.0462485170001,MONITOR,563.1602167199999,1.0000073770002018,0.25174174999983734,8.944799992605112e-05,DISABLED,off,user_reported,40.2436637878418,63.364410400390625,1012.0465625,94744.6328125,True,True,True,176,0,0,109,176,101,2026-10-03T11:39:26.815737+07:00,563.0463385910002,0.18580348399973445,OK,,True,2026-10-03T11:39:27.001549+07:00,563.2321475009999,0.03299163200017574,OK,,True,864,0.108,,2026-10-03T11:39:27.034543+07:00,563.2651425220001,0.0328400779999356,OK,,True,2166,0.27075,
59fb0b3833d04c8cbdd8c1e074671b1d,565,2026-10-03T11:39:27.815794+07:00,564.046375246,564.046375246,MONITOR,564.1603434489998,1.0001267289999305,0.2533887390000018,0.00021617699985654326,DISABLED,off,user_reported,40.241111755371094,63.37736511230469,1012.056328125,94797.2578125,True,True,True,176,0,0,109,176,101,2026-10-03T11:39:27.815957+07:00,564.0465570410001,0.18679834900012793,OK,,True,2026-10-03T11:39:28.002766+07:00,564.2333637790002,0.03305342799967548,OK,,True,850,0.10625,,2026-10-03T11:39:28.035823+07:00,564.266421503,0.033332019000226865,OK,,True,2158,0.26975,
59fb0b3833d04c8cbdd8c1e074671b1d,566,2026-10-03T11:39:28.815652+07:00,565.0462439399998,565.0462439399998,MONITOR,565.1602121429996,0.9998686939998152,0.2517355100003442,8.487099967169343e-05,DISABLED,off,user_reported,40.24557876586914,63.3647346496582,1012.07046875,94325.71875,True,True,True,176,0,0,109,176,101,2026-10-03T11:39:28.815730+07:00,565.0463320510003,0.18584661399972902,OK,,True,2026-10-03T11:39:29.001586+07:00,565.2321844620001,0.03293176199986192,OK,,True,862,0.10775,,2026-10-03T11:39:29.034519+07:00,565.2651194650002,0.032851687999936985,OK,,True,2162,0.27025,
59fb0b3833d04c8cbdd8c1e074671b1d,567,2026-10-03T11:39:29.815652+07:00,566.046243672,566.046243672,MONITOR,566.1602118749997,0.9999997320001057,0.25184154499993383,8.46029997774167e-05,DISABLED,off,user_reported,40.24557876586914,63.3647346496582,1012.042890625,94587.1015625,True,True,True,176,0,0,109,176,101,2026-10-03T11:39:29.815731+07:00,566.04633319,0.18580455900018933,OK,,True,2026-10-03T11:39:30.001546+07:00,566.2321437670003,0.03298324399975172,OK,,True,839,0.104875,,2026-10-03T11:39:30.034529+07:00,566.265130196,0.03294696600005409,OK,,True,2167,0.27087500000000003,
59fb0b3833d04c8cbdd8c1e074671b1d,568,2026-10-03T11:39:30.815662+07:00,567.0462537369999,567.0462537369999,MONITOR,567.1602219399997,1.0000100649999695,0.2517375649999849,9.466799974688911e-05,DISABLED,off,user_reported,40.24302673339844,63.37099838256836,1012.03875,94430.1015625,True,True,True,176,0,0,109,176,101,2026-10-03T11:39:30.815739+07:00,567.0463409029999,0.18580828200038013,OK,,True,2026-10-03T11:39:31.001556+07:00,567.2321550360002,0.032972298999993654,OK,,True,861,0.107625,,2026-10-03T11:39:31.034529+07:00,567.2651302429999,0.03285207699991588,OK,,True,2155,0.26937500000000003,
59fb0b3833d04c8cbdd8c1e074671b1d,569,2026-10-03T11:39:31.815655+07:00,568.0462463580002,568.0462463580002,MONITOR,568.160214561,0.9999926210002741,0.25190897199991014,8.728900002097362e-05,DISABLED,off,user_reported,40.25004577636719,63.35881042480469,1012.05703125,94587.1015625,True,True,True,176,0,0,109,176,101,2026-10-03T11:39:31.815734+07:00,568.0463357100002,0.1858067629996185,OK,,True,2026-10-03T11:39:32.001550+07:00,568.2321478620001,0.033133761000044615,OK,,True,850,0.10625,,2026-10-03T11:39:32.034685+07:00,568.2652849000001,0.032862559000022884,OK,,True,2165,0.270625,
59fb0b3833d04c8cbdd8c1e074671b1d,570,2026-10-03T11:39:32.815655+07:00,569.0462474249998,569.0462474249998,MONITOR,569.1602156279996,1.00000106699963,0.2553446340002665,8.835599965095753e-05,DISABLED,off,user_reported,40.24940872192383,63.36538314819336,1012.0628125,94902.6875,True,True,True,176,0,0,109,176,101,2026-10-03T11:39:32.815737+07:00,569.0463384979998,0.1871538660002443,OK,,True,2026-10-03T11:39:33.002909+07:00,569.233504586,0.033048464999865246,OK,,True,841,0.105125,,2026-10-03T11:39:33.035962+07:00,569.2665599400002,0.035018877999846154,OK,,True,2154,0.26925,
59fb0b3833d04c8cbdd8c1e074671b1d,571,2026-10-03T11:39:33.815654+07:00,570.0462461400002,570.0462461400002,MONITOR,570.160214343,0.9999987150004017,0.2517707319998408,8.707100005267421e-05,DISABLED,off,user_reported,40.24748992919922,63.365074157714844,1012.03890625,94744.6328125,True,True,True,176,0,0,109,176,101,2026-10-03T11:39:33.815733+07:00,570.0463345839999,0.1858226710000963,OK,,True,2026-10-03T11:39:34.001565+07:00,570.232162792,0.032966242999918904,OK,,True,850,0.10625,,2026-10-03T11:39:34.034532+07:00,570.265131961,0.032876355000098556,OK,,True,2167,0.27087500000000003,
59fb0b3833d04c8cbdd8c1e074671b1d,572,2026-10-03T11:39:34.815651+07:00,571.0462430970001,571.0462430970001,MONITOR,571.1602112999999,0.9999969569998939,0.2517323249999208,8.402799994655652e-05,DISABLED,off,user_reported,40.24940872192383,63.36538314819336,1012.035390625,94482.375,True,True,True,176,0,0,109,176,101,2026-10-03T11:39:34.815730+07:00,571.0463315410002,0.18580381899982967,OK,,True,2026-10-03T11:39:35.001546+07:00,571.232143749,0.03297833600026934,OK,,True,848,0.106,,2026-10-03T11:39:35.034526+07:00,571.2651260289999,0.03284105900002032,OK,,True,2171,0.27137500000000003,
59fb0b3833d04c8cbdd8c1e074671b1d,573,2026-10-03T11:39:35.815654+07:00,572.0462455910001,572.0462455910001,MONITOR,572.1602137939999,1.0000024940000003,0.2517578060001142,8.652199994685361e-05,DISABLED,off,user_reported,40.25196075439453,63.37919616699219,1012.01890625,94849.9453125,True,True,True,176,0,0,109,176,101,2026-10-03T11:39:35.815735+07:00,572.046336424,0.18580483699997785,OK,,True,2026-10-03T11:39:36.001551+07:00,572.2321492609999,0.033013688000210095,OK,,True,839,0.104875,,2026-10-03T11:39:36.034566+07:00,572.2651665050003,0.03282891099979679,OK,,True,2164,0.2705,
59fb0b3833d04c8cbdd8c1e074671b1d,574,2026-10-03T11:39:36.815657+07:00,573.046248956,573.046248956,MONITOR,573.1602171589998,1.000003364999884,0.2517554179999024,8.988699983092374e-05,DISABLED,off,user_reported,40.25259780883789,63.365928649902344,1012.05421875,94377.8828125,True,True,True,176,0,0,109,176,101,2026-10-03T11:39:36.815738+07:00,573.046339382,0.18580709700017906,OK,,True,2026-10-03T11:39:37.001557+07:00,573.232154627,0.03298983600006977,OK,,True,835,0.104375,,2026-10-03T11:39:37.034550+07:00,573.265148685,0.0328470039999047,OK,,True,2168,0.271,
59fb0b3833d04c8cbdd8c1e074671b1d,575,2026-10-03T11:39:37.815656+07:00,574.0462473590001,574.0462473590001,MONITOR,574.1602155619998,0.9999984030000633,0.2641838539998389,8.828999989418662e-05,DISABLED,off,user_reported,40.25196075439453,63.37919616699219,1012.03265625,94587.1015625,True,True,True,176,0,0,109,176,101,2026-10-03T11:39:37.815735+07:00,574.046336507,0.1907456940002703,OK,,True,2026-10-03T11:39:38.006511+07:00,574.2371035890001,0.03826406100006352,OK,,True,873,0.109125,,2026-10-03T11:39:38.044790+07:00,574.2753822979998,0.03501878500037492,OK,,True,2169,0.271125,
59fb0b3833d04c8cbdd8c1e074671b1d,576,2026-10-03T11:39:38.815676+07:00,575.0462671330001,575.0462671330001,MONITOR,575.1602353359999,1.0000197740000658,0.2518863989998863,0.00010806399995999527,DISABLED,off,user_reported,40.25642395019531,63.373268127441406,1012.074140625,94325.71875,True,True,True,176,0,0,109,176,101,2026-10-03T11:39:38.815761+07:00,575.0463631140001,0.1858117450001373,OK,,True,2026-10-03T11:39:39.001585+07:00,575.2321832110001,0.03312111300010656,OK,,True,841,0.105125,,2026-10-03T11:39:39.034708+07:00,575.2653081389999,0.032837669999935315,OK,,True,2162,0.27025,
59fb0b3833d04c8cbdd8c1e074671b1d,577,2026-10-03T11:39:39.815652+07:00,576.046244093,576.046244093,MONITOR,576.1602122959998,0.9999769599999127,0.25173995500017554,8.502399987264653e-05,DISABLED,off,user_reported,40.25897979736328,63.38039779663086,1012.03703125,94849.9453125,True,True,True,176,0,0,109,176,101,2026-10-03T11:39:39.815733+07:00,576.0463351660001,0.18580531999987215,OK,,True,2026-10-03T11:39:40.001549+07:00,576.2321476900001,0.03299881699967955,OK,,True,843,0.105375,,2026-10-03T11:39:40.034550+07:00,576.26515023,0.032825762999891595,OK,,True,2166,0.27075,
59fb0b3833d04c8cbdd8c1e074671b1d,578,2026-10-03T11:39:40.815656+07:00,577.0462477010001,577.0462477010001,MONITOR,577.1602159039999,1.0000036080000427,0.25172402999987753,8.86319999153784e-05,DISABLED,off,user_reported,40.258338928222656,63.373592376708984,1012.0496875,94221.5703125,True,True,True,176,0,0,109,176,101,2026-10-03T11:39:40.815737+07:00,577.0463384969999,0.18582057900039217,OK,,True,2026-10-03T11:39:41.001569+07:00,577.2321666500002,0.0329675589996441,OK,,True,859,0.107375,,2026-10-03T11:39:41.034537+07:00,577.2651374860002,0.032826985999690805,OK,,True,2167,0.27087500000000003,
59fb0b3833d04c8cbdd8c1e074671b1d,579,2026-10-03T11:39:41.815658+07:00,578.0462494399999,578.0462494399999,MONITOR,578.1602176429997,1.0000017389997993,0.2517348450001009,9.037099971465068e-05,DISABLED,off,user_reported,40.2577018737793,63.3600959777832,1012.041953125,94377.8828125,True,True,True,176,0,0,109,176,101,2026-10-03T11:39:41.815739+07:00,578.046341106,0.18581122800014782,OK,,True,2026-10-03T11:39:42.001562+07:00,578.2321605739999,0.03298098499999469,OK,,True,860,0.1075,,2026-10-03T11:39:42.034545+07:00,578.265145114,0.032831225999871094,OK,,True,2165,0.270625,
59fb0b3833d04c8cbdd8c1e074671b1d,580,2026-10-03T11:39:42.815656+07:00,579.0462476980001,579.0462476980001,MONITOR,579.1602159009999,0.9999982580002325,0.2526128949998565,8.86289999471046e-05,DISABLED,off,user_reported,40.258338928222656,63.373592376708984,1012.0565625,94013.953125,True,True,True,176,0,0,109,176,101,2026-10-03T11:39:42.815735+07:00,579.0463372720001,0.18580600499990396,OK,,True,2026-10-03T11:39:43.001553+07:00,579.2321507770002,0.03297768799984624,OK,,True,846,0.10575,,2026-10-03T11:39:43.034532+07:00,579.2651319460001,0.0337129989998175,OK,,True,2176,0.272,
59fb0b3833d04c8cbdd8c1e074671b1d,581,2026-10-03T11:39:43.815675+07:00,580.0462665489999,580.0462665489999,MONITOR,580.1602347519997,1.0000188509998225,0.2517189560003317,0.00010747999976956635,DISABLED,off,user_reported,40.25897979736328,63.38039779663086,1012.05078125,94325.71875,True,True,True,176,0,0,109,176,101,2026-10-03T11:39:43.815755+07:00,580.0463563449998,0.1858220050003183,OK,,True,2026-10-03T11:39:44.001588+07:00,580.232185887,0.03295196599992778,OK,,True,851,0.106375,,2026-10-03T11:39:44.034541+07:00,580.2651412609998,0.032835967000210076,OK,,True,2165,0.270625,
59fb0b3833d04c8cbdd8c1e074671b1d,582,2026-10-03T11:39:44.815657+07:00,581.0462486229999,581.0462486229999,MONITOR,581.1602168259997,0.999982073999945,0.25173643800007994,8.955399971455336e-05,DISABLED,off,user_reported,40.262168884277344,63.38761901855469,1012.0490625,94482.375,True,True,True,176,0,0,109,176,101,2026-10-03T11:39:44.815738+07:00,581.0463396599998,0.1858254680000755,OK,,True,2026-10-03T11:39:45.001575+07:00,581.2321729800001,0.03296220699985497,OK,,True,839,0.104875,,2026-10-03T11:39:45.034538+07:00,581.265138964,0.03283791200010455,OK,,True,2170,0.27125,
59fb0b3833d04c8cbdd8c1e074671b1d,583,2026-10-03T11:39:45.815668+07:00,582.0462598089998,582.0462598089998,MONITOR,582.1602280119996,1.0000111859999379,0.25189106600009836,0.00010073999965243274,DISABLED,off,user_reported,40.26471710205078,63.36798858642578,1012.08078125,94325.71875,True,True,True,176,0,0,109,176,101,2026-10-03T11:39:45.815750+07:00,582.0463521790002,0.1858179129999371,OK,,True,2026-10-03T11:39:46.001580+07:00,582.2321780550001,0.03313379800010807,OK,,True,834,0.10425,,2026-10-03T11:39:46.034715+07:00,582.2653155940002,0.032827688999987004,OK,,True,2161,0.270125,
59fb0b3833d04c8cbdd8c1e074671b1d,584,2026-10-03T11:39:46.815670+07:00,583.046261551,583.046261551,MONITOR,583.1602297539998,1.0000017420002223,0.25170967900021424,0.00010248199987472617,DISABLED,off,user_reported,40.265357971191406,63.36140441894531,1012.04734375,94273.6171875,True,True,True,176,0,0,109,176,101,2026-10-03T11:39:46.815753+07:00,583.0463546800001,0.18582039400007488,OK,,True,2026-10-03T11:39:47.001585+07:00,583.232183482,0.03292766999993546,OK,,True,854,0.10675,,2026-10-03T11:39:47.034513+07:00,583.2651144669999,0.03284889199994723,OK,,True,2162,0.27025,
59fb0b3833d04c8cbdd8c1e074671b1d,585,2026-10-03T11:39:47.815680+07:00,584.0462707930001,584.0462707930001,MONITOR,584.1602389959999,1.0000092420000328,0.25170323500015,0.00011172399990755366,DISABLED,off,user_reported,40.26152801513672,63.380836486816406,1012.048046875,94744.6328125,True,True,True,176,0,0,109,176,101,2026-10-03T11:39:47.815764+07:00,584.0463657189998,0.1858179310002015,OK,,True,2026-10-03T11:39:48.001594+07:00,584.2321917059999,0.03292142899999817,OK,,True,838,0.10475,,2026-10-03T11:39:48.034516+07:00,584.2651165060001,0.03284915199992611,OK,,True,2171,0.27137500000000003,
59fb0b3833d04c8cbdd8c1e074671b1d,586,2026-10-03T11:39:48.815668+07:00,585.0462599440002,585.0462599440002,MONITOR,585.160228147,0.9999891510001362,0.2517176979999931,0.00010087500004374306,DISABLED,off,user_reported,40.26982498168945,63.36884689331055,1012.068359375,94169.578125,True,True,True,176,0,0,109,176,101,2026-10-03T11:39:48.815750+07:00,585.0463514620001,0.18582148699988466,OK,,True,2026-10-03T11:39:49.001583+07:00,585.2321808940001,0.032929261999925075,OK,,True,877,0.109625,,2026-10-03T11:39:49.034513+07:00,585.265113508,0.03285561500024414,OK,,True,2157,0.269625,
59fb0b3833d04c8cbdd8c1e074671b1d,587,2026-10-03T11:39:49.815657+07:00,586.0462499290002,586.0462499290002,MONITOR,586.160218132,0.9999899849999565,0.251805418999993,9.086000000024796e-05,DISABLED,off,user_reported,40.26791000366211,63.375221252441406,1012.0928125,94273.6171875,True,True,True,176,0,0,109,176,101,2026-10-03T11:39:49.815739+07:00,586.0463410020002,0.1858195429999796,OK,,True,2026-10-03T11:39:50.001570+07:00,586.2321684520002,0.032958280999991985,OK,,True,865,0.108125,,2026-10-03T11:39:50.034530+07:00,586.2651301219998,0.032917226000336086,OK,,True,2164,0.2705,
59fb0b3833d04c8cbdd8c1e074671b1d,588,2026-10-03T11:39:50.815664+07:00,587.046256136,587.046256136,MONITOR,587.1602243389998,1.000006206999842,0.25171690100023625,9.706699984235456e-05,DISABLED,off,user_reported,40.26791000366211,63.375221252441406,1012.010234375,94013.953125,True,True,True,176,0,0,109,176,101,2026-10-03T11:39:50.815745+07:00,587.0463470059999,0.18581382000002122,OK,,True,2026-10-03T11:39:51.001571+07:00,587.232169123,0.03294429900006435,OK,,True,861,0.107625,,2026-10-03T11:39:51.034516+07:00,587.2651165699999,0.032848264000222116,OK,,True,2168,0.271,
59fb0b3833d04c8cbdd8c1e074671b1d,589,2026-10-03T11:39:51.815687+07:00,588.0462774359999,588.0462774359999,MONITOR,588.1602456389996,1.000021299999844,0.25172984600021664,0.00011836699968625908,DISABLED,off,user_reported,40.27556610107422,63.37650680541992,1012.036484375,94013.953125,True,True,True,176,0,0,109,176,101,2026-10-03T11:39:51.815772+07:00,588.046373232,0.1858168389999264,OK,,True,2026-10-03T11:39:52.001600+07:00,588.2321975160003,0.032960632999675,OK,,True,847,0.105875,,2026-10-03T11:39:52.034561+07:00,588.2651615929999,0.03283680000004097,OK,,True,2169,0.271125,
59fb0b3833d04c8cbdd8c1e074671b1d,590,2026-10-03T11:39:52.815665+07:00,589.0462571080002,589.0462571080002,MONITOR,589.160225311,0.999979672000336,0.251910788999794,9.803900002225419e-05,DISABLED,off,user_reported,40.27492904663086,63.369712829589844,1012.048984375,94534.7109375,True,True,True,176,0,0,109,176,101,2026-10-03T11:39:52.815745+07:00,589.0463467740001,0.18581306199985193,OK,,True,2026-10-03T11:39:53.001570+07:00,589.2321674280001,0.033126447000086046,OK,,True,851,0.106375,,2026-10-03T11:39:53.034697+07:00,589.2652971339999,0.032861949000107415,OK,,True,2167,0.27087500000000003,
59fb0b3833d04c8cbdd8c1e074671b1d,591,2026-10-03T11:39:53.815685+07:00,590.0462752799999,590.0462752799999,MONITOR,590.1602434829997,1.0000181719997272,0.25175429000000804,0.00011621099974945537,DISABLED,off,user_reported,40.27556610107422,63.363128662109375,1012.050234375,94273.6171875,True,True,True,176,0,0,109,176,101,2026-10-03T11:39:53.815774+07:00,590.046375761,0.1858166170000004,OK,,True,2026-10-03T11:39:54.001603+07:00,590.2322002300002,0.032964985000035085,OK,,True,876,0.1095,,2026-10-03T11:39:54.034567+07:00,590.2651685670003,0.032852780999746756,OK,,True,2169,0.271125,
59fb0b3833d04c8cbdd8c1e074671b1d,592,2026-10-03T11:39:54.815667+07:00,591.0462569709998,591.0462569709998,MONITOR,591.1602251739996,0.9999816909999026,0.2519851600000038,9.790199965209467e-05,DISABLED,off,user_reported,40.276206970214844,63.369930267333984,1012.0375,92518.9765625,True,True,True,176,0,0,109,176,101,2026-10-03T11:39:54.815755+07:00,591.0463565630002,0.1860368389998257,OK,,True,2026-10-03T11:39:55.001804+07:00,591.23240179,0.03296494799997163,OK,,True,860,0.1075,,2026-10-03T11:39:55.034769+07:00,591.2653697380001,0.0328631709999172,OK,,True,2180,0.2725,
59fb0b3833d04c8cbdd8c1e074671b1d,593,2026-10-03T11:39:55.815847+07:00,592.046432829,592.046432829,MONITOR,592.1604010319998,1.0001758580001479,0.2519054929998674,0.0002737599997999496,DISABLED,off,user_reported,40.27492904663086,63.376407623291016,1012.042265625,94013.953125,True,True,True,176,0,0,109,176,101,2026-10-03T11:39:55.815978+07:00,592.0465789200002,0.18592178399967452,OK,,True,2026-10-03T11:39:56.001911+07:00,592.232508519,0.032969854999919335,OK,,True,848,0.106,,2026-10-03T11:39:56.034880+07:00,592.2654810220001,0.03284935600004246,OK,,True,2175,0.27187500000000003,
59fb0b3833d04c8cbdd8c1e074671b1d,594,2026-10-03T11:39:56.815684+07:00,593.0462752439998,593.0462752439998,MONITOR,593.1602434469996,0.9998424149998755,0.251920698000049,0.00011617499967542244,DISABLED,off,user_reported,40.27875518798828,63.36367416381836,1012.021015625,93858.84375,True,True,True,176,0,0,109,176,101,2026-10-03T11:39:56.815767+07:00,593.0463679660002,0.18583511799988628,OK,,True,2026-10-03T11:39:57.001614+07:00,593.2322116579999,0.032983318000333384,OK,,True,830,0.10375000000000001,,2026-10-03T11:39:57.034597+07:00,593.2651981980002,0.032988502999614866,OK,,True,2169,0.271125,
59fb0b3833d04c8cbdd8c1e074671b1d,595,2026-10-03T11:39:57.815692+07:00,594.046282974,594.046282974,MONITOR,594.1602511769997,1.0000077300001067,0.2517926250002347,0.00012390499978209846,DISABLED,off,user_reported,40.281944274902344,63.37759780883789,1012.039921875,94273.6171875,True,True,True,176,0,0,109,176,101,2026-10-03T11:39:57.815775+07:00,594.0463767890001,0.18582089499977883,OK,,True,2026-10-03T11:39:58.001608+07:00,594.2322062210001,0.032973206999940885,OK,,True,828,0.10350000000000001,,2026-10-03T11:39:58.034582+07:00,594.265182743,0.03288502300028995,OK,,True,2179,0.272375,
59fb0b3833d04c8cbdd8c1e074671b1d,596,2026-10-03T11:39:58.816313+07:00,595.046895294,595.046895294,MONITOR,595.1608634969998,1.000612320000073,0.25332278099995165,0.0007362249998550396,DISABLED,off,user_reported,40.279396057128906,63.37046813964844,1012.042734375,92619.390625,True,True,True,176,0,0,109,176,101,2026-10-03T11:39:58.816467+07:00,595.0470671630001,0.18722601599984046,OK,,True,2026-10-03T11:39:59.003705+07:00,595.2343017160001,0.03302633600014815,OK,,True,848,0.106,,2026-10-03T11:39:59.036732+07:00,595.267332034,0.032877430000098684,OK,,True,2168,0.271,
59fb0b3833d04c8cbdd8c1e074671b1d,597,2026-10-03T11:39:59.815693+07:00,596.0462878809999,596.0462878809999,MONITOR,596.1602560839997,0.9993925869998748,0.2520678079999925,0.0001288119997298054,DISABLED,off,user_reported,40.28258514404297,63.37771224975586,1012.0340625,94534.7109375,True,True,True,176,0,0,109,176,101,2026-10-03T11:39:59.815761+07:00,596.046362825,0.18582284000012805,OK,,True,2026-10-03T11:40:00.001597+07:00,596.2321935909999,0.03327583500004039,OK,,True,836,0.1045,,2026-10-03T11:40:00.034874+07:00,596.265473555,0.03287394900007712,OK,,True,2162,0.27025,
59fb0b3833d04c8cbdd8c1e074671b1d,598,2026-10-03T11:40:00.815648+07:00,597.046242076,597.046242076,MONITOR,597.1602102789998,0.9999541950001003,0.2517397179999534,8.300699983010418e-05,DISABLED,off,user_reported,40.280670166015625,63.384071350097656,1012.0446875,92219.0234375,True,True,True,176,0,0,109,176,101,2026-10-03T11:40:00.815727+07:00,597.0463283899999,0.18582228500008569,OK,,True,2026-10-03T11:40:01.001562+07:00,597.2321586379999,0.032954540999980964,OK,,True,843,0.105375,,2026-10-03T11:40:01.034517+07:00,597.2651165679999,0.03285696700004337,OK,,True,2167,0.27087500000000003,
59fb0b3833d04c8cbdd8c1e074671b1d,599,2026-10-03T11:40:01.815658+07:00,598.0462505310002,598.0462505310002,MONITOR,598.160218734,1.0000084550001702,0.25185793899981945,9.146200000031968e-05,DISABLED,off,user_reported,40.288326263427734,63.371986389160156,1012.05015625,92318.7890625,True,True,True,176,0,0,109,176,101,2026-10-03T11:40:01.815734+07:00,598.0463360489998,0.18583030300032988,OK,,True,2026-10-03T11:40:02.001578+07:00,598.232174408,0.032943133000117086,OK,,True,859,0.107375,,2026-10-03T11:40:02.034521+07:00,598.2651211709999,0.032978355000068404,OK,,True,2169,0.271125,
59fb0b3833d04c8cbdd8c1e074671b1d,600,2026-10-03T11:40:02.815656+07:00,599.0462498010002,599.0462498010002,MONITOR,599.160218004,0.9999992699999893,0.2517244769996978,9.07319999896572e-05,DISABLED,off,user_reported,40.286415100097656,63.37834930419922,1012.040234375,93858.84375,True,True,True,176,0,0,109,176,101,2026-10-03T11:40:02.815730+07:00,599.046331689,0.1858006369998293,OK,,True,2026-10-03T11:40:03.001543+07:00,599.2321400670003,0.03297574399994119,OK,,True,822,0.10275000000000001,,2026-10-03T11:40:03.034519+07:00,599.265119182,0.03284755899994707,OK,,True,2172,0.2715,
59fb0b3833d04c8cbdd8c1e074671b1d,601,2026-10-03T11:40:03.815651+07:00,600.046243887,600.046243887,MONITOR,600.1602120899997,0.9999940859997878,0.25945674100012184,8.481799977744231e-05,DISABLED,off,user_reported,40.287052154541016,63.378456115722656,1012.027421875,92119.46875,True,True,True,176,0,0,109,176,101,2026-10-03T11:40:03.815728+07:00,600.0463299970002,0.18912657800001398,OK,,True,2026-10-03T11:40:04.004875+07:00,600.235469057,0.03517795100015064,OK,,True,856,0.107,,2026-10-03T11:40:04.040056+07:00,600.2706540079998,0.03503265700010161,OK,,True,2168,0.271,
59fb0b3833d04c8cbdd8c1e074671b1d,602,2026-10-03T11:40:04.815713+07:00,601.0462970459998,601.0462970459998,MONITOR,601.1602652489996,1.00005315899989,0.2628194050003003,0.00013797699966744403,DISABLED,off,user_reported,40.28577423095703,63.37824249267578,1011.997890625,92418.7734375,True,True,True,176,0,0,109,176,101,2026-10-03T11:40:04.815867+07:00,601.0464671750001,0.18988351799998782,OK,,True,2026-10-03T11:40:05.005801+07:00,601.2363943780001,0.03606933399987611,OK,,True,870,0.10875,,2026-10-03T11:40:05.041873+07:00,601.272471453,0.03662823800004844,OK,,True,2175,0.27187500000000003,
59fb0b3833d04c8cbdd8c1e074671b1d,603,2026-10-03T11:40:05.815723+07:00,602.0463078180001,602.0463078180001,MONITOR,602.1602760209998,1.0000107720002234,0.25920926199978567,0.00014874899989081314,DISABLED,off,user_reported,40.28960418701172,63.37888717651367,1012.031640625,92619.390625,True,True,True,176,0,0,109,176,101,2026-10-03T11:40:05.815872+07:00,602.046472262,0.18910435599991615,OK,,True,2026-10-03T11:40:06.004994+07:00,602.2355885440002,0.03543537599989577,OK,,True,845,0.105625,,2026-10-03T11:40:06.040434+07:00,602.2710309009999,0.03447475300026781,OK,,True,2179,0.272375,
59fb0b3833d04c8cbdd8c1e074671b1d,604,2026-10-03T11:40:06.815720+07:00,603.0463051649999,603.0463051649999,MONITOR,603.1602733679997,0.9999973469998622,0.2590183560000696,0.00014609599975301535,DISABLED,off,user_reported,40.29151916503906,63.372528076171875,1012.05546875,92418.7734375,True,True,True,176,0,0,109,176,101,2026-10-03T11:40:06.815872+07:00,603.0464724789999,0.19100108400016325,OK,,True,2026-10-03T11:40:07.006896+07:00,603.2374889339999,0.034935046000100556,OK,,True,857,0.107125,,2026-10-03T11:40:07.041832+07:00,603.2724303310001,0.03288424499987741,OK,,True,2161,0.270125,
59fb0b3833d04c8cbdd8c1e074671b1d,605,2026-10-03T11:40:07.815656+07:00,604.046249383,604.046249383,MONITOR,604.1602175859998,0.9999442180001097,0.2533073939998758,9.031399986270117e-05,DISABLED,off,user_reported,40.294708251953125,63.366371154785156,1012.053828125,94430.1015625,True,True,True,176,0,0,109,176,101,2026-10-03T11:40:07.815736+07:00,604.046337234,0.18581602699987343,OK,,True,2026-10-03T11:40:08.001564+07:00,604.2321608719999,0.03447701200002484,OK,,True,829,0.10362500000000001,,2026-10-03T11:40:08.036046+07:00,604.2666434759999,0.0329045970001971,OK,,True,2167,0.27087500000000003,
59fb0b3833d04c8cbdd8c1e074671b1d,606,2026-10-03T11:40:08.815658+07:00,605.0462512859999,605.0462512859999,MONITOR,605.1602194889997,1.000001902999884,0.25205812500007596,9.221699974659714e-05,DISABLED,off,user_reported,40.29215621948242,63.36594009399414,1012.04265625,93807.2578125,True,True,True,176,0,0,109,176,101,2026-10-03T11:40:08.815738+07:00,605.0463401749998,0.18584447000012005,OK,,True,2026-10-03T11:40:09.001598+07:00,605.2321941640002,0.03298281799970937,OK,,True,857,0.107125,,2026-10-03T11:40:09.034580+07:00,605.2651809079998,0.033116354000412684,OK,,True,2166,0.27075,
59fb0b3833d04c8cbdd8c1e074671b1d,607,2026-10-03T11:40:09.815652+07:00,606.0462449870001,606.0462449870001,MONITOR,606.1602131899999,0.9999937010002213,0.25202042099999744,8.59179999679327e-05,DISABLED,off,user_reported,40.294071197509766,63.37295913696289,1012.05953125,92318.7890625,True,True,True,176,0,0,109,176,101,2026-10-03T11:40:09.815728+07:00,606.046330356,0.18582310100009636,OK,,True,2026-10-03T11:40:10.001567+07:00,606.2321629389999,0.03303589200004353,OK,,True,865,0.108125,,2026-10-03T11:40:10.034603+07:00,606.265202868,0.033052095000130066,OK,,True,2173,0.271625,
59fb0b3833d04c8cbdd8c1e074671b1d,608,2026-10-03T11:40:10.815649+07:00,607.0462425579999,607.0462425579999,MONITOR,607.1602107609997,0.999997570999767,0.25219403100027193,8.348899973498192e-05,DISABLED,off,user_reported,40.29789733886719,63.38030242919922,1012.045078125,94221.5703125,True,True,True,176,0,0,109,176,101,2026-10-03T11:40:10.815721+07:00,607.0463232050001,0.1858550639999521,OK,,True,2026-10-03T11:40:11.001591+07:00,607.232187825,0.033368445000178326,OK,,True,837,0.104625,,2026-10-03T11:40:11.034963+07:00,607.2655614179998,0.03286587500042515,OK,,True,2173,0.271625,
59fb0b3833d04c8cbdd8c1e074671b1d,609,2026-10-03T11:40:11.815651+07:00,608.046244574,608.046244574,MONITOR,608.1602127769997,1.0000020160000531,0.25861032200009504,8.550499978809967e-05,DISABLED,off,user_reported,40.29853439331055,63.367027282714844,1012.039296875,93858.84375,True,True,True,176,0,0,109,176,101,2026-10-03T11:40:11.815728+07:00,608.0463294249998,0.18620234000036362,OK,,True,2026-10-03T11:40:12.001948+07:00,608.2325426530001,0.035365672999887465,OK,,True,843,0.105375,,2026-10-03T11:40:12.037325+07:00,608.2679204370002,0.03691231099992365,OK,,True,2175,0.27187500000000003,
59fb0b3833d04c8cbdd8c1e074671b1d,610,2026-10-03T11:40:12.815713+07:00,609.046300294,609.046300294,MONITOR,609.1602684969998,1.0000557200000912,0.2623066679998374,0.00014122499987934134,DISABLED,off,user_reported,40.29789733886719,63.37361526489258,1012.038203125,94065.7734375,True,True,True,176,0,0,109,176,101,2026-10-03T11:40:12.815858+07:00,609.0464581639999,0.19181320899997445,OK,,True,2026-10-03T11:40:13.007697+07:00,609.2382887429999,0.03633444500019323,OK,,True,842,0.10525,,2026-10-03T11:40:13.044036+07:00,609.2746321509999,0.03395899700035443,OK,,True,2161,0.270125,
59fb0b3833d04c8cbdd8c1e074671b1d,611,2026-10-03T11:40:13.815674+07:00,610.0462664229999,610.0462664229999,MONITOR,610.1602346259997,0.9999661289998585,0.25556802800019796,0.00010735399973782478,DISABLED,off,user_reported,40.301090240478516,63.3741455078125,1012.0503125,92219.0234375,True,True,True,176,0,0,109,176,101,2026-10-03T11:40:13.815755+07:00,610.0463571630003,0.18865504599989436,OK,,True,2026-10-03T11:40:14.004428+07:00,610.2350224309998,0.033398001000023214,OK,,True,824,0.10300000000000001,,2026-10-03T11:40:14.037832+07:00,610.268428413,0.03339642699984324,OK,,True,2166,0.27075,
59fb0b3833d04c8cbdd8c1e074671b1d,612,2026-10-03T11:40:14.815655+07:00,611.046248312,611.046248312,MONITOR,611.1602165149998,0.9999818890000824,0.2605830130000868,8.924299982027151e-05,DISABLED,off,user_reported,40.30364227294922,63.38127136230469,1012.054453125,92318.7890625,True,True,True,176,0,0,109,176,101,2026-10-03T11:40:14.815730+07:00,611.0463318480001,0.1917890989998341,OK,,True,2026-10-03T11:40:15.007533+07:00,611.238128984,0.03576229999998759,OK,,True,837,0.104625,,2026-10-03T11:40:15.043302+07:00,611.2738988390001,0.03292022599998745,OK,,True,2160,0.27,
59fb0b3833d04c8cbdd8c1e074671b1d,613,2026-10-03T11:40:15.815658+07:00,612.046251404,612.046251404,MONITOR,612.1602196069998,1.0000030920000427,0.25355535600010626,9.233499986294191e-05,DISABLED,off,user_reported,40.30683135986328,63.37511444091797,1012.01828125,92318.7890625,True,True,True,176,0,0,109,176,101,2026-10-03T11:40:15.815732+07:00,612.046333755,0.18586219400003756,OK,,True,2026-10-03T11:40:16.001609+07:00,612.2322056530002,0.034635066999726405,OK,,True,847,0.105875,,2026-10-03T11:40:16.036251+07:00,612.2668475529999,0.03294663299993772,OK,,True,2143,0.26787500000000003,
59fb0b3833d04c8cbdd8c1e074671b1d,614,2026-10-03T11:40:16.815728+07:00,613.0463176819999,613.0463176819999,MONITOR,613.1602858849997,1.0000662779998493,0.25371170700009316,0.00015861299971220433,DISABLED,off,user_reported,40.30746841430664,63.3685417175293,1012.033046875,92219.0234375,True,True,True,176,0,0,109,176,101,2026-10-03T11:40:16.815826+07:00,613.0464278109998,0.1858798790003675,OK,,True,2026-10-03T11:40:17.001720+07:00,613.2323172830002,0.0342632719998619,OK,,True,834,0.10425,,2026-10-03T11:40:17.035991+07:00,613.2665868520003,0.03342814899997393,OK,,True,2153,0.269125,
59fb0b3833d04c8cbdd8c1e074671b1d,615,2026-10-03T11:40:17.815665+07:00,614.04625648,614.04625648,MONITOR,614.1602246829998,0.9999387980001302,0.2542438149998816,9.741099984239554e-05,DISABLED,off,user_reported,40.306190490722656,63.368324279785156,1012.05171875,92219.0234375,True,True,True,176,0,0,109,176,101,2026-10-03T11:40:17.815746+07:00,614.0463477389999,0.18582736100006514,OK,,True,2026-10-03T11:40:18.001586+07:00,614.2321838399998,0.03536630300004617,OK,,True,848,0.106,,2026-10-03T11:40:18.036959+07:00,614.2675557729999,0.03293570699997872,OK,,True,2158,0.26975,
59fb0b3833d04c8cbdd8c1e074671b1d,616,2026-10-03T11:40:18.815711+07:00,615.046301334,615.046301334,MONITOR,615.1602695369997,1.0000448539999525,0.25197966299992913,0.00014226499979486107,DISABLED,off,user_reported,40.308109283447266,63.38203048706055,1012.0271875,93858.84375,True,True,True,176,0,0,109,176,101,2026-10-03T11:40:18.815801+07:00,615.0464026109998,0.18584602700002506,OK,,True,2026-10-03T11:40:19.001659+07:00,615.2322564340002,0.0330841509999118,OK,,True,840,0.105,,2026-10-03T11:40:19.034756+07:00,615.2653489740001,0.03291770799978622,OK,,True,2152,0.269,
59fb0b3833d04c8cbdd8c1e074671b1d,617,2026-10-03T11:40:19.815668+07:00,616.046259318,616.046259318,MONITOR,616.1602275209998,0.9999579840000479,0.252933860000212,0.00010024899984273361,DISABLED,off,user_reported,40.306190490722656,63.368324279785156,1012.03796875,92318.7890625,True,True,True,176,0,0,109,176,101,2026-10-03T11:40:19.815748+07:00,616.046349965,0.18581812100001116,OK,,True,2026-10-03T11:40:20.001578+07:00,616.2321757519999,0.03351363000001584,OK,,True,840,0.105,,2026-10-03T11:40:20.035099+07:00,616.2656953820001,0.03348755599972719,OK,,True,2153,0.269125,
59fb0b3833d04c8cbdd8c1e074671b1d,618,2026-10-03T11:40:20.815657+07:00,617.0462490979999,617.0462490979999,MONITOR,617.1602173009996,0.9999897799998507,0.25476218300036635,9.00289996934589e-05,DISABLED,off,user_reported,40.30683135986328,63.38180160522461,1012.03890625,93858.84375,True,True,True,176,0,0,109,176,101,2026-10-03T11:40:20.815733+07:00,617.0463349500001,0.18582843500007584,OK,,True,2026-10-03T11:40:21.001574+07:00,617.232171737,0.03526395100016089,OK,,True,842,0.10525,,2026-10-03T11:40:21.036845+07:00,617.2674413549998,0.03355614800011608,OK,,True,2148,0.2685,
59fb0b3833d04c8cbdd8c1e074671b1d,619,2026-10-03T11:40:21.815712+07:00,618.046299953,618.046299953,MONITOR,618.1602681559998,1.0000508550001541,0.2547435530000257,0.00014088399984757416,DISABLED,off,user_reported,40.31257247924805,63.38279342651367,1012.04828125,93910.4921875,True,True,True,176,0,0,109,176,101,2026-10-03T11:40:21.815817+07:00,618.0464189899999,0.18586200900017502,OK,,True,2026-10-03T11:40:22.001692+07:00,618.232289351,0.03569033700023283,OK,,True,860,0.1075,,2026-10-03T11:40:22.037391+07:00,618.267986503,0.03304376300002332,OK,,True,2150,0.26875,
59fb0b3833d04c8cbdd8c1e074671b1d,620,2026-10-03T11:40:22.815655+07:00,619.0462478650002,619.0462478650002,MONITOR,619.160216068,0.9999479120001524,0.2523759579999023,8.87960000000021e-05,DISABLED,off,user_reported,40.31193542480469,63.38936996459961,1012.0471875,92418.7734375,True,True,True,176,0,0,109,176,101,2026-10-03T11:40:22.815728+07:00,619.046330272,0.18580865800004176,OK,,True,2026-10-03T11:40:23.001549+07:00,619.2321468740001,0.03297152300001471,OK,,True,850,0.10625,,2026-10-03T11:40:23.034522+07:00,619.265122156,0.03348918500023501,OK,,True,2154,0.26925,
59fb0b3833d04c8cbdd8c1e074671b1d,621,2026-10-03T11:40:23.815742+07:00,620.0463237580002,620.0463237580002,MONITOR,620.160291961,1.0000758930000302,0.26045010799998636,0.0001646890000301937,DISABLED,off,user_reported,40.31257247924805,63.36941146850586,1012.01390625,92318.7890625,True,True,True,176,0,0,109,176,101,2026-10-03T11:40:23.815889+07:00,620.046489461,0.19001866700000392,OK,,True,2026-10-03T11:40:24.005926+07:00,620.236521628,0.035202877999836346,OK,,True,847,0.105875,,2026-10-03T11:40:24.041132+07:00,620.271731284,0.03501884200022687,OK,,True,2176,0.272,
59fb0b3833d04c8cbdd8c1e074671b1d,622,2026-10-03T11:40:24.815674+07:00,621.0462666530002,621.0462666530002,MONITOR,621.160234856,0.9999428950000038,0.2546524059998774,0.00010758400003396673,DISABLED,off,user_reported,40.31066131591797,63.36908721923828,1010.194140625,93858.84375,True,True,True,176,0,0,109,176,101,2026-10-03T11:40:24.815748+07:00,621.0463503189999,0.18581312100013747,OK,,True,2026-10-03T11:40:25.001573+07:00,621.2321706809998,0.03302215100029571,OK,,True,858,0.10725,,2026-10-03T11:40:25.034597+07:00,621.265196758,0.03570841200007635,OK,,True,2152,0.269,
59fb0b3833d04c8cbdd8c1e074671b1d,623,2026-10-03T11:40:25.815656+07:00,622.0462489000001,622.0462489000001,MONITOR,622.1602171029999,0.9999822469999344,0.25171096199983367,8.983099996839883e-05,DISABLED,off,user_reported,40.29215621948242,63.28567123413086,1010.109140625,94221.5703125,True,True,True,176,0,0,109,176,101,2026-10-03T11:40:25.815728+07:00,622.0463293990001,0.18581399200002124,OK,,True,2026-10-03T11:40:26.001553+07:00,622.2321515940002,0.03296163400000296,OK,,True,848,0.106,,2026-10-03T11:40:26.034518+07:00,622.2651169310002,0.03283546800003023,OK,,True,2146,0.26825,
59fb0b3833d04c8cbdd8c1e074671b1d,624,2026-10-03T11:40:26.815658+07:00,623.0462514800001,623.0462514800001,MONITOR,623.1602196829999,1.0000025800000003,0.25451796300012575,9.241099996870616e-05,DISABLED,off,user_reported,40.23090362548828,62.881134033203125,1010.16140625,94273.6171875,True,True,True,176,0,0,109,176,101,2026-10-03T11:40:26.815730+07:00,623.0463322760002,0.18581113999971421,OK,,True,2026-10-03T11:40:27.001555+07:00,623.2321516930001,0.033854869000151666,OK,,True,851,0.106375,,2026-10-03T11:40:27.035414+07:00,623.2660114509999,0.034745751000173186,OK,,True,2125,0.265625,
59fb0b3833d04c8cbdd8c1e074671b1d,625,2026-10-03T11:40:27.815658+07:00,624.0462483760002,624.0462483760002,MONITOR,624.160216579,0.9999968960000842,0.25197642399962206,8.930700005294057e-05,DISABLED,on,user_reported,40.16901397705078,62.184356689453125,1010.11625,95326.7578125,True,True,True,176,0,0,109,176,101,2026-10-03T11:40:27.815735+07:00,624.0463365790001,0.18580049199999848,OK,,True,2026-10-03T11:40:28.001546+07:00,624.2321441079998,0.033021578000443697,OK,,True,858,0.10725,,2026-10-03T11:40:28.034571+07:00,624.265170482,0.03304474400010804,OK,,True,2119,0.264875,
59fb0b3833d04c8cbdd8c1e074671b1d,626,2026-10-03T11:40:28.815764+07:00,625.0463111980002,625.0463111980002,MONITOR,625.160279401,1.000062822000018,0.2526642899997569,0.0001521290000709996,DISABLED,on,user_reported,40.12116241455078,61.39943313598633,1010.080078125,97338.40625,True,True,True,176,0,0,109,176,101,2026-10-03T11:40:28.815883+07:00,625.046484901,0.1858945459998722,OK,,True,2026-10-03T11:40:29.001792+07:00,625.2323898180002,0.03367318399978103,OK,,True,843,0.105375,,2026-10-03T11:40:29.035471+07:00,625.266068724,0.03289705999986836,OK,,True,2123,0.265375,
59fb0b3833d04c8cbdd8c1e074671b1d,627,2026-10-03T11:40:29.815716+07:00,626.0463005209999,626.0463005209999,MONITOR,626.1602687239997,0.9999893229996815,0.26255498399996213,0.00014145199975246214,DISABLED,on,user_reported,40.059268951416016,60.54252243041992,1010.11046875,98348.0625,True,True,True,176,0,0,109,176,101,2026-10-03T11:40:29.815862+07:00,626.0464615199999,0.19181798900035574,OK,,True,2026-10-03T11:40:30.007699+07:00,626.2382937309999,0.035384859000259894,OK,,True,854,0.10675,,2026-10-03T11:40:30.043089+07:00,626.273686904,0.03515063800023199,OK,,True,2126,0.26575,
59fb0b3833d04c8cbdd8c1e074671b1d,628,2026-10-03T11:40:30.815674+07:00,627.0462665300001,627.0462665300001,MONITOR,627.1602347329999,0.999966009000218,0.2516552970000703,0.00010746099997049896,DISABLED,on,user_reported,40.016517639160156,59.6988410949707,1010.13078125,100549.8828125,True,True,True,176,0,0,109,176,101,2026-10-03T11:40:30.815743+07:00,627.0463452889999,0.18580643600034819,OK,,True,2026-10-03T11:40:31.001561+07:00,627.2321592620001,0.03294674500011752,OK,,True,855,0.106875,,2026-10-03T11:40:31.034510+07:00,627.2651099139998,0.03280383900028028,OK,,True,2113,0.264125,
59fb0b3833d04c8cbdd8c1e074671b1d,629,2026-10-03T11:40:31.815661+07:00,628.046252521,628.046252521,MONITOR,628.1602207239998,0.9999859909999032,0.2523492179998357,9.345199987365049e-05,DISABLED,on,user_reported,39.97121810913086,58.9236946105957,1010.091796875,101992.03125,True,True,True,176,0,0,109,176,101,2026-10-03T11:40:31.815735+07:00,628.046336724,0.1859185839998645,OK,,True,2026-10-03T11:40:32.001669+07:00,628.232266604,0.03361781500007055,OK,,True,849,0.106125,,2026-10-03T11:40:32.035299+07:00,628.2658939000003,0.03269300599959024,OK,,True,2085,0.260625,
59fb0b3833d04c8cbdd8c1e074671b1d,630,2026-10-03T11:40:32.815696+07:00,629.0462861410001,629.0462861410001,MONITOR,629.1602543439999,1.0000336200000675,0.25202172099989184,0.00012707199994110852,DISABLED,on,user_reported,39.91634750366211,58.17606735229492,1010.01671875,102852.5546875,True,True,True,176,0,0,109,176,101,2026-10-03T11:40:32.815777+07:00,629.0463788259999,0.18582082600005378,OK,,True,2026-10-03T11:40:33.001610+07:00,629.2322081510001,0.033269927999754145,OK,,True,844,0.1055,,2026-10-03T11:40:33.034884+07:00,629.2654825049999,0.032817098000123224,OK,,True,2107,0.263375,
59fb0b3833d04c8cbdd8c1e074671b1d,631,2026-10-03T11:40:33.815748+07:00,630.046336892,630.046336892,MONITOR,630.1603050949998,1.0000507509998897,0.25185009300003003,0.0001778229998308234,DISABLED,on,user_reported,39.86402893066406,57.496665954589844,1010.03515625,104810.6484375,True,True,True,176,0,0,109,176,101,2026-10-03T11:40:33.815841+07:00,630.0464420399999,0.1858647510002811,OK,,True,2026-10-03T11:40:34.001717+07:00,630.2323149950003,0.03298483699973076,OK,,True,847,0.105875,,2026-10-03T11:40:34.034704+07:00,630.2653038500002,0.03287481999996089,OK,,True,2083,0.260375,
59fb0b3833d04c8cbdd8c1e074671b1d,632,2026-10-03T11:40:34.815658+07:00,631.0462487929999,631.0462487929999,MONITOR,631.1602169959997,0.9999119009999049,0.2517107600001509,8.972399973572465e-05,DISABLED,on,user_reported,39.81745147705078,56.878822326660156,1010.049140625,105654.1484375,True,True,True,176,0,0,109,176,101,2026-10-03T11:40:34.815738+07:00,631.0463401810002,0.18580514099994616,OK,,True,2026-10-03T11:40:35.001556+07:00,631.2321529700002,0.032979762999730156,OK,,True,838,0.10475,,2026-10-03T11:40:35.034537+07:00,631.2651368440002,0.03281520900009127,OK,,True,2097,0.262125,
59fb0b3833d04c8cbdd8c1e074671b1d,633,2026-10-03T11:40:35.815709+07:00,632.0462940080001,632.0462940080001,MONITOR,632.1602622109999,1.0000452150002275,0.2626125030001276,0.0001349389999631967,DISABLED,on,user_reported,39.76768493652344,56.32061004638672,1010.092421875,107112.96875,True,True,True,176,0,0,109,176,101,2026-10-03T11:40:35.815848+07:00,632.0464476360003,0.19177487899969492,OK,,True,2026-10-03T11:40:36.007644+07:00,632.2382381820003,0.03537358099993071,OK,,True,855,0.106875,,2026-10-03T11:40:36.043024+07:00,632.2736209290001,0.035267766999822925,OK,,True,2100,0.2625,
59fb0b3833d04c8cbdd8c1e074671b1d,634,2026-10-03T11:40:36.815668+07:00,633.0462595200001,633.0462595200001,MONITOR,633.1602277229999,0.999965512000017,0.2536649700000453,0.00010045099998023943,DISABLED,on,user_reported,39.71281051635742,55.80190658569336,1010.0653125,108199.4921875,True,True,True,176,0,0,109,176,101,2026-10-03T11:40:36.815748+07:00,633.0463496860002,0.18580843699965044,OK,,True,2026-10-03T11:40:37.001569+07:00,633.2321659939998,0.03299030000016501,OK,,True,859,0.107375,,2026-10-03T11:40:37.034561+07:00,633.2651602569999,0.03474413999992976,OK,,True,2096,0.262,
59fb0b3833d04c8cbdd8c1e074671b1d,635,2026-10-03T11:40:37.815667+07:00,634.0462584960001,634.0462584960001,MONITOR,634.1602266989998,0.9999989759999153,0.2521496650001609,9.942699989551329e-05,DISABLED,on,user_reported,39.675804138183594,55.351680755615234,1010.039765625,109729.9609375,True,True,True,176,0,0,109,176,101,2026-10-03T11:40:37.815750+07:00,634.0463517359999,0.18581193699992582,OK,,True,2026-10-03T11:40:38.001574+07:00,634.2321714509999,0.03317479900033504,OK,,True,837,0.104625,,2026-10-03T11:40:38.034753+07:00,634.265350824,0.0330473180001718,OK,,True,2091,0.261375,
59fb0b3833d04c8cbdd8c1e074671b1d,636,2026-10-03T11:40:38.815653+07:00,635.04624625,635.04624625,MONITOR,635.1602144529998,0.9999877539999034,0.2520356280001579,8.718099979887484e-05,DISABLED,on,user_reported,39.606895446777344,54.929752349853516,1009.983203125,110297.2890625,True,True,True,176,0,0,109,176,101,2026-10-03T11:40:38.815718+07:00,635.0463200270001,0.18581904799975746,OK,,True,2026-10-03T11:40:39.001551+07:00,635.2321480380001,0.03326516900006027,OK,,True,854,0.10675,,2026-10-03T11:40:39.034821+07:00,635.2654190960002,0.03285381999967285,OK,,True,2089,0.261125,
59fb0b3833d04c8cbdd8c1e074671b1d,637,2026-10-03T11:40:39.815655+07:00,636.0462485040002,636.0462485040002,MONITOR,636.160216707,1.0000022540002647,0.2518683149996832,8.943500006353133e-05,DISABLED,on,user_reported,39.545005798339844,54.56752014160156,1010.0203125,111159.359375,True,True,True,176,0,0,109,176,101,2026-10-03T11:40:39.815727+07:00,636.0463289110003,0.18581430799986265,OK,,True,2026-10-03T11:40:40.001554+07:00,636.232151441,0.03316370699985782,OK,,True,847,0.105875,,2026-10-03T11:40:40.034720+07:00,636.265319351,0.032789245999993,OK,,True,2084,0.2605,
59fb0b3833d04c8cbdd8c1e074671b1d,638,2026-10-03T11:40:40.815651+07:00,637.0462445930002,637.0462445930002,MONITOR,637.160212796,0.9999960889999784,0.2517340939998576,8.55240000419144e-05,DISABLED,on,user_reported,39.50800323486328,54.27373123168945,1010.091015625,112626.484375,True,True,True,176,0,0,109,176,101,2026-10-03T11:40:40.815724+07:00,637.046325888,0.1858192899999267,OK,,True,2026-10-03T11:40:41.001556+07:00,637.2321534550001,0.032998134000081336,OK,,True,852,0.1065,,2026-10-03T11:40:41.034556+07:00,637.265156126,0.03281469000012294,OK,,True,2082,0.26025,
59fb0b3833d04c8cbdd8c1e074671b1d,639,2026-10-03T11:40:41.815718+07:00,638.0463021629998,638.0463021629998,MONITOR,638.1602703659996,1.0000575699996261,0.26596409200010385,0.00014309399966805358,DISABLED,on,user_reported,39.47290802001953,54.01265335083008,1010.04109375,113224.234375,True,True,True,176,0,0,109,176,101,2026-10-03T11:40:41.815862+07:00,638.0464620880002,0.19200869199994486,OK,,True,2026-10-03T11:40:42.007899+07:00,638.238490447,0.0384833940001954,OK,,True,842,0.10525,,2026-10-03T11:40:42.046395+07:00,638.2769874330002,0.03526169299993853,OK,,True,2092,0.2615,
59fb0b3833d04c8cbdd8c1e074671b1d,640,2026-10-03T11:40:42.815664+07:00,639.0462579750001,639.0462579750001,MONITOR,639.1602261779999,0.9999558120002803,0.2517195569998876,9.890599994832883e-05,DISABLED,on,user_reported,39.44419860839844,53.77202224731445,1010.02203125,114209.234375,True,True,True,176,0,0,109,176,101,2026-10-03T11:40:42.815736+07:00,639.046338307,0.1858141230000001,OK,,True,2026-10-03T11:40:43.001562+07:00,639.2321598379999,0.03297152200002529,OK,,True,871,0.108875,,2026-10-03T11:40:43.034536+07:00,639.2651353050001,0.032834837999871525,OK,,True,2087,0.260875,
59fb0b3833d04c8cbdd8c1e074671b1d,641,2026-10-03T11:40:43.815656+07:00,640.046248009,640.046248009,MONITOR,640.1602162119998,0.9999900339998931,0.2586318640001082,8.893999984138645e-05,DISABLED,on,user_reported,39.39698028564453,53.57359313964844,1009.979921875,114362.296875,True,True,True,176,0,0,109,176,101,2026-10-03T11:40:43.815735+07:00,640.0463371750002,0.1893709519999902,OK,,True,2026-10-03T11:40:44.005121+07:00,640.235718552,0.03494745500029239,OK,,True,850,0.10625,,2026-10-03T11:40:44.040076+07:00,640.2706725620001,0.03419482900017101,OK,,True,2073,0.259125,
59fb0b3833d04c8cbdd8c1e074671b1d,642,2026-10-03T11:40:44.815658+07:00,641.0462514330002,641.0462514330002,MONITOR,641.160219636,1.0000034240001696,0.2517761869999049,9.236400001100264e-05,DISABLED,on,user_reported,39.339561462402344,53.39297866821289,1009.976171875,114746.75,True,True,True,176,0,0,109,176,101,2026-10-03T11:40:44.815727+07:00,641.0463290990001,0.1858172160000322,OK,,True,2026-10-03T11:40:45.001556+07:00,641.232153852,0.03301244800013592,OK,,True,821,0.10262500000000001,,2026-10-03T11:40:45.034570+07:00,641.2651702450003,0.032848967999598244,OK,,True,2090,0.26125,
59fb0b3833d04c8cbdd8c1e074671b1d,643,2026-10-03T11:40:45.815650+07:00,642.0462435990003,642.0462435990003,MONITOR,642.160211802,0.9999921660000837,0.25174103899962574,8.45300000946736e-05,DISABLED,on,user_reported,39.307655334472656,53.22907257080078,1009.98625,115523.46875,True,True,True,176,0,0,109,176,101,2026-10-03T11:40:45.815715+07:00,642.0463168199999,0.1858158459999686,OK,,True,2026-10-03T11:40:46.001543+07:00,642.2321409430001,0.03297680100013167,OK,,True,857,0.107125,,2026-10-03T11:40:46.034520+07:00,642.2651207620002,0.0328552830001172,OK,,True,2079,0.259875,
59fb0b3833d04c8cbdd8c1e074671b1d,644,2026-10-03T11:40:46.815656+07:00,643.0462476530001,643.0462476530001,MONITOR,643.1602158559999,1.0000040539998736,0.2519483159999254,8.858399996825028e-05,DISABLED,on,user_reported,39.275753021240234,53.10346984863281,1010.030859375,116708.453125,True,True,True,176,0,0,109,176,101,2026-10-03T11:40:46.815746+07:00,643.0463481900001,0.1858136599998943,OK,,True,2026-10-03T11:40:47.001571+07:00,643.2321691460002,0.03312998499995956,OK,,True,828,0.10350000000000001,,2026-10-03T11:40:47.034702+07:00,643.2653025939999,0.032884966999972676,OK,,True,2089,0.261125,
59fb0b3833d04c8cbdd8c1e074671b1d,645,2026-10-03T11:40:47.815686+07:00,644.0462758379999,644.0462758379999,MONITOR,644.1602440409997,1.0000281849997918,0.2518943160002891,0.00011676899976009736,DISABLED,on,user_reported,39.242576599121094,52.990482330322266,1010.025078125,116310.765625,True,True,True,176,0,0,109,176,101,2026-10-03T11:40:47.815799+07:00,644.046400615,0.18583417899981214,OK,,True,2026-10-03T11:40:48.001646+07:00,644.232242738,0.03301194799996665,OK,,True,868,0.1085,,2026-10-03T11:40:48.034657+07:00,644.265257946,0.03290398599983746,OK,,True,2086,0.26075,
59fb0b3833d04c8cbdd8c1e074671b1d,646,2026-10-03T11:40:48.815650+07:00,645.0462442090002,645.0462442090002,MONITOR,645.160212412,0.99996837100025,0.2531963809997251,8.51400000101421e-05,DISABLED,on,user_reported,39.214500427246094,52.87831497192383,1009.979609375,117350.4453125,True,True,True,176,0,0,109,176,101,2026-10-03T11:40:48.815716+07:00,645.0463175790001,0.1859572329999537,OK,,True,2026-10-03T11:40:49.001692+07:00,645.2322884599998,0.03412599700004648,OK,,True,864,0.108,,2026-10-03T11:40:49.035825+07:00,645.266421975,0.03300485599993408,OK,,True,2052,0.2565,
59fb0b3833d04c8cbdd8c1e074671b1d,647,2026-10-03T11:40:49.815655+07:00,646.0462484690001,646.0462484690001,MONITOR,646.1602166719999,1.0000042599999688,0.25174989099969025,8.9399999978923e-05,DISABLED,on,user_reported,39.18642807006836,52.778926849365234,1009.968515625,117593.015625,True,True,True,176,0,0,109,176,101,2026-10-03T11:40:49.815718+07:00,646.046320339,0.1858096790001582,OK,,True,2026-10-03T11:40:50.001540+07:00,646.2321376660002,0.03298120799991011,OK,,True,841,0.105125,,2026-10-03T11:40:50.034521+07:00,646.2651223000003,0.032868559999769786,OK,,True,2079,0.259875,
59fb0b3833d04c8cbdd8c1e074671b1d,648,2026-10-03T11:40:50.815648+07:00,647.0462413220002,647.0462413220002,MONITOR,647.160209525,0.9999928530000943,0.25174607700000706,8.225300007325131e-05,DISABLED,on,user_reported,39.158355712890625,52.70498275756836,1010.0121875,117512.046875,True,True,True,176,0,0,109,176,101,2026-10-03T11:40:50.815725+07:00,647.0463272840002,0.18581406799967226,OK,,True,2026-10-03T11:40:51.001551+07:00,647.2321490740001,0.03296367199982342,OK,,True,855,0.106875,,2026-10-03T11:40:51.034516+07:00,647.2651162080001,0.03286259800006519,OK,,True,2078,0.25975,
59fb0b3833d04c8cbdd8c1e074671b1d,649,2026-10-03T11:40:51.815650+07:00,648.0462443790002,648.0462443790002,MONITOR,648.160212582,1.000003056999958,0.2517474849996688,8.53100000313134e-05,DISABLED,on,user_reported,39.114967346191406,52.62882995605469,1009.9625,118408.8828125,True,True,True,176,0,0,109,176,101,2026-10-03T11:40:51.815717+07:00,648.0463185080002,0.18581006899967178,OK,,True,2026-10-03T11:40:52.001539+07:00,648.2321361509998,0.03298283700041793,OK,,True,863,0.107875,,2026-10-03T11:40:52.034521+07:00,648.2651220440002,0.032861652999599755,OK,,True,2088,0.261,
59fb0b3833d04c8cbdd8c1e074671b1d,650,2026-10-03T11:40:52.815650+07:00,649.0462434189999,649.0462434189999,MONITOR,649.1602116219997,0.9999990399996932,0.2541031910000129,8.434999972450896e-05,DISABLED,on,user_reported,39.06775665283203,52.57117462158203,1010.05078125,118573.4140625,True,True,True,176,0,0,109,176,101,2026-10-03T11:40:52.815718+07:00,649.0463195110001,0.18594523399997342,OK,,True,2026-10-03T11:40:53.001680+07:00,649.2322763930001,0.03513863799980754,OK,,True,851,0.106375,,2026-10-03T11:40:53.036822+07:00,649.2674203830002,0.0329175789997862,OK,,True,2092,0.2615,
59fb0b3833d04c8cbdd8c1e074671b1d,651,2026-10-03T11:40:53.815649+07:00,650.046242848,650.046242848,MONITOR,650.1602110509998,0.9999994290001268,0.25282534699999815,8.377899985134718e-05,DISABLED,on,user_reported,39.05052947998047,52.536949157714844,1009.98859375,119069.765625,True,True,True,176,0,0,109,176,101,2026-10-03T11:40:53.815723+07:00,650.04632494,0.18581229000028543,OK,,True,2026-10-03T11:40:54.001546+07:00,650.2321446010001,0.03320076199997857,OK,,True,829,0.10362500000000001,,2026-10-03T11:40:54.034756+07:00,650.2653528260003,0.03369755499988969,OK,,True,2071,0.258875,
59fb0b3833d04c8cbdd8c1e074671b1d,652,2026-10-03T11:40:54.815661+07:00,651.0462540550002,651.0462540550002,MONITOR,651.160222258,1.0000112070001705,0.2519408719999774,9.49860000218905e-05,DISABLED,on,user_reported,39.0307502746582,52.51503372192383,1009.9840625,119654.125,True,True,True,176,0,0,109,176,101,2026-10-03T11:40:54.815742+07:00,651.046343813,0.18581299500010573,OK,,True,2026-10-03T11:40:55.001567+07:00,651.2321649370001,0.033092966999902274,OK,,True,827,0.10337500000000001,,2026-10-03T11:40:55.034662+07:00,651.2652617190001,0.032924727000136045,OK,,True,2095,0.261875,
59fb0b3833d04c8cbdd8c1e074671b1d,653,2026-10-03T11:40:55.815654+07:00,652.0462475029999,652.0462475029999,MONITOR,652.1602157059997,0.9999934479997137,0.25173355900005845,8.843399973557098e-05,DISABLED,on,user_reported,38.98927688598633,52.489967346191406,1009.985546875,119738.0703125,True,True,True,176,0,0,109,176,101,2026-10-03T11:40:55.815729+07:00,652.0463310579999,0.18581821700036016,OK,,True,2026-10-03T11:40:56.001559+07:00,652.232156219,0.032954949000213674,OK,,True,865,0.108125,,2026-10-03T11:40:56.034513+07:00,652.2651139650002,0.0328591160000542,OK,,True,2092,0.2615,
59fb0b3833d04c8cbdd8c1e074671b1d,654,2026-10-03T11:40:56.815656+07:00,653.0462486370002,653.0462486370002,MONITOR,653.16021684,1.0000011340002857,0.25174909599991224,8.95680000212451e-05,DISABLED,on,user_reported,38.973323822021484,52.4559440612793,1010.000703125,119570.296875,True,True,True,176,0,0,109,177,101,2026-10-03T11:40:56.815730+07:00,653.0463319330001,0.1858147729999473,OK,,True,2026-10-03T11:40:57.001556+07:00,653.2321539650002,0.03295322599979045,OK,,True,866,0.10825,,2026-10-03T11:40:57.034509+07:00,653.2651101910001,0.032879560999845125,OK,,True,2086,0.26075,
59fb0b3833d04c8cbdd8c1e074671b1d,655,2026-10-03T11:40:57.815697+07:00,654.0462872530002,654.0462872530002,MONITOR,654.160255456,1.0000386159999834,0.25199570599988874,0.0001281840000046941,DISABLED,on,user_reported,38.932491302490234,52.44365310668945,1009.9209375,120413.921875,True,True,True,176,0,0,109,176,101,2026-10-03T11:40:57.815782+07:00,654.046383419,0.1858271619998959,OK,,True,2026-10-03T11:40:58.001621+07:00,654.232218099,0.03299011600029189,OK,,True,853,0.106625,,2026-10-03T11:40:58.034610+07:00,654.2652110849999,0.033063689000300656,OK,,True,2092,0.2615,
59fb0b3833d04c8cbdd8c1e074671b1d,656,2026-10-03T11:40:58.815653+07:00,655.0462440189999,655.0462440189999,MONITOR,655.1602122219997,0.999956765999741,0.2519780760003414,8.494999974573147e-05,DISABLED,on,user_reported,38.89867401123047,52.445045471191406,1010.0034375,120925.8359375,True,True,True,176,0,0,109,176,101,2026-10-03T11:40:58.815736+07:00,655.0463379809999,0.18586069800039695,OK,,True,2026-10-03T11:40:59.001611+07:00,655.2322084010002,0.03306481899971914,OK,,True,844,0.1055,,2026-10-03T11:40:59.034677+07:00,655.2652769050001,0.03293657899985192,OK,,True,2082,0.26025,
59fb0b3833d04c8cbdd8c1e074671b1d,657,2026-10-03T11:40:59.815704+07:00,656.046294321,656.046294321,MONITOR,656.1602625239998,1.0000503020000906,0.25503600000001825,0.00013525199983632774,DISABLED,on,user_reported,38.87953567504883,52.442264556884766,1009.98609375,121269.5390625,True,True,True,176,0,0,109,176,101,2026-10-03T11:40:59.815793+07:00,656.0463947640001,0.18600340200009668,OK,,True,2026-10-03T11:41:00.001811+07:00,656.2324085539999,0.0344148470003347,OK,,True,847,0.105875,,2026-10-03T11:41:00.036231+07:00,656.2668288270002,0.03448888299999453,OK,,True,2085,0.260625,
59fb0b3833d04c8cbdd8c1e074671b1d,658,2026-10-03T11:41:00.815684+07:00,657.046274976,657.046274976,MONITOR,657.1602431789997,0.9999806549999448,0.2528192190002301,0.00011590699978114571,DISABLED,on,user_reported,38.85210037231445,52.41291427612305,1009.982734375,120584.078125,True,True,True,176,0,0,109,177,101,2026-10-03T11:41:00.815769+07:00,657.0463709750002,0.18582303199991657,OK,,True,2026-10-03T11:41:01.001604+07:00,657.2322018590003,0.03284293099977731,OK,,True,854,0.10675,,2026-10-03T11:41:01.034452+07:00,657.2650499010001,0.03402709000010873,OK,,True,2084,0.2605,
59fb0b3833d04c8cbdd8c1e074671b1d,659,2026-10-03T11:41:01.815661+07:00,658.046252742,658.046252742,MONITOR,658.1602209449998,0.9999777660000291,0.2539272859999073,9.36729998102237e-05,DISABLED,on,user_reported,38.82976531982422,52.43499755859375,1009.939765625,122312.46875,True,True,True,176,0,0,109,176,101,2026-10-03T11:41:01.815744+07:00,658.046345927,0.1858271250002872,OK,,True,2026-10-03T11:41:02.001583+07:00,658.23218094,0.034810437000032834,OK,,True,848,0.106,,2026-10-03T11:41:02.036398+07:00,658.2669962290001,0.03317403999972157,OK,,True,2085,0.260625,
59fb0b3833d04c8cbdd8c1e074671b1d,660,2026-10-03T11:41:02.815743+07:00,659.046326231,659.046326231,MONITOR,659.1602944339998,1.0000734889999876,0.26359742600016034,0.00016716199979782687,DISABLED,on,user_reported,38.81828308105469,52.43332290649414,1009.886953125,121875.7421875,True,True,True,176,0,0,109,177,101,2026-10-03T11:41:02.815889+07:00,659.046489582,0.19156879000001936,OK,,True,2026-10-03T11:41:03.007480+07:00,659.2380744460002,0.03639929700011635,OK,,True,844,0.1055,,2026-10-03T11:41:03.043890+07:00,659.2744840579999,0.03541900700020051,OK,,True,2093,0.261625,
59fb0b3833d04c8cbdd8c1e074671b1d,661,2026-10-03T11:41:03.815669+07:00,660.0462623140002,660.0462623140002,MONITOR,660.160230517,0.9999360830001933,0.2517180790000566,0.00010324499999114778,DISABLED,on,user_reported,38.77744674682617,52.45269775390625,1009.93046875,122312.46875,True,True,True,176,0,0,109,177,101,2026-10-03T11:41:03.815742+07:00,660.0463438319998,0.1858210510004028,OK,,True,2026-10-03T11:41:04.001575+07:00,660.232172642,0.03293411599997853,OK,,True,834,0.10425,,2026-10-03T11:41:04.034509+07:00,660.2651097020002,0.03286222799988536,OK,,True,2092,0.2615,
59fb0b3833d04c8cbdd8c1e074671b1d,662,2026-10-03T11:41:04.815658+07:00,661.0462504709999,661.0462504709999,MONITOR,661.1602186739997,0.9999881569997342,0.2517359490002491,9.140199972534901e-05,DISABLED,on,user_reported,38.750648498535156,52.44880294799805,1010.03125,121962.8359375,True,True,True,176,0,0,109,177,101,2026-10-03T11:41:04.815734+07:00,661.0463356740001,0.18582066199996916,OK,,True,2026-10-03T11:41:05.001566+07:00,661.2321635030003,0.03295298599960006,OK,,True,849,0.106125,,2026-10-03T11:41:05.034519+07:00,661.2651198590002,0.03285731999994823,OK,,True,2085,0.260625,
59fb0b3833d04c8cbdd8c1e074671b1d,663,2026-10-03T11:41:05.815656+07:00,662.0462493320001,662.0462493320001,MONITOR,662.1602175349999,0.999998861000222,0.25178835699989577,9.026299994729925e-05,DISABLED,on,user_reported,38.73661422729492,52.47209167480469,1009.960390625,122840.6875,True,True,True,176,0,0,109,177,101,2026-10-03T11:41:05.815731+07:00,662.0463328870001,0.18580697700008386,OK,,True,2026-10-03T11:41:06.001549+07:00,662.2321469940002,0.03296291199967527,OK,,True,845,0.105625,,2026-10-03T11:41:06.034512+07:00,662.2651129239998,0.032912598000166327,OK,,True,2100,0.2625,
59fb0b3833d04c8cbdd8c1e074671b1d,664,2026-10-03T11:41:06.815656+07:00,663.046249305,663.046249305,MONITOR,663.1602175079997,0.9999999729998308,0.2518076530000144,9.023599977808772e-05,DISABLED,on,user_reported,38.73469924926758,52.497154235839844,1009.9778125,123017.78125,True,True,True,176,0,0,109,176,101,2026-10-03T11:41:06.815732+07:00,663.0463330819998,0.1858146630002011,OK,,True,2026-10-03T11:41:07.001558+07:00,663.2321557079999,0.032960911999907694,OK,,True,837,0.104625,,2026-10-03T11:41:07.034519+07:00,663.2651198970002,0.032925578999766,OK,,True,2100,0.2625,
59fb0b3833d04c8cbdd8c1e074671b1d,665,2026-10-03T11:41:07.815656+07:00,664.0462489820002,664.0462489820002,MONITOR,664.160217185,0.9999996770002326,0.25193355999999767,8.991300001071068e-05,DISABLED,on,user_reported,38.716835021972656,52.5135612487793,1009.96953125,122400.1875,True,True,True,176,0,0,109,177,101,2026-10-03T11:41:07.815730+07:00,664.046331815,0.18581299600009515,OK,,True,2026-10-03T11:41:08.001555+07:00,664.232152737,0.033128354999917065,OK,,True,861,0.107625,,2026-10-03T11:41:08.034684+07:00,664.2652842769999,0.032889672000237624,OK,,True,2074,0.25925,
59fb0b3833d04c8cbdd8c1e074671b1d,666,2026-10-03T11:41:08.815692+07:00,665.0462771040002,665.0462771040002,MONITOR,665.160245307,1.0000281220000033,0.2626930070000526,0.00011803500001406064,DISABLED,on,user_reported,38.691314697265625,52.51617431640625,1009.941796875,122929.171875,True,True,True,176,0,0,109,177,101,2026-10-03T11:41:08.815841+07:00,665.0464407509999,0.1917696049999904,OK,,True,2026-10-03T11:41:09.007632+07:00,665.238225689,0.03541997000002084,OK,,True,845,0.105625,,2026-10-03T11:41:09.043055+07:00,665.273653918,0.035298397000133264,OK,,True,2097,0.262125,
59fb0b3833d04c8cbdd8c1e074671b1d,667,2026-10-03T11:41:09.815662+07:00,666.0462544490001,666.0462544490001,MONITOR,666.1602226519999,0.9999773449999338,0.2520996700000069,9.53799999479088e-05,DISABLED,on,user_reported,38.668983459472656,52.53191375732422,1010.04296875,123731.2734375,True,True,True,176,0,0,109,177,101,2026-10-03T11:41:09.815735+07:00,666.0463373560001,0.1858096259998092,OK,,True,2026-10-03T11:41:10.001556+07:00,666.2321542220002,0.03296907899994039,OK,,True,839,0.104875,,2026-10-03T11:41:10.034526+07:00,666.2651265600002,0.033215984999969805,OK,,True,2080,0.26,
59fb0b3833d04c8cbdd8c1e074671b1d,668,2026-10-03T11:41:10.815734+07:00,667.0463261089999,667.0463261089999,MONITOR,667.1602943119997,1.0000716599997759,0.2533186430000569,0.0001670399997237837,DISABLED,on,user_reported,38.6543083190918,52.55512619018555,1010.032890625,123284.375,True,True,True,176,0,0,109,177,101,2026-10-03T11:41:10.815871+07:00,667.0464720710002,0.18590693999976793,OK,,True,2026-10-03T11:41:11.001788+07:00,667.2323860850001,0.03354940799999895,OK,,True,833,0.104125,,2026-10-03T11:41:11.035343+07:00,667.265941271,0.03366692600002352,OK,,True,2078,0.25975,
59fb0b3833d04c8cbdd8c1e074671b1d,669,2026-10-03T11:41:11.815657+07:00,668.0462510850002,668.0462510850002,MONITOR,668.160219288,0.9999249760003295,0.2516923019998103,9.201600005326327e-05,DISABLED,on,user_reported,38.628150939941406,52.5703239440918,1009.96296875,123195.3828125,True,True,True,176,0,0,109,177,101,2026-10-03T11:41:11.815732+07:00,668.0463339550001,0.18581095899980937,OK,,True,2026-10-03T11:41:12.001553+07:00,668.232150969,0.03296213500016165,OK,,True,859,0.107375,,2026-10-03T11:41:12.034516+07:00,668.265115956,0.032819672000186983,OK,,True,2083,0.260375,
59fb0b3833d04c8cbdd8c1e074671b1d,670,2026-10-03T11:41:12.815656+07:00,669.0462494500002,669.0462494500002,MONITOR,669.160217653,0.9999983650000104,0.25170733899994957,9.038100006364402e-05,DISABLED,on,user_reported,38.628150939941406,52.59567642211914,1009.97671875,124634.859375,True,True,True,176,0,0,109,177,101,2026-10-03T11:41:12.815730+07:00,669.0463324309999,0.1858062000001155,OK,,True,2026-10-03T11:41:13.001546+07:00,669.2321445940001,0.03295859699983339,OK,,True,875,0.109375,,2026-10-03T11:41:13.034506+07:00,669.265106024,0.032840560999829904,OK,,True,2090,0.26125,
59fb0b3833d04c8cbdd8c1e074671b1d,671,2026-10-03T11:41:13.815655+07:00,670.046248871,670.046248871,MONITOR,670.1602170739998,0.9999994209997567,0.25175630200010346,8.98019998203381e-05,DISABLED,on,user_reported,38.59943389892578,52.60416030883789,1009.991953125,124817.1640625,True,True,True,176,0,0,109,177,101,2026-10-03T11:41:13.815728+07:00,670.0463296850003,0.18581873699986318,OK,,True,2026-10-03T11:41:14.001559+07:00,670.232157033,0.033003818999986834,OK,,True,834,0.10425,,2026-10-03T11:41:14.034565+07:00,670.2651645010001,0.03283367199992426,OK,,True,2088,0.261,
59fb0b3833d04c8cbdd8c1e074671b1d,672,2026-10-03T11:41:14.815649+07:00,671.046243107,671.046243107,MONITOR,671.1602113099998,0.9999942360000205,0.25194567100015774,8.403799984080251e-05,DISABLED,on,user_reported,38.58412551879883,52.639949798583984,1009.9603125,124181.421875,True,True,True,176,0,0,109,177,101,2026-10-03T11:41:14.815722+07:00,671.0463235880002,0.18581984799993734,OK,,True,2026-10-03T11:41:15.001553+07:00,671.2321513440002,0.03315429899976152,OK,,True,832,0.10400000000000001,,2026-10-03T11:41:15.034710+07:00,671.2653091430002,0.0328709689997595,OK,,True,2086,0.26075,
59fb0b3833d04c8cbdd8c1e074671b1d,673,2026-10-03T11:41:15.815651+07:00,672.0462445110002,672.0462445110002,MONITOR,672.160212714,1.0000014040001588,0.25180450499965445,8.544199999960256e-05,DISABLED,on,user_reported,38.59050369262695,52.64088439941406,1010.0184375,125091.6171875,True,True,True,176,0,0,109,177,101,2026-10-03T11:41:15.815725+07:00,672.046326825,0.1858081069999571,OK,,True,2026-10-03T11:41:16.001544+07:00,672.232142118,0.03304733699997087,OK,,True,846,0.10575,,2026-10-03T11:41:16.034593+07:00,672.2651930659999,0.032847857999968255,OK,,True,2082,0.26025,
59fb0b3833d04c8cbdd8c1e074671b1d,674,2026-10-03T11:41:16.815653+07:00,673.0462458960001,673.0462458960001,MONITOR,673.1602140989999,1.000001384999905,0.2517593399998077,8.682699990458786e-05,DISABLED,on,user_reported,38.575828552246094,52.65142059326172,1010.008515625,124453.0859375,True,True,True,176,0,0,109,177,101,2026-10-03T11:41:16.815726+07:00,673.04632747,0.18580425600021044,OK,,True,2026-10-03T11:41:17.001542+07:00,673.232139318,0.03299961599987,OK,,True,843,0.105375,,2026-10-03T11:41:17.034543+07:00,673.265142582,0.03285559799996918,OK,,True,2093,0.261625,
59fb0b3833d04c8cbdd8c1e074671b1d,675,2026-10-03T11:41:17.815651+07:00,674.0462440599999,674.0462440599999,MONITOR,674.1602122629997,0.9999981639998623,0.2518249499999001,8.49909997668874e-05,DISABLED,on,user_reported,38.57072448730469,52.66968536376953,1009.9796875,124362.3984375,True,True,True,176,0,0,109,177,101,2026-10-03T11:41:17.815726+07:00,674.0463273559999,0.18580860800011578,OK,,True,2026-10-03T11:41:18.001546+07:00,674.2321436860002,0.033018151999840484,OK,,True,841,0.105125,,2026-10-03T11:41:18.034566+07:00,674.265165283,0.03289635700002691,OK,,True,2093,0.261625,
59fb0b3833d04c8cbdd8c1e074671b1d,676,2026-10-03T11:41:18.815650+07:00,675.046243706,675.046243706,MONITOR,675.1602119089998,0.9999996460001057,0.2520029860002069,8.463699987260043e-05,DISABLED,on,user_reported,38.55094528198242,52.685829162597656,1009.96125,124362.3984375,True,True,True,176,0,0,109,177,101,2026-10-03T11:41:18.815719+07:00,675.0463212979998,0.18580096000005142,OK,,True,2026-10-03T11:41:19.001532+07:00,675.232129128,0.03325128100004804,OK,,True,851,0.106375,,2026-10-03T11:41:19.034783+07:00,675.2653835380002,0.032855023999672994,OK,,True,2088,0.261,
59fb0b3833d04c8cbdd8c1e074671b1d,677,2026-10-03T11:41:19.815652+07:00,676.0462455000002,676.0462455000002,MONITOR,676.160213703,1.0000017940001271,0.2520916710000165,8.643099999972037e-05,DISABLED,on,user_reported,38.53371810913086,52.68965530395508,1009.96078125,124362.3984375,True,True,True,176,0,0,109,177,101,2026-10-03T11:41:19.815728+07:00,676.046329759,0.18581929299989497,OK,,True,2026-10-03T11:41:20.001559+07:00,676.2321572559999,0.03296835600031045,OK,,True,854,0.10675,,2026-10-03T11:41:20.034528+07:00,676.2651290379999,0.03319911500011585,OK,,True,2087,0.260875,
59fb0b3833d04c8cbdd8c1e074671b1d,678,2026-10-03T11:41:20.815654+07:00,677.0462481650002,677.0462481650002,MONITOR,677.160216368,1.000002665000011,0.25176332199998797,8.909600001061335e-05,DISABLED,on,user_reported,38.51521682739258,52.69329071044922,1010.013203125,124908.515625,True,True,True,176,0,0,109,177,101,2026-10-03T11:41:20.815727+07:00,677.0463283869999,0.18582905300036145,OK,,True,2026-10-03T11:41:21.001568+07:00,677.232165551,0.03296274500007712,OK,,True,864,0.108,,2026-10-03T11:41:21.034531+07:00,677.2651312409998,0.03287211600036244,OK,,True,2106,0.26325,
59fb0b3833d04c8cbdd8c1e074671b1d,679,2026-10-03T11:41:21.815655+07:00,678.046247924,678.046247924,MONITOR,678.1602161269998,0.9999997589998202,0.2522039479999876,8.885499983080081e-05,DISABLED,on,user_reported,38.51074981689453,52.71165084838867,1009.9784375,124817.1640625,True,True,True,176,0,0,109,177,101,2026-10-03T11:41:21.815728+07:00,678.0463299970002,0.18581784899970444,OK,,True,2026-10-03T11:41:22.001558+07:00,678.2321553090001,0.033269132999976136,OK,,True,858,0.10725,,2026-10-03T11:41:22.034828+07:00,678.265428145,0.033015652999893064,OK,,True,2085,0.260625,
59fb0b3833d04c8cbdd8c1e074671b1d,680,2026-10-03T11:41:22.815654+07:00,679.0462478310001,679.0462478310001,MONITOR,679.1602160339999,0.999999907000074,0.25178021100009573,8.876199990481837e-05,DISABLED,on,user_reported,38.505008697509766,52.736175537109375,1009.9965625,124725.9453125,True,True,True,176,0,0,109,177,101,2026-10-03T11:41:22.815728+07:00,679.046330145,0.18582012700017003,OK,,True,2026-10-03T11:41:23.001560+07:00,679.2321577349999,0.03300793100015653,OK,,True,861,0.107625,,2026-10-03T11:41:23.034569+07:00,679.265169369,0.03285096900026474,OK,,True,2089,0.261125,
59fb0b3833d04c8cbdd8c1e074671b1d,681,2026-10-03T11:41:23.815655+07:00,680.0462487760001,680.0462487760001,MONITOR,680.1602169789999,1.0000009450000107,0.2517378769998686,8.970699991550646e-05,DISABLED,on,user_reported,38.476295471191406,52.73832321166992,1009.984296875,125459.4453125,True,True,True,176,0,0,109,177,101,2026-10-03T11:41:23.815727+07:00,680.0463286089998,0.1858181450002121,OK,,True,2026-10-03T11:41:24.001558+07:00,680.2321549950002,0.03296578199979194,OK,,True,842,0.10525,,2026-10-03T11:41:24.034523+07:00,680.2651242770003,0.03285422799990556,OK,,True,2090,0.26125,
59fb0b3833d04c8cbdd8c1e074671b1d,682,2026-10-03T11:41:24.815701+07:00,681.0462863130001,681.0462863130001,MONITOR,681.1602545159999,1.0000375370000256,0.2626932499997565,0.000127243999941129,DISABLED,on,user_reported,38.465450286865234,52.74308395385742,1009.918671875,125275.265625,True,True,True,176,0,0,109,177,101,2026-10-03T11:41:24.815853+07:00,681.0464531819998,0.19178101400029846,OK,,True,2026-10-03T11:41:25.007655+07:00,681.2382494369999,0.035517413999968994,OK,,True,845,0.105625,,2026-10-03T11:41:25.043176+07:00,681.2737749430003,0.03518534199974965,OK,,True,2098,0.26225,
59fb0b3833d04c8cbdd8c1e074671b1d,683,2026-10-03T11:41:25.815665+07:00,682.0462590550001,682.0462590550001,MONITOR,682.1602272579998,0.9999727419999545,0.2517004530000122,9.998599989557988e-05,DISABLED,on,user_reported,38.4546012878418,52.741493225097656,1010.010859375,125091.6171875,True,True,True,176,0,0,109,177,101,2026-10-03T11:41:25.815741+07:00,682.04634287,0.18580668200002037,OK,,True,2026-10-03T11:41:26.001559+07:00,682.232157163,0.03296022799986531,OK,,True,861,0.107625,,2026-10-03T11:41:26.034520+07:00,682.26512065,0.03283130199997686,OK,,True,2089,0.261125,
59fb0b3833d04c8cbdd8c1e074671b1d,684,2026-10-03T11:41:26.815654+07:00,683.0462470940001,683.0462470940001,MONITOR,683.1602152969999,0.9999880390000726,0.25170910099996036,8.802499996818369e-05,DISABLED,on,user_reported,38.439292907714844,52.764617919921875,1010.013515625,125183.375,True,True,True,176,0,0,109,177,101,2026-10-03T11:41:26.815731+07:00,683.0463325569999,0.18581214499999987,OK,,True,2026-10-03T11:41:27.001554+07:00,683.232151962,0.032962152999971295,OK,,True,838,0.10475,,2026-10-03T11:41:27.034517+07:00,683.2651177070002,0.03283091399998739,OK,,True,2087,0.260875,
59fb0b3833d04c8cbdd8c1e074671b1d,685,2026-10-03T11:41:27.815653+07:00,684.0462457449999,684.0462457449999,MONITOR,684.1602139479996,0.9999986509997143,0.252130727000349,8.667599968248396e-05,DISABLED,on,user_reported,38.418235778808594,52.774227142333984,1009.958828125,125736.7421875,True,True,True,176,0,0,109,177,101,2026-10-03T11:41:27.815727+07:00,684.0463286519998,0.18581503400037036,OK,,True,2026-10-03T11:41:28.001553+07:00,684.2321509080002,0.033047300999896834,OK,,True,845,0.105625,,2026-10-03T11:41:28.034604+07:00,684.2652024869999,0.033164596000005986,OK,,True,2087,0.260875,
59fb0b3833d04c8cbdd8c1e074671b1d,686,2026-10-03T11:41:28.815666+07:00,685.04625971,685.04625971,MONITOR,685.1602279129997,1.0000139650001074,0.25196243300024435,0.00010064099978990271,DISABLED,on,user_reported,38.41504669189453,52.81181716918945,1009.960390625,125644.171875,True,True,True,176,0,0,109,177,101,2026-10-03T11:41:28.815739+07:00,685.0463408390001,0.18580764599983013,OK,,True,2026-10-03T11:41:29.001558+07:00,685.2321557820001,0.03323296600001413,OK,,True,838,0.10475,,2026-10-03T11:41:29.034792+07:00,685.265392711,0.03282176499988054,OK,,True,2079,0.259875,
59fb0b3833d04c8cbdd8c1e074671b1d,687,2026-10-03T11:41:29.815652+07:00,686.046244436,686.046244436,MONITOR,686.1602126389998,0.9999847260000934,0.2517290259997935,8.53669998832629e-05,DISABLED,on,user_reported,38.421424865722656,52.825435638427734,1009.97078125,125829.4453125,True,True,True,176,0,0,109,177,101,2026-10-03T11:41:29.815729+07:00,686.0463310650002,0.18581223899991528,OK,,True,2026-10-03T11:41:30.001554+07:00,686.2321507480001,0.03297259800001484,OK,,True,834,0.10425,,2026-10-03T11:41:30.034526+07:00,686.265126457,0.03283935700028451,OK,,True,2094,0.26175,
59fb0b3833d04c8cbdd8c1e074671b1d,688,2026-10-03T11:41:30.815711+07:00,687.0462936059998,687.0462936059998,MONITOR,687.1602618089996,1.0000491699997838,0.2628274720000263,0.00013453699966703425,DISABLED,on,user_reported,38.387611389160156,52.82683181762695,1009.95015625,125829.4453125,True,True,True,176,0,0,109,177,101,2026-10-03T11:41:30.815871+07:00,687.0464706980001,0.19181369899979472,OK,,True,2026-10-03T11:41:31.007704+07:00,687.2382990450001,0.03547637700012274,OK,,True,854,0.10675,,2026-10-03T11:41:31.043185+07:00,687.2737838849998,0.03532015600012528,OK,,True,2100,0.2625,
59fb0b3833d04c8cbdd8c1e074671b1d,689,2026-10-03T11:41:31.815675+07:00,688.046266759,688.046266759,MONITOR,688.1602349619998,0.9999731530001554,0.25168447099986224,0.00010768999982246896,DISABLED,on,user_reported,38.382503509521484,52.86415481567383,1009.996875,126108.375,True,True,True,176,0,0,109,177,101,2026-10-03T11:41:31.815757+07:00,688.0463585729999,0.18582172000014907,OK,,True,2026-10-03T11:41:32.001590+07:00,688.2321880710001,0.03292598699999871,OK,,True,832,0.10400000000000001,,2026-10-03T11:41:32.034517+07:00,688.265117465,0.03282565400013482,OK,,True,2104,0.263,
59fb0b3833d04c8cbdd8c1e074671b1d,690,2026-10-03T11:41:32.815655+07:00,689.0462492450001,689.0462492450001,MONITOR,689.1602174479999,0.9999824860001354,0.25168841599997904,9.01759999578644e-05,DISABLED,on,user_reported,38.37931442260742,52.86367416381836,1009.984765625,125183.375,True,True,True,176,0,0,109,177,101,2026-10-03T11:41:32.815732+07:00,689.0463338190002,0.18581792399982078,OK,,True,2026-10-03T11:41:33.001562+07:00,689.2321595389999,0.032952782999927877,OK,,True,839,0.104875,,2026-10-03T11:41:33.034514+07:00,689.2651155070002,0.032813839000027656,OK,,True,2101,0.262625,
59fb0b3833d04c8cbdd8c1e074671b1d,691,2026-10-03T11:41:33.815647+07:00,690.0462405100002,690.0462405100002,MONITOR,690.160208713,0.9999912650000624,0.25173011900005804,8.144100002027699e-05,DISABLED,on,user_reported,38.36017608642578,52.87356185913086,1009.967578125,126482.2109375,True,True,True,176,0,0,109,177,101,2026-10-03T11:41:33.815722+07:00,690.0463235830002,0.18581038699994679,OK,,True,2026-10-03T11:41:34.001543+07:00,690.23214173,0.03297454199991989,OK,,True,839,0.104875,,2026-10-03T11:41:34.034519+07:00,690.265119568,0.03284315400014748,OK,,True,2089,0.261125,
59fb0b3833d04c8cbdd8c1e074671b1d,692,2026-10-03T11:41:34.815652+07:00,691.0462442930002,691.0462442930002,MONITOR,691.160212496,1.000003783000011,0.2517221759999302,8.522400003130315e-05,DISABLED,on,user_reported,38.349327087402344,52.891014099121094,1009.956796875,126388.546875,True,True,True,176,0,0,109,177,101,2026-10-03T11:41:34.815732+07:00,691.046333885,0.1858134990002327,OK,,True,2026-10-03T11:41:35.001557+07:00,691.2321550870001,0.03296248700007709,OK,,True,827,0.10337500000000001,,2026-10-03T11:41:35.034520+07:00,691.2651206660003,0.03283830299960755,OK,,True,2089,0.261125,
59fb0b3833d04c8cbdd8c1e074671b1d,693,2026-10-03T11:41:35.815652+07:00,692.0462437619999,692.0462437619999,MONITOR,692.1602119649997,0.9999994689997038,0.2519872299999406,8.469299973512534e-05,DISABLED,on,user_reported,38.33784103393555,52.90202331542969,1009.93125,126482.2109375,True,True,True,176,0,0,109,177,101,2026-10-03T11:41:35.815731+07:00,692.0463326509998,0.1858118690001902,OK,,True,2026-10-03T11:41:36.001555+07:00,692.2321523710002,0.03324529999963488,OK,,True,828,0.10350000000000001,,2026-10-03T11:41:36.034800+07:00,692.2654008560003,0.032822820999626856,OK,,True,2095,0.261875,
59fb0b3833d04c8cbdd8c1e074671b1d,694,2026-10-03T11:41:36.815693+07:00,693.0462797320001,693.0462797320001,MONITOR,693.1602479349999,1.0000359700002264,0.2624661049999304,0.0001206629999614961,DISABLED,on,user_reported,38.31742477416992,52.9053840637207,1010.007890625,125736.7421875,True,True,True,176,0,0,109,177,101,2026-10-03T11:41:36.815831+07:00,693.04643149,0.191566850000072,OK,,True,2026-10-03T11:41:37.007419+07:00,693.2380132470003,0.03545478499972887,OK,,True,852,0.1065,,2026-10-03T11:41:37.042878+07:00,693.2734762360001,0.035252155999842216,OK,,True,2100,0.2625,
59fb0b3833d04c8cbdd8c1e074671b1d,695,2026-10-03T11:41:37.815694+07:00,694.0462837210002,694.0462837210002,MONITOR,694.160251924,1.0000039890001062,0.2619972559996313,0.00012465200006772648,DISABLED,on,user_reported,38.31678771972656,52.93067169189453,1009.97265625,126201.625,True,True,True,176,0,0,109,177,101,2026-10-03T11:41:37.815805+07:00,694.046405738,0.19125901899997189,OK,,True,2026-10-03T11:41:38.007089+07:00,694.237680831,0.03540941500023109,OK,,True,851,0.106375,,2026-10-03T11:41:38.042501+07:00,694.2730987089999,0.03516526800012798,OK,,True,2102,0.26275,
59fb0b3833d04c8cbdd8c1e074671b1d,696,2026-10-03T11:41:38.815732+07:00,695.0463202649998,695.0463202649998,MONITOR,695.1602884679996,1.000036543999613,0.2619599790000393,0.00016119599968078546,DISABLED,on,user_reported,38.31742477416992,52.93711471557617,1009.959921875,126201.625,True,True,True,176,0,0,109,177,101,2026-10-03T11:41:38.815842+07:00,695.046443357,0.19124846300019271,OK,,True,2026-10-03T11:41:39.007113+07:00,695.2377065979999,0.035377007000079175,OK,,True,851,0.106375,,2026-10-03T11:41:39.042493+07:00,695.2730919760002,0.03517087899990656,OK,,True,2100,0.2625,
59fb0b3833d04c8cbdd8c1e074671b1d,697,2026-10-03T11:41:39.815744+07:00,696.0463337179999,696.0463337179999,MONITOR,696.1603019209997,1.000013453000065,0.2518147860000681,0.00017464899974584114,DISABLED,on,user_reported,38.31104278564453,52.95521545410156,1009.8946875,126201.625,True,True,True,176,0,0,109,177,101,2026-10-03T11:41:39.815828+07:00,696.0464297359999,0.1858476279999195,OK,,True,2026-10-03T11:41:40.001688+07:00,696.2322859380001,0.0329913939999642,OK,,True,854,0.10675,,2026-10-03T11:41:40.034680+07:00,696.2652809249998,0.032860005000202364,OK,,True,2099,0.262375,
59fb0b3833d04c8cbdd8c1e074671b1d,698,2026-10-03T11:41:40.815653+07:00,697.046246635,697.046246635,MONITOR,697.1602148379998,0.9999129170000742,0.25169828700018115,8.756599982007174e-05,DISABLED,on,user_reported,38.280418395996094,52.96342086791992,1009.892890625,125829.4453125,True,True,True,176,0,0,109,177,101,2026-10-03T11:41:40.815729+07:00,697.0463304300001,0.18581801799973618,OK,,True,2026-10-03T11:41:41.001559+07:00,697.2321567069998,0.032955172000129096,OK,,True,825,0.10312500000000001,,2026-10-03T11:41:41.034514+07:00,697.2651151200002,0.032821597999827645,OK,,True,2107,0.263375,
59fb0b3833d04c8cbdd8c1e074671b1d,699,2026-10-03T11:41:41.815653+07:00,698.046246459,698.046246459,MONITOR,698.1602146619998,0.9999998240000423,0.251722195000184,8.738999986235285e-05,DISABLED,on,user_reported,38.25234603881836,52.97200393676758,1010.0325,126858.2734375,True,True,True,176,0,0,109,177,101,2026-10-03T11:41:41.815729+07:00,698.0463306430001,0.18581635100008498,OK,,True,2026-10-03T11:41:42.001557+07:00,698.2321542720001,0.032961949999844364,OK,,True,839,0.104875,,2026-10-03T11:41:42.034519+07:00,698.2651196480001,0.03284152400010498,OK,,True,2093,0.261625,
59fb0b3833d04c8cbdd8c1e074671b1d,700,2026-10-03T11:41:42.815682+07:00,699.0462732830001,699.0462732830001,MONITOR,699.1602414859999,1.0000268240000878,0.2520353229997454,0.00011421399995015236,DISABLED,on,user_reported,38.24468994140625,52.983585357666016,1009.944765625,126295.015625,True,True,True,176,0,0,109,177,101,2026-10-03T11:41:42.815764+07:00,699.0463656719999,0.18583527600003436,OK,,True,2026-10-03T11:41:43.001613+07:00,699.2322101889999,0.03324361400018461,OK,,True,849,0.106125,,2026-10-03T11:41:43.034858+07:00,699.2654581370002,0.03284261699991475,OK,,True,2093,0.261625,
59fb0b3833d04c8cbdd8c1e074671b1d,701,2026-10-03T11:41:43.815651+07:00,700.0462423120002,700.0462423120002,MONITOR,700.160210515,0.9999690290001126,0.25168613999994704,8.324300006279373e-05,DISABLED,on,user_reported,38.22809982299805,53.006534576416016,1009.945390625,126858.2734375,True,True,True,176,0,0,109,177,101,2026-10-03T11:41:43.815733+07:00,700.0463343860001,0.18581847999985257,OK,,True,2026-10-03T11:41:44.001564+07:00,700.2321614030002,0.03294967199963139,OK,,True,843,0.105375,,2026-10-03T11:41:44.034515+07:00,700.2651147229999,0.032806247000280564,OK,,True,2087,0.260875,
59fb0b3833d04c8cbdd8c1e074671b1d,702,2026-10-03T11:41:44.816070+07:00,701.0466502459999,701.0466502459999,MONITOR,701.1606184489997,1.0004079339996679,0.25306529800036515,0.0004911769997306692,DISABLED,on,user_reported,38.22809982299805,53.02558135986328,1009.9659375,126576.0234375,True,True,True,176,0,0,109,177,101,2026-10-03T11:41:44.816233+07:00,701.0468326710002,0.18706086099973618,OK,,True,2026-10-03T11:41:45.003304+07:00,701.2339015140001,0.03296861599983458,OK,,True,843,0.105375,,2026-10-03T11:41:45.036274+07:00,701.2668737039999,0.03283395100015696,OK,,True,2102,0.26275,
59fb0b3833d04c8cbdd8c1e074671b1d,703,2026-10-03T11:41:45.815659+07:00,702.0462498530001,702.0462498530001,MONITOR,702.1602180559998,0.9995996070001638,0.25171360200010895,9.078399989448371e-05,DISABLED,on,user_reported,38.223636627197266,53.03762435913086,1009.92421875,126201.625,True,True,True,176,0,0,109,177,101,2026-10-03T11:41:45.815744+07:00,702.0463457410001,0.1858253139998851,OK,,True,2026-10-03T11:41:46.001582+07:00,702.23217974,0.032948024000234,OK,,True,846,0.10575,,2026-10-03T11:41:46.034531+07:00,702.2651309309999,0.03282456100032505,OK,,True,2093,0.261625,
59fb0b3833d04c8cbdd8c1e074671b1d,704,2026-10-03T11:41:46.815694+07:00,703.0462810859999,703.0462810859999,MONITOR,703.1602492889997,1.000031232999845,0.25241365400006543,0.00012201699973957147,DISABLED,on,user_reported,38.203857421875,53.05377197265625,1009.988203125,126482.2109375,True,True,True,176,0,0,109,177,101,2026-10-03T11:41:46.815788+07:00,703.0463888079998,0.18646597700035272,OK,,True,2026-10-03T11:41:47.002265+07:00,703.2328626920003,0.0329832269999315,OK,,True,849,0.106125,,2026-10-03T11:41:47.035248+07:00,703.2658488080001,0.0328381909998825,OK,,True,2110,0.26375,
59fb0b3833d04c8cbdd8c1e074671b1d,705,2026-10-03T11:41:47.815685+07:00,704.0462758950002,704.0462758950002,MONITOR,704.160244098,0.9999948090003272,0.2517828249997365,0.00011682600006679422,DISABLED,on,user_reported,38.20130157470703,53.059749603271484,1009.963515625,126201.625,True,True,True,176,0,0,109,177,101,2026-10-03T11:41:47.815771+07:00,704.0463726910002,0.18582290599988482,OK,,True,2026-10-03T11:41:48.001607+07:00,704.2322039680002,0.03301278299977639,OK,,True,862,0.10775,,2026-10-03T11:41:48.034620+07:00,704.2652198619999,0.03283119100024123,OK,,True,2088,0.261,
59fb0b3833d04c8cbdd8c1e074671b1d,706,2026-10-03T11:41:48.815711+07:00,705.046298667,705.046298667,MONITOR,705.1602668699998,1.0000227719997383,0.2517801019998842,0.0001395979998051189,DISABLED,on,user_reported,38.19364929199219,53.06498336791992,1009.964765625,127426.578125,True,True,True,176,0,0,109,177,101,2026-10-03T11:41:48.815807+07:00,705.0464084620003,0.18584666599963384,OK,,True,2026-10-03T11:41:49.001666+07:00,705.232262906,0.032991949999995995,OK,,True,854,0.10675,,2026-10-03T11:41:49.034657+07:00,705.2652579850001,0.03281315499998527,OK,,True,2085,0.260625,
59fb0b3833d04c8cbdd8c1e074671b1d,707,2026-10-03T11:41:49.815903+07:00,706.0464960680001,706.0464960680001,MONITOR,706.1604642709999,1.0001974010001504,0.25818628199976956,0.00033699899995554006,DISABLED,on,user_reported,38.176422119140625,53.06879806518555,1009.971171875,126482.2109375,True,True,True,176,0,0,109,177,101,2026-10-03T11:41:49.815979+07:00,706.046580623,0.18792179999991276,OK,,True,2026-10-03T11:41:50.003920+07:00,706.2345155339999,0.035048473000188096,OK,,True,851,0.106375,,2026-10-03T11:41:50.038980+07:00,706.2695747850003,0.035090250999928685,OK,,True,2082,0.26025,
59fb0b3833d04c8cbdd8c1e074671b1d,708,2026-10-03T11:41:50.816459+07:00,707.0470487440002,707.0470487440002,MONITOR,707.161016947,1.0005526760000976,0.25174043699962567,0.0008896750000531028,DISABLED,on,user_reported,38.16557693481445,53.08626174926758,1009.933046875,127141.7890625,True,True,True,176,0,0,109,177,101,2026-10-03T11:41:50.816543+07:00,707.0471446880001,0.18583231499997055,OK,,True,2026-10-03T11:41:51.002389+07:00,707.2329858540002,0.03297841299990978,OK,,True,834,0.10425,,2026-10-03T11:41:51.035367+07:00,707.265967582,0.03281361700010166,OK,,True,2101,0.262625,
59fb0b3833d04c8cbdd8c1e074671b1d,709,2026-10-03T11:41:51.815697+07:00,708.0462859300001,708.0462859300001,MONITOR,708.1602541329999,0.9992371859998457,0.2517306220001956,0.0001268609998987813,DISABLED,on,user_reported,38.154727935791016,53.09736251831055,1010.045703125,127904.0703125,True,True,True,176,0,0,109,177,101,2026-10-03T11:41:51.815795+07:00,708.0463969850002,0.18581586999971478,OK,,True,2026-10-03T11:41:52.001625+07:00,708.2322211700002,0.03297906099987813,OK,,True,835,0.104375,,2026-10-03T11:41:52.034603+07:00,708.2652036009999,0.0328051360002064,OK,,True,2094,0.26175,
59fb0b3833d04c8cbdd8c1e074671b1d,710,2026-10-03T11:41:52.815649+07:00,709.0462425559999,709.0462425559999,MONITOR,709.1602107589997,0.9999566259998574,0.25240582100013853,8.348699975613272e-05,DISABLED,on,user_reported,38.15153884887695,53.115943908691406,1009.944609375,127712.6484375,True,True,True,176,0,0,109,177,101,2026-10-03T11:41:52.815726+07:00,709.046327648,0.18654586599996037,OK,,True,2026-10-03T11:41:53.002285+07:00,709.2328813100003,0.03294704299969453,OK,,True,857,0.107125,,2026-10-03T11:41:53.035231+07:00,709.2658316669999,0.032808951000333764,OK,,True,2091,0.261375,
59fb0b3833d04c8cbdd8c1e074671b1d,711,2026-10-03T11:41:53.815650+07:00,710.0462422380001,710.0462422380001,MONITOR,710.1602104409999,0.9999996820001797,0.25173039999981484,8.316899993587867e-05,DISABLED,on,user_reported,38.13622283935547,53.12640380859375,1009.933359375,127047.1484375,True,True,True,176,0,0,109,177,101,2026-10-03T11:41:53.815729+07:00,710.0463307,0.18582081500017011,OK,,True,2026-10-03T11:41:54.001565+07:00,710.232160867,0.03297480199989877,OK,,True,850,0.10625,,2026-10-03T11:41:54.034540+07:00,710.265140169,0.03282422800020868,OK,,True,2079,0.259875,
59fb0b3833d04c8cbdd8c1e074671b1d,712,2026-10-03T11:41:54.815650+07:00,711.0462426980002,711.0462426980002,MONITOR,711.160210901,1.0000004600001375,0.2551662849996319,8.362900007341523e-05,DISABLED,on,user_reported,38.1279296875,53.14424133300781,1009.913046875,127331.5078125,True,True,True,176,0,0,109,177,101,2026-10-03T11:41:54.815729+07:00,711.046330697,0.18639762600014365,OK,,True,2026-10-03T11:41:55.002143+07:00,711.23273862,0.033977960999891366,OK,,True,837,0.104625,,2026-10-03T11:41:55.036129+07:00,711.2667254890002,0.03465278999965449,OK,,True,2090,0.26125,
59fb0b3833d04c8cbdd8c1e074671b1d,713,2026-10-03T11:41:55.815680+07:00,712.0462726400001,712.0462726400001,MONITOR,712.1602408429999,1.0000299419998555,0.25176878899992516,0.00011357099992892472,DISABLED,on,user_reported,38.113258361816406,53.1484260559082,1009.937265625,127141.7890625,True,True,True,176,0,0,109,177,101,2026-10-03T11:41:55.815757+07:00,712.046359343,0.1858197219999056,OK,,True,2026-10-03T11:41:56.001592+07:00,712.2321880099998,0.032995561000007,OK,,True,828,0.10350000000000001,,2026-10-03T11:41:56.034587+07:00,712.2651871080002,0.032846246999724826,OK,,True,2088,0.261,
59fb0b3833d04c8cbdd8c1e074671b1d,714,2026-10-03T11:41:56.815657+07:00,713.0462498790002,713.0462498790002,MONITOR,713.160218082,0.9999772390001453,0.2520244909997018,9.081000007427065e-05,DISABLED,on,user_reported,38.107513427734375,53.1475944519043,1009.927890625,127047.1484375,True,True,True,176,0,0,109,177,101,2026-10-03T11:41:56.815735+07:00,713.0463372300001,0.18581148200019015,OK,,True,2026-10-03T11:41:57.001559+07:00,713.2321563790001,0.03326142900004925,OK,,True,874,0.10925,,2026-10-03T11:41:57.034821+07:00,713.2654215860002,0.03284433899989381,OK,,True,2087,0.260875,
59fb0b3833d04c8cbdd8c1e074671b1d,715,2026-10-03T11:41:57.815653+07:00,714.0462463590002,714.0462463590002,MONITOR,714.160214562,0.9999964799999361,0.25191352899992125,8.729000001039822e-05,DISABLED,on,user_reported,38.106876373291016,53.17290115356445,1009.961171875,127617.1484375,True,True,True,176,0,0,109,177,101,2026-10-03T11:41:57.815734+07:00,714.0463357100002,0.1858225749997473,OK,,True,2026-10-03T11:41:58.001571+07:00,714.2321671919999,0.03315789299995231,OK,,True,837,0.104625,,2026-10-03T11:41:58.034729+07:00,714.2653287890003,0.03282324699966921,OK,,True,2091,0.261375,
59fb0b3833d04c8cbdd8c1e074671b1d,716,2026-10-03T11:41:58.815654+07:00,715.0462473950001,715.0462473950001,MONITOR,715.1602155979999,1.0000010359999578,0.2524108590000651,8.832599996821955e-05,DISABLED,on,user_reported,38.11006546020508,53.19242858886719,1009.918203125,127047.1484375,True,True,True,176,0,0,109,177,101,2026-10-03T11:41:58.815733+07:00,715.046334524,0.18582031500000085,OK,,True,2026-10-03T11:41:59.001568+07:00,715.2321635980002,0.03350313200007804,OK,,True,855,0.106875,,2026-10-03T11:41:59.035074+07:00,715.265671823,0.03297768999982509,OK,,True,2095,0.261875,
59fb0b3833d04c8cbdd8c1e074671b1d,717,2026-10-03T11:41:59.815655+07:00,716.0462483020001,716.0462483020001,MONITOR,716.1602165049999,1.0000009069999578,0.2533950930001083,8.923299992602551e-05,DISABLED,on,user_reported,38.0941162109375,53.19009017944336,1009.90625,127331.5078125,True,True,True,176,0,0,109,177,101,2026-10-03T11:41:59.815730+07:00,716.046332338,0.18581188999996812,OK,,True,2026-10-03T11:42:00.001556+07:00,716.2321527650001,0.03295622799987541,OK,,True,853,0.106625,,2026-10-03T11:42:00.034512+07:00,716.2651125110001,0.034513457999764796,OK,,True,2082,0.26025,
59fb0b3833d04c8cbdd8c1e074671b1d,718,2026-10-03T11:42:00.815665+07:00,717.0462581719999,717.0462581719999,MONITOR,717.1602263749996,1.000009869999758,0.25168056800021077,9.91029996839643e-05,DISABLED,on,user_reported,38.08454513549805,53.195037841796875,1009.876875,128000.0,True,True,True,176,0,0,109,177,101,2026-10-03T11:42:00.815742+07:00,717.046343727,0.18581929699985267,OK,,True,2026-10-03T11:42:01.001576+07:00,717.2321719679999,0.0329412650003178,OK,,True,851,0.106375,,2026-10-03T11:42:01.034518+07:00,717.2651173069999,0.032813581000027625,OK,,True,2094,0.26175,
59fb0b3833d04c8cbdd8c1e074671b1d,719,2026-10-03T11:42:01.815656+07:00,718.0462497650001,718.0462497650001,MONITOR,718.1602179679999,0.9999915930002317,0.2522038419997443,9.069599991562427e-05,DISABLED,on,user_reported,38.08071517944336,53.200836181640625,1009.856953125,127426.578125,True,True,True,176,0,0,109,177,101,2026-10-03T11:42:01.815732+07:00,718.0463337460001,0.18581187100016905,OK,,True,2026-10-03T11:42:02.001557+07:00,718.2321539879999,0.033437206000144215,OK,,True,832,0.10400000000000001,,2026-10-03T11:42:02.034998+07:00,718.2655961199998,0.032848654000190436,OK,,True,2082,0.26025,
59fb0b3833d04c8cbdd8c1e074671b1d,720,2026-10-03T11:42:02.815661+07:00,719.0462531550002,719.0462531550002,MONITOR,719.160221358,1.0000033900000744,0.2517196049998347,9.408599999005673e-05,DISABLED,on,user_reported,38.06476593017578,53.21754455566406,1009.975078125,127331.5078125,True,True,True,176,0,0,109,177,101,2026-10-03T11:42:02.815739+07:00,719.0463411169999,0.1858149270001377,OK,,True,2026-10-03T11:42:03.001568+07:00,719.2321636920001,0.03296650599986606,OK,,True,852,0.1065,,2026-10-03T11:42:03.034534+07:00,719.2651343090001,0.03283024699976522,OK,,True,2091,0.261375,
59fb0b3833d04c8cbdd8c1e074671b1d,721,2026-10-03T11:42:03.815660+07:00,720.0462524899999,720.0462524899999,MONITOR,720.1602206929997,0.9999993349997567,0.2522370830001819,9.342099974674056e-05,DISABLED,on,user_reported,38.06923294067383,53.23091506958008,1009.96171875,127236.578125,True,True,True,176,0,0,109,177,101,2026-10-03T11:42:03.815738+07:00,720.0463397480003,0.18584148299987646,OK,,True,2026-10-03T11:42:04.001594+07:00,720.2321899160002,0.0334360580000066,OK,,True,847,0.105875,,2026-10-03T11:42:04.035032+07:00,720.2656307329999,0.03285000599998966,OK,,True,2097,0.262125,
59fb0b3833d04c8cbdd8c1e074671b1d,722,2026-10-03T11:42:04.815659+07:00,721.0462518620002,721.0462518620002,MONITOR,721.160220065,0.9999993720002749,0.25239521200001036,9.279300002162927e-05,DISABLED,on,user_reported,38.065406799316406,53.23670196533203,1009.92140625,127331.5078125,True,True,True,176,0,0,109,177,101,2026-10-03T11:42:04.815737+07:00,721.0463386209999,0.1858183900003496,OK,,True,2026-10-03T11:42:05.001569+07:00,721.2321649360001,0.03320406000011644,OK,,True,862,0.10775,,2026-10-03T11:42:05.034776+07:00,721.2653746810001,0.033263022000028286,OK,,True,2090,0.26125,
59fb0b3833d04c8cbdd8c1e074671b1d,723,2026-10-03T11:42:05.815719+07:00,722.0463029940001,722.0463029940001,MONITOR,722.1602711969999,1.0000511319999532,0.26129205999995975,0.00014392499997484265,DISABLED,on,user_reported,38.060298919677734,53.23595428466797,1009.92671875,127426.578125,True,True,True,176,0,0,109,177,101,2026-10-03T11:42:05.815871+07:00,722.046470752,0.19097235600020213,OK,,True,2026-10-03T11:42:06.006866+07:00,722.237458441,0.03511760299988964,OK,,True,831,0.10387500000000001,,2026-10-03T11:42:06.041994+07:00,722.2725881360002,0.034997547999864764,OK,,True,2091,0.261375,
59fb0b3833d04c8cbdd8c1e074671b1d,724,2026-10-03T11:42:06.815650+07:00,723.0462426449999,723.0462426449999,MONITOR,723.1602108479997,0.9999396509997496,0.2550422310000613,8.357599972441676e-05,DISABLED,on,user_reported,38.045623779296875,53.25285720825195,1009.90984375,127808.2890625,True,True,True,176,0,0,109,177,101,2026-10-03T11:42:06.815725+07:00,723.0463269780003,0.1858518340000046,OK,,True,2026-10-03T11:42:07.001595+07:00,723.232190275,0.03460806900011448,OK,,True,839,0.104875,,2026-10-03T11:42:07.036206+07:00,723.2668038810002,0.034469254999748955,OK,,True,2088,0.261,
59fb0b3833d04c8cbdd8c1e074671b1d,725,2026-10-03T11:42:07.815655+07:00,724.0462474629999,724.0462474629999,MONITOR,724.1602156659997,1.0000048179999794,0.25395607200016457,8.839399970383965e-05,DISABLED,on,user_reported,38.03095245361328,53.26976776123047,1010.01625,127808.2890625,True,True,True,176,0,0,109,177,101,2026-10-03T11:42:07.815730+07:00,724.0463316290002,0.18583379699975922,OK,,True,2026-10-03T11:42:08.001578+07:00,724.2321745190002,0.034251015999871015,OK,,True,845,0.105625,,2026-10-03T11:42:08.035834+07:00,724.2664316640003,0.03376211199974932,OK,,True,2091,0.261375,
59fb0b3833d04c8cbdd8c1e074671b1d,726,2026-10-03T11:42:08.815648+07:00,725.0462415040001,725.0462415040001,MONITOR,725.1602097069999,0.9999940410002637,0.25675036799975715,8.24349999675178e-05,DISABLED,on,user_reported,38.02903747558594,53.26948165893555,1010.00625,127617.1484375,True,True,True,176,0,0,109,177,101,2026-10-03T11:42:08.815724+07:00,725.0463262990002,0.18824539299976095,OK,,True,2026-10-03T11:42:09.003981+07:00,725.2345786000001,0.03523950899989359,OK,,True,829,0.10362500000000001,,2026-10-03T11:42:09.039225+07:00,725.2698232749999,0.03315587499992034,OK,,True,2083,0.260375,
59fb0b3833d04c8cbdd8c1e074671b1d,727,2026-10-03T11:42:09.815653+07:00,726.0462465260002,726.0462465260002,MONITOR,726.160214729,1.0000050220000958,0.25557678399991346,8.745700006329571e-05,DISABLED,on,user_reported,38.03350067138672,53.28921127319336,1009.93125,128192.2890625,True,True,True,176,0,0,109,177,101,2026-10-03T11:42:09.815728+07:00,726.0463302849998,0.18591337100042438,OK,,True,2026-10-03T11:42:10.001662+07:00,726.2322566560001,0.03496684499987168,OK,,True,823,0.10287500000000001,,2026-10-03T11:42:10.036635+07:00,726.2672303150002,0.03457895799965627,OK,,True,2084,0.2605,
59fb0b3833d04c8cbdd8c1e074671b1d,728,2026-10-03T11:42:10.815660+07:00,727.046252698,727.046252698,MONITOR,727.1602209009998,1.0000061719997575,0.2540164239999285,9.362899982079398e-05,DISABLED,on,user_reported,38.027122497558594,53.29462814331055,1009.921015625,127236.578125,True,True,True,176,0,0,109,177,101,2026-10-03T11:42:10.815734+07:00,727.0463354190001,0.18585563099986757,OK,,True,2026-10-03T11:42:11.001603+07:00,727.232199902,0.03323267099995064,OK,,True,839,0.104875,,2026-10-03T11:42:11.034843+07:00,727.265438684,0.03480375300023297,OK,,True,2073,0.259125,
59fb0b3833d04c8cbdd8c1e074671b1d,729,2026-10-03T11:42:11.815738+07:00,728.0463226649999,728.0463226649999,MONITOR,728.1602908679997,1.0000699669999449,0.27374455400013176,0.00016359599976567551,DISABLED,on,user_reported,38.030311584472656,53.30780792236328,1009.871328125,127808.2890625,True,True,True,176,0,0,109,177,101,2026-10-03T11:42:11.815894+07:00,728.0464935529999,0.19689792899998793,OK,,True,2026-10-03T11:42:12.012808+07:00,728.2434035370002,0.04123165600003631,OK,,True,851,0.106375,,2026-10-03T11:42:12.054056+07:00,728.2846471550001,0.03540199000008215,OK,,True,2088,0.261,
59fb0b3833d04c8cbdd8c1e074671b1d,730,2026-10-03T11:42:12.815712+07:00,729.0462984119999,729.0462984119999,MONITOR,729.1602666149997,0.9999757470000077,0.26832288600007814,0.00013934299977336195,DISABLED,on,user_reported,38.01499938964844,53.31190872192383,1009.908046875,128481.8046875,True,True,True,176,0,0,109,177,101,2026-10-03T11:42:12.815858+07:00,729.04645854,0.1917965920001734,OK,,True,2026-10-03T11:42:13.007677+07:00,729.2382712250001,0.04179942900009337,OK,,True,844,0.1055,,2026-10-03T11:42:13.049490+07:00,729.2800828949999,0.034523366000030364,OK,,True,2102,0.26275,
59fb0b3833d04c8cbdd8c1e074671b1d,731,2026-10-03T11:42:13.815703+07:00,730.046285974,730.046285974,MONITOR,730.1602541769998,0.9999875620001148,0.26736904000017603,0.00012690499988821102,DISABLED,on,user_reported,38.00032424926758,53.30974578857422,1010.007734375,127808.2890625,True,True,True,176,0,0,109,177,101,2026-10-03T11:42:13.815855+07:00,730.0464547500001,0.191767499999969,OK,,True,2026-10-03T11:42:14.007643+07:00,730.2382368980002,0.03788628799975413,OK,,True,840,0.105,,2026-10-03T11:42:14.045552+07:00,730.2761374269999,0.037499402000321425,OK,,True,2092,0.2615,
59fb0b3833d04c8cbdd8c1e074671b1d,732,2026-10-03T11:42:14.815726+07:00,731.0463097390002,731.0463097390002,MONITOR,731.160277942,1.0000237650001509,0.2701131149997309,0.00015067000003909925,DISABLED,on,user_reported,38.004791259765625,53.33582305908203,1009.953203125,127236.578125,True,True,True,176,0,0,109,177,101,2026-10-03T11:42:14.815879+07:00,731.046479183,0.19178157300029852,OK,,True,2026-10-03T11:42:15.007682+07:00,731.2382761080003,0.04130976599981295,OK,,True,849,0.106125,,2026-10-03T11:42:15.049006+07:00,731.2795985030002,0.03675159199974587,OK,,True,2096,0.262,
59fb0b3833d04c8cbdd8c1e074671b1d,733,2026-10-03T11:42:15.815804+07:00,732.0463970229998,732.0463970229998,MONITOR,732.1603652259996,1.000087283999619,0.2541726650001692,0.00023795399965820252,DISABLED,on,user_reported,37.99394607543945,53.34059524536133,1009.915,127808.2890625,True,True,True,176,0,0,109,177,101,2026-10-03T11:42:15.815881+07:00,732.0464823749999,0.18581442799995784,OK,,True,2026-10-03T11:42:16.001707+07:00,732.2323053210002,0.032992931999615394,OK,,True,844,0.1055,,2026-10-03T11:42:16.034701+07:00,732.265301938,0.0352507309999055,OK,,True,2091,0.261375,
59fb0b3833d04c8cbdd8c1e074671b1d,734,2026-10-03T11:42:16.815661+07:00,733.046253643,733.046253643,MONITOR,733.1602218459998,0.9998566200001733,0.2536567229999491,9.457399983148207e-05,DISABLED,on,user_reported,37.9869270324707,53.35862731933594,1009.951640625,127331.5078125,True,True,True,176,0,0,109,177,101,2026-10-03T11:42:16.815735+07:00,733.046336939,0.18581416799997896,OK,,True,2026-10-03T11:42:17.001561+07:00,733.2321586809999,0.03297711699997308,OK,,True,833,0.104125,,2026-10-03T11:42:17.034538+07:00,733.2651390569999,0.03475966099995276,OK,,True,2079,0.259875,
59fb0b3833d04c8cbdd8c1e074671b1d,735,2026-10-03T11:42:17.815659+07:00,734.046251669,734.046251669,MONITOR,734.1602198719997,0.9999980259999575,0.2517058110001926,9.259999978894484e-05,DISABLED,on,user_reported,37.96651077270508,53.35562515258789,1009.952890625,128481.8046875,True,True,True,176,0,0,109,177,101,2026-10-03T11:42:17.815732+07:00,734.046333836,0.1858303160001924,OK,,True,2026-10-03T11:42:18.001575+07:00,734.2321730039998,0.03293648800035953,OK,,True,829,0.10362500000000001,,2026-10-03T11:42:18.034512+07:00,734.2651128060002,0.03283659999988231,OK,,True,2097,0.262125,
59fb0b3833d04c8cbdd8c1e074671b1d,736,2026-10-03T11:42:18.815656+07:00,735.046247752,735.046247752,MONITOR,735.1602159549998,0.9999960830000418,0.2520090490002076,8.868299983078032e-05,DISABLED,on,user_reported,37.96331787109375,53.36787414550781,1010.00234375,127236.578125,True,True,True,176,0,0,109,177,101,2026-10-03T11:42:18.815729+07:00,735.046330825,0.18581974300013826,OK,,True,2026-10-03T11:42:19.001561+07:00,735.2321586980001,0.03325813299989022,OK,,True,825,0.10312500000000001,,2026-10-03T11:42:19.034820+07:00,735.2654206279999,0.03282867300004,OK,,True,2093,0.261625,
59fb0b3833d04c8cbdd8c1e074671b1d,737,2026-10-03T11:42:19.815659+07:00,736.0462505750002,736.0462505750002,MONITOR,736.160218778,1.000002823000159,0.25184029199999713,9.15059999897494e-05,DISABLED,on,user_reported,37.954383850097656,53.38563919067383,1009.974296875,128481.8046875,True,True,True,176,0,0,109,177,101,2026-10-03T11:42:19.815737+07:00,736.0463389639999,0.18583133500033,OK,,True,2026-10-03T11:42:20.001582+07:00,736.2321791879999,0.03298291300006895,OK,,True,844,0.1055,,2026-10-03T11:42:20.034565+07:00,736.2651655459999,0.032914505999997345,OK,,True,2089,0.261125,
59fb0b3833d04c8cbdd8c1e074671b1d,738,2026-10-03T11:42:20.815657+07:00,737.0462489920001,737.0462489920001,MONITOR,737.1602171949999,0.9999984169999152,0.25176693999992494,8.992299990495667e-05,DISABLED,on,user_reported,37.94545364379883,53.403385162353516,1009.925390625,127808.2890625,True,True,True,176,0,0,109,177,101,2026-10-03T11:42:20.815731+07:00,737.0463327140001,0.18582220600001165,OK,,True,2026-10-03T11:42:21.001566+07:00,737.2321632900002,0.03296985799988761,OK,,True,838,0.10475,,2026-10-03T11:42:21.034536+07:00,737.2651364630001,0.03287130199987587,OK,,True,2091,0.261375,
59fb0b3833d04c8cbdd8c1e074671b1d,739,2026-10-03T11:42:21.815657+07:00,738.0462494459998,738.0462494459998,MONITOR,738.1602176489996,1.0000004539997462,0.25180790300009903,9.037699965119828e-05,DISABLED,on,user_reported,37.92567443847656,53.42591857910156,1009.941328125,128096.0703125,True,True,True,176,0,0,109,177,101,2026-10-03T11:42:21.815731+07:00,738.046332335,0.18586639100021785,OK,,True,2026-10-03T11:42:22.001609+07:00,738.2322069850002,0.03299689400000716,OK,,True,861,0.107625,,2026-10-03T11:42:22.034607+07:00,738.2652071759999,0.03284152500009441,OK,,True,2087,0.260875,
59fb0b3833d04c8cbdd8c1e074671b1d,740,2026-10-03T11:42:22.815657+07:00,739.0462501420002,739.0462501420002,MONITOR,739.160218345,1.0000006960003702,0.2516992739997477,9.107300002142438e-05,DISABLED,on,user_reported,37.935245513916016,53.440040588378906,1009.93640625,128578.6015625,True,True,True,176,0,0,109,177,101,2026-10-03T11:42:22.815731+07:00,739.0463323449999,0.18581578000021182,OK,,True,2026-10-03T11:42:23.001557+07:00,739.232155273,0.03295741400006591,OK,,True,854,0.10675,,2026-10-03T11:42:23.034516+07:00,739.2651169639998,0.03282448900017698,OK,,True,2094,0.26175,
59fb0b3833d04c8cbdd8c1e074671b1d,741,2026-10-03T11:42:23.815657+07:00,740.0462489669999,740.0462489669999,MONITOR,740.1602171699997,0.9999988249996932,0.2517288480003117,8.989799971459433e-05,DISABLED,on,user_reported,37.93077850341797,53.44574737548828,1009.98390625,128192.2890625,True,True,True,176,0,0,109,177,101,2026-10-03T11:42:23.815734+07:00,740.046335819,0.18583053900010782,OK,,True,2026-10-03T11:42:24.001577+07:00,740.232174877,0.032945061000191345,OK,,True,828,0.10350000000000001,,2026-10-03T11:42:24.034524+07:00,740.2651236229999,0.03284626599997864,OK,,True,2096,0.262,
59fb0b3833d04c8cbdd8c1e074671b1d,742,2026-10-03T11:42:24.815657+07:00,741.0462506080003,741.0462506080003,MONITOR,741.160218811,1.000001641000381,0.2517169589996229,9.153900009550853e-05,DISABLED,on,user_reported,37.91419219970703,53.46237564086914,1009.963828125,127904.0703125,True,True,True,176,0,0,109,177,101,2026-10-03T11:42:24.815731+07:00,741.046332422,0.18583152100018197,OK,,True,2026-10-03T11:42:25.001574+07:00,741.2321715170001,0.032943246999820985,OK,,True,848,0.106,,2026-10-03T11:42:25.034517+07:00,741.2651181720003,0.03284161699957622,OK,,True,2095,0.261875,
59fb0b3833d04c8cbdd8c1e074671b1d,743,2026-10-03T11:42:25.815657+07:00,742.0462500829999,742.0462500829999,MONITOR,742.1602182859997,0.9999994749996404,0.2520311970001785,9.101399973587831e-05,DISABLED,on,user_reported,37.90781021118164,53.4614372253418,1009.9740625,128000.0,True,True,True,176,0,0,109,177,101,2026-10-03T11:42:25.815733+07:00,742.0463349890001,0.1858213179998529,OK,,True,2026-10-03T11:42:26.001567+07:00,742.232164344,0.03326518899984876,OK,,True,836,0.1045,,2026-10-03T11:42:26.034833+07:00,742.2654330700002,0.03284006199965006,OK,,True,2100,0.2625,
59fb0b3833d04c8cbdd8c1e074671b1d,744,2026-10-03T11:42:26.815649+07:00,743.046242243,743.046242243,MONITOR,743.1602104459998,0.9999921600001471,0.25196838300007585,8.317399988300167e-05,DISABLED,on,user_reported,37.9058952331543,53.48023986816406,1009.95046875,128192.2890625,True,True,True,176,0,0,109,177,101,2026-10-03T11:42:26.815719+07:00,743.0463213160001,0.18602111300015167,OK,,True,2026-10-03T11:42:27.001772+07:00,743.232350929,0.03301696800008358,OK,,True,835,0.104375,,2026-10-03T11:42:27.034771+07:00,743.2653717859998,0.03283150700008264,OK,,True,2092,0.2615,
59fb0b3833d04c8cbdd8c1e074671b1d,745,2026-10-03T11:42:27.815652+07:00,744.046242811,744.046242811,MONITOR,744.1602110139997,1.0000005679999049,0.25193214299997635,8.374199978788965e-05,DISABLED,on,user_reported,37.9058952331543,53.499324798583984,1009.916171875,128192.2890625,True,True,True,176,0,0,109,177,101,2026-10-03T11:42:27.815726+07:00,744.0463275689999,0.1858305770001607,OK,,True,2026-10-03T11:42:28.001568+07:00,744.2321663319999,0.033069412000259035,OK,,True,843,0.105375,,2026-10-03T11:42:28.034641+07:00,744.2652400780003,0.032926449999649776,OK,,True,2094,0.26175,
59fb0b3833d04c8cbdd8c1e074671b1d,746,2026-10-03T11:42:28.815657+07:00,745.0462501940001,745.0462501940001,MONITOR,745.1602183969999,1.0000073830001384,0.25189979200013113,9.11249999262509e-05,DISABLED,on,user_reported,37.88420486450195,53.50248336791992,1009.95640625,128192.2890625,True,True,True,176,0,0,109,177,101,2026-10-03T11:42:28.815727+07:00,745.0463284709999,0.1859210030002032,OK,,True,2026-10-03T11:42:29.001661+07:00,745.2322583250002,0.033031616999778635,OK,,True,835,0.104375,,2026-10-03T11:42:29.034694+07:00,745.265293553,0.03284874800010584,OK,,True,2102,0.26275,
59fb0b3833d04c8cbdd8c1e074671b1d,747,2026-10-03T11:42:29.815650+07:00,746.0462428000001,746.0462428000001,MONITOR,746.1602110029999,0.999992605999978,0.2519197550000172,8.373099990421906e-05,DISABLED,on,user_reported,37.88292694091797,53.521385192871094,1009.97484375,128481.8046875,True,True,True,176,0,0,109,177,101,2026-10-03T11:42:29.815722+07:00,746.046324207,0.18592366900020352,OK,,True,2026-10-03T11:42:30.001658+07:00,746.2322555800001,0.03305139399981272,OK,,True,840,0.105,,2026-10-03T11:42:30.034712+07:00,746.2653113259998,0.03284350700005234,OK,,True,2090,0.26125,
59fb0b3833d04c8cbdd8c1e074671b1d,748,2026-10-03T11:42:30.815649+07:00,747.046241555,747.046241555,MONITOR,747.1602097579998,0.9999987549999787,0.2519125690000692,8.248599988291971e-05,DISABLED,on,user_reported,37.87590789794922,53.520355224609375,1009.93609375,128192.2890625,True,True,True,176,0,0,109,177,101,2026-10-03T11:42:30.815722+07:00,747.04632361,0.18579881799996656,OK,,True,2026-10-03T11:42:31.001531+07:00,747.2321292430001,0.0331870599998183,OK,,True,851,0.106375,,2026-10-03T11:42:31.034723+07:00,747.2653212660002,0.03282491399977516,OK,,True,2086,0.26075,
59fb0b3833d04c8cbdd8c1e074671b1d,749,2026-10-03T11:42:31.815658+07:00,748.0462503100002,748.0462503100002,MONITOR,748.160218513,1.0000087550001808,0.25190542099971935,9.124100006374647e-05,DISABLED,on,user_reported,37.88420486450195,53.55337905883789,1009.908359375,128288.6484375,True,True,True,176,0,0,109,177,101,2026-10-03T11:42:31.815731+07:00,748.0463325310002,0.18580933699968227,OK,,True,2026-10-03T11:42:32.001551+07:00,748.232148479,0.03313365300027726,OK,,True,822,0.10275000000000001,,2026-10-03T11:42:32.034689+07:00,748.2652872620001,0.03286059899983229,OK,,True,2100,0.2625,
59fb0b3833d04c8cbdd8c1e074671b1d,750,2026-10-03T11:42:32.815652+07:00,749.0462444720001,749.0462444720001,MONITOR,749.1602126749999,0.9999941619998935,0.25208742099994197,8.540299995729583e-05,DISABLED,on,user_reported,37.895687103271484,53.555076599121094,1009.933828125,128481.8046875,True,True,True,176,0,0,109,177,101,2026-10-03T11:42:32.815727+07:00,749.0463289529998,0.18580778200021086,OK,,True,2026-10-03T11:42:33.001545+07:00,749.2321431979999,0.03335129900005995,OK,,True,827,0.10337500000000001,,2026-10-03T11:42:33.034901+07:00,749.265499349,0.032823989000007714,OK,,True,2080,0.26,
59fb0b3833d04c8cbdd8c1e074671b1d,751,2026-10-03T11:42:33.815654+07:00,750.0462457100002,750.0462457100002,MONITOR,750.160213913,1.0000012380000953,0.2518206999998256,8.664100005262299e-05,DISABLED,on,user_reported,37.883567810058594,53.566009521484375,1009.90046875,128772.6328125,True,True,True,176,0,0,109,177,101,2026-10-03T11:42:33.815732+07:00,750.0463342829999,0.1858030780003901,OK,,True,2026-10-03T11:42:34.001545+07:00,750.232143787,0.033063413000036235,OK,,True,837,0.104625,,2026-10-03T11:42:34.034614+07:00,750.2652121810002,0.03284615499978827,OK,,True,2093,0.261625,
59fb0b3833d04c8cbdd8c1e074671b1d,752,2026-10-03T11:42:34.815655+07:00,751.0462481700001,751.0462481700001,MONITOR,751.1602163729999,1.0000024599999051,0.2518304780001017,8.910099995773635e-05,DISABLED,on,user_reported,37.86697769165039,53.550838470458984,1009.96953125,128385.15625,True,True,True,176,0,0,109,177,101,2026-10-03T11:42:34.815727+07:00,751.0463290769999,0.18580700300026365,OK,,True,2026-10-03T11:42:35.001545+07:00,751.2321431730002,0.03306085699978212,OK,,True,838,0.10475,,2026-10-03T11:42:35.034610+07:00,751.2652088270002,0.03286119099993812,OK,,True,2089,0.261125,
59fb0b3833d04c8cbdd8c1e074671b1d,753,2026-10-03T11:42:35.815671+07:00,752.046261427,752.046261427,MONITOR,752.1602296299998,1.000013256999864,0.261868023000261,0.0001023579998218338,DISABLED,on,user_reported,37.860595703125,53.56898498535156,1009.972890625,128000.0,True,True,True,176,0,0,109,177,101,2026-10-03T11:42:35.815772+07:00,752.0463732779999,0.1911165980000078,OK,,True,2026-10-03T11:42:36.006910+07:00,752.2375047099999,0.0354133969999566,OK,,True,844,0.1055,,2026-10-03T11:42:36.042329+07:00,752.2729259960001,0.03518606499983434,OK,,True,2101,0.262625,
59fb0b3833d04c8cbdd8c1e074671b1d,754,2026-10-03T11:42:36.815721+07:00,753.0463059980002,753.0463059980002,MONITOR,753.160274201,1.0000445710002168,0.2627367959998992,0.0001469290000386536,DISABLED,on,user_reported,37.85293960571289,53.56785583496094,1009.905546875,128578.6015625,True,True,True,176,0,0,109,177,101,2026-10-03T11:42:36.815857+07:00,753.0464577379998,0.19180739100011124,OK,,True,2026-10-03T11:42:37.007688+07:00,753.2382819990003,0.03551274799974635,OK,,True,841,0.105125,,2026-10-03T11:42:37.043206+07:00,753.2738031180002,0.03522251000003962,OK,,True,2102,0.26275,
59fb0b3833d04c8cbdd8c1e074671b1d,755,2026-10-03T11:42:37.815721+07:00,754.0463039410001,754.0463039410001,MONITOR,754.1602721439999,0.9999979429999257,0.26283522099993206,0.00014487199996437994,DISABLED,on,user_reported,37.845924377441406,53.58591079711914,1009.90796875,127426.578125,True,True,True,176,0,0,109,177,101,2026-10-03T11:42:37.815878+07:00,754.046478144,0.191788779000035,OK,,True,2026-10-03T11:42:38.007688+07:00,754.2382830709998,0.03560039700005291,OK,,True,842,0.10525,,2026-10-03T11:42:38.043298+07:00,754.273894079,0.035227102000135346,OK,,True,2098,0.26225,
59fb0b3833d04c8cbdd8c1e074671b1d,756,2026-10-03T11:42:38.815719+07:00,755.046301199,755.046301199,MONITOR,755.1602694019998,0.9999972579998939,0.26445211800000834,0.0001421299998582981,DISABLED,on,user_reported,37.854217529296875,53.5998649597168,1009.880234375,128675.546875,True,True,True,176,0,0,109,177,101,2026-10-03T11:42:38.815873+07:00,755.0464729760001,0.19178381699975944,OK,,True,2026-10-03T11:42:39.007677+07:00,755.2382712560002,0.03560106199984148,OK,,True,860,0.1075,,2026-10-03T11:42:39.043283+07:00,755.2738815040002,0.036856535999959306,OK,,True,2095,0.261875,
59fb0b3833d04c8cbdd8c1e074671b1d,757,2026-10-03T11:42:39.815658+07:00,756.046249255,756.046249255,MONITOR,756.1602174579998,0.9999480559999938,0.252077995000036,9.01859998521104e-05,DISABLED,on,user_reported,37.83635330200195,53.597232818603516,1009.9471875,127426.578125,True,True,True,176,0,0,109,177,101,2026-10-03T11:42:39.815735+07:00,756.046336717,0.18580278199988243,OK,,True,2026-10-03T11:42:40.001547+07:00,756.232145943,0.033334615000057966,OK,,True,853,0.106625,,2026-10-03T11:42:40.034887+07:00,756.265485891,0.0328326180001568,OK,,True,2090,0.26125,
59fb0b3833d04c8cbdd8c1e074671b1d,758,2026-10-03T11:42:40.815655+07:00,757.0462460510003,757.0462460510003,MONITOR,757.160214254,0.9999967960002323,0.2518499409998185,8.698200008439017e-05,DISABLED,on,user_reported,37.834434509277344,53.60967254638672,1009.93046875,128481.8046875,True,True,True,176,0,0,109,177,101,2026-10-03T11:42:40.815740+07:00,757.0463414760002,0.18580572599967127,OK,,True,2026-10-03T11:42:41.001556+07:00,757.2321537759999,0.033070635000058246,OK,,True,818,0.10225000000000001,,2026-10-03T11:42:41.034631+07:00,757.265229485,0.03285858100025507,OK,,True,2091,0.261375,
59fb0b3833d04c8cbdd8c1e074671b1d,759,2026-10-03T11:42:41.815651+07:00,758.0462435509999,758.0462435509999,MONITOR,758.1602117539996,0.9999974999996084,0.25192958900015583,8.448199969279813e-05,DISABLED,on,user_reported,37.833797454833984,53.615936279296875,1009.93625,128385.15625,True,True,True,176,0,0,109,177,101,2026-10-03T11:42:41.815729+07:00,758.0463310690002,0.18580928199980917,OK,,True,2026-10-03T11:42:42.001549+07:00,758.2321472210001,0.03315218999978242,OK,,True,863,0.107875,,2026-10-03T11:42:42.034706+07:00,758.2653042070001,0.03286071100001209,OK,,True,2103,0.262875,
59fb0b3833d04c8cbdd8c1e074671b1d,760,2026-10-03T11:42:42.815653+07:00,759.0462448849999,759.0462448849999,MONITOR,759.1602130879996,1.0000013339999896,0.25188447800019276,8.581599968238152e-05,DISABLED,on,user_reported,37.82295227050781,53.614341735839844,1009.904921875,128481.8046875,True,True,True,176,0,0,109,177,101,2026-10-03T11:42:42.815732+07:00,759.0463335690001,0.18580585700010488,OK,,True,2026-10-03T11:42:43.001548+07:00,759.2321464629999,0.03308909699990181,OK,,True,849,0.106125,,2026-10-03T11:42:43.034641+07:00,759.26524019,0.0328814509998665,OK,,True,2089,0.261125,
59fb0b3833d04c8cbdd8c1e074671b1d,761,2026-10-03T11:42:43.815657+07:00,760.0462492380002,760.0462492380002,MONITOR,760.160217441,1.0000043530003495,0.25187145999962013,9.016900003189221e-05,DISABLED,on,user_reported,37.821678161621094,53.620513916015625,1009.943984375,128096.0703125,True,True,True,176,0,0,109,177,101,2026-10-03T11:42:43.815735+07:00,760.0463363670001,0.18580770800008395,OK,,True,2026-10-03T11:42:44.001553+07:00,760.2321508149998,0.033088302000123804,OK,,True,824,0.10300000000000001,,2026-10-03T11:42:44.034646+07:00,760.2652442469998,0.03286872900025628,OK,,True,2081,0.260125,
59fb0b3833d04c8cbdd8c1e074671b1d,762,2026-10-03T11:42:44.815696+07:00,761.0462785539999,761.0462785539999,MONITOR,761.1602467569996,1.0000293159996545,0.26291829500041786,0.00011948499968639226,DISABLED,on,user_reported,37.810829162597656,53.631649017333984,1009.905703125,127808.2890625,True,True,True,176,0,0,109,177,101,2026-10-03T11:42:44.815851+07:00,761.0464510900001,0.19178061299999172,OK,,True,2026-10-03T11:42:45.007656+07:00,761.2382478140003,0.03558869299968137,OK,,True,842,0.10525,,2026-10-03T11:42:45.043250+07:00,761.2738466360001,0.03533250999998927,OK,,True,2102,0.26275,
59fb0b3833d04c8cbdd8c1e074671b1d,763,2026-10-03T11:42:45.817882+07:00,762.0484677449999,762.0484677449999,MONITOR,762.1624359479997,1.0021891910000704,0.2523922529999254,0.002308675999756815,DISABLED,on,user_reported,37.800621032714844,53.64286804199219,1009.964609375,128481.8046875,True,True,True,176,0,0,109,177,101,2026-10-03T11:42:45.817996+07:00,762.048597466,0.18628026099986528,OK,,True,2026-10-03T11:42:46.004286+07:00,762.234884172,0.03307504200029143,OK,,True,871,0.108875,,2026-10-03T11:42:46.037365+07:00,762.2679636769999,0.03288847000021633,OK,,True,2092,0.2615,
59fb0b3833d04c8cbdd8c1e074671b1d,764,2026-10-03T11:42:46.815667+07:00,763.046258206,763.046258206,MONITOR,763.1602264089997,0.9977904610000223,0.25207747800004654,9.913699977914803e-05,DISABLED,on,user_reported,37.778289794921875,53.63957595825195,1009.94203125,128385.15625,True,True,True,176,0,0,109,177,101,2026-10-03T11:42:46.815744+07:00,763.04634541,0.18581531900008486,OK,,True,2026-10-03T11:42:47.001570+07:00,763.2321678210001,0.03332339300004605,OK,,True,828,0.10350000000000001,,2026-10-03T11:42:47.034898+07:00,763.2654963989999,0.03283080400024119,OK,,True,2094,0.26175,
59fb0b3833d04c8cbdd8c1e074671b1d,765,2026-10-03T11:42:47.815657+07:00,764.0462490240002,764.0462490240002,MONITOR,764.160217227,0.9999908180002421,0.25183390499978486,8.99550000212912e-05,DISABLED,on,user_reported,37.766807556152344,53.650604248046875,1009.930234375,128675.546875,True,True,True,176,0,0,109,177,101,2026-10-03T11:42:47.815737+07:00,764.0463392460001,0.18581250399984128,OK,,True,2026-10-03T11:42:48.001560+07:00,764.2321581760002,0.03305432099978134,OK,,True,843,0.105375,,2026-10-03T11:42:48.034619+07:00,764.2652173669999,0.03285704400013856,OK,,True,2092,0.2615,
59fb0b3833d04c8cbdd8c1e074671b1d,766,2026-10-03T11:42:48.815657+07:00,765.0462488789999,765.0462488789999,MONITOR,765.1602170819997,0.9999998549997144,0.2517882950000967,8.980999973573489e-05,DISABLED,on,user_reported,37.7623405456543,53.67540740966797,1009.90234375,128967.2578125,True,True,True,176,0,0,109,177,101,2026-10-03T11:42:48.815736+07:00,765.0463382860003,0.18580700499978775,OK,,True,2026-10-03T11:42:49.001553+07:00,765.2321516800002,0.033029838999937056,OK,,True,841,0.105125,,2026-10-03T11:42:49.034588+07:00,765.2651865000003,0.03284280399975614,OK,,True,2091,0.261375,
59fb0b3833d04c8cbdd8c1e074671b1d,767,2026-10-03T11:42:49.815665+07:00,766.0462577349999,766.0462577349999,MONITOR,766.1602259379997,1.0000088560000222,0.25180455400004575,9.866599975794088e-05,DISABLED,on,user_reported,37.75787353515625,53.681114196777344,1009.92953125,128967.2578125,True,True,True,176,0,0,109,177,101,2026-10-03T11:42:49.815744+07:00,766.0463451410001,0.18580824599985135,OK,,True,2026-10-03T11:42:50.001561+07:00,766.2321593679999,0.03303728400032924,OK,,True,843,0.105375,,2026-10-03T11:42:50.034603+07:00,766.265201745,0.032852209999873594,OK,,True,2097,0.262125,
59fb0b3833d04c8cbdd8c1e074671b1d,768,2026-10-03T11:42:50.815722+07:00,767.0463101640003,767.0463101640003,MONITOR,767.160278367,1.000052429000334,0.2534136919998673,0.00015109500009202748,DISABLED,on,user_reported,37.762977600097656,53.700965881347656,1009.978828125,128288.6484375,True,True,True,176,0,0,109,177,101,2026-10-03T11:42:50.815830+07:00,767.0464307560001,0.18716964399982317,OK,,True,2026-10-03T11:42:51.003012+07:00,767.2336095850001,0.03324724599997353,OK,,True,847,0.105875,,2026-10-03T11:42:51.036264+07:00,767.266862164,0.032853211000201554,OK,,True,2091,0.261375,
59fb0b3833d04c8cbdd8c1e074671b1d,769,2026-10-03T11:42:51.815651+07:00,768.046243151,768.046243151,MONITOR,768.1602113539998,0.9999329869997382,0.2518432199999552,8.408199983023223e-05,DISABLED,on,user_reported,37.76871871948242,53.70817565917969,1009.974609375,128869.875,True,True,True,176,0,0,109,177,101,2026-10-03T11:42:51.815728+07:00,768.046329835,0.18580633900000976,OK,,True,2026-10-03T11:42:52.001544+07:00,768.2321427480001,0.03307191299973056,OK,,True,834,0.10425,,2026-10-03T11:42:52.034621+07:00,768.2652196240001,0.03285932100015998,OK,,True,2094,0.26175,
59fb0b3833d04c8cbdd8c1e074671b1d,770,2026-10-03T11:42:52.815653+07:00,769.046244008,769.046244008,MONITOR,769.1602122109998,1.0000008570000318,0.2519320159999552,8.493899986206088e-05,DISABLED,on,user_reported,37.75468444824219,53.718849182128906,1009.979140625,128481.8046875,True,True,True,176,0,0,109,177,101,2026-10-03T11:42:52.815729+07:00,769.046331211,0.18580111600022065,OK,,True,2026-10-03T11:42:53.001541+07:00,769.2321387340003,0.03310991299986199,OK,,True,853,0.106625,,2026-10-03T11:42:53.034656+07:00,769.2652538689999,0.03291456200031462,OK,,True,2094,0.26175,
59fb0b3833d04c8cbdd8c1e074671b1d,771,2026-10-03T11:42:53.815655+07:00,770.046245735,770.046245735,MONITOR,770.1602139379997,1.0000017269999262,0.25188836899997114,8.666599978823797e-05,DISABLED,on,user_reported,37.73235321044922,53.72827911376953,1009.9290625,128481.8046875,True,True,True,176,0,0,109,177,101,2026-10-03T11:42:53.815734+07:00,770.0463355490001,0.1858073019998301,OK,,True,2026-10-03T11:42:54.001552+07:00,770.2321492400001,0.03309509800010346,OK,,True,850,0.10625,,2026-10-03T11:42:54.034651+07:00,770.2652491530002,0.03287658099998225,OK,,True,2084,0.2605,
59fb0b3833d04c8cbdd8c1e074671b1d,772,2026-10-03T11:42:54.815650+07:00,771.0462412410002,771.0462412410002,MONITOR,771.160209444,0.9999955060002321,0.2519223689996579,8.217200002036407e-05,DISABLED,on,user_reported,37.74064636230469,53.72949981689453,1009.94953125,128967.2578125,True,True,True,176,0,0,109,177,101,2026-10-03T11:42:54.815726+07:00,771.0463281480002,0.18580333799991422,OK,,True,2026-10-03T11:42:55.001540+07:00,771.232138542,0.03310911600010513,OK,,True,847,0.105875,,2026-10-03T11:42:55.034654+07:00,771.265252492,0.03290230299990071,OK,,True,2095,0.261875,
59fb0b3833d04c8cbdd8c1e074671b1d,773,2026-10-03T11:42:55.815653+07:00,772.0462438949999,772.0462438949999,MONITOR,772.1602120979996,1.0000026539996725,0.26288783400013926,8.48259996928391e-05,DISABLED,on,user_reported,37.743839263916016,53.74907684326172,1009.86546875,128869.875,True,True,True,176,0,0,109,177,101,2026-10-03T11:42:55.815732+07:00,772.04633345,0.19074430699993172,OK,,True,2026-10-03T11:42:56.006504+07:00,772.23709659,0.03744827299988174,OK,,True,824,0.10300000000000001,,2026-10-03T11:42:56.043965+07:00,772.2745585480002,0.03455951499972798,OK,,True,2088,0.261,
59fb0b3833d04c8cbdd8c1e074671b1d,774,2026-10-03T11:42:56.815653+07:00,773.0462449209999,773.0462449209999,MONITOR,773.1602131239997,1.0000010260000636,0.25184973900013574,8.585199975641444e-05,DISABLED,on,user_reported,37.73554229736328,53.74148178100586,1009.97546875,128578.6015625,True,True,True,176,0,0,109,177,101,2026-10-03T11:42:56.815730+07:00,773.046332031,0.1858055239999885,OK,,True,2026-10-03T11:42:57.001545+07:00,773.232144092,0.033064469000237295,OK,,True,854,0.10675,,2026-10-03T11:42:57.034614+07:00,773.2652133010001,0.03287419299977046,OK,,True,2093,0.261625,
59fb0b3833d04c8cbdd8c1e074671b1d,775,2026-10-03T11:42:57.815650+07:00,774.046242502,774.046242502,MONITOR,774.1602107049998,0.999997581000116,0.25188744300021426,8.3432999872457e-05,DISABLED,on,user_reported,37.729801177978516,53.74700164794922,1009.96609375,128192.2890625,True,True,True,176,0,0,109,177,101,2026-10-03T11:42:57.815723+07:00,774.0463250749999,0.1858010800001466,OK,,True,2026-10-03T11:42:58.001533+07:00,774.2321323030001,0.03307037600006879,OK,,True,827,0.10337500000000001,,2026-10-03T11:42:58.034609+07:00,774.2652074749999,0.03291532200000802,OK,,True,2090,0.26125,
59fb0b3833d04c8cbdd8c1e074671b1d,776,2026-10-03T11:42:58.815653+07:00,775.0462444720001,775.0462444720001,MONITOR,775.1602126749999,1.0000019700000848,0.2519046289999096,8.540299995729583e-05,DISABLED,on,user_reported,37.731712341308594,53.76001739501953,1009.935,127712.6484375,True,True,True,176,0,0,109,177,101,2026-10-03T11:42:58.815729+07:00,775.0463307310001,0.18580548699992505,OK,,True,2026-10-03T11:42:59.001544+07:00,775.2321422180003,0.033118856999863056,OK,,True,839,0.104875,,2026-10-03T11:42:59.034668+07:00,775.2652665199998,0.032875321000119584,OK,,True,2094,0.26175,
59fb0b3833d04c8cbdd8c1e074671b1d,777,2026-10-03T11:42:59.815650+07:00,776.0462411839999,776.0462411839999,MONITOR,776.1602093869997,0.9999967119997564,0.251844703000188,8.21149997136672e-05,DISABLED,on,user_reported,37.715126037597656,53.77667999267578,1009.949296875,128000.0,True,True,True,176,0,0,109,177,101,2026-10-03T11:42:59.815729+07:00,776.0463303870001,0.18579511699999784,OK,,True,2026-10-03T11:43:00.001532+07:00,776.2321313930001,0.033077561000027345,OK,,True,846,0.10575,,2026-10-03T11:43:00.034615+07:00,776.265214047,0.032863710000128776,OK,,True,2094,0.26175,
59fb0b3833d04c8cbdd8c1e074671b1d,778,2026-10-03T11:43:00.815651+07:00,777.0462428219998,777.0462428219998,MONITOR,777.1602110249996,1.000001637999958,0.2553135320004003,8.375299967156025e-05,DISABLED,on,user_reported,37.718955993652344,53.78361129760742,1009.92796875,127904.0703125,True,True,True,176,0,0,109,177,101,2026-10-03T11:43:00.815729+07:00,777.0463308950002,0.18596830099977524,OK,,True,2026-10-03T11:43:01.001715+07:00,777.2323104739999,0.03512739999996484,OK,,True,849,0.106125,,2026-10-03T11:43:01.036846+07:00,777.267443577,0.03408325899999909,OK,,True,2083,0.260375,
59fb0b3833d04c8cbdd8c1e074671b1d,779,2026-10-03T11:43:01.815682+07:00,778.046273682,778.046273682,MONITOR,778.1602418849998,1.0000308600001517,0.2518938700000035,0.00011461299982329365,DISABLED,on,user_reported,37.71002197265625,53.801395416259766,1009.87921875,128772.6328125,True,True,True,176,0,0,109,177,101,2026-10-03T11:43:01.815761+07:00,778.0463631819998,0.18580593200022122,OK,,True,2026-10-03T11:43:02.001577+07:00,778.2321749100001,0.03313304199991762,OK,,True,836,0.1045,,2026-10-03T11:43:02.034715+07:00,778.265313248,0.03284611900016898,OK,,True,2099,0.262375,
59fb0b3833d04c8cbdd8c1e074671b1d,780,2026-10-03T11:43:02.815661+07:00,779.0462525070002,779.0462525070002,MONITOR,779.16022071,0.9999788250001984,0.25194097999974474,9.34380000217061e-05,DISABLED,on,user_reported,37.71002197265625,53.801395416259766,1009.954609375,129064.78125,True,True,True,176,0,0,109,177,101,2026-10-03T11:43:02.815738+07:00,779.0463401729999,0.1857956720000402,OK,,True,2026-10-03T11:43:03.001541+07:00,779.2321411050002,0.033097356999860494,OK,,True,828,0.10350000000000001,,2026-10-03T11:43:03.034646+07:00,779.2652439060003,0.032941210999979376,OK,,True,2102,0.26275,
59fb0b3833d04c8cbdd8c1e074671b1d,781,2026-10-03T11:43:03.815659+07:00,780.046250331,780.046250331,MONITOR,780.1602185339998,0.99999782399982,0.2518512400001782,9.126199984166306e-05,DISABLED,on,user_reported,37.70363998413086,53.819557189941406,1009.930625,128967.2578125,True,True,True,176,0,0,109,177,101,2026-10-03T11:43:03.815736+07:00,780.046337886,0.18580046900024172,OK,,True,2026-10-03T11:43:04.001545+07:00,780.2321435220001,0.03308319100005974,OK,,True,809,0.101125,,2026-10-03T11:43:04.034634+07:00,780.2652323980001,0.032860802999948646,OK,,True,2090,0.26125,
59fb0b3833d04c8cbdd8c1e074671b1d,782,2026-10-03T11:43:04.815662+07:00,781.0462530260002,781.0462530260002,MONITOR,781.160221229,1.0000026950001484,0.25191046300005837,9.395699999004137e-05,DISABLED,on,user_reported,37.690242767333984,53.81757736206055,1009.936171875,127141.7890625,True,True,True,176,0,0,109,177,101,2026-10-03T11:43:04.815739+07:00,781.046340507,0.18580376599993542,OK,,True,2026-10-03T11:43:05.001551+07:00,781.2321496059999,0.03310693100002027,OK,,True,827,0.10337500000000001,,2026-10-03T11:43:05.034664+07:00,781.2652617039998,0.032893229000364954,OK,,True,2097,0.262125,
59fb0b3833d04c8cbdd8c1e074671b1d,783,2026-10-03T11:43:05.815661+07:00,782.046252352,782.046252352,MONITOR,782.1602205549998,0.9999993259998519,0.25288178900018465,9.32829998419038e-05,DISABLED,on,user_reported,37.69152069091797,53.836875915527344,1009.93828125,128385.15625,True,True,True,176,0,0,109,177,101,2026-10-03T11:43:05.815738+07:00,782.0463402210003,0.18594891299972005,OK,,True,2026-10-03T11:43:06.001705+07:00,782.232300875,0.033298282000032486,OK,,True,836,0.1045,,2026-10-03T11:43:06.035010+07:00,782.2656065270003,0.0335117069998887,OK,,True,2075,0.259375,
59fb0b3833d04c8cbdd8c1e074671b1d,784,2026-10-03T11:43:06.815718+07:00,783.0463002880001,783.0463002880001,MONITOR,783.1602684909999,1.000047936000101,0.2633992579999358,0.00014121899994279374,DISABLED,on,user_reported,37.69853973388672,53.84428405761719,1009.922265625,128675.546875,True,True,True,176,0,0,109,177,101,2026-10-03T11:43:06.815873+07:00,783.0464733980002,0.19191046599962647,OK,,True,2026-10-03T11:43:07.007800+07:00,783.2383956240001,0.035994616000152746,OK,,True,852,0.1065,,2026-10-03T11:43:07.043808+07:00,783.2744021470003,0.03527765799981353,OK,,True,2101,0.262625,
59fb0b3833d04c8cbdd8c1e074671b1d,785,2026-10-03T11:43:07.815721+07:00,784.0463031879999,784.0463031879999,MONITOR,784.1602713909997,1.0000028999997994,0.26310811200028184,0.00014411899974220432,DISABLED,on,user_reported,37.690242767333984,53.855796813964844,1009.92921875,128288.6484375,True,True,True,176,0,0,109,177,101,2026-10-03T11:43:07.815880+07:00,784.0464798910002,0.19175324499974522,OK,,True,2026-10-03T11:43:08.007649+07:00,784.2382450059999,0.03581654400022671,OK,,True,853,0.106625,,2026-10-03T11:43:08.043477+07:00,784.2740719379999,0.035320991999924445,OK,,True,2101,0.262625,
59fb0b3833d04c8cbdd8c1e074671b1d,786,2026-10-03T11:43:08.815667+07:00,785.0462590520001,785.0462590520001,MONITOR,785.1602272549999,0.9999558640001851,0.2518986479999512,9.998299992730608e-05,DISABLED,on,user_reported,37.688968658447266,53.85560607910156,1009.961484375,128967.2578125,True,True,True,176,0,0,109,177,101,2026-10-03T11:43:08.815744+07:00,785.0463453110001,0.18579287700003988,OK,,True,2026-10-03T11:43:09.001546+07:00,785.2321449280003,0.03311280199977773,OK,,True,832,0.10400000000000001,,2026-10-03T11:43:09.034664+07:00,785.265262119,0.03288789599992015,OK,,True,2102,0.26275,
59fb0b3833d04c8cbdd8c1e074671b1d,787,2026-10-03T11:43:09.815652+07:00,786.0462435459999,786.0462435459999,MONITOR,786.1602117489997,0.9999844939998184,0.2520352950000415,8.447699974567513e-05,DISABLED,on,user_reported,37.69152069091797,53.86872863769531,1009.931484375,128481.8046875,True,True,True,176,0,0,109,177,101,2026-10-03T11:43:09.815731+07:00,786.046333027,0.1858171730000322,OK,,True,2026-10-03T11:43:10.001559+07:00,786.232157422,0.03325578200019663,OK,,True,842,0.10525,,2026-10-03T11:43:10.034820+07:00,786.265417741,0.032852823000212084,OK,,True,2100,0.2625,
59fb0b3833d04c8cbdd8c1e074671b1d,788,2026-10-03T11:43:10.815654+07:00,787.0462457439999,787.0462457439999,MONITOR,787.1602139469996,1.0000021979999474,0.2527087720000054,8.667499969305936e-05,DISABLED,on,user_reported,37.68769073486328,53.87453079223633,1009.959453125,128288.6484375,True,True,True,176,0,0,109,177,101,2026-10-03T11:43:10.815729+07:00,787.0463312060001,0.18580798799985132,OK,,True,2026-10-03T11:43:11.001547+07:00,787.232146416,0.033753149999938614,OK,,True,826,0.10325000000000001,,2026-10-03T11:43:11.035314+07:00,787.2659074550002,0.033030968999810284,OK,,True,2076,0.2595,
59fb0b3833d04c8cbdd8c1e074671b1d,789,2026-10-03T11:43:11.815660+07:00,788.0462512009999,788.0462512009999,MONITOR,788.1602194039997,1.000005457000043,0.25191233300029126,9.21319997360115e-05,DISABLED,on,user_reported,37.681312561035156,53.886329650878906,1009.9353125,126858.2734375,True,True,True,176,0,0,109,177,101,2026-10-03T11:43:11.815740+07:00,788.0463414229998,0.18580304300030548,OK,,True,2026-10-03T11:43:12.001553+07:00,788.2321517260002,0.033132023999769444,OK,,True,827,0.10337500000000001,,2026-10-03T11:43:12.034691+07:00,788.2652894530002,0.03286626699991757,OK,,True,2093,0.261625,
59fb0b3833d04c8cbdd8c1e074671b1d,790,2026-10-03T11:43:12.815650+07:00,789.046241733,789.046241733,MONITOR,789.1602099359998,0.9999905320000835,0.2519099820001429,8.26639998194878e-05,DISABLED,on,user_reported,37.68450164794922,53.88679885864258,1009.913203125,127617.1484375,True,True,True,176,0,0,109,177,101,2026-10-03T11:43:12.815730+07:00,789.046332029,0.18580022900005133,OK,,True,2026-10-03T11:43:13.001540+07:00,789.232139017,0.033120728000085364,OK,,True,840,0.105,,2026-10-03T11:43:13.034666+07:00,789.265264745,0.032878581000204576,OK,,True,2091,0.261375,
59fb0b3833d04c8cbdd8c1e074671b1d,791,2026-10-03T11:43:13.815693+07:00,790.0462758950002,790.0462758950002,MONITOR,790.160244098,1.0000341620002473,0.26289155799986474,0.00011682600006679422,DISABLED,on,user_reported,37.66535949707031,53.877601623535156,1009.923203125,128869.875,True,True,True,176,0,0,109,177,101,2026-10-03T11:43:13.815851+07:00,790.0464508569999,0.19174496799996632,OK,,True,2026-10-03T11:43:14.007614+07:00,790.2382092319999,0.03561800800025594,OK,,True,823,0.10287500000000001,,2026-10-03T11:43:14.043243+07:00,790.2738385729999,0.035311065000314557,OK,,True,2099,0.262375,
59fb0b3833d04c8cbdd8c1e074671b1d,792,2026-10-03T11:43:14.815705+07:00,791.0462889640003,791.0462889640003,MONITOR,791.160257167,1.0000130690000333,0.2628214289998141,0.0001298950001000776,DISABLED,on,user_reported,37.66472244262695,53.89662170410156,1009.97015625,129162.4609375,True,True,True,176,0,0,109,177,101,2026-10-03T11:43:14.815854+07:00,791.0464545,0.19174528300027305,OK,,True,2026-10-03T11:43:15.007620+07:00,791.2382146720001,0.0355917120000413,OK,,True,833,0.104125,,2026-10-03T11:43:15.043221+07:00,791.2738166429999,0.03527656500000376,OK,,True,2096,0.262,
59fb0b3833d04c8cbdd8c1e074671b1d,793,2026-10-03T11:43:15.815705+07:00,792.0462875349999,792.0462875349999,MONITOR,792.1602557379997,0.9999985709996508,0.2639018479999322,0.00012846599975091522,DISABLED,on,user_reported,37.66599655151367,53.915924072265625,1009.9653125,128096.0703125,True,True,True,176,0,0,109,177,101,2026-10-03T11:43:15.815862+07:00,792.046461978,0.1917429129998709,OK,,True,2026-10-03T11:43:16.007624+07:00,792.2382191679999,0.0365077240003302,OK,,True,828,0.10350000000000001,,2026-10-03T11:43:16.044142+07:00,792.274737707,0.03543599100021311,OK,,True,2105,0.263125,
59fb0b3833d04c8cbdd8c1e074671b1d,794,2026-10-03T11:43:16.815663+07:00,793.0462576049999,793.0462576049999,MONITOR,793.1602258079997,0.9999700700000176,0.2518804460000865,9.853599976850091e-05,DISABLED,on,user_reported,37.66535949707031,53.90945816040039,1009.936875,128192.2890625,True,True,True,176,0,0,109,177,101,2026-10-03T11:43:16.815735+07:00,793.0463366419999,0.18580437700029506,OK,,True,2026-10-03T11:43:17.001550+07:00,793.2321476490001,0.033103876000041055,OK,,True,820,0.10250000000000001,,2026-10-03T11:43:17.034658+07:00,793.2652563209999,0.03287306299989723,OK,,True,2096,0.262,
59fb0b3833d04c8cbdd8c1e074671b1d,795,2026-10-03T11:43:17.815652+07:00,794.0462434730002,794.0462434730002,MONITOR,794.160211676,0.9999858680002944,0.2519818519999717,8.440400006293203e-05,DISABLED,on,user_reported,37.65897750854492,53.91489028930664,1009.9059375,128772.6328125,True,True,True,176,0,0,109,177,101,2026-10-03T11:43:17.815730+07:00,794.0463316390001,0.1858073029998195,OK,,True,2026-10-03T11:43:18.001547+07:00,794.232146331,0.03317082000012306,OK,,True,828,0.10350000000000001,,2026-10-03T11:43:18.034724+07:00,794.2653229289999,0.03289393300019583,OK,,True,2099,0.262375,
59fb0b3833d04c8cbdd8c1e074671b1d,796,2026-10-03T11:43:18.815652+07:00,795.04624397,795.04624397,MONITOR,795.1602121729998,1.0000004969997462,0.25194674100021075,8.490099980917876e-05,DISABLED,on,user_reported,37.65642547607422,53.91450500488281,1009.901875,128772.6328125,True,True,True,176,0,0,109,177,101,2026-10-03T11:43:18.815734+07:00,795.0463358400002,0.1858059329997559,OK,,True,2026-10-03T11:43:19.001550+07:00,795.2321485319999,0.033110894999936136,OK,,True,819,0.10237500000000001,,2026-10-03T11:43:19.034666+07:00,795.2652650559999,0.03291754400015634,OK,,True,2089,0.261125,
59fb0b3833d04c8cbdd8c1e074671b1d,797,2026-10-03T11:43:19.815650+07:00,796.0462423200001,796.0462423200001,MONITOR,796.1602105229999,0.999998350000169,0.25199857400002657,8.325099997819052e-05,DISABLED,on,user_reported,37.65897750854492,53.921260833740234,1009.8921875,128967.2578125,True,True,True,176,0,0,109,177,101,2026-10-03T11:43:19.815730+07:00,796.0463322639998,0.18580869200013694,OK,,True,2026-10-03T11:43:20.001550+07:00,796.2321484190002,0.03310156099996675,OK,,True,832,0.10400000000000001,,2026-10-03T11:43:20.034658+07:00,796.2652558690002,0.03297569200003636,OK,,True,2091,0.261375,
59fb0b3833d04c8cbdd8c1e074671b1d,798,2026-10-03T11:43:20.815651+07:00,797.0462449659999,797.0462449659999,MONITOR,797.1602131689997,1.000002645999757,0.2519337970002198,8.589699973526876e-05,DISABLED,on,user_reported,37.65578842163086,53.939903259277344,1009.97625,129064.78125,True,True,True,176,0,0,109,177,101,2026-10-03T11:43:20.815714+07:00,797.0463158729999,0.1857979520000299,OK,,True,2026-10-03T11:43:21.001523+07:00,797.2321211210001,0.03314831999978196,OK,,True,836,0.1045,,2026-10-03T11:43:21.034676+07:00,797.2652744040001,0.032896062999952846,OK,,True,2097,0.262125,
59fb0b3833d04c8cbdd8c1e074671b1d,799,2026-10-03T11:43:21.815653+07:00,798.0462460200001,798.0462460200001,MONITOR,798.1602142229999,1.0000010540002222,0.2519222229998377,8.695099995748024e-05,DISABLED,on,user_reported,37.65068817138672,53.932777404785156,1009.92,128869.875,True,True,True,176,0,0,109,177,101,2026-10-03T11:43:21.815723+07:00,798.0463249270001,0.18580861800001003,OK,,True,2026-10-03T11:43:22.001543+07:00,798.2321411010003,0.033082190999721206,OK,,True,844,0.1055,,2026-10-03T11:43:22.034631+07:00,798.2652290330002,0.03293067300000985,OK,,True,2095,0.261875,
59fb0b3833d04c8cbdd8c1e074671b1d,800,2026-10-03T11:43:22.815652+07:00,799.0462444260002,799.0462444260002,MONITOR,799.160212629,0.9999984060000315,0.25188226099999156,8.535699998901691e-05,DISABLED,on,user_reported,37.64047622680664,53.937644958496094,1009.937578125,128192.2890625,True,True,True,176,0,0,109,177,101,2026-10-03T11:43:22.815734+07:00,799.0463357220001,0.18580498899973463,OK,,True,2026-10-03T11:43:23.001550+07:00,799.232148007,0.03301202500006184,OK,,True,823,0.10287500000000001,,2026-10-03T11:43:23.034565+07:00,799.2651642169999,0.03295237800011819,OK,,True,2082,0.26025,
59fb0b3833d04c8cbdd8c1e074671b1d,801,2026-10-03T11:43:23.815657+07:00,800.0462490919999,800.0462490919999,MONITOR,800.1602172949997,1.000004665999768,0.25187305800000104,9.00229997569113e-05,DISABLED,on,user_reported,37.61878204345703,53.94717788696289,1009.929765625,127808.2890625,True,True,True,176,0,0,109,177,101,2026-10-03T11:43:23.815736+07:00,800.0463382960002,0.1858030260000305,OK,,True,2026-10-03T11:43:24.001549+07:00,800.232148007,0.03300832100012485,OK,,True,852,0.1065,,2026-10-03T11:43:24.034561+07:00,800.2651607910002,0.03295174799995948,OK,,True,2095,0.261875,
59fb0b3833d04c8cbdd8c1e074671b1d,802,2026-10-03T11:43:24.815658+07:00,801.0462499999999,801.0462499999999,MONITOR,801.1602182029997,1.0000009079999472,0.252100129000155,9.093099970414187e-05,DISABLED,on,user_reported,37.63154220581055,53.96181106567383,1009.89578125,127236.578125,True,True,True,176,0,0,109,177,101,2026-10-03T11:43:24.815737+07:00,801.0463387579998,0.185813008000423,OK,,True,2026-10-03T11:43:25.001562+07:00,801.2321598399999,0.03316415400013284,OK,,True,850,0.10625,,2026-10-03T11:43:25.034729+07:00,801.265328512,0.033012468999913835,OK,,True,2087,0.260875,
59fb0b3833d04c8cbdd8c1e074671b1d,803,2026-10-03T11:43:25.815656+07:00,802.0462502589999,802.0462502589999,MONITOR,802.1602184619996,1.0000002589999895,0.2518631870002537,9.11899996935972e-05,DISABLED,on,user_reported,37.63665008544922,53.96256637573242,1009.924609375,126764.046875,True,True,True,176,0,0,109,178,101,2026-10-03T11:43:25.815719+07:00,802.0463207960001,0.18580813700009458,OK,,True,2026-10-03T11:43:26.001538+07:00,802.2321362480002,0.03296863600007782,OK,,True,847,0.105875,,2026-10-03T11:43:26.034507+07:00,802.2651080139999,0.032996079999975336,OK,,True,2089,0.261125,
59fb0b3833d04c8cbdd8c1e074671b1d,804,2026-10-03T11:43:26.815657+07:00,803.0462495380002,803.0462495380002,MONITOR,803.160217741,0.9999992790003489,0.25186161299961896,9.046900004250347e-05,DISABLED,on,user_reported,37.642391204833984,53.976165771484375,1009.93390625,129751.6484375,True,True,True,176,0,0,109,177,101,2026-10-03T11:43:26.815734+07:00,803.0463354070002,0.1858235820000118,OK,,True,2026-10-03T11:43:27.001570+07:00,803.2321672480002,0.03296156299984432,OK,,True,835,0.104375,,2026-10-03T11:43:27.034531+07:00,803.265132255,0.032969970000067406,OK,,True,2075,0.259375,
59fb0b3833d04c8cbdd8c1e074671b1d,805,2026-10-03T11:43:27.815661+07:00,804.0462522050002,804.0462522050002,MONITOR,804.160220408,1.0000026669999897,0.2519347239999661,9.313600003224565e-05,DISABLED,on,user_reported,37.62580108642578,53.96733093261719,1009.982421875,128000.0,True,True,True,176,0,0,109,177,101,2026-10-03T11:43:27.815740+07:00,804.0463420380001,0.18581032299971412,OK,,True,2026-10-03T11:43:28.001562+07:00,804.2321594529999,0.03298871000015424,OK,,True,815,0.10187500000000001,,2026-10-03T11:43:28.034553+07:00,804.2651522370002,0.0330250439997144,OK,,True,2090,0.26125,
59fb0b3833d04c8cbdd8c1e074671b1d,806,2026-10-03T11:43:28.815652+07:00,805.0462434659999,805.0462434659999,MONITOR,805.1602116689996,0.99999126099965,0.2518542980001257,8.439699968221248e-05,DISABLED,on,user_reported,37.620059967041016,53.991973876953125,1009.945625,128385.15625,True,True,True,176,0,0,109,177,101,2026-10-03T11:43:28.815732+07:00,805.0463333540001,0.18580402699990373,OK,,True,2026-10-03T11:43:29.001547+07:00,805.2321446770002,0.03296670999998241,OK,,True,842,0.10525,,2026-10-03T11:43:29.034514+07:00,805.265114758,0.032973747000141884,OK,,True,2098,0.26225,
59fb0b3833d04c8cbdd8c1e074671b1d,807,2026-10-03T11:43:29.815660+07:00,806.0462516530001,806.0462516530001,MONITOR,806.1602198559999,1.000008187000276,0.2518368539999756,9.258399995815125e-05,DISABLED,on,user_reported,37.61687088012695,53.997886657714844,1009.913046875,128000.0,True,True,True,176,0,0,109,177,101,2026-10-03T11:43:29.815738+07:00,806.0463398000002,0.18581048999976701,OK,,True,2026-10-03T11:43:30.001559+07:00,806.2321575300002,0.032948730000043724,OK,,True,844,0.1055,,2026-10-03T11:43:30.034509+07:00,806.265109463,0.032970303000183776,OK,,True,2094,0.26175,
59fb0b3833d04c8cbdd8c1e074671b1d,808,2026-10-03T11:43:30.815662+07:00,807.0462532289998,807.0462532289998,MONITOR,807.1602214319996,1.000001575999704,0.2519631870000012,9.415999966222444e-05,DISABLED,on,user_reported,37.621971130371094,53.998634338378906,1009.92140625,127331.5078125,True,True,True,176,0,0,109,177,101,2026-10-03T11:43:30.815741+07:00,807.0463429320002,0.1858051749995866,OK,,True,2026-10-03T11:43:31.001557+07:00,807.232155829,0.03295274799984327,OK,,True,843,0.105375,,2026-10-03T11:43:31.034511+07:00,807.2651123169999,0.03309450599999764,OK,,True,2090,0.26125,
59fb0b3833d04c8cbdd8c1e074671b1d,809,2026-10-03T11:43:31.815655+07:00,808.0462496760001,808.0462496760001,MONITOR,808.1602178789999,0.9999964470002851,0.2521222969999144,9.060699994734023e-05,DISABLED,on,user_reported,37.61878204345703,54.004539489746094,1009.895625,128675.546875,True,True,True,176,0,0,109,177,101,2026-10-03T11:43:31.815721+07:00,808.0463228980002,0.18580610099979822,OK,,True,2026-10-03T11:43:32.001538+07:00,808.2321361469999,0.03324841200037554,OK,,True,833,0.104125,,2026-10-03T11:43:32.034788+07:00,808.2653880779999,0.03297450600030061,OK,,True,2099,0.262375,
59fb0b3833d04c8cbdd8c1e074671b1d,810,2026-10-03T11:43:32.815684+07:00,809.046275012,809.046275012,MONITOR,809.1602432149998,1.0000253359999078,0.2518237620001855,0.00011594299985517864,DISABLED,on,user_reported,37.6098518371582,54.00959014892578,1009.860546875,127521.796875,True,True,True,176,0,0,109,177,101,2026-10-03T11:43:32.815767+07:00,809.046368882,0.18581149000010555,OK,,True,2026-10-03T11:43:33.001589+07:00,809.232187353,0.032918933000019024,OK,,True,854,0.10675,,2026-10-03T11:43:33.034509+07:00,809.265109897,0.032979839999825344,OK,,True,2093,0.261625,
59fb0b3833d04c8cbdd8c1e074671b1d,811,2026-10-03T11:43:33.815690+07:00,810.0462807929998,810.0462807929998,MONITOR,810.1602489959996,1.0000057809997998,0.2518442440000399,0.00012172399965493241,DISABLED,on,user_reported,37.60028076171875,54.02091598510742,1009.95453125,128192.2890625,True,True,True,176,0,0,109,177,101,2026-10-03T11:43:33.815774+07:00,810.046375163,0.18581350800013752,OK,,True,2026-10-03T11:43:34.001598+07:00,810.2321961900002,0.032909617999848706,OK,,True,837,0.104625,,2026-10-03T11:43:34.034508+07:00,810.2651090859999,0.03300667300027271,OK,,True,2095,0.261875,
59fb0b3833d04c8cbdd8c1e074671b1d,812,2026-10-03T11:43:34.815918+07:00,811.046508592,811.046508592,MONITOR,811.1604767949998,1.0002277990001858,0.25196883499984324,0.00034952299984070123,DISABLED,on,user_reported,37.58305358886719,54.012001037597656,1009.91984375,126858.2734375,True,True,True,176,0,0,109,177,101,2026-10-03T11:43:34.815997+07:00,811.0465992210002,0.18583610099994985,OK,,True,2026-10-03T11:43:35.001844+07:00,811.232442433,0.03295593300026667,OK,,True,850,0.10625,,2026-10-03T11:43:35.034801+07:00,811.2654015510002,0.03306572799965579,OK,,True,2078,0.25975,
59fb0b3833d04c8cbdd8c1e074671b1d,813,2026-10-03T11:43:35.817199+07:00,812.0477918279998,812.0477918279998,MONITOR,812.1617600309996,1.0012832359998356,0.25187137400007487,0.0016327589996762981,DISABLED,on,user_reported,37.572845458984375,54.02960205078125,1009.92375,128772.6328125,True,True,True,176,0,0,109,177,101,2026-10-03T11:43:35.817274+07:00,812.0478759570001,0.18585273100006816,OK,,True,2026-10-03T11:43:36.003139+07:00,812.233735929,0.03295217300001241,OK,,True,854,0.10675,,2026-10-03T11:43:36.036091+07:00,812.2666914910001,0.032962932999907935,OK,,True,2093,0.261625,
59fb0b3833d04c8cbdd8c1e074671b1d,814,2026-10-03T11:43:36.815656+07:00,813.0462493250002,813.0462493250002,MONITOR,813.160217528,0.998457497000345,0.2519306869999127,9.025600002132705e-05,DISABLED,on,user_reported,37.56774139404297,54.047977447509766,1009.91546875,129162.4609375,True,True,True,176,0,0,109,177,101,2026-10-03T11:43:36.815740+07:00,813.046341454,0.18582700800016028,OK,,True,2026-10-03T11:43:37.001582+07:00,813.2321779990002,0.03298539599973083,OK,,True,835,0.104375,,2026-10-03T11:43:37.034566+07:00,813.2651666719999,0.033004007000272395,OK,,True,2097,0.262125,
59fb0b3833d04c8cbdd8c1e074671b1d,815,2026-10-03T11:43:37.815657+07:00,814.0462495890001,814.0462495890001,MONITOR,814.1602177919999,1.0000002639999366,0.25183703999982754,9.051999995790538e-05,DISABLED,on,user_reported,37.56008529663086,54.05321502685547,1009.89625,128000.0,True,True,True,176,0,0,109,177,101,2026-10-03T11:43:37.815735+07:00,814.0463365700002,0.18582208199995875,OK,,True,2026-10-03T11:43:38.001570+07:00,814.2321659300001,0.032942229000127554,OK,,True,843,0.105375,,2026-10-03T11:43:38.034511+07:00,814.2651110289999,0.0329665260001093,OK,,True,2086,0.26075,
59fb0b3833d04c8cbdd8c1e074671b1d,816,2026-10-03T11:43:38.815650+07:00,815.0462427980001,815.0462427980001,MONITOR,815.1602110009999,0.9999932089999675,0.2518631699999787,8.372899992536986e-05,DISABLED,on,user_reported,37.54604721069336,54.06388854980469,1009.900703125,128481.8046875,True,True,True,176,0,0,109,177,101,2026-10-03T11:43:38.815730+07:00,815.046331686,0.18583621200014022,OK,,True,2026-10-03T11:43:39.001578+07:00,815.2321748240001,0.03294115500011685,OK,,True,849,0.106125,,2026-10-03T11:43:39.034518+07:00,815.265118887,0.03297726600021633,OK,,True,2086,0.26075,
59fb0b3833d04c8cbdd8c1e074671b1d,817,2026-10-03T11:43:39.815651+07:00,816.0462434149999,816.0462434149999,MONITOR,816.1602116179997,1.0000006169998414,0.2518429100000503,8.434599976681056e-05,DISABLED,on,user_reported,37.54094696044922,54.107765197753906,1009.9746875,128000.0,True,True,True,176,0,0,109,177,101,2026-10-03T11:43:39.815730+07:00,816.0463314879999,0.1858179900000323,OK,,True,2026-10-03T11:43:40.001561+07:00,816.2321574040002,0.0329569509999601,OK,,True,792,0.099,,2026-10-03T11:43:40.034517+07:00,816.2651175780002,0.03295906199991805,OK,,True,2091,0.261375,
59fb0b3833d04c8cbdd8c1e074671b1d,818,2026-10-03T11:43:40.815654+07:00,817.0462479580001,817.0462479580001,MONITOR,817.1602161609999,1.0000045430001592,0.2518708729999162,8.888899992598454e-05,DISABLED,on,user_reported,37.54222106933594,54.10795593261719,1009.976796875,128000.0,True,True,True,176,0,0,109,177,101,2026-10-03T11:43:40.815731+07:00,817.046332716,0.18580982399998902,OK,,True,2026-10-03T11:43:41.001553+07:00,817.2321496140003,0.03300117299977501,OK,,True,841,0.105125,,2026-10-03T11:43:41.034553+07:00,817.265153547,0.032955507000224316,OK,,True,2093,0.261625,
59fb0b3833d04c8cbdd8c1e074671b1d,819,2026-10-03T11:43:41.815774+07:00,818.0463571670002,818.0463571670002,MONITOR,818.16032537,1.0001092090001293,0.26111792499978037,0.00019809800005532452,DISABLED,on,user_reported,37.524993896484375,54.12453079223633,1009.969296875,128288.6484375,True,True,True,176,0,0,109,177,101,2026-10-03T11:43:41.815932+07:00,818.0465316479999,0.19090586400034226,OK,,True,2026-10-03T11:43:42.006858+07:00,818.237450993,0.034513274999881105,OK,,True,846,0.10575,,2026-10-03T11:43:42.041376+07:00,818.2719734719999,0.035482675000366726,OK,,True,2112,0.264,
59fb0b3833d04c8cbdd8c1e074671b1d,820,2026-10-03T11:43:42.815701+07:00,819.0462882490001,819.0462882490001,MONITOR,819.1602564519999,0.9999310819998755,0.2623415089997252,0.0001291799999307841,DISABLED,on,user_reported,37.51287078857422,54.129112243652344,1009.901640625,128288.6484375,True,True,True,176,0,0,109,177,101,2026-10-03T11:43:42.815849+07:00,819.0464496919999,0.19015905500009467,OK,,True,2026-10-03T11:43:43.006026+07:00,819.236620617,0.036544076000154746,OK,,True,851,0.106375,,2026-10-03T11:43:43.042575+07:00,819.2731732120001,0.03543715700016037,OK,,True,2116,0.2645,
59fb0b3833d04c8cbdd8c1e074671b1d,821,2026-10-03T11:43:43.815705+07:00,820.0462894410002,820.0462894410002,MONITOR,820.160257644,1.000001192000127,0.26174762399978135,0.00013037200005783234,DISABLED,on,user_reported,37.50840377807617,54.147586822509766,1009.915078125,128192.2890625,True,True,True,176,0,0,109,177,101,2026-10-03T11:43:43.815860+07:00,820.0464604220001,0.19016273899978842,OK,,True,2026-10-03T11:43:44.006043+07:00,820.2366358459999,0.035964654000054,OK,,True,841,0.105125,,2026-10-03T11:43:44.042012+07:00,820.2726095749999,0.035406212999987474,OK,,True,2102,0.26275,
59fb0b3833d04c8cbdd8c1e074671b1d,822,2026-10-03T11:43:44.815702+07:00,821.046286541,821.046286541,MONITOR,821.1602547439998,0.9999970999997458,0.2603298930002893,0.0001274719998036744,DISABLED,on,user_reported,37.49373245239258,54.17092514038086,1009.884375,128192.2890625,True,True,True,176,0,0,109,177,101,2026-10-03T11:43:44.815853+07:00,821.046452781,0.1901539440000306,OK,,True,2026-10-03T11:43:45.006025+07:00,821.2366186879999,0.03509673300004579,OK,,True,840,0.105,,2026-10-03T11:43:45.041122+07:00,821.27172131,0.03487531000018862,OK,,True,2097,0.262125,
59fb0b3833d04c8cbdd8c1e074671b1d,823,2026-10-03T11:43:45.815704+07:00,822.046288994,822.046288994,MONITOR,822.1602571969997,1.0000024529999791,0.26286922799999957,0.00012992499978281558,DISABLED,on,user_reported,37.47331237792969,54.19340515136719,1009.995,127236.578125,True,True,True,176,0,0,109,177,101,2026-10-03T11:43:45.815862+07:00,822.0464626040002,0.1908708089999891,OK,,True,2026-10-03T11:43:46.006752+07:00,822.237345821,0.03680675900022834,OK,,True,837,0.104625,,2026-10-03T11:43:46.043560+07:00,822.2741591540002,0.034980530999746406,OK,,True,2107,0.263375,
59fb0b3833d04c8cbdd8c1e074671b1d,824,2026-10-03T11:43:46.815722+07:00,823.0463126690001,823.0463126690001,MONITOR,823.1602808719999,1.0000236750001932,0.2521383909997894,0.00015359999997599516,DISABLED,on,user_reported,37.481605529785156,54.20101547241211,1009.967421875,128096.0703125,True,True,True,176,0,0,109,177,101,2026-10-03T11:43:46.815805+07:00,823.046406853,0.185840028000257,OK,,True,2026-10-03T11:43:47.001658+07:00,823.2322546959999,0.033234838000225864,OK,,True,828,0.10350000000000001,,2026-10-03T11:43:47.034893+07:00,823.265493423,0.03294822999987446,OK,,True,2096,0.262,
59fb0b3833d04c8cbdd8c1e074671b1d,825,2026-10-03T11:43:47.815651+07:00,824.0462435670001,824.0462435670001,MONITOR,824.1602117699999,0.9999308980000023,0.25187137400007487,8.449799997833907e-05,DISABLED,on,user_reported,37.469486236572266,54.21198272705078,1009.9134375,126576.0234375,True,True,True,176,0,0,109,177,101,2026-10-03T11:43:47.815732+07:00,824.0463332700001,0.18581291700002112,OK,,True,2026-10-03T11:43:48.001557+07:00,824.2321537789999,0.03297371100006785,OK,,True,836,0.1045,,2026-10-03T11:43:48.034530+07:00,824.265130583,0.03297285799999372,OK,,True,2083,0.260375,
59fb0b3833d04c8cbdd8c1e074671b1d,826,2026-10-03T11:43:48.815652+07:00,825.0462455390002,825.0462455390002,MONITOR,825.160213742,1.0000019720000637,0.25185089299975516,8.64700000420271e-05,DISABLED,on,user_reported,37.45672607421875,54.22922134399414,1009.954453125,129162.4609375,True,True,True,176,0,0,109,177,101,2026-10-03T11:43:48.815729+07:00,825.0463305570001,0.18579919500007236,OK,,True,2026-10-03T11:43:49.001538+07:00,825.2321357700002,0.032980284999666765,OK,,True,835,0.104375,,2026-10-03T11:43:49.034519+07:00,825.265119573,0.032967062999887276,OK,,True,2091,0.261375,
59fb0b3833d04c8cbdd8c1e074671b1d,827,2026-10-03T11:43:49.815653+07:00,826.0462460120002,826.0462460120002,MONITOR,826.160214215,1.000000473,0.25186085599989383,8.694300004208344e-05,DISABLED,on,user_reported,37.45353317260742,54.254276275634766,1009.914921875,129260.2890625,True,True,True,176,0,0,109,177,101,2026-10-03T11:43:49.815735+07:00,826.0463364739999,0.18582104699999036,OK,,True,2026-10-03T11:43:50.001569+07:00,826.2321656869999,0.03295591500000228,OK,,True,834,0.10425,,2026-10-03T11:43:50.034524+07:00,826.2651246199998,0.03297134100012045,OK,,True,2095,0.261875,
59fb0b3833d04c8cbdd8c1e074671b1d,828,2026-10-03T11:43:50.815650+07:00,827.0462435590002,827.0462435590002,MONITOR,827.160211762,0.9999975470000209,0.25186267099979887,8.449000006294227e-05,DISABLED,on,user_reported,37.4522590637207,54.260467529296875,1009.906015625,127141.7890625,True,True,True,176,0,0,109,177,101,2026-10-03T11:43:50.815729+07:00,827.0463304290001,0.18580839800006288,OK,,True,2026-10-03T11:43:51.001551+07:00,827.2321468089999,0.03298565500017503,OK,,True,826,0.10325000000000001,,2026-10-03T11:43:51.034535+07:00,827.2651356300003,0.0329604149997067,OK,,True,2095,0.261875,
59fb0b3833d04c8cbdd8c1e074671b1d,829,2026-10-03T11:43:51.815837+07:00,828.0464128090002,828.0464128090002,MONITOR,828.160381012,1.000169249999999,0.25325142099973164,0.00025374000006195274,DISABLED,on,user_reported,37.45289611816406,54.29886245727539,1009.91390625,126669.96875,True,True,True,176,0,0,109,178,101,2026-10-03T11:43:51.816026+07:00,828.046626159,0.18703316900018763,OK,,True,2026-10-03T11:43:52.003070+07:00,828.233666735,0.03300002500009214,OK,,True,806,0.10075,,2026-10-03T11:43:52.036071+07:00,828.266670557,0.03298424700005853,OK,,True,2090,0.26125,
59fb0b3833d04c8cbdd8c1e074671b1d,830,2026-10-03T11:43:52.815649+07:00,829.0462424130001,829.0462424130001,MONITOR,829.1602106159999,0.9998296039998422,0.2519261530001131,8.334399990417296e-05,DISABLED,on,user_reported,37.43822479248047,54.283912658691406,1009.979140625,128772.6328125,True,True,True,176,0,0,109,177,101,2026-10-03T11:43:52.815728+07:00,829.0463298760001,0.18582684300008623,OK,,True,2026-10-03T11:43:53.001569+07:00,829.2321653479999,0.03295448900007614,OK,,True,846,0.10575,,2026-10-03T11:43:53.034523+07:00,829.2651229849998,0.033033729000180756,OK,,True,2094,0.26175,
59fb0b3833d04c8cbdd8c1e074671b1d,831,2026-10-03T11:43:53.815655+07:00,830.0462472210002,830.0462472210002,MONITOR,830.160215424,1.0000048080000852,0.25264036999988093,8.815199998934986e-05,DISABLED,on,user_reported,37.43503189086914,54.32172775268555,1009.91234375,127426.578125,True,True,True,176,0,0,109,177,101,2026-10-03T11:43:53.815735+07:00,830.0463368129999,0.18585000900020532,OK,,True,2026-10-03T11:43:54.001602+07:00,830.2321973409998,0.03371942800004035,OK,,True,864,0.108,,2026-10-03T11:43:54.035323+07:00,830.2659216950001,0.03295472899981178,OK,,True,2102,0.26275,
59fb0b3833d04c8cbdd8c1e074671b1d,832,2026-10-03T11:43:54.815651+07:00,831.0462435469999,831.0462435469999,MONITOR,831.1602117499997,0.9999963259997457,0.25184402300010333,8.447799973509973e-05,DISABLED,on,user_reported,37.44268798828125,54.322879791259766,1009.97265625,128675.546875,True,True,True,176,0,0,109,177,101,2026-10-03T11:43:54.815729+07:00,831.046330824,0.18581413999982033,OK,,True,2026-10-03T11:43:55.001556+07:00,831.2321531860002,0.03285889699964173,OK,,True,861,0.107625,,2026-10-03T11:43:55.034421+07:00,831.2650174159999,0.03305998800033194,OK,,True,2091,0.261375,
59fb0b3833d04c8cbdd8c1e074671b1d,833,2026-10-03T11:43:55.815652+07:00,832.046243929,832.046243929,MONITOR,832.1602121319997,1.000000382000053,0.2521108179998919,8.485999978802283e-05,DISABLED,on,user_reported,37.430564880371094,54.34660720825195,1009.93921875,127331.5078125,True,True,True,176,0,0,109,178,101,2026-10-03T11:43:55.815733+07:00,832.0463349470001,0.18579862099977618,OK,,True,2026-10-03T11:43:56.001541+07:00,832.232140439,0.03321648700011792,OK,,True,822,0.10275000000000001,,2026-10-03T11:43:56.034766+07:00,832.2653633330001,0.03298124799994184,OK,,True,2092,0.2615,
59fb0b3833d04c8cbdd8c1e074671b1d,834,2026-10-03T11:43:56.815725+07:00,833.046309367,833.046309367,MONITOR,833.1602775699998,1.0000654380000924,0.256369493999955,0.00015029799988042214,DISABLED,on,user_reported,37.43439483642578,54.34716796875,1009.870234375,128675.546875,True,True,True,176,0,0,109,177,101,2026-10-03T11:43:56.815898+07:00,833.0464995329999,0.18941480100011177,OK,,True,2026-10-03T11:43:57.005328+07:00,833.2359245560001,0.03374720600004366,OK,,True,836,0.1045,,2026-10-03T11:43:57.039080+07:00,833.269676891,0.03299010000000635,OK,,True,2104,0.263,
59fb0b3833d04c8cbdd8c1e074671b1d,835,2026-10-03T11:43:57.815660+07:00,834.0462528429998,834.0462528429998,MONITOR,834.1602210459996,0.9999434759997712,0.25216235500010953,9.377399965160294e-05,DISABLED,on,user_reported,37.428016662597656,54.3589973449707,1009.907890625,129162.4609375,True,True,True,176,0,0,109,177,101,2026-10-03T11:43:57.815739+07:00,834.0463411199999,0.1858013440000832,OK,,True,2026-10-03T11:43:58.001550+07:00,834.232149038,0.03296930299984524,OK,,True,815,0.10187500000000001,,2026-10-03T11:43:58.034520+07:00,834.2651214709999,0.033281672000157414,OK,,True,2093,0.261625,
59fb0b3833d04c8cbdd8c1e074671b1d,836,2026-10-03T11:43:58.815657+07:00,835.0462490230002,835.0462490230002,MONITOR,835.160217226,0.9999961800003803,0.2517632459998822,8.99540000318666e-05,DISABLED,on,user_reported,37.423545837402344,54.364707946777344,1009.9690625,127331.5078125,True,True,True,176,0,0,109,178,101,2026-10-03T11:43:58.815736+07:00,835.0463375039999,0.18580002900034742,OK,,True,2026-10-03T11:43:59.001545+07:00,835.2321442550001,0.03297369199981404,OK,,True,856,0.107,,2026-10-03T11:43:59.034520+07:00,835.2651216509998,0.032878433000405494,OK,,True,2098,0.26225,
59fb0b3833d04c8cbdd8c1e074671b1d,837,2026-10-03T11:43:59.815663+07:00,836.0462543879999,836.0462543879999,MONITOR,836.1602225909996,1.0000053649996516,0.2530357020000338,9.531899968351354e-05,DISABLED,on,user_reported,37.4184455871582,54.363948822021484,1009.92640625,127331.5078125,True,True,True,176,0,0,109,177,101,2026-10-03T11:43:59.815740+07:00,836.0463423320002,0.18581112099991515,OK,,True,2026-10-03T11:44:00.001562+07:00,836.2321608980001,0.032969636999951035,OK,,True,844,0.1055,,2026-10-03T11:44:00.034533+07:00,836.265134146,0.034144109999942884,OK,,True,2096,0.262,
59fb0b3833d04c8cbdd8c1e074671b1d,838,2026-10-03T11:44:00.815660+07:00,837.0462527909999,837.0462527909999,MONITOR,837.1602209939997,0.9999984030000633,0.25414071300019714,9.372199974677642e-05,DISABLED,on,user_reported,37.410789489746094,54.394744873046875,1009.941484375,129162.4609375,True,True,True,176,0,0,109,177,101,2026-10-03T11:44:00.815739+07:00,837.0463404020002,0.1858079359999465,OK,,True,2026-10-03T11:44:01.001557+07:00,837.2321555409999,0.03296515600004568,OK,,True,833,0.104125,,2026-10-03T11:44:01.034523+07:00,837.265123789,0.03525482600025498,OK,,True,2097,0.262125,
59fb0b3833d04c8cbdd8c1e074671b1d,839,2026-10-03T11:44:01.815667+07:00,838.0462580459998,838.0462580459998,MONITOR,838.1602262489996,1.0000052549999054,0.2739623610000308,9.897699965222273e-05,DISABLED,on,user_reported,37.40504455566406,54.400272369384766,1009.891015625,127047.1484375,True,True,True,176,0,0,109,177,101,2026-10-03T11:44:01.815746+07:00,838.046347638,0.19061064500010616,OK,,True,2026-10-03T11:44:02.006380+07:00,838.2369741349999,0.038655507000385114,OK,,True,837,0.104625,,2026-10-03T11:44:02.045049+07:00,838.2756425500002,0.04455911600007312,OK,,True,2083,0.260375,
59fb0b3833d04c8cbdd8c1e074671b1d,840,2026-10-03T11:44:02.815724+07:00,839.046306838,839.046306838,MONITOR,839.1602750409997,1.0000487920001433,0.26241912200021034,0.00014776899979551672,DISABLED,on,user_reported,37.40568161010742,54.41313552856445,1009.898984375,127141.7890625,True,True,True,176,0,0,109,178,101,2026-10-03T11:44:02.815875+07:00,839.04647467,0.19175934200029587,OK,,True,2026-10-03T11:44:03.007653+07:00,839.23824853,0.03568124899993563,OK,,True,841,0.105125,,2026-10-03T11:44:03.043340+07:00,839.2739380940002,0.034770328999911726,OK,,True,2106,0.26325,
59fb0b3833d04c8cbdd8c1e074671b1d,841,2026-10-03T11:44:03.815672+07:00,840.046263409,840.046263409,MONITOR,840.1602316119997,0.9999565709999843,0.2517900610000652,0.00010433999977976782,DISABLED,on,user_reported,37.41716766357422,54.42123794555664,1009.8765625,127808.2890625,True,True,True,176,0,0,109,177,101,2026-10-03T11:44:03.815754+07:00,840.0463561299998,0.18580745500003104,OK,,True,2026-10-03T11:44:04.001571+07:00,840.2321706960001,0.032942210999863164,OK,,True,838,0.10475,,2026-10-03T11:44:04.034515+07:00,840.2651161670001,0.032925876999797765,OK,,True,2088,0.261,
59fb0b3833d04c8cbdd8c1e074671b1d,842,2026-10-03T11:44:04.815663+07:00,841.0462555909999,841.0462555909999,MONITOR,841.1602237939996,0.9999921819999145,0.2517779690001589,9.652199969423236e-05,DISABLED,on,user_reported,37.414615631103516,54.42086410522461,1009.9203125,128578.6015625,True,True,True,176,0,0,109,177,101,2026-10-03T11:44:04.815740+07:00,841.0463415720001,0.18580345500004114,OK,,True,2026-10-03T11:44:05.001554+07:00,841.2321523230003,0.03295274799984327,OK,,True,841,0.105125,,2026-10-03T11:44:05.034507+07:00,841.2651080149999,0.03291495200028294,OK,,True,2091,0.261375,
59fb0b3833d04c8cbdd8c1e074671b1d,843,2026-10-03T11:44:05.815662+07:00,842.046253514,842.046253514,MONITOR,842.1602217169998,0.9999979230001372,0.25178324699982113,9.44449998314667e-05,DISABLED,on,user_reported,37.39738845825195,54.41829299926758,1009.96078125,127141.7890625,True,True,True,176,0,0,109,177,101,2026-10-03T11:44:05.815739+07:00,842.0463409019999,0.1858002700000725,OK,,True,2026-10-03T11:44:06.001550+07:00,842.2321483569999,0.03296073000001343,OK,,True,842,0.10525,,2026-10-03T11:44:06.034511+07:00,842.265111698,0.03291480400002911,OK,,True,2097,0.262125,
59fb0b3833d04c8cbdd8c1e074671b1d,844,2026-10-03T11:44:06.815653+07:00,843.0462451230001,843.0462451230001,MONITOR,843.1602133259998,0.9999916090000625,0.2555253149998862,8.605399989392026e-05,DISABLED,on,user_reported,37.39419937133789,54.41781234741211,1009.92140625,128578.6015625,True,True,True,176,0,0,109,177,101,2026-10-03T11:44:06.815725+07:00,843.0463272329998,0.18773488700026064,OK,,True,2026-10-03T11:44:07.003481+07:00,843.234074898,0.03335763399991265,OK,,True,842,0.10525,,2026-10-03T11:44:07.036844+07:00,843.2674408100002,0.034317739000016445,OK,,True,2086,0.26075,
59fb0b3833d04c8cbdd8c1e074671b1d,845,2026-10-03T11:44:07.815662+07:00,844.0462538239999,844.0462538239999,MONITOR,844.1602220269997,1.0000087009998424,0.2517330620003122,9.475499973632395e-05,DISABLED,on,user_reported,37.382076263427734,54.44155502319336,1009.874375,129064.78125,True,True,True,176,0,0,109,177,101,2026-10-03T11:44:07.815741+07:00,844.0463429350002,0.18581375099984143,OK,,True,2026-10-03T11:44:08.001566+07:00,844.23216413,0.03294389700022293,OK,,True,826,0.10325000000000001,,2026-10-03T11:44:08.034510+07:00,844.2651110450001,0.03286428599994906,OK,,True,2094,0.26175,
59fb0b3833d04c8cbdd8c1e074671b1d,846,2026-10-03T11:44:08.815715+07:00,845.0462982670001,845.0462982670001,MONITOR,845.1602664699999,1.0000444430002062,0.26249710299998696,0.000139197999942553,DISABLED,on,user_reported,37.37697219848633,54.440792083740234,1009.913984375,128481.8046875,True,True,True,176,0,0,109,177,101,2026-10-03T11:44:08.815865+07:00,845.0464653029999,0.1917452120001144,OK,,True,2026-10-03T11:44:09.007629+07:00,845.2382245889999,0.03539267700034543,OK,,True,873,0.109125,,2026-10-03T11:44:09.043028+07:00,845.2736262100002,0.035148549000041385,OK,,True,2103,0.262875,
59fb0b3833d04c8cbdd8c1e074671b1d,847,2026-10-03T11:44:09.815740+07:00,846.0463225060003,846.0463225060003,MONITOR,846.160290709,1.0000242390001404,0.2627133049995791,0.00016343700008292217,DISABLED,on,user_reported,37.37952423095703,54.453956604003906,1009.904453125,128675.546875,True,True,True,176,0,0,109,177,101,2026-10-03T11:44:09.815900+07:00,846.0465002270003,0.19176545299978898,OK,,True,2026-10-03T11:44:10.007687+07:00,846.2382816059999,0.03532073300038974,OK,,True,827,0.10337500000000001,,2026-10-03T11:44:10.043012+07:00,846.273610061,0.0354036769999766,OK,,True,2107,0.263375,
59fb0b3833d04c8cbdd8c1e074671b1d,848,2026-10-03T11:44:10.815729+07:00,847.0463118570001,847.0463118570001,MONITOR,847.1602800599999,0.9999893509998401,0.26267615799997657,0.00015278799992302083,DISABLED,on,user_reported,37.38718032836914,54.4550895690918,1009.916796875,128288.6484375,True,True,True,176,0,0,109,177,101,2026-10-03T11:44:10.815881+07:00,847.0464814299999,0.19174773100030507,OK,,True,2026-10-03T11:44:11.007647+07:00,847.2382431420001,0.03536701099983475,OK,,True,854,0.10675,,2026-10-03T11:44:11.043020+07:00,847.2736185039998,0.035349844000393205,OK,,True,2105,0.263125,
59fb0b3833d04c8cbdd8c1e074671b1d,849,2026-10-03T11:44:11.815727+07:00,848.0463095780001,848.0463095780001,MONITOR,848.1602777809999,0.9999977209999997,0.27068375399994693,0.00015050899992274935,DISABLED,on,user_reported,37.38654327392578,54.474159240722656,1009.96375,127047.1484375,True,True,True,176,0,0,109,177,101,2026-10-03T11:44:11.815883+07:00,848.0464828550002,0.19411825299994234,OK,,True,2026-10-03T11:44:12.010032+07:00,848.2406224040001,0.038067566999870905,OK,,True,860,0.1075,,2026-10-03T11:44:12.048113+07:00,848.278705656,0.03825402800021038,OK,,True,2096,0.262,
59fb0b3833d04c8cbdd8c1e074671b1d,850,2026-10-03T11:44:12.815672+07:00,849.046264097,849.046264097,MONITOR,849.1602322999997,0.9999545189998571,0.2516513959999429,0.00010502799977984978,DISABLED,on,user_reported,37.37186813354492,54.478363037109375,1009.967421875,127141.7890625,True,True,True,176,0,0,109,177,101,2026-10-03T11:44:12.815744+07:00,849.046345318,0.18579177099991284,OK,,True,2026-10-03T11:44:13.001546+07:00,849.2321444960003,0.032953562999864516,OK,,True,832,0.10400000000000001,,2026-10-03T11:44:13.034500+07:00,849.2651011150001,0.032806766999783576,OK,,True,2089,0.261125,
59fb0b3833d04c8cbdd8c1e074671b1d,851,2026-10-03T11:44:13.815651+07:00,850.046243023,850.046243023,MONITOR,850.1602112259998,0.9999789260000398,0.2516641930001242,8.395399981964147e-05,DISABLED,on,user_reported,37.35272979736328,54.481895446777344,1009.915625,128675.546875,True,True,True,176,0,0,109,177,101,2026-10-03T11:44:13.815729+07:00,850.0463312080001,0.18579095499990217,OK,,True,2026-10-03T11:44:14.001531+07:00,850.2321293109999,0.032965582000088034,OK,,True,835,0.104375,,2026-10-03T11:44:14.034498+07:00,850.2650981890001,0.0328015269997195,OK,,True,2098,0.26225,
59fb0b3833d04c8cbdd8c1e074671b1d,852,2026-10-03T11:44:14.815650+07:00,851.0462414490003,851.0462414490003,MONITOR,851.160209652,0.9999984260002748,0.2516959519998636,8.238000009441748e-05,DISABLED,on,user_reported,37.35336685180664,54.501163482666016,1009.9303125,127808.2890625,True,True,True,176,0,0,109,177,101,2026-10-03T11:44:14.815723+07:00,851.0463250410003,0.18579415999965931,OK,,True,2026-10-03T11:44:15.001528+07:00,851.2321259230002,0.03298402599966721,OK,,True,822,0.10275000000000001,,2026-10-03T11:44:15.034513+07:00,851.2651139489999,0.03281593400015481,OK,,True,2098,0.26225,
59fb0b3833d04c8cbdd8c1e074671b1d,853,2026-10-03T11:44:15.815651+07:00,852.0462430060002,852.0462430060002,MONITOR,852.160211209,1.000001556999905,0.2516113779997795,8.393699999942328e-05,DISABLED,on,user_reported,37.34762191772461,54.50029373168945,1009.873203125,128288.6484375,True,True,True,176,0,0,109,177,101,2026-10-03T11:44:15.815730+07:00,852.0463313760001,0.18579008500000782,OK,,True,2026-10-03T11:44:16.001529+07:00,852.2321280720003,0.03292834099966058,OK,,True,829,0.10362500000000001,,2026-10-03T11:44:16.034458+07:00,852.2650593570002,0.03278710199992929,OK,,True,2102,0.26275,
59fb0b3833d04c8cbdd8c1e074671b1d,854,2026-10-03T11:44:16.815656+07:00,853.046248007,853.046248007,MONITOR,853.1602162099998,1.0000050009998631,0.25171610000006694,8.893799986253725e-05,DISABLED,on,user_reported,37.361656188964844,54.5279541015625,1009.902734375,127047.1484375,True,True,True,176,0,0,109,177,101,2026-10-03T11:44:16.815733+07:00,853.0463346729998,0.1857987520002098,OK,,True,2026-10-03T11:44:17.001542+07:00,853.232140647,0.03296021200003452,OK,,True,838,0.10475,,2026-10-03T11:44:17.034505+07:00,853.2651051180001,0.03285063800012722,OK,,True,2102,0.26275,
59fb0b3833d04c8cbdd8c1e074671b1d,855,2026-10-03T11:44:17.815658+07:00,854.0462503230001,854.0462503230001,MONITOR,854.1602185259999,1.0000023160000637,0.25164130499979365,9.125399992626626e-05,DISABLED,on,user_reported,37.361019134521484,54.54063034057617,1009.99765625,126388.546875,True,True,True,176,0,0,109,178,101,2026-10-03T11:44:17.815739+07:00,854.046340286,0.18579991900014647,OK,,True,2026-10-03T11:44:18.001549+07:00,854.2321474820001,0.03294343400011712,OK,,True,829,0.10362500000000001,,2026-10-03T11:44:18.034493+07:00,854.2650941380002,0.03279026799964413,OK,,True,2098,0.26225,
59fb0b3833d04c8cbdd8c1e074671b1d,856,2026-10-03T11:44:18.815653+07:00,855.0462453250002,855.0462453250002,MONITOR,855.160213528,0.9999950020001052,0.2519361919999028,8.625600003142608e-05,DISABLED,on,user_reported,37.37186813354492,54.53586196899414,1009.967421875,127617.1484375,True,True,True,176,0,0,109,177,101,2026-10-03T11:44:18.815732+07:00,855.046333751,0.18579806700017798,OK,,True,2026-10-03T11:44:19.001540+07:00,855.2321388549999,0.03321395000011762,OK,,True,833,0.104125,,2026-10-03T11:44:19.034757+07:00,855.2653568979999,0.03281752700013385,OK,,True,2100,0.2625,
59fb0b3833d04c8cbdd8c1e074671b1d,857,2026-10-03T11:44:19.815662+07:00,856.0462537170001,856.0462537170001,MONITOR,856.1602219199999,1.000008391999927,0.2517459699997744,9.464799995839712e-05,DISABLED,on,user_reported,37.37760925292969,54.54949188232422,1009.956171875,126669.96875,True,True,True,176,0,0,109,178,101,2026-10-03T11:44:19.815743+07:00,856.0463451230003,0.1858018639995862,OK,,True,2026-10-03T11:44:20.001554+07:00,856.232153598,0.03294693299994833,OK,,True,832,0.10400000000000001,,2026-10-03T11:44:20.034503+07:00,856.265103791,0.032886729999972886,OK,,True,2097,0.262125,
59fb0b3833d04c8cbdd8c1e074671b1d,858,2026-10-03T11:44:20.815654+07:00,857.046247756,857.046247756,MONITOR,857.1602159589997,0.9999940389998301,0.2516325090000464,8.868699978847872e-05,DISABLED,on,user_reported,37.36548614501953,54.54130172729492,1009.88828125,126669.96875,True,True,True,176,0,0,109,178,101,2026-10-03T11:44:20.815730+07:00,857.0463320520003,0.18579260399974373,OK,,True,2026-10-03T11:44:21.001533+07:00,857.2321316930002,0.03294276699989496,OK,,True,839,0.104875,,2026-10-03T11:44:21.034477+07:00,857.265077386,0.03279578599995148,OK,,True,2093,0.261625,
59fb0b3833d04c8cbdd8c1e074671b1d,859,2026-10-03T11:44:21.815656+07:00,858.0462488150001,858.0462488150001,MONITOR,858.1602170179999,1.0000010590001693,0.25173232299994197,8.974599995781318e-05,DISABLED,on,user_reported,37.37059020996094,54.535675048828125,1009.896875,127426.578125,True,True,True,176,0,0,109,178,101,2026-10-03T11:44:21.815735+07:00,858.0463364070001,0.18579932600005122,OK,,True,2026-10-03T11:44:22.001544+07:00,858.2321426040003,0.03302506199997879,OK,,True,832,0.10400000000000001,,2026-10-03T11:44:22.034571+07:00,858.2651714439999,0.032802342000195495,OK,,True,2095,0.261875,
59fb0b3833d04c8cbdd8c1e074671b1d,860,2026-10-03T11:44:22.815658+07:00,859.0462508549999,859.0462508549999,MONITOR,859.1602190579997,1.0000020399997993,0.2516353609998987,9.178599975712132e-05,DISABLED,on,user_reported,37.36421203613281,54.528324127197266,1009.920703125,127426.578125,True,True,True,176,0,0,109,178,101,2026-10-03T11:44:22.815732+07:00,859.0463337619999,0.18579664200024126,OK,,True,2026-10-03T11:44:23.001540+07:00,859.2321379220002,0.03294539699982124,OK,,True,817,0.10212500000000001,,2026-10-03T11:44:23.034485+07:00,859.2650864110001,0.03279263800004628,OK,,True,2091,0.261375,
59fb0b3833d04c8cbdd8c1e074671b1d,861,2026-10-03T11:44:23.815657+07:00,860.046248915,860.046248915,MONITOR,860.1602171179998,0.9999980600000526,0.25168247100009467,8.984599980976782e-05,DISABLED,on,user_reported,37.36421203613281,54.528324127197266,1009.87953125,128967.2578125,True,True,True,176,0,0,109,177,101,2026-10-03T11:44:23.815738+07:00,860.0463395070001,0.18580214099984005,OK,,True,2026-10-03T11:44:24.001551+07:00,860.2321499069999,0.03294393400028639,OK,,True,845,0.105625,,2026-10-03T11:44:24.034496+07:00,860.2650967479999,0.032827657000325416,OK,,True,2094,0.26175,
59fb0b3833d04c8cbdd8c1e074671b1d,862,2026-10-03T11:44:24.815649+07:00,861.0462419189998,861.0462419189998,MONITOR,861.1602101219996,0.9999930039998617,0.2516777120004008,8.284999967145268e-05,DISABLED,on,user_reported,37.352088928222656,54.53929901123047,1009.97625,127331.5078125,True,True,True,176,0,0,109,178,101,2026-10-03T11:44:24.815722+07:00,861.046323863,0.18578960400009237,OK,,True,2026-10-03T11:44:25.001522+07:00,861.2321202450003,0.032976377999602846,OK,,True,840,0.105,,2026-10-03T11:44:25.034500+07:00,861.2650998640001,0.032812637999995786,OK,,True,2086,0.26075,
59fb0b3833d04c8cbdd8c1e074671b1d,863,2026-10-03T11:44:25.815663+07:00,862.046253775,862.046253775,MONITOR,862.1602219779998,1.0000118560001283,0.25165123099986886,9.470599979977123e-05,DISABLED,on,user_reported,37.361656188964844,54.55351638793945,1009.964375,127331.5078125,True,True,True,176,0,0,109,178,101,2026-10-03T11:44:25.815742+07:00,862.0463434600001,0.18580036299999847,OK,,True,2026-10-03T11:44:26.001553+07:00,862.2321506379999,0.0329469890002656,OK,,True,846,0.10575,,2026-10-03T11:44:26.034500+07:00,862.2651005719999,0.03279678600029001,OK,,True,2096,0.262,
59fb0b3833d04c8cbdd8c1e074671b1d,864,2026-10-03T11:44:26.815657+07:00,863.0462493730001,863.0462493730001,MONITOR,863.1602175759999,0.9999955980001687,0.2516782309999144,9.030399996845517e-05,DISABLED,on,user_reported,37.359745025634766,54.553226470947266,1009.8996875,128192.2890625,True,True,True,176,0,0,109,177,101,2026-10-03T11:44:26.815731+07:00,863.0463327789998,0.1858036980001998,OK,,True,2026-10-03T11:44:27.001546+07:00,863.232144051,0.03296515500005626,OK,,True,840,0.105,,2026-10-03T11:44:27.034512+07:00,863.265112521,0.03280737900013264,OK,,True,2091,0.261375,
59fb0b3833d04c8cbdd8c1e074671b1d,865,2026-10-03T11:44:27.815661+07:00,864.0462526740002,864.0462526740002,MONITOR,864.160220877,1.0000033010001061,0.2519450259997029,9.36050000746036e-05,DISABLED,on,user_reported,37.352088928222656,54.54568862915039,1009.8803125,128481.8046875,True,True,True,176,0,0,109,177,101,2026-10-03T11:44:27.815740+07:00,864.0463420440001,0.18579930799978683,OK,,True,2026-10-03T11:44:28.001550+07:00,864.2321481479999,0.033148692000395386,OK,,True,825,0.10312500000000001,,2026-10-03T11:44:28.034702+07:00,864.2653011550001,0.032887360000131594,OK,,True,2091,0.261375,
59fb0b3833d04c8cbdd8c1e074671b1d,866,2026-10-03T11:44:28.815658+07:00,865.04625042,865.04625042,MONITOR,865.1602186229998,0.9999977459997353,0.25163054699987697,9.13509998099471e-05,DISABLED,on,user_reported,37.36484909057617,54.57954788208008,1009.921796875,127236.578125,True,True,True,176,0,0,109,177,101,2026-10-03T11:44:28.815733+07:00,865.0463345490002,0.1857975869997972,OK,,True,2026-10-03T11:44:29.001540+07:00,865.2321385800001,0.032938322000063636,OK,,True,838,0.10475,,2026-10-03T11:44:29.034479+07:00,865.265079625,0.03279363799993007,OK,,True,2093,0.261625,
59fb0b3833d04c8cbdd8c1e074671b1d,867,2026-10-03T11:44:29.815661+07:00,866.0462526480001,866.0462526480001,MONITOR,866.1602208509998,1.0000022280000849,0.2516596760001448,9.357899989481666e-05,DISABLED,on,user_reported,37.36229705810547,54.559993743896484,1009.9175,126669.96875,True,True,True,176,0,0,109,177,101,2026-10-03T11:44:29.815740+07:00,866.046341277,0.18580445699990378,OK,,True,2026-10-03T11:44:30.001554+07:00,866.232152438,0.03294674800008579,OK,,True,836,0.1045,,2026-10-03T11:44:30.034503+07:00,866.2651036860002,0.032801064000068436,OK,,True,2098,0.26225,
59fb0b3833d04c8cbdd8c1e074671b1d,868,2026-10-03T11:44:30.815657+07:00,867.046249599,867.046249599,MONITOR,867.1602178019998,0.9999969509999573,0.2515912879998723,9.052999985215138e-05,DISABLED,on,user_reported,37.360382080078125,54.56610107421875,1009.859765625,127141.7890625,True,True,True,176,0,0,109,177,101,2026-10-03T11:44:30.815731+07:00,867.0463327470002,0.1857869559999017,OK,,True,2026-10-03T11:44:31.001527+07:00,867.2321262400001,0.032913860000007844,OK,,True,838,0.10475,,2026-10-03T11:44:31.034443+07:00,867.2650434709999,0.03278865600032077,OK,,True,2096,0.262,
59fb0b3833d04c8cbdd8c1e074671b1d,869,2026-10-03T11:44:31.815661+07:00,868.0462531060002,868.0462531060002,MONITOR,868.160221309,1.0000035070002014,0.25167756499968164,9.403700005350402e-05,DISABLED,on,user_reported,37.34953689575195,54.57725524902344,1009.958515625,128000.0,True,True,True,176,0,0,109,177,101,2026-10-03T11:44:31.815741+07:00,868.0463429199999,0.18579540100017766,OK,,True,2026-10-03T11:44:32.001547+07:00,868.2321453580003,0.03296084099974905,OK,,True,844,0.1055,,2026-10-03T11:44:32.034509+07:00,868.2651095689998,0.03281319400002758,OK,,True,2093,0.261625,
59fb0b3833d04c8cbdd8c1e074671b1d,870,2026-10-03T11:44:32.815658+07:00,869.0462501870002,869.0462501870002,MONITOR,869.16021839,0.9999970809999468,0.25162647199977073,9.11180000002787e-05,DISABLED,on,user_reported,37.35081100463867,54.583839416503906,1009.96046875,126576.0234375,True,True,True,176,0,0,109,177,101,2026-10-03T11:44:32.815733+07:00,869.0463342970002,0.1857861049998064,OK,,True,2026-10-03T11:44:33.001528+07:00,869.232126976,0.03293210099991484,OK,,True,848,0.106,,2026-10-03T11:44:33.034462+07:00,869.2650624100002,0.03280524899992088,OK,,True,2097,0.262125,
59fb0b3833d04c8cbdd8c1e074671b1d,871,2026-10-03T11:44:33.815660+07:00,870.0462517870001,870.0462517870001,MONITOR,870.1602199899999,1.000001599999905,0.2519244149998485,9.271799990528962e-05,DISABLED,on,user_reported,37.35081100463867,54.583839416503906,1009.946796875,127904.0703125,True,True,True,176,0,0,109,177,101,2026-10-03T11:44:33.815739+07:00,870.046341101,0.18579482699988148,OK,,True,2026-10-03T11:44:34.001545+07:00,870.2321429100002,0.03322128299987526,OK,,True,841,0.105125,,2026-10-03T11:44:34.034767+07:00,870.265367897,0.032801045999804046,OK,,True,2099,0.262375,
59fb0b3833d04c8cbdd8c1e074671b1d,872,2026-10-03T11:44:34.815656+07:00,871.046248443,871.046248443,MONITOR,871.1602166459998,0.9999966559998938,0.25167699100029495,8.937399979913607e-05,DISABLED,on,user_reported,37.32848358154297,54.59968566894531,1009.93796875,126952.640625,True,True,True,176,0,0,109,177,101,2026-10-03T11:44:34.815732+07:00,871.0463339050002,0.1857885869999336,OK,,True,2026-10-03T11:44:35.001531+07:00,871.232129899,0.03298059999997349,OK,,True,838,0.10475,,2026-10-03T11:44:35.034513+07:00,871.265113943,0.032804434999889054,OK,,True,2098,0.26225,
59fb0b3833d04c8cbdd8c1e074671b1d,873,2026-10-03T11:44:35.815657+07:00,872.0462487650002,872.0462487650002,MONITOR,872.160216968,1.0000003220002327,0.2515933810000206,8.969600003183587e-05,DISABLED,on,user_reported,37.32912063598633,54.599788665771484,1009.93890625,128192.2890625,True,True,True,176,0,0,109,177,101,2026-10-03T11:44:35.815733+07:00,872.0463345610001,0.18578225400005977,OK,,True,2026-10-03T11:44:36.001525+07:00,872.2321240740002,0.03291832299964881,OK,,True,821,0.10262500000000001,,2026-10-03T11:44:36.034444+07:00,872.2650451929999,0.032790120000299794,OK,,True,2100,0.2625,
59fb0b3833d04c8cbdd8c1e074671b1d,874,2026-10-03T11:44:36.815655+07:00,873.0462482000003,873.0462482000003,MONITOR,873.160216403,0.9999994350000634,0.2516552869997213,8.913100009522168e-05,DISABLED,on,user_reported,37.33869171142578,54.613990783691406,1009.89984375,128481.8046875,True,True,True,176,0,0,109,177,101,2026-10-03T11:44:36.815730+07:00,873.0463313660002,0.18578410500003883,OK,,True,2026-10-03T11:44:37.001525+07:00,873.232122767,0.03294906400014952,OK,,True,839,0.104875,,2026-10-03T11:44:37.034474+07:00,873.2650748679998,0.03282121200027177,OK,,True,2095,0.261875,
59fb0b3833d04c8cbdd8c1e074671b1d,875,2026-10-03T11:44:37.815698+07:00,874.0462831710001,874.0462831710001,MONITOR,874.1602513739999,1.0000349709998773,0.2620451459997639,0.00012410199997248128,DISABLED,on,user_reported,37.320186614990234,54.61761474609375,1009.951875,126015.2578125,True,True,True,176,0,0,109,177,101,2026-10-03T11:44:37.815827+07:00,874.0464276890002,0.19134486499979175,OK,,True,2026-10-03T11:44:38.007193+07:00,874.2377871650001,0.035367825999855995,OK,,True,840,0.105,,2026-10-03T11:44:38.042565+07:00,874.2731632129999,0.03514751200009414,OK,,True,2101,0.262625,
59fb0b3833d04c8cbdd8c1e074671b1d,876,2026-10-03T11:44:38.815670+07:00,875.0462626429999,875.0462626429999,MONITOR,875.1602308459996,0.9999794719997226,0.25166338100007124,0.00010357399969507242,DISABLED,on,user_reported,37.319549560546875,54.62392044067383,1009.9303125,127141.7890625,True,True,True,176,0,0,109,177,101,2026-10-03T11:44:38.815747+07:00,875.046348421,0.18579297499991299,OK,,True,2026-10-03T11:44:39.001551+07:00,875.2321486370001,0.03295782199984387,OK,,True,836,0.1045,,2026-10-03T11:44:39.034508+07:00,875.2651093300001,0.03280913800017515,OK,,True,2091,0.261375,
59fb0b3833d04c8cbdd8c1e074671b1d,877,2026-10-03T11:44:39.815657+07:00,876.0462498010002,876.0462498010002,MONITOR,876.160218004,0.9999871580002946,0.25170782499981215,9.07319999896572e-05,DISABLED,on,user_reported,37.320823669433594,54.63690185546875,1009.918671875,126201.625,True,True,True,176,0,0,109,177,101,2026-10-03T11:44:39.815736+07:00,876.0463380229999,0.1857878270002402,OK,,True,2026-10-03T11:44:40.001533+07:00,876.232132443,0.032967396000003646,OK,,True,850,0.10625,,2026-10-03T11:44:40.034502+07:00,876.265103062,0.03284591500005263,OK,,True,2090,0.26125,
59fb0b3833d04c8cbdd8c1e074671b1d,878,2026-10-03T11:44:40.815655+07:00,877.0462474400001,877.0462474400001,MONITOR,877.1602156429999,0.9999976389999574,0.25169130699987363,8.837099994707387e-05,DISABLED,on,user_reported,37.319549560546875,54.6367073059082,1009.9303125,127521.796875,True,True,True,176,0,0,109,177,101,2026-10-03T11:44:40.815729+07:00,877.0463309950001,0.185790162000103,OK,,True,2026-10-03T11:44:41.001529+07:00,877.232127619,0.0329790639998464,OK,,True,843,0.105375,,2026-10-03T11:44:41.034510+07:00,877.265110331,0.032821804999912274,OK,,True,2105,0.263125,
59fb0b3833d04c8cbdd8c1e074671b1d,879,2026-10-03T11:44:41.815660+07:00,878.0462518580002,878.0462518580002,MONITOR,878.160220061,1.0000044180001169,0.25169887999982166,9.278900006393087e-05,DISABLED,on,user_reported,37.319549560546875,54.64309310913086,1009.9165625,126482.2109375,True,True,True,176,0,0,109,177,101,2026-10-03T11:44:41.815736+07:00,878.0463382460002,0.1858041239997874,OK,,True,2026-10-03T11:44:42.001551+07:00,878.2321494809999,0.03295184100034021,OK,,True,833,0.104125,,2026-10-03T11:44:42.034504+07:00,878.2651050079999,0.03283784100040066,OK,,True,2091,0.261375,
59fb0b3833d04c8cbdd8c1e074671b1d,880,2026-10-03T11:44:42.815655+07:00,879.04624822,879.04624822,MONITOR,879.1602164229998,0.9999963619998198,0.2516454739998153,8.915099988371367e-05,DISABLED,on,user_reported,37.32848358154297,54.65082550048828,1009.86265625,126669.96875,True,True,True,176,0,0,109,177,101,2026-10-03T11:44:42.815734+07:00,879.0463361269999,0.18581036500017944,OK,,True,2026-10-03T11:44:43.001556+07:00,879.2321536210002,0.032939674999852286,OK,,True,827,0.10337500000000001,,2026-10-03T11:44:43.034495+07:00,879.2650965920002,0.0327892499999507,OK,,True,2082,0.26025,
59fb0b3833d04c8cbdd8c1e074671b1d,881,2026-10-03T11:44:43.815693+07:00,880.0462754720002,880.0462754720002,MONITOR,880.160243675,1.000027252000109,0.26251917999979923,0.0001164029999927152,DISABLED,on,user_reported,37.32848358154297,54.657222747802734,1009.869375,127617.1484375,True,True,True,176,0,0,109,177,101,2026-10-03T11:44:43.815848+07:00,880.0464486000001,0.19171699299977263,OK,,True,2026-10-03T11:44:44.007585+07:00,880.2381803150001,0.03542902899971523,OK,,True,851,0.106375,,2026-10-03T11:44:44.043019+07:00,880.273617455,0.03516130800016981,OK,,True,2101,0.262625,
59fb0b3833d04c8cbdd8c1e074671b1d,882,2026-10-03T11:44:44.815703+07:00,881.046287057,881.046287057,MONITOR,881.1602552599998,1.000011584999811,0.2625240689999373,0.00012798799980373587,DISABLED,on,user_reported,37.32465362548828,54.64385986328125,1009.965859375,128096.0703125,True,True,True,176,0,0,109,177,101,2026-10-03T11:44:44.815856+07:00,881.0464562779998,0.19172440100010135,OK,,True,2026-10-03T11:44:45.007600+07:00,881.2381948820002,0.035393935999763926,OK,,True,846,0.10575,,2026-10-03T11:44:45.042999+07:00,881.2735969670002,0.035196362999613484,OK,,True,2094,0.26175,
59fb0b3833d04c8cbdd8c1e074671b1d,883,2026-10-03T11:44:45.815702+07:00,882.046284605,882.046284605,MONITOR,882.1602528079998,0.9999975480000103,0.26251258899992536,0.0001255359998140193,DISABLED,on,user_reported,37.30934143066406,54.63517761230469,1009.893203125,127904.0703125,True,True,True,176,0,0,109,178,101,2026-10-03T11:44:45.815855+07:00,882.0464552150002,0.19172630799994295,OK,,True,2026-10-03T11:44:46.007601+07:00,882.2381968200002,0.03540387999964878,OK,,True,850,0.10625,,2026-10-03T11:44:46.043011+07:00,882.2736089599998,0.03517240000019228,OK,,True,2110,0.26375,
59fb0b3833d04c8cbdd8c1e074671b1d,884,2026-10-03T11:44:46.815715+07:00,883.0462990239998,883.0462990239998,MONITOR,883.1602672269996,1.0000144189998537,0.2624920150001344,0.00013995499966767966,DISABLED,on,user_reported,37.312530517578125,54.61648178100586,1009.877734375,128192.2890625,True,True,True,176,0,0,109,177,101,2026-10-03T11:44:46.815865+07:00,883.0464653200002,0.19174552999993466,OK,,True,2026-10-03T11:44:47.007633+07:00,883.2382261460002,0.035376843999983976,OK,,True,831,0.10387500000000001,,2026-10-03T11:44:47.043014+07:00,883.2736115829998,0.03516267800023343,OK,,True,2098,0.26225,
59fb0b3833d04c8cbdd8c1e074671b1d,885,2026-10-03T11:44:47.815669+07:00,884.046259926,884.046259926,MONITOR,884.1602281289997,0.9999609020001117,0.25173349200031225,0.00010085699977935292,DISABLED,on,user_reported,37.30615234375,54.63471221923828,1009.91546875,126201.625,True,True,True,176,0,0,109,177,101,2026-10-03T11:44:47.815750+07:00,884.0463521289998,0.18579510600011417,OK,,True,2026-10-03T11:44:48.001556+07:00,884.232154846,0.032960119000108534,OK,,True,838,0.10475,,2026-10-03T11:44:48.034518+07:00,884.265118372,0.03286795300027734,OK,,True,2096,0.262,
59fb0b3833d04c8cbdd8c1e074671b1d,886,2026-10-03T11:44:48.815650+07:00,885.0462423090003,885.0462423090003,MONITOR,885.160210512,0.9999823830003152,0.25187447199959934,8.324000009451993e-05,DISABLED,on,user_reported,37.294029235839844,54.59454345703125,1009.881953125,126576.0234375,True,True,True,176,0,0,109,177,101,2026-10-03T11:44:48.815729+07:00,885.0463308449998,0.18579306900028314,OK,,True,2026-10-03T11:44:49.001533+07:00,885.232130674,0.03320720900001106,OK,,True,842,0.10525,,2026-10-03T11:44:49.034741+07:00,885.265341624,0.03276726800004326,OK,,True,2098,0.26225,
59fb0b3833d04c8cbdd8c1e074671b1d,887,2026-10-03T11:44:49.815656+07:00,886.0462483219999,886.0462483219999,MONITOR,886.1602165249997,1.00000601299962,0.25165562200027125,8.92529997145175e-05,DISABLED,on,user_reported,37.29977035522461,54.608192443847656,1009.85703125,127808.2890625,True,True,True,176,0,0,109,177,101,2026-10-03T11:44:49.815735+07:00,886.046336803,0.18579238299980716,OK,,True,2026-10-03T11:44:50.001538+07:00,886.2321370200002,0.03294271100003243,OK,,True,834,0.10425,,2026-10-03T11:44:50.034482+07:00,886.2650832680001,0.032812250000006316,OK,,True,2096,0.262,
59fb0b3833d04c8cbdd8c1e074671b1d,888,2026-10-03T11:44:50.815657+07:00,887.0462507050001,887.0462507050001,MONITOR,887.1602189079999,1.0000023830002647,0.2516026779999265,9.163599997918936e-05,DISABLED,on,user_reported,37.30678939819336,54.596439361572266,1009.8753125,126952.640625,True,True,True,176,0,0,109,178,101,2026-10-03T11:44:50.815730+07:00,887.046331816,0.18579056899989155,OK,,True,2026-10-03T11:44:51.001531+07:00,887.2321295330003,0.03291972999977588,OK,,True,828,0.10350000000000001,,2026-10-03T11:44:51.034451+07:00,887.2650523370003,0.032793823999782035,OK,,True,2089,0.261125,
59fb0b3833d04c8cbdd8c1e074671b1d,889,2026-10-03T11:44:51.815659+07:00,888.0462501259999,888.0462501259999,MONITOR,888.1602183289997,0.9999994209997567,0.25160460400002194,9.105699973588344e-05,DISABLED,on,user_reported,37.29594039916992,54.60122299194336,1009.96734375,127617.1484375,True,True,True,176,0,0,109,177,101,2026-10-03T11:44:51.815735+07:00,888.046337237,0.18579086499994446,OK,,True,2026-10-03T11:44:52.001536+07:00,888.2321351760002,0.03292091599996638,OK,,True,838,0.10475,,2026-10-03T11:44:52.034458+07:00,888.2650590920002,0.03278748999991876,OK,,True,2091,0.261375,
59fb0b3833d04c8cbdd8c1e074671b1d,890,2026-10-03T11:44:52.816238+07:00,889.046816562,889.046816562,MONITOR,889.1607847649998,1.0005664360000992,0.2559733719999713,0.0006574929998350854,DISABLED,on,user_reported,37.28190612792969,54.59273147583008,1009.95140625,129064.78125,True,True,True,176,0,0,109,177,101,2026-10-03T11:44:52.816412+07:00,889.0470115060002,0.19003124499977275,OK,,True,2026-10-03T11:44:53.006453+07:00,889.237050621,0.032937007999862544,OK,,True,854,0.10675,,2026-10-03T11:44:53.039390+07:00,889.2699908700001,0.03279137899971829,OK,,True,2095,0.261875,
59fb0b3833d04c8cbdd8c1e074671b1d,891,2026-10-03T11:44:53.815659+07:00,890.0462512100003,890.0462512100003,MONITOR,890.160219413,0.9994346480002605,0.2516330849998667,9.214100009558024e-05,DISABLED,on,user_reported,37.290199279785156,54.5811882019043,1009.930625,127141.7890625,True,True,True,176,0,0,109,177,101,2026-10-03T11:44:53.815739+07:00,890.0463405240002,0.18579071799968006,OK,,True,2026-10-03T11:44:54.001540+07:00,890.2321381490001,0.03294258200003242,OK,,True,847,0.105875,,2026-10-03T11:44:54.034483+07:00,890.2650833980001,0.032793194000078074,OK,,True,2087,0.260875,
59fb0b3833d04c8cbdd8c1e074671b1d,892,2026-10-03T11:44:54.815656+07:00,891.046249132,891.046249132,MONITOR,891.1602173349997,0.9999979219996931,0.25167915900010485,9.006299978864263e-05,DISABLED,on,user_reported,37.2755241394043,54.585391998291016,1009.89296875,126858.2734375,True,True,True,176,0,0,109,177,101,2026-10-03T11:44:54.815728+07:00,891.0463293170001,0.18579677299976538,OK,,True,2026-10-03T11:44:55.001535+07:00,891.23213296,0.032973267000215856,OK,,True,813,0.10162500000000001,,2026-10-03T11:44:55.034509+07:00,891.265109468,0.032810285999858024,OK,,True,2079,0.259875,
59fb0b3833d04c8cbdd8c1e074671b1d,893,2026-10-03T11:44:55.815662+07:00,892.0462532020001,892.0462532020001,MONITOR,892.1602214049999,1.0000040700001591,0.25162888199974986,9.413299994776025e-05,DISABLED,on,user_reported,37.28382110595703,54.573848724365234,1009.906484375,126764.046875,True,True,True,176,0,0,109,177,101,2026-10-03T11:44:55.815740+07:00,892.0463417020001,0.18578871699992305,OK,,True,2026-10-03T11:44:56.001538+07:00,892.2321371050002,0.032941747999757354,OK,,True,843,0.105375,,2026-10-03T11:44:56.034481+07:00,892.2650819830001,0.032792972000152076,OK,,True,2085,0.260625,
59fb0b3833d04c8cbdd8c1e074671b1d,894,2026-10-03T11:44:56.815660+07:00,893.0462522180001,893.0462522180001,MONITOR,893.1602204209998,0.999999015999947,0.25159665999990466,9.314899989476544e-05,DISABLED,on,user_reported,37.287010192871094,54.5743293762207,1009.89796875,126669.96875,True,True,True,176,0,0,109,178,101,2026-10-03T11:44:56.815734+07:00,893.0463358470001,0.18578584699980638,OK,,True,2026-10-03T11:44:57.001530+07:00,893.2321289350002,0.032921803999670374,OK,,True,827,0.10337500000000001,,2026-10-03T11:44:57.034453+07:00,893.2650537949999,0.03278732300032061,OK,,True,2092,0.2615,
59fb0b3833d04c8cbdd8c1e074671b1d,895,2026-10-03T11:44:57.815748+07:00,894.0463331209999,894.0463331209999,MONITOR,894.1603013239996,1.0000809029997981,0.25176895599997806,0.00017405199969289242,DISABLED,on,user_reported,37.279354095458984,54.560401916503906,1009.885546875,126952.640625,True,True,True,176,0,0,109,177,101,2026-10-03T11:44:57.815850+07:00,894.04645101,0.18584416100020462,OK,,True,2026-10-03T11:44:58.001706+07:00,894.2323028199999,0.032967674000246916,OK,,True,840,0.105,,2026-10-03T11:44:58.034674+07:00,894.2652740130002,0.03282032299966886,OK,,True,2091,0.261375,
59fb0b3833d04c8cbdd8c1e074671b1d,896,2026-10-03T11:44:58.815650+07:00,895.0462427490002,895.0462427490002,MONITOR,895.1602109519999,0.9999096280002959,0.25164132700001574,8.367999998881714e-05,DISABLED,on,user_reported,37.270423889160156,54.559085845947266,1009.973828125,126764.046875,True,True,True,176,0,0,109,178,101,2026-10-03T11:44:58.815724+07:00,895.0463258039999,0.18579238500024076,OK,,True,2026-10-03T11:44:59.001526+07:00,895.2321247999998,0.032954989000245405,OK,,True,832,0.10400000000000001,,2026-10-03T11:44:59.034482+07:00,895.2650826039999,0.03279454600033205,OK,,True,2096,0.262,
59fb0b3833d04c8cbdd8c1e074671b1d,897,2026-10-03T11:44:59.815650+07:00,896.0462420250001,896.0462420250001,MONITOR,896.1602102279999,0.9999992759999259,0.2516231039999184,8.295599991470226e-05,DISABLED,on,user_reported,37.264041900634766,54.55812072753906,1009.9428125,126669.96875,True,True,True,176,0,0,109,178,101,2026-10-03T11:44:59.815729+07:00,896.0463311170001,0.185794087999966,OK,,True,2026-10-03T11:45:00.001534+07:00,896.2321320380001,0.032926211999892985,OK,,True,837,0.104625,,2026-10-03T11:45:00.034461+07:00,896.2650618430002,0.03279569400001492,OK,,True,2090,0.26125,
59fb0b3833d04c8cbdd8c1e074671b1d,898,2026-10-03T11:45:00.815649+07:00,897.0462423560002,897.0462423560002,MONITOR,897.160210559,1.0000003310001375,0.2516773449997345,8.328700005222345e-05,DISABLED,on,user_reported,37.265316009521484,54.56470489501953,1009.910703125,126858.2734375,True,True,True,176,0,0,109,177,101,2026-10-03T11:45:00.815720+07:00,897.046321837,0.1857896989999972,OK,,True,2026-10-03T11:45:01.001520+07:00,897.2321182219998,0.032935230000020965,OK,,True,844,0.1055,,2026-10-03T11:45:01.034455+07:00,897.2650565260001,0.03285578599979999,OK,,True,2096,0.262,
59fb0b3833d04c8cbdd8c1e074671b1d,899,2026-10-03T11:45:01.815653+07:00,898.0462451879998,898.0462451879998,MONITOR,898.1602133909996,1.000002831999609,0.251642142000037,8.611899966126657e-05,DISABLED,on,user_reported,37.25191879272461,54.58187484741211,1009.909453125,126576.0234375,True,True,True,176,0,0,109,178,101,2026-10-03T11:45:01.815730+07:00,898.0463323170002,0.18579895899983967,OK,,True,2026-10-03T11:45:02.001540+07:00,898.23213859,0.032944453000254725,OK,,True,838,0.10475,,2026-10-03T11:45:02.034486+07:00,898.2650863210001,0.03279349000013099,OK,,True,2092,0.2615,
59fb0b3833d04c8cbdd8c1e074671b1d,900,2026-10-03T11:45:02.817896+07:00,899.0484816349999,899.0484816349999,MONITOR,899.1624498379997,1.0022364470000866,0.26226292499995907,0.0023225659997478942,DISABLED,on,user_reported,37.25064468383789,54.59446334838867,1009.927890625,126669.96875,True,True,True,176,0,0,109,178,101,2026-10-03T11:45:02.817993+07:00,899.0485943570002,0.19063998199999332,OK,,True,2026-10-03T11:45:03.008657+07:00,899.2392502100001,0.03541891799977748,OK,,True,838,0.10475,,2026-10-03T11:45:03.044079+07:00,899.2746773869999,0.03605269100035002,OK,,True,2101,0.262625,
59fb0b3833d04c8cbdd8c1e074671b1d,901,2026-10-03T11:45:03.815719+07:00,900.0463022039999,900.0463022039999,MONITOR,900.1602704069996,0.9978205689999413,0.2625267560001703,0.0001431349996892095,DISABLED,on,user_reported,37.24553680419922,54.60649108886719,1009.892265625,127617.1484375,True,True,True,176,0,0,109,177,101,2026-10-03T11:45:03.815875+07:00,900.0464755550001,0.191746048999903,OK,,True,2026-10-03T11:45:04.007644+07:00,900.2382374190001,0.03534078899974702,OK,,True,839,0.104875,,2026-10-03T11:45:04.042988+07:00,900.2735868,0.03522608599996602,OK,,True,2101,0.262625,
59fb0b3833d04c8cbdd8c1e074671b1d,902,2026-10-03T11:45:04.815724+07:00,901.046307518,901.046307518,MONITOR,901.1602757209998,1.000005314000191,0.2627787179999359,0.00014844899988020188,DISABLED,on,user_reported,37.260215759277344,54.62785339355469,1009.86140625,126858.2734375,True,True,True,176,0,0,109,178,101,2026-10-03T11:45:04.815874+07:00,901.0464743500002,0.19173677199978556,OK,,True,2026-10-03T11:45:05.007630+07:00,901.2382252520001,0.035975821999727486,OK,,True,844,0.1055,,2026-10-03T11:45:05.043611+07:00,901.274209444,0.03486038400023972,OK,,True,2094,0.26175,
59fb0b3833d04c8cbdd8c1e074671b1d,903,2026-10-03T11:45:05.815730+07:00,902.0463131289998,902.0463131289998,MONITOR,902.1602813319996,1.0000056109997786,0.2625303670001813,0.00015405999965878436,DISABLED,on,user_reported,37.25574493408203,54.62717819213867,1009.956796875,126764.046875,True,True,True,176,0,0,109,178,101,2026-10-03T11:45:05.815889+07:00,902.0464888679999,0.1917444210002941,OK,,True,2026-10-03T11:45:06.007653+07:00,902.2382482890002,0.03534386199999062,OK,,True,855,0.106875,,2026-10-03T11:45:06.043002+07:00,902.2736004110002,0.0352273079997758,OK,,True,2097,0.262125,
59fb0b3833d04c8cbdd8c1e074671b1d,904,2026-10-03T11:45:06.815709+07:00,903.04629574,903.04629574,MONITOR,903.1602639429998,0.9999826110001777,0.2622098140000162,0.00013667099983649678,DISABLED,on,user_reported,37.257022857666016,54.64016342163086,1009.91765625,127236.578125,True,True,True,176,0,0,109,177,101,2026-10-03T11:45:06.815839+07:00,903.0464394800001,0.19151781099981235,OK,,True,2026-10-03T11:45:07.007379+07:00,903.2379726419999,0.03535008500011827,OK,,True,859,0.107375,,2026-10-03T11:45:07.042732+07:00,903.2733313200001,0.035157827000148245,OK,,True,2106,0.26325,
59fb0b3833d04c8cbdd8c1e074671b1d,905,2026-10-03T11:45:07.815714+07:00,904.0462988700001,904.0462988700001,MONITOR,904.1602670729999,1.0000031300000956,0.25868772600006196,0.0001398009999320493,DISABLED,on,user_reported,37.265953063964844,54.65428161621094,1009.918671875,126388.546875,True,True,True,176,0,0,109,177,101,2026-10-03T11:45:07.815847+07:00,904.0464468320001,0.18953128700013622,OK,,True,2026-10-03T11:45:08.005392+07:00,904.235988248,0.033726354999998875,OK,,True,829,0.10362500000000001,,2026-10-03T11:45:08.039141+07:00,904.2697280480002,0.03524371499997869,OK,,True,2079,0.259875,
59fb0b3833d04c8cbdd8c1e074671b1d,906,2026-10-03T11:45:08.815659+07:00,905.0462515190002,905.0462515190002,MONITOR,905.160219722,0.999952649000079,0.25168717899987314,9.245000001101289e-05,DISABLED,on,user_reported,37.24362564086914,54.663726806640625,1009.875390625,126669.96875,True,True,True,176,0,0,109,177,101,2026-10-03T11:45:08.815730+07:00,905.046331556,0.18580490300018937,OK,,True,2026-10-03T11:45:09.001546+07:00,905.2321441439999,0.03296467500013023,OK,,True,834,0.10425,,2026-10-03T11:45:09.034512+07:00,905.2651121520003,0.032819008999922517,OK,,True,2089,0.261125,
59fb0b3833d04c8cbdd8c1e074671b1d,907,2026-10-03T11:45:09.815659+07:00,906.0462497980002,906.0462497980002,MONITOR,906.160218001,0.9999982790000104,0.2516904569997678,9.07290000213834e-05,DISABLED,on,user_reported,37.23596954345703,54.668975830078125,1009.856171875,127808.2890625,True,True,True,176,0,0,109,177,101,2026-10-03T11:45:09.815738+07:00,906.0463398900001,0.1858125700000528,OK,,True,2026-10-03T11:45:10.001561+07:00,906.2321596269999,0.03295230399999127,OK,,True,834,0.10425,,2026-10-03T11:45:10.034514+07:00,906.2651151720002,0.03281726799968965,OK,,True,2090,0.26125,
59fb0b3833d04c8cbdd8c1e074671b1d,908,2026-10-03T11:45:10.815654+07:00,907.0462476329999,907.0462476329999,MONITOR,907.1602158359997,0.9999978349997036,0.25167442000019946,8.856399972501094e-05,DISABLED,on,user_reported,37.228309631347656,54.68061828613281,1009.864296875,126388.546875,True,True,True,176,0,0,109,178,101,2026-10-03T11:45:10.815719+07:00,907.0463208179999,0.18580362600005174,OK,,True,2026-10-03T11:45:11.001533+07:00,907.23213111,0.03296297099996082,OK,,True,847,0.105875,,2026-10-03T11:45:11.034496+07:00,907.2650968960002,0.03281815699983781,OK,,True,2096,0.262,
59fb0b3833d04c8cbdd8c1e074671b1d,909,2026-10-03T11:45:11.815659+07:00,908.0462509680001,908.0462509680001,MONITOR,908.1602191709999,1.0000033350002013,0.25171604900015154,9.18989999263431e-05,DISABLED,on,user_reported,37.23788070678711,54.714027404785156,1009.88671875,126669.96875,True,True,True,176,0,0,109,178,101,2026-10-03T11:45:11.815737+07:00,908.0463385789999,0.18580844000007346,OK,,True,2026-10-03T11:45:12.001557+07:00,908.2321544639999,0.03296434100002443,OK,,True,838,0.10475,,2026-10-03T11:45:12.034521+07:00,908.2651219899999,0.03283758299994588,OK,,True,2102,0.26275,
59fb0b3833d04c8cbdd8c1e074671b1d,910,2026-10-03T11:45:12.815659+07:00,909.0462509879999,909.0462509879999,MONITOR,909.1602191909997,1.0000000199997885,0.27124212700027783,9.191899971483508e-05,DISABLED,on,user_reported,37.2442626953125,54.72776412963867,1009.93140625,128288.6484375,True,True,True,176,0,0,109,177,101,2026-10-03T11:45:12.815739+07:00,909.046340377,0.19440551400020922,OK,,True,2026-10-03T11:45:13.010172+07:00,909.2407646880001,0.038878321000083815,OK,,True,839,0.104875,,2026-10-03T11:45:13.049068+07:00,909.2796583610002,0.037810772999819164,OK,,True,2089,0.261125,
59fb0b3833d04c8cbdd8c1e074671b1d,911,2026-10-03T11:45:13.815664+07:00,910.0462572320002,910.0462572320002,MONITOR,910.160225435,1.0000062440003603,0.25172317899978225,9.816300007514656e-05,DISABLED,on,user_reported,37.25128173828125,54.735206604003906,1009.894765625,126295.015625,True,True,True,176,0,0,109,177,101,2026-10-03T11:45:13.815735+07:00,910.0463368240003,0.1858021629996074,OK,,True,2026-10-03T11:45:14.001547+07:00,910.2321459129998,0.03298504500025956,OK,,True,848,0.106,,2026-10-03T11:45:14.034534+07:00,910.2651344390001,0.03283891599994604,OK,,True,2087,0.260875,
59fb0b3833d04c8cbdd8c1e074671b1d,912,2026-10-03T11:45:14.815652+07:00,911.0462437900001,911.0462437900001,MONITOR,911.1602119929998,0.9999865579998186,0.25173186399979386,8.472099989376147e-05,DISABLED,on,user_reported,37.256385803222656,54.73596954345703,1009.903046875,126295.015625,True,True,True,176,0,0,109,177,101,2026-10-03T11:45:14.815730+07:00,911.0463314190001,0.1858068110000204,OK,,True,2026-10-03T11:45:15.001548+07:00,911.2321454150001,0.03298106400006873,OK,,True,831,0.10387500000000001,,2026-10-03T11:45:15.034530+07:00,911.2651297570001,0.032837657000072795,OK,,True,2093,0.261625,
59fb0b3833d04c8cbdd8c1e074671b1d,913,2026-10-03T11:45:15.815647+07:00,912.0462409410002,912.0462409410002,MONITOR,912.160209144,0.999997151000116,0.25168966100000034,8.187200000975281e-05,DISABLED,on,user_reported,37.23469161987305,54.74551773071289,1009.895078125,126295.015625,True,True,True,176,0,0,109,177,101,2026-10-03T11:45:15.815715+07:00,912.0463167369999,0.1858012930001678,OK,,True,2026-10-03T11:45:16.001526+07:00,912.2321244740001,0.03296939699976065,OK,,True,839,0.104875,,2026-10-03T11:45:16.034496+07:00,912.2650965749999,0.03282689800016669,OK,,True,2086,0.26075,
59fb0b3833d04c8cbdd8c1e074671b1d,914,2026-10-03T11:45:16.815688+07:00,913.046278796,913.046278796,MONITOR,913.1602469989998,1.0000378549998459,0.25174129000015455,0.0001197269998556294,DISABLED,on,user_reported,37.231502532958984,54.75143814086914,1009.87625,126858.2734375,True,True,True,176,0,0,109,177,101,2026-10-03T11:45:16.815772+07:00,913.0463735920002,0.1858095519996823,OK,,True,2026-10-03T11:45:17.001593+07:00,913.2321904220003,0.03298321099964596,OK,,True,833,0.104125,,2026-10-03T11:45:17.034577+07:00,913.2651771330002,0.032835730999977386,OK,,True,2096,0.262,
59fb0b3833d04c8cbdd8c1e074671b1d,915,2026-10-03T11:45:17.815687+07:00,914.046277855,914.046277855,MONITOR,914.1602460579998,0.999999058999947,0.2517313280000053,0.00011878599980263971,DISABLED,on,user_reported,37.23788070678711,54.74599838256836,1009.90734375,126201.625,True,True,True,176,0,0,109,178,101,2026-10-03T11:45:17.815773+07:00,914.046374169,0.18580807099988306,OK,,True,2026-10-03T11:45:18.001591+07:00,914.2321896839999,0.03298165700016398,OK,,True,853,0.106625,,2026-10-03T11:45:18.034574+07:00,914.2651746740003,0.032827045999965776,OK,,True,2084,0.2605,
59fb0b3833d04c8cbdd8c1e074671b1d,916,2026-10-03T11:45:18.815666+07:00,915.0462585260002,915.0462585260002,MONITOR,915.160226729,0.9999806710002304,0.25174273499987976,9.945700003299862e-05,DISABLED,on,user_reported,37.23979568481445,54.75906753540039,1009.85546875,126108.375,True,True,True,176,0,0,109,177,101,2026-10-03T11:45:18.815736+07:00,915.0463381,0.18583007000006546,OK,,True,2026-10-03T11:45:19.001579+07:00,915.232175911,0.03298228599987851,OK,,True,832,0.10400000000000001,,2026-10-03T11:45:19.034561+07:00,915.2651616970002,0.03283156399993459,OK,,True,2091,0.261375,
59fb0b3833d04c8cbdd8c1e074671b1d,917,2026-10-03T11:45:19.815660+07:00,916.0462521600002,916.0462521600002,MONITOR,916.160220363,0.9999936340000204,0.2517808829998103,9.309100005339133e-05,DISABLED,on,user_reported,37.232139587402344,54.7899055480957,1009.932265625,126201.625,True,True,True,176,0,0,109,177,101,2026-10-03T11:45:19.815740+07:00,916.0463417149999,0.18582083000001148,OK,,True,2026-10-03T11:45:20.001574+07:00,916.2321698229998,0.03294561900020199,OK,,True,844,0.1055,,2026-10-03T11:45:20.034518+07:00,916.265118627,0.03290515700018659,OK,,True,2098,0.26225,
59fb0b3833d04c8cbdd8c1e074671b1d,918,2026-10-03T11:45:20.815656+07:00,917.0462498500001,917.0462498500001,MONITOR,917.1602180529999,0.9999976899998728,0.25201973299999736,9.078099992620992e-05,DISABLED,on,user_reported,37.223209381103516,54.788578033447266,1009.938125,126108.375,True,True,True,176,0,0,109,177,101,2026-10-03T11:45:20.815729+07:00,917.0463304969999,0.18582262700010688,OK,,True,2026-10-03T11:45:21.001565+07:00,917.232160772,0.033241653999994014,OK,,True,832,0.10400000000000001,,2026-10-03T11:45:21.034805+07:00,917.2654058520002,0.032854823999969085,OK,,True,2093,0.261625,
59fb0b3833d04c8cbdd8c1e074671b1d,919,2026-10-03T11:45:21.815661+07:00,918.04625304,918.04625304,MONITOR,918.1602212429998,1.0000031899999158,0.2516838840001583,9.397099984198576e-05,DISABLED,on,user_reported,37.22703552246094,54.79553985595703,1009.930703125,126482.2109375,True,True,True,176,0,0,109,178,101,2026-10-03T11:45:21.815740+07:00,918.0463413729999,0.18582225599993762,OK,,True,2026-10-03T11:45:22.001574+07:00,918.2321708140003,0.032938766999905056,OK,,True,835,0.104375,,2026-10-03T11:45:22.034512+07:00,918.2651126370001,0.03281591599989042,OK,,True,2097,0.262125,
59fb0b3833d04c8cbdd8c1e074671b1d,920,2026-10-03T11:45:22.815658+07:00,919.046251879,919.046251879,MONITOR,919.1602200819998,0.9999988389999999,0.2516907720000745,9.280999984184746e-05,DISABLED,on,user_reported,37.228309631347656,54.80213165283203,1009.912265625,126108.375,True,True,True,176,0,0,109,177,101,2026-10-03T11:45:22.815730+07:00,919.0463322109999,0.18582240500018088,OK,,True,2026-10-03T11:45:23.001565+07:00,919.2321619670001,0.0329504530000122,OK,,True,824,0.10300000000000001,,2026-10-03T11:45:23.034514+07:00,919.2651152349999,0.03281962000028216,OK,,True,2077,0.259625,
59fb0b3833d04c8cbdd8c1e074671b1d,921,2026-10-03T11:45:23.815657+07:00,920.0462497920003,920.0462497920003,MONITOR,920.160217995,0.999997913000243,0.25171264299979157,9.07230000848358e-05,DISABLED,on,user_reported,37.23278045654297,54.81559371948242,1009.885234375,125922.28125,True,True,True,176,0,0,109,178,101,2026-10-03T11:45:23.815735+07:00,920.0463366059998,0.18582786700017095,OK,,True,2026-10-03T11:45:24.001576+07:00,920.2321719729998,0.03294087900030718,OK,,True,827,0.10337500000000001,,2026-10-03T11:45:24.034515+07:00,920.2651158889998,0.032838990000072954,OK,,True,2081,0.260125,
59fb0b3833d04c8cbdd8c1e074671b1d,922,2026-10-03T11:45:24.815659+07:00,921.0462520010001,921.0462520010001,MONITOR,921.1602202039999,1.000002208999831,0.2516897179998523,9.293199991589063e-05,DISABLED,on,user_reported,37.23341751098633,54.81568908691406,1009.879453125,126388.546875,True,True,True,176,0,0,109,177,101,2026-10-03T11:45:24.815734+07:00,921.046335427,0.18582923700023457,OK,,True,2026-10-03T11:45:25.001576+07:00,921.232172942,0.032936785999936546,OK,,True,841,0.105125,,2026-10-03T11:45:25.034512+07:00,921.2651127469999,0.032821083000271756,OK,,True,2094,0.26175,
59fb0b3833d04c8cbdd8c1e074671b1d,923,2026-10-03T11:45:25.815660+07:00,922.0462528040002,922.0462528040002,MONITOR,922.160221007,1.0000008030001482,0.25167988399971364,9.373500006404356e-05,DISABLED,on,user_reported,37.242347717285156,54.84262466430664,1009.880234375,127521.796875,True,True,True,176,0,0,109,177,101,2026-10-03T11:45:25.815738+07:00,922.0463395070001,0.185817496999789,OK,,True,2026-10-03T11:45:26.001567+07:00,922.2321642259999,0.032947342000170465,OK,,True,816,0.10200000000000001,,2026-10-03T11:45:26.034514+07:00,922.2651146050002,0.03281058299990036,OK,,True,2089,0.261125,
59fb0b3833d04c8cbdd8c1e074671b1d,924,2026-10-03T11:45:26.815659+07:00,923.0462523290003,923.0462523290003,MONITOR,923.160220532,0.9999995250000211,0.2517515499998808,9.326000008513802e-05,DISABLED,on,user_reported,37.24107360839844,54.82963180541992,1009.926015625,126108.375,True,True,True,176,0,0,109,178,101,2026-10-03T11:45:26.815731+07:00,923.046333199,0.18584357100007765,OK,,True,2026-10-03T11:45:27.001588+07:00,923.232185159,0.032980841000153305,OK,,True,827,0.10337500000000001,,2026-10-03T11:45:27.034569+07:00,923.2651696480002,0.032826397999997425,OK,,True,2095,0.261875,
59fb0b3833d04c8cbdd8c1e074671b1d,925,2026-10-03T11:45:27.815655+07:00,924.0462482990001,924.0462482990001,MONITOR,924.1602165019999,0.9999959699998726,0.2518506979999984,8.922999995775172e-05,DISABLED,on,user_reported,37.23788070678711,54.82916259765625,1009.90734375,127047.1484375,True,True,True,176,0,0,109,177,101,2026-10-03T11:45:27.815733+07:00,924.0463352800002,0.18581436699969345,OK,,True,2026-10-03T11:45:28.001560+07:00,924.2321569250003,0.03301204499985033,OK,,True,841,0.105125,,2026-10-03T11:45:28.034573+07:00,924.2651732109998,0.03291706400023031,OK,,True,2090,0.26125,
59fb0b3833d04c8cbdd8c1e074671b1d,926,2026-10-03T11:45:28.815658+07:00,925.0462517690003,925.0462517690003,MONITOR,925.160219972,1.000003470000138,0.2568454799998108,9.270000009564683e-05,DISABLED,on,user_reported,37.24362564086914,54.83000564575195,1009.91640625,126482.2109375,True,True,True,176,0,0,109,178,101,2026-10-03T11:45:28.815732+07:00,925.0463340279998,0.18952780600011465,OK,,True,2026-10-03T11:45:29.005282+07:00,925.235874723,0.03434829500019987,OK,,True,831,0.10387500000000001,,2026-10-03T11:45:29.039630+07:00,925.270228074,0.03286052700013897,OK,,True,2094,0.26175,
59fb0b3833d04c8cbdd8c1e074671b1d,927,2026-10-03T11:45:29.815659+07:00,926.0462514239998,926.0462514239998,MONITOR,926.1602196269996,0.9999996549995558,0.2517231250003533,9.23549996514339e-05,DISABLED,on,user_reported,37.24553680419922,54.830299377441406,1009.906015625,126669.96875,True,True,True,176,0,0,109,178,101,2026-10-03T11:45:29.815738+07:00,926.0463398500001,0.1858057929998722,OK,,True,2026-10-03T11:45:30.001555+07:00,926.2321516800002,0.032966989999749785,OK,,True,825,0.10312500000000001,,2026-10-03T11:45:30.034522+07:00,926.2651218740002,0.032845082999756414,OK,,True,2082,0.26025,
59fb0b3833d04c8cbdd8c1e074671b1d,928,2026-10-03T11:45:30.815657+07:00,927.0462512469999,927.0462512469999,MONITOR,927.1602194499997,0.9999998230000529,0.25167292200012525,9.217799970429041e-05,DISABLED,on,user_reported,37.239158630371094,54.82294464111328,1009.875078125,126482.2109375,True,True,True,176,0,0,109,178,101,2026-10-03T11:45:30.815729+07:00,927.0463307099999,0.18580125600010433,OK,,True,2026-10-03T11:45:31.001540+07:00,927.232138077,0.032954545999928087,OK,,True,817,0.10212500000000001,,2026-10-03T11:45:31.034495+07:00,927.2650956779999,0.03282067600002847,OK,,True,2093,0.261625,
59fb0b3833d04c8cbdd8c1e074671b1d,929,2026-10-03T11:45:31.815661+07:00,928.0462541810002,928.0462541810002,MONITOR,928.160222384,1.0000029340003493,0.25165497799980585,9.511200005363207e-05,DISABLED,on,user_reported,37.2276725769043,54.802040100097656,1009.88390625,125922.28125,True,True,True,176,0,0,109,178,101,2026-10-03T11:45:31.815738+07:00,928.0463398289999,0.18579881200003,OK,,True,2026-10-03T11:45:32.001549+07:00,928.2321461780002,0.03295208199961053,OK,,True,839,0.104875,,2026-10-03T11:45:32.034501+07:00,928.2651016489999,0.03280025000003661,OK,,True,2093,0.261625,
59fb0b3833d04c8cbdd8c1e074671b1d,930,2026-10-03T11:45:32.815654+07:00,929.046247282,929.046247282,MONITOR,929.1602154849998,0.9999931009997454,0.25160997800003315,8.821299979899777e-05,DISABLED,on,user_reported,37.230224609375,54.82160186767578,1009.86734375,126295.015625,True,True,True,176,0,0,109,177,101,2026-10-03T11:45:32.815728+07:00,929.04632993,0.18579268300027252,OK,,True,2026-10-03T11:45:33.001531+07:00,929.2321287610002,0.032922711999617604,OK,,True,854,0.10675,,2026-10-03T11:45:33.034454+07:00,929.2650546579998,0.032795806000194716,OK,,True,2094,0.26175,
59fb0b3833d04c8cbdd8c1e074671b1d,931,2026-10-03T11:45:33.815656+07:00,930.0462489020001,930.0462489020001,MONITOR,930.1602171049999,1.0000016200001483,0.2516458669997519,8.983299994724803e-05,DISABLED,on,user_reported,37.230865478515625,54.82170867919922,1009.9575,126482.2109375,True,True,True,176,0,0,109,178,101,2026-10-03T11:45:33.815735+07:00,930.0463369200002,0.18579309000006106,OK,,True,2026-10-03T11:45:34.001539+07:00,930.2321360290002,0.03294634199983193,OK,,True,822,0.10275000000000001,,2026-10-03T11:45:34.034485+07:00,930.2650851110002,0.03280241699985709,OK,,True,2094,0.26175,
59fb0b3833d04c8cbdd8c1e074671b1d,932,2026-10-03T11:45:34.815655+07:00,931.046248522,931.046248522,MONITOR,931.1602167249998,0.9999996199999259,0.25160151499994754,8.945299987317412e-05,DISABLED,on,user_reported,37.22576141357422,54.827335357666016,1009.94921875,127141.7890625,True,True,True,176,0,0,109,178,101,2026-10-03T11:45:34.815729+07:00,931.0463310770001,0.1857875169998806,OK,,True,2026-10-03T11:45:35.001526+07:00,931.232124186,0.032917490000272664,OK,,True,825,0.10312500000000001,,2026-10-03T11:45:35.034444+07:00,931.2650448990003,0.032797693999782496,OK,,True,2097,0.262125,
59fb0b3833d04c8cbdd8c1e074671b1d,933,2026-10-03T11:45:35.815662+07:00,932.046254976,932.046254976,MONITOR,932.1602231789998,1.0000064539999585,0.25192221699990114,9.590699983164086e-05,DISABLED,on,user_reported,37.209808349609375,54.83774185180664,1009.902734375,126201.625,True,True,True,176,0,0,109,178,101,2026-10-03T11:45:35.815740+07:00,932.0463418089998,0.18580572000018947,OK,,True,2026-10-03T11:45:36.001557+07:00,932.2321545099999,0.03321213600020201,OK,,True,839,0.104875,,2026-10-03T11:45:36.034770+07:00,932.2653704429999,0.03279986100005772,OK,,True,2096,0.262,
59fb0b3833d04c8cbdd8c1e074671b1d,934,2026-10-03T11:45:36.815653+07:00,933.0462470410002,933.0462470410002,MONITOR,933.160215244,0.9999920650002423,0.2516361629996027,8.797200007393258e-05,DISABLED,on,user_reported,37.21363830566406,54.844722747802734,1009.895234375,126388.546875,True,True,True,176,0,0,109,177,101,2026-10-03T11:45:36.815731+07:00,933.0463329110003,0.18580184999973426,OK,,True,2026-10-03T11:45:37.001544+07:00,933.232141594,0.032934842000031495,OK,,True,846,0.10575,,2026-10-03T11:45:37.034479+07:00,933.2650799170001,0.03279575099986687,OK,,True,2096,0.262,
59fb0b3833d04c8cbdd8c1e074671b1d,935,2026-10-03T11:45:37.815655+07:00,934.0462481989998,934.0462481989998,MONITOR,934.1602164019996,1.0000011579995771,0.2516579780003667,8.912999965104973e-05,DISABLED,on,user_reported,37.217464447021484,54.877281188964844,1009.8671875,126108.375,True,True,True,176,0,0,109,177,101,2026-10-03T11:45:37.815731+07:00,934.0463328290002,0.18580220099966027,OK,,True,2026-10-03T11:45:38.001544+07:00,934.2321413079999,0.03295852700011892,OK,,True,838,0.10475,,2026-10-03T11:45:38.034502+07:00,934.265103279,0.032795473000078346,OK,,True,2092,0.2615,
59fb0b3833d04c8cbdd8c1e074671b1d,936,2026-10-03T11:45:38.815658+07:00,935.0462511169999,935.0462511169999,MONITOR,935.1602193199997,1.0000029180000638,0.252241511000193,9.204799971485045e-05,DISABLED,on,user_reported,37.20725631713867,54.88855743408203,1009.891640625,126295.015625,True,True,True,176,0,0,109,177,101,2026-10-03T11:45:38.815732+07:00,935.0463339130001,0.18581431299980977,OK,,True,2026-10-03T11:45:39.001556+07:00,935.2321537070002,0.033525283000017225,OK,,True,828,0.10350000000000001,,2026-10-03T11:45:39.035084+07:00,935.2656831560003,0.03280156499977238,OK,,True,2086,0.26075,
59fb0b3833d04c8cbdd8c1e074671b1d,937,2026-10-03T11:45:39.815669+07:00,936.046261646,936.046261646,MONITOR,936.1602298489997,1.0000105290000647,0.2515427749999617,0.00010257699977955781,DISABLED,on,user_reported,37.21491241455078,54.88330841064453,1009.876640625,127047.1484375,True,True,True,176,0,0,109,178,101,2026-10-03T11:45:39.815749+07:00,936.0463504610002,0.1857892200000606,OK,,True,2026-10-03T11:45:40.001548+07:00,936.2321466070002,0.03281434199971045,OK,,True,817,0.10212500000000001,,2026-10-03T11:45:40.034368+07:00,936.2649654490001,0.03283067599977585,OK,,True,2105,0.263125,
59fb0b3833d04c8cbdd8c1e074671b1d,938,2026-10-03T11:45:40.815657+07:00,937.0462508609999,937.0462508609999,MONITOR,937.1602190639996,0.9999892149999141,0.25142712800015943,9.179199969366891e-05,DISABLED,on,user_reported,37.211082458496094,54.8955192565918,1009.836328125,126015.2578125,True,True,True,176,0,0,109,178,101,2026-10-03T11:45:40.815731+07:00,937.0463326009999,0.1857783130003554,OK,,True,2026-10-03T11:45:41.001518+07:00,937.232117173,0.0327108810001846,OK,,True,847,0.105875,,2026-10-03T11:45:41.034235+07:00,937.2648329060003,0.03283697199958624,OK,,True,2096,0.262,
59fb0b3833d04c8cbdd8c1e074671b1d,939,2026-10-03T11:45:41.815668+07:00,938.0462611319999,938.0462611319999,MONITOR,938.1602293349997,1.0000102710000647,0.25301504300023225,0.00010206299975834554,DISABLED,on,user_reported,37.215553283691406,54.90259552001953,1009.91875,126764.046875,True,True,True,176,0,0,109,177,101,2026-10-03T11:45:41.815747+07:00,938.046348761,0.1857808129998375,OK,,True,2026-10-03T11:45:42.001537+07:00,938.2321359440002,0.03418355599978895,OK,,True,859,0.107375,,2026-10-03T11:45:42.035726+07:00,938.2663240739998,0.03294400900040273,OK,,True,2104,0.263,
59fb0b3833d04c8cbdd8c1e074671b1d,940,2026-10-03T11:45:42.815657+07:00,939.0462507359998,939.0462507359998,MONITOR,939.1602189389996,0.999989603999893,0.2514887200004523,9.166699965135194e-05,DISABLED,on,user_reported,37.208534240722656,54.901554107666016,1009.907578125,125736.7421875,True,True,True,176,0,0,109,177,101,2026-10-03T11:45:42.815731+07:00,939.0463327540001,0.1857761279998158,OK,,True,2026-10-03T11:45:43.001516+07:00,939.2321152889999,0.032927083000231505,OK,,True,836,0.1045,,2026-10-03T11:45:43.034446+07:00,939.2650455940002,0.03268447299979016,OK,,True,2089,0.261125,
59fb0b3833d04c8cbdd8c1e074671b1d,941,2026-10-03T11:45:43.815663+07:00,940.0462543960002,940.0462543960002,MONITOR,940.160222599,1.0000036600004023,0.2531303579999076,9.532700005365768e-05,DISABLED,on,user_reported,37.20725631713867,54.88216018676758,1009.89859375,126015.2578125,True,True,True,176,0,0,109,177,101,2026-10-03T11:45:43.815746+07:00,940.0463475430001,0.18579310999984955,OK,,True,2026-10-03T11:45:44.001548+07:00,940.2321472449999,0.03296810100027869,OK,,True,825,0.10312500000000001,,2026-10-03T11:45:44.034519+07:00,940.2651190500001,0.03425564799999847,OK,,True,2084,0.2605,
59fb0b3833d04c8cbdd8c1e074671b1d,942,2026-10-03T11:45:44.815655+07:00,941.0462473530001,941.0462473530001,MONITOR,941.1602155559999,0.999992956999904,0.25343642899997576,8.828399995763903e-05,DISABLED,on,user_reported,37.201515197753906,54.88129425048828,1009.902890625,125736.7421875,True,True,True,176,0,0,109,177,101,2026-10-03T11:45:44.815727+07:00,941.0463289630002,0.18582105399991633,OK,,True,2026-10-03T11:45:45.001557+07:00,941.2321566280002,0.032955230999959895,OK,,True,821,0.10262500000000001,,2026-10-03T11:45:45.034516+07:00,941.265115618,0.034558034999918164,OK,,True,2085,0.260625,
59fb0b3833d04c8cbdd8c1e074671b1d,943,2026-10-03T11:45:45.815661+07:00,942.0462527720001,942.0462527720001,MONITOR,942.1602209749999,1.00000541899999,0.2538312430001497,9.370299994770903e-05,DISABLED,on,user_reported,37.198326110839844,54.86161804199219,1009.8840625,126015.2578125,True,True,True,176,0,0,109,177,101,2026-10-03T11:45:45.815741+07:00,942.0463427899999,0.18578462799996487,OK,,True,2026-10-03T11:45:46.001534+07:00,942.2321339549999,0.03296817499995086,OK,,True,848,0.106,,2026-10-03T11:45:46.034507+07:00,942.2651063339999,0.03496794000011505,OK,,True,2093,0.261625,
59fb0b3833d04c8cbdd8c1e074671b1d,944,2026-10-03T11:45:46.815652+07:00,943.0462457849999,943.0462457849999,MONITOR,943.1602139879997,0.9999930129997665,0.25399883399995815,8.671599971421529e-05,DISABLED,on,user_reported,37.19960021972656,54.84261703491211,1009.858828125,126295.015625,True,True,True,176,0,0,109,177,101,2026-10-03T11:45:46.815726+07:00,943.0463276179999,0.18578062799997497,OK,,True,2026-10-03T11:45:47.001516+07:00,943.2321149130003,0.03294378599957781,OK,,True,828,0.10350000000000001,,2026-10-03T11:45:47.034462+07:00,943.2650624580001,0.03517082799999116,OK,,True,2096,0.262,
59fb0b3833d04c8cbdd8c1e074671b1d,945,2026-10-03T11:45:47.815661+07:00,944.046252483,944.046252483,MONITOR,944.1602206859998,1.0000066980001066,0.25166110899999694,9.341399982076837e-05,DISABLED,on,user_reported,37.20661926269531,54.81167984008789,1009.904375,127617.1484375,True,True,True,176,0,0,109,177,101,2026-10-03T11:45:47.815736+07:00,944.046338187,0.18578359100001762,OK,,True,2026-10-03T11:45:48.001529+07:00,944.2321286290003,0.03295661999982258,OK,,True,836,0.1045,,2026-10-03T11:45:48.034488+07:00,944.2650888600001,0.032817065000017465,OK,,True,2088,0.261,
59fb0b3833d04c8cbdd8c1e074671b1d,946,2026-10-03T11:45:48.815740+07:00,945.0463200150002,945.0463200150002,MONITOR,945.160288218,1.0000675320002301,0.2626424999998562,0.00016094600005089887,DISABLED,on,user_reported,37.20789337158203,54.78628158569336,1009.83109375,125922.28125,True,True,True,176,0,0,109,178,101,2026-10-03T11:45:48.815902+07:00,945.0465017730003,0.1917550149996714,OK,,True,2026-10-03T11:45:49.007679+07:00,945.2382730660001,0.035437917999843194,OK,,True,836,0.1045,,2026-10-03T11:45:49.043123+07:00,945.273720095,0.0352248829999553,OK,,True,2102,0.26275,
59fb0b3833d04c8cbdd8c1e074671b1d,947,2026-10-03T11:45:49.815710+07:00,946.0462942140002,946.0462942140002,MONITOR,946.160262417,0.9999741990000075,0.26259016699987114,0.0001351450000584009,DISABLED,on,user_reported,37.19768524169922,54.75917434692383,1009.9309375,127617.1484375,True,True,True,176,0,0,109,177,101,2026-10-03T11:45:49.815861+07:00,946.0464613610002,0.19174177500008227,OK,,True,2026-10-03T11:45:50.007622+07:00,946.23821671,0.0354116220000833,OK,,True,836,0.1045,,2026-10-03T11:45:50.043041+07:00,946.2736374800002,0.03523006799969153,OK,,True,2101,0.262625,
59fb0b3833d04c8cbdd8c1e074671b1d,948,2026-10-03T11:45:50.815711+07:00,947.0462948200002,947.0462948200002,MONITOR,947.160263023,1.0000006059999578,0.2628259439998146,0.00013575100001617102,DISABLED,on,user_reported,37.209171295166016,54.73530578613281,1009.91546875,126669.96875,True,True,True,176,0,0,109,177,101,2026-10-03T11:45:50.815869+07:00,947.0464691530001,0.1917474779997974,OK,,True,2026-10-03T11:45:51.007635+07:00,947.238230076,0.03564754599983644,OK,,True,824,0.10300000000000001,,2026-10-03T11:45:51.043289+07:00,947.2738860109998,0.03521853100028238,OK,,True,2100,0.2625,
59fb0b3833d04c8cbdd8c1e074671b1d,949,2026-10-03T11:45:51.815700+07:00,948.0462845940001,948.0462845940001,MONITOR,948.1602527969999,0.9999897739999142,0.2629244619997735,0.0001255249999303487,DISABLED,on,user_reported,37.210445404052734,54.72910690307617,1009.91734375,126201.625,True,True,True,176,0,0,109,177,101,2026-10-03T11:45:51.815855+07:00,948.0464550000002,0.1917955159997291,OK,,True,2026-10-03T11:45:52.007672+07:00,948.238265423,0.035566029000165145,OK,,True,838,0.10475,,2026-10-03T11:45:52.043244+07:00,948.273841229,0.03535147499997038,OK,,True,2098,0.26225,
59fb0b3833d04c8cbdd8c1e074671b1d,950,2026-10-03T11:45:52.815705+07:00,949.046289294,949.046289294,MONITOR,949.1602574969997,1.000004699999863,0.262640482000279,0.00013022499979342683,DISABLED,on,user_reported,37.20789337158203,54.69035720825195,1009.906484375,127236.578125,True,True,True,176,0,0,109,177,101,2026-10-03T11:45:52.815858+07:00,949.046458071,0.19173323799986974,OK,,True,2026-10-03T11:45:53.007611+07:00,949.2382061789999,0.035477659000207495,OK,,True,826,0.10325000000000001,,2026-10-03T11:45:53.043098+07:00,949.2736934300001,0.035219956999753776,OK,,True,2095,0.261875,
59fb0b3833d04c8cbdd8c1e074671b1d,951,2026-10-03T11:45:53.815741+07:00,950.046328031,950.046328031,MONITOR,950.1602962339998,1.000038737000068,0.2525491209999018,0.0001689619998614944,DISABLED,on,user_reported,37.19322204589844,54.6817741394043,1009.903203125,126108.375,True,True,True,176,0,0,109,177,101,2026-10-03T11:45:53.815870+07:00,950.0464704189999,0.18657508600017536,OK,,True,2026-10-03T11:45:54.002456+07:00,950.233053468,0.03299823099996502,OK,,True,827,0.10337500000000001,,2026-10-03T11:45:54.035457+07:00,950.266056291,0.032812509999985195,OK,,True,2095,0.261875,
59fb0b3833d04c8cbdd8c1e074671b1d,952,2026-10-03T11:45:54.815652+07:00,951.0462446020001,951.0462446020001,MONITOR,951.1602128049999,0.9999165710000852,0.25173197899994193,8.55329999467358e-05,DISABLED,on,user_reported,37.184288024902344,54.674041748046875,1009.88859375,126108.375,True,True,True,176,0,0,109,178,101,2026-10-03T11:45:54.815731+07:00,951.0463332310001,0.18579699900010382,OK,,True,2026-10-03T11:45:55.001539+07:00,951.2321373969999,0.03299706400002833,OK,,True,837,0.104625,,2026-10-03T11:45:55.034539+07:00,951.2651381639998,0.032831176000399864,OK,,True,2091,0.261375,
59fb0b3833d04c8cbdd8c1e074671b1d,953,2026-10-03T11:45:55.815654+07:00,952.046244358,952.046244358,MONITOR,952.1602125609998,0.9999997559998519,0.25203038500012553,8.528899979864946e-05,DISABLED,on,user_reported,37.184288024902344,54.674041748046875,1009.881796875,126295.015625,True,True,True,176,0,0,109,178,101,2026-10-03T11:45:55.815735+07:00,952.0463364500001,0.18580127699988225,OK,,True,2026-10-03T11:45:56.001548+07:00,952.232146246,0.033286986999883084,OK,,True,838,0.10475,,2026-10-03T11:45:56.034838+07:00,952.2654372890001,0.032829232000040065,OK,,True,2090,0.26125,
59fb0b3833d04c8cbdd8c1e074671b1d,954,2026-10-03T11:45:56.815654+07:00,953.0462465219998,953.0462465219998,MONITOR,953.1602147249996,1.0000021639998522,0.2517287200003011,8.745299965084996e-05,DISABLED,on,user_reported,37.182373046875,54.66098403930664,1009.858125,126576.0234375,True,True,True,176,0,0,109,177,101,2026-10-03T11:45:56.815735+07:00,953.0463368000001,0.18579622100014603,OK,,True,2026-10-03T11:45:57.001541+07:00,953.2321397979999,0.032983490000333404,OK,,True,845,0.105625,,2026-10-03T11:45:57.034528+07:00,953.26512701,0.03284023200012598,OK,,True,2098,0.26225,
59fb0b3833d04c8cbdd8c1e074671b1d,955,2026-10-03T11:45:57.815656+07:00,954.0462488160001,954.0462488160001,MONITOR,954.1602170189999,1.0000022940002964,0.2516838309998093,8.974699994723778e-05,DISABLED,on,user_reported,37.18811798095703,54.66823196411133,1009.9496875,126108.375,True,True,True,176,0,0,109,177,101,2026-10-03T11:45:57.815733+07:00,954.0463350190003,0.18577679599957264,OK,,True,2026-10-03T11:45:58.001520+07:00,954.2321187960001,0.03296624899985545,OK,,True,834,0.10425,,2026-10-03T11:45:58.034488+07:00,954.2650887489999,0.03283584300015718,OK,,True,2092,0.2615,
59fb0b3833d04c8cbdd8c1e074671b1d,956,2026-10-03T11:45:58.817935+07:00,955.0485232249998,955.0485232249998,MONITOR,955.1624914279996,1.0022744089997104,0.2529681750002055,0.002364155999657669,DISABLED,on,user_reported,37.17152786254883,54.67853927612305,1009.92953125,126669.96875,True,True,True,176,0,0,109,178,101,2026-10-03T11:45:58.818058+07:00,955.0486587609998,0.1859441650003646,OK,,True,2026-10-03T11:45:59.004016+07:00,955.2346126850002,0.033972353999615734,OK,,True,825,0.10312500000000001,,2026-10-03T11:45:59.037992+07:00,955.2685901499999,0.03289261999998416,OK,,True,2097,0.262125,
59fb0b3833d04c8cbdd8c1e074671b1d,957,2026-10-03T11:45:59.815660+07:00,956.0462522010002,956.0462522010002,MONITOR,956.160220404,0.9977289760004169,0.2517366089996358,9.313200007454725e-05,DISABLED,on,user_reported,37.18173599243164,54.67366409301758,1009.925625,126576.0234375,True,True,True,176,0,0,109,177,101,2026-10-03T11:45:59.815741+07:00,956.0463425339999,0.1858045920002951,OK,,True,2026-10-03T11:46:00.001556+07:00,956.2321541440001,0.032990748999964126,OK,,True,835,0.104375,,2026-10-03T11:46:00.034549+07:00,956.265148856,0.03283230600027309,OK,,True,2084,0.2605,
59fb0b3833d04c8cbdd8c1e074671b1d,958,2026-10-03T11:46:00.815652+07:00,957.046244403,957.046244403,MONITOR,957.1602126059997,0.999992201999703,0.25178286800019123,8.533399977750378e-05,DISABLED,on,user_reported,37.17152786254883,54.691322326660156,1009.895390625,126295.015625,True,True,True,176,0,0,109,177,101,2026-10-03T11:46:00.815731+07:00,957.046332292,0.18580859099984082,OK,,True,2026-10-03T11:46:01.001550+07:00,957.2321479759999,0.03299419300037698,OK,,True,828,0.10350000000000001,,2026-10-03T11:46:01.034547+07:00,957.2651462990002,0.0328740459999608,OK,,True,2088,0.261,
59fb0b3833d04c8cbdd8c1e074671b1d,959,2026-10-03T11:46:01.815649+07:00,958.0462416800001,958.0462416800001,MONITOR,958.1602098829999,0.9999972770001477,0.25178060899997945,8.261099992523668e-05,DISABLED,on,user_reported,37.15621566772461,54.682647705078125,1009.884140625,126015.2578125,True,True,True,176,0,0,109,178,101,2026-10-03T11:46:01.815727+07:00,958.0463293090002,0.18580488799989325,OK,,True,2026-10-03T11:46:02.001542+07:00,958.232141123,0.03300397100019836,OK,,True,824,0.10300000000000001,,2026-10-03T11:46:02.034549+07:00,958.2651487419998,0.032865602000129,OK,,True,2088,0.261,
59fb0b3833d04c8cbdd8c1e074671b1d,960,2026-10-03T11:46:02.815652+07:00,959.046243883,959.046243883,MONITOR,959.1602120859998,1.0000022029998945,0.2517474050000601,8.481399981974391e-05,DISABLED,on,user_reported,37.146644592285156,54.71318054199219,1009.86859375,126015.2578125,True,True,True,176,0,0,109,178,101,2026-10-03T11:46:02.815732+07:00,959.0463337710003,0.18580259199961802,OK,,True,2026-10-03T11:46:03.001546+07:00,959.2321439930001,0.03298991499968906,OK,,True,839,0.104875,,2026-10-03T11:46:03.034537+07:00,959.265137593,0.03284606500028531,OK,,True,2093,0.261625,
59fb0b3833d04c8cbdd8c1e074671b1d,961,2026-10-03T11:46:03.815654+07:00,960.046246586,960.046246586,MONITOR,960.1602147889998,1.0000027030000638,0.2628666290002002,8.751699988351902e-05,DISABLED,on,user_reported,37.14792251586914,54.73255157470703,1009.86375,126388.546875,True,True,True,176,0,0,109,177,101,2026-10-03T11:46:03.815732+07:00,960.0463339739999,0.19079524500011757,OK,,True,2026-10-03T11:46:04.006556+07:00,960.2371488479998,0.03784732900021481,OK,,True,827,0.10337500000000001,,2026-10-03T11:46:04.044417+07:00,960.27500977,0.03408957500005272,OK,,True,2079,0.259875,
59fb0b3833d04c8cbdd8c1e074671b1d,962,2026-10-03T11:46:04.815656+07:00,961.0462488819999,961.0462488819999,MONITOR,961.1602170849997,1.0000022959998205,0.2517379420000907,8.981299970400869e-05,DISABLED,on,user_reported,37.15302276611328,54.74610900878906,1009.8378125,125829.4453125,True,True,True,176,0,0,109,177,101,2026-10-03T11:46:04.815747+07:00,961.0463488810001,0.18580235199988238,OK,,True,2026-10-03T11:46:05.001559+07:00,961.2321584179999,0.032972470999993675,OK,,True,832,0.10400000000000001,,2026-10-03T11:46:05.034535+07:00,961.265135093,0.03284365699983027,OK,,True,2089,0.261125,
59fb0b3833d04c8cbdd8c1e074671b1d,963,2026-10-03T11:46:05.815651+07:00,962.046243882,962.046243882,MONITOR,962.1602120849998,0.9999950000001263,0.25177368300001035,8.481299983031931e-05,DISABLED,on,user_reported,37.139625549316406,54.769683837890625,1009.884609375,125736.7421875,True,True,True,176,0,0,109,177,101,2026-10-03T11:46:05.815732+07:00,962.046334011,0.18580761100020027,OK,,True,2026-10-03T11:46:06.001551+07:00,962.2321490660001,0.03300041600004988,OK,,True,835,0.104375,,2026-10-03T11:46:06.034553+07:00,962.265152982,0.032856953000191425,OK,,True,2094,0.26175,
59fb0b3833d04c8cbdd8c1e074671b1d,964,2026-10-03T11:46:06.815655+07:00,963.0462479930002,963.0462479930002,MONITOR,963.160216196,1.0000041110001803,0.25172622099989894,8.892400001059286e-05,DISABLED,on,user_reported,37.1485595703125,54.7838134765625,1009.926484375,125922.28125,True,True,True,176,0,0,109,178,101,2026-10-03T11:46:06.815734+07:00,963.0463357889998,0.18580861100008406,OK,,True,2026-10-03T11:46:07.001554+07:00,963.232151659,0.03296110100018268,OK,,True,820,0.10250000000000001,,2026-10-03T11:46:07.034515+07:00,963.2651157969999,0.03284991700002138,OK,,True,2087,0.260875,
59fb0b3833d04c8cbdd8c1e074671b1d,965,2026-10-03T11:46:07.815656+07:00,964.0462490489999,964.0462490489999,MONITOR,964.1602172519997,1.0000010559997463,0.2517285910003011,8.997999975690618e-05,DISABLED,on,user_reported,37.15621566772461,54.810546875,1009.884140625,125644.171875,True,True,True,176,0,0,109,178,101,2026-10-03T11:46:07.815735+07:00,964.046336938,0.18580959200016878,OK,,True,2026-10-03T11:46:08.001556+07:00,964.2321541040001,0.03295273100002305,OK,,True,830,0.10375000000000001,,2026-10-03T11:46:08.034509+07:00,964.2651096310001,0.03286030599974765,OK,,True,2091,0.261375,
59fb0b3833d04c8cbdd8c1e074671b1d,966,2026-10-03T11:46:08.815656+07:00,965.0462482540001,965.0462482540001,MONITOR,965.1602164569999,0.999999205000222,0.2551158100000066,8.91849999788974e-05,DISABLED,on,user_reported,37.15174865722656,54.79707717895508,1009.876875,125922.28125,True,True,True,176,0,0,109,177,101,2026-10-03T11:46:08.815734+07:00,965.0463362529999,0.18754297000032238,OK,,True,2026-10-03T11:46:09.003294+07:00,965.2338910190001,0.03337837699973534,OK,,True,831,0.10387500000000001,,2026-10-03T11:46:09.036681+07:00,965.267278025,0.034060649999901216,OK,,True,2086,0.26075,
59fb0b3833d04c8cbdd8c1e074671b1d,967,2026-10-03T11:46:09.815676+07:00,966.0462690509999,966.0462690509999,MONITOR,966.1602372539996,1.0000207969997064,0.25172607300009986,0.00010998199968526023,DISABLED,on,user_reported,37.13771438598633,54.80777359008789,1009.840390625,127047.1484375,True,True,True,176,0,0,109,177,101,2026-10-03T11:46:09.815752+07:00,966.046354088,0.185814869999831,OK,,True,2026-10-03T11:46:10.001578+07:00,966.2321763650002,0.03293243500002063,OK,,True,834,0.10425,,2026-10-03T11:46:10.034512+07:00,966.2651121889999,0.03287495300037335,OK,,True,2090,0.26125,
59fb0b3833d04c8cbdd8c1e074671b1d,968,2026-10-03T11:46:10.815658+07:00,967.0462509230001,967.0462509230001,MONITOR,967.1602191259999,0.9999818720002622,0.2517406470001333,9.185399994748877e-05,DISABLED,on,user_reported,37.13579559326172,54.82667922973633,1009.871640625,125922.28125,True,True,True,176,0,0,109,177,101,2026-10-03T11:46:10.815735+07:00,967.0463366630001,0.18581416699998954,OK,,True,2026-10-03T11:46:11.001561+07:00,967.2321588290001,0.03295124999976906,OK,,True,841,0.105125,,2026-10-03T11:46:11.034512+07:00,967.2651128940001,0.03287023099983344,OK,,True,2091,0.261375,
59fb0b3833d04c8cbdd8c1e074671b1d,969,2026-10-03T11:46:11.815657+07:00,968.0462485920002,968.0462485920002,MONITOR,968.160216795,0.9999976690000949,0.25173642399977325,8.952300004239078e-05,DISABLED,on,user_reported,37.14090347290039,54.84023666381836,1009.893359375,125459.4453125,True,True,True,176,0,0,109,178,101,2026-10-03T11:46:11.815733+07:00,968.046334572,0.18581418500025393,OK,,True,2026-10-03T11:46:12.001558+07:00,968.2321564980002,0.032947248999789736,OK,,True,838,0.10475,,2026-10-03T11:46:12.034506+07:00,968.2651066359999,0.03287032400021417,OK,,True,2093,0.261625,
59fb0b3833d04c8cbdd8c1e074671b1d,970,2026-10-03T11:46:12.815656+07:00,969.0462495380002,969.0462495380002,MONITOR,969.160217741,1.0000009460000001,0.2517364059999636,9.046900004250347e-05,DISABLED,on,user_reported,37.132606506347656,54.85179138183594,1009.83203125,125459.4453125,True,True,True,176,0,0,109,178,101,2026-10-03T11:46:12.815733+07:00,969.046334871,0.18580938800005242,OK,,True,2026-10-03T11:46:13.001553+07:00,969.2321514820001,0.032954044999769394,OK,,True,845,0.105625,,2026-10-03T11:46:13.034508+07:00,969.2651083790001,0.03286950899973817,OK,,True,2088,0.261,
59fb0b3833d04c8cbdd8c1e074671b1d,971,2026-10-03T11:46:13.815660+07:00,970.0462519480002,970.0462519480002,MONITOR,970.160220151,1.0000024099999791,0.25399979899975733,9.287900002163951e-05,DISABLED,on,user_reported,37.13771438598633,54.865352630615234,1009.9909375,125829.4453125,True,True,True,176,0,0,109,177,101,2026-10-03T11:46:13.815738+07:00,970.046339984,0.1877465430002303,OK,,True,2026-10-03T11:46:14.003501+07:00,970.234097731,0.03314626600013071,OK,,True,834,0.10425,,2026-10-03T11:46:14.036657+07:00,970.2672524969998,0.03298189800034379,OK,,True,2072,0.259,
59fb0b3833d04c8cbdd8c1e074671b1d,972,2026-10-03T11:46:14.815718+07:00,971.0463032090001,971.0463032090001,MONITOR,971.1602714119999,1.0000512609999532,0.2627739280001151,0.00014413999997486826,DISABLED,on,user_reported,37.13898849487305,54.86553955078125,1009.9246875,125644.171875,True,True,True,176,0,0,109,177,101,2026-10-03T11:46:14.815868+07:00,971.0464676340002,0.19173403599961603,OK,,True,2026-10-03T11:46:15.007620+07:00,971.2382156510002,0.035470103999614366,OK,,True,851,0.106375,,2026-10-03T11:46:15.043097+07:00,971.2736949770001,0.03536443699977099,OK,,True,2099,0.262375,
59fb0b3833d04c8cbdd8c1e074671b1d,973,2026-10-03T11:46:15.815723+07:00,972.0463081940002,972.0463081940002,MONITOR,972.160276397,1.0000049850000323,0.2625905579998289,0.00014912500000718865,DISABLED,on,user_reported,37.13069534301758,54.877098083496094,1009.904375,125459.4453125,True,True,True,176,0,0,109,178,101,2026-10-03T11:46:15.815873+07:00,972.0464724889998,0.19174668400000883,OK,,True,2026-10-03T11:46:16.007639+07:00,972.2382343019999,0.03537199300035354,OK,,True,831,0.10387500000000001,,2026-10-03T11:46:16.043016+07:00,972.2736142399999,0.035266049000256317,OK,,True,2100,0.2625,
59fb0b3833d04c8cbdd8c1e074671b1d,974,2026-10-03T11:46:16.815719+07:00,973.0463043079999,973.0463043079999,MONITOR,973.1602725109997,0.999996113999714,0.2626469840001846,0.0001452389997211867,DISABLED,on,user_reported,37.12303924560547,54.895145416259766,1009.87125,125922.28125,True,True,True,176,0,0,109,178,101,2026-10-03T11:46:16.815871+07:00,973.0464706769999,0.19175120299996706,OK,,True,2026-10-03T11:46:17.007640+07:00,973.2382352310001,0.035440066999854025,OK,,True,825,0.10312500000000001,,2026-10-03T11:46:17.043085+07:00,973.2736835199998,0.03525021600034961,OK,,True,2100,0.2625,
59fb0b3833d04c8cbdd8c1e074671b1d,975,2026-10-03T11:46:17.815725+07:00,974.0463090339999,974.0463090339999,MONITOR,974.1602772369997,1.0000047260000429,0.26267783499997677,0.00014996499976405175,DISABLED,on,user_reported,37.11920928955078,54.88818359375,1009.885703125,125922.28125,True,True,True,176,0,0,109,177,101,2026-10-03T11:46:17.815878+07:00,974.0464778850001,0.191755460999957,OK,,True,2026-10-03T11:46:18.007653+07:00,974.2382480679998,0.03546330700010003,OK,,True,839,0.104875,,2026-10-03T11:46:18.043122+07:00,974.2737192270001,0.035249475999989954,OK,,True,2103,0.262875,
59fb0b3833d04c8cbdd8c1e074671b1d,976,2026-10-03T11:46:18.815727+07:00,975.0463105560002,975.0463105560002,MONITOR,975.160278759,1.0000015220002751,0.2643331579997721,0.00015148700003919657,DISABLED,on,user_reported,37.11729431152344,54.90068817138672,1009.855078125,126015.2578125,True,True,True,176,0,0,109,178,101,2026-10-03T11:46:18.815882+07:00,975.0464824989999,0.1917638140002964,OK,,True,2026-10-03T11:46:19.007666+07:00,975.238260868,0.03538414100012233,OK,,True,826,0.10325000000000001,,2026-10-03T11:46:19.043055+07:00,975.2736536020002,0.03695176099972741,OK,,True,2089,0.261125,
59fb0b3833d04c8cbdd8c1e074671b1d,977,2026-10-03T11:46:19.815680+07:00,976.0462734860002,976.0462734860002,MONITOR,976.160241689,0.9999629300000379,0.251976311999897,0.00011441700007708278,DISABLED,on,user_reported,37.107723236083984,54.9056510925293,1009.8875,125275.265625,True,True,True,176,0,0,109,178,101,2026-10-03T11:46:19.815757+07:00,976.0463591339999,0.18581113000027472,OK,,True,2026-10-03T11:46:20.001580+07:00,976.2321777259999,0.03294421300006434,OK,,True,814,0.10175000000000001,,2026-10-03T11:46:20.034524+07:00,976.265124606,0.03311548900001071,OK,,True,2090,0.26125,
59fb0b3833d04c8cbdd8c1e074671b1d,978,2026-10-03T11:46:20.815658+07:00,977.046249602,977.046249602,MONITOR,977.1602178049998,0.9999761159997433,0.251753090999955,9.053299982042518e-05,DISABLED,on,user_reported,37.10389709472656,54.91147994995117,1009.86765625,126108.375,True,True,True,176,0,0,109,178,101,2026-10-03T11:46:20.815736+07:00,977.0463381750001,0.18580731500014736,OK,,True,2026-10-03T11:46:21.001554+07:00,977.2321525090001,0.03296917499983465,OK,,True,821,0.10262500000000001,,2026-10-03T11:46:21.034524+07:00,977.265125073,0.03286904600008711,OK,,True,2096,0.262,
59fb0b3833d04c8cbdd8c1e074671b1d,979,2026-10-03T11:46:21.815655+07:00,978.0462482550001,978.0462482550001,MONITOR,978.1602164579999,0.9999986530001479,0.2517449060001127,8.9185999968322e-05,DISABLED,on,user_reported,37.1007080078125,54.930198669433594,1009.924140625,126108.375,True,True,True,176,0,0,109,178,101,2026-10-03T11:46:21.815730+07:00,978.046331995,0.18580663000011555,OK,,True,2026-10-03T11:46:22.001547+07:00,978.2321454759999,0.03297710200013171,OK,,True,856,0.107,,2026-10-03T11:46:22.034526+07:00,978.2651259670001,0.03285813899992718,OK,,True,2094,0.26175,
59fb0b3833d04c8cbdd8c1e074671b1d,980,2026-10-03T11:46:22.815656+07:00,979.0462486850001,979.0462486850001,MONITOR,979.1602168879999,1.00000043,0.2517560549999871,8.961599996837322e-05,DISABLED,on,user_reported,37.09815216064453,54.93621826171875,1009.94734375,126295.015625,True,True,True,176,0,0,109,178,101,2026-10-03T11:46:22.815734+07:00,979.0463359999999,0.1858050370001365,OK,,True,2026-10-03T11:46:23.001550+07:00,979.2321481479999,0.03297019399997225,OK,,True,835,0.104375,,2026-10-03T11:46:23.034521+07:00,979.2651213970003,0.0328742130000137,OK,,True,2083,0.260375,
59fb0b3833d04c8cbdd8c1e074671b1d,981,2026-10-03T11:46:23.815656+07:00,980.046248135,980.046248135,MONITOR,980.1602163379998,0.9999994499999048,0.25176040699989244,8.906599987312802e-05,DISABLED,on,user_reported,37.09432601928711,54.95484924316406,1009.906875,126295.015625,True,True,True,176,0,0,109,178,101,2026-10-03T11:46:23.815731+07:00,980.0463329489999,0.1858102230003169,OK,,True,2026-10-03T11:46:24.001553+07:00,980.2321510239999,0.032959230999949796,OK,,True,822,0.10275000000000001,,2026-10-03T11:46:24.034513+07:00,980.2651132360002,0.032886731999951735,OK,,True,2097,0.262125,
59fb0b3833d04c8cbdd8c1e074671b1d,982,2026-10-03T11:46:24.815660+07:00,981.0462524919999,981.0462524919999,MONITOR,981.1602206949997,1.0000043569998525,0.2517139260003205,9.342299972558976e-05,DISABLED,on,user_reported,37.08603286743164,54.94720458984375,1009.8659375,126295.015625,True,True,True,176,0,0,109,178,101,2026-10-03T11:46:24.815738+07:00,981.0463402139999,0.18581046300005255,OK,,True,2026-10-03T11:46:25.001559+07:00,981.2321577880002,0.0329518239996105,OK,,True,844,0.1055,,2026-10-03T11:46:25.034512+07:00,981.2651131490002,0.0328445099999044,OK,,True,2095,0.261875,
59fb0b3833d04c8cbdd8c1e074671b1d,983,2026-10-03T11:46:25.815655+07:00,982.0462479610001,982.0462479610001,MONITOR,982.1602161639998,0.9999954690001687,0.2517089439998017,8.889199989425833e-05,DISABLED,on,user_reported,37.07901382446289,54.97175598144531,1009.8409375,125644.171875,True,True,True,176,0,0,109,178,101,2026-10-03T11:46:25.815732+07:00,982.0463335529998,0.18581383400032792,OK,,True,2026-10-03T11:46:26.001556+07:00,982.232154924,0.032953767999970296,OK,,True,838,0.10475,,2026-10-03T11:46:26.034511+07:00,982.2651117290002,0.03283576900003027,OK,,True,2090,0.26125,
59fb0b3833d04c8cbdd8c1e074671b1d,984,2026-10-03T11:46:26.815657+07:00,983.0462490780001,983.0462490780001,MONITOR,983.1602172809999,1.0000011170000107,0.25171094500001345,9.000899990496691e-05,DISABLED,on,user_reported,37.073909759521484,54.97739791870117,1009.853125,126108.375,True,True,True,176,0,0,109,178,101,2026-10-03T11:46:26.815732+07:00,983.0463343189999,0.18580850000034843,OK,,True,2026-10-03T11:46:27.001551+07:00,983.2321499300001,0.03296123099971737,OK,,True,831,0.10387500000000001,,2026-10-03T11:46:27.034513+07:00,983.2651140870003,0.03283649099967079,OK,,True,2089,0.261125,
59fb0b3833d04c8cbdd8c1e074671b1d,985,2026-10-03T11:46:27.815656+07:00,984.046248659,984.046248659,MONITOR,984.1602168619997,0.9999995809998836,0.2518064619998768,8.958999978858628e-05,DISABLED,on,user_reported,37.071998596191406,54.98991394042969,1009.87734375,126295.015625,True,True,True,176,0,0,109,178,101,2026-10-03T11:46:27.815732+07:00,984.0463337689998,0.18580026000017824,OK,,True,2026-10-03T11:46:28.001542+07:00,984.232140955,0.03300463799996578,OK,,True,825,0.10312500000000001,,2026-10-03T11:46:28.034550+07:00,984.2651495559999,0.032896749999963504,OK,,True,2096,0.262,
59fb0b3833d04c8cbdd8c1e074671b1d,986,2026-10-03T11:46:28.815657+07:00,985.0462496099999,985.0462496099999,MONITOR,985.1602178129997,1.0000009509999472,0.25169642600030784,9.054099973582197e-05,DISABLED,on,user_reported,37.07709884643555,55.01628875732422,1009.87203125,125829.4453125,True,True,True,176,0,0,109,178,101,2026-10-03T11:46:28.815734+07:00,985.0463358319998,0.18580996300033803,OK,,True,2026-10-03T11:46:29.001555+07:00,985.2321530909999,0.0329587870000978,OK,,True,841,0.105125,,2026-10-03T11:46:29.034514+07:00,985.265114582,0.03282274999992296,OK,,True,2087,0.260875,
59fb0b3833d04c8cbdd8c1e074671b1d,987,2026-10-03T11:46:29.815715+07:00,986.046299524,986.046299524,MONITOR,986.1602677269998,1.0000499140001011,0.26260715199987317,0.00014045499983694754,DISABLED,on,user_reported,37.072635650634766,55.03483200073242,1009.92640625,125829.4453125,True,True,True,176,0,0,109,178,101,2026-10-03T11:46:29.815867+07:00,986.0464673930001,0.191771554999832,OK,,True,2026-10-03T11:46:30.007660+07:00,986.2382535400002,0.035397993000060524,OK,,True,845,0.105625,,2026-10-03T11:46:30.043061+07:00,986.2736593479999,0.03522786500025177,OK,,True,2105,0.263125,
59fb0b3833d04c8cbdd8c1e074671b1d,988,2026-10-03T11:46:30.815723+07:00,987.0463079010001,987.0463079010001,MONITOR,987.1602761039999,1.0000083770000856,0.26257039299980534,0.00014883199992254958,DISABLED,on,user_reported,37.06944274902344,55.047157287597656,1009.91421875,126201.625,True,True,True,176,0,0,109,177,101,2026-10-03T11:46:30.815870+07:00,987.046470493,0.19172788800005947,OK,,True,2026-10-03T11:46:31.007617+07:00,987.238212103,0.03539764200013451,OK,,True,840,0.105,,2026-10-03T11:46:31.043019+07:00,987.2736173190001,0.03524203100005252,OK,,True,2104,0.263,
59fb0b3833d04c8cbdd8c1e074671b1d,989,2026-10-03T11:46:31.815719+07:00,988.0463036679998,988.0463036679998,MONITOR,988.1602718709996,0.9999957669997457,0.2626966330003597,0.00014459899966823286,DISABLED,on,user_reported,37.07072067260742,55.04734420776367,1009.854765625,125829.4453125,True,True,True,176,0,0,109,178,101,2026-10-03T11:46:31.815874+07:00,988.0464740739999,0.19177392500023416,OK,,True,2026-10-03T11:46:32.007669+07:00,988.2382627770003,0.03535086399961074,OK,,True,831,0.10387500000000001,,2026-10-03T11:46:32.043024+07:00,988.273621882,0.035360418999971444,OK,,True,2104,0.263,
59fb0b3833d04c8cbdd8c1e074671b1d,990,2026-10-03T11:46:32.815724+07:00,989.046309287,989.046309287,MONITOR,989.1602774899998,1.0000056190001487,0.26252302300008523,0.0001502179998169595,DISABLED,on,user_reported,37.054771423339844,55.057762145996094,1009.876875,126764.046875,True,True,True,176,0,0,109,177,101,2026-10-03T11:46:32.815872+07:00,989.0464719340002,0.19175920299994687,OK,,True,2026-10-03T11:46:33.007650+07:00,989.238245563,0.035356511999907525,OK,,True,822,0.10275000000000001,,2026-10-03T11:46:33.043012+07:00,989.2736103890002,0.03520393899998453,OK,,True,2093,0.261625,
59fb0b3833d04c8cbdd8c1e074671b1d,991,2026-10-03T11:46:33.815727+07:00,990.0463120170002,990.0463120170002,MONITOR,990.16028022,1.000002730000233,0.26253483799973765,0.00015294800004994613,DISABLED,on,user_reported,37.05413055419922,55.05767059326172,1009.89625,125367.2890625,True,True,True,176,0,0,109,178,101,2026-10-03T11:46:33.815875+07:00,990.0464750720002,0.19176564700001109,OK,,True,2026-10-03T11:46:34.007662+07:00,990.2382572930001,0.035350715999811655,OK,,True,840,0.105,,2026-10-03T11:46:34.043018+07:00,990.273616731,0.03521197600002779,OK,,True,2103,0.262875,
59fb0b3833d04c8cbdd8c1e074671b1d,992,2026-10-03T11:46:34.815661+07:00,991.046253433,991.046253433,MONITOR,991.1602216359997,0.9999414159997286,0.2517206110001098,9.436399977857945e-05,DISABLED,on,user_reported,37.05158233642578,55.09571075439453,1009.90578125,125829.4453125,True,True,True,176,0,0,109,178,101,2026-10-03T11:46:34.815739+07:00,991.046340544,0.1857987039998079,OK,,True,2026-10-03T11:46:35.001549+07:00,991.2321467299998,0.032968972000162466,OK,,True,829,0.10362500000000001,,2026-10-03T11:46:35.034518+07:00,991.2651189050002,0.032847731999936514,OK,,True,2097,0.262125,
59fb0b3833d04c8cbdd8c1e074671b1d,993,2026-10-03T11:46:35.815651+07:00,992.0462443310003,992.0462443310003,MONITOR,992.160212534,0.9999908980003056,0.251698851999663,8.526200008418527e-05,DISABLED,on,user_reported,37.054771423339844,55.10900115966797,1009.863203125,125922.28125,True,True,True,176,0,0,109,178,101,2026-10-03T11:46:35.815725+07:00,992.0463268859999,0.18580788999997822,OK,,True,2026-10-03T11:46:36.001544+07:00,992.232142368,0.03296619399998235,OK,,True,826,0.10325000000000001,,2026-10-03T11:46:36.034511+07:00,992.2651114700002,0.032824323999648186,OK,,True,2093,0.261625,
59fb0b3833d04c8cbdd8c1e074671b1d,994,2026-10-03T11:46:36.815652+07:00,993.046245432,993.046245432,MONITOR,993.1602136349998,1.0000011009997252,0.251711129999876,8.636299980935291e-05,DISABLED,on,user_reported,37.05413055419922,55.12171936035156,1009.882578125,125736.7421875,True,True,True,176,0,0,109,178,101,2026-10-03T11:46:36.815722+07:00,993.046323821,0.18581177800024307,OK,,True,2026-10-03T11:46:37.001544+07:00,993.2321427289999,0.032983157000217034,OK,,True,829,0.10362500000000001,,2026-10-03T11:46:37.034528+07:00,993.2651288120001,0.032820547000028455,OK,,True,2086,0.26075,
59fb0b3833d04c8cbdd8c1e074671b1d,995,2026-10-03T11:46:37.815654+07:00,994.0462468670003,994.0462468670003,MONITOR,994.16021507,1.0000014350002857,0.25168500099971425,8.779800009506289e-05,DISABLED,on,user_reported,37.059234619140625,55.12889099121094,1009.8978125,126108.375,True,True,True,176,0,0,109,177,101,2026-10-03T11:46:37.815731+07:00,994.0463325149999,0.1858110010002747,OK,,True,2026-10-03T11:46:38.001553+07:00,994.2321509230001,0.03295508300016081,OK,,True,835,0.104375,,2026-10-03T11:46:38.034508+07:00,994.2651090429999,0.03281578800033458,OK,,True,2088,0.261,
59fb0b3833d04c8cbdd8c1e074671b1d,996,2026-10-03T11:46:38.815652+07:00,995.0462445799999,995.0462445799999,MONITOR,995.1602127829997,0.9999977129996296,0.25169287100015936,8.551099972464726e-05,DISABLED,on,user_reported,37.065616607666016,55.12984848022461,1009.90125,125644.171875,True,True,True,176,0,0,109,178,101,2026-10-03T11:46:38.815728+07:00,995.046329321,0.18580698200003098,OK,,True,2026-10-03T11:46:39.001546+07:00,995.232143618,0.032965324000088,OK,,True,842,0.10525,,2026-10-03T11:46:39.034511+07:00,995.2651120340001,0.03281786199977432,OK,,True,2090,0.26125,
59fb0b3833d04c8cbdd8c1e074671b1d,997,2026-10-03T11:46:39.815653+07:00,996.0462451090002,996.0462451090002,MONITOR,996.160213312,1.0000005290003173,0.25174333299992213,8.604000004197587e-05,DISABLED,on,user_reported,37.05413055419922,55.12812423706055,1009.903046875,125551.7421875,True,True,True,176,0,0,109,178,101,2026-10-03T11:46:39.815732+07:00,996.0463337380002,0.18581540800005314,OK,,True,2026-10-03T11:46:40.001558+07:00,996.232156517,0.0329790639998464,OK,,True,824,0.10300000000000001,,2026-10-03T11:46:40.034539+07:00,996.2651391550003,0.03284200999996756,OK,,True,2095,0.261875,
59fb0b3833d04c8cbdd8c1e074671b1d,998,2026-10-03T11:46:40.815649+07:00,997.0462423409999,997.0462423409999,MONITOR,997.1602105439997,0.9999972319997141,0.25174203699998543,8.327199975610711e-05,DISABLED,on,user_reported,37.04456329345703,55.133094787597656,1009.894375,126015.2578125,True,True,True,176,0,0,109,177,101,2026-10-03T11:46:40.815724+07:00,997.046326229,0.18580685300003097,OK,,True,2026-10-03T11:46:41.001543+07:00,997.232140693,0.03298704600001656,OK,,True,884,0.1105,,2026-10-03T11:46:41.034531+07:00,997.2651311089999,0.032845769000232394,OK,,True,2087,0.260875,
59fb0b3833d04c8cbdd8c1e074671b1d,999,2026-10-03T11:46:41.815647+07:00,998.0462403699999,998.0462403699999,MONITOR,998.1602085729996,0.9999980289999257,0.2517618520000724,8.130099968184368e-05,DISABLED,on,user_reported,37.04520034790039,55.15880584716797,1009.895390625,125551.7421875,True,True,True,176,0,0,109,178,101,2026-10-03T11:46:41.815719+07:00,998.0463207020002,0.1858029089999036,OK,,True,2026-10-03T11:46:42.001533+07:00,998.2321311300002,0.032987248999688745,OK,,True,836,0.1045,,2026-10-03T11:46:42.034521+07:00,998.265121509,0.032872917000076995,OK,,True,2088,0.261,
59fb0b3833d04c8cbdd8c1e074671b1d,1000,2026-10-03T11:46:42.815650+07:00,999.0462435469999,999.0462435469999,MONITOR,999.1602117499997,1.0000031770000533,0.25173601899996356,8.447799973509973e-05,DISABLED,on,user_reported,37.04520034790039,55.17162322998047,1009.874765625,126015.2578125,True,True,True,176,0,0,109,178,101,2026-10-03T11:46:42.815725+07:00,999.0463263239999,0.18580329800033724,OK,,True,2026-10-03T11:46:43.001539+07:00,999.232137344,0.032982193999941956,OK,,True,823,0.10287500000000001,,2026-10-03T11:46:43.034522+07:00,999.2651227040001,0.032849436000105925,OK,,True,2084,0.2605,
59fb0b3833d04c8cbdd8c1e074671b1d,1001,2026-10-03T11:46:43.815649+07:00,1000.0462427430002,1000.0462427430002,MONITOR,1000.160210946,0.9999991960003172,0.25176349999992453,8.367400005226955e-05,DISABLED,on,user_reported,37.04902648925781,55.165802001953125,1009.86734375,125829.4453125,True,True,True,176,0,0,109,178,101,2026-10-03T11:46:43.815724+07:00,1000.0463259829999,0.18581389000019044,OK,,True,2026-10-03T11:46:44.001549+07:00,1000.232147484,0.03298787899984745,OK,,True,832,0.10400000000000001,,2026-10-03T11:46:44.034539+07:00,1000.2651395299999,0.03285930600031861,OK,,True,2082,0.26025,
59fb0b3833d04c8cbdd8c1e074671b1d,1002,2026-10-03T11:46:44.815654+07:00,1001.0462464020002,1001.0462464020002,MONITOR,1001.160214605,1.0000036589999581,0.25182418499980486,8.733300001040334e-05,DISABLED,on,user_reported,37.03818130493164,55.17057800292969,1009.86359375,125644.171875,True,True,True,176,0,0,109,178,101,2026-10-03T11:46:44.815738+07:00,1001.0463396969999,0.18582189100015967,OK,,True,2026-10-03T11:46:45.001572+07:00,1001.2321697910002,0.033027935000063735,OK,,True,831,0.10387500000000001,,2026-10-03T11:46:45.034601+07:00,1001.265200967,0.032861898000192014,OK,,True,2090,0.26125,
59fb0b3833d04c8cbdd8c1e074671b1d,1003,2026-10-03T11:46:45.815648+07:00,1002.046241858,1002.046241858,MONITOR,1002.1602100609998,0.9999954559998514,0.25186961100007466,8.278899986180477e-05,DISABLED,on,user_reported,37.04647445678711,55.17823028564453,1009.938671875,125736.7421875,True,True,True,176,0,0,109,178,101,2026-10-03T11:46:45.815724+07:00,1002.046325672,0.18580270500024199,OK,,True,2026-10-03T11:46:46.001538+07:00,1002.2321363770002,0.03299237900000662,OK,,True,835,0.104375,,2026-10-03T11:46:46.034531+07:00,1002.2651322010001,0.032971008000004076,OK,,True,2085,0.260625,
59fb0b3833d04c8cbdd8c1e074671b1d,1004,2026-10-03T11:46:46.815652+07:00,1003.0462445910002,1003.0462445910002,MONITOR,1003.160212794,1.0000027330002013,0.25173003800000515,8.55220000630652e-05,DISABLED,on,user_reported,37.043922424316406,55.1906623840332,1009.941328125,125829.4453125,True,True,True,176,0,0,109,177,101,2026-10-03T11:46:46.815726+07:00,1003.046327517,0.18579618700005085,OK,,True,2026-10-03T11:46:47.001532+07:00,1003.2321305370001,0.03298667499984731,OK,,True,838,0.10475,,2026-10-03T11:46:47.034520+07:00,1003.2651207120002,0.032846916999915265,OK,,True,2088,0.261,
59fb0b3833d04c8cbdd8c1e074671b1d,1005,2026-10-03T11:46:47.815650+07:00,1004.046243325,1004.046243325,MONITOR,1004.1602115279998,0.999998733999746,0.251742798000123,8.425599980910192e-05,DISABLED,on,user_reported,37.03499221801758,55.20212936401367,1009.906328125,125183.375,True,True,True,176,0,0,109,177,101,2026-10-03T11:46:47.815726+07:00,1004.0463280100003,0.1858032979998825,OK,,True,2026-10-03T11:46:48.001541+07:00,1004.23213953,0.032978342000205885,OK,,True,832,0.10400000000000001,,2026-10-03T11:46:48.034520+07:00,1004.265120946,0.032857603000138624,OK,,True,2089,0.261125,
59fb0b3833d04c8cbdd8c1e074671b1d,1006,2026-10-03T11:46:48.815650+07:00,1005.0462429120003,1005.0462429120003,MONITOR,1005.160211115,0.9999995870002749,0.25174011199987945,8.384300008401624e-05,DISABLED,on,user_reported,37.03499221801758,55.214942932128906,1009.87890625,125091.6171875,True,True,True,176,0,0,109,177,101,2026-10-03T11:46:48.815725+07:00,1005.0463264300001,0.1857995939999455,OK,,True,2026-10-03T11:46:49.001534+07:00,1005.232132783,0.03299434200016549,OK,,True,829,0.10362500000000001,,2026-10-03T11:46:49.034530+07:00,1005.2651303480002,0.03284515699988333,OK,,True,2095,0.261875,
59fb0b3833d04c8cbdd8c1e074671b1d,1007,2026-10-03T11:46:49.815657+07:00,1006.0462491650001,1006.0462491650001,MONITOR,1006.1602173679998,1.0000062529998104,0.2521080729998175,9.009599989440176e-05,DISABLED,on,user_reported,37.033077239990234,55.21466827392578,1009.889453125,125091.6171875,True,True,True,176,0,0,109,178,101,2026-10-03T11:46:49.815742+07:00,1006.0463436089999,0.1859225010002774,OK,,True,2026-10-03T11:46:50.001677+07:00,1006.232274517,0.033154915000068286,OK,,True,826,0.10325000000000001,,2026-10-03T11:46:50.034836+07:00,1006.2654347840003,0.03291463899995506,OK,,True,2093,0.261625,
59fb0b3833d04c8cbdd8c1e074671b1d,1008,2026-10-03T11:46:50.815649+07:00,1007.0462418440002,1007.0462418440002,MONITOR,1007.160210047,0.9999926790001155,0.25187585200001195,8.277500000986038e-05,DISABLED,on,user_reported,37.04009246826172,55.228538513183594,1009.85984375,125183.375,True,True,True,176,0,0,109,178,101,2026-10-03T11:46:50.815723+07:00,1007.0463250100001,0.18579676099989229,OK,,True,2026-10-03T11:46:51.001531+07:00,1007.2321295860002,0.033123063999937585,OK,,True,828,0.10350000000000001,,2026-10-03T11:46:51.034656+07:00,1007.2652562610001,0.03285373200014874,OK,,True,2091,0.261375,
59fb0b3833d04c8cbdd8c1e074671b1d,1009,2026-10-03T11:46:51.815648+07:00,1008.046241987,1008.046241987,MONITOR,1008.1602101899998,1.000000142999852,0.25169252000023334,8.291799986182014e-05,DISABLED,on,user_reported,37.033714294433594,55.23398971557617,1009.85625,125183.375,True,True,True,176,0,0,109,178,101,2026-10-03T11:46:51.815723+07:00,1008.046324727,0.18580150200023127,OK,,True,2026-10-03T11:46:52.001535+07:00,1008.2321333770001,0.032971953000014764,OK,,True,830,0.10375000000000001,,2026-10-03T11:46:52.034508+07:00,1008.2651084409999,0.03281815900027141,OK,,True,2091,0.261375,
59fb0b3833d04c8cbdd8c1e074671b1d,1010,2026-10-03T11:46:52.815648+07:00,1009.046241259,1009.046241259,MONITOR,1009.1602094619998,0.9999992719999682,0.25168320600005245,8.218999983000685e-05,DISABLED,on,user_reported,37.02924728393555,55.23331832885742,1009.82859375,125091.6171875,True,True,True,176,0,0,109,178,101,2026-10-03T11:46:52.815723+07:00,1009.046324425,0.18579550200001904,OK,,True,2026-10-03T11:46:53.001529+07:00,1009.23212702,0.03297234199999366,OK,,True,834,0.10425,,2026-10-03T11:46:53.034502+07:00,1009.265102714,0.03281523199984804,OK,,True,2100,0.2625,
59fb0b3833d04c8cbdd8c1e074671b1d,1011,2026-10-03T11:46:53.815647+07:00,1010.0462404579998,1010.0462404579998,MONITOR,1010.1602086609996,0.9999991989998307,0.2517306310001004,8.138899966070312e-05,DISABLED,on,user_reported,37.0362663269043,55.253604888916016,1009.901484375,125736.7421875,True,True,True,176,0,0,109,177,101,2026-10-03T11:46:53.815721+07:00,1010.0463229759998,0.1858024650000516,OK,,True,2026-10-03T11:46:54.001535+07:00,1010.2321334779999,0.03298804599990035,OK,,True,838,0.10475,,2026-10-03T11:46:54.034524+07:00,1010.2651245239999,0.03283901000031619,OK,,True,2092,0.2615,
59fb0b3833d04c8cbdd8c1e074671b1d,1012,2026-10-03T11:46:54.815733+07:00,1011.0463183410002,1011.0463183410002,MONITOR,1011.160286544,1.0000778830003583,0.25183592699977453,0.0001592720000189729,DISABLED,on,user_reported,37.04583740234375,55.261451721191406,1009.92390625,125000.0,True,True,True,176,0,0,109,178,101,2026-10-03T11:46:54.815864+07:00,1011.0464648779998,0.1858555570001954,OK,,True,2026-10-03T11:46:55.001731+07:00,1011.2323285460002,0.0329695460000039,OK,,True,839,0.104875,,2026-10-03T11:46:55.034701+07:00,1011.265301425,0.032845214000190026,OK,,True,2098,0.26225,
59fb0b3833d04c8cbdd8c1e074671b1d,1013,2026-10-03T11:46:55.815648+07:00,1012.04624143,1012.04624143,MONITOR,1012.1602096329998,0.9999230889998216,0.2516835390001688,8.236099984060274e-05,DISABLED,on,user_reported,37.057960510253906,55.263267517089844,1009.936796875,125275.265625,True,True,True,176,0,0,109,178,101,2026-10-03T11:46:55.815724+07:00,1012.0463256520002,0.1858082789999571,OK,,True,2026-10-03T11:46:56.001543+07:00,1012.2321413939999,0.03296036100027777,OK,,True,833,0.104125,,2026-10-03T11:46:56.034504+07:00,1012.265105163,0.03281247299992174,OK,,True,2090,0.26125,
59fb0b3833d04c8cbdd8c1e074671b1d,1014,2026-10-03T11:46:56.815647+07:00,1013.0462402590001,1013.0462402590001,MONITOR,1013.1602084619999,0.9999988290001056,0.2516832799997246,8.118999994621845e-05,DISABLED,on,user_reported,37.040733337402344,55.254268646240234,1009.915546875,125459.4453125,True,True,True,176,0,0,109,178,101,2026-10-03T11:46:56.815718+07:00,1013.0463194439999,0.1857972430002519,OK,,True,2026-10-03T11:46:57.001526+07:00,1013.2321241680002,0.032971991000067646,OK,,True,820,0.10250000000000001,,2026-10-03T11:46:57.034498+07:00,1013.2650991400001,0.032817195000006905,OK,,True,2086,0.26075,
59fb0b3833d04c8cbdd8c1e074671b1d,1015,2026-10-03T11:46:57.815647+07:00,1014.0462403850001,1014.0462403850001,MONITOR,1014.1602085879999,1.0000001260000317,0.25169481700004326,8.131599997796002e-05,DISABLED,on,user_reported,37.02733612060547,55.245849609375,1009.859609375,125644.171875,True,True,True,176,0,0,109,178,101,2026-10-03T11:46:57.815723+07:00,1014.0463251810002,0.18580239099992468,OK,,True,2026-10-03T11:46:58.001537+07:00,1014.2321353490001,0.032956453999759105,OK,,True,835,0.104375,,2026-10-03T11:46:58.034494+07:00,1014.2650947470001,0.032833898999797384,OK,,True,2093,0.261625,
59fb0b3833d04c8cbdd8c1e074671b1d,1016,2026-10-03T11:46:58.815648+07:00,1015.0462410290002,1015.0462410290002,MONITOR,1015.1602092319999,1.0000006440000107,0.2516984099997899,8.195999998861225e-05,DISABLED,on,user_reported,37.02350616455078,55.251686096191406,1009.86015625,125000.0,True,True,True,176,0,0,109,178,101,2026-10-03T11:46:58.815722+07:00,1015.0463242690003,0.18580302099962864,OK,,True,2026-10-03T11:46:59.001537+07:00,1015.2321346600002,0.03296878699984518,OK,,True,838,0.10475,,2026-10-03T11:46:59.034506+07:00,1015.2651064840002,0.032825806999881024,OK,,True,2093,0.261625,
59fb0b3833d04c8cbdd8c1e074671b1d,1017,2026-10-03T11:46:59.815696+07:00,1016.0462801920003,1016.0462801920003,MONITOR,1016.160248395,1.0000391630001104,0.2563623429996369,0.00012112300009903265,DISABLED,on,user_reported,37.03818130493164,55.2667121887207,1009.8978125,125367.2890625,True,True,True,176,0,0,109,177,101,2026-10-03T11:46:59.815849+07:00,1016.046449469,0.1887660570000662,OK,,True,2026-10-03T11:47:00.004631+07:00,1016.2352276370002,0.033311765999769705,OK,,True,820,0.10250000000000001,,2026-10-03T11:47:00.037949+07:00,1016.2685464770002,0.034086501999809116,OK,,True,2086,0.26075,
59fb0b3833d04c8cbdd8c1e074671b1d,1018,2026-10-03T11:47:00.815657+07:00,1017.0462504669999,1017.0462504669999,MONITOR,1017.1602186699997,0.9999702749996686,0.25159265100000994,9.139799976765062e-05,DISABLED,on,user_reported,37.03499221801758,55.27263259887695,1009.87890625,125091.6171875,True,True,True,176,0,0,109,178,101,2026-10-03T11:47:00.815725+07:00,1017.0463265779999,0.1857784650001122,OK,,True,2026-10-03T11:47:01.001514+07:00,1017.232111673,0.032928639000147086,OK,,True,830,0.10375000000000001,,2026-10-03T11:47:01.034443+07:00,1017.2650436819999,0.03279221399998278,OK,,True,2092,0.2615,
59fb0b3833d04c8cbdd8c1e074671b1d,1019,2026-10-03T11:47:01.815652+07:00,1018.046245779,1018.046245779,MONITOR,1018.1602139819997,0.99999531200001,0.25162448399987625,8.670999977766769e-05,DISABLED,on,user_reported,37.024147033691406,55.2710075378418,1009.840625,125367.2890625,True,True,True,176,0,0,109,178,101,2026-10-03T11:47:01.815719+07:00,1018.0463212600002,0.18578672499961613,OK,,True,2026-10-03T11:47:02.001517+07:00,1018.2321150030002,0.032952971999748115,OK,,True,838,0.10475,,2026-10-03T11:47:02.034470+07:00,1018.2650709939999,0.03279197300025771,OK,,True,2092,0.2615,
59fb0b3833d04c8cbdd8c1e074671b1d,1020,2026-10-03T11:47:02.815654+07:00,1019.0462472580002,1019.0462472580002,MONITOR,1019.160215461,1.0000014790002751,0.25159540999993624,8.818900005280739e-05,DISABLED,on,user_reported,37.025421142578125,55.271202087402344,1009.897578125,125275.265625,True,True,True,176,0,0,109,177,101,2026-10-03T11:47:02.815721+07:00,1019.046322406,0.18578833500032488,OK,,True,2026-10-03T11:47:03.001519+07:00,1019.2321173529999,0.03291593500034651,OK,,True,828,0.10350000000000001,,2026-10-03T11:47:03.034435+07:00,1019.2650361579999,0.032798640000237356,OK,,True,2089,0.261125,
59fb0b3833d04c8cbdd8c1e074671b1d,1021,2026-10-03T11:47:03.815653+07:00,1020.0462464040002,1020.0462464040002,MONITOR,1020.160214607,0.9999991459999364,0.25162746499972855,8.733499998925254e-05,DISABLED,on,user_reported,37.025421142578125,55.27761459350586,1009.911328125,124908.515625,True,True,True,176,0,0,109,178,101,2026-10-03T11:47:03.815722+07:00,1020.0463243290001,0.18579898400003003,OK,,True,2026-10-03T11:47:04.001533+07:00,1020.232130461,0.03294080600016969,OK,,True,831,0.10387500000000001,,2026-10-03T11:47:04.034474+07:00,1020.26507447,0.03279186200006734,OK,,True,2093,0.261625,
59fb0b3833d04c8cbdd8c1e074671b1d,1022,2026-10-03T11:47:04.815655+07:00,1021.046248179,1021.046248179,MONITOR,1021.1602163819998,1.0000017749998733,0.25743398399981743,8.910999986255774e-05,DISABLED,on,user_reported,37.032440185546875,55.278663635253906,1009.908984375,125275.265625,True,True,True,176,0,0,109,178,101,2026-10-03T11:47:04.815726+07:00,1021.0463281970001,0.1858877989998291,OK,,True,2026-10-03T11:47:05.001632+07:00,1021.2322282549999,0.036437357000068005,OK,,True,845,0.105625,,2026-10-03T11:47:05.038089+07:00,1021.2686808150002,0.03497505199993611,OK,,True,2097,0.262125,
59fb0b3833d04c8cbdd8c1e074671b1d,1023,2026-10-03T11:47:05.815665+07:00,1022.0462581770003,1022.0462581770003,MONITOR,1022.16022638,1.0000099980002233,0.25176090999957523,9.910800008583465e-05,DISABLED,on,user_reported,37.0222282409668,55.27713394165039,1009.91984375,125183.375,True,True,True,176,0,0,109,178,101,2026-10-03T11:47:05.815732+07:00,1022.046333621,0.1857975399998395,OK,,True,2026-10-03T11:47:06.001540+07:00,1022.2321381239999,0.032990639000217925,OK,,True,834,0.10425,,2026-10-03T11:47:06.034531+07:00,1022.2651319289998,0.032879158000014286,OK,,True,2096,0.262,
59fb0b3833d04c8cbdd8c1e074671b1d,1024,2026-10-03T11:47:06.815654+07:00,1023.0462468800001,1023.0462468800001,MONITOR,1023.1602150829999,0.9999887029998717,0.251701760999822,8.781099995758268e-05,DISABLED,on,user_reported,37.03562927246094,55.291969299316406,1009.91421875,125183.375,True,True,True,176,0,0,109,178,101,2026-10-03T11:47:06.815722+07:00,1023.0463240090003,0.18580424299989318,OK,,True,2026-10-03T11:47:07.001536+07:00,1023.2321350299999,0.032960175999960484,OK,,True,824,0.10300000000000001,,2026-10-03T11:47:07.034497+07:00,1023.2650984279999,0.032842510000136826,OK,,True,2089,0.261125,
59fb0b3833d04c8cbdd8c1e074671b1d,1025,2026-10-03T11:47:07.815650+07:00,1024.046243064,1024.046243064,MONITOR,1024.1602112669998,0.9999961839998832,0.2517275210002481,8.399499984079739e-05,DISABLED,on,user_reported,37.022865295410156,55.277225494384766,1009.8728125,125459.4453125,True,True,True,176,0,0,109,178,101,2026-10-03T11:47:07.815717+07:00,1024.046318711,0.18580415099995662,OK,,True,2026-10-03T11:47:08.001532+07:00,1024.232129825,0.03298965700014378,OK,,True,811,0.101375,,2026-10-03T11:47:08.034521+07:00,1024.2651223890002,0.03284008399987215,OK,,True,2095,0.261875,
59fb0b3833d04c8cbdd8c1e074671b1d,1026,2026-10-03T11:47:08.815650+07:00,1025.0462433960001,1025.0462433960001,MONITOR,1025.160211599,1.000000332000127,0.2517299279998042,8.432699996774318e-05,DISABLED,on,user_reported,37.003089904785156,55.280670166015625,1009.881640625,125551.7421875,True,True,True,176,0,0,109,177,101,2026-10-03T11:47:08.815718+07:00,1025.0463203210002,0.18579979900005128,OK,,True,2026-10-03T11:47:09.001530+07:00,1025.2321284170002,0.03298743400000603,OK,,True,821,0.10262500000000001,,2026-10-03T11:47:09.034518+07:00,1025.265119092,0.032846065999819984,OK,,True,2091,0.261375,
59fb0b3833d04c8cbdd8c1e074671b1d,1027,2026-10-03T11:47:09.815651+07:00,1026.046244395,1026.046244395,MONITOR,1026.1602125979998,1.0000009989998944,0.2526670520001062,8.532599986210698e-05,DISABLED,on,user_reported,37.006919860839844,55.28123474121094,1009.846953125,125091.6171875,True,True,True,176,0,0,109,177,101,2026-10-03T11:47:09.815721+07:00,1026.0463226910001,0.18595064999999522,OK,,True,2026-10-03T11:47:10.001687+07:00,1026.232283896,0.033515765000174724,OK,,True,825,0.10312500000000001,,2026-10-03T11:47:10.035214+07:00,1026.2658095870001,0.03308450799977436,OK,,True,2084,0.2605,
59fb0b3833d04c8cbdd8c1e074671b1d,1028,2026-10-03T11:47:10.815657+07:00,1027.0462505240002,1027.0462505240002,MONITOR,1027.160218727,1.0000061290002122,0.2517342619998999,9.145500007434748e-05,DISABLED,on,user_reported,37.01521301269531,55.314544677734375,1009.83296875,124908.515625,True,True,True,176,0,0,109,177,101,2026-10-03T11:47:10.815726+07:00,1027.0463277459999,0.18580066900040038,OK,,True,2026-10-03T11:47:11.001537+07:00,1027.232135452,0.03299176800010173,OK,,True,845,0.105625,,2026-10-03T11:47:11.034530+07:00,1027.2651303500002,0.03284680599972489,OK,,True,2090,0.26125,
59fb0b3833d04c8cbdd8c1e074671b1d,1029,2026-10-03T11:47:11.815655+07:00,1028.0462491160001,1028.0462491160001,MONITOR,1028.160217319,0.9999985919998835,0.2517500949998066,9.004699995784904e-05,DISABLED,on,user_reported,36.996070861816406,55.30524444580078,1009.92515625,124543.90625,True,True,True,176,0,0,109,177,101,2026-10-03T11:47:11.815720+07:00,1028.04632232,0.18581320600014806,OK,,True,2026-10-03T11:47:12.001544+07:00,1028.2321425260002,0.032998101999965,OK,,True,829,0.10362500000000001,,2026-10-03T11:47:12.034543+07:00,1028.2651441460002,0.032847453999693244,OK,,True,2097,0.262125,
59fb0b3833d04c8cbdd8c1e074671b1d,1030,2026-10-03T11:47:12.815652+07:00,1029.0462453760001,1029.0462453760001,MONITOR,1029.160213579,0.999996259999989,0.2517017619998114,8.6306999946828e-05,DISABLED,on,user_reported,36.99032974243164,55.31721115112305,1009.915859375,124817.1640625,True,True,True,176,0,0,109,177,101,2026-10-03T11:47:12.815716+07:00,1029.0463176160001,0.18580296599975554,OK,,True,2026-10-03T11:47:13.001529+07:00,1029.232127785,0.032979898000121466,OK,,True,809,0.101125,,2026-10-03T11:47:13.034509+07:00,1029.2651105170003,0.03282917599972279,OK,,True,2092,0.2615,
59fb0b3833d04c8cbdd8c1e074671b1d,1031,2026-10-03T11:47:13.815651+07:00,1030.046245005,1030.046245005,MONITOR,1030.1602132079997,0.9999996289998307,0.2517230590001418,8.593599977757549e-05,DISABLED,on,user_reported,37.003726959228516,55.33205032348633,1009.917109375,124453.0859375,True,True,True,176,0,0,109,178,101,2026-10-03T11:47:13.815716+07:00,1030.04631819,0.18580372499991427,OK,,True,2026-10-03T11:47:14.001532+07:00,1030.232129508,0.03299243499986915,OK,,True,830,0.10375000000000001,,2026-10-03T11:47:14.034524+07:00,1030.2651250170002,0.032835490999787,OK,,True,2094,0.26175,
59fb0b3833d04c8cbdd8c1e074671b1d,1032,2026-10-03T11:47:14.815659+07:00,1031.046251358,1031.046251358,MONITOR,1031.1602195609998,1.000006353000117,0.25280912500011254,9.228899989466299e-05,DISABLED,on,user_reported,37.0050048828125,55.338653564453125,1009.884921875,124725.9453125,True,True,True,176,0,0,109,178,101,2026-10-03T11:47:14.815737+07:00,1031.046338487,0.18580755800030602,OK,,True,2026-10-03T11:47:15.001555+07:00,1031.232153675,0.032978248999825155,OK,,True,833,0.104125,,2026-10-03T11:47:15.034534+07:00,1031.2651349799999,0.03390578100015773,OK,,True,2090,0.26125,
59fb0b3833d04c8cbdd8c1e074671b1d,1033,2026-10-03T11:47:15.815727+07:00,1032.046310136,1032.046310136,MONITOR,1032.160278339,1.0000587780000387,0.26273754299973007,0.00015106699993339134,DISABLED,on,user_reported,37.003089904785156,55.3511962890625,1009.874921875,124908.515625,True,True,True,176,0,0,109,178,101,2026-10-03T11:47:15.815886+07:00,1032.046485709,0.19177166800000123,OK,,True,2026-10-03T11:47:16.007679+07:00,1032.2382727099998,0.03554093700040539,OK,,True,829,0.10362500000000001,,2026-10-03T11:47:16.043224+07:00,1032.273821665,0.03520906899984766,OK,,True,2099,0.262375,
59fb0b3833d04c8cbdd8c1e074671b1d,1034,2026-10-03T11:47:16.815731+07:00,1033.046315137,1033.046315137,MONITOR,1033.1602833399998,1.0000050009998631,0.26252739600022323,0.00015606799979650532,DISABLED,on,user_reported,37.00436782836914,55.37063217163086,1009.829140625,124908.515625,True,True,True,176,0,0,109,178,101,2026-10-03T11:47:16.815883+07:00,1033.0464826359998,0.19178248200023518,OK,,True,2026-10-03T11:47:17.007686+07:00,1033.2382796370002,0.0353915489999963,OK,,True,834,0.10425,,2026-10-03T11:47:17.043082+07:00,1033.273680075,0.03514558799997758,OK,,True,2104,0.263,
59fb0b3833d04c8cbdd8c1e074671b1d,1035,2026-10-03T11:47:17.815734+07:00,1034.0463163969998,1034.0463163969998,MONITOR,1034.1602845999996,1.0000012599998627,0.2625842110001031,0.00015732799965917366,DISABLED,on,user_reported,36.9884147644043,55.374637603759766,1009.82375,125091.6171875,True,True,True,176,0,0,109,178,101,2026-10-03T11:47:17.815896+07:00,1034.0464961369998,0.19178222300024572,OK,,True,2026-10-03T11:47:18.007700+07:00,1034.238293472,0.035374493000290386,OK,,True,842,0.10525,,2026-10-03T11:47:18.043078+07:00,1034.2736768170003,0.035205512999709754,OK,,True,2098,0.26225,
59fb0b3833d04c8cbdd8c1e074671b1d,1036,2026-10-03T11:47:18.815735+07:00,1035.046317973,1035.046317973,MONITOR,1035.1602861759998,1.0000015760001588,0.2624905440002294,0.0001589039998179942,DISABLED,on,user_reported,36.985225677490234,55.36774826049805,1009.8459375,125000.0,True,True,True,176,0,0,109,178,101,2026-10-03T11:47:18.815891+07:00,1035.04649062,0.19177944600005503,OK,,True,2026-10-03T11:47:19.007691+07:00,1035.2382843619998,0.035323161000178516,OK,,True,835,0.104375,,2026-10-03T11:47:19.043017+07:00,1035.273615652,0.035175717000129225,OK,,True,2100,0.2625,
59fb0b3833d04c8cbdd8c1e074671b1d,1037,2026-10-03T11:47:19.815732+07:00,1036.0463159380001,1036.0463159380001,MONITOR,1036.160284141,0.9999979650001478,0.2626705990001028,0.00015686899996580905,DISABLED,on,user_reported,36.97565460205078,55.3919563293457,1009.83046875,125183.375,True,True,True,176,0,0,109,178,101,2026-10-03T11:47:19.815887+07:00,1036.046486918,0.19177390899994862,OK,,True,2026-10-03T11:47:20.007683+07:00,1036.238276216,0.035433641000054195,OK,,True,832,0.10400000000000001,,2026-10-03T11:47:20.043120+07:00,1036.273718042,0.03524862499989467,OK,,True,2100,0.2625,
59fb0b3833d04c8cbdd8c1e074671b1d,1038,2026-10-03T11:47:20.815668+07:00,1037.0462603290002,1037.0462603290002,MONITOR,1037.160228532,0.9999443910000991,0.25170537399981185,0.00010126000006493996,DISABLED,on,user_reported,36.97373962402344,55.378841400146484,1009.90265625,125275.265625,True,True,True,176,0,0,109,178,101,2026-10-03T11:47:20.815746+07:00,1037.0463481800002,0.1858292629999596,OK,,True,2026-10-03T11:47:21.001588+07:00,1037.2321853869998,0.03293850900035977,OK,,True,830,0.10375000000000001,,2026-10-03T11:47:21.034526+07:00,1037.2651271,0.03283036199991329,OK,,True,2091,0.261375,
59fb0b3833d04c8cbdd8c1e074671b1d,1039,2026-10-03T11:47:21.815660+07:00,1038.0462520720002,1038.0462520720002,MONITOR,1038.160220275,0.9999917430000096,0.25168600400002106,9.300300007453188e-05,DISABLED,on,user_reported,36.989051818847656,55.413211822509766,1009.886484375,125000.0,True,True,True,176,0,0,109,178,101,2026-10-03T11:47:21.815739+07:00,1038.0463409049999,0.18581461400026456,OK,,True,2026-10-03T11:47:22.001565+07:00,1038.232162889,0.032944973000212485,OK,,True,834,0.10425,,2026-10-03T11:47:22.034510+07:00,1038.2651107689999,0.03281960300000719,OK,,True,2102,0.26275,
59fb0b3833d04c8cbdd8c1e074671b1d,1040,2026-10-03T11:47:22.815658+07:00,1039.046250556,1039.046250556,MONITOR,1039.1602187589997,0.9999984839996614,0.25168437399997856,9.148699973593466e-05,DISABLED,on,user_reported,36.982032775878906,55.399322509765625,1009.875,124817.1640625,True,True,True,176,0,0,109,178,101,2026-10-03T11:47:22.815736+07:00,1039.0463376110001,0.18580367000004117,OK,,True,2026-10-03T11:47:23.001550+07:00,1039.2321483740002,0.03295873099978053,OK,,True,853,0.106625,,2026-10-03T11:47:23.034509+07:00,1039.2651099200002,0.03281741799992233,OK,,True,2089,0.261125,
59fb0b3833d04c8cbdd8c1e074671b1d,1041,2026-10-03T11:47:23.815657+07:00,1040.046248874,1040.046248874,MONITOR,1040.1602170769997,0.9999983180000527,0.2517176700002892,8.98049997886119e-05,DISABLED,on,user_reported,36.98714065551758,55.412933349609375,1009.8696875,125275.265625,True,True,True,176,0,0,109,178,101,2026-10-03T11:47:23.815734+07:00,1040.0463357620001,0.1858114110000315,OK,,True,2026-10-03T11:47:24.001557+07:00,1040.2321548579998,0.03298437900002682,OK,,True,818,0.10225000000000001,,2026-10-03T11:47:24.034542+07:00,1040.2651428479999,0.03281578800033458,OK,,True,2091,0.261375,
59fb0b3833d04c8cbdd8c1e074671b1d,1042,2026-10-03T11:47:24.815657+07:00,1041.04624921,1041.04624921,MONITOR,1041.1602174129998,1.0000003360000846,0.25166578200014555,9.014099987325608e-05,DISABLED,on,user_reported,36.989051818847656,55.39397430419922,1009.817890625,125091.6171875,True,True,True,176,0,0,109,178,101,2026-10-03T11:47:24.815735+07:00,1041.0463365609999,0.18579948500018872,OK,,True,2026-10-03T11:47:25.001544+07:00,1041.232142454,0.03294949000019187,OK,,True,841,0.105125,,2026-10-03T11:47:25.034494+07:00,1041.2650947040001,0.032812879999710276,OK,,True,2094,0.26175,
59fb0b3833d04c8cbdd8c1e074671b1d,1043,2026-10-03T11:47:25.815658+07:00,1042.0462503429999,1042.0462503429999,MONITOR,1042.1602185459997,1.0000011329998415,0.2516886329999579,9.127399971475825e-05,DISABLED,on,user_reported,36.985225677490234,55.40623092651367,1009.859609375,125091.6171875,True,True,True,176,0,0,109,178,101,2026-10-03T11:47:25.815736+07:00,1042.0463379530001,0.18580409600008352,OK,,True,2026-10-03T11:47:26.001550+07:00,1042.2321481049999,0.03296428700014076,OK,,True,835,0.104375,,2026-10-03T11:47:26.034515+07:00,1042.2651158180001,0.03281547300002785,OK,,True,2097,0.262125,
59fb0b3833d04c8cbdd8c1e074671b1d,1044,2026-10-03T11:47:26.815657+07:00,1043.0462500869999,1043.0462500869999,MONITOR,1043.1602182899996,0.9999997439999788,0.2516699850002624,9.101799969357671e-05,DISABLED,on,user_reported,36.978206634521484,55.39875411987305,1009.86875,124817.1640625,True,True,True,176,0,0,109,178,101,2026-10-03T11:47:26.815735+07:00,1043.046336383,0.1858004850000725,OK,,True,2026-10-03T11:47:27.001545+07:00,1043.2321427010002,0.03295604599998114,OK,,True,830,0.10375000000000001,,2026-10-03T11:47:27.034501+07:00,1043.2651016549999,0.0328106030001436,OK,,True,2087,0.260875,
59fb0b3833d04c8cbdd8c1e074671b1d,1045,2026-10-03T11:47:27.815656+07:00,1044.0462489430001,1044.0462489430001,MONITOR,1044.160217146,0.9999988560002748,0.25176133600007233,8.987399996840395e-05,DISABLED,on,user_reported,36.971187591552734,55.404109954833984,1009.850625,124908.515625,True,True,True,176,0,0,109,178,101,2026-10-03T11:47:27.815736+07:00,1044.0463375160002,0.18579415199974392,OK,,True,2026-10-03T11:47:28.001540+07:00,1044.2321376119999,0.032990639000217925,OK,,True,863,0.107875,,2026-10-03T11:47:28.034533+07:00,1044.2651321030003,0.032870194999759406,OK,,True,2093,0.261625,
59fb0b3833d04c8cbdd8c1e074671b1d,1046,2026-10-03T11:47:28.815656+07:00,1045.046249169,1045.046249169,MONITOR,1045.1602173719998,1.0000002259998837,0.25167815199984034,9.009999985210015e-05,DISABLED,on,user_reported,36.964168548583984,55.41587448120117,1009.825390625,124908.515625,True,True,True,176,0,0,109,178,101,2026-10-03T11:47:28.815734+07:00,1045.0463357419999,0.18580317100031607,OK,,True,2026-10-03T11:47:29.001548+07:00,1045.232145301,0.0329585100002987,OK,,True,830,0.10375000000000001,,2026-10-03T11:47:29.034506+07:00,1045.265106718,0.03281280700002753,OK,,True,2096,0.262,
59fb0b3833d04c8cbdd8c1e074671b1d,1047,2026-10-03T11:47:29.815660+07:00,1046.0462525430003,1046.0462525430003,MONITOR,1046.160220746,1.0000033740002436,0.2516690969996489,9.347400009573903e-05,DISABLED,on,user_reported,36.955238342285156,55.40812301635742,1009.9340625,125183.375,True,True,True,176,0,0,109,178,101,2026-10-03T11:47:29.815739+07:00,1046.046341154,0.1857967999999346,OK,,True,2026-10-03T11:47:30.001545+07:00,1046.2321431210003,0.032954619999600254,OK,,True,839,0.104875,,2026-10-03T11:47:30.034500+07:00,1046.2651009820001,0.03281343599974207,OK,,True,2099,0.262375,
59fb0b3833d04c8cbdd8c1e074671b1d,1048,2026-10-03T11:47:30.815651+07:00,1047.0462431219999,1047.0462431219999,MONITOR,1047.1602113249996,0.9999905789995864,0.25169344900041324,8.40529996821715e-05,DISABLED,on,user_reported,36.964805603027344,55.42881393432617,1009.9290625,125275.265625,True,True,True,176,0,0,109,178,101,2026-10-03T11:47:30.815730+07:00,1047.0463315289999,0.18579644800001915,OK,,True,2026-10-03T11:47:31.001537+07:00,1047.2321341440002,0.03297386099984578,OK,,True,848,0.106,,2026-10-03T11:47:31.034510+07:00,1047.265110838,0.032818566000059946,OK,,True,2096,0.262,
59fb0b3833d04c8cbdd8c1e074671b1d,1049,2026-10-03T11:47:31.815650+07:00,1048.046241997,1048.046241997,MONITOR,1048.1602101999997,0.9999988750000739,0.25167980100013665,8.292799975606613e-05,DISABLED,on,user_reported,36.962894439697266,55.42852020263672,1009.885078125,125183.375,True,True,True,176,0,0,109,178,101,2026-10-03T11:47:31.815728+07:00,1048.0463302560001,0.18579607799983933,OK,,True,2026-10-03T11:47:32.001534+07:00,1048.232132353,0.03296395300003496,OK,,True,831,0.10387500000000001,,2026-10-03T11:47:32.034498+07:00,1048.2650993060001,0.03281512200010184,OK,,True,2096,0.262,
59fb0b3833d04c8cbdd8c1e074671b1d,1050,2026-10-03T11:47:32.815650+07:00,1049.0462430950001,1049.0462430950001,MONITOR,1049.160211298,1.0000010980002116,0.2516656160000821,8.402599996770732e-05,DISABLED,on,user_reported,36.96161651611328,55.42832565307617,1009.862421875,124543.90625,True,True,True,176,0,0,109,178,101,2026-10-03T11:47:32.815728+07:00,1049.0463298539999,0.1857919670001138,OK,,True,2026-10-03T11:47:33.001529+07:00,1049.2321270799998,0.03294552800025485,OK,,True,850,0.10625,,2026-10-03T11:47:33.034476+07:00,1049.265075978,0.032825085000240506,OK,,True,2092,0.2615,
59fb0b3833d04c8cbdd8c1e074671b1d,1051,2026-10-03T11:47:33.815652+07:00,1050.0462438600002,1050.0462438600002,MONITOR,1050.160212063,1.0000007650000953,0.2517194299998664,8.479100006297813e-05,DISABLED,on,user_reported,36.962257385253906,55.44766616821289,1009.8634375,125091.6171875,True,True,True,176,0,0,109,178,101,2026-10-03T11:47:33.815730+07:00,1050.0463316179998,0.18585902200038618,OK,,True,2026-10-03T11:47:34.001598+07:00,1050.2321960110003,0.03291949099957492,OK,,True,843,0.105375,,2026-10-03T11:47:34.034518+07:00,1050.2651188539999,0.032837214000210224,OK,,True,2091,0.261375,
59fb0b3833d04c8cbdd8c1e074671b1d,1052,2026-10-03T11:47:34.815652+07:00,1051.046244791,1051.046244791,MONITOR,1051.1602129939997,1.000000930999704,0.25244746299995313,8.572199976697448e-05,DISABLED,on,user_reported,36.95459747314453,55.44010543823242,1009.8509375,125183.375,True,True,True,176,0,0,109,178,101,2026-10-03T11:47:34.815731+07:00,1051.046333161,0.18580139300001974,OK,,True,2026-10-03T11:47:35.001544+07:00,1051.232141554,0.03368528200007859,OK,,True,826,0.10325000000000001,,2026-10-03T11:47:35.035231+07:00,1051.2658304289998,0.03285488000028636,OK,,True,2091,0.261375,
59fb0b3833d04c8cbdd8c1e074671b1d,1053,2026-10-03T11:47:35.815655+07:00,1052.0462474820001,1052.0462474820001,MONITOR,1052.160215685,1.0000026910001907,0.25258416499991654,8.841299995765439e-05,DISABLED,on,user_reported,36.94247817993164,55.42544174194336,1009.872265625,125183.375,True,True,True,176,0,0,109,178,101,2026-10-03T11:47:35.815735+07:00,1052.0463365370001,0.18580911499975628,OK,,True,2026-10-03T11:47:36.001555+07:00,1052.2321533,0.03381798600003094,OK,,True,838,0.10475,,2026-10-03T11:47:36.035375+07:00,1052.2659746560003,0.03284963999976753,OK,,True,2092,0.2615,
59fb0b3833d04c8cbdd8c1e074671b1d,1054,2026-10-03T11:47:36.815657+07:00,1053.046249636,1053.046249636,MONITOR,1053.1602178389999,1.000002153999958,0.25173596700005874,9.05669999156089e-05,DISABLED,on,user_reported,36.943115234375,55.451202392578125,1009.839140625,125183.375,True,True,True,176,0,0,109,178,101,2026-10-03T11:47:36.815734+07:00,1053.0463358759998,0.18580822700005228,OK,,True,2026-10-03T11:47:37.001553+07:00,1053.232151566,0.03299347199981639,OK,,True,824,0.10300000000000001,,2026-10-03T11:47:37.034549+07:00,1053.2651485750002,0.03282984299994496,OK,,True,2084,0.2605,
59fb0b3833d04c8cbdd8c1e074671b1d,1055,2026-10-03T11:47:37.815658+07:00,1054.0462499200003,1054.0462499200003,MONITOR,1054.160218123,1.0000002840001798,0.2517837629998212,9.085100009542657e-05,DISABLED,on,user_reported,36.93865203857422,55.456947326660156,1009.9140625,125183.375,True,True,True,176,0,0,109,178,101,2026-10-03T11:47:37.815735+07:00,1054.0463365680002,0.18580850399985138,OK,,True,2026-10-03T11:47:38.001554+07:00,1054.232152257,0.03295578699999169,OK,,True,824,0.10300000000000001,,2026-10-03T11:47:38.034510+07:00,1054.2651110259999,0.03291300900036731,OK,,True,2095,0.261875,
59fb0b3833d04c8cbdd8c1e074671b1d,1056,2026-10-03T11:47:38.815657+07:00,1055.0462496300001,1055.0462496300001,MONITOR,1055.160217833,0.9999997099998836,0.25244714800010115,9.056099997906131e-05,DISABLED,on,user_reported,36.945030212402344,55.464317321777344,1009.924296875,125367.2890625,True,True,True,176,0,0,109,178,101,2026-10-03T11:47:38.815734+07:00,1055.0463353710002,0.18580374399971333,OK,,True,2026-10-03T11:47:39.001548+07:00,1055.2321465230002,0.03295834299979106,OK,,True,831,0.10387500000000001,,2026-10-03T11:47:39.034507+07:00,1055.265108125,0.03358078300016132,OK,,True,2093,0.261625,
59fb0b3833d04c8cbdd8c1e074671b1d,1057,2026-10-03T11:47:39.815657+07:00,1056.0462495259999,1056.0462495259999,MONITOR,1056.1602177289997,0.9999998959997356,0.25250896300030945,9.045699971466092e-05,DISABLED,on,user_reported,36.94694137573242,55.45819091796875,1009.927578125,125000.0,True,True,True,176,0,0,109,178,101,2026-10-03T11:47:39.815734+07:00,1056.0463361920001,0.18581667099988408,OK,,True,2026-10-03T11:47:40.001562+07:00,1056.232160474,0.03294749099995897,OK,,True,823,0.10287500000000001,,2026-10-03T11:47:40.034510+07:00,1056.265111058,0.03363894899985098,OK,,True,2091,0.261375,
59fb0b3833d04c8cbdd8c1e074671b1d,1058,2026-10-03T11:47:40.815656+07:00,1057.0462484590003,1057.0462484590003,MONITOR,1057.160216662,0.99999893300037,0.25171854199970767,8.939000008467701e-05,DISABLED,on,user_reported,36.952049255371094,55.45254898071289,1009.908515625,125091.6171875,True,True,True,176,0,0,109,178,101,2026-10-03T11:47:40.815737+07:00,1057.0463392360002,0.18582042999969417,OK,,True,2026-10-03T11:47:41.001570+07:00,1057.2321672399999,0.03293852800015884,OK,,True,836,0.1045,,2026-10-03T11:47:41.034508+07:00,1057.2651088420002,0.03284956599964062,OK,,True,2095,0.261875,
59fb0b3833d04c8cbdd8c1e074671b1d,1059,2026-10-03T11:47:41.815657+07:00,1058.046250244,1058.046250244,MONITOR,1058.1602184469998,1.0000017849997676,0.25246585200011396,9.117499985222821e-05,DISABLED,on,user_reported,36.948219299316406,55.46479797363281,1009.8475,125000.0,True,True,True,176,0,0,109,178,101,2026-10-03T11:47:41.815732+07:00,1058.0463342060002,0.18581309699993653,OK,,True,2026-10-03T11:47:42.001557+07:00,1058.232155488,0.032951453999885416,OK,,True,831,0.10387500000000001,,2026-10-03T11:47:42.034508+07:00,1058.265109905,0.033598857000015414,OK,,True,2089,0.261125,
59fb0b3833d04c8cbdd8c1e074671b1d,1060,2026-10-03T11:47:42.815658+07:00,1059.046250714,1059.046250714,MONITOR,1059.1602189169998,1.0000004700000318,0.25182459699999526,9.164499988401076e-05,DISABLED,on,user_reported,36.94949722290039,55.47140121459961,1009.835859375,125367.2890625,True,True,True,176,0,0,109,178,101,2026-10-03T11:47:42.815736+07:00,1059.046337269,0.1857972829998289,OK,,True,2026-10-03T11:47:43.001543+07:00,1059.2321416260002,0.03310073000011471,OK,,True,833,0.104125,,2026-10-03T11:47:43.034645+07:00,1059.265245338,0.032822343000134424,OK,,True,2089,0.261125,
59fb0b3833d04c8cbdd8c1e074671b1d,1061,2026-10-03T11:47:43.815657+07:00,1060.0462494070002,1060.0462494070002,MONITOR,1060.16021761,0.9999986930001796,0.2516931529999056,9.03380000636389e-05,DISABLED,on,user_reported,36.930355072021484,55.449275970458984,1009.838984375,125367.2890625,True,True,True,176,0,0,109,178,101,2026-10-03T11:47:43.815735+07:00,1060.0463372220001,0.18580742999984068,OK,,True,2026-10-03T11:47:44.001554+07:00,1060.2321525040002,0.032957434999843827,OK,,True,826,0.10325000000000001,,2026-10-03T11:47:44.034513+07:00,1060.265113291,0.03282195500014495,OK,,True,2092,0.2615,
59fb0b3833d04c8cbdd8c1e074671b1d,1062,2026-10-03T11:47:44.815656+07:00,1061.0462484519999,1061.0462484519999,MONITOR,1061.1602166549997,0.9999990449996403,0.25166035800020836,8.938299970395747e-05,DISABLED,on,user_reported,36.91376495361328,55.44677734375,1009.798203125,124817.1640625,True,True,True,176,0,0,109,178,101,2026-10-03T11:47:44.815734+07:00,1061.0463353220002,0.18579307899972264,OK,,True,2026-10-03T11:47:45.001536+07:00,1061.232135141,0.03295578799998111,OK,,True,839,0.104875,,2026-10-03T11:47:45.034493+07:00,1061.2650938729998,0.03280769600041822,OK,,True,2100,0.2625,
59fb0b3833d04c8cbdd8c1e074671b1d,1063,2026-10-03T11:47:45.815776+07:00,1062.0463593119998,1062.0463593119998,MONITOR,1062.1603275149996,1.0001108599999498,0.252229816000181,0.00020024299965371029,DISABLED,on,user_reported,36.91376495361328,55.4596061706543,1009.87359375,125183.375,True,True,True,176,0,0,109,178,101,2026-10-03T11:47:45.815902+07:00,1062.0465031439999,0.18627977999994982,OK,,True,2026-10-03T11:47:46.002194+07:00,1062.232791627,0.032964490999802365,OK,,True,822,0.10275000000000001,,2026-10-03T11:47:46.035158+07:00,1062.2657591000002,0.032822046999626764,OK,,True,2091,0.261375,
59fb0b3833d04c8cbdd8c1e074671b1d,1064,2026-10-03T11:47:46.815656+07:00,1063.046248655,1063.046248655,MONITOR,1063.1602168579998,0.9998893430001772,0.25168924499985224,8.958599983088789e-05,DISABLED,on,user_reported,36.922698974609375,55.467376708984375,1009.86078125,125000.0,True,True,True,176,0,0,109,178,101,2026-10-03T11:47:46.815735+07:00,1063.0463364500001,0.1858054119998087,OK,,True,2026-10-03T11:47:47.001551+07:00,1063.2321493069999,0.03295758300009766,OK,,True,825,0.10312500000000001,,2026-10-03T11:47:47.034509+07:00,1063.2651102600003,0.0328197519997957,OK,,True,2083,0.260375,
59fb0b3833d04c8cbdd8c1e074671b1d,1065,2026-10-03T11:47:47.815656+07:00,1064.0462488480002,1064.0462488480002,MONITOR,1064.160217051,1.0000001930002327,0.25172089399984543,8.977900006357231e-05,DISABLED,on,user_reported,36.930992126464844,55.50070571899414,1009.9015625,124271.84375,True,True,True,176,0,0,109,178,101,2026-10-03T11:47:47.815733+07:00,1064.0463346810002,0.18580857899996772,OK,,True,2026-10-03T11:47:48.001552+07:00,1064.232150278,0.0329616580002039,OK,,True,830,0.10375000000000001,,2026-10-03T11:47:48.034514+07:00,1064.265115195,0.03284647300006327,OK,,True,2093,0.261625,
59fb0b3833d04c8cbdd8c1e074671b1d,1066,2026-10-03T11:47:48.815658+07:00,1065.0462503019999,1065.0462503019999,MONITOR,1065.1602185049996,1.00000145399963,0.2516831530001582,9.123299969360232e-05,DISABLED,on,user_reported,36.928443908691406,55.50032043457031,1009.88375,124908.515625,True,True,True,176,0,0,109,178,101,2026-10-03T11:47:48.815737+07:00,1065.0463385419998,0.18581263400028547,OK,,True,2026-10-03T11:47:49.001561+07:00,1065.2321592500002,0.032948638999641844,OK,,True,832,0.10400000000000001,,2026-10-03T11:47:49.034511+07:00,1065.2651114260002,0.032814547999805654,OK,,True,2083,0.260375,
59fb0b3833d04c8cbdd8c1e074671b1d,1067,2026-10-03T11:47:49.815664+07:00,1066.0462564220002,1066.0462564220002,MONITOR,1066.160224625,1.0000061200003074,0.25166594999973313,9.735300000102143e-05,DISABLED,on,user_reported,36.92588806152344,55.49992752075195,1009.8590625,125275.265625,True,True,True,176,0,0,109,178,101,2026-10-03T11:47:49.815742+07:00,1066.0463437550002,0.18581991199971526,OK,,True,2026-10-03T11:47:50.001574+07:00,1066.232171444,0.03293365800027459,OK,,True,831,0.10387500000000001,,2026-10-03T11:47:50.034507+07:00,1066.2651080649998,0.03280625100023826,OK,,True,2089,0.261125,
59fb0b3833d04c8cbdd8c1e074671b1d,1068,2026-10-03T11:47:50.815736+07:00,1067.04632295,1067.04632295,MONITOR,1067.160291153,1.000066527999934,0.2518927999999505,0.00016388099993491778,DISABLED,on,user_reported,36.930355072021484,55.49418640136719,1009.838984375,125183.375,True,True,True,176,0,0,109,178,101,2026-10-03T11:47:50.815843+07:00,1067.04644456,0.1859252069998547,OK,,True,2026-10-03T11:47:51.001782+07:00,1067.23237973,0.03299363899986929,OK,,True,830,0.10375000000000001,,2026-10-03T11:47:51.034777+07:00,1067.2653769429999,0.03283082600000853,OK,,True,2093,0.261625,
59fb0b3833d04c8cbdd8c1e074671b1d,1069,2026-10-03T11:47:51.815660+07:00,1068.0462527190002,1068.0462527190002,MONITOR,1068.160220922,0.9999297690001185,0.25168048699970313,9.365000005345792e-05,DISABLED,on,user_reported,36.91249084472656,55.47866439819336,1009.8440625,124634.859375,True,True,True,176,0,0,109,178,101,2026-10-03T11:47:51.815739+07:00,1068.046340885,0.18582885600017107,OK,,True,2026-10-03T11:47:52.001580+07:00,1068.2321776120002,0.032931249999819556,OK,,True,835,0.104375,,2026-10-03T11:47:52.034511+07:00,1068.2651118439999,0.032813325000006444,OK,,True,2092,0.2615,
59fb0b3833d04c8cbdd8c1e074671b1d,1070,2026-10-03T11:47:52.815661+07:00,1069.0462528030002,1069.0462528030002,MONITOR,1069.160221006,1.0000000840000212,0.25168085699988296,9.373400007461896e-05,DISABLED,on,user_reported,36.8978157043457,55.482872009277344,1009.840859375,125551.7421875,True,True,True,176,0,0,109,178,101,2026-10-03T11:47:52.815739+07:00,1069.0463408760002,0.1858094119997986,OK,,True,2026-10-03T11:47:53.001559+07:00,1069.2321570479999,0.03295138000021325,OK,,True,820,0.10250000000000001,,2026-10-03T11:47:53.034510+07:00,1069.265111279,0.03281490000017584,OK,,True,2086,0.26075,
59fb0b3833d04c8cbdd8c1e074671b1d,1071,2026-10-03T11:47:53.815660+07:00,1070.046251887,1070.046251887,MONITOR,1070.1602200899997,0.9999990839996826,0.25170615400020324,9.281799975724425e-05,DISABLED,on,user_reported,36.890159606933594,55.488128662109375,1009.848984375,124908.515625,True,True,True,176,0,0,109,178,101,2026-10-03T11:47:53.815738+07:00,1070.046339849,0.18583419000015056,OK,,True,2026-10-03T11:47:54.001584+07:00,1070.2321816500003,0.03295687999980146,OK,,True,818,0.10225000000000001,,2026-10-03T11:47:54.034541+07:00,1070.265141493,0.03280901100015399,OK,,True,2088,0.261,
59fb0b3833d04c8cbdd8c1e074671b1d,1072,2026-10-03T11:47:54.815657+07:00,1071.0462498050001,1071.0462498050001,MONITOR,1071.160218008,0.9999979180001901,0.2516429689999313,9.07359999473556e-05,DISABLED,on,user_reported,36.89845275878906,55.495792388916016,1009.91703125,125091.6171875,True,True,True,176,0,0,109,178,101,2026-10-03T11:47:54.815733+07:00,1071.046335082,0.18579530099987096,OK,,True,2026-10-03T11:47:55.001539+07:00,1071.232137476,0.032947935000265716,OK,,True,840,0.105,,2026-10-03T11:47:55.034487+07:00,1071.265088522,0.03279695499986701,OK,,True,2086,0.26075,
59fb0b3833d04c8cbdd8c1e074671b1d,1073,2026-10-03T11:47:55.815654+07:00,1072.046247278,1072.046247278,MONITOR,1072.1602154809998,0.9999974729998939,0.26536693600019134,8.820899984129937e-05,DISABLED,on,user_reported,36.91312789916992,55.523677825927734,1011.89890625,125000.0,True,True,True,176,0,0,109,178,101,2026-10-03T11:47:55.815732+07:00,1072.0463337780002,0.19351734399970155,OK,,True,2026-10-03T11:47:56.009277+07:00,1072.2398692330003,0.03752542399979575,OK,,True,867,0.108375,,2026-10-03T11:47:56.046813+07:00,1072.277406917,0.03419359400004396,OK,,True,2123,0.265375,
59fb0b3833d04c8cbdd8c1e074671b1d,1074,2026-10-03T11:47:56.815707+07:00,1073.04629153,1073.04629153,MONITOR,1073.1602597329997,1.0000442519999524,0.2625944720002735,0.0001324609997936932,DISABLED,on,user_reported,36.92014694213867,55.53757095336914,1011.88296875,125275.265625,True,True,True,176,0,0,109,178,101,2026-10-03T11:47:56.815857+07:00,1073.046457344,0.1917373179999231,OK,,True,2026-10-03T11:47:57.007614+07:00,1073.2382087360002,0.03540125299969077,OK,,True,866,0.10825,,2026-10-03T11:47:57.043019+07:00,1073.2736181740001,0.035250568999799725,OK,,True,2121,0.265125,
59fb0b3833d04c8cbdd8c1e074671b1d,1075,2026-10-03T11:47:57.815704+07:00,1074.046287578,1074.046287578,MONITOR,1074.1602557809997,0.9999960479999572,0.2626321390002886,0.00012850899975092034,DISABLED,on,user_reported,36.92014694213867,55.550411224365234,1011.855546875,124453.0859375,True,True,True,176,0,0,109,178,101,2026-10-03T11:47:57.815858+07:00,1074.046458503,0.19174407800028348,OK,,True,2026-10-03T11:47:58.007624+07:00,1074.238217988,0.0355573080000795,OK,,True,830,0.10375000000000001,,2026-10-03T11:47:58.043185+07:00,1074.2737837210002,0.03512118099979489,OK,,True,2108,0.2635,
59fb0b3833d04c8cbdd8c1e074671b1d,1076,2026-10-03T11:47:58.815705+07:00,1075.046288441,1075.046288441,MONITOR,1075.1602566439997,1.0000008629999684,0.26278202699995745,0.00012937199971929658,DISABLED,on,user_reported,36.93609619140625,55.552818298339844,1011.90890625,125091.6171875,True,True,True,176,0,0,109,178,101,2026-10-03T11:47:58.815862+07:00,1075.046462144,0.1917563369997879,OK,,True,2026-10-03T11:47:59.007638+07:00,1075.2382327220002,0.03564039899993077,OK,,True,853,0.106625,,2026-10-03T11:47:59.043285+07:00,1075.2738818430003,0.035171698999874934,OK,,True,2115,0.264375,
59fb0b3833d04c8cbdd8c1e074671b1d,1077,2026-10-03T11:47:59.815729+07:00,1076.04631199,1076.04631199,MONITOR,1076.1602801929998,1.0000235490001614,0.26238991799982614,0.0001529209998807346,DISABLED,on,user_reported,36.955875396728516,55.54296112060547,1011.865625,124634.859375,True,True,True,176,0,0,109,178,101,2026-10-03T11:47:59.815918+07:00,1076.046518007,0.19173220799984847,OK,,True,2026-10-03T11:48:00.007670+07:00,1076.2382648440002,0.03531871699988187,OK,,True,832,0.10400000000000001,,2026-10-03T11:48:00.042992+07:00,1076.2735913750003,0.035093421999590646,OK,,True,2106,0.26325,
59fb0b3833d04c8cbdd8c1e074671b1d,1078,2026-10-03T11:48:00.815731+07:00,1077.0463149460002,1077.0463149460002,MONITOR,1077.160283149,1.0000029560001167,0.25334784699998636,0.00015587699999741744,DISABLED,on,user_reported,36.978843688964844,55.54643249511719,1011.889609375,124634.859375,True,True,True,176,0,0,109,178,101,2026-10-03T11:48:00.815882+07:00,1077.0464827229998,0.1870854040002996,OK,,True,2026-10-03T11:48:01.002982+07:00,1077.233578886,0.03311165700006313,OK,,True,839,0.104875,,2026-10-03T11:48:01.036100+07:00,1077.2666974500003,0.032947435999631125,OK,,True,2084,0.2605,
59fb0b3833d04c8cbdd8c1e074671b1d,1079,2026-10-03T11:48:01.815662+07:00,1078.046254681,1078.046254681,MONITOR,1078.1602228839997,0.9999397349997707,0.25167083900032594,9.56119997681526e-05,DISABLED,on,user_reported,36.99479675292969,55.529579162597656,1011.85375,124817.1640625,True,True,True,176,0,0,109,177,101,2026-10-03T11:48:01.815739+07:00,1078.0463409019999,0.18580408000025272,OK,,True,2026-10-03T11:48:02.001555+07:00,1078.2321529820001,0.032959731000119064,OK,,True,831,0.10387500000000001,,2026-10-03T11:48:02.034515+07:00,1078.265116084,0.032801898999878176,OK,,True,2100,0.2625,
59fb0b3833d04c8cbdd8c1e074671b1d,1080,2026-10-03T11:48:02.815660+07:00,1079.0462520629999,1079.0462520629999,MONITOR,1079.1602202659997,0.9999973819999468,0.2516874320003808,9.299399971496314e-05,DISABLED,on,user_reported,37.010108947753906,55.531890869140625,1011.878671875,123821.0390625,True,True,True,176,0,0,109,178,101,2026-10-03T11:48:02.815737+07:00,1079.0463387670002,0.18579756000008274,OK,,True,2026-10-03T11:48:03.001545+07:00,1079.232143364,0.03296338000018295,OK,,True,825,0.10312500000000001,,2026-10-03T11:48:03.034509+07:00,1079.2651094480002,0.032822324999870034,OK,,True,2092,0.2615,
59fb0b3833d04c8cbdd8c1e074671b1d,1081,2026-10-03T11:48:03.815662+07:00,1080.0462535760003,1080.0462535760003,MONITOR,1080.160221779,1.0000015130003703,0.2517196909998347,9.450700008528656e-05,DISABLED,on,user_reported,37.03116226196289,55.50297546386719,1011.899296875,125091.6171875,True,True,True,176,0,0,109,177,101,2026-10-03T11:48:03.815740+07:00,1080.0463419829998,0.1858091530002639,OK,,True,2026-10-03T11:48:04.001561+07:00,1080.232158932,0.0329781020000155,OK,,True,827,0.10337500000000001,,2026-10-03T11:48:04.034541+07:00,1080.2651402010001,0.032825343999775214,OK,,True,2086,0.26075,
59fb0b3833d04c8cbdd8c1e074671b1d,1082,2026-10-03T11:48:04.815661+07:00,1081.0462531439998,1081.0462531439998,MONITOR,1081.1602213469996,0.9999995679995664,0.25165967300017655,9.407499965163879e-05,DISABLED,on,user_reported,37.04711151123047,55.48612594604492,1011.87046875,123552.125,True,True,True,176,0,0,109,178,101,2026-10-03T11:48:04.815735+07:00,1081.0463369949998,0.1857927090004523,OK,,True,2026-10-03T11:48:05.001538+07:00,1081.232136815,0.032955214000139677,OK,,True,826,0.10325000000000001,,2026-10-03T11:48:05.034495+07:00,1081.2650949550002,0.032811250999657204,OK,,True,2093,0.261625,
59fb0b3833d04c8cbdd8c1e074671b1d,1083,2026-10-03T11:48:05.815659+07:00,1082.0462509530003,1082.0462509530003,MONITOR,1082.160219156,0.9999978090004333,0.267048240999884,9.18840000849741e-05,DISABLED,on,user_reported,37.06114959716797,55.48183059692383,1011.85234375,124181.421875,True,True,True,176,0,0,109,177,101,2026-10-03T11:48:05.815736+07:00,1082.046337749,0.19064658500019505,OK,,True,2026-10-03T11:48:06.006405+07:00,1082.23699876,0.03797240299991245,OK,,True,835,0.104375,,2026-10-03T11:48:06.044392+07:00,1082.2749848480003,0.03828308699985428,OK,,True,2103,0.262875,
59fb0b3833d04c8cbdd8c1e074671b1d,1084,2026-10-03T11:48:06.815683+07:00,1083.046275874,1083.046275874,MONITOR,1083.1602440769998,1.0000249209997492,0.2517639870002313,0.00011680499983413029,DISABLED,on,user_reported,37.07518768310547,55.439022064208984,1011.847734375,123552.125,True,True,True,176,0,0,109,177,101,2026-10-03T11:48:06.815758+07:00,1083.0463595209999,0.18578593200027171,OK,,True,2026-10-03T11:48:07.001554+07:00,1083.232152267,0.033039009000276565,OK,,True,799,0.099875,,2026-10-03T11:48:07.034594+07:00,1083.265194258,0.03283826999995654,OK,,True,2076,0.2595,
59fb0b3833d04c8cbdd8c1e074671b1d,1085,2026-10-03T11:48:07.815653+07:00,1084.0462454980002,1084.0462454980002,MONITOR,1084.160213701,0.9999696240001867,0.2516895439998734,8.642900002087117e-05,DISABLED,on,user_reported,37.09368896484375,55.43539810180664,1011.829921875,123106.515625,True,True,True,176,0,0,109,178,101,2026-10-03T11:48:07.815732+07:00,1084.046333664,0.1858224870002232,OK,,True,2026-10-03T11:48:08.001565+07:00,1084.232163225,0.03295013900014965,OK,,True,811,0.101375,,2026-10-03T11:48:08.034515+07:00,1084.265116383,0.032811398999911034,OK,,True,2077,0.259625,
59fb0b3833d04c8cbdd8c1e074671b1d,1086,2026-10-03T11:48:08.815651+07:00,1085.0462440669999,1085.0462440669999,MONITOR,1085.1602122699996,0.999998568999672,0.2517603030000828,8.49979996928596e-05,DISABLED,on,user_reported,37.10453414916992,55.417781829833984,1011.875,123373.4921875,True,True,True,176,0,0,109,178,101,2026-10-03T11:48:08.815729+07:00,1085.0463303820002,0.1858099679998304,OK,,True,2026-10-03T11:48:09.001550+07:00,1085.2321479060001,0.03301263899993501,OK,,True,811,0.101375,,2026-10-03T11:48:09.034565+07:00,1085.2651648219999,0.032831511000040337,OK,,True,2075,0.259375,
59fb0b3833d04c8cbdd8c1e074671b1d,1087,2026-10-03T11:48:09.815652+07:00,1086.0462446370002,1086.0462446370002,MONITOR,1086.16021284,1.0000005700003385,0.25167513599990343,8.556800003134413e-05,DISABLED,on,user_reported,37.12495040893555,55.38237762451172,1011.846640625,123462.7421875,True,True,True,176,0,0,109,178,101,2026-10-03T11:48:09.815729+07:00,1086.0463311920003,0.18579922799972337,OK,,True,2026-10-03T11:48:10.001539+07:00,1086.232137772,0.03295658300021387,OK,,True,817,0.10212500000000001,,2026-10-03T11:48:10.034496+07:00,1086.2650971520002,0.032816083999932744,OK,,True,2069,0.258625,
59fb0b3833d04c8cbdd8c1e074671b1d,1088,2026-10-03T11:48:10.815656+07:00,1087.0462486699998,1087.0462486699998,MONITOR,1087.1602168729996,1.000004032999641,0.25166461800017714,8.960099967225688e-05,DISABLED,on,user_reported,37.14026641845703,55.35260772705078,1011.857734375,123641.6328125,True,True,True,176,0,0,109,177,101,2026-10-03T11:48:10.815731+07:00,1087.0463323540002,0.18579444999977568,OK,,True,2026-10-03T11:48:11.001535+07:00,1087.2321333600003,0.032957453999642894,OK,,True,794,0.09925,,2026-10-03T11:48:11.034493+07:00,1087.2650939250002,0.03281210299974191,OK,,True,2067,0.258375,
59fb0b3833d04c8cbdd8c1e074671b1d,1089,2026-10-03T11:48:11.815656+07:00,1088.0462486840001,1088.0462486840001,MONITOR,1088.160216887,1.0000000140003067,0.25177067300001,8.961499997894862e-05,DISABLED,on,user_reported,37.15238571166992,55.32877731323242,1011.822734375,123017.78125,True,True,True,176,0,0,109,178,101,2026-10-03T11:48:11.815734+07:00,1088.046335554,0.18582150500014905,OK,,True,2026-10-03T11:48:12.001567+07:00,1088.2321650960002,0.03299923199983823,OK,,True,794,0.09925,,2026-10-03T11:48:12.034567+07:00,1088.265167384,0.03284401000018988,OK,,True,2058,0.25725,
59fb0b3833d04c8cbdd8c1e074671b1d,1090,2026-10-03T11:48:12.815652+07:00,1089.046245569,1089.046245569,MONITOR,1089.1602137719997,0.9999968849997458,0.2517158770001515,8.649999972476508e-05,DISABLED,on,user_reported,37.169612884521484,55.318546295166016,1011.836953125,123373.4921875,True,True,True,176,0,0,109,178,101,2026-10-03T11:48:12.815729+07:00,1089.04633105,0.18580158000031588,OK,,True,2026-10-03T11:48:13.001541+07:00,1089.232139926,0.03297691700026917,OK,,True,798,0.09975,,2026-10-03T11:48:13.034521+07:00,1089.26512038,0.03283343600014632,OK,,True,2063,0.257875,
59fb0b3833d04c8cbdd8c1e074671b1d,1091,2026-10-03T11:48:13.815657+07:00,1090.0462498430002,1090.0462498430002,MONITOR,1090.160218046,1.0000042740002755,0.25182193199998437,9.077400000023772e-05,DISABLED,on,user_reported,37.18875503540039,55.28295135498047,1011.8615625,123373.4921875,True,True,True,176,0,0,109,178,101,2026-10-03T11:48:13.815735+07:00,1090.046336639,0.18580774600013683,OK,,True,2026-10-03T11:48:14.001554+07:00,1090.2321525329999,0.033030454000254394,OK,,True,772,0.0965,,2026-10-03T11:48:14.034587+07:00,1090.265186876,0.032876862000193796,OK,,True,2060,0.2575,
59fb0b3833d04c8cbdd8c1e074671b1d,1092,2026-10-03T11:48:14.815656+07:00,1091.046248321,1091.046248321,MONITOR,1091.1602165239997,0.9999984779997249,0.25170883999999205,8.92519997250929e-05,DISABLED,on,user_reported,37.20661926269531,55.253578186035156,1011.87,123284.375,True,True,True,176,0,0,109,178,101,2026-10-03T11:48:14.815732+07:00,1091.046333413,0.18580395000026328,OK,,True,2026-10-03T11:48:15.001547+07:00,1091.232145604,0.03296654700034196,OK,,True,799,0.099875,,2026-10-03T11:48:15.034515+07:00,1091.265115354,0.032833806999860826,OK,,True,2063,0.257875,
59fb0b3833d04c8cbdd8c1e074671b1d,1093,2026-10-03T11:48:15.815656+07:00,1092.0462493180003,1092.0462493180003,MONITOR,1092.160217521,1.0000009970003703,0.2517189329996654,9.024900009535486e-05,DISABLED,on,user_reported,37.217464447021484,55.248802185058594,1011.88765625,123284.375,True,True,True,176,0,0,109,177,101,2026-10-03T11:48:15.815731+07:00,1092.0463330400003,0.18580076499983988,OK,,True,2026-10-03T11:48:16.001543+07:00,1092.232141119,0.03297445499993046,OK,,True,795,0.099375,,2026-10-03T11:48:16.034520+07:00,1092.2651201479998,0.03283995500032688,OK,,True,2060,0.2575,
59fb0b3833d04c8cbdd8c1e074671b1d,1094,2026-10-03T11:48:16.815659+07:00,1093.046250796,1093.046250796,MONITOR,1093.1602189989999,1.000001477999831,0.25172059999977137,9.17269999263226e-05,DISABLED,on,user_reported,37.23405456542969,55.2320671081543,1011.85296875,123106.515625,True,True,True,176,0,0,109,178,101,2026-10-03T11:48:16.815738+07:00,1093.0463402770001,0.18579604299975472,OK,,True,2026-10-03T11:48:17.001546+07:00,1093.232143653,0.03297445499993046,OK,,True,798,0.09975,,2026-10-03T11:48:17.034522+07:00,1093.265121645,0.0328428430002532,OK,,True,2065,0.258125,
59fb0b3833d04c8cbdd8c1e074671b1d,1095,2026-10-03T11:48:17.815658+07:00,1094.0462509049999,1094.0462509049999,MONITOR,1094.1602191079996,1.0000001089997568,0.25171128400006637,9.183599968309863e-05,DISABLED,on,user_reported,37.25000762939453,55.20882034301758,1011.8446875,122664.109375,True,True,True,176,0,0,109,178,101,2026-10-03T11:48:17.815734+07:00,1094.046335997,0.18580850600028498,OK,,True,2026-10-03T11:48:18.001554+07:00,1094.2321517619998,0.03296106500010865,OK,,True,795,0.099375,,2026-10-03T11:48:18.034517+07:00,1094.2651167530003,0.032837102999565104,OK,,True,2072,0.259,
59fb0b3833d04c8cbdd8c1e074671b1d,1096,2026-10-03T11:48:18.815660+07:00,1095.046251847,1095.046251847,MONITOR,1095.1602200499997,1.0000009420000424,0.25184296900033587,9.277799972551293e-05,DISABLED,on,user_reported,37.264041900634766,55.18528747558594,1011.833203125,122488.0390625,True,True,True,176,0,0,109,177,101,2026-10-03T11:48:18.815737+07:00,1095.046339291,0.18580407999979798,OK,,True,2026-10-03T11:48:19.001553+07:00,1095.232150926,0.03303713900004368,OK,,True,792,0.099,,2026-10-03T11:48:19.034595+07:00,1095.2651932500003,0.03289352899992082,OK,,True,2067,0.258375,
59fb0b3833d04c8cbdd8c1e074671b1d,1097,2026-10-03T11:48:19.815658+07:00,1096.046250548,1096.046250548,MONITOR,1096.1602187509998,0.999998701000095,0.25179287699984343,9.147899982053787e-05,DISABLED,on,user_reported,37.279354095458984,55.16195297241211,1011.885625,123821.0390625,True,True,True,176,0,0,109,177,101,2026-10-03T11:48:19.815733+07:00,1096.0463345110002,0.18581467199965118,OK,,True,2026-10-03T11:48:20.001559+07:00,1096.232156313,0.0329955649999647,OK,,True,794,0.09925,,2026-10-03T11:48:20.034558+07:00,1096.2651562300002,0.03287754699977086,OK,,True,2066,0.25825,
59fb0b3833d04c8cbdd8c1e074671b1d,1098,2026-10-03T11:48:20.815663+07:00,1097.046255583,1097.046255583,MONITOR,1097.1602237859997,1.0000050349999583,0.2517011919999277,9.651399977883557e-05,DISABLED,on,user_reported,37.2946662902832,55.1450309753418,1011.869375,124908.515625,True,True,True,176,0,0,109,177,101,2026-10-03T11:48:20.815740+07:00,1097.046341842,0.18579478299989205,OK,,True,2026-10-03T11:48:21.001544+07:00,1097.2321434770001,0.032967379999718105,OK,,True,793,0.099125,,2026-10-03T11:48:21.034514+07:00,1097.2651145610002,0.03283426999996664,OK,,True,2071,0.258875,
59fb0b3833d04c8cbdd8c1e074671b1d,1099,2026-10-03T11:48:21.815716+07:00,1098.046300692,1098.046300692,MONITOR,1098.1602688949997,1.0000451089999842,0.26265227000021696,0.00014162299976305803,DISABLED,on,user_reported,37.30678939819336,55.108394622802734,1011.85484375,121962.8359375,True,True,True,176,0,0,109,177,101,2026-10-03T11:48:21.815868+07:00,1098.046468339,0.1917492080001466,OK,,True,2026-10-03T11:48:22.007636+07:00,1098.238231881,0.035485623000113264,OK,,True,788,0.0985,,2026-10-03T11:48:22.043133+07:00,1098.2737275959998,0.03520788400010133,OK,,True,2077,0.259625,
59fb0b3833d04c8cbdd8c1e074671b1d,1100,2026-10-03T11:48:22.815727+07:00,1099.046310413,1099.046310413,MONITOR,1099.1602786159997,1.0000097209999694,0.262511196000105,0.00015134399973248946,DISABLED,on,user_reported,37.325294494628906,55.08555221557617,1011.864453125,122488.0390625,True,True,True,176,0,0,109,177,101,2026-10-03T11:48:22.815875+07:00,1099.0464746520001,0.19173254199995426,OK,,True,2026-10-03T11:48:23.007625+07:00,1099.238221083,0.03539378999994369,OK,,True,802,0.10025,,2026-10-03T11:48:23.043026+07:00,1099.2736229470001,0.03518186599967521,OK,,True,2075,0.259375,
59fb0b3833d04c8cbdd8c1e074671b1d,1101,2026-10-03T11:48:23.815726+07:00,1100.0463103739999,1100.0463103739999,MONITOR,1100.1602785769996,0.9999999609999577,0.26263656600031027,0.00015130499969018274,DISABLED,on,user_reported,37.338050842285156,55.05544662475586,1011.81671875,122312.46875,True,True,True,176,0,0,109,178,101,2026-10-03T11:48:23.815872+07:00,1100.046472651,0.19175872699997853,OK,,True,2026-10-03T11:48:24.007651+07:00,1100.2382461370003,0.035413808999692264,OK,,True,806,0.10075,,2026-10-03T11:48:24.043073+07:00,1100.2736690380002,0.03525986599970565,OK,,True,2072,0.259,
59fb0b3833d04c8cbdd8c1e074671b1d,1102,2026-10-03T11:48:24.815722+07:00,1101.0463076320002,1101.0463076320002,MONITOR,1101.160275835,0.9999972580003487,0.2625030119997973,0.00014856300003884826,DISABLED,on,user_reported,37.360382080078125,55.03316879272461,1011.84625,122840.6875,True,True,True,176,0,0,109,177,101,2026-10-03T11:48:24.815869+07:00,1101.0464683720002,0.19176252299985208,OK,,True,2026-10-03T11:48:25.007650+07:00,1101.2382451170001,0.03537303199982489,OK,,True,801,0.100125,,2026-10-03T11:48:25.043030+07:00,1101.273626834,0.035166235999895434,OK,,True,2076,0.2595,
59fb0b3833d04c8cbdd8c1e074671b1d,1103,2026-10-03T11:48:25.815722+07:00,1102.046306224,1102.046306224,MONITOR,1102.1602744269999,0.9999985919998835,0.26268702900006247,0.00014715499992234982,DISABLED,on,user_reported,37.36931610107422,55.02170181274414,1011.853828125,121962.8359375,True,True,True,176,0,0,109,178,101,2026-10-03T11:48:25.815873+07:00,1102.0464731299999,0.19176583800026492,OK,,True,2026-10-03T11:48:26.007658+07:00,1102.238253339,0.035451216000183194,OK,,True,807,0.100875,,2026-10-03T11:48:26.043117+07:00,1102.273713647,0.03526188400019237,OK,,True,2073,0.259125,
59fb0b3833d04c8cbdd8c1e074671b1d,1104,2026-10-03T11:48:26.815670+07:00,1103.0462626679996,1103.0462626679996,MONITOR,1103.1602308709994,0.9999564439995083,0.25182921000032366,0.00010359899897594005,DISABLED,on,user_reported,37.385902404785156,54.99856948852539,1011.867109375,122400.1875,True,True,True,176,0,0,109,177,101,2026-10-03T11:48:26.815747+07:00,1103.046348593,0.18581480300053954,OK,,True,2026-10-03T11:48:27.001574+07:00,1103.2321713770002,0.033073564999540395,OK,,True,791,0.098875,,2026-10-03T11:48:27.034650+07:00,1103.2652491080003,0.032834806999744615,OK,,True,2064,0.258,
59fb0b3833d04c8cbdd8c1e074671b1d,1105,2026-10-03T11:48:27.815655+07:00,1104.0462476300004,1104.0462476300004,MONITOR,1104.1602158330002,0.9999849620007808,0.25177054399955523,8.856099975673715e-05,DISABLED,on,user_reported,37.39611053466797,54.98088455200195,1011.856328125,123284.375,True,True,True,176,0,0,109,177,101,2026-10-03T11:48:27.815755+07:00,1104.0463572040003,0.1858051359995443,OK,,True,2026-10-03T11:48:28.001572+07:00,1104.2321694509997,0.032982269000058295,OK,,True,798,0.09975,,2026-10-03T11:48:28.034557+07:00,1104.2651562750002,0.03285352900002181,OK,,True,2061,0.257625,
59fb0b3833d04c8cbdd8c1e074671b1d,1106,2026-10-03T11:48:28.815654+07:00,1105.046245815,1105.046245815,MONITOR,1105.1602140179998,0.9999981849996402,0.2517727670001477,8.674599939695327e-05,DISABLED,on,user_reported,37.408233642578125,54.94428253173828,1011.84859375,122312.46875,True,True,True,176,0,0,109,177,101,2026-10-03T11:48:28.815732+07:00,1105.0463342220005,0.1858052099996712,OK,,True,2026-10-03T11:48:29.001550+07:00,1105.2321474320001,0.03297819499948673,OK,,True,800,0.1,,2026-10-03T11:48:29.034530+07:00,1105.2651294230004,0.03287984399958077,OK,,True,2069,0.258625,
59fb0b3833d04c8cbdd8c1e074671b1d,1107,2026-10-03T11:48:29.815648+07:00,1106.046240612,1106.046240612,MONITOR,1106.1602088149998,0.9999947969999994,0.2516948219999904,8.154299939633347e-05,DISABLED,on,user_reported,37.422908782958984,54.92727279663086,1011.865859375,121355.7734375,True,True,True,176,0,0,109,178,101,2026-10-03T11:48:29.815724+07:00,1106.046325148,0.18579056199996558,OK,,True,2026-10-03T11:48:30.001526+07:00,1106.2321234320002,0.032975176999570976,OK,,True,809,0.101125,,2026-10-03T11:48:30.034503+07:00,1106.2651024600004,0.03282556699923589,OK,,True,2063,0.257875,
59fb0b3833d04c8cbdd8c1e074671b1d,1108,2026-10-03T11:48:30.815649+07:00,1107.0462420750005,1107.0462420750005,MONITOR,1107.1602102780002,1.0000014630004443,0.25165961899983813,8.300599984067958e-05,DISABLED,on,user_reported,37.43822479248047,54.903961181640625,1011.876875,123284.375,True,True,True,176,0,0,109,177,101,2026-10-03T11:48:30.815722+07:00,1107.0463234450003,0.18579282099926786,OK,,True,2026-10-03T11:48:31.001525+07:00,1107.232123618,0.03295136100041418,OK,,True,797,0.099625,,2026-10-03T11:48:31.034479+07:00,1107.265078942,0.03281504799997492,OK,,True,2071,0.258875,
59fb0b3833d04c8cbdd8c1e074671b1d,1109,2026-10-03T11:48:31.815664+07:00,1108.0462561099998,1108.0462561099998,MONITOR,1108.1602243129996,1.0000140349993671,0.2536880759998894,9.704099920782028e-05,DISABLED,on,user_reported,37.4522590637207,54.88685607910156,1011.844921875,121355.7734375,True,True,True,176,0,0,109,177,101,2026-10-03T11:48:31.815746+07:00,1108.0463481640004,0.18583511099950556,OK,,True,2026-10-03T11:48:32.001593+07:00,1108.2321909790003,0.03473692099942127,OK,,True,797,0.099625,,2026-10-03T11:48:32.036336+07:00,1108.2669334739999,0.033001230000081705,OK,,True,2060,0.2575,
59fb0b3833d04c8cbdd8c1e074671b1d,1110,2026-10-03T11:48:32.817888+07:00,1109.0484755800003,1109.0484755800003,MONITOR,1109.162443783,1.0022194700004547,0.2563359589994434,0.002316510999662569,DISABLED,on,user_reported,37.464378356933594,54.869468688964844,1011.844140625,121788.7734375,True,True,True,176,0,0,109,177,101,2026-10-03T11:48:32.818002+07:00,1109.0486024830002,0.18621229000018502,OK,,True,2026-10-03T11:48:33.004228+07:00,1109.2348250689997,0.035018928000681626,OK,,True,795,0.099375,,2026-10-03T11:48:33.039253+07:00,1109.2698508489998,0.034944875000292086,OK,,True,2029,0.253625,
59fb0b3833d04c8cbdd8c1e074671b1d,1111,2026-10-03T11:48:33.817881+07:00,1110.0484712069997,1110.0484712069997,MONITOR,1110.1624394099995,0.9999956269994072,0.2542881630006377,0.0023121379990698188,DISABLED,on,user_reported,37.47522735595703,54.85829544067383,1011.861796875,123106.515625,True,True,True,176,0,0,109,177,101,2026-10-03T11:48:33.817980+07:00,1110.048580667,0.1861207439997088,OK,,True,2026-10-03T11:48:34.004113+07:00,1110.2347110040005,0.03308508199916105,OK,,True,794,0.09925,,2026-10-03T11:48:34.037208+07:00,1110.267803956,0.03493919199991069,OK,,True,2038,0.25475000000000003,
59fb0b3833d04c8cbdd8c1e074671b1d,1112,2026-10-03T11:48:34.816164+07:00,1111.0467492809998,1111.0467492809998,MONITOR,1111.1607174839996,0.9982780740001544,0.2565221590002693,0.000590211999224266,DISABLED,on,user_reported,37.4950065612793,54.835655212402344,1011.873515625,123106.515625,True,True,True,176,0,0,109,177,101,2026-10-03T11:48:34.816294+07:00,1111.0468932770004,0.18687806099933368,OK,,True,2026-10-03T11:48:35.003184+07:00,1111.2337808750003,0.03543414099931397,OK,,True,795,0.099375,,2026-10-03T11:48:35.038628+07:00,1111.2692232559998,0.03403398099999322,OK,,True,2032,0.254,
59fb0b3833d04c8cbdd8c1e074671b1d,1113,2026-10-03T11:48:35.815748+07:00,1112.0463335770005,1112.0463335770005,MONITOR,1112.1603017800003,0.9995842960006485,0.25470002199926967,0.00017450799987273058,DISABLED,on,user_reported,37.50776672363281,54.79276657104492,1011.846171875,120840.21875,True,True,True,176,0,0,109,177,101,2026-10-03T11:48:35.815873+07:00,1112.0464736279996,0.1860594100007802,OK,,True,2026-10-03T11:48:36.001950+07:00,1112.2325454630004,0.033233395999559434,OK,,True,788,0.0985,,2026-10-03T11:48:36.035188+07:00,1112.2657854330005,0.035234703999776684,OK,,True,2040,0.255,
59fb0b3833d04c8cbdd8c1e074671b1d,1114,2026-10-03T11:48:36.816866+07:00,1113.047456533,1113.047456533,MONITOR,1113.1614247359998,1.0011229559995627,0.26365875499959657,0.001297463999435422,DISABLED,on,user_reported,37.523719787597656,54.795162200927734,1011.858515625,122840.6875,True,True,True,176,0,0,109,177,101,2026-10-03T11:48:36.816953+07:00,1113.0475547700003,0.19010092200005602,OK,,True,2026-10-03T11:48:37.007072+07:00,1113.237666765,0.03989456199997221,OK,,True,789,0.098625,,2026-10-03T11:48:37.046971+07:00,1113.277568567,0.033531609999954526,OK,,True,2036,0.2545,
59fb0b3833d04c8cbdd8c1e074671b1d,1115,2026-10-03T11:48:37.820393+07:00,1114.0509839170004,1114.0509839170004,MONITOR,1114.1649521200002,1.0035273840003356,0.2611751389995334,0.004824847999771009,DISABLED,on,user_reported,37.529457092285156,54.78321838378906,1011.86078125,122752.3359375,True,True,True,176,0,0,109,177,101,2026-10-03T11:48:37.820480+07:00,1114.0510815439998,0.1871215770006529,OK,,True,2026-10-03T11:48:38.007633+07:00,1114.2382226020004,0.03903631100001803,OK,,True,792,0.099,,2026-10-03T11:48:38.046699+07:00,1114.277283375,0.0348593480002819,OK,,True,2030,0.25375000000000003,
59fb0b3833d04c8cbdd8c1e074671b1d,1116,2026-10-03T11:48:38.815736+07:00,1115.0463262440003,1115.0463262440003,MONITOR,1115.160294447,0.9953423269998893,0.2603897479993975,0.00016717499966034666,DISABLED,on,user_reported,37.5479621887207,54.75399398803711,1011.85,120584.078125,True,True,True,176,0,0,109,177,101,2026-10-03T11:48:38.815823+07:00,1115.046424648,0.1860917639996842,OK,,True,2026-10-03T11:48:39.001932+07:00,1115.232526745,0.04022855499988509,OK,,True,797,0.099625,,2026-10-03T11:48:39.042171+07:00,1115.2727652070002,0.03393376700023509,OK,,True,2049,0.256125,
59fb0b3833d04c8cbdd8c1e074671b1d,1117,2026-10-03T11:48:39.815755+07:00,1116.0463390400005,1116.0463390400005,MONITOR,1116.1603072430003,1.0000127960001919,0.2615892769999846,0.0001799709998522303,DISABLED,on,user_reported,37.55498123168945,54.72305679321289,1011.875078125,121615.203125,True,True,True,176,0,0,109,177,101,2026-10-03T11:48:39.815870+07:00,1116.0464717400005,0.18602610699963407,OK,,True,2026-10-03T11:48:40.001913+07:00,1116.2325081989998,0.036060850000467326,OK,,True,801,0.100125,,2026-10-03T11:48:40.037984+07:00,1116.2685775860004,0.03933461999986321,OK,,True,2042,0.25525000000000003,
59fb0b3833d04c8cbdd8c1e074671b1d,1118,2026-10-03T11:48:40.815749+07:00,1117.0463382109997,1117.0463382109997,MONITOR,1117.1603064139995,0.9999991709992173,0.2550945610000781,0.0001791419990695431,DISABLED,on,user_reported,37.571571350097656,54.71914291381836,1011.881640625,119990.625,True,True,True,176,0,0,109,177,101,2026-10-03T11:48:40.815841+07:00,1117.046442671,0.1861158889996659,OK,,True,2026-10-03T11:48:41.001979+07:00,1117.2325717259996,0.03535054100029811,OK,,True,796,0.0995,,2026-10-03T11:48:41.037338+07:00,1117.2679321370001,0.03348187699975824,OK,,True,2045,0.255625,
59fb0b3833d04c8cbdd8c1e074671b1d,1119,2026-10-03T11:48:41.815694+07:00,1118.0462849230003,1118.0462849230003,MONITOR,1118.160253126,0.9999467120005647,0.25395755099998496,0.00012585399963427335,DISABLED,on,user_reported,37.579227447509766,54.6947021484375,1011.8596875,122137.40625,True,True,True,176,0,0,109,177,101,2026-10-03T11:48:41.815778+07:00,1118.0463802170002,0.18614148899996508,OK,,True,2026-10-03T11:48:42.001935+07:00,1118.232530576,0.0333723989997452,OK,,True,805,0.100625,,2026-10-03T11:48:42.035310+07:00,1118.2659084190004,0.03432188899932953,OK,,True,2050,0.25625,
59fb0b3833d04c8cbdd8c1e074671b1d,1120,2026-10-03T11:48:42.815695+07:00,1119.0462854149996,1119.0462854149996,MONITOR,1119.1602536179994,1.0000004919993444,0.25293701800001145,0.00012634599897864973,DISABLED,on,user_reported,37.59198760986328,54.66462326049805,1011.839296875,121528.6015625,True,True,True,176,0,0,109,177,101,2026-10-03T11:48:42.815790+07:00,1119.0463912999999,0.18583132100047806,OK,,True,2026-10-03T11:48:43.001634+07:00,1119.2322305470002,0.03358202399977017,OK,,True,801,0.100125,,2026-10-03T11:48:43.035221+07:00,1119.2658182190003,0.03339182599938795,OK,,True,2061,0.257625,
59fb0b3833d04c8cbdd8c1e074671b1d,1121,2026-10-03T11:48:43.815660+07:00,1120.046251225,1120.046251225,MONITOR,1120.160219428,0.9999658100005036,0.2528739379995386,9.215599948220188e-05,DISABLED,on,user_reported,37.60666275024414,54.660438537597656,1011.84953125,121528.6015625,True,True,True,176,0,0,109,177,101,2026-10-03T11:48:43.815741+07:00,1120.0463427970003,0.18581225399975665,OK,,True,2026-10-03T11:48:44.001566+07:00,1120.2321629029998,0.03379851899990172,OK,,True,804,0.1005,,2026-10-03T11:48:44.035370+07:00,1120.2659667920002,0.0331480200002261,OK,,True,2065,0.258125,
59fb0b3833d04c8cbdd8c1e074671b1d,1122,2026-10-03T11:48:44.815652+07:00,1121.0462444270001,1121.0462444270001,MONITOR,1121.16021263,0.9999932020000415,0.25650033700003405,8.535799952369416e-05,DISABLED,on,user_reported,37.619422912597656,54.64954376220703,1011.863359375,122224.875,True,True,True,176,0,0,109,177,101,2026-10-03T11:48:44.815726+07:00,1121.046328035,0.18649751900011324,OK,,True,2026-10-03T11:48:45.002241+07:00,1121.232835665,0.033869777000290924,OK,,True,793,0.099125,,2026-10-03T11:48:45.036117+07:00,1121.2667136269997,0.03601656299997558,OK,,True,2045,0.255625,
59fb0b3833d04c8cbdd8c1e074671b1d,1123,2026-10-03T11:48:45.815669+07:00,1122.0462596680004,1122.0462596680004,MONITOR,1122.1602278710002,1.0000152410002556,0.25322646599943255,0.00010059899977932218,DISABLED,on,user_reported,37.63154220581055,54.632171630859375,1011.869453125,120669.3359375,True,True,True,176,0,0,109,177,101,2026-10-03T11:48:45.815753+07:00,1122.0463548869998,0.18581993600037094,OK,,True,2026-10-03T11:48:46.001586+07:00,1122.2321830819997,0.033995386000242434,OK,,True,790,0.09875,,2026-10-03T11:48:46.035589+07:00,1122.2661851529997,0.03328527700068662,OK,,True,2061,0.257625,
59fb0b3833d04c8cbdd8c1e074671b1d,1124,2026-10-03T11:48:46.817373+07:00,1123.047960341,1123.047960341,MONITOR,1123.1619285439997,1.0017006729995046,0.2523297810002987,0.0018012719992839266,DISABLED,off,user_reported,37.63983917236328,54.60783386230469,1011.855546875,120840.21875,True,True,True,176,0,0,109,177,101,2026-10-03T11:48:46.817465+07:00,1123.0480664860002,0.1858641640001224,OK,,True,2026-10-03T11:48:47.003343+07:00,1123.2339402430002,0.03347805100020196,OK,,True,792,0.099,,2026-10-03T11:48:47.036826+07:00,1123.267424145,0.032857385000170325,OK,,True,2069,0.258625,
59fb0b3833d04c8cbdd8c1e074671b1d,1125,2026-10-03T11:48:47.815657+07:00,1124.0462489360002,1124.0462489360002,MONITOR,1124.160217139,0.9982885950003038,0.25410049699985393,8.98669995876844e-05,DISABLED,off,user_reported,37.65642547607422,54.5975227355957,1011.882421875,119906.3203125,True,True,True,176,0,0,109,177,101,2026-10-03T11:48:47.815741+07:00,1124.046342434,0.1858448570001201,OK,,True,2026-10-03T11:48:48.001600+07:00,1124.2321963279996,0.03350477399999363,OK,,True,806,0.10075,,2026-10-03T11:48:48.035109+07:00,1124.265706953,0.03462799899989477,OK,,True,2058,0.25725,
